direction,approval_year,brand,generic,applicant,application,approval_date,compilation_review,compilation_accelerated,reconciliation_status,matched_via,master_decision_id,master_flag,openfda_crosscheck,compilation_source
compilation→master,1985,Baros Effervescent,"tartaric acid, sodium bicarbonate",Mallinckrodt,NDA18509,1985-08-07,Standard,N/A,MATCHED,appl NDA18509,D1035,COMPILATION_ONLY,MATCH,https://www.fda.gov/media/177921/download?attachment
compilation→master,1985,Betagan,levobunolol hydrochloride,Allergan,NDA19219,1985-12-19,Standard,N/A,MATCHED,appl NDA19219,D1044,COMPILATION_ONLY,MATCH,https://www.fda.gov/media/177921/download?attachment
compilation→master,1985,Betoptic,betaxolol hydrochloride,Alcon,NDA19270,1985-08-30,Priority,N/A,MATCHED,appl NDA19270,D1036,COMPILATION_ONLY,MATCH_DATE_ONLY,https://www.fda.gov/media/177921/download?attachment
compilation→master,1985,Carnitor,L-carnitine,Sigma-Tau,NDA18948,1985-12-27,Priority,N/A,MATCHED,appl NDA18948,D1052,COMPILATION_ONLY,MATCH_DATE_ONLY,https://www.fda.gov/media/177921/download?attachment
compilation→master,1985,Cefotan,cefotetan disodium,Stuart,NDA50588,1985-12-27,Standard,N/A,MATCHED,appl NDA50588,D1053,COMPILATION_ONLY,MATCH_DATE_ONLY,https://www.fda.gov/media/177921/download?attachment
compilation→master,1985,Cesamet,nabilone,Eli Lilly,NDA18677,1985-12-26,Standard,N/A,MATCHED,appl NDA18677,D1050,COMPILATION_ONLY,MATCH_DATE_ONLY,https://www.fda.gov/media/177921/download?attachment
compilation→master,1985,Cordarone,amiodarone hydrochloride,Ives,NDA18972,1985-12-24,Priority,N/A,MATCHED,appl NDA18972,D1046,COMPILATION_ONLY,MATCH,https://www.fda.gov/media/177921/download?attachment
compilation→master,1985,Cuprid,trientine hydrochloride,Merck Sharp & Dohme,NDA19194,1985-11-08,Priority,N/A,MATCHED,appl NDA19194,D1041,COMPILATION_ONLY,MATCH_VIA_GENERIC,https://www.fda.gov/media/177921/download?attachment
compilation→master,1985,Dormalin,quazepam,Schering,NDA18708,1985-12-27,Standard,N/A,MATCHED,appl NDA18708,D1054,COMPILATION_ONLY,MATCH_VIA_GENERIC,https://www.fda.gov/media/177921/download?attachment
compilation→master,1985,Femstat,butoconazole nitrate,Syntex,NDA19215,1985-11-25,Standard,N/A,MATCHED,appl NDA19215,D1042,COMPILATION_ONLY,NOT_IN_OPENFDA,https://www.fda.gov/media/177921/download?attachment
compilation→master,1985,Fortaz,ceftazidime,Glaxo,NDA50578,1985-07-19,Priority,N/A,MATCHED,appl NDA50578,D1033,COMPILATION_ONLY,MATCH_DATE_ONLY,https://www.fda.gov/media/177921/download?attachment
compilation→master,1985,Hexabrix,"ioxaglate meglumine, ioxaglate sodium",Mallinckrodt,NDA18905,1985-07-26,Standard,N/A,MATCHED,appl NDA18905,D1034,COMPILATION_ONLY,MATCH_DATE_ONLY,https://www.fda.gov/media/177921/download?attachment
compilation→master,1985,Isovue,iopamidol,Squibb,NDA18735,1985-12-31,Standard,N/A,MATCHED,appl NDA18735,D1058,COMPILATION_ONLY,MATCH_DATE_ONLY,https://www.fda.gov/media/177921/download?attachment
compilation→master,1985,Lupron,leuprolide acetate,TAP Pharmaceuticals,NDA19010,1985-04-09,Priority,N/A,MATCHED,appl NDA19010,D1029,COMPILATION_ONLY,MATCH_DATE_ONLY,https://www.fda.gov/media/177921/download?attachment
compilation→master,1985,Marinol,dronabinol,Unimed,NDA18651,1985-05-31,Priority,N/A,MATCHED,appl NDA18651,D1032,COMPILATION_ONLY,MATCH_DATE_ONLY,https://www.fda.gov/media/177921/download?attachment
compilation→master,1985,Mexitil,mexiletine hydrochloride,Boehringer Ingelheim Pharmaceuticals,NDA18873,1985-12-30,Priority,N/A,MATCHED,appl NDA18873,D1056,COMPILATION_ONLY,MATCH,https://www.fda.gov/media/177921/download?attachment
compilation→master,1985,Moctanin,monooctanoin,Ascot Hospital,NDA19368,1985-10-29,Priority,N/A,MATCHED,appl NDA19368,D1039,COMPILATION_ONLY,MATCH_DATE_ONLY,https://www.fda.gov/media/177921/download?attachment
compilation→master,1985,Omnipaque,iohexol,Sterling,NDA18956,1985-12-26,Standard,N/A,MATCHED,appl NDA18956,D1051,COMPILATION_ONLY,MATCH_DATE_ONLY,https://www.fda.gov/media/177921/download?attachment
compilation→master,1985,Primaxin,"cilastatin sodium, imipenem",Merck Sharp & Dohme,NDA50587,1985-11-26,Priority,N/A,MATCHED,appl NDA50587,D1043,COMPILATION_ONLY,MATCH,https://www.fda.gov/media/177921/download?attachment
compilation→master,1985,Protropin,somatrem,Genentech,NDA19107,1985-10-17,Priority,N/A,MATCHED,appl NDA19107,D1038,COMPILATION_ONLY,NOT_IN_OPENFDA,https://www.fda.gov/media/177921/download?attachment
compilation→master,1985,Ridaura,auranofin,SmithKline & French,NDA18689,1985-05-24,Priority,N/A,MATCHED,appl NDA18689,D1031,COMPILATION_ONLY,MATCH_DATE_ONLY,https://www.fda.gov/media/177921/download?attachment
compilation→master,1985,Seldane,terfenadine,Merrell-Dow,NDA18949,1985-05-08,Priority,N/A,MATCHED,appl NDA18949,D1030,COMPILATION_ONLY,NOT_IN_OPENFDA,https://www.fda.gov/media/177921/download?attachment
compilation→master,1985,Sulcosyn,sulconazole nitrate,Syntex,NDA18738,1985-08-30,Standard,N/A,MATCHED,appl NDA18738,D1037,COMPILATION_ONLY,MATCH_VIA_GENERIC,https://www.fda.gov/media/177921/download?attachment
compilation→master,1985,Suprol,suprofen,Ortho,NDA18217,1985-12-24,Standard,N/A,MATCHED,appl NDA18217,D1047,COMPILATION_ONLY,NOT_IN_OPENFDA,https://www.fda.gov/media/177921/download?attachment
compilation→master,1985,Tambocor,flecainide acetate,Riker,NDA18830,1985-10-31,Priority,N/A,MATCHED,appl NDA18830,D1040,COMPILATION_ONLY,MATCH_DATE_ONLY,https://www.fda.gov/media/177921/download?attachment
compilation→master,1985,Temovate,clobetasol propionate,Glaxo,NDA19322;NDA19323,1985-12-27,Standard,N/A,MATCHED,appl NDA19322,D1055,COMPILATION_ONLY,MATCH_DATE_ONLY,https://www.fda.gov/media/177921/download?attachment
compilation→master,1985,Vasotec,enalapril maleate,Merck Sharp & Dohme,NDA18998,1985-12-24,Priority,N/A,MATCHED,appl NDA18998,D1048,COMPILATION_ONLY,MATCH_DATE_ONLY,https://www.fda.gov/media/177921/download?attachment
compilation→master,1985,Versed,midazolam hydrochloride,Hoffmann-La Roche,NDA18654,1985-12-20,Standard,N/A,MATCHED,appl NDA18654,D1045,COMPILATION_ONLY,MATCH_DATE_ONLY,https://www.fda.gov/media/177921/download?attachment
compilation→master,1985,Virazole,ribavirin,Viratek,NDA18859,1985-12-31,Priority,N/A,MATCHED,appl NDA18859,D1059,COMPILATION_ONLY,MATCH_DATE_ONLY,https://www.fda.gov/media/177921/download?attachment
compilation→master,1985,Wellbutrin,bupropion hydrochloride,Burroughs Wellcome,NDA18644,1985-12-30,Priority,N/A,MATCHED,appl NDA18644,D1057,COMPILATION_ONLY,MATCH,https://www.fda.gov/media/177921/download?attachment
compilation→master,1985,[drug marketed without a proprietary name],indium In 111 oxyquinoline,Amersham,NDA19044,1985-12-24,Priority,N/A,MATCHED,appl NDA19044,D1049,COMPILATION_ONLY,MATCH_VIA_GENERIC,https://www.fda.gov/media/177921/download?attachment
compilation→master,1986,Alfenta,alfentanil hydrochloride,Janssen,NDA19353,1986-12-29,Standard,N/A,MATCHED,appl NDA19353,D1075,COMPILATION_ONLY,MATCH_DATE_ONLY,https://www.fda.gov/media/177921/download?attachment
compilation→master,1986,Atrovent,ipratropium bromide,Boehringer Ingelheim Pharmaceuticals,NDA19085,1986-12-29,Priority,N/A,MATCHED,appl NDA19085,D1076,COMPILATION_ONLY,MATCH,https://www.fda.gov/media/177921/download?attachment
compilation→master,1986,Azactam,aztreonam,Squibb,NDA50580,1986-12-31,Priority,N/A,MATCHED,appl NDA50580,D1079,COMPILATION_ONLY,MATCH_DATE_ONLY,https://www.fda.gov/media/177921/download?attachment
compilation→master,1986,Brevibloc,esmolol hydrochloride,DuPont,NDA19386,1986-12-31,Priority,N/A,MATCHED,appl NDA19386,D1080,COMPILATION_ONLY,MATCH_DATE_ONLY,https://www.fda.gov/media/177921/download?attachment
compilation→master,1986,Buspar,buspirone hydrochloride,Bristol-Myers,NDA18731,1986-09-29,Priority,N/A,MATCHED,appl NDA18731,D1065,COMPILATION_ONLY,MATCH,https://www.fda.gov/media/177921/download?attachment
compilation→master,1986,Cibacalcin,calcitonin (human),Ciba-Geigy,NDA18470,1986-10-31,Priority,N/A,MATCHED,appl NDA18470,D1069,COMPILATION_ONLY,MATCH,https://www.fda.gov/media/177921/download?attachment
compilation→master,1986,Cyklokapron,tranexamic acid,KabiVitrum,NDA19280;NDA19281,1986-12-30,Standard,N/A,MATCHED,appl NDA19280,D1077,COMPILATION_ONLY,MATCH,https://www.fda.gov/media/177921/download?attachment
compilation→master,1986,Enkaid,encainide hydrochloride,Bristol-Myers,NDA18981,1986-12-24,Priority,N/A,MATCHED,appl NDA18981,D1074,COMPILATION_ONLY,NOT_IN_OPENFDA,https://www.fda.gov/media/177921/download?attachment
compilation→master,1986,Exirel,pirbuterol acetate,Pfizer,NDA19009,1986-12-30,Standard,N/A,MATCHED,appl NDA19009,D1078,COMPILATION_ONLY,MATCH_VIA_GENERIC,https://www.fda.gov/media/177921/download?attachment
compilation→master,1986,Intron-A,interferon alfa-2b,Schering,BLA103132,1986-06-04,Priority,N/A,MATCHED,appl BLA103132,D1062,COMPILATION_ONLY,MATCH,https://www.fda.gov/media/177921/download?attachment
compilation→master,1986,Lamprene,clofazimine,Ciba-Geigy,NDA19500,1986-12-15,Priority,N/A,MATCHED,appl NDA19500,D1073,COMPILATION_ONLY,MATCH,https://www.fda.gov/media/177921/download?attachment
compilation→master,1986,Nix,permethrin,Burroughs Wellcome,NDA19435,1986-03-31,Priority,N/A,MATCHED,appl NDA19435,D1061,COMPILATION_ONLY,MATCH,https://www.fda.gov/media/177921/download?attachment
compilation→master,1986,Noroxin,norfloxacin,Merck Sharp & Dohme,NDA19384,1986-10-31,Priority,N/A,MATCHED,appl NDA19384,D1070,COMPILATION_ONLY,MATCH,https://www.fda.gov/media/177921/download?attachment
compilation→master,1986,Ocufen,flurbiprofen sodium,Allergan,NDA19404,1986-12-31,Priority,N/A,MATCHED,appl NDA19404,D1081,COMPILATION_ONLY,MATCH,https://www.fda.gov/media/177921/download?attachment
compilation→master,1986,Orthoclone OKT3,muromonab-CD3,Ortho Pharms,BLA103135,1986-06-19,Standard,N/A,MATCHED,appl BLA103135,D1064,COMPILATION_ONLY,NOT_IN_OPENFDA,https://www.fda.gov/media/177921/download?attachment
compilation→master,1986,Orudis,ketoprofen,Wyeth,NDA18754,1986-01-09,Standard,N/A,MATCHED,appl NDA18754,D1060,COMPILATION_ONLY,MATCH,https://www.fda.gov/media/177921/download?attachment
compilation→master,1986,Pepcid,famotidine,Merck Sharp & Dohme,NDA19462,1986-10-15,Standard,N/A,MATCHED,appl NDA19462,D1067,COMPILATION_ONLY,MATCH_DATE_ONLY,https://www.fda.gov/media/177921/download?attachment
compilation→master,1986,Provocholine,methacholine chloride,Hoffmann-La Roche,NDA19193,1986-10-31,Priority,N/A,MATCHED,appl NDA19193,D1071,COMPILATION_ONLY,MATCH_DATE_ONLY,https://www.fda.gov/media/177921/download?attachment
compilation→master,1986,Roferon-A,interferon alfa-2a,Hoffmann-La Roche,BLA103145,1986-06-04,Priority,N/A,MATCHED,appl BLA103145,D1063,COMPILATION_ONLY,NOT_IN_OPENFDA,https://www.fda.gov/media/177921/download?attachment
compilation→master,1986,Technescan Hida,technetium Tc-99m lidofenin,Merck Sharp & Dohme,NDA18489,1986-10-31,Standard,N/A,MATCHED,appl NDA18489,D1072,COMPILATION_ONLY,MATCH_DATE_ONLY,https://www.fda.gov/media/177921/download?attachment
compilation→master,1986,Tegison,etretinate,Hoffmann-La Roche,NDA19369,1986-09-30,Priority,N/A,MATCHED,appl NDA19369,D1066,COMPILATION_ONLY,MATCH,https://www.fda.gov/media/177921/download?attachment
compilation→master,1986,Tenex,guanfacine hydrochloride,Robins,NDA19032,1986-10-27,Standard,N/A,MATCHED,appl NDA19032,D1068,COMPILATION_ONLY,MATCH_DATE_ONLY,https://www.fda.gov/media/177921/download?attachment
compilation→master,1986,Unasyn,"sulbactam sodium, ampicillin sodium",Pfizer,NDA50608,1986-12-31,Standard,N/A,MATCHED,appl NDA50608,D1082,COMPILATION_ONLY,MATCH,https://www.fda.gov/media/177921/download?attachment
compilation→master,1987,Activase,alteplase,Genentech,BLA103172,1987-11-13,Priority,N/A,MATCHED,appl BLA103172,D1089,COMPILATION_ONLY,MATCH,https://www.fda.gov/media/177921/download?attachment
compilation→master,1987,Bactroban,mupirocin,Beecham,NDA50591,1987-12-31,Standard,N/A,MATCHED,appl NDA50591,D1099,COMPILATION_ONLY,MATCH_DATE_ONLY,https://www.fda.gov/media/177921/download?attachment
compilation→master,1987,Cefmax,cefmenoxime hydrochloride,TAP Pharmaceuticals,NDA50571,1987-12-30,Standard,N/A,MATCHED,appl NDA50571,D1097,COMPILATION_ONLY,MATCH,https://www.fda.gov/media/177921/download?attachment
compilation→master,1987,Choletec,technetium Tc-99m mebrofenin,Squibb,NDA18963,1987-01-21,Standard,N/A,MATCHED,appl NDA18963,D1083,COMPILATION_ONLY,MATCH_DATE_ONLY,https://www.fda.gov/media/177921/download?attachment
compilation→master,1987,Cipro,ciprofloxacin hydrochloride,Miles,NDA19537,1987-10-22,Priority,N/A,MATCHED,appl NDA19537,D1088,COMPILATION_ONLY,MATCH,https://www.fda.gov/media/177921/download?attachment
compilation→master,1987,Corotrope,milrinone lactate,Sterling-Winthrop,NDA19436,1987-12-31,Standard,N/A,MATCHED,appl NDA19436,D1100,COMPILATION_ONLY,MATCH_VIA_GENERIC,https://www.fda.gov/media/177921/download?attachment
compilation→master,1987,Deursil,ursodiol,Gipharmex,NDA19594,1987-12-31,Priority,N/A,MATCHED,appl NDA19594,D1101,COMPILATION_ONLY,MATCH_VIA_GENERIC,https://www.fda.gov/media/177921/download?attachment
compilation→master,1987,Elocon,mometasone furoate,Schering,NDA19543,1987-04-30,Standard,N/A,MATCHED,appl NDA19543,D1085,COMPILATION_ONLY,MATCH_DATE_ONLY,https://www.fda.gov/media/177921/download?attachment
compilation→master,1987,Hytrin,terazosin hydrochloride,Abbott Laboratories,NDA19057,1987-08-07,Standard,N/A,MATCHED,appl NDA19057,D1086,COMPILATION_ONLY,MATCH,https://www.fda.gov/media/177921/download?attachment
compilation→master,1987,Iopidine,apraclonidine hydrochloride,Alcon,NDA19779,1987-12-31,Standard,N/A,MATCHED,appl NDA19779,D1102,COMPILATION_ONLY,MATCH_DATE_ONLY,https://www.fda.gov/media/177921/download?attachment
compilation→master,1987,Levatol,penbutolol sulfate,Eli Lilly,NDA18976,1987-12-30,Standard,N/A,MATCHED,appl NDA18976,D1098,COMPILATION_ONLY,MATCH_DATE_ONLY,https://www.fda.gov/media/177921/download?attachment
compilation→master,1987,Mevacor,lovastatin,Merck Sharp & Dohme,NDA19643,1987-08-31,Priority,N/A,MATCHED,appl NDA19643,D1087,COMPILATION_ONLY,MATCH,https://www.fda.gov/media/177921/download?attachment
compilation→master,1987,Novantrone,mitoxantrone hydrochloride,Lederle,NDA19297,1987-12-23,Standard,N/A,MATCHED,appl NDA19297,D1090,COMPILATION_ONLY,MATCH_DATE_ONLY,https://www.fda.gov/media/177921/download?attachment
compilation→master,1987,Parathar,teriparatide acetate,Rorer,NDA19498,1987-12-23,Priority,N/A,MATCHED,appl NDA19498,D1091,COMPILATION_ONLY,NOT_IN_OPENFDA,https://www.fda.gov/media/177921/download?attachment
compilation→master,1987,Prinivil,lisinopril,Merck Sharp & Dohme,NDA19558,1987-12-29,Standard,N/A,MATCHED,appl NDA19558,D1095,COMPILATION_ONLY,MATCH,https://www.fda.gov/media/177921/download?attachment
compilation→master,1987,Prozac,fluoxetine hydrochloride,Eli Lilly,NDA18936,1987-12-29,Priority,N/A,MATCHED,appl NDA18936,D1096,COMPILATION_ONLY,MATCH,https://www.fda.gov/media/177921/download?attachment
compilation→master,1987,Retrovir,zidovudine,Burroughs Wellcome,NDA19655,1987-03-19,Priority,N/A,MATCHED,appl NDA19655,D1084,COMPILATION_ONLY,MATCH_DATE_ONLY,https://www.fda.gov/media/177921/download?attachment
compilation→master,1987,Rimadyl,carprofen,Hoffmann-La Roche,NDA18550,1987-12-31,Standard,N/A,MATCHED,appl NDA18550,D1103,COMPILATION_ONLY,MATCH,https://www.fda.gov/media/177921/download?attachment
compilation→master,1987,Rowasa,mesalamine,Reid-Rowell,NDA19618,1987-12-24,Priority,N/A,MATCHED,appl NDA19618,D1093,COMPILATION_ONLY,MATCH_DATE_ONLY,https://www.fda.gov/media/177921/download?attachment
compilation→master,1987,Spectamine,iofetamine hydrochloride  I 123,Medi-Physics,NDA19432,1987-12-24,Standard,N/A,MATCHED,appl NDA19432,D1094,COMPILATION_ONLY,MATCH_DATE_ONLY,https://www.fda.gov/media/177921/download?attachment
compilation→master,1987,Terazol 7,terconazole,Ortho,NDA19579,1987-12-31,Standard,N/A,MATCHED,appl NDA19579,D1104,COMPILATION_ONLY,MATCH_DATE_ONLY,https://www.fda.gov/media/177921/download?attachment
compilation→master,1987,Ucephan,"sodium phenylacetate, sodium benzoate",Kendall McGaw,NDA19530,1987-12-23,Priority,N/A,MATCHED,appl NDA19530,D1092,COMPILATION_ONLY,MATCH_DATE_ONLY,https://www.fda.gov/media/177921/download?attachment
compilation→master,1988,Axid,nizatidine,Eli Lilly,NDA19508,1988-04-12,Standard,N/A,MATCHED,appl NDA19508,D1106,COMPILATION_ONLY,MATCH_DATE_ONLY,https://www.fda.gov/media/177921/download?attachment
compilation→master,1988,Cardene,nicardipine hydrochloride,Syntex,NDA19488,1988-12-21,Standard,N/A,MATCHED,appl NDA19488,D1112,COMPILATION_ONLY,MATCH_DATE_ONLY,https://www.fda.gov/media/177921/download?attachment
compilation→master,1988,Cartrol,carteolol hydrochloride,Abbott Laboratories,NDA19204,1988-12-28,Standard,N/A,MATCHED,appl NDA19204,D1115,COMPILATION_ONLY,MATCH_DATE_ONLY,https://www.fda.gov/media/177921/download?attachment
compilation→master,1988,Ceradon,cefotiam hydrochloride,Takeda,NDA50601,1988-12-30,Standard,N/A,MATCHED,appl NDA50601,D1118,COMPILATION_ONLY,MATCH,https://www.fda.gov/media/177921/download?attachment
compilation→master,1988,Ceretec,technetium Tc-99m exametazime,Amersham,NDA19829,1988-12-30,Priority,N/A,MATCHED,appl NDA19829,D1119,COMPILATION_ONLY,MATCH,https://www.fda.gov/media/177921/download?attachment
compilation→master,1988,Cytotec,misoprostol,Searle,NDA19268,1988-12-27,Priority,N/A,MATCHED,appl NDA19268,D1114,COMPILATION_ONLY,MATCH,https://www.fda.gov/media/177921/download?attachment
compilation→master,1988,Ethamolin,ethanolamine oleate,Glaxo,NDA19357,1988-12-22,Priority,N/A,MATCHED,appl NDA19357,D1113,COMPILATION_ONLY,MATCH_DATE_ONLY,https://www.fda.gov/media/177921/download?attachment
compilation→master,1988,Hismanal,astemizole,Janssen,NDA19402,1988-12-29,Standard,N/A,MATCHED,appl NDA19402,D1117,COMPILATION_ONLY,NOT_IN_OPENFDA,https://www.fda.gov/media/177921/download?attachment
compilation→master,1988,Ifex,ifosfamide,Bristol-Myers,NDA19763,1988-12-30,Priority,N/A,MATCHED,appl NDA19763,D1120,COMPILATION_ONLY,MISMATCH_DATE,https://www.fda.gov/media/177921/download?attachment
compilation→master,1988,Magnevist,gadopentetate dimeglumine,Berlex,NDA19596,1988-06-02,Priority,N/A,MATCHED,appl NDA19596,D1107,COMPILATION_ONLY,MATCH_DATE_ONLY,https://www.fda.gov/media/177921/download?attachment
compilation→master,1988,Mesnex,mesna,Asta,NDA19884,1988-12-30,Priority,N/A,MATCHED,appl NDA19884,D1121,COMPILATION_ONLY,MATCH_DATE_ONLY,https://www.fda.gov/media/177921/download?attachment
compilation→master,1988,Naftin,naftifine hydrochloride,Herbert Labs,NDA19599,1988-02-29,Standard,N/A,MATCHED,appl NDA19599,D1105,COMPILATION_ONLY,MATCH_DATE_ONLY,https://www.fda.gov/media/177921/download?attachment
compilation→master,1988,Nimotop,nimodipine,Miles,NDA18869,1988-12-28,Priority,N/A,MATCHED,appl NDA18869,D1116,COMPILATION_ONLY,MATCH,https://www.fda.gov/media/177921/download?attachment
compilation→master,1988,Optiray,ioversol,Mallinckrodt,NDA19710,1988-12-30,Standard,N/A,MATCHED,appl NDA19710,D1122,COMPILATION_ONLY,MATCH_DATE_ONLY,https://www.fda.gov/media/177921/download?attachment
compilation→master,1988,Oxistat,oxiconazole nitrate,Glaxo,NDA19828,1988-12-30,Standard,N/A,MATCHED,appl NDA19828,D1123,COMPILATION_ONLY,MATCH_DATE_ONLY,https://www.fda.gov/media/177921/download?attachment
compilation→master,1988,Permax,pergolide mesylate,Eli Lilly,NDA19385,1988-12-30,Priority,N/A,MATCHED,appl NDA19385,D1124,COMPILATION_ONLY,MATCH_DATE_ONLY,https://www.fda.gov/media/177921/download?attachment
compilation→master,1988,Photoplex,"avobenzone, padimate-O",Herbert Labs,NDA19459,1988-09-30,Standard,N/A,MATCHED,appl NDA19459,D1110,COMPILATION_ONLY,NOT_IN_OPENFDA,https://www.fda.gov/media/177921/download?attachment
compilation→master,1988,Sandostatin,octreotide acetate,Sandoz,NDA19667,1988-10-21,Priority,N/A,MATCHED,appl NDA19667,D1111,COMPILATION_ONLY,MATCH,https://www.fda.gov/media/177921/download?attachment
compilation→master,1988,Thiola,tiopronin,Mission Pharmacal,NDA19569,1988-08-11,Priority,N/A,MATCHED,appl NDA19569,D1109,COMPILATION_ONLY,MATCH,https://www.fda.gov/media/177921/download?attachment
compilation→master,1988,Voltaren,diclofenac sodium,Ciba,NDA19201,1988-07-28,Standard,N/A,MATCHED,appl NDA19201,D1108,COMPILATION_ONLY,MATCH,https://www.fda.gov/media/177921/download?attachment
compilation→master,1989,Adenocard,adenosine,Medco,NDA19937,1989-10-30,Priority,N/A,MATCHED,appl NDA19937,D1137,COMPILATION_ONLY,MATCH_DATE_ONLY,https://www.fda.gov/media/177921/download?attachment
compilation→master,1989,Alferon N,interferon alfa-n3,Interferon Sciences,BLA103158,1989-10-10,Standard,N/A,MATCHED,appl BLA103158,D1136,COMPILATION_ONLY,MATCH,https://www.fda.gov/media/177921/download?attachment
compilation→master,1989,Anafranil,clomipramine hydrochloride,Ciba-Geigy,NDA19906,1989-12-29,Priority,N/A,MATCHED,appl NDA19906,D1145,COMPILATION_ONLY,MATCH_DATE_ONLY,https://www.fda.gov/media/177921/download?attachment
compilation→master,1989,Betamet,metipranolol hydrochloride,Bausch & Lomb,NDA19907,1989-12-29,Standard,N/A,MATCHED,appl NDA19907,D1146,COMPILATION_ONLY,MATCH_VIA_GENERIC,https://www.fda.gov/media/177921/download?attachment
compilation→master,1989,Cardiogen-82,rubidium Rb 82 chloride,Bristol-Myers Squibb,NDA19414,1989-12-29,Standard,N/A,MATCHED,appl NDA19414,D1147,COMPILATION_ONLY,MATCH_DATE_ONLY,https://www.fda.gov/media/177921/download?attachment
compilation→master,1989,Cefpiramide,cefpiramide sodium,Wyeth-Ayerst,NDA50633,1989-01-31,Standard,N/A,MATCHED,appl NDA50633,D1126,COMPILATION_ONLY,MATCH,https://www.fda.gov/media/177921/download?attachment
compilation→master,1989,Clozaril,clozapine,Sandoz,NDA19758,1989-09-26,Priority,N/A,MATCHED,appl NDA19758,D1134,COMPILATION_ONLY,MATCH_DATE_ONLY,https://www.fda.gov/media/177921/download?attachment
compilation→master,1989,Cytovene,ganciclovir sodium,Syntex,NDA19661,1989-06-23,Priority,N/A,MATCHED,appl NDA19661,D1132,COMPILATION_ONLY,MATCH_DATE_ONLY,https://www.fda.gov/media/177921/download?attachment
compilation→master,1989,Dalgan,dezocine,Wyeth-Ayerst,NDA19082,1989-12-29,Standard,N/A,MATCHED,appl NDA19082,D1148,COMPILATION_ONLY,NOT_IN_OPENFDA,https://www.fda.gov/media/177921/download?attachment
compilation→master,1989,Decabid,indecainide hydrochloride,Eli Lilly,NDA19693,1989-12-29,Standard,N/A,MATCHED,appl NDA19693,D1149,COMPILATION_ONLY,MATCH,https://www.fda.gov/media/177921/download?attachment
compilation→master,1989,Diprivan,propofol,ICI,NDA19627,1989-10-02,Standard,N/A,MATCHED,appl NDA19627,D1135,COMPILATION_ONLY,MATCH_DATE_ONLY,https://www.fda.gov/media/177921/download?attachment
compilation→master,1989,Eldepryl,selegiline hydrochloride,Somerset,NDA19334,1989-06-05,Priority,N/A,MATCHED,appl NDA19334,D1131,COMPILATION_ONLY,MATCH_VIA_GENERIC,https://www.fda.gov/media/177921/download?attachment
compilation→master,1989,Eminase,anistreplase,Beecham,BLA103273,1989-11-27,Standard,N/A,MATCHED,appl BLA103273,D1138,COMPILATION_ONLY,NOT_IN_OPENFDA,https://www.fda.gov/media/177921/download?attachment
compilation→master,1989,Epogen,epoetin alfa,Amgen,BLA103234,1989-06-01,Standard,N/A,MATCHED,appl BLA103234,D1130,COMPILATION_ONLY,MATCH,https://www.fda.gov/media/177921/download?attachment
compilation→master,1989,Eulexin,flutamide,Schering,NDA18554,1989-01-27,Priority,N/A,MATCHED,appl NDA18554,D1125,COMPILATION_ONLY,MATCH,https://www.fda.gov/media/177921/download?attachment
compilation→master,1989,Lariam,mefloquine hydrochloride,Department of the Army,NDA19578,1989-05-02,Priority,N/A,MATCHED,appl NDA19578,D1129,COMPILATION_ONLY,MATCH_VIA_GENERIC,https://www.fda.gov/media/177921/download?attachment
compilation→master,1989,Losec,omeprazole,Merck Sharp & Dohme,NDA19810,1989-09-14,Priority,N/A,MATCHED,appl NDA19810,D1133,COMPILATION_ONLY,MATCH_DATE_ONLY,https://www.fda.gov/media/177921/download?attachment
compilation→master,1989,Oculinum,botulinum toxin type A,Allergan,BLA103000,1989-12-09,Standard,N/A,MATCHED,appl BLA103000,D1142,COMPILATION_ONLY,MISMATCH_DATE,https://www.fda.gov/media/177921/download?attachment
compilation→master,1989,Ortho Cyclen,"norgestimate, ethinyl estradiol",RW Johnson,NDA19653,1989-12-29,Standard,N/A,MATCHED,appl NDA19653,D1150,COMPILATION_ONLY,MATCH_DATE_ONLY,https://www.fda.gov/media/177921/download?attachment
compilation→master,1989,Osmovist,iotrolan,Berlex,NDA19580,1989-12-07,Standard,N/A,MATCHED,appl NDA19580,D1141,COMPILATION_ONLY,NOT_IN_OPENFDA,https://www.fda.gov/media/177921/download?attachment
compilation→master,1989,Paraplatin,carboplatin,Bristol-Myers,NDA19880,1989-03-03,Priority,N/A,MATCHED,appl NDA19880,D1127,COMPILATION_ONLY,MATCH_DATE_ONLY,https://www.fda.gov/media/177921/download?attachment
compilation→master,1989,Pindac,pinacidil,Eli Lilly,NDA19456,1989-12-28,Standard,N/A,MATCHED,appl NDA19456,D1144,COMPILATION_ONLY,MATCH_DATE_ONLY,https://www.fda.gov/media/177921/download?attachment
compilation→master,1989,Rythmol,propafenone hydrochloride,Knoll,NDA19151,1989-11-27,Standard,N/A,MATCHED,appl NDA19151,D1139,COMPILATION_ONLY,MATCH_DATE_ONLY,https://www.fda.gov/media/177921/download?attachment
compilation→master,1989,Suprax,cefixime,Lederle,NDA50621;NDA50622,1989-04-28,Standard,N/A,MATCHED,appl NDA50621,D1128,COMPILATION_ONLY,MATCH,https://www.fda.gov/media/177921/download?attachment
compilation→master,1989,Toradol,ketorolac tromethamine,Syntex,NDA19698,1989-11-30,Priority,N/A,MATCHED,appl NDA19698,D1140,COMPILATION_ONLY,MATCH,https://www.fda.gov/media/177921/download?attachment
compilation→master,1989,Zefazone,cefmetazole sodium,Upjohn,NDA50637,1989-12-11,Standard,N/A,MATCHED,appl NDA50637,D1143,COMPILATION_ONLY,MATCH,https://www.fda.gov/media/177921/download?attachment
compilation→master,1989,Zoladex,goserelin acetate,ICI,NDA19726,1989-12-29,Standard,N/A,MATCHED,appl NDA19726,D1151,COMPILATION_ONLY,MATCH_DATE_ONLY,https://www.fda.gov/media/177921/download?attachment
compilation→master,1990,Actimmune,interferon gamma-1b,Genentech,BLA103348,1990-12-20,Priority,N/A,MATCHED,appl BLA103348,D1167,COMPILATION_ONLY,NOT_IN_OPENFDA,https://www.fda.gov/media/177921/download?attachment
compilation→master,1990,Adagen,pegademase bovine,Enzon,BLA19818,1990-03-21,Priority,N/A,MATCHED,appl BLA19818,D1154,COMPILATION_ONLY,MATCH_DATE_ONLY,https://www.fda.gov/media/177921/download?attachment
compilation→master,1990,Arduan,pipecuronium bromide,Organon,NDA19638,1990-06-26,Standard,N/A,MATCHED,appl NDA19638,D1158,COMPILATION_ONLY,MATCH,https://www.fda.gov/media/177921/download?attachment
compilation→master,1990,Cardiolite,technetium Tc-99m sestamibi,DuPont,NDA19785,1990-12-21,Standard,N/A,MATCHED,appl NDA19785,D1169,COMPILATION_ONLY,MATCH_DATE_ONLY,https://www.fda.gov/media/177921/download?attachment
compilation→master,1990,Cardiotec,technetium Tc-99m teboroxime,Squibb,NDA19928,1990-12-19,Priority,N/A,MATCHED,appl NDA19928,D1166,COMPILATION_ONLY,MATCH_DATE_ONLY,https://www.fda.gov/media/177921/download?attachment
compilation→master,1990,Cardura,doxazosin mesylate,Pfizer,NDA19668,1990-11-02,Standard,N/A,MATCHED,appl NDA19668,D1162,COMPILATION_ONLY,MATCH_DATE_ONLY,https://www.fda.gov/media/177921/download?attachment
compilation→master,1990,Cutivate,fluticasone propionate,Glaxo,NDA19957,1990-12-14,Standard,N/A,MATCHED,appl NDA19957,D1164,COMPILATION_ONLY,MATCH_DATE_ONLY,https://www.fda.gov/media/177921/download?attachment
compilation→master,1990,Diflucan,fluconazole,Pfizer,NDA19949;NDA19950,1990-01-29,Priority,N/A,MATCHED,appl NDA19949,D1152,COMPILATION_ONLY,MATCH,https://www.fda.gov/media/177921/download?attachment
compilation→master,1990,Dipentum,olsalazine sodium,Pharmacia,NDA19715,1990-07-31,Priority,N/A,MATCHED,appl NDA19715,D1159,COMPILATION_ONLY,MATCH_DATE_ONLY,https://www.fda.gov/media/177921/download?attachment
compilation→master,1990,Dynacirc,isradipine,Sandoz,NDA19546,1990-12-20,Standard,N/A,MATCHED,appl NDA19546,D1168,COMPILATION_ONLY,MATCH_DATE_ONLY,https://www.fda.gov/media/177921/download?attachment
compilation→master,1990,Ergamisol,levamisole hydrochloride,Janssen,NDA20035,1990-06-18,Priority,N/A,MATCHED,appl NDA20035,D1156,COMPILATION_ONLY,MATCH,https://www.fda.gov/media/177921/download?attachment
compilation→master,1990,Ethmozine,moricizine hydrochloride,DuPont,NDA19753,1990-06-19,Priority,N/A,MATCHED,appl NDA19753,D1157,COMPILATION_ONLY,MATCH_DATE_ONLY,https://www.fda.gov/media/177921/download?attachment
compilation→master,1990,Exosurf,"colfosceril palmitate, cetyl alcohol, tyloxapol",Burroughs Wellcome,NDA20044,1990-08-02,Priority,N/A,MATCHED,appl NDA20044,D1160,COMPILATION_ONLY,MATCH,https://www.fda.gov/media/177921/download?attachment
compilation→master,1990,Floxin,ofloxacin,RW Johnson,NDA19735,1990-12-28,Standard,N/A,MATCHED,appl NDA19735,D1172,COMPILATION_ONLY,MATCH_DATE_ONLY,https://www.fda.gov/media/177921/download?attachment
compilation→master,1990,Geref,sermorelin acetate,Serono,NDA19863,1990-12-28,Standard,N/A,MATCHED,appl NDA19863,D1173,COMPILATION_ONLY,MATCH,https://www.fda.gov/media/177921/download?attachment
compilation→master,1990,Hexalen,altretamine,US Bioscience,NDA19926,1990-12-26,Priority,N/A,MATCHED,appl NDA19926,D1170,COMPILATION_ONLY,MATCH_DATE_ONLY,https://www.fda.gov/media/177921/download?attachment
compilation→master,1990,Idamycin,idarubicin hydrochloride,Adria,NDA50661,1990-09-27,Priority,N/A,MATCHED,appl NDA50661,D1161,COMPILATION_ONLY,MATCH_DATE_ONLY,https://www.fda.gov/media/177921/download?attachment
compilation→master,1990,Ornidyl,eflornithine hydrochloride,Marion Merrell Dow,NDA19879,1990-11-28,Priority,N/A,MATCHED,appl NDA19879,D1163,COMPILATION_ONLY,MATCH,https://www.fda.gov/media/177921/download?attachment
compilation→master,1990,ProSom,estazolam,Abbott Laboratories,NDA19080,1990-12-26,Standard,N/A,MATCHED,appl NDA19080,D1171,COMPILATION_ONLY,MATCH,https://www.fda.gov/media/177921/download?attachment
compilation→master,1990,Rev-Eyes,dapiprazole hydrochloride,Angelini,NDA19849,1990-12-31,Priority,N/A,MATCHED,appl NDA19849,D1175,COMPILATION_ONLY,MATCH_VIA_GENERIC,https://www.fda.gov/media/177921/download?attachment
compilation→master,1990,Synarel,nafarelin acetate,Syntex,NDA19886,1990-02-13,Standard,N/A,MATCHED,appl NDA19886,D1153,COMPILATION_ONLY,MATCH_DATE_ONLY,https://www.fda.gov/media/177921/download?attachment
compilation→master,1990,TechneScan MAG3,technetium Tc-99m mertiatide,Mallinckrodt,NDA19882,1990-06-15,Standard,N/A,MATCHED,appl NDA19882,D1155,COMPILATION_ONLY,MATCH_DATE_ONLY,https://www.fda.gov/media/177921/download?attachment
compilation→master,1990,Ultravate,halobetasol propionate,Bristol-Myers Squibb,NDA19968,1990-12-17,Standard,N/A,MATCHED,appl NDA19968,D1165,COMPILATION_ONLY,MATCH_DATE_ONLY,https://www.fda.gov/media/177921/download?attachment
compilation→master,1990,Vascor,bepridil hydrochloride,McNeil Laboratories,NDA19002,1990-12-28,Priority,N/A,MATCHED,appl NDA19002,D1174,COMPILATION_ONLY,MATCH,https://www.fda.gov/media/177921/download?attachment
compilation→master,1991,Accupril,quinapril hydrochloride,Parke-Davis,NDA19885,1991-11-19,Standard,N/A,MATCHED,appl NDA19885,D1198,COMPILATION_ONLY,MATCH,https://www.fda.gov/media/177921/download?attachment
compilation→master,1991,Altace,ramipril,Hoechst-Roussel,NDA19901,1991-01-28,Standard,N/A,MATCHED,appl NDA19901,D1178,COMPILATION_ONLY,MATCH_DATE_ONLY,https://www.fda.gov/media/177921/download?attachment
compilation→master,1991,Aredia,pamidronate disodium,Ciba-Geigy,NDA20036,1991-10-31,Priority,N/A,MATCHED,appl NDA20036,D1193,COMPILATION_ONLY,MATCH,https://www.fda.gov/media/177921/download?attachment
compilation→master,1991,Biaxin,clarithromycin,Abbott Laboratories,NDA50662,1991-10-31,Priority,N/A,MATCHED,appl NDA50662,D1194,COMPILATION_ONLY,MATCH_DATE_ONLY,https://www.fda.gov/media/177921/download?attachment
compilation→master,1991,Cefzil,cefprozil,Bristol-Myers Squibb,NDA50664;NDA50665,1991-12-23,Standard,N/A,MATCHED,appl NDA50664,D1200,COMPILATION_ONLY,MATCH_DATE_ONLY,https://www.fda.gov/media/177921/download?attachment
compilation→master,1991,Ceredase,alglucerase,Genzyme,NDA20057,1991-04-05,Priority,N/A,MATCHED,appl NDA20057,D1184,COMPILATION_ONLY,NOT_IN_OPENFDA,https://www.fda.gov/media/177921/download?attachment
compilation→master,1991,Chemet,succimer,McNeil,NDA19998,1991-01-30,Priority,N/A,MATCHED,appl NDA19998,D1179,COMPILATION_ONLY,MATCH_DATE_ONLY,https://www.fda.gov/media/177921/download?attachment
compilation→master,1991,Fludara,fludarabine phosphate,Berlex,NDA20038,1991-04-18,Priority,N/A,MATCHED,appl NDA20038,D1185,COMPILATION_ONLY,MATCH_DATE_ONLY,https://www.fda.gov/media/177921/download?attachment
compilation→master,1991,Foscavir,foscarnet sodium,Astra,NDA20068,1991-09-27,Priority,N/A,MATCHED,appl NDA20068,D1190,COMPILATION_ONLY,MATCH_DATE_ONLY,https://www.fda.gov/media/177921/download?attachment
compilation→master,1991,Ganite,gallium nitrate,Fujisawa,NDA19961,1991-01-17,Priority,N/A,MATCHED,appl NDA19961,D1177,COMPILATION_ONLY,MATCH_DATE_ONLY,https://www.fda.gov/media/177921/download?attachment
compilation→master,1991,Ismo,isosorbide mononitrate,Wyeth,NDA19091,1991-12-30,Standard,N/A,MATCHED,appl NDA19091,D1204,COMPILATION_ONLY,MATCH_DATE_ONLY,https://www.fda.gov/media/177921/download?attachment
compilation→master,1991,Leukine,sargramostim,Immunex,BLA103362,1991-03-05,Priority,N/A,MATCHED,appl BLA103362,D1182,COMPILATION_ONLY,MATCH_DATE_ONLY,https://www.fda.gov/media/177921/download?attachment
compilation→master,1991,Lodine,etodolac,Wyeth-Ayerst,NDA18922,1991-01-31,Standard,N/A,MATCHED,appl NDA18922,D1180,COMPILATION_ONLY,MATCH,https://www.fda.gov/media/177921/download?attachment
compilation→master,1991,Lorabid,loracarbef,Eli Lilly,NDA50667;NDA50668,1991-12-31,Standard,N/A,MATCHED,appl NDA50667,D1206,COMPILATION_ONLY,MATCH_DATE_ONLY,https://www.fda.gov/media/177921/download?attachment
compilation→master,1991,Lotensin,benazepril hydrochloride,Ciba,NDA19851,1991-06-25,Standard,N/A,MATCHED,appl NDA19851,D1187,COMPILATION_ONLY,MATCH_DATE_ONLY,https://www.fda.gov/media/177921/download?attachment
compilation→master,1991,Monopril,fosinopril sodium,Bristol-Myers Squibb,NDA19915,1991-05-16,Standard,N/A,MATCHED,appl NDA19915,D1186,COMPILATION_ONLY,MATCH,https://www.fda.gov/media/177921/download?attachment
compilation→master,1991,Neupogen,filgrastim,Amgen,BLA103353,1991-02-20,Priority,N/A,MATCHED,appl BLA103353,D1181,COMPILATION_ONLY,MATCH,https://www.fda.gov/media/177921/download?attachment
compilation→master,1991,Nipent,pentostatin,Parke-Davis,NDA20122,1991-10-11,Priority,N/A,MATCHED,appl NDA20122,D1192,COMPILATION_ONLY,MATCH_DATE_ONLY,https://www.fda.gov/media/177921/download?attachment
compilation→master,1991,Nuromax,doxacurium chloride,Burroughs Wellcome,NDA19946,1991-03-07,Standard,N/A,MATCHED,appl NDA19946,D1183,COMPILATION_ONLY,MATCH_DATE_ONLY,https://www.fda.gov/media/177921/download?attachment
compilation→master,1991,Penetrex,enoxacin,Warner-Lambert,NDA19616,1991-12-31,Standard,N/A,MATCHED,appl NDA19616,D1207,COMPILATION_ONLY,MATCH_DATE_ONLY,https://www.fda.gov/media/177921/download?attachment
compilation→master,1991,Plendil,felodipine,Merck Sharp & Dohme,NDA19834,1991-07-25,Standard,N/A,MATCHED,appl NDA19834,D1189,COMPILATION_ONLY,MATCH_DATE_ONLY,https://www.fda.gov/media/177921/download?attachment
compilation→master,1991,Pravachol,pravastatin sodium,Bristol-Myers Squibb,NDA19898,1991-10-31,Standard,N/A,MATCHED,appl NDA19898,D1195,COMPILATION_ONLY,MATCH,https://www.fda.gov/media/177921/download?attachment
compilation→master,1991,Relafen,nabumetone,SmithKline Beecham,NDA19583,1991-12-24,Standard,N/A,MATCHED,appl NDA19583,D1202,COMPILATION_ONLY,MATCH,https://www.fda.gov/media/177921/download?attachment
compilation→master,1991,Romazicon,flumazenil,Roche,NDA20073,1991-12-20,Priority,N/A,MATCHED,appl NDA20073,D1199,COMPILATION_ONLY,MATCH,https://www.fda.gov/media/177921/download?attachment
compilation→master,1991,Supprelin,histrelin acetate,Johnson & Johnson,NDA19836,1991-12-24,Priority,N/A,MATCHED,appl NDA19836,D1203,COMPILATION_ONLY,MATCH_DATE_ONLY,https://www.fda.gov/media/177921/download?attachment
compilation→master,1991,Survanta,beractant,Ross,BLA20032,1991-07-01,Standard,N/A,MATCHED,appl BLA20032,D1188,COMPILATION_ONLY,MATCH_DATE_ONLY,https://www.fda.gov/media/177921/download?attachment
compilation→master,1991,Ticlid,ticlopidine hydrochloride,Syntex,NDA19979,1991-10-31,Priority,N/A,MATCHED,appl NDA19979,D1196,COMPILATION_ONLY,MATCH,https://www.fda.gov/media/177921/download?attachment
compilation→master,1991,Videx,didanosine,Bristol-Myers Squibb,NDA20154;NDA20155;NDA20156,1991-10-09,Priority,N/A,MATCHED,appl NDA20154,D1191,COMPILATION_ONLY,MATCH,https://www.fda.gov/media/177921/download?attachment
compilation→master,1991,Zithromax,azithromycin,Pfizer,NDA50670,1991-11-01,Priority,N/A,MATCHED,appl NDA50670,D1197,COMPILATION_ONLY,MATCH,https://www.fda.gov/media/177921/download?attachment
compilation→master,1991,Zocor,simvastatin,Merck Sharp & Dohme,NDA19766,1991-12-23,Standard,N/A,MATCHED,appl NDA19766,D1201,COMPILATION_ONLY,MATCH_DATE_ONLY,https://www.fda.gov/media/177921/download?attachment
compilation→master,1991,Zofran,ondansetron hydrochloride,Glaxo,NDA20007,1991-01-04,Priority,N/A,MATCHED,appl NDA20007,D1176,COMPILATION_ONLY,MATCH_DATE_ONLY,https://www.fda.gov/media/177921/download?attachment
compilation→master,1991,Zoloft,sertraline hydrochloride,Pfizer,NDA19839,1991-12-30,Standard,N/A,MATCHED,appl NDA19839,D1205,COMPILATION_ONLY,MATCH_DATE_ONLY,https://www.fda.gov/media/177921/download?attachment
compilation→master,1992,Actinex,masoprocol,Block,NDA19940,1992-09-04,Standard,No,MATCHED,appl NDA19940,D1219,COMPILATION_ONLY,MATCH_DATE_ONLY,https://www.fda.gov/media/177921/download?attachment
compilation→master,1992,Ambien,zolpidem tartrate,Lorex,NDA19908,1992-12-16,Standard,No,MATCHED,appl NDA19908,D1227,COMPILATION_ONLY,MATCH_DATE_ONLY,https://www.fda.gov/media/177921/download?attachment
compilation→master,1992,Betapace,sotalol hydrochloride,Bristol-Myers Squibb,NDA19865,1992-10-30,Priority,No,MATCHED,appl NDA19865,D1223,COMPILATION_ONLY,MATCH_DATE_ONLY,https://www.fda.gov/media/177921/download?attachment
compilation→master,1992,Daypro,oxaprozin,Searle,NDA18841,1992-10-29,Standard,No,MATCHED,appl NDA18841,D1222,COMPILATION_ONLY,MATCH,https://www.fda.gov/media/177921/download?attachment
compilation→master,1992,Desogen,"desogestrel, ethinyl estradiol",Organon,NDA20071,1992-12-10,Standard,No,MATCHED,appl NDA20071,D1226,COMPILATION_ONLY,MATCH,https://www.fda.gov/media/177921/download?attachment
compilation→master,1992,Halfan,halofantrine hydrochloride,SmithKline Beecham,NDA20250,1992-07-24,Priority,No,MATCHED,appl NDA20250,D1215,COMPILATION_ONLY,MATCH_DATE_ONLY,https://www.fda.gov/media/177921/download?attachment
compilation→master,1992,Hivid,zalcitabine,Roche,NDA20199,1992-06-19,Priority,Yes,MATCHED,appl NDA20199,D1212,COMPILATION_ONLY,MATCH,https://www.fda.gov/media/177921/download?attachment
compilation→master,1992,Imitrex,sumatriptan succinate,Glaxo,NDA20080,1992-12-28,Priority,No,MATCHED,appl NDA20080,D1229,COMPILATION_ONLY,MATCH,https://www.fda.gov/media/177921/download?attachment
compilation→master,1992,Indiclor,indium In 111 chloride,Amersham,NDA19862,1992-12-29,Standard,No,MATCHED,appl NDA19862,D1230,COMPILATION_ONLY,MATCH,https://www.fda.gov/media/177921/download?attachment
compilation→master,1992,Lamisil,terbinafine hydrochloride,Sandoz,NDA20192,1992-12-30,Standard,No,MATCHED,appl NDA20192,D1234,COMPILATION_ONLY,MATCH,https://www.fda.gov/media/177921/download?attachment
compilation→master,1992,Manoplax,flosequinan,Boots,NDA19960,1992-12-30,Standard,No,MATCHED,appl NDA19960,D1235,COMPILATION_ONLY,NOT_IN_OPENFDA,https://www.fda.gov/media/177921/download?attachment
compilation→master,1992,Maxaquin,lomefloxacin hydrochloride,Searle,NDA20013,1992-02-21,Standard,N/A,MATCHED,appl NDA20013,D1210,COMPILATION_ONLY,MATCH,https://www.fda.gov/media/177921/download?attachment
compilation→master,1992,Mepron,atovaquone,Burroughs Wellcome,NDA20259,1992-11-25,Priority,No,MATCHED,appl NDA20259,D1225,COMPILATION_ONLY,MATCH,https://www.fda.gov/media/177921/download?attachment
compilation→master,1992,Mivacron,mivacurium chloride,Burroughs Wellcome,NDA20098,1992-01-22,Priority,N/A,MATCHED,appl NDA20098,D1208,COMPILATION_ONLY,MATCH_DATE_ONLY,https://www.fda.gov/media/177921/download?attachment
compilation→master,1992,Mycobutin,rifabutin,Adria,NDA50689,1992-12-23,Priority,No,MATCHED,appl NDA50689,D1228,COMPILATION_ONLY,MATCH_DATE_ONLY,https://www.fda.gov/media/177921/download?attachment
compilation→master,1992,Norvasc,amlodipine besylate,Pfizer,NDA19787,1992-07-31,Standard,No,MATCHED,appl NDA19787,D1216,COMPILATION_ONLY,MATCH_DATE_ONLY,https://www.fda.gov/media/177921/download?attachment
compilation→master,1992,Omniflox,temafloxacin hydrochloride,Abbott Laboratories,NDA20043,1992-01-30,Standard,N/A,MATCHED,appl NDA20043,D1209,COMPILATION_ONLY,NOT_IN_OPENFDA,https://www.fda.gov/media/177921/download?attachment
compilation→master,1992,OncoScint,satumomab pendetide,Cytogen,BLA103336,1992-12-29,Standard,No,MATCHED,appl BLA103336,D1231,COMPILATION_ONLY,NOT_IN_OPENFDA,https://www.fda.gov/media/177921/download?attachment
compilation→master,1992,Paxil,paroxetine hydrochloride,SmithKline Beecham,NDA20031,1992-12-29,Standard,No,MATCHED,appl NDA20031,D1232,COMPILATION_ONLY,MATCH_DATE_ONLY,https://www.fda.gov/media/177921/download?attachment
compilation→master,1992,ProHance,gadoteridol,Squibb,NDA20131,1992-11-16,Standard,No,MATCHED,appl NDA20131,D1224,COMPILATION_ONLY,MATCH_DATE_ONLY,https://www.fda.gov/media/177921/download?attachment
compilation→master,1992,Proleukin,aldesleukin,Chiron,BLA103293,1992-05-05,Standard,No,MATCHED,appl BLA103293,D1211,COMPILATION_ONLY,MATCH,https://www.fda.gov/media/177921/download?attachment
compilation→master,1992,Proscar,finasteride,Merck Sharp & Dohme,NDA20180,1992-06-19,Priority,No,MATCHED,appl NDA20180,D1213,COMPILATION_ONLY,MATCH_DATE_ONLY,https://www.fda.gov/media/177921/download?attachment
compilation→master,1992,Sporanox,itraconazole,Janssen,NDA20083,1992-09-11,Priority,No,MATCHED,appl NDA20083,D1220,COMPILATION_ONLY,MATCH,https://www.fda.gov/media/177921/download?attachment
compilation→master,1992,Suprane,desflurane,Anaquest,NDA20118,1992-09-18,Standard,No,MATCHED,appl NDA20118,D1221,COMPILATION_ONLY,MATCH_DATE_ONLY,https://www.fda.gov/media/177921/download?attachment
compilation→master,1992,Taxol,paclitaxel,Bristol-Myers Squibb,NDA20262,1992-12-29,Priority,No,MATCHED,appl NDA20262,D1233,COMPILATION_ONLY,MATCH_DATE_ONLY,https://www.fda.gov/media/177921/download?attachment
compilation→master,1992,Tilade,nedocromil sodium,Fisons,NDA19660,1992-12-30,Standard,No,MATCHED,appl NDA19660,D1236,COMPILATION_ONLY,MATCH_DATE_ONLY,https://www.fda.gov/media/177921/download?attachment
compilation→master,1992,Vantin,cefpodoxime proxetil,Upjohn,NDA50674;NDA50675,1992-08-07,Standard,No,MATCHED,appl NDA50674,D1218,COMPILATION_ONLY,MATCH_DATE_ONLY,https://www.fda.gov/media/177921/download?attachment
compilation→master,1992,Vumon,teniposide,Bristol-Myers Squibb,NDA20119,1992-07-14,Priority,No,MATCHED,appl NDA20119,D1214,COMPILATION_ONLY,MATCH_DATE_ONLY,https://www.fda.gov/media/177921/download?attachment
compilation→master,1992,Zebeta,bisoprolol fumarate,Lederle,NDA19982,1992-07-31,Standard,No,MATCHED,appl NDA19982,D1217,COMPILATION_ONLY,MATCH_DATE_ONLY,https://www.fda.gov/media/177921/download?attachment
compilation→master,1993,Aceon,perindopril erbumine,RW Johnson Pharmaceutical Development,NDA20184,1993-12-30,Standard,No,MATCHED,appl NDA20184,D1259,COMPILATION_ONLY,MATCH_DATE_ONLY,https://www.fda.gov/media/177921/download?attachment
compilation→master,1993,Alomide,lodoxamide tromethamine,Alcon,NDA20191,1993-09-23,Standard,No,MATCHED,appl NDA20191,D1250,COMPILATION_ONLY,MATCH_DATE_ONLY,https://www.fda.gov/media/177921/download?attachment
compilation→master,1993,Betaseron,interferon beta-1b,Chiron,BLA103471,1993-07-23,Priority,Yes,MATCHED,appl BLA103471,D1243,COMPILATION_ONLY,MATCH_DATE_ONLY,https://www.fda.gov/media/177921/download?attachment
compilation→master,1993,Claritin,loratadine,Schering,NDA19658,1993-04-12,Standard,No,MATCHED,appl NDA19658,D1240,COMPILATION_ONLY,MATCH_DATE_ONLY,https://www.fda.gov/media/177921/download?attachment
compilation→master,1993,Cognex,tacrine hydrochloride,Parke-Davis,NDA20070,1993-09-09,Priority,No,MATCHED,appl NDA20070,D1248,COMPILATION_ONLY,MATCH_DATE_ONLY,https://www.fda.gov/media/177921/download?attachment
compilation→master,1993,Demadex,torsemide,Boehringer Mannheim,NDA20136;NDA20137,1993-08-23,Standard,No,MATCHED,appl NDA20136,D1247,COMPILATION_ONLY,MATCH_DATE_ONLY,https://www.fda.gov/media/177921/download?attachment
compilation→master,1993,Dovonex,calcipotriene,Bristol-Myers,NDA20273,1993-12-29,Standard,No,MATCHED,appl NDA20273,D1255,COMPILATION_ONLY,MATCH_DATE_ONLY,https://www.fda.gov/media/177921/download?attachment
compilation→master,1993,Effexor,venlafaxine hydrochloride,Wyeth-Ayerst,NDA20151,1993-12-28,Standard,No,MATCHED,appl NDA20151,D1254,COMPILATION_ONLY,MATCH,https://www.fda.gov/media/177921/download?attachment
compilation→master,1993,Felbatol,felbamate,Wallace,NDA20189,1993-07-29,Priority,No,MATCHED,appl NDA20189,D1244,COMPILATION_ONLY,MATCH_DATE_ONLY,https://www.fda.gov/media/177921/download?attachment
compilation→master,1993,Flumadine,rimantadine hydrochloride,Forest,NDA19649;NDA19650,1993-09-17,Priority,No,MATCHED,appl NDA19649,D1249,COMPILATION_ONLY,MATCH_DATE_ONLY,https://www.fda.gov/media/177921/download?attachment
compilation→master,1993,Imagent GI,perflubron,Alliance,NDA20091,1993-08-13,Priority,No,MATCHED,appl NDA20091,D1246,COMPILATION_ONLY,MATCH,https://www.fda.gov/media/177921/download?attachment
compilation→master,1993,Kytril,granisetron hydrochloride,SmithKline Beecham,NDA20239,1993-12-29,Standard,No,MATCHED,appl NDA20239,D1256,COMPILATION_ONLY,MATCH_DATE_ONLY,https://www.fda.gov/media/177921/download?attachment
compilation→master,1993,Lescol,fluvastatin sodium,Sandoz,NDA20261,1993-12-31,Standard,No,MATCHED,appl NDA20261,D1262,COMPILATION_ONLY,MATCH,https://www.fda.gov/media/177921/download?attachment
compilation→master,1993,Leustatin,cladribine,Johnson & Johnson,NDA20229,1993-02-26,Priority,No,MATCHED,appl NDA20229,D1238,COMPILATION_ONLY,MATCH_DATE_ONLY,https://www.fda.gov/media/177921/download?attachment
compilation→master,1993,Lipidil,fenofibrate,Fournier,NDA19304,1993-12-31,Standard,No,MATCHED,appl NDA19304,D1263,COMPILATION_ONLY,MATCH_DATE_ONLY,https://www.fda.gov/media/177921/download?attachment
compilation→master,1993,Livostin,levocabastine hydrochloride,Iolab,NDA20219,1993-11-10,Priority,No,MATCHED,appl NDA20219,D1252,COMPILATION_ONLY,MATCH_DATE_ONLY,https://www.fda.gov/media/177921/download?attachment
compilation→master,1993,Lovenox,enoxaparin sodium,Rhone-Poulenc Rorer,NDA20164,1993-03-29,Priority,No,MATCHED,appl NDA20164,D1239,COMPILATION_ONLY,MATCH,https://www.fda.gov/media/177921/download?attachment
compilation→master,1993,Metastron,strontium 89 chloride,Medi Physics,NDA20134,1993-06-18,Priority,No,MATCHED,appl NDA20134,D1241,COMPILATION_ONLY,MATCH_DATE_ONLY,https://www.fda.gov/media/177921/download?attachment
compilation→master,1993,Neurontin,gabapentin,Parke-Davis,NDA20235,1993-12-30,Priority,No,MATCHED,appl NDA20235,D1260,COMPILATION_ONLY,MATCH_DATE_ONLY,https://www.fda.gov/media/177921/download?attachment
compilation→master,1993,Neutrexin,trimetrexate glucuronate,US BioScience,NDA20326,1993-12-17,Priority,No,MATCHED,appl NDA20326,D1253,COMPILATION_ONLY,MATCH,https://www.fda.gov/media/177921/download?attachment
compilation→master,1993,Omniscan,gadodiamide,Sterling-Winthrop,NDA20123,1993-01-08,Standard,No,MATCHED,appl NDA20123,D1237,COMPILATION_ONLY,MATCH_DATE_ONLY,https://www.fda.gov/media/177921/download?attachment
compilation→master,1993,Orlaam,levomethadyl acetate hydrochloride,Biometric Res,NDA20315,1993-07-09,Priority,No,MATCHED,appl NDA20315,D1242,COMPILATION_ONLY,MATCH_DATE_ONLY,https://www.fda.gov/media/177921/download?attachment
compilation→master,1993,Propulsid,cisapride monohydrate,Janssen,NDA20210,1993-07-29,Standard,No,MATCHED,appl NDA20210,D1245,COMPILATION_ONLY,MATCH,https://www.fda.gov/media/177921/download?attachment
compilation→master,1993,Pulmozyme,dornase alfa,Genentech,BLA103532,1993-12-30,Priority,No,MATCHED,appl BLA103532,D1261,COMPILATION_ONLY,MATCH,https://www.fda.gov/media/177921/download?attachment
compilation→master,1993,Risperdal,risperidone,Janssen,NDA20272,1993-12-29,Priority,No,MATCHED,appl NDA20272,D1257,COMPILATION_ONLY,MATCH,https://www.fda.gov/media/177921/download?attachment
compilation→master,1993,Trasylol,aprotinin,Miles,BLA20304,1993-12-29,Priority,No,MATCHED,appl BLA20304,D1258,COMPILATION_ONLY,MATCH,https://www.fda.gov/media/177921/download?attachment
compilation→master,1993,Zosyn,"tazobactam sodium, pipercillin sodium",Lederle,NDA50684,1993-10-22,Standard,No,MATCHED,appl NDA50684,D1251,COMPILATION_ONLY,MATCH,https://www.fda.gov/media/177921/download?attachment
compilation→master,1994,Cerezyme,imiglucerase,Genzyme,BLA20367,1994-05-23,Priority,No,MATCHED,appl BLA20367,D1271,COMPILATION_ONLY,MATCH,https://www.fda.gov/media/177921/download?attachment
compilation→master,1994,Cystagon,cysteamine bitartrate,Mylan,NDA20392,1994-08-15,Priority,No,MATCHED,appl NDA20392,D1275,COMPILATION_ONLY,MATCH,https://www.fda.gov/media/177921/download?attachment
compilation→master,1994,Famvir,famciclovir,SmithKline Beecham,NDA20363,1994-06-29,Standard,No,MATCHED,appl NDA20363,D1274,COMPILATION_ONLY,MATCH_DATE_ONLY,https://www.fda.gov/media/177921/download?attachment
compilation→master,1994,Fragmin,dalteparin sodium,Pharmacia,NDA20287,1994-12-22,Standard,No,MATCHED,appl NDA20287,D1280,COMPILATION_ONLY,MATCH_DATE_ONLY,https://www.fda.gov/media/177921/download?attachment
compilation→master,1994,Lamictal,lamotrigine,Burroughs Wellcome,NDA20241,1994-12-27,Priority,No,MATCHED,appl NDA20241,D1284,COMPILATION_ONLY,MATCH,https://www.fda.gov/media/177921/download?attachment
compilation→master,1994,Luvox,fluvoxamine maleate,Solvay,NDA20243,1994-12-05,Standard,No,MATCHED,appl NDA20243,D1278,COMPILATION_ONLY,MATCH,https://www.fda.gov/media/177921/download?attachment
compilation→master,1994,Navelbine,vinorelbine tartrate,Burroughs Wellcome,NDA20388,1994-12-23,Priority,No,MATCHED,appl NDA20388,D1283,COMPILATION_ONLY,MATCH_DATE_ONLY,https://www.fda.gov/media/177921/download?attachment
compilation→master,1994,Neurolite,technetium Tc-99m bicisate,Dupont Merck,NDA20256,1994-11-23,Standard,No,MATCHED,appl NDA20256,D1277,COMPILATION_ONLY,MATCH_DATE_ONLY,https://www.fda.gov/media/177921/download?attachment
compilation→master,1994,Octreoscan,indium In 111 pentetreotide,Mallinckrodt Medical,NDA20314,1994-06-02,Priority,No,MATCHED,appl NDA20314,D1272,COMPILATION_ONLY,MATCH_DATE_ONLY,https://www.fda.gov/media/177921/download?attachment
compilation→master,1994,Oncaspar,pegaspargase,Enzon,BLA103411,1994-02-01,Standard,No,MATCHED,appl BLA103411,D1264,COMPILATION_ONLY,MATCH_DATE_ONLY,https://www.fda.gov/media/177921/download?attachment
compilation→master,1994,Prograf,tacrolimus,Fujisawa,NDA50708;NDA50709,1994-04-08,Priority,No,MATCHED,appl NDA50708,D1270,COMPILATION_ONLY,MATCH,https://www.fda.gov/media/177921/download?attachment
compilation→master,1994,Renormax,spirapril hydrochloride,Sandoz,NDA20240,1994-12-29,Standard,No,MATCHED,appl NDA20240,D1285,COMPILATION_ONLY,NOT_IN_OPENFDA,https://www.fda.gov/media/177921/download?attachment
compilation→master,1994,ReoPro,abciximab,Centocor,BLA103575,1994-12-22,Priority,No,MATCHED,appl BLA103575,D1281,COMPILATION_ONLY,MATCH,https://www.fda.gov/media/177921/download?attachment
compilation→master,1994,Rhinocort,budesonide,GH Besselaar,NDA20233,1994-02-14,Standard,No,MATCHED,appl NDA20233,D1266,COMPILATION_ONLY,MATCH_DATE_ONLY,https://www.fda.gov/media/177921/download?attachment
compilation→master,1994,Semprex-D,"acrivastine, pseudoephedrine hydrochloride",Burroughs Wellcome,NDA19806,1994-03-25,Standard,No,MATCHED,appl NDA19806,D1268,COMPILATION_ONLY,MATCH_DATE_ONLY,https://www.fda.gov/media/177921/download?attachment
compilation→master,1994,Serevent,salmeterol xinafoate,Glaxo,NDA20236,1994-02-04,Priority,No,MATCHED,appl NDA20236,D1265,COMPILATION_ONLY,MATCH,https://www.fda.gov/media/177921/download?attachment
compilation→master,1994,Serzone,nefazodone hydrochloride,Bristol-Myers,NDA20152,1994-12-22,Standard,No,MATCHED,appl NDA20152,D1282,COMPILATION_ONLY,MATCH,https://www.fda.gov/media/177921/download?attachment
compilation→master,1994,Trusopt,dorzolamide hydrochloride,Merck,NDA20408,1994-12-09,Priority,No,MATCHED,appl NDA20408,D1279,COMPILATION_ONLY,MATCH,https://www.fda.gov/media/177921/download?attachment
compilation→master,1994,Vexol,rimexalone,Alcon,NDA20474,1994-12-30,Priority,No,MATCHED,appl NDA20474,D1286,COMPILATION_ONLY,MATCH_DATE_ONLY,https://www.fda.gov/media/177921/download?attachment
compilation→master,1994,Zemuron,rocuronium bromide,Organon,NDA20214,1994-03-17,Standard,No,MATCHED,appl NDA20214,D1267,COMPILATION_ONLY,MATCH,https://www.fda.gov/media/177921/download?attachment
compilation→master,1994,Zerit,stavudine,Bristol-Myers Squibb,NDA20412,1994-06-24,Priority,Yes,MATCHED,appl NDA20412,D1273,COMPILATION_ONLY,MATCH,https://www.fda.gov/media/177921/download?attachment
compilation→master,1994,[drug marketed without a proprietary name],iobenguane sulfate I 131,CIS US,NDA20084,1994-03-25,Priority,No,MATCHED,appl NDA20084,D1269,COMPILATION_ONLY,MATCH_VIA_GENERIC,https://www.fda.gov/media/177921/download?attachment
compilation→master,1994,[drug marketed without a proprietary name],fludeoxyglucose F 18,Downstate Clinical Center,NDA20306,1994-08-19,Priority,No,MATCHED,appl NDA20306,D1276,COMPILATION_ONLY,MATCH_VIA_GENERIC,https://www.fda.gov/media/177921/download?attachment
compilation→master,1995,Amaryl,glimepiride,Hoechst-Roussel,NDA20496,1995-11-30,Standard,No,MATCHED,appl NDA20496,D1307,COMPILATION_ONLY,MATCH,https://www.fda.gov/media/177921/download?attachment
compilation→master,1995,Arimidex,anastrozole,Zeneca,NDA20541,1995-12-27,Standard,No,MATCHED,appl NDA20541,D1314,COMPILATION_ONLY,MATCH_DATE_ONLY,https://www.fda.gov/media/177921/download?attachment
compilation→master,1995,Azelex,azelaic acid,Allergan,NDA20428,1995-09-13,Standard,No,MATCHED,appl NDA20428,D1300,COMPILATION_ONLY,MATCH_DATE_ONLY,https://www.fda.gov/media/177921/download?attachment
compilation→master,1995,Casodex,bicalutamide,Zeneca,NDA20498,1995-10-04,Standard,Yes,MATCHED,appl NDA20498,D1305,COMPILATION_ONLY,MATCH_DATE_ONLY,https://www.fda.gov/media/177921/download?attachment
compilation→master,1995,Cedax,ceftibuten,Schering Plough,NDA50685;NDA50686,1995-12-20,Standard,No,MATCHED,appl NDA50685,D1312,COMPILATION_ONLY,MATCH_DATE_ONLY,https://www.fda.gov/media/177921/download?attachment
compilation→master,1995,Cellcept,mycophenolate mofetil,Syntex,NDA50722,1995-05-03,Priority,No,MATCHED,appl NDA50722,D1293,COMPILATION_ONLY,MATCH,https://www.fda.gov/media/177921/download?attachment
compilation→master,1995,Coreg,carvedilol,SmithKline Beecham,NDA20297,1995-09-14,Standard,No,MATCHED,appl NDA20297,D1301,COMPILATION_ONLY,MATCH_DATE_ONLY,https://www.fda.gov/media/177921/download?attachment
compilation→master,1995,Corvert,ibutilide fumurate,Upjohn,NDA20491,1995-12-28,Standard,No,MATCHED,appl NDA20491,D1316,COMPILATION_ONLY,MATCH_DATE_ONLY,https://www.fda.gov/media/177921/download?attachment
compilation→master,1995,Cozaar,losartan potassium,Merck,NDA20386,1995-04-14,Standard,No,MATCHED,appl NDA20386,D1290,COMPILATION_ONLY,MATCH_DATE_ONLY,https://www.fda.gov/media/177921/download?attachment
compilation→master,1995,Dynabac,dirithromycin,Lilly,NDA50678,1995-06-19,Standard,No,MATCHED,appl NDA50678,D1298,COMPILATION_ONLY,MATCH,https://www.fda.gov/media/177921/download?attachment
compilation→master,1995,Epivir,lamivudine,Glaxo Wellcome,NDA20564;NDA20596,1995-11-17,Priority,Yes,MATCHED,appl NDA20564,D1306,COMPILATION_ONLY,MATCH_DATE_ONLY,https://www.fda.gov/media/177921/download?attachment
compilation→master,1995,Eprex,epoetin alfa,Johnson & Johnson,BLA103310,1995-09-29,Priority,No,MATCHED,appl BLA103310,D1303,COMPILATION_ONLY,NOT_IN_OPENFDA,https://www.fda.gov/media/177921/download?attachment
compilation→master,1995,Ethyol,amifostine,US Bioscience,NDA20221,1995-12-08,Priority,No,MATCHED,appl NDA20221,D1309,COMPILATION_ONLY,MATCH_DATE_ONLY,https://www.fda.gov/media/177921/download?attachment
compilation→master,1995,Flolan,epoprostenol sodium,Burroughs Wellcome,NDA20444,1995-09-20,Priority,No,MATCHED,appl NDA20444,D1302,COMPILATION_ONLY,MATCH,https://www.fda.gov/media/177921/download?attachment
compilation→master,1995,Fosamax,alendronate sodium,Merck,NDA20560,1995-09-29,Priority,No,MATCHED,appl NDA20560,D1304,COMPILATION_ONLY,MATCH_DATE_ONLY,https://www.fda.gov/media/177921/download?attachment
compilation→master,1995,Glucophage,metformin hydrochloride,Lipha,NDA20357,1995-03-03,Priority,No,MATCHED,appl NDA20357,D1288,COMPILATION_ONLY,MATCH_DATE_ONLY,https://www.fda.gov/media/177921/download?attachment
compilation→master,1995,Invirase,saquinavir,Roche,NDA20628,1995-12-06,Priority,Yes,MATCHED,appl NDA20628,D1308,COMPILATION_ONLY,MATCH,https://www.fda.gov/media/177921/download?attachment
compilation→master,1995,Oxilan,ioxilan,Cook Imaging,NDA20316,1995-12-21,Standard,No,MATCHED,appl NDA20316,D1313,COMPILATION_ONLY,MATCH_DATE_ONLY,https://www.fda.gov/media/177921/download?attachment
compilation→master,1995,Photofrin,porfimer sodium,QLT Phototherapeutics,NDA20451,1995-12-27,Priority,No,MATCHED,appl NDA20451,D1315,COMPILATION_ONLY,MATCH_DATE_ONLY,https://www.fda.gov/media/177921/download?attachment
compilation→master,1995,Precose,acarbose,Bayer,NDA20482,1995-09-06,Standard,No,MATCHED,appl NDA20482,D1299,COMPILATION_ONLY,MATCH,https://www.fda.gov/media/177921/download?attachment
compilation→master,1995,Prevacid,lansoprazole,TAP Holdings,NDA20406,1995-05-10,Standard,No,MATCHED,appl NDA20406,D1294,COMPILATION_ONLY,MATCH,https://www.fda.gov/media/177921/download?attachment
compilation→master,1995,Revex,nalmefene hydrochloride,Ohmeda,NDA20459,1995-04-17,Standard,No,MATCHED,appl NDA20459,D1291,COMPILATION_ONLY,MATCH_DATE_ONLY,https://www.fda.gov/media/177921/download?attachment
compilation→master,1995,Rilutek,riluzole,Rhone-Poulenc,NDA20599,1995-12-12,Priority,No,MATCHED,appl NDA20599,D1311,COMPILATION_ONLY,MATCH_DATE_ONLY,https://www.fda.gov/media/177921/download?attachment
compilation→master,1995,Sular,nisoldipine,Miles,NDA20356,1995-02-02,Standard,No,MATCHED,appl NDA20356,D1287,COMPILATION_ONLY,MATCH_DATE_ONLY,https://www.fda.gov/media/177921/download?attachment
compilation→master,1995,Ultane,sevoflurane,Abbott Laboratories,NDA20478,1995-06-07,Standard,No,MATCHED,appl NDA20478,D1297,COMPILATION_ONLY,MATCH_DATE_ONLY,https://www.fda.gov/media/177921/download?attachment
compilation→master,1995,Ultram,tramadol hydrochloride,RW Johnson,NDA20281,1995-03-03,Standard,No,MATCHED,appl NDA20281,D1289,COMPILATION_ONLY,MATCH_DATE_ONLY,https://www.fda.gov/media/177921/download?attachment
compilation→master,1995,Ultravist,iopromide,Berlex Laboratories,NDA20220,1995-05-10,Standard,No,MATCHED,appl NDA20220,D1295,COMPILATION_ONLY,MATCH_DATE_ONLY,https://www.fda.gov/media/177921/download?attachment
compilation→master,1995,Univasc,moexipril hydrochloride,Schwarz Pharma,NDA20312,1995-04-19,Standard,No,MATCHED,appl NDA20312,D1292,COMPILATION_ONLY,MATCH,https://www.fda.gov/media/177921/download?attachment
compilation→master,1995,Zinecard,dexrazoxane,Pharmacia,NDA20212,1995-05-26,Priority,Yes,MATCHED,appl NDA20212,D1296,COMPILATION_ONLY,MATCH_DATE_ONLY,https://www.fda.gov/media/177921/download?attachment
compilation→master,1995,Zyrtec,cetirizine,Pfizer,NDA19835,1995-12-08,Standard,No,MATCHED,appl NDA19835,D1310,COMPILATION_ONLY,MATCH_DATE_ONLY,https://www.fda.gov/media/177921/download?attachment
compilation→master,1996,Accolate,zafirlukast,Zeneca,NDA20547,1996-09-26,Standard,No,MATCHED,appl NDA20547,D1352,COMPILATION_ONLY,MATCH_DATE_ONLY,https://www.fda.gov/media/177921/download?attachment
compilation→master,1996,Acthrel,corticorelin ovine triflutate,Ferring Pharmaceuticals,BLA20162,1996-05-23,Priority,No,MATCHED,appl BLA20162,D1327,COMPILATION_ONLY,MATCH,https://www.fda.gov/media/177921/download?attachment
compilation→master,1996,Albenza,albendazole,SmithKline Beecham,NDA20666,1996-06-11,Priority,No,MATCHED,appl NDA20666,D1331,COMPILATION_ONLY,MATCH_DATE_ONLY,https://www.fda.gov/media/177921/download?attachment
compilation→master,1996,Allegra,fexofenadine hydrochloride,Hoechst Marion Roussel,NDA20625,1996-07-25,Standard,No,MATCHED,appl NDA20625,D1341,COMPILATION_ONLY,MATCH,https://www.fda.gov/media/177921/download?attachment
compilation→master,1996,Alphagan,brimonidine tartrate,Allergan,NDA20613,1996-09-06,Standard,No,MATCHED,appl NDA20613,D1346,COMPILATION_ONLY,MATCH,https://www.fda.gov/media/177921/download?attachment
compilation→master,1996,Aphthasol,amlexanox,Block Drug,NDA20511,1996-12-17,Priority,No,MATCHED,appl NDA20511,D1365,COMPILATION_ONLY,MATCH_DATE_ONLY,https://www.fda.gov/media/177921/download?attachment
compilation→master,1996,Aricept,donepezil hydrochloride,Eisai,NDA20690,1996-11-25,Priority,No,MATCHED,appl NDA20690,D1361,COMPILATION_ONLY,MATCH,https://www.fda.gov/media/177921/download?attachment
compilation→master,1996,Astelin,azelastine hydrochloride,Wallace Lab,NDA20114,1996-11-01,Standard,No,MATCHED,appl NDA20114,D1359,COMPILATION_ONLY,MATCH_DATE_ONLY,https://www.fda.gov/media/177921/download?attachment
compilation→master,1996,Avonex,interferon beta-1a,Biogen,BLA103628,1996-05-17,Priority,No,MATCHED,appl BLA103628,D1326,COMPILATION_ONLY,MATCH,https://www.fda.gov/media/177921/download?attachment
compilation→master,1996,Buphenyl,sodium phenylbutyrate,Ucyclyd,NDA20573,1996-04-30,Priority,No,MATCHED,appl NDA20573,D1323,COMPILATION_ONLY,MATCH_DATE_ONLY,https://www.fda.gov/media/177921/download?attachment
compilation→master,1996,CEA-Scan,arcitumomab,Immunomedics,BLA103425,1996-06-28,Standard,No,MATCHED,appl BLA103425,D1338,COMPILATION_ONLY,NOT_IN_OPENFDA,https://www.fda.gov/media/177921/download?attachment
compilation→master,1996,Camptosar,irinotecan hydrochloride,Pharmacia and Upjohn,NDA20571,1996-06-14,Priority,Yes,MATCHED,appl NDA20571,D1332,COMPILATION_ONLY,MATCH_DATE_ONLY,https://www.fda.gov/media/177921/download?attachment
compilation→master,1996,Cerebyx,fosphenytoin sodium,Parke-Davis,NDA20450,1996-08-05,Standard,No,MATCHED,appl NDA20450,D1342,COMPILATION_ONLY,MATCH,https://www.fda.gov/media/177921/download?attachment
compilation→master,1996,Copaxone,glatiramer acetate,Teva,NDA20622,1996-12-20,Standard,No,MATCHED,appl NDA20622,D1371,COMPILATION_ONLY,MATCH,https://www.fda.gov/media/177921/download?attachment
compilation→master,1996,Crixivan,indinavir sulfate,Merck,NDA20685,1996-03-13,Priority,Yes,MATCHED,appl NDA20685,D1320,COMPILATION_ONLY,MATCH,https://www.fda.gov/media/177921/download?attachment
compilation→master,1996,Cystadane,betaine anhydrous,Orphan Medical,NDA20576,1996-10-25,Priority,No,MATCHED,appl NDA20576,D1356,COMPILATION_ONLY,MATCH_DATE_ONLY,https://www.fda.gov/media/177921/download?attachment
compilation→master,1996,Denavir,penciclovir,SmithKline Beecham,NDA20629,1996-09-24,Standard,No,MATCHED,appl NDA20629,D1350,COMPILATION_ONLY,MATCH_DATE_ONLY,https://www.fda.gov/media/177921/download?attachment
compilation→master,1996,Differin,adapalene,Galderma,NDA20338;NDA20380,1996-05-31,Standard,No,MATCHED,appl NDA20338,D1329,COMPILATION_ONLY,MATCH,https://www.fda.gov/media/177921/download?attachment
compilation→master,1996,Diovan,valsartan,Ciba-Geigy,NDA20665,1996-12-23,Standard,No,MATCHED,appl NDA20665,D1372,COMPILATION_ONLY,MATCH,https://www.fda.gov/media/177921/download?attachment
compilation→master,1996,Dostinex,cabergoline,Pharmacia and Upjohn,NDA20664,1996-12-23,Standard,No,MATCHED,appl NDA20664,D1373,COMPILATION_ONLY,MATCH_DATE_ONLY,https://www.fda.gov/media/177921/download?attachment
compilation→master,1996,Elmiron,pentosan polysulfate sodium,Baker Norton,NDA20193,1996-09-26,Standard,No,MATCHED,appl NDA20193,D1353,COMPILATION_ONLY,MATCH_DATE_ONLY,https://www.fda.gov/media/177921/download?attachment
compilation→master,1996,Feridex,ferumoxides,Advanced Magnetics,NDA20416,1996-08-30,Standard,No,MATCHED,appl NDA20416,D1345,COMPILATION_ONLY,MATCH,https://www.fda.gov/media/177921/download?attachment
compilation→master,1996,Gastromark,ferumoxsil,Advanced Magnetics,NDA20410,1996-12-06,Standard,No,MATCHED,appl NDA20410,D1363,COMPILATION_ONLY,MATCH,https://www.fda.gov/media/177921/download?attachment
compilation→master,1996,Gemzar,gemcitabine hydrochloride,Lilly,NDA20509,1996-05-15,Priority,No,MATCHED,appl NDA20509,D1325,COMPILATION_ONLY,MATCH,https://www.fda.gov/media/177921/download?attachment
compilation→master,1996,Glyset,miglitol,Bayer,NDA20682,1996-12-18,Standard,No,MATCHED,appl NDA20682,D1367,COMPILATION_ONLY,MATCH_DATE_ONLY,https://www.fda.gov/media/177921/download?attachment
compilation→master,1996,Humalog,lispro insulin,Lilly,BLA20563,1996-06-14,Standard,No,MATCHED,appl BLA20563,D1333,COMPILATION_ONLY,MATCH,https://www.fda.gov/media/177921/download?attachment
compilation→master,1996,Hycamtin,topotecan hydrochloride,SmithKline Beecham,NDA20671,1996-05-28,Priority,No,MATCHED,appl NDA20671,D1328,COMPILATION_ONLY,MATCH_DATE_ONLY,https://www.fda.gov/media/177921/download?attachment
compilation→master,1996,Ivy Block,bentoquatam,Enviroderm,NDA20532,1996-08-26,Priority,No,MATCHED,appl NDA20532,D1344,COMPILATION_ONLY,MATCH_DATE_ONLY,https://www.fda.gov/media/177921/download?attachment
compilation→master,1996,Lipitor,atorvastatin calcium,Parke-Davis,NDA20702,1996-12-17,Priority,No,MATCHED,appl NDA20702,D1366,COMPILATION_ONLY,MATCH_DATE_ONLY,https://www.fda.gov/media/177921/download?attachment
compilation→master,1996,Mavik,trandolapril,Knoll,NDA20528,1996-04-26,Standard,No,MATCHED,appl NDA20528,D1322,COMPILATION_ONLY,MATCH_DATE_ONLY,https://www.fda.gov/media/177921/download?attachment
compilation→master,1996,Maxipime,cefepime hydrochloride,Bristol-Myers Squibb,NDA50679,1996-01-18,Standard,No,MATCHED,appl NDA50679,D1317,COMPILATION_ONLY,MATCH_DATE_ONLY,https://www.fda.gov/media/177921/download?attachment
compilation→master,1996,Mentax,butenafine hydrochloride,Penederm,NDA20524,1996-10-18,Standard,No,MATCHED,appl NDA20524,D1355,COMPILATION_ONLY,MATCH_DATE_ONLY,https://www.fda.gov/media/177921/download?attachment
compilation→master,1996,Meretek UBT,13 C Urea,Meretek,NDA20586,1996-09-17,Standard,No,MATCHED,appl NDA20586,D1348,COMPILATION_ONLY,MATCH_DATE_ONLY,https://www.fda.gov/media/177921/download?attachment
compilation→master,1996,Merrem,meropenem,Zeneca,NDA50706,1996-06-21,Standard,No,MATCHED,appl NDA50706,D1335,COMPILATION_ONLY,MATCH_DATE_ONLY,https://www.fda.gov/media/177921/download?attachment
compilation→master,1996,Monurol,fosfomycin tromethamine,Zambon,NDA50717,1996-12-19,Standard,No,MATCHED,appl NDA50717,D1369,COMPILATION_ONLY,MATCH,https://www.fda.gov/media/177921/download?attachment
compilation→master,1996,Myoscint,imciromab pentetate,Centocor,BLA103634,1996-07-03,Priority,No,MATCHED,appl BLA103634,D1339,COMPILATION_ONLY,MATCH,https://www.fda.gov/media/177921/download?attachment
compilation→master,1996,Myoview,technetium Tc-99m tetrofosmin,Medi Physics,NDA20372,1996-02-09,Standard,No,MATCHED,appl NDA20372,D1318,COMPILATION_ONLY,MATCH,https://www.fda.gov/media/177921/download?attachment
compilation→master,1996,Naropin,ropivacaine hydrochloride monohydrate,Astra,NDA20533,1996-09-24,Standard,No,MATCHED,appl NDA20533,D1351,COMPILATION_ONLY,MATCH_DATE_ONLY,https://www.fda.gov/media/177921/download?attachment
compilation→master,1996,Nilandron,nilutamide,Roussel UCLAF,NDA20169,1996-09-19,Standard,No,MATCHED,appl NDA20169,D1349,COMPILATION_ONLY,MATCH_DATE_ONLY,https://www.fda.gov/media/177921/download?attachment
compilation→master,1996,Norvir,ritonavir,Abbott Laboratories,NDA20659;NDA20680,1996-03-01,Priority,Yes,MATCHED,appl NDA20659,D1319,COMPILATION_ONLY,MATCH_DATE_ONLY,https://www.fda.gov/media/177921/download?attachment
compilation→master,1996,Orgaran,danaparoid sodium,Organon,NDA20430,1996-12-24,Standard,No,MATCHED,appl NDA20430,D1374,COMPILATION_ONLY,MATCH_DATE_ONLY,https://www.fda.gov/media/177921/download?attachment
compilation→master,1996,Patanol,olopatadine hydrochloride,Alcon,NDA20688,1996-12-18,Standard,No,MATCHED,appl NDA20688,D1368,COMPILATION_ONLY,MATCH_VIA_GENERIC,https://www.fda.gov/media/177921/download?attachment
compilation→master,1996,ProAmatine,midodrine hydrochloride,Roberts,NDA19815,1996-09-06,Priority,Yes,MATCHED,appl NDA19815,D1347,COMPILATION_ONLY,MATCH_DATE_ONLY,https://www.fda.gov/media/177921/download?attachment
compilation→master,1996,ProstaScint,capromab pendetide,Cytogen,BLA103608,1996-10-28,Priority,No,MATCHED,appl BLA103608,D1357,COMPILATION_ONLY,MATCH,https://www.fda.gov/media/177921/download?attachment
compilation→master,1996,Remeron,mirtazapine,Organon,NDA20415,1996-06-14,Standard,No,MATCHED,appl NDA20415,D1334,COMPILATION_ONLY,MATCH,https://www.fda.gov/media/177921/download?attachment
compilation→master,1996,Retavase,reteplase,Boehringer Mannheim,BLA103632,1996-10-30,Standard,No,MATCHED,appl BLA103632,D1358,COMPILATION_ONLY,NOT_IN_OPENFDA,https://www.fda.gov/media/177921/download?attachment
compilation→master,1996,Stromectol,ivermectin,Merck,NDA50742,1996-11-22,Priority,No,MATCHED,appl NDA50742,D1360,COMPILATION_ONLY,MATCH,https://www.fda.gov/media/177921/download?attachment
compilation→master,1996,Taxotere,docetaxel,Rhone-Poulenc,NDA20449,1996-05-14,Priority,Yes,MATCHED,appl NDA20449,D1324,COMPILATION_ONLY,MATCH,https://www.fda.gov/media/177921/download?attachment
compilation→master,1996,Topamax,topiramate,RW Johnson,NDA20505,1996-12-24,Standard,No,MATCHED,appl NDA20505,D1375,COMPILATION_ONLY,MATCH_DATE_ONLY,https://www.fda.gov/media/177921/download?attachment
compilation→master,1996,Ultiva,remifentanil hydrochloride,Glaxo Wellcome,NDA20630,1996-07-12,Standard,No,MATCHED,appl NDA20630,D1340,COMPILATION_ONLY,MATCH_DATE_ONLY,https://www.fda.gov/media/177921/download?attachment
compilation→master,1996,Verluma,nofetumomab,Boehringer Ingelheim Pharmaceuticals,BLA103582,1996-08-20,Standard,No,MATCHED,appl BLA103582,D1343,COMPILATION_ONLY,NOT_IN_OPENFDA,https://www.fda.gov/media/177921/download?attachment
compilation→master,1996,Viramune,nevirapine,Boehringer Ingelheim Pharmaceuticals,NDA20636,1996-06-21,Priority,Yes,MATCHED,appl NDA20636,D1336,COMPILATION_ONLY,MATCH,https://www.fda.gov/media/177921/download?attachment
compilation→master,1996,Visipaque,iodixanol,Nycomed,NDA20351,1996-03-22,Standard,No,MATCHED,appl NDA20351,D1321,COMPILATION_ONLY,MATCH_DATE_ONLY,https://www.fda.gov/media/177921/download?attachment
compilation→master,1996,Vistide,cidofovir,Gilead Sciences,NDA20638,1996-06-26,Standard,No,MATCHED,appl NDA20638,D1337,COMPILATION_ONLY,MATCH,https://www.fda.gov/media/177921/download?attachment
compilation→master,1996,Xalatan,latanoprost,Pharmacia and Upjohn,NDA20597,1996-06-05,Priority,No,MATCHED,appl NDA20597,D1330,COMPILATION_ONLY,MATCH,https://www.fda.gov/media/177921/download?attachment
compilation→master,1996,Zagam,sparfloxacin,Rhone-Poulenc Rorer,NDA20677,1996-12-19,Standard,No,MATCHED,appl NDA20677,D1370,COMPILATION_ONLY,MATCH_DATE_ONLY,https://www.fda.gov/media/177921/download?attachment
compilation→master,1996,Zanaflex,tizanidine hydrochloride,Athena Neuroscience,NDA20397,1996-11-27,Standard,No,MATCHED,appl NDA20397,D1362,COMPILATION_ONLY,MATCH_DATE_ONLY,https://www.fda.gov/media/177921/download?attachment
compilation→master,1996,Zyflo,zileuton,Abbott Laboratories,NDA20471,1996-12-09,Standard,No,MATCHED,appl NDA20471,D1364,COMPILATION_ONLY,MATCH_DATE_ONLY,https://www.fda.gov/media/177921/download?attachment
compilation→master,1996,Zyprexa,olanzapine,Lilly,NDA20592,1996-09-30,Standard,No,MATCHED,appl NDA20592,D1354,COMPILATION_ONLY,MATCH_DATE_ONLY,https://www.fda.gov/media/177921/download?attachment
compilation→master,1997,Agrylin,anagrelide hydrochloride,Roberts,NDA20333,1997-03-14,Priority,No,MATCHED,appl NDA20333,D1379,COMPILATION_ONLY,MATCH_DATE_ONLY,https://www.fda.gov/media/177921/download?attachment
compilation→master,1997,Aldara,imiquimod,3M,NDA20723,1997-02-27,Standard,No,MATCHED,appl NDA20723,D1377,COMPILATION_ONLY,MATCH_DATE_ONLY,https://www.fda.gov/media/177921/download?attachment
compilation→master,1997,Antizol,fomepizole,Orphan Medical,NDA20696,1997-12-04,Standard,No,MATCHED,appl NDA20696,D1408,COMPILATION_ONLY,MATCH_DATE_ONLY,https://www.fda.gov/media/177921/download?attachment
compilation→master,1997,Anzemet,dolasetron mesylate,Hoechst Marion Roussel,NDA20623;NDA20624,1997-09-11,Standard,No,MATCHED,appl NDA20623,D1393,COMPILATION_ONLY,MATCH_DATE_ONLY,https://www.fda.gov/media/177921/download?attachment
compilation→master,1997,Avapro,irbesartan,Sanofi,NDA20757,1997-09-30,Standard,No,MATCHED,appl NDA20757,D1398,COMPILATION_ONLY,MATCH,https://www.fda.gov/media/177921/download?attachment
compilation→master,1997,Baycol,cerivastatin sodium,Bayer,NDA20740,1997-06-26,Standard,No,MATCHED,appl NDA20740,D1389,COMPILATION_ONLY,MATCH,https://www.fda.gov/media/177921/download?attachment
compilation→master,1997,Corlopam,fenoldopam mesylate,Neurex,NDA19922,1997-09-23,Standard,No,MATCHED,appl NDA19922,D1396,COMPILATION_ONLY,MATCH_DATE_ONLY,https://www.fda.gov/media/177921/download?attachment
compilation→master,1997,Duract,bromfenac sodium,Wyeth-Ayerst,NDA20535,1997-07-15,Standard,No,MATCHED,appl NDA20535,D1391,COMPILATION_ONLY,NOT_IN_OPENFDA,https://www.fda.gov/media/177921/download?attachment
compilation→master,1997,Emadine,emedastine difumarate,Alcon,NDA20706,1997-12-29,Standard,No,MATCHED,appl NDA20706,D1418,COMPILATION_ONLY,MATCH_DATE_ONLY,https://www.fda.gov/media/177921/download?attachment
compilation→master,1997,Evista,raloxifene hydrochloride,Lilly,NDA20815,1997-12-09,Priority,No,MATCHED,appl NDA20815,D1410,COMPILATION_ONLY,MATCH,https://www.fda.gov/media/177921/download?attachment
compilation→master,1997,Fareston,toremifene citrate,Orion,NDA20497,1997-05-29,Standard,No,MATCHED,appl NDA20497,D1386,COMPILATION_ONLY,MATCH_DATE_ONLY,https://www.fda.gov/media/177921/download?attachment
compilation→master,1997,Femara,letrozole,Novartis Pharmaceuticals,NDA20726,1997-07-25,Standard,No,MATCHED,appl NDA20726,D1392,COMPILATION_ONLY,MATCH,https://www.fda.gov/media/177921/download?attachment
compilation→master,1997,Flomax,tamsulosin hydrochloride,Boehringer Ingelheim Pharmaceuticals,NDA20579,1997-04-15,Standard,No,MATCHED,appl NDA20579,D1383,COMPILATION_ONLY,MATCH_DATE_ONLY,https://www.fda.gov/media/177921/download?attachment
compilation→master,1997,Gabitril,tiagabine hydrochloride,Abbott Laboratories,NDA20646,1997-09-30,Standard,No,MATCHED,appl NDA20646,D1399,COMPILATION_ONLY,MATCH_DATE_ONLY,https://www.fda.gov/media/177921/download?attachment
compilation→master,1997,Genesa,arbutamine hydrochloride,Gensia,NDA20420,1997-09-12,Standard,No,MATCHED,appl NDA20420,D1394,COMPILATION_ONLY,MATCH,https://www.fda.gov/media/177921/download?attachment
compilation→master,1997,Infergen,interferon alfacon-1,Amgen,BLA103663,1997-10-06,Standard,No,MATCHED,appl BLA103663,D1400,COMPILATION_ONLY,NOT_IN_OPENFDA,https://www.fda.gov/media/177921/download?attachment
compilation→master,1997,Meridia,sibutramine hydrochloride,Knoll  Pharmacuticals,NDA20632,1997-11-22,Standard,No,MATCHED,appl NDA20632,D1403,COMPILATION_ONLY,MATCH,https://www.fda.gov/media/177921/download?attachment
compilation→master,1997,Mirapex,pramipexole dihydrochloride,Pharmacia and Upjohn,NDA20667,1997-07-01,Standard,No,MATCHED,appl NDA20667,D1390,COMPILATION_ONLY,MATCH_DATE_ONLY,https://www.fda.gov/media/177921/download?attachment
compilation→master,1997,Neumega,oprelvekin,Genetics Institute,BLA103694,1997-11-25,Standard,No,MATCHED,appl BLA103694,D1404,COMPILATION_ONLY,NOT_IN_OPENFDA,https://www.fda.gov/media/177921/download?attachment
compilation→master,1997,Normiflo,ardeparin sodium,Wyeth-Ayerst,NDA20227,1997-05-23,Standard,No,MATCHED,appl NDA20227,D1385,COMPILATION_ONLY,NOT_IN_OPENFDA,https://www.fda.gov/media/177921/download?attachment
compilation→master,1997,Omnicef,cefdinir,Parke-Davis,NDA50739;NDA50749,1997-12-04,Standard,No,MATCHED,appl NDA50739,D1409,COMPILATION_ONLY,MATCH_DATE_ONLY,https://www.fda.gov/media/177921/download?attachment
compilation→master,1997,Plavix,clopidogrel bisulfate,Sanofi,NDA20839,1997-11-17,Priority,No,MATCHED,appl NDA20839,D1402,COMPILATION_ONLY,MATCH,https://www.fda.gov/media/177921/download?attachment
compilation→master,1997,Posicor,mibefradil dihydrochloride,Roche,NDA20689,1997-06-20,Standard,No,MATCHED,appl NDA20689,D1388,COMPILATION_ONLY,NOT_IN_OPENFDA,https://www.fda.gov/media/177921/download?attachment
compilation→master,1997,Prandin,repaglinide,Novo Nordisk,NDA20741,1997-12-22,Priority,No,MATCHED,appl NDA20741,D1415,COMPILATION_ONLY,MATCH_DATE_ONLY,https://www.fda.gov/media/177921/download?attachment
compilation→master,1997,Pytest Kit,14 C Urea,TriMed,NDA20617,1997-05-09,Priority,No,MATCHED,appl NDA20617,D1384,COMPILATION_ONLY,MATCH_DATE_ONLY,https://www.fda.gov/media/177921/download?attachment
compilation→master,1997,Quadramet,samarium Sm 153 lexidronam,Cytogen,NDA20570,1997-03-28,Standard,No,MATCHED,appl NDA20570,D1381,COMPILATION_ONLY,MATCH_DATE_ONLY,https://www.fda.gov/media/177921/download?attachment
compilation→master,1997,Raxar,grepafloxacin hydrochloride,Glaxo Wellcome,NDA20695,1997-11-06,Standard,No,MATCHED,appl NDA20695,D1401,COMPILATION_ONLY,MATCH_DATE_ONLY,https://www.fda.gov/media/177921/download?attachment
compilation→master,1997,Regranex,becaplermin,Johnson & Johnson,BLA103691,1997-12-16,Standard,No,MATCHED,appl BLA103691,D1412,COMPILATION_ONLY,MATCH_DATE_ONLY,https://www.fda.gov/media/177921/download?attachment
compilation→master,1997,Requip,ropinirole hydrochloride,SmithKline Beecham,NDA20658,1997-09-19,Standard,No,MATCHED,appl NDA20658,D1395,COMPILATION_ONLY,MATCH_DATE_ONLY,https://www.fda.gov/media/177921/download?attachment
compilation→master,1997,Rescriptor,delavirdine mesylate,Pharmacia and Upjohn,NDA20705,1997-04-04,Priority,Yes,MATCHED,appl NDA20705,D1382,COMPILATION_ONLY,MATCH_DATE_ONLY,https://www.fda.gov/media/177921/download?attachment
compilation→master,1997,Rezulin,troglitazone,Parke-Davis,NDA20720,1997-01-29,Priority,No,MATCHED,appl NDA20720,D1376,COMPILATION_ONLY,MATCH,https://www.fda.gov/media/177921/download?attachment
compilation→master,1997,Rituxan,rituximab,Genentech,BLA103705,1997-11-26,Priority,No,MATCHED,appl BLA103705,D1406,COMPILATION_ONLY,MATCH,https://www.fda.gov/media/177921/download?attachment
compilation→master,1997,Sclerosol,talc,Bryan,NDA20587,1997-12-24,Priority,No,MATCHED,appl NDA20587,D1417,COMPILATION_ONLY,MATCH_DATE_ONLY,https://www.fda.gov/media/177921/download?attachment
compilation→master,1997,Seroquel,quetiapine fumarate,Zeneca,NDA20639,1997-09-26,Standard,No,MATCHED,appl NDA20639,D1397,COMPILATION_ONLY,MATCH_DATE_ONLY,https://www.fda.gov/media/177921/download?attachment
compilation→master,1997,Skelid,tiludronate disodium,Sanofi Winthrop,NDA20707,1997-03-07,Standard,No,MATCHED,appl NDA20707,D1378,COMPILATION_ONLY,MATCH,https://www.fda.gov/media/177921/download?attachment
compilation→master,1997,Tazorac,tazarotene,Allergan,NDA20600,1997-06-13,Standard,No,MATCHED,appl NDA20600,D1387,COMPILATION_ONLY,MATCH_DATE_ONLY,https://www.fda.gov/media/177921/download?attachment
compilation→master,1997,Teslascan,mangafodipir trisodium,Nycomed,NDA20652,1997-11-26,Standard,No,MATCHED,appl NDA20652,D1407,COMPILATION_ONLY,MATCH_DATE_ONLY,https://www.fda.gov/media/177921/download?attachment
compilation→master,1997,Teveten,eprosartan mesylate,SmithKline Beecham,NDA20738,1997-12-22,Standard,No,MATCHED,appl NDA20738,D1416,COMPILATION_ONLY,MATCH_DATE_ONLY,https://www.fda.gov/media/177921/download?attachment
compilation→master,1997,Trovan,alatrofloxacin mesylate,Pfizer,NDA20760,1997-12-18,Standard,No,MATCHED,appl NDA20760,D1413,COMPILATION_ONLY,MATCH,https://www.fda.gov/media/177921/download?attachment
compilation→master,1997,Trovan,trovafloxacin mesylate,Pfizer,NDA20759,1997-12-18,Standard,No,MATCHED,appl NDA20759,D1414,COMPILATION_ONLY,MATCH,https://www.fda.gov/media/177921/download?attachment
compilation→master,1997,Viracept,nelfinavir mesylate,Agouron,NDA20779;NDA20778,1997-03-14,Priority,Yes,MATCHED,appl NDA20779,D1380,COMPILATION_ONLY,MATCH,https://www.fda.gov/media/177921/download?attachment
compilation→master,1997,Zenapax,daclizumab,Roche,BLA103749,1997-12-10,Priority,No,MATCHED,appl BLA103749,D1411,COMPILATION_ONLY,NOT_IN_OPENFDA,https://www.fda.gov/media/177921/download?attachment
compilation→master,1997,Zomig,zolmitriptan,Zeneca,NDA20768,1997-11-25,Standard,No,MATCHED,appl NDA20768,D1405,COMPILATION_ONLY,MATCH_DATE_ONLY,https://www.fda.gov/media/177921/download?attachment
compilation→master,1998,Actonel,risedronate sodium,Procter & Gamble,NDA20835,1998-03-27,Standard,No,MATCHED,appl NDA20835,D997,YEAR_TABLE_ROW,MATCH_DATE_ONLY,https://www.fda.gov/media/177921/download?attachment
compilation→master,1998,AcuTect,technetium Tc-99m apcitide,Diatide,NDA20887,1998-09-14,Priority,No,MATCHED,appl NDA20887,D1016,YEAR_TABLE_ROW,MATCH_DATE_ONLY,https://www.fda.gov/media/177921/download?attachment
compilation→master,1998,Aggrastat,tirofiban hydrochloride,Merck,NDA20912;NDA20913,1998-05-14,Priority,No,MATCHED,appl NDA20912,D1004,YEAR_TABLE_ROW,MATCH_DATE_ONLY,https://www.fda.gov/media/177921/download?attachment
compilation→master,1998,Amerge,naratriptan,Glaxo Wellcome,NDA20763,1998-02-10,Standard,No,MATCHED,appl NDA20763,D992,YEAR_TABLE_ROW,MATCH,https://www.fda.gov/media/177921/download?attachment
compilation→master,1998,Arava,leflunomide,Quintiles,NDA20905,1998-09-10,Priority,No,MATCHED,appl NDA20905,D1015,YEAR_TABLE_ROW,MATCH_DATE_ONLY,https://www.fda.gov/media/177921/download?attachment
compilation→master,1998,Atacand,candesartan cilexetil,Astra Merck,NDA20838,1998-06-04,Standard,No,MATCHED,appl NDA20838,D1006,YEAR_TABLE_ROW,MATCH_DATE_ONLY,https://www.fda.gov/media/177921/download?attachment
compilation→master,1998,Azopt,brinzolamide,Alcon,NDA20816,1998-04-01,Standard,No,MATCHED,appl NDA20816,D999,YEAR_TABLE_ROW,MATCH_DATE_ONLY,https://www.fda.gov/media/177921/download?attachment
compilation→master,1998,Celebrex,celecoxib,Searle,NDA20998,1998-12-31,Priority,No,MATCHED,appl NDA20998,D1026,YEAR_TABLE_ROW,MATCH_DATE_ONLY,https://www.fda.gov/media/177921/download?attachment
compilation→master,1998,Celexa,citalopram hydrobromide,Forest Laboratories,NDA20822,1998-07-17,Standard,No,MATCHED,appl NDA20822,D1012,YEAR_TABLE_ROW,MATCH_DATE_ONLY,https://www.fda.gov/media/177921/download?attachment
compilation→master,1998,Detrol,tolterodine tartrate,Pharmacia and Upjohn,NDA20771,1998-03-25,Standard,No,MATCHED,appl NDA20771,D996,YEAR_TABLE_ROW,MATCH,https://www.fda.gov/media/177921/download?attachment
compilation→master,1998,Enbrel,etanercept,Immunex,BLA103795,1998-11-02,Priority,No,MATCHED,appl BLA103795,D1021,YEAR_TABLE_ROW,MATCH,https://www.fda.gov/media/177921/download?attachment
compilation→master,1998,Herceptin,trastuzumab,Genentech,BLA103792,1998-09-25,Priority,No,MATCHED,appl BLA103792,D1018,YEAR_TABLE_ROW,MATCH,https://www.fda.gov/media/177921/download?attachment
compilation→master,1998,Infasurf,calfactant,Ony,BLA20521,1998-07-01,Standard,No,MATCHED,appl BLA20521,D1010,YEAR_TABLE_ROW,MATCH,https://www.fda.gov/media/177921/download?attachment
compilation→master,1998,Integrilin,eptifibatide,COR Therapeutics,NDA20718,1998-05-18,Priority,No,MATCHED,appl NDA20718,D1005,YEAR_TABLE_ROW,MATCH_DATE_ONLY,https://www.fda.gov/media/177921/download?attachment
compilation→master,1998,Lotemax; Alrex,loteprednol etabonate,Bausch & Lomb,NDA20583;NDA20841;NDA20803,1998-03-09,Standard,No,MATCHED,appl NDA20583,D995,YEAR_TABLE_ROW,MATCH,https://www.fda.gov/media/177921/download?attachment
compilation→master,1998,Maxalt; Maxalt-MLT,rizatriptan benzoate,Merck,NDA20864;NDA20865,1998-06-29,Standard,No,MATCHED,appl NDA20864,D1009,YEAR_TABLE_ROW,MATCH_DATE_ONLY,https://www.fda.gov/media/177921/download?attachment
compilation→master,1998,Micardis,telmisartan,Boehringer Ingelheim Pharmaceuticals,NDA20850,1998-11-10,Standard,No,MATCHED,appl NDA20850,D1022,YEAR_TABLE_ROW,MATCH,https://www.fda.gov/media/177921/download?attachment
compilation→master,1998,Priftin,rifapentine,Hoechst Marion Roussel,NDA21024,1998-06-22,Priority,Yes,MATCHED,appl NDA21024,D1008,YEAR_TABLE_ROW,MATCH,https://www.fda.gov/media/177921/download?attachment
compilation→master,1998,Provigil,modafinil,Cephalon,NDA20717,1998-12-24,Standard,No,MATCHED,appl NDA20717,D1025,YEAR_TABLE_ROW,MATCH_DATE_ONLY,https://www.fda.gov/media/177921/download?attachment
compilation→master,1998,Refludan,lepirudin,Hoechst Marion Roussel,NDA20807,1998-03-06,Priority,No,MATCHED,appl NDA20807,D994,YEAR_TABLE_ROW,NOT_IN_OPENFDA,https://www.fda.gov/media/177921/download?attachment
compilation→master,1998,Remicade,infliximab,Centocor,BLA103772,1998-08-24,Priority,Yes,MATCHED,appl BLA103772,D1013,YEAR_TABLE_ROW,MATCH,https://www.fda.gov/media/177921/download?attachment
compilation→master,1998,Renagel,sevelamer hydrochloride,GelTex Pharm,NDA20926,1998-10-30,Standard,No,MATCHED,appl NDA20926,D1020,YEAR_TABLE_ROW,MATCH,https://www.fda.gov/media/177921/download?attachment
compilation→master,1998,Simulect,basiliximab,Novartis Pharmaceuticals,BLA103764,1998-05-12,Priority,No,MATCHED,appl BLA103764,D1003,YEAR_TABLE_ROW,MATCH,https://www.fda.gov/media/177921/download?attachment
compilation→master,1998,Singulair,montelukast sodium,Merck,NDA20829;NDA20830,1998-02-20,Standard,No,MATCHED,appl NDA20829,D993,YEAR_TABLE_ROW,MATCH_DATE_ONLY,https://www.fda.gov/media/177921/download?attachment
compilation→master,1998,Sucraid,sacrosidase,Orphan Medical,BLA20772,1998-04-09,Priority,No,MATCHED,appl BLA20772,D1000,YEAR_TABLE_ROW,MATCH_DATE_ONLY,https://www.fda.gov/media/177921/download?attachment
compilation→master,1998,Sustiva,efavirenz,Dupont Pharmaceuticals,NDA20972,1998-09-17,Priority,Yes,MATCHED,appl NDA20972,D1017,YEAR_TABLE_ROW,MATCH_DATE_ONLY,https://www.fda.gov/media/177921/download?attachment
compilation→master,1998,Synagis,palivizumab,MedImmune,BLA103770,1998-06-19,Priority,No,MATCHED,appl BLA103770,D1007,YEAR_TABLE_ROW,MATCH_DATE_ONLY,https://www.fda.gov/media/177921/download?attachment
compilation→master,1998,Tasmar,tolcapone,Roche,NDA20697,1998-01-29,Standard,No,MATCHED,appl NDA20697,D991,YEAR_TABLE_ROW,MATCH_DATE_ONLY,https://www.fda.gov/media/177921/download?attachment
compilation→master,1998,Thalomid,thalidomide,Celgene,NDA20785,1998-07-16,Priority,No,MATCHED,appl NDA20785,D1011,YEAR_TABLE_ROW,MATCH_DATE_ONLY,https://www.fda.gov/media/177921/download?attachment
compilation→master,1998,Thyrogen,thyrotropin alfa,Genzyme,BLA20898,1998-11-30,Priority,No,MATCHED,appl BLA20898,D1023,YEAR_TABLE_ROW,MATCH,https://www.fda.gov/media/177921/download?attachment
compilation→master,1998,Valstar,valrubicin,Anthra Pharm,NDA20892,1998-09-25,Priority,No,MATCHED,appl NDA20892,D1019,YEAR_TABLE_ROW,MATCH_DATE_ONLY,https://www.fda.gov/media/177921/download?attachment
compilation→master,1998,Viagra,sildenafil citrate,Pfizer,NDA20895,1998-03-27,Priority,No,MATCHED,appl NDA20895,D998,YEAR_TABLE_ROW,MATCH_DATE_ONLY,https://www.fda.gov/media/177921/download?attachment
compilation→master,1998,Vitravene,fomivirsen sodium,Isis Pharm,NDA20961,1998-08-26,Priority,No,MATCHED,appl NDA20961,D1014,YEAR_TABLE_ROW,MATCH_DATE_ONLY,https://www.fda.gov/media/177921/download?attachment
compilation→master,1998,Xeloda,capecitabine,Roche,NDA20896,1998-04-30,Priority,Yes,MATCHED,appl NDA20896,D1002,YEAR_TABLE_ROW,MATCH_DATE_ONLY,https://www.fda.gov/media/177921/download?attachment
compilation→master,1998,Zemplar,paricalcitol,Abbott Laboratories,NDA20819,1998-04-17,Standard,No,MATCHED,appl NDA20819,D1001,YEAR_TABLE_ROW,MATCH_DATE_ONLY,https://www.fda.gov/media/177921/download?attachment
compilation→master,1998,Ziagen,abacavir sulfate,Glaxo Wellcome,NDA20977;NDA20978,1998-12-17,Priority,Yes,MATCHED,appl NDA20977,D1024,YEAR_TABLE_ROW,MATCH_DATE_ONLY,https://www.fda.gov/media/177921/download?attachment
compilation→master,1999,Aciphex,rabeprazole sodium,Eisai,NDA20973,1999-08-19,Standard,No,MATCHED,appl NDA20973,D972,YEAR_TABLE_ROW,MATCH_DATE_ONLY,https://www.fda.gov/media/177921/download?attachment
compilation→master,1999,Actos,pioglitazone hydrochloride,Takeda America,NDA21073,1999-07-15,Priority,No,MATCHED,appl NDA21073,D965,YEAR_TABLE_ROW,MATCH,https://www.fda.gov/media/177921/download?attachment
compilation→master,1999,Agenerase,amprenavir,Glaxo Wellcome,NDA21007;NDA21039,1999-04-15,Priority,Yes,MATCHED,appl NDA21007,D959,YEAR_TABLE_ROW,MATCH,https://www.fda.gov/media/177921/download?attachment
compilation→master,1999,Alamast,pemirolast potassium,Santen,NDA21079,1999-09-24,Priority,No,MATCHED,appl NDA21079,D976,YEAR_TABLE_ROW,MATCH,https://www.fda.gov/media/177921/download?attachment
compilation→master,1999,Antagon,ganirelix acetate,Organon,NDA21057,1999-07-29,Priority,No,MATCHED,appl NDA21057,D967,YEAR_TABLE_ROW,MATCH_VIA_GENERIC,https://www.fda.gov/media/177921/download?attachment
compilation→master,1999,Aromasin,exemestane,Pharmacia and Upjohn,NDA20753,1999-10-21,Standard,No,MATCHED,appl NDA20753,D979,YEAR_TABLE_ROW,MATCH,https://www.fda.gov/media/177921/download?attachment
compilation→master,1999,Avandia,rosiglitazone maleate,SKB Pharms,NDA21071,1999-05-25,Priority,No,MATCHED,appl NDA21071,D962,YEAR_TABLE_ROW,MATCH_DATE_ONLY,https://www.fda.gov/media/177921/download?attachment
compilation→master,1999,Avelox,moxifloxacin hydrochloride,Bayer,NDA21085,1999-12-10,Standard,No,MATCHED,appl NDA21085,D985,YEAR_TABLE_ROW,MATCH,https://www.fda.gov/media/177921/download?attachment
compilation→master,1999,Comtan,entacapone,Orion,NDA20796,1999-10-19,Standard,No,MATCHED,appl NDA20796,D978,YEAR_TABLE_ROW,MATCH,https://www.fda.gov/media/177921/download?attachment
compilation→master,1999,Curosurf,poractant,Dey Laboratories,BLA20744,1999-11-18,Standard,No,MATCHED,appl BLA20744,D981,YEAR_TABLE_ROW,MATCH_DATE_ONLY,https://www.fda.gov/media/177921/download?attachment
compilation→master,1999,Ellence,epirubicin hydrochloride,Pharmacia and Upjohn,NDA50778,1999-09-15,Priority,No,MATCHED,appl NDA50778,D973,YEAR_TABLE_ROW,MATCH,https://www.fda.gov/media/177921/download?attachment
compilation→master,1999,Ferrlecit,sodium ferric gluconate complex,Makoff R&D Labs,NDA20955,1999-02-18,Priority,No,MATCHED,appl NDA20955,D957,YEAR_TABLE_ROW,MATCH_DATE_ONLY,https://www.fda.gov/media/177921/download?attachment
compilation→master,1999,Hectorol,doxercalciferol,Bone Care,NDA20862,1999-06-09,Standard,No,MATCHED,appl NDA20862,D963,YEAR_TABLE_ROW,MATCH_DATE_ONLY,https://www.fda.gov/media/177921/download?attachment
compilation→master,1999,Inomax,nitric oxide,Ino Therapeutics,NDA20845,1999-12-23,Priority,No,MATCHED,appl NDA20845,D989,YEAR_TABLE_ROW,MATCH,https://www.fda.gov/media/177921/download?attachment
compilation→master,1999,Keppra,levetiracetam,UCP Pharma,NDA21035,1999-11-30,Standard,No,MATCHED,appl NDA21035,D982,YEAR_TABLE_ROW,MATCH,https://www.fda.gov/media/177921/download?attachment
compilation→master,1999,Levulan Kerastick,aminolevulinic acid hydrochloride,Dusa,NDA20965,1999-12-03,Standard,No,MATCHED,appl NDA20965,D983,YEAR_TABLE_ROW,MATCH_DATE_ONLY,https://www.fda.gov/media/177921/download?attachment
compilation→master,1999,NeoTect,technetium Tc 99m depreotide,Diatide,NDA21012,1999-08-03,Priority,No,MATCHED,appl NDA21012,D968,YEAR_TABLE_ROW,MATCH_DATE_ONLY,https://www.fda.gov/media/177921/download?attachment
compilation→master,1999,Ontak,denileukin diftitox,Seragen,BLA103767,1999-02-05,Priority,Yes,MATCHED,appl BLA103767,D956,YEAR_TABLE_ROW,MATCH_DATE_ONLY,https://www.fda.gov/media/177921/download?attachment
compilation→master,1999,Optimark,gadoversetamide,Mallinckrodt,NDA20937;NDA20975;NDA20976,1999-12-08,Standard,No,MATCHED,appl NDA20937,D984,YEAR_TABLE_ROW,MATCH_DATE_ONLY,https://www.fda.gov/media/177921/download?attachment
compilation→master,1999,Panretin,alitretinoin,Ligand Pharm,NDA20886,1999-02-02,Priority,No,MATCHED,appl NDA20886,D955,YEAR_TABLE_ROW,MATCH_DATE_ONLY,https://www.fda.gov/media/177921/download?attachment
compilation→master,1999,Pletal,cilostazol,Otsuka Pharmaceutical,NDA20863,1999-01-15,Standard,No,MATCHED,appl NDA20863,D954,YEAR_TABLE_ROW,MATCH,https://www.fda.gov/media/177921/download?attachment
compilation→master,1999,Precedex,dexmedetomidine hydrochloride,Abbott Laboratories,NDA21038,1999-12-17,Standard,No,MATCHED,appl NDA21038,D987,YEAR_TABLE_ROW,MATCH_DATE_ONLY,https://www.fda.gov/media/177921/download?attachment
compilation→master,1999,Rapamune,sirolimus,Wyeth Ayerst Research,NDA21083,1999-09-15,Priority,No,MATCHED,appl NDA21083,D974,YEAR_TABLE_ROW,MATCH_DATE_ONLY,https://www.fda.gov/media/177921/download?attachment
compilation→master,1999,Raplon,rapacuronium bromide,Organon,NDA20984,1999-08-18,Standard,No,MATCHED,appl NDA20984,D971,YEAR_TABLE_ROW,MATCH,https://www.fda.gov/media/177921/download?attachment
compilation→master,1999,Relenza,zanamivir,Glaxo Wellcome,NDA21036,1999-07-26,Priority,No,MATCHED,appl NDA21036,D966,YEAR_TABLE_ROW,MATCH,https://www.fda.gov/media/177921/download?attachment
compilation→master,1999,Solage,"mequinol, tretinoin",Bristol-Myers Squibb,NDA20922,1999-12-10,Standard,No,MATCHED,appl NDA20922,D986,YEAR_TABLE_ROW,MATCH_DATE_ONLY,https://www.fda.gov/media/177921/download?attachment
compilation→master,1999,Sonata,zaleplon,Wyeth-Ayerst,NDA20859,1999-08-13,Standard,No,MATCHED,appl NDA20859,D970,YEAR_TABLE_ROW,MATCH,https://www.fda.gov/media/177921/download?attachment
compilation→master,1999,Synercid,"dalfopristin, quinupristin",Rhone-Poulenc Rorer,NDA50747;NDA50748,1999-09-21,Priority (indication [A] only),Yes (indication [A] only),MATCHED,appl NDA50747,D975,YEAR_TABLE_ROW,MATCH_DATE_ONLY,https://www.fda.gov/media/177921/download?attachment
compilation→master,1999,Tamiflu,oseltamivir phosphate,Roche,NDA21087,1999-10-27,Priority,No,MATCHED,appl NDA21087,D980,YEAR_TABLE_ROW,MATCH,https://www.fda.gov/media/177921/download?attachment
compilation→master,1999,Targretin,bexarotene,Ligand Pharms,NDA21055,1999-12-29,Priority,No,MATCHED,appl NDA21055,D990,YEAR_TABLE_ROW,MATCH_DATE_ONLY,https://www.fda.gov/media/177921/download?attachment
compilation→master,1999,Temodar,temozolomide,Schering,NDA21029,1999-08-11,Priority,Yes,MATCHED,appl NDA21029,D969,YEAR_TABLE_ROW,MATCH,https://www.fda.gov/media/177921/download?attachment
compilation→master,1999,Tequin,gatifloxacin,Bristol-Myers Squibb,NDA21061;NDA21062,1999-12-17,Standard,No,MATCHED,appl NDA21061,D988,YEAR_TABLE_ROW,NOT_IN_OPENFDA,https://www.fda.gov/media/177921/download?attachment
compilation→master,1999,Tikosyn,dofetilide,Pfizer,NDA20931,1999-10-01,Standard,No,MATCHED,appl NDA20931,D977,YEAR_TABLE_ROW,MATCH,https://www.fda.gov/media/177921/download?attachment
compilation→master,1999,Vioxx,rofecoxib,Merck Research Laboratories,NDA21042;NDA21052,1999-05-20,Priority,No,MATCHED,appl NDA21042,D961,YEAR_TABLE_ROW,MATCH,https://www.fda.gov/media/177921/download?attachment
compilation→master,1999,Wellferon,interferon alfa-n1,Glaxo Wellcome,BLA103760,1999-03-25,Standard,No,MATCHED,appl BLA103760,D958,YEAR_TABLE_ROW,NOT_IN_OPENFDA,https://www.fda.gov/media/177921/download?attachment
compilation→master,1999,Xenical,orlistat,Roche,NDA20766,1999-04-23,Priority,No,MATCHED,appl NDA20766,D960,YEAR_TABLE_ROW,MATCH_DATE_ONLY,https://www.fda.gov/media/177921/download?attachment
compilation→master,1999,Zaditor,ketotifen fumarate,Ciba Vision,NDA21066,1999-07-02,Priority,No,MATCHED,appl NDA21066,D964,YEAR_TABLE_ROW,MATCH,https://www.fda.gov/media/177921/download?attachment
compilation→master,2000,Abreva,docosanol,Avanir Pharmaceuticals,NDA20941,2000-07-25,Standard,No,MATCHED,appl NDA20941,D654,YEAR_TABLE_ROW,MATCH,https://www.fda.gov/media/177921/download?attachment
compilation→master,2000,Acova,argatroban,Texas Biotechnology Corporation,NDA20883,2000-06-30,Standard,No,MATCHED,appl NDA20883,D651,YEAR_TABLE_ROW,MATCH_VIA_GENERIC,https://www.fda.gov/media/177921/download?attachment
compilation→master,2000,Angiomax,bivalirudin,The Medicines Company,NDA20873,2000-12-15,Standard,No,MATCHED,appl NDA20873,D660,YEAR_TABLE_ROW,MATCH_DATE_ONLY,https://www.fda.gov/media/177921/download?attachment
compilation→master,2000,Cetrotide,cetrorelix acetate,Asta Medica,NDA21197,2000-08-11,Standard,No,MATCHED,appl NDA21197,D656,YEAR_TABLE_ROW,MATCH,https://www.fda.gov/media/177921/download?attachment
compilation→master,2000,Colazal,balsalazide disodium,Salix Pharmaceuticals,NDA20610,2000-07-18,Standard,No,MATCHED,appl NDA20610,D653,YEAR_TABLE_ROW,MATCH,https://www.fda.gov/media/177921/download?attachment
compilation→master,2000,Evoxac,cevimeline hydrochloride,Snowbrand Pharmaceuticals,NDA20989,2000-01-11,Standard,No,MATCHED,appl NDA20989,D635,YEAR_TABLE_ROW,MATCH,https://www.fda.gov/media/177921/download?attachment
compilation→master,2000,Exelon,rivastigmine tartrate,Novartis Pharmaceuticals,NDA20823;NDA21025,2000-04-21,Standard,No,MATCHED,appl NDA20823,D646,YEAR_TABLE_ROW,MATCH,https://www.fda.gov/media/177921/download?attachment
compilation→master,2000,Innohep,tinzaparin sodium,Dupont Pharmaceuticals,NDA20484,2000-07-14,Standard,No,MATCHED,appl NDA20484,D652,YEAR_TABLE_ROW,MATCH_DATE_ONLY,https://www.fda.gov/media/177921/download?attachment
compilation→master,2000,Kaletra,"lopinavir, ritonavir",Abbott Laboratories,NDA21226;NDA21251,2000-09-15,Priority,Yes,MATCHED,appl NDA21226,D657,YEAR_TABLE_ROW,MATCH_DATE_ONLY,https://www.fda.gov/media/177921/download?attachment
compilation→master,2000,Lantus,insulin glargine,Aventis Pharmaceuticals,BLA21081,2000-04-20,Standard,No,MATCHED,appl BLA21081,D645,YEAR_TABLE_ROW,MATCH,https://www.fda.gov/media/177921/download?attachment
compilation→master,2000,Lotronex,alosetron hydrochloride,Glaxo Wellcome,NDA21107,2000-02-09,Priority,No,MATCHED,appl NDA21107,D638,YEAR_TABLE_ROW,MATCH_DATE_ONLY,https://www.fda.gov/media/177921/download?attachment
compilation→master,2000,Mifeprex,mifepristone,Population Council,NDA20687,2000-09-28,Priority,No,MATCHED,appl NDA20687,D659,YEAR_TABLE_ROW,MATCH_DATE_ONLY,https://www.fda.gov/media/177921/download?attachment
compilation→master,2000,Mobic,meloxicam,Boehringer Ingelheim Pharmaceuticals,NDA20938,2000-04-13,Standard,No,MATCHED,appl NDA20938,D643,YEAR_TABLE_ROW,MATCH,https://www.fda.gov/media/177921/download?attachment
compilation→master,2000,Mylotarg,gemtuzumab ozogamicin,Wyeth-Ayerst,NDA21174,2000-05-17,Priority,Yes,MATCHED,appl NDA21174,D647,YEAR_TABLE_ROW,NOT_IN_OPENFDA,https://www.fda.gov/media/177921/download?attachment
compilation→master,2000,Myobloc,botulinum toxin type B,Elan Pharmaceuticals,BLA103846,2000-12-08,Standard,No,MATCHED,appl BLA103846,D1420,COMPILATION_ONLY_CBER,MATCH,https://www.fda.gov/media/177921/download?attachment
compilation→master,2000,Novolog,insulin aspart recombinant,Novo Nordisk,BLA20986,2000-06-07,Standard,No,MATCHED,appl BLA20986,D649,YEAR_TABLE_ROW,MATCH,https://www.fda.gov/media/177921/download?attachment
compilation→master,2000,Protonix,pantoprazole sodium,Wyeth-Ayerst Laboratories,NDA20987,2000-02-02,Standard,No,MATCHED,appl NDA20987,D637,YEAR_TABLE_ROW,MATCH,https://www.fda.gov/media/177921/download?attachment
compilation→master,2000,Rescula,unoprostone isopropyl,Ciba Vision,NDA21214,2000-08-03,Priority,No,MATCHED,appl NDA21214,D655,YEAR_TABLE_ROW,MATCH_DATE_ONLY,https://www.fda.gov/media/177921/download?attachment
compilation→master,2000,Septocaine,"articaine hydrochloride, ephinephrine",Deproco,NDA20971,2000-04-03,Standard,No,MATCHED,appl NDA20971,D641,YEAR_TABLE_ROW,MATCH,https://www.fda.gov/media/177921/download?attachment
compilation→master,2000,Skin Exposure Reduction Paste Against Chemical Warfare Agents (SERPACWA),"perfluoroalkylpolyether, polytetrafluoroethylene",US Army Medical Research and Materiel Command,NDA21084,2000-02-17,Priority,No,MATCHED,appl NDA21084,D639,YEAR_TABLE_ROW,MATCH,https://www.fda.gov/media/177921/download?attachment
compilation→master,2000,Starlix,nateglinide,Novartis Pharmaceuticals,NDA21204,2000-12-22,Standard,No,MATCHED,appl NDA21204,D661,YEAR_TABLE_ROW,MATCH,https://www.fda.gov/media/177921/download?attachment
compilation→master,2000,TNKase,tenecteplase,Genentech,BLA103909,2000-06-02,Standard,No,MATCHED,appl BLA103909,D1419,COMPILATION_ONLY_CBER,MATCH,https://www.fda.gov/media/177921/download?attachment
compilation→master,2000,Trelstar Depot,triptorelin pamoate,Debio Recherche,NDA20715,2000-06-15,Standard,No,MATCHED,appl NDA20715,D650,YEAR_TABLE_ROW,MATCH_DATE_ONLY,https://www.fda.gov/media/177921/download?attachment
compilation→master,2000,Trileptal,oxcarbazepine,Novartis Pharmaceuticals,NDA21014,2000-01-14,Standard,No,MATCHED,appl NDA21014,D636,YEAR_TABLE_ROW,MATCH,https://www.fda.gov/media/177921/download?attachment
compilation→master,2000,Trisenox,arsenic trioxide,Cell Therapeutics,NDA21248,2000-09-25,Priority,No,MATCHED,appl NDA21248,D658,YEAR_TABLE_ROW,MATCH_DATE_ONLY,https://www.fda.gov/media/177921/download?attachment
compilation→master,2000,Visudyne,verteporfin,QLT Phototherapeutics,NDA21119,2000-04-12,Priority,No,MATCHED,appl NDA21119,D642,YEAR_TABLE_ROW,MATCH_DATE_ONLY,https://www.fda.gov/media/177921/download?attachment
compilation→master,2000,Welchol,colesevelam hydrochloride,GelTex,NDA21176;NDA21141,2000-05-26,Standard,No,MATCHED,appl NDA21176,D648,YEAR_TABLE_ROW,MATCH_DATE_ONLY,https://www.fda.gov/media/177921/download?attachment
compilation→master,2000,Zonegran,zonisamide,Elan Pharmaceuticals,NDA20789,2000-03-27,Standard,No,MATCHED,appl NDA20789,D640,YEAR_TABLE_ROW,MATCH_DATE_ONLY,https://www.fda.gov/media/177921/download?attachment
compilation→master,2000,Zyvox,linezolid,Pharmacia and Upjohn,NDA21130;NDA21131;NDA21132,2000-04-18,Priority,No,MATCHED,appl NDA21130,D644,YEAR_TABLE_ROW,MATCH,https://www.fda.gov/media/177921/download?attachment
compilation→master,2001,Aranesp,darbepoetin alfa,Amgen,BLA103951,2001-09-17,Standard,No,MATCHED,appl BLA103951,D1423,COMPILATION_ONLY_CBER,MATCH,https://www.fda.gov/media/177921/download?attachment
compilation→master,2001,Arixtra,fondaparinux sodium,Fonda BV,NDA21345,2001-12-07,Priority,No,MATCHED,appl NDA21345,D683,YEAR_TABLE_ROW,MATCH_DATE_ONLY,https://www.fda.gov/media/177921/download?attachment
compilation→master,2001,Avodart,dutasteride,GlaxoSmithKline,NDA21319,2001-11-20,Standard,No,MATCHED,appl NDA21319,D679,YEAR_TABLE_ROW,MATCH_DATE_ONLY,https://www.fda.gov/media/177921/download?attachment
compilation→master,2001,Axert,almotriptan malate,Pharmacia and Upjohn,NDA21001,2001-05-07,Standard,No,MATCHED,appl NDA21001,D668,YEAR_TABLE_ROW,MATCH_DATE_ONLY,https://www.fda.gov/media/177921/download?attachment
compilation→master,2001,Bextra,valdecoxib,GD Searle,NDA21341,2001-11-16,Standard,No,MATCHED,appl NDA21341,D678,YEAR_TABLE_ROW,MATCH,https://www.fda.gov/media/177921/download?attachment
compilation→master,2001,Campath,alemtuzumab,Millennium and ILEX Partners,BLA103948,2001-05-07,Priority,Yes,MATCHED,appl BLA103948,D1422,COMPILATION_ONLY_CBER,MATCH_DATE_ONLY,https://www.fda.gov/media/177921/download?attachment
compilation→master,2001,Cancidas,caspofungin acetate,Merck Research Laboratories,NDA21227,2001-01-26,Priority,No,MATCHED,appl NDA21227,D662,YEAR_TABLE_ROW,MATCH,https://www.fda.gov/media/177921/download?attachment
compilation→master,2001,Clarinex,desloratadine,Schering,NDA21165,2001-12-21,Standard,No,MATCHED,appl NDA21165,D685,YEAR_TABLE_ROW,MATCH_DATE_ONLY,https://www.fda.gov/media/177921/download?attachment
compilation→master,2001,Definity,perflutren lipid microsphere,Dupont Pharmaceuticals,NDA21064,2001-07-31,Standard,No,MATCHED,appl NDA21064,D671,YEAR_TABLE_ROW,MATCH_DATE_ONLY,https://www.fda.gov/media/177921/download?attachment
compilation→master,2001,Elidel,pimecrolimus,Novartis Pharmaceuticals,NDA21302,2001-12-13,Standard,No,MATCHED,appl NDA21302,D684,YEAR_TABLE_ROW,MATCH_DATE_ONLY,https://www.fda.gov/media/177921/download?attachment
compilation→master,2001,Foradil,formoterol fumarate,Novartis Pharmaceuticals,NDA20831,2001-02-16,Standard,No,MATCHED,appl NDA20831,D664,YEAR_TABLE_ROW,MATCH,https://www.fda.gov/media/177921/download?attachment
compilation→master,2001,Frova,frovatriptan,Elan Pharmaceuticals,NDA21006,2001-11-08,Standard,No,MATCHED,appl NDA21006,D677,YEAR_TABLE_ROW,MATCH_DATE_ONLY,https://www.fda.gov/media/177921/download?attachment
compilation→master,2001,Geodon,ziprasidone hydrochloride,Pfizer Central Research,NDA20825,2001-02-05,Standard,No,MATCHED,appl NDA20825,D663,YEAR_TABLE_ROW,MATCH_DATE_ONLY,https://www.fda.gov/media/177921/download?attachment
compilation→master,2001,Gleevec,imatinib mesylate,Novartis Pharmaceuticals,NDA21335,2001-05-10,Priority,Yes,MATCHED,appl NDA21335,D669,YEAR_TABLE_ROW,MATCH,https://www.fda.gov/media/177921/download?attachment
compilation→master,2001,Invanz,ertapenem sodium,Merck,NDA21337,2001-11-21,Standard,No,MATCHED,appl NDA21337,D682,YEAR_TABLE_ROW,MATCH,https://www.fda.gov/media/177921/download?attachment
compilation→master,2001,Kineret,anakinra,Amgen,BLA103950,2001-11-14,Standard,No,MATCHED,appl BLA103950,D1424,COMPILATION_ONLY_CBER,MATCH_DATE_ONLY,https://www.fda.gov/media/177921/download?attachment
compilation→master,2001,Lumigan,bimatoprost,Allergan,NDA21275,2001-03-16,Priority,No,MATCHED,appl NDA21275,D666,YEAR_TABLE_ROW,MATCH,https://www.fda.gov/media/177921/download?attachment
compilation→master,2001,Natrecor,nesiritide,Scios,NDA20920,2001-08-10,Standard,No,MATCHED,appl NDA20920,D672,YEAR_TABLE_ROW,MATCH,https://www.fda.gov/media/177921/download?attachment
compilation→master,2001,NuvaRing,"etonogestrel, ethinyl estradiol",Organon,NDA21187,2001-10-03,Standard,No,MATCHED,appl NDA21187,D675,YEAR_TABLE_ROW,MATCH,https://www.fda.gov/media/177921/download?attachment
compilation→master,2001,Ortho Evra,"norelgestromin, ethinyl estradiol",RW Johnson Pharmaceutical Research,NDA21180,2001-11-20,Standard,No,MATCHED,appl NDA21180,D680,YEAR_TABLE_ROW,MATCH_DATE_ONLY,https://www.fda.gov/media/177921/download?attachment
compilation→master,2001,Peg-Intron,peginterferon alfa-2b,Schering,BLA103949,2001-01-19,Standard,No,MATCHED,appl BLA103949,D1421,COMPILATION_ONLY_CBER,MATCH,https://www.fda.gov/media/177921/download?attachment
compilation→master,2001,Reminyl,galantamine hydrobromide,Janssen Research Foundation,NDA21169,2001-02-28,Standard,No,MATCHED,appl NDA21169,D665,YEAR_TABLE_ROW,MATCH_VIA_GENERIC,https://www.fda.gov/media/177921/download?attachment
compilation→master,2001,Spectracef,cefditoren pivoxil,TAP Pharmaceutical Products,NDA21222,2001-08-29,Standard,No,MATCHED,appl NDA21222,D674,YEAR_TABLE_ROW,MATCH_DATE_ONLY,https://www.fda.gov/media/177921/download?attachment
compilation→master,2001,Tracleer,bosentan,Actelion Pharmaceuticals,NDA21290,2001-11-20,Standard,No,MATCHED,appl NDA21290,D681,YEAR_TABLE_ROW,MATCH,https://www.fda.gov/media/177921/download?attachment
compilation→master,2001,Travatan,travoprost,Alcon Research,NDA21257,2001-03-16,Priority,No,MATCHED,appl NDA21257,D667,YEAR_TABLE_ROW,MATCH,https://www.fda.gov/media/177921/download?attachment
compilation→master,2001,Viread,tenofovir disoproxil fumarate,Gilead Sciences,NDA21356,2001-10-26,Priority,Yes,MATCHED,appl NDA21356,D676,YEAR_TABLE_ROW,MATCH,https://www.fda.gov/media/177921/download?attachment
compilation→master,2001,Xigris,drotrecogin alfa,Eli Lilly,BLA125029,2001-11-21,Priority,No,MATCHED,appl BLA125029,D1425,COMPILATION_ONLY_CBER,NOT_IN_OPENFDA,https://www.fda.gov/media/177921/download?attachment
compilation→master,2001,Yasmin,"drospirenone,ethinyl estradiol",Berlex Laboratories,NDA21098,2001-05-11,Standard,No,MATCHED,appl NDA21098,D670,YEAR_TABLE_ROW,MATCH_DATE_ONLY,https://www.fda.gov/media/177921/download?attachment
compilation→master,2001,Zometa,zoledronic acid,Novartis Pharmaceuticals,NDA21223,2001-08-20,Priority,No,MATCHED,appl NDA21223,D673,YEAR_TABLE_ROW,MATCH,https://www.fda.gov/media/177921/download?attachment
compilation→master,2002,Abilify,aripiprazole,Otsuka Pharmaceutical,NDA21436,2002-11-15,Standard,No,MATCHED,appl NDA21436,D698,YEAR_TABLE_ROW,MATCH,https://www.fda.gov/media/177921/download?attachment
compilation→master,2002,Alinia,nitazoxanide,Romark Laboratories,NDA21498,2002-11-22,Priority,No,MATCHED,appl NDA21498,D699,YEAR_TABLE_ROW,MATCH,https://www.fda.gov/media/177921/download?attachment
compilation→master,2002,Benicar,olmesartan medoxomil,Sankyo,NDA21286,2002-04-25,Standard,No,MATCHED,appl NDA21286,D687,YEAR_TABLE_ROW,MATCH_DATE_ONLY,https://www.fda.gov/media/177921/download?attachment
compilation→master,2002,Elitek,rasburicase,Sanofi-Synthelabo,BLA103946,2002-07-12,Standard,No,MATCHED,appl BLA103946,D1429,COMPILATION_ONLY_CBER,MATCH,https://www.fda.gov/media/177921/download?attachment
compilation→master,2002,Eloxatin,oxaliplatin,Sanofi-Synthelabo,NDA21492,2002-08-09,Priority,Yes,MATCHED,appl NDA21492,D694,YEAR_TABLE_ROW,MATCH,https://www.fda.gov/media/177921/download?attachment
compilation→master,2002,Extraneal,icodextrin,Baxter Healthcare,NDA21321,2002-12-20,Standard,No,MATCHED,appl NDA21321,D701,YEAR_TABLE_ROW,MISMATCH_DATE,https://www.fda.gov/media/177921/download?attachment
compilation→master,2002,Faslodex,fulvestrant,AstraZeneca Pharmaceuticals,NDA21344,2002-04-25,Standard,No,MATCHED,appl NDA21344,D688,YEAR_TABLE_ROW,MATCH,https://www.fda.gov/media/177921/download?attachment
compilation→master,2002,Hepsera,adefovir dipivoxil,Gilead Sciences,NDA21449,2002-09-20,Priority,No,MATCHED,appl NDA21449,D695,YEAR_TABLE_ROW,MATCH,https://www.fda.gov/media/177921/download?attachment
compilation→master,2002,Humira,adalimumab,Abbott Laboratories,BLA125057,2002-12-31,Standard,No,MATCHED,appl BLA125057,D1431,COMPILATION_ONLY_CBER,MATCH_DATE_ONLY,https://www.fda.gov/media/177921/download?attachment
compilation→master,2002,Imagent,"dimyristoylphosphatidylcholine, perflexane",Alliance Pharmaceuticals,NDA21191,2002-05-31,Standard,No,MATCHED,appl NDA21191,D691,YEAR_TABLE_ROW,MATCH_DATE_ONLY,https://www.fda.gov/media/177921/download?attachment
compilation→master,2002,Inspra,eplerenone,GD Searle,NDA21437,2002-09-27,Standard,No,MATCHED,appl NDA21437,D696,YEAR_TABLE_ROW,MATCH_DATE_ONLY,https://www.fda.gov/media/177921/download?attachment
compilation→master,2002,Neulasta,pegfilgrastim,Amgen,BLA125031,2002-01-31,Standard,No,MATCHED,appl BLA125031,D1426,COMPILATION_ONLY_CBER,MATCH,https://www.fda.gov/media/177921/download?attachment
compilation→master,2002,Orfadin,nitisinone,Swedish Orphan,NDA21232,2002-01-18,Priority,No,MATCHED,appl NDA21232,D686,YEAR_TABLE_ROW,MATCH,https://www.fda.gov/media/177921/download?attachment
compilation→master,2002,Pegasys,peginterferon alfa-2a,Hoffmann-La Roche,BLA103964,2002-10-16,Standard,No,MATCHED,appl BLA103964,D1430,COMPILATION_ONLY_CBER,MATCH_DATE_ONLY,https://www.fda.gov/media/177921/download?attachment
compilation→master,2002,Rebif,interferon beta-1a,Serono,BLA103780,2002-03-07,Standard,No,MATCHED,appl BLA103780,D1428,COMPILATION_ONLY_CBER,MATCH,https://www.fda.gov/media/177921/download?attachment
compilation→master,2002,Relpax,eletriptan hydrobromide,Pfizer,NDA21016,2002-12-26,Standard,No,MATCHED,appl NDA21016,D702,YEAR_TABLE_ROW,MATCH_DATE_ONLY,https://www.fda.gov/media/177921/download?attachment
compilation→master,2002,Remodulin,treprostinil sodium,United Therapeutics,NDA21272,2002-05-21,Priority,Yes,MATCHED,appl NDA21272,D689,YEAR_TABLE_ROW,MATCH,https://www.fda.gov/media/177921/download?attachment
compilation→master,2002,Strattera,atomoxetine hydrochloride,Eli Lilly,NDA21411,2002-11-26,Standard,No,MATCHED,appl NDA21411,D700,YEAR_TABLE_ROW,MATCH,https://www.fda.gov/media/177921/download?attachment
compilation→master,2002,Vfend,voriconazole,Pfizer,NDA21266;NDA21267,2002-05-24,Standard,No,MATCHED,appl NDA21266,D690,YEAR_TABLE_ROW,MATCH_DATE_ONLY,https://www.fda.gov/media/177921/download?attachment
compilation→master,2002,Xyrem,sodium oxybate,Orphan Medical,NDA21196,2002-07-17,Priority,No,MATCHED,appl NDA21196,D692,YEAR_TABLE_ROW,MATCH,https://www.fda.gov/media/177921/download?attachment
compilation→master,2002,Zelnorm,tegaserod maleate,Novartis Pharmaceuticals,NDA21200,2002-07-24,Priority,No,MATCHED,appl NDA21200,D693,YEAR_TABLE_ROW,MATCH_DATE_ONLY,https://www.fda.gov/media/177921/download?attachment
compilation→master,2002,Zetia,ezetimibe,Schering,NDA21445,2002-10-25,Standard,No,MATCHED,appl NDA21445,D697,YEAR_TABLE_ROW,MATCH_DATE_ONLY,https://www.fda.gov/media/177921/download?attachment
compilation→master,2002,Zevalin,ibritumomab tiuxetan,Idec Pharmaceuticals,BLA125019,2002-02-19,Priority,Yes,MATCHED,appl BLA125019,D1427,COMPILATION_ONLY_CBER,MATCH_DATE_ONLY,https://www.fda.gov/media/177921/download?attachment
compilation→master,2003,Aldurazyme,laronidase,Biomarin Pharmaceutical,BLA125058,2003-04-30,Priority,No,MATCHED,appl BLA125058,D1434,COMPILATION_ONLY_CBER,MATCH,https://www.fda.gov/media/177921/download?attachment
compilation→master,2003,Aloxi,palonosetron hydrochloride,Helsinn Healthcare,NDA21372,2003-07-25,Standard,No,MATCHED,appl NDA21372,D713,YEAR_TABLE_ROW,MATCH,https://www.fda.gov/media/177921/download?attachment
compilation→master,2003,Amevive,alefacept,Biogen,BLA125036,2003-01-30,Standard,No,MATCHED,appl BLA125036,D1432,COMPILATION_ONLY_CBER,NOT_IN_OPENFDA,https://www.fda.gov/media/177921/download?attachment
compilation→master,2003,Bexxar,"tositumomab, iodine I 131 tositumomab",Corixa,BLA125011,2003-06-27,Priority,No,MATCHED,appl BLA125011,D1436,COMPILATION_ONLY_CBER,NOT_IN_OPENFDA,https://www.fda.gov/media/177921/download?attachment
compilation→master,2003,Boniva,ibandronate sodium,Hoffmann-La Roche,NDA21455,2003-05-16,Standard,No,MATCHED,appl NDA21455,D709,YEAR_TABLE_ROW,MATCH,https://www.fda.gov/media/177921/download?attachment
compilation→master,2003,Cialis,tadalafil,Lilly Icos,NDA21368,2003-11-21,Standard,No,MATCHED,appl NDA21368,D721,YEAR_TABLE_ROW,MATCH,https://www.fda.gov/media/177921/download?attachment
compilation→master,2003,Crestor,rosuvastatin calcium,AstraZeneca Pharmaceuticals,NDA21366,2003-08-12,Standard,No,MATCHED,appl NDA21366,D715,YEAR_TABLE_ROW,MATCH,https://www.fda.gov/media/177921/download?attachment
compilation→master,2003,Cubicin,daptomycin,Cubist Pharmaceuticals,NDA21572,2003-09-12,Priority,No,MATCHED,appl NDA21572,D717,YEAR_TABLE_ROW,MATCH,https://www.fda.gov/media/177921/download?attachment
compilation→master,2003,Elestat,epinastine hydrochloride,Allergan,NDA21565,2003-10-16,Standard,No,MATCHED,appl NDA21565,D719,YEAR_TABLE_ROW,MATCH,https://www.fda.gov/media/177921/download?attachment
compilation→master,2003,Emend,aprepitant,Merck,NDA21549,2003-03-26,Priority,No,MATCHED,appl NDA21549,D705,YEAR_TABLE_ROW,MATCH_DATE_ONLY,https://www.fda.gov/media/177921/download?attachment
compilation→master,2003,Emtriva,emtricitabine,Gilead Sciences,NDA21500,2003-07-02,Standard,No,MATCHED,appl NDA21500,D712,YEAR_TABLE_ROW,MATCH,https://www.fda.gov/media/177921/download?attachment
compilation→master,2003,Ertaczo,sertaconazole nitrate,Mylan Pharmaceuticals,NDA21385,2003-12-10,Standard,No,MATCHED,appl NDA21385,D723,YEAR_TABLE_ROW,MATCH_DATE_ONLY,https://www.fda.gov/media/177921/download?attachment
compilation→master,2003,Fabrazyme,agalsidase beta,Genzyme,BLA103979,2003-04-24,Priority,Yes,MATCHED,appl BLA103979,D1433,COMPILATION_ONLY_CBER,MATCH,https://www.fda.gov/media/177921/download?attachment
compilation→master,2003,Factive,gemifloxacin mesylate,LG Life Sciences,NDA21158,2003-04-04,Standard,No,MATCHED,appl NDA21158,D706,YEAR_TABLE_ROW,MATCH,https://www.fda.gov/media/177921/download?attachment
compilation→master,2003,Fuzeon,enfuvirtide,Hoffmann-La Roche,NDA21481,2003-03-13,Priority,Yes,MATCHED,appl NDA21481,D703,YEAR_TABLE_ROW,MATCH,https://www.fda.gov/media/177921/download?attachment
compilation→master,2003,Iressa,gefitinib,AstraZeneca Pharmaceuticals,NDA21399,2003-05-05,Priority,Yes,MATCHED,appl NDA21399,D707,YEAR_TABLE_ROW,MATCH,https://www.fda.gov/media/177921/download?attachment
compilation→master,2003,Levitra,vardenafil hydrochloride,Bayer,NDA21400,2003-08-19,Standard,No,MATCHED,appl NDA21400,D716,YEAR_TABLE_ROW,MATCH,https://www.fda.gov/media/177921/download?attachment
compilation→master,2003,Namenda,memantine hydrochloride,Forest Laboratories,NDA21487,2003-10-16,Standard,No,MATCHED,appl NDA21487,D720,YEAR_TABLE_ROW,MATCH_DATE_ONLY,https://www.fda.gov/media/177921/download?attachment
compilation→master,2003,Plenaxis,abarelix,Praecis Pharmaceuticals,NDA21320,2003-11-25,Priority,No,MATCHED,appl NDA21320,D722,YEAR_TABLE_ROW,MATCH_DATE_ONLY,https://www.fda.gov/media/177921/download?attachment
compilation→master,2003,Radiogardase,prussian blue,Heyl Chemisch-pharmazeutische Fabrik GmbH,NDA21626,2003-10-02,Priority,No,MATCHED,appl NDA21626,D718,YEAR_TABLE_ROW,MATCH,https://www.fda.gov/media/177921/download?attachment
compilation→master,2003,Raptiva,efalizumab,Genentech,BLA125075,2003-10-27,Standard,No,MATCHED,appl BLA125075,D1437,COMPILATION_ONLY_CBER,NOT_IN_OPENFDA,https://www.fda.gov/media/177921/download?attachment
compilation→master,2003,Reyataz,atazanavir sulfate,Bristol-Myers Squibb,NDA21567,2003-06-20,Priority,No,MATCHED,appl NDA21567,D711,YEAR_TABLE_ROW,MATCH,https://www.fda.gov/media/177921/download?attachment
compilation→master,2003,Somavert,pegvisomant,Pharmacia and Upjohn,BLA21106,2003-03-25,Priority,No,MATCHED,appl BLA21106,D704,YEAR_TABLE_ROW,MATCH,https://www.fda.gov/media/177921/download?attachment
compilation→master,2003,Uroxatral,alfuzosin hydrochloride,Sanofi-Synthelabo,NDA21287,2003-06-12,Standard,No,MATCHED,appl NDA21287,D710,YEAR_TABLE_ROW,MATCH_DATE_ONLY,https://www.fda.gov/media/177921/download?attachment
compilation→master,2003,Velcade,bortezomib,Millennium Pharmaceuticals,NDA21602,2003-05-13,Priority,Yes,MATCHED,appl NDA21602,D708,YEAR_TABLE_ROW,MATCH,https://www.fda.gov/media/177921/download?attachment
compilation→master,2003,Xolair,omalizumab,Genentech,BLA103976,2003-06-20,Standard,No,MATCHED,appl BLA103976,D1435,COMPILATION_ONLY_CBER,MATCH,https://www.fda.gov/media/177921/download?attachment
compilation→master,2003,Zavesca,miglustat,Actelion Pharmaceuticals,NDA21348,2003-07-31,Standard,No,MATCHED,appl NDA21348,D714,YEAR_TABLE_ROW,MATCH,https://www.fda.gov/media/177921/download?attachment
compilation→master,2004,Alimta,pemetrexed disodium,Eli Lilly,NDA21462,2004-02-04,Priority,No,MATCHED,appl NDA21462,D725,YEAR_TABLE_ROW,MATCH,https://www.fda.gov/media/177921/download?attachment
compilation→master,2004,Amphadase,hyaluronidase (bovine),Amphastar Pharmaceuticals,BLA21665,2004-10-26,Priority,No,MATCHED,appl BLA21665,D744,YEAR_TABLE_ROW,MATCH,https://www.fda.gov/media/177921/download?attachment
compilation→master,2004,Apidra,insulin glulisine,Aventis Pharmaceuticals,BLA21629,2004-04-16,Standard,No,MATCHED,appl BLA21629,D731,YEAR_TABLE_ROW,MATCH,https://www.fda.gov/media/177921/download?attachment
compilation→master,2004,Apokyn,apomorphine hydrochloride,Bertek Pharmaceuticals,NDA21264,2004-04-20,Priority,No,MATCHED,appl NDA21264,D732,YEAR_TABLE_ROW,MATCH_DATE_ONLY,https://www.fda.gov/media/177921/download?attachment
compilation→master,2004,Avastin,bevacizumab,Genentech,BLA125085,2004-02-26,Priority,No,MATCHED,appl BLA125085,D727,YEAR_TABLE_ROW,MATCH,https://www.fda.gov/media/177921/download?attachment
compilation→master,2004,Campral,acamprosate calcium,Lipha Pharmaceuticals,NDA21431,2004-07-29,Priority,No,MATCHED,appl NDA21431,D740,YEAR_TABLE_ROW,MATCH_DATE_ONLY,https://www.fda.gov/media/177921/download?attachment
compilation→master,2004,ChiRhoStim,human secretin,ChiRhoClin,NDA21256,2004-04-09,Priority,No,MATCHED,appl NDA21256,D730,YEAR_TABLE_ROW,MATCH,https://www.fda.gov/media/177921/download?attachment
compilation→master,2004,Clolar,clofarbine,Genzyme,NDA21673,2004-12-28,Priority,Yes,MATCHED,appl NDA21673,D756,YEAR_TABLE_ROW,MATCH,https://www.fda.gov/media/177921/download?attachment
compilation→master,2004,Cymbalta,duloxetine hydrochloride,Eli Lilly,NDA21427,2004-08-03,Standard,No,MATCHED,appl NDA21427,D741,YEAR_TABLE_ROW,MATCH,https://www.fda.gov/media/177921/download?attachment
compilation→master,2004,Enablex,darifenacin hydrobromide,Novartis Pharmaceuticals,NDA21513,2004-12-22,Standard,No,MATCHED,appl NDA21513,D755,YEAR_TABLE_ROW,MATCH_DATE_ONLY,https://www.fda.gov/media/177921/download?attachment
compilation→master,2004,Erbitux,cetuximab,ImClone Systems,BLA125084,2004-02-12,Priority,Yes,MATCHED,appl BLA125084,D726,YEAR_TABLE_ROW,MATCH,https://www.fda.gov/media/177921/download?attachment
compilation→master,2004,Fosrenol,lanthanum carbonate hydrate,Shire Pharmaceutical Development,NDA21468,2004-10-26,Standard,No,MATCHED,appl NDA21468,D745,YEAR_TABLE_ROW,MATCH,https://www.fda.gov/media/177921/download?attachment
compilation→master,2004,Kepivance,palifermin,Amgen,BLA125103,2004-12-15,Priority,No,MATCHED,appl BLA125103,D751,YEAR_TABLE_ROW,MATCH_DATE_ONLY,https://www.fda.gov/media/177921/download?attachment
compilation→master,2004,Ketek,telithromycin,Aventis Pharmaceuticals,NDA21144,2004-04-01,Standard,No,MATCHED,appl NDA21144,D729,YEAR_TABLE_ROW,MATCH,https://www.fda.gov/media/177921/download?attachment
compilation→master,2004,Lunesta,eszopiclone,Sepracor,NDA21476,2004-12-15,Standard,No,MATCHED,appl NDA21476,D752,YEAR_TABLE_ROW,MATCH_DATE_ONLY,https://www.fda.gov/media/177921/download?attachment
compilation→master,2004,Lyrica,pregabalin,Pfizer,NDA21446;NDA21723,2004-12-30,Priority (indication [A] only),No,MATCHED,appl NDA21446,D759,YEAR_TABLE_ROW,MATCH_DATE_ONLY,https://www.fda.gov/media/177921/download?attachment
compilation→master,2004,Macugen,pegaptanib sodium,Eyetech Pharmaceuticals,NDA21756,2004-12-17,Priority,No,MATCHED,appl NDA21756,D754,YEAR_TABLE_ROW,MISMATCH_DATE,https://www.fda.gov/media/177921/download?attachment
compilation→master,2004,Multihance,gadobenate dimeglumine,Bracco Diagnostics,NDA21357;NDA21358,2004-11-23,Standard,No,MATCHED,appl NDA21357,D749,YEAR_TABLE_ROW,MATCH,https://www.fda.gov/media/177921/download?attachment
compilation→master,2004,NeutroSpec,technetium Tc 99m fanolesomab,Palatin Technologies,BLA103928,2004-07-02,Standard,No,MATCHED,appl BLA103928,D739,YEAR_TABLE_ROW,NOT_IN_OPENFDA,https://www.fda.gov/media/177921/download?attachment
compilation→master,2004,NutreStore,l-glutamine,Nutritional Restart Pharmaceutical,NDA21667,2004-06-10,Standard,No,MATCHED,appl NDA21667,D738,YEAR_TABLE_ROW,MATCH_DATE_ONLY,https://www.fda.gov/media/177921/download?attachment
compilation→master,2004,Omacor,omega-3-acid ethyl esters,Abbott Laboratories,NDA21654,2004-11-10,Standard,No,MATCHED,appl NDA21654,D746,YEAR_TABLE_ROW,MATCH_VIA_GENERIC,https://www.fda.gov/media/177921/download?attachment
compilation→master,2004,Prialt,ziconotide,Elan Pharmaceuticals,NDA21060,2004-12-28,Priority,No,MATCHED,appl NDA21060,D757,YEAR_TABLE_ROW,MATCH_DATE_ONLY,https://www.fda.gov/media/177921/download?attachment
compilation→master,2004,Sanctura,trospium chloride,Indevus Pharmaceuticals,NDA21595,2004-05-28,Standard,No,MATCHED,appl NDA21595,D737,YEAR_TABLE_ROW,MATCH_DATE_ONLY,https://www.fda.gov/media/177921/download?attachment
compilation→master,2004,Sensipar,cinacalcet hydrochloride,Amgen,NDA21688,2004-03-08,Priority,No,MATCHED,appl NDA21688,D728,YEAR_TABLE_ROW,MATCH,https://www.fda.gov/media/177921/download?attachment
compilation→master,2004,Spiriva Handihaler,tiotropium bromide,Boehringer Ingelheim Pharmaceuticals,NDA21395,2004-01-30,Standard,No,MATCHED,appl NDA21395,D724,YEAR_TABLE_ROW,MATCH,https://www.fda.gov/media/177921/download?attachment
compilation→master,2004,Tarceva,erlotinib hydrochloride,OSI Pharmaceuticals,NDA21743,2004-11-18,Priority,No,MATCHED,appl NDA21743,D747,YEAR_TABLE_ROW,MATCH,https://www.fda.gov/media/177921/download?attachment
compilation→master,2004,Tindamax,tinidazole,Presutti Laboratories,NDA21618;NDA21681;NDA21682,2004-05-17,Standard,No,MATCHED,appl NDA21618,D734,YEAR_TABLE_ROW,MATCH_DATE_ONLY,https://www.fda.gov/media/177921/download?attachment
compilation→master,2004,Tysabri,natalizumab,Biogen Idec,BLA125104,2004-11-23,Priority,Yes,MATCHED,appl BLA125104,D750,YEAR_TABLE_ROW,MATCH,https://www.fda.gov/media/177921/download?attachment
compilation→master,2004,Ventavis,iloprost,CoTherix,NDA21779,2004-12-29,Priority,No,MATCHED,appl NDA21779,D758,YEAR_TABLE_ROW,MATCH,https://www.fda.gov/media/177921/download?attachment
compilation→master,2004,Vesicare,solifenacin succinate,Yamanouchi Pharma America,NDA21518,2004-11-19,Standard,No,MATCHED,appl NDA21518,D748,YEAR_TABLE_ROW,MATCH,https://www.fda.gov/media/177921/download?attachment
compilation→master,2004,Vidaza,azacitidine,Pharmion,NDA50794,2004-05-19,Priority,No,MATCHED,appl NDA50794,D735,YEAR_TABLE_ROW,MATCH_DATE_ONLY,https://www.fda.gov/media/177921/download?attachment
compilation→master,2004,VisionBlue,trypan blue,Dutch Ophthalmic USA,NDA21670,2004-12-16,Priority,No,MATCHED,appl NDA21670,D753,YEAR_TABLE_ROW,MATCH_DATE_ONLY,https://www.fda.gov/media/177921/download?attachment
compilation→master,2004,Vitrase,hyaluronidase (ovine),Ista Pharmaceuticals,BLA21640,2004-05-05,Priority,No,MATCHED,appl BLA21640,D733,YEAR_TABLE_ROW,MATCH,https://www.fda.gov/media/177921/download?attachment
compilation→master,2004,Xifaxan,rifaximin,Salix Pharmaceuticals,NDA21361,2004-05-25,Standard,No,MATCHED,appl NDA21361,D736,YEAR_TABLE_ROW,MATCH,https://www.fda.gov/media/177921/download?attachment
compilation→master,2004,[drug marketed without a proprietary name],pentetate calcium trisodium,Hameln Pharmaceuticals GmbH,NDA21749,2004-08-11,Priority,No,MATCHED,appl NDA21749,D742,YEAR_TABLE_ROW,MATCH,https://www.fda.gov/media/177921/download?attachment
compilation→master,2004,[drug marketed without a proprietary name],pentetate zinc trisodium,Hameln Pharmaceuticals GmbH,NDA21751,2004-08-11,Priority,No,MATCHED,appl NDA21751,D743,YEAR_TABLE_ROW,MATCH,https://www.fda.gov/media/177921/download?attachment
compilation→master,2005,Aptivus,tipranavir,Boehringer Ingelheim Pharmaceuticals,NDA21814,2005-06-22,Priority,Yes,MATCHED,appl NDA21814,D767,YEAR_TABLE_ROW,MATCH,https://www.fda.gov/media/177921/download?attachment
compilation→master,2005,Arranon,nelarabine,GlaxoSmithKline,NDA21877,2005-10-28,Priority,Yes,MATCHED,appl NDA21877,D772,YEAR_TABLE_ROW,MATCH_DATE_ONLY,https://www.fda.gov/media/177921/download?attachment
compilation→master,2005,Baraclude,entecavir,Bristol-Myers Squibb,NDA21797;NDA21798,2005-03-29,Priority,No,MATCHED,appl NDA21797,D762,YEAR_TABLE_ROW,MATCH,https://www.fda.gov/media/177921/download?attachment
compilation→master,2005,Byetta,exenatide,Amylin Pharmaceuticals,NDA21773,2005-04-28,Standard,No,MATCHED,appl NDA21773,D763,YEAR_TABLE_ROW,MATCH_DATE_ONLY,https://www.fda.gov/media/177921/download?attachment
compilation→master,2005,Exjade,deferasirox,Novartis Pharmaceuticals,NDA21882,2005-11-02,Priority,Yes,MATCHED,appl NDA21882,D773,YEAR_TABLE_ROW,MATCH,https://www.fda.gov/media/177921/download?attachment
compilation→master,2005,Hydase,hyaluronidase (bovine),PrimaPharm,BLA21716,2005-10-25,Priority,No,MATCHED,appl BLA21716,D771,YEAR_TABLE_ROW,MATCH_DATE_ONLY,https://www.fda.gov/media/177921/download?attachment
compilation→master,2005,Hylenex,hyaluronidase (human),Halozyme Therapeutics,BLA21859,2005-12-02,Priority,No,MATCHED,appl BLA21859,D774,YEAR_TABLE_ROW,MATCH,https://www.fda.gov/media/177921/download?attachment
compilation→master,2005,Increlex,mecasermin (rDNA origin),Tercica,BLA21839,2005-08-30,Priority,No,MATCHED,appl BLA21839,D770,YEAR_TABLE_ROW,MATCH,https://www.fda.gov/media/177921/download?attachment
compilation→master,2005,Iplex,mecasermin rinfabate (rDNA origin),Insmed,BLA21884,2005-12-12,Priority,No,MATCHED,appl BLA21884,D775,YEAR_TABLE_ROW,MATCH,https://www.fda.gov/media/177921/download?attachment
compilation→master,2005,Levemir,insulin detemir,Novo Nordisk,BLA21536,2005-06-16,Standard,No,MATCHED,appl BLA21536,D766,YEAR_TABLE_ROW,MATCH,https://www.fda.gov/media/177921/download?attachment
compilation→master,2005,Mycamine,micafungin sodium,Fujisawa Healthcare,NDA21506;NDA21754,2005-03-16,Priority (indication [A] only),No,MATCHED,appl NDA21506,D760,YEAR_TABLE_ROW,MATCH,https://www.fda.gov/media/177921/download?attachment
compilation→master,2005,Naglazyme,galsulfase,Biomarin Pharmaceutical,BLA125117,2005-05-31,Priority,No,MATCHED,appl BLA125117,D764,YEAR_TABLE_ROW,MATCH,https://www.fda.gov/media/177921/download?attachment
compilation→master,2005,Nevanac,nepafenac,Alcon,NDA21862,2005-08-19,Priority,No,MATCHED,appl NDA21862,D769,YEAR_TABLE_ROW,MATCH_DATE_ONLY,https://www.fda.gov/media/177921/download?attachment
compilation→master,2005,Nexavar,sorafenib tosylate,Bayer Pharmaceuticals,NDA21923,2005-12-20,Priority,No,MATCHED,appl NDA21923,D776,YEAR_TABLE_ROW,MISMATCH_DATE,https://www.fda.gov/media/177921/download?attachment
compilation→master,2005,Orencia,abatacept,Bristol-Myers Squibb,BLA125118,2005-12-23,Priority,No,MATCHED,appl BLA125118,D777,YEAR_TABLE_ROW,MATCH,https://www.fda.gov/media/177921/download?attachment
compilation→master,2005,Revlimid,lenalidomide,Celgene,NDA21880,2005-12-27,Priority,No,MATCHED,appl NDA21880,D778,YEAR_TABLE_ROW,MATCH_DATE_ONLY,https://www.fda.gov/media/177921/download?attachment
compilation→master,2005,Rozerem,ramelteon,Takeda Global Research & Development Center,NDA21782,2005-07-22,Standard,No,MATCHED,appl NDA21782,D768,YEAR_TABLE_ROW,MATCH,https://www.fda.gov/media/177921/download?attachment
compilation→master,2005,Symlin,pramlintide acetate,Amylin Pharmaceuticals,NDA21332,2005-03-16,Standard,No,MATCHED,appl NDA21332,D761,YEAR_TABLE_ROW,MATCH_DATE_ONLY,https://www.fda.gov/media/177921/download?attachment
compilation→master,2005,Tygacil,tigecycline,Wyeth Pharmaceuticals,NDA21821,2005-06-15,Priority,No,MATCHED,appl NDA21821,D765,YEAR_TABLE_ROW,MATCH_DATE_ONLY,https://www.fda.gov/media/177921/download?attachment
compilation→master,2005,Vaprisol,conivaptan hydrochloride,Astellas Pharma,NDA21697,2005-12-29,Standard,No,MATCHED,appl NDA21697,D779,YEAR_TABLE_ROW,MATCH_DATE_ONLY,https://www.fda.gov/media/177921/download?attachment
compilation→master,2006,Amitiza,lubiprostone,Sucampo Pharmaceuticals,NDA21908,2006-01-31,Standard,No,MATCHED,appl NDA21908,D782,YEAR_TABLE_ROW,MATCH,https://www.fda.gov/media/177921/download?attachment
compilation→master,2006,Anthelios SX,"avobenzone, ecamsule, octocrylene",L'Oreal USA Products,NDA21502,2006-07-21,Standard,No,MATCHED,appl NDA21502,D791,YEAR_TABLE_ROW,MATCH_DATE_ONLY,https://www.fda.gov/media/177921/download?attachment
compilation→master,2006,Azilect,rasagiline mesylate,Teva Pharmaceuticals,NDA21641,2006-05-16,Standard,No,MATCHED,appl NDA21641,D787,YEAR_TABLE_ROW,MATCH,https://www.fda.gov/media/177921/download?attachment
compilation→master,2006,Chantix,varenicline,Pfizer,NDA21928,2006-05-10,Priority,No,MATCHED,appl NDA21928,D786,YEAR_TABLE_ROW,MATCH_DATE_ONLY,https://www.fda.gov/media/177921/download?attachment
compilation→master,2006,Dacogen,decitabine,MGI Pharma,NDA21790,2006-05-02,Standard,No,MATCHED,appl NDA21790,D785,YEAR_TABLE_ROW,MATCH_DATE_ONLY,https://www.fda.gov/media/177921/download?attachment
compilation→master,2006,Elaprase,idursulfase,Shire Human Genetic Therapies,BLA125151,2006-07-24,Priority,No,MATCHED,appl BLA125151,D792,YEAR_TABLE_ROW,MATCH,https://www.fda.gov/media/177921/download?attachment
compilation→master,2006,Eraxis,anidulafungin,Pfizer,NDA21632;NDA21948,2006-02-17,Priority (indication [B] only),No,MATCHED,appl NDA21632,D783,YEAR_TABLE_ROW,MATCH,https://www.fda.gov/media/177921/download?attachment
compilation→master,2006,Invega,paliperidone,Johnson & Johnson,NDA21999,2006-12-19,Standard,No,MATCHED,appl NDA21999,D801,YEAR_TABLE_ROW,MATCH,https://www.fda.gov/media/177921/download?attachment
compilation→master,2006,Januvia,sitagliptin phosphate,Merck,NDA21995,2006-10-16,Standard,No,MATCHED,appl NDA21995,D797,YEAR_TABLE_ROW,MATCH_DATE_ONLY,https://www.fda.gov/media/177921/download?attachment
compilation→master,2006,Lucentis,ranibizumab,Genentech,BLA125156,2006-06-30,Priority,No,MATCHED,appl BLA125156,D790,YEAR_TABLE_ROW,MATCH,https://www.fda.gov/media/177921/download?attachment
compilation→master,2006,Myozyme,alglucosidase alfa,Genzyme,BLA125141,2006-04-28,Priority,No,MATCHED,appl BLA125141,D784,YEAR_TABLE_ROW,MATCH,https://www.fda.gov/media/177921/download?attachment
compilation→master,2006,Noxafil,posaconazole,Schering,NDA22003,2006-09-15,Priority,No,MATCHED,appl NDA22003,D793,YEAR_TABLE_ROW,MATCH,https://www.fda.gov/media/177921/download?attachment
compilation→master,2006,Omnaris,ciclesonide,Altana Pharma,NDA22004,2006-10-20,Standard,No,MATCHED,appl NDA22004,D798,YEAR_TABLE_ROW,MATCH_DATE_ONLY,https://www.fda.gov/media/177921/download?attachment
compilation→master,2006,Prezista,darunavir,Tibotec,NDA21976,2006-06-23,Priority,Yes,MATCHED,appl NDA21976,D788,YEAR_TABLE_ROW,MATCH_DATE_ONLY,https://www.fda.gov/media/177921/download?attachment
compilation→master,2006,Pylera,"biskalcitrate, metronidazole, tetracycline hydrochloride",Axcan Scandipharm,NDA50786,2006-09-28,Standard,No,MATCHED,appl NDA50786,D795,YEAR_TABLE_ROW,MATCH_DATE_ONLY,https://www.fda.gov/media/177921/download?attachment
compilation→master,2006,Ranexa,ranolazine,CV Therapeutics,NDA21526,2006-01-27,Standard,No,MATCHED,appl NDA21526,D781,YEAR_TABLE_ROW,MATCH_DATE_ONLY,https://www.fda.gov/media/177921/download?attachment
compilation→master,2006,Sprycel,dasatinib,Bristol-Myers Squibb,NDA21986;NDA22072,2006-06-28,Priority,Yes (indication [A] only),MATCHED,appl NDA21986,D789,YEAR_TABLE_ROW,MATCH,https://www.fda.gov/media/177921/download?attachment
compilation→master,2006,Sutent,sunitinib malate,Pfizer,NDA21938;NDA21968,2006-01-26,Priority,Yes (indication [B] only),MATCHED,appl NDA21938,D780,YEAR_TABLE_ROW,MATCH_DATE_ONLY,https://www.fda.gov/media/177921/download?attachment
compilation→master,2006,Tyzeka,telbivudine,Idenix Pharmaceuticals,NDA22011,2006-10-25,Standard,No,MATCHED,appl NDA22011,D799,YEAR_TABLE_ROW,MATCH_DATE_ONLY,https://www.fda.gov/media/177921/download?attachment
compilation→master,2006,Vectibix,panitumumab,Amgen,BLA125147,2006-09-27,Priority,Yes,MATCHED,appl BLA125147,D794,YEAR_TABLE_ROW,MATCH,https://www.fda.gov/media/177921/download?attachment
compilation→master,2006,Veregen,kunecatechins,Medigene,NDA21902,2006-10-31,Standard,No,MATCHED,appl NDA21902,D800,YEAR_TABLE_ROW,MATCH_DATE_ONLY,https://www.fda.gov/media/177921/download?attachment
compilation→master,2006,Zolinza,vorinostat,Merck,NDA21991,2006-10-06,Priority,No,MATCHED,appl NDA21991,D796,YEAR_TABLE_ROW,MATCH,https://www.fda.gov/media/177921/download?attachment
compilation→master,2007,Altabax,retapamulin,GlaxoSmithKline,NDA22055,2007-04-12,Standard,No,MATCHED,appl NDA22055,D806,YEAR_TABLE_ROW,MATCH_DATE_ONLY,https://www.fda.gov/media/177921/download?attachment
compilation→master,2007,Bystolic,nebivolol,Mylan Bertek Pharmaceuticals,NDA21742,2007-12-17,Standard,No,MATCHED,appl NDA21742,D819,YEAR_TABLE_ROW,MATCH_DATE_ONLY,https://www.fda.gov/media/177921/download?attachment
compilation→master,2007,Doribax,doripenem,Johnson & Johnson,NDA22106,2007-10-12,Standard,No,MATCHED,appl NDA22106,D813,YEAR_TABLE_ROW,MATCH_DATE_ONLY,https://www.fda.gov/media/177921/download?attachment
compilation→master,2007,Isentress,raltegravir,Merck,NDA22145,2007-10-12,Priority,Yes,MATCHED,appl NDA22145,D814,YEAR_TABLE_ROW,MATCH,https://www.fda.gov/media/177921/download?attachment
compilation→master,2007,Ixempra,ixabepilone,Bristol-Myers Squibb,NDA22065,2007-10-16,Priority,No,MATCHED,appl NDA22065,D815,YEAR_TABLE_ROW,MATCH_DATE_ONLY,https://www.fda.gov/media/177921/download?attachment
compilation→master,2007,Kuvan,sapropterin dihydrochloride,Biomarin Pharmaceutical,NDA22181,2007-12-13,Priority,No,MATCHED,appl NDA22181,D818,YEAR_TABLE_ROW,MATCH,https://www.fda.gov/media/177921/download?attachment
compilation→master,2007,Letairis,ambrisentan,Gilead Sciences,NDA22081,2007-06-15,Priority,No,MATCHED,appl NDA22081,D809,YEAR_TABLE_ROW,MATCH,https://www.fda.gov/media/177921/download?attachment
compilation→master,2007,Mircera,methoxy polyethylene glycol-epoetin beta,Hoffmann-La Roche,BLA125164,2007-11-14,Standard,No,MATCHED,appl BLA125164,D817,YEAR_TABLE_ROW,MATCH,https://www.fda.gov/media/177921/download?attachment
compilation→master,2007,Neupro,rotigotine,Schwarz BioSciences,NDA21829,2007-05-09,Standard,No,MATCHED,appl NDA21829,D807,YEAR_TABLE_ROW,MATCH,https://www.fda.gov/media/177921/download?attachment
compilation→master,2007,Selzentry,maraviroc,Pfizer,NDA22128,2007-08-06,Priority,Yes,MATCHED,appl NDA22128,D810,YEAR_TABLE_ROW,MATCH_DATE_ONLY,https://www.fda.gov/media/177921/download?attachment
compilation→master,2007,Soliris,eculizumab,Alexion Pharmaceuticals,BLA125166,2007-03-16,Priority,No,MATCHED,appl BLA125166,D805,YEAR_TABLE_ROW,MATCH,https://www.fda.gov/media/177921/download?attachment
compilation→master,2007,Somatuline Depot,lanreotide,Beaufour Ipsen Pharma,NDA22074,2007-08-30,Standard,No,MATCHED,appl NDA22074,D812,YEAR_TABLE_ROW,MATCH,https://www.fda.gov/media/177921/download?attachment
compilation→master,2007,Tasigna,nilotinib,Novartis Pharmaceuticals,NDA22068,2007-10-29,Standard,Yes,MATCHED,appl NDA22068,D816,YEAR_TABLE_ROW,MATCH,https://www.fda.gov/media/177921/download?attachment
compilation→master,2007,Tekturna,aliskiren,Novartis Pharmaceuticals,NDA21985,2007-03-05,Standard,No,MATCHED,appl NDA21985,D803,YEAR_TABLE_ROW,MATCH_DATE_ONLY,https://www.fda.gov/media/177921/download?attachment
compilation→master,2007,Torisel,temsirolimus,Wyeth,NDA22088,2007-05-30,Priority,No,MATCHED,appl NDA22088,D808,YEAR_TABLE_ROW,MATCH_DATE_ONLY,https://www.fda.gov/media/177921/download?attachment
compilation→master,2007,Tykerb,lapatinib,GlaxoSmithKline,NDA22059,2007-03-13,Priority,No,MATCHED,appl NDA22059,D804,YEAR_TABLE_ROW,MATCH_DATE_ONLY,https://www.fda.gov/media/177921/download?attachment
compilation→master,2007,Vyvanse,lisdexamfetamine dimesylate,New River Pharmaceuticals,NDA21977,2007-02-23,Standard,No,MATCHED,appl NDA21977,D802,YEAR_TABLE_ROW,MATCH_DATE_ONLY,https://www.fda.gov/media/177921/download?attachment
compilation→master,2007,[drug marketed without a proprietary name],ammonia N 13,Feinstein Institute for Medical Research,NDA22119,2007-08-23,Standard,No,MATCHED,appl NDA22119,D811,YEAR_TABLE_ROW,MATCH,https://www.fda.gov/media/177921/download?attachment
compilation→master,2008,AdreView,iobenguane I 123,GE Healthcare,NDA22290,2008-09-19,Priority,No,MATCHED,appl NDA22290,D833,YEAR_TABLE_ROW,MATCH,https://www.fda.gov/media/177921/download?attachment
compilation→master,2008,Arcalyst,rilonacept,Regeneron Pharmaceuticals,BLA125249,2008-02-27,Priority,No,MATCHED,appl BLA125249,D821,YEAR_TABLE_ROW,MATCH_DATE_ONLY,https://www.fda.gov/media/177921/download?attachment
compilation→master,2008,Banzel,rufinamide,Eisai Medical Research,NDA21911,2008-11-14,Standard,No,MATCHED,appl NDA21911,D837,YEAR_TABLE_ROW,MATCH,https://www.fda.gov/media/177921/download?attachment
compilation→master,2008,Cimzia,certolizumab pegol,UCB,BLA125160,2008-04-22,Standard,No,MATCHED,appl BLA125160,D825,YEAR_TABLE_ROW,MATCH,https://www.fda.gov/media/177921/download?attachment
compilation→master,2008,Cleviprex,clevidipine,The Medicines Company,NDA22156,2008-08-01,Standard,No,MATCHED,appl NDA22156,D830,YEAR_TABLE_ROW,MATCH_DATE_ONLY,https://www.fda.gov/media/177921/download?attachment
compilation→master,2008,Durezol,difluprednate,Sirion Therapeutics,NDA22212,2008-06-23,Priority,No,MATCHED,appl NDA22212,D828,YEAR_TABLE_ROW,MATCH_DATE_ONLY,https://www.fda.gov/media/177921/download?attachment
compilation→master,2008,Emend,fosaprepitant dimeglumine,Merck,NDA22023,2008-01-25,Standard,No,NOT_IN_MASTER,,,,,"https://www.fda.gov/media/177921/download?attachment  |  NOTE: Compilation row for Emend IV (fosaprepitant, NDA 022023, 2008) excluded by design: FDA's own 2008 NME table excludes fosaprepitant (aprepitant moiety already approved 2003 as Emend, D985 master row). Surfaced here, never silently patched."
compilation→master,2008,Entereg,alvimopan,Adolor,NDA21775,2008-05-20,Standard,No,MATCHED,appl NDA21775,D827,YEAR_TABLE_ROW,MATCH,https://www.fda.gov/media/177921/download?attachment
compilation→master,2008,Eovist,gadoxetate disodium,Bayer Healthcare Pharmaceuticals,NDA22090,2008-07-03,Standard,No,MATCHED,appl NDA22090,D829,YEAR_TABLE_ROW,MATCH,https://www.fda.gov/media/177921/download?attachment
compilation→master,2008,Firmagon,degarelix,Ferring Pharmaceuticals,NDA22201,2008-12-24,Standard,No,MATCHED,appl NDA22201,D843,YEAR_TABLE_ROW,MATCH,https://www.fda.gov/media/177921/download?attachment
compilation→master,2008,Intelence,etravirine,Tibotec,NDA22187,2008-01-18,Priority,Yes,MATCHED,appl NDA22187,D820,YEAR_TABLE_ROW,MATCH_DATE_ONLY,https://www.fda.gov/media/177921/download?attachment
compilation→master,2008,Lexiscan,regadenoson,CV Therapeutics,NDA22161,2008-04-10,Standard,No,MATCHED,appl NDA22161,D824,YEAR_TABLE_ROW,MATCH_DATE_ONLY,https://www.fda.gov/media/177921/download?attachment
compilation→master,2008,Lusedra,fospropofol disodium,Eisai Medical Research,NDA22244,2008-12-12,Standard,No,MATCHED,appl NDA22244,D840,YEAR_TABLE_ROW,MISMATCH_DATE,https://www.fda.gov/media/177921/download?attachment
compilation→master,2008,Mozobil,plerixafor,Genzyme,NDA22311,2008-12-15,Priority,No,MATCHED,appl NDA22311,D841,YEAR_TABLE_ROW,MATCH,https://www.fda.gov/media/177921/download?attachment
compilation→master,2008,Nplate,romiplostim,Amgen,BLA125268,2008-08-22,Priority,No,MATCHED,appl BLA125268,D832,YEAR_TABLE_ROW,MATCH,https://www.fda.gov/media/177921/download?attachment
compilation→master,2008,Nucynta,tapentadol,Johnson & Johnson,NDA22304,2008-11-20,Standard,No,MATCHED,appl NDA22304,D838,YEAR_TABLE_ROW,MATCH_DATE_ONLY,https://www.fda.gov/media/177921/download?attachment
compilation→master,2008,Pristiq,desvenlafaxine,Wyeth Pharmaceuticals,NDA21992,2008-02-29,Standard,No,MATCHED,appl NDA21992,D822,YEAR_TABLE_ROW,MATCH_DATE_ONLY,https://www.fda.gov/media/177921/download?attachment
compilation→master,2008,Promacta,eltrombopag,GlaxoSmithKline,NDA22291,2008-11-20,Priority,Yes,MATCHED,appl NDA22291,D839,YEAR_TABLE_ROW,MATCH_DATE_ONLY,https://www.fda.gov/media/177921/download?attachment
compilation→master,2008,Rapaflo,silodosin,Watson Laboratories,NDA22206,2008-10-08,Standard,No,MATCHED,appl NDA22206,D834,YEAR_TABLE_ROW,MATCH,https://www.fda.gov/media/177921/download?attachment
compilation→master,2008,Relistor,methylnaltrexone bromide,Progenics Pharmaceuticals,NDA21964,2008-04-24,Standard,No,MATCHED,appl NDA21964,D826,YEAR_TABLE_ROW,MATCH_DATE_ONLY,https://www.fda.gov/media/177921/download?attachment
compilation→master,2008,Toviaz,fesoterodine fumarate,Pfizer,NDA22030,2008-10-31,Standard,No,MATCHED,appl NDA22030,D836,YEAR_TABLE_ROW,MATCH,https://www.fda.gov/media/177921/download?attachment
compilation→master,2008,Treanda,bendamustine hydrochloride,Cephalon,NDA22249,2008-03-20,Priority,No,MATCHED,appl NDA22249,D823,YEAR_TABLE_ROW,MATCH,https://www.fda.gov/media/177921/download?attachment
compilation→master,2008,Vasovist,gadofosveset trisodium,Epix Pharmaceuticals,NDA21711,2008-12-22,Standard,No,MATCHED,appl NDA21711,D842,YEAR_TABLE_ROW,MATCH_VIA_GENERIC,https://www.fda.gov/media/177921/download?attachment
compilation→master,2008,Vimpat,lacosamide,Schwarz Biosciences,NDA22253;NDA22254,2008-10-28,Standard,No,MATCHED,appl NDA22253,D835,YEAR_TABLE_ROW,MATCH,https://www.fda.gov/media/177921/download?attachment
compilation→master,2008,Xenazine,tetrabenazine,Prestwick Pharmaceuticals,NDA21894,2008-08-15,Priority,No,MATCHED,appl NDA21894,D831,YEAR_TABLE_ROW,MATCH_DATE_ONLY,https://www.fda.gov/media/177921/download?attachment
compilation→master,2009,Afinitor,everolimus,Novartis Pharmaceuticals,NDA22334,2009-03-30,Priority,No,MATCHED,appl NDA22334,D846,YEAR_TABLE_ROW,MATCH,https://www.fda.gov/media/177921/download?attachment
compilation→master,2009,Arzerra,ofatumumab,GlaxoSmithKline,BLA125326,2009-10-26,Priority,Yes,MATCHED,appl BLA125326,D866,YEAR_TABLE_ROW,MATCH_DATE_ONLY,https://www.fda.gov/media/177921/download?attachment
compilation→master,2009,Bepreve,bepotastine besilate,Ista Pharmaceuticals,NDA22288,2009-09-08,Standard,No,MATCHED,appl NDA22288,D861,YEAR_TABLE_ROW,MATCH,https://www.fda.gov/media/177921/download?attachment
compilation→master,2009,Besivance,besifloxacin,Bausch & Lomb,NDA22308,2009-05-28,Standard,No,MATCHED,appl NDA22308,D853,YEAR_TABLE_ROW,MATCH,https://www.fda.gov/media/177921/download?attachment
compilation→master,2009,Coartem,"artemether, lumefantrine",Novartis Pharmaceuticals,NDA22268,2009-04-07,Priority,No,MATCHED,appl NDA22268,D847,YEAR_TABLE_ROW,MATCH,https://www.fda.gov/media/177921/download?attachment
compilation→master,2009,Dysport,abobotulinumtoxinA,Ipsen Biopharm,BLA125274,2009-04-29,Standard,No,MATCHED,appl BLA125274,D850,YEAR_TABLE_ROW,MATCH,https://www.fda.gov/media/177921/download?attachment
compilation→master,2009,Effient,prasugrel,Eli Lilly,NDA22307,2009-07-10,Priority,No,MATCHED,appl NDA22307,D856,YEAR_TABLE_ROW,MATCH_DATE_ONLY,https://www.fda.gov/media/177921/download?attachment
compilation→master,2009,Fanapt,iloperidone,Vanda Pharmaceuticals,NDA22192,2009-05-06,Standard,No,MATCHED,appl NDA22192,D851,YEAR_TABLE_ROW,MATCH,https://www.fda.gov/media/177921/download?attachment
compilation→master,2009,Folotyn,pralatrexate,Allos Therapeutics,NDA22468,2009-09-24,Priority,Yes,MATCHED,appl NDA22468,D863,YEAR_TABLE_ROW,MATCH_DATE_ONLY,https://www.fda.gov/media/177921/download?attachment
compilation→master,2009,Ilaris,canakinumab,Novartis Pharmaceuticals,BLA125319,2009-06-17,Priority,No,MATCHED,appl BLA125319,D854,YEAR_TABLE_ROW,MATCH,https://www.fda.gov/media/177921/download?attachment
compilation→master,2009,Istodax,romidepsin,Gloucester Pharmaceuticals,NDA22393,2009-11-05,Standard,No,MATCHED,appl NDA22393,D867,YEAR_TABLE_ROW,MATCH_DATE_ONLY,https://www.fda.gov/media/177921/download?attachment
compilation→master,2009,Kalbitor,ecallantide,Dyax,BLA125277,2009-12-01,Priority,No,MATCHED,appl BLA125277,D869,YEAR_TABLE_ROW,MATCH,https://www.fda.gov/media/177921/download?attachment
compilation→master,2009,Livalo,pitavastatin,Kowa Research Institute,NDA22363,2009-08-03,Standard,No,MATCHED,appl NDA22363,D858,YEAR_TABLE_ROW,MATCH,https://www.fda.gov/media/177921/download?attachment
compilation→master,2009,Multaq,dronedarone,Sanofi-Aventis,NDA22425,2009-07-01,Priority,No,MATCHED,appl NDA22425,D855,YEAR_TABLE_ROW,MATCH,https://www.fda.gov/media/177921/download?attachment
compilation→master,2009,Onglyza,saxagliptin,Bristol-Myers Squibb,NDA22350,2009-07-31,Standard,No,MATCHED,appl NDA22350,D857,YEAR_TABLE_ROW,MATCH_DATE_ONLY,https://www.fda.gov/media/177921/download?attachment
compilation→master,2009,Qutenza,capsaicin,Neurogesx,NDA22395,2009-11-16,Standard,No,MATCHED,appl NDA22395,D868,YEAR_TABLE_ROW,MATCH_DATE_ONLY,https://www.fda.gov/media/177921/download?attachment
compilation→master,2009,Sabril,vigabatrin,Lundbeck,NDA20427;NDA22006,2009-08-21,Priority (indication [B] only),No,MATCHED,appl NDA20427,D860,YEAR_TABLE_ROW,MATCH,https://www.fda.gov/media/177921/download?attachment
compilation→master,2009,Samsca,tolvaptan,Otsuka Pharmaceutical,NDA22275,2009-05-19,Standard,No,MATCHED,appl NDA22275,D852,YEAR_TABLE_ROW,MATCH,https://www.fda.gov/media/177921/download?attachment
compilation→master,2009,Saphris,asenapine,Organon,NDA22117,2009-08-13,Standard,No,MATCHED,appl NDA22117,D859,YEAR_TABLE_ROW,MATCH_DATE_ONLY,https://www.fda.gov/media/177921/download?attachment
compilation→master,2009,Savella,milnacipran hydrochloride,Cypress Bioscience,NDA22256,2009-01-14,Standard,No,MATCHED,appl NDA22256,D844,YEAR_TABLE_ROW,MATCH_DATE_ONLY,https://www.fda.gov/media/177921/download?attachment
compilation→master,2009,Simponi,golimumab,Centocor Ortho Biotech,BLA125289,2009-04-24,Standard,No,MATCHED,appl BLA125289,D849,YEAR_TABLE_ROW,MATCH,https://www.fda.gov/media/177921/download?attachment
compilation→master,2009,Stelara,ustekinumab,Centocor Ortho Biotech,BLA125261,2009-09-25,Standard,No,MATCHED,appl BLA125261,D864,YEAR_TABLE_ROW,MATCH,https://www.fda.gov/media/177921/download?attachment
compilation→master,2009,Ulesfia,benzyl alcohol,Sciele Pharma,NDA22129,2009-04-09,Standard,No,MATCHED,appl NDA22129,D848,YEAR_TABLE_ROW,MATCH,https://www.fda.gov/media/177921/download?attachment
compilation→master,2009,Uloric,febuxostat,Takeda Pharmaceuticals,NDA21856,2009-02-13,Standard,No,MATCHED,appl NDA21856,D845,YEAR_TABLE_ROW,MATCH,https://www.fda.gov/media/177921/download?attachment
compilation→master,2009,Vibativ,telavancin,Theravance,NDA22110,2009-09-11,Standard,No,MATCHED,appl NDA22110,D862,YEAR_TABLE_ROW,MATCH_DATE_ONLY,https://www.fda.gov/media/177921/download?attachment
compilation→master,2009,Votrient,pazopanib,GlaxoSmithKline,NDA22465,2009-10-19,Standard,No,MATCHED,appl NDA22465,D865,YEAR_TABLE_ROW,MATCH_DATE_ONLY,https://www.fda.gov/media/177921/download?attachment
compilation→master,2010,Actemra,tocilizumab,Genentech,BLA125276,2010-01-08,Standard,No,MATCHED,appl BLA125276,D870,YEAR_TABLE_ROW,MATCH,https://www.fda.gov/media/177921/download?attachment
compilation→master,2010,Ampyra,dalfampridine,Acorda Therapeutics,NDA22250,2010-01-22,Priority,No,MATCHED,appl NDA22250,D871,YEAR_TABLE_ROW,MATCH_DATE_ONLY,https://www.fda.gov/media/177921/download?attachment
compilation→master,2010,Asclera,polidocanol,"Chemische Fabrik Kreussler & Co., GmbH",NDA21201,2010-03-30,Standard,No,MATCHED,appl NDA21201,D876,YEAR_TABLE_ROW,MATCH_DATE_ONLY,https://www.fda.gov/media/177921/download?attachment
compilation→master,2010,Carbaglu,carglumic acid,Orphan Europe,NDA22562,2010-03-18,Priority,No,MATCHED,appl NDA22562,D875,YEAR_TABLE_ROW,MATCH,https://www.fda.gov/media/177921/download?attachment
compilation→master,2010,Egrifta,tesamorelin,Kendle International,BLA22505,2010-11-10,Standard,No,MATCHED,appl BLA22505,D889,YEAR_TABLE_ROW,MATCH,https://www.fda.gov/media/177921/download?attachment
compilation→master,2010,Ella,ulipristal acetate,Laboratoire HRA Pharma,NDA22474,2010-08-13,Standard,No,MATCHED,appl NDA22474,D883,YEAR_TABLE_ROW,MATCH,https://www.fda.gov/media/177921/download?attachment
compilation→master,2010,Gilenya,fingolimod,Novartis Pharmaceuticals,NDA22527,2010-09-21,Priority,No,MATCHED,appl NDA22527,D885,YEAR_TABLE_ROW,MATCH,https://www.fda.gov/media/177921/download?attachment
compilation→master,2010,Halaven,eribulin mesylate,Eisai,NDA201532,2010-11-15,Priority,No,MATCHED,appl NDA201532,D890,YEAR_TABLE_ROW,MATCH,https://www.fda.gov/media/177921/download?attachment
compilation→master,2010,Jevtana,cabazitaxel,Sanofi-Aventis,NDA201023,2010-06-17,Priority,No,MATCHED,appl NDA201023,D880,YEAR_TABLE_ROW,MATCH,https://www.fda.gov/media/177921/download?attachment
compilation→master,2010,Krystexxa,pegloticase,Savient Pharmaceuticals,BLA125293,2010-09-14,Priority,No,MATCHED,appl BLA125293,D884,YEAR_TABLE_ROW,MATCH_DATE_ONLY,https://www.fda.gov/media/177921/download?attachment
compilation→master,2010,Lastacaft,alcaftadine,Vistakon Pharmaceuticals,NDA22134,2010-07-28,Standard,No,MATCHED,appl NDA22134,D881,YEAR_TABLE_ROW,MATCH_DATE_ONLY,https://www.fda.gov/media/177921/download?attachment
compilation→master,2010,Latuda,lurasidone hydrochloride,Sunovion Pharmaceuticals,NDA200603,2010-10-28,Standard,No,MATCHED,appl NDA200603,D887,YEAR_TABLE_ROW,MATCH,https://www.fda.gov/media/177921/download?attachment
compilation→master,2010,Lumizyme,alglucosidase alfa,Genzyme,BLA125291,2010-05-24,Priority,No,MATCHED,appl BLA125291,D878,YEAR_TABLE_ROW,MATCH,https://www.fda.gov/media/177921/download?attachment
compilation→master,2010,Natazia,estradiol valerate; estradiol valerate and dienogest,Bayer HealthCare Pharmaceuticals,NDA22252,2010-05-06,Standard,No,MATCHED,appl NDA22252,D877,YEAR_TABLE_ROW,MATCH,https://www.fda.gov/media/177921/download?attachment
compilation→master,2010,Pradaxa,dabigatran etexilate mesylate,Boehringer Ingelheim Pharmaceuticals,NDA22512,2010-10-19,Priority,No,MATCHED,appl NDA22512,D886,YEAR_TABLE_ROW,MATCH,https://www.fda.gov/media/177921/download?attachment
compilation→master,2010,Prolia,denosumab,Amgen,BLA125320,2010-06-01,Standard,No,MATCHED,appl BLA125320,D879,YEAR_TABLE_ROW,MATCH,https://www.fda.gov/media/177921/download?attachment
compilation→master,2010,Teflaro,ceftaroline fosamil,Cerexa,NDA200327,2010-10-29,Standard,No,MATCHED,appl NDA200327,D888,YEAR_TABLE_ROW,MATCH_DATE_ONLY,https://www.fda.gov/media/177921/download?attachment
compilation→master,2010,Victoza,liraglutide,Novo Nordisk,NDA22341,2010-01-25,Standard,No,MATCHED,appl NDA22341,D872,YEAR_TABLE_ROW,MATCH,https://www.fda.gov/media/177921/download?attachment
compilation→master,2010,Vpriv,velaglucerase alfa,Shire Human Genetic Therapies,BLA22575,2010-02-26,Priority,No,MATCHED,appl BLA22575,D874,YEAR_TABLE_ROW,MATCH,https://www.fda.gov/media/177921/download?attachment
compilation→master,2010,Xeomin,incobotulinumtoxinA,Merz Pharmaceuticals,BLA125360,2010-07-30,Standard,No,MATCHED,appl BLA125360,D882,YEAR_TABLE_ROW,MATCH,https://www.fda.gov/media/177921/download?attachment
compilation→master,2010,Xiaflex,clostridial collagenase histolyticum,Auxilium Pharmaceuticals,BLA125338,2010-02-02,Priority,No,MATCHED,appl BLA125338,D873,YEAR_TABLE_ROW,MATCH,https://www.fda.gov/media/177921/download?attachment
compilation→master,2011,Adcetris,brentuximab vedotin,Seattle Genetics,BLA125388,2011-08-19,Priority,Yes,MATCHED,appl BLA125388,D600,YEAR_TABLE_ROW,MATCH,https://www.fda.gov/media/177921/download?attachment
compilation→master,2011,Arcapta Neohaler,indacaterol,Novartis Pharmaceuticals,NDA22383,2011-07-01,Standard,No,MATCHED,appl NDA22383,D898,YEAR_TABLE_ROW,MATCH,https://www.fda.gov/media/177921/download?attachment
compilation→master,2011,Benlysta,belimumab,Human Genome Sciences,BLA125370,2011-03-09,Priority,No,MATCHED,appl BLA125370,D608,YEAR_TABLE_ROW,MATCH,https://www.fda.gov/media/177921/download?attachment
compilation→master,2011,Brilinta,ticagrelor,AstraZeneca Pharmaceuticals,NDA22433,2011-07-20,Standard,No,MATCHED,appl NDA22433,D607,YEAR_TABLE_ROW,MATCH,https://www.fda.gov/media/177921/download?attachment
compilation→master,2011,Caprelsa,vandetanib,AstraZeneca Pharmaceuticals,NDA22405,2011-04-06,Priority,No,MATCHED,appl NDA22405,D594,YEAR_TABLE_ROW,MATCH_DATE_ONLY,https://www.fda.gov/media/177921/download?attachment
compilation→master,2011,DaTscan,ioflupane I 123,GE Healthcare,NDA22454,2011-01-14,Priority,No,MATCHED,appl NDA22454,D891,YEAR_TABLE_ROW,MATCH,https://www.fda.gov/media/177921/download?attachment
compilation→master,2011,Daliresp,roflumilast,Forest Research Institute,NDA22522,2011-02-28,Standard,No,MATCHED,appl NDA22522,D627,YEAR_TABLE_ROW,MATCH_DATE_ONLY,https://www.fda.gov/media/177921/download?attachment
compilation→master,2011,Dificid,fidaxomicin,Optimer Pharmaceuticals,NDA201699,2011-05-27,Priority,No,MATCHED,appl NDA201699,D630,YEAR_TABLE_ROW,MATCH,https://www.fda.gov/media/177921/download?attachment
compilation→master,2011,Edarbi,azilsartan medoxomil,Takeda Pharmaceuticals,NDA200796,2011-02-25,Standard,No,MATCHED,appl NDA200796,D606,YEAR_TABLE_ROW,MATCH_DATE_ONLY,https://www.fda.gov/media/177921/download?attachment
compilation→master,2011,Edurant,rilpivirine,Tibotec,NDA202022,2011-05-20,Standard,No,MATCHED,appl NDA202022,D896,YEAR_TABLE_ROW,MATCH_DATE_ONLY,https://www.fda.gov/media/177921/download?attachment
compilation→master,2011,Erwinaze,asparaginase Erwinia chrysanthemi,EUSA Pharma,BLA125359,2011-11-18,Priority,No,MATCHED,appl BLA125359,D901,YEAR_TABLE_ROW,NOT_IN_OPENFDA,https://www.fda.gov/media/177921/download?attachment
compilation→master,2011,Eylea,aflibercept,Regeneron Pharmaceuticals,BLA125387,2011-11-18,Priority,No,MATCHED,appl BLA125387,D603,YEAR_TABLE_ROW,MATCH,https://www.fda.gov/media/177921/download?attachment
compilation→master,2011,Ferriprox,deferiprone,ApoPharma,NDA21825,2011-10-14,Standard,Yes,MATCHED,appl NDA21825,D900,YEAR_TABLE_ROW,MATCH_DATE_ONLY,https://www.fda.gov/media/177921/download?attachment
compilation→master,2011,Firazyr,icatibant,Shire Orphan Therapies,NDA22150,2011-08-25,Priority,No,MATCHED,appl NDA22150,D899,YEAR_TABLE_ROW,MATCH,https://www.fda.gov/media/177921/download?attachment
compilation→master,2011,Gadavist,gadobutrol,Bayer HealthCare Pharmaceuticals,NDA201277,2011-03-14,Standard,No,MATCHED,appl NDA201277,D893,YEAR_TABLE_ROW,MATCH,https://www.fda.gov/media/177921/download?attachment
compilation→master,2011,Horizant,gabapentin enacarbil,GlaxoSmithKline,NDA22399,2011-04-06,Standard,No,MATCHED,appl NDA22399,D894,YEAR_TABLE_ROW,MATCH_DATE_ONLY,https://www.fda.gov/media/177921/download?attachment
compilation→master,2011,Incivek,telaprevir,Vertex Pharmaceuticals,NDA201917,2011-05-23,Priority,No,MATCHED,appl NDA201917,D596,YEAR_TABLE_ROW,MATCH,https://www.fda.gov/media/177921/download?attachment
compilation→master,2011,Jakafi,ruxolitinib,Incyte,NDA202192,2011-11-16,Priority,No,MATCHED,appl NDA202192,D602,YEAR_TABLE_ROW,MATCH,https://www.fda.gov/media/177921/download?attachment
compilation→master,2011,Natroba,spinosad,Parapro,NDA22408,2011-01-18,Standard,No,MATCHED,appl NDA22408,D892,YEAR_TABLE_ROW,MATCH_DATE_ONLY,https://www.fda.gov/media/177921/download?attachment
compilation→master,2011,Nulojix,belatacept,Bristol-Myers Squibb,BLA125288,2011-06-15,Standard,No,MATCHED,appl BLA125288,D597,YEAR_TABLE_ROW,MATCH,https://www.fda.gov/media/177921/download?attachment
compilation→master,2011,Onfi,clobazam,Lundbeck,NDA202067,2011-10-21,Standard,No,MATCHED,appl NDA202067,D604,YEAR_TABLE_ROW,MATCH,https://www.fda.gov/media/177921/download?attachment
compilation→master,2011,Potiga,ezogabine,Valeant Pharmaceuticals,NDA22345,2011-06-10,Standard,No,MATCHED,appl NDA22345,D897,YEAR_TABLE_ROW,MATCH,https://www.fda.gov/media/177921/download?attachment
compilation→master,2011,Tradjenta,linagliptin,Boehringer Ingelheim Pharmaceuticals,NDA201280,2011-05-02,Standard,No,MATCHED,appl NDA201280,D605,YEAR_TABLE_ROW,MATCH,https://www.fda.gov/media/177921/download?attachment
compilation→master,2011,Victrelis,boceprevir,Schering,NDA202258,2011-05-13,Priority,No,MATCHED,appl NDA202258,D595,YEAR_TABLE_ROW,MATCH,https://www.fda.gov/media/177921/download?attachment
compilation→master,2011,Viibryd,vilazodone hydrochloride,Trovis Pharmaceuticals,NDA22567,2011-01-21,Standard,No,MATCHED,appl NDA22567,D628,YEAR_TABLE_ROW,MATCH,https://www.fda.gov/media/177921/download?attachment
compilation→master,2011,Xalkori,crizotinib,Pfizer,NDA202570,2011-08-26,Priority,Yes,MATCHED,appl NDA202570,D601,YEAR_TABLE_ROW,MATCH_DATE_ONLY,https://www.fda.gov/media/177921/download?attachment
compilation→master,2011,Xarelto,rivaroxaban,Johnson & Johnson,NDA22406,2011-07-01,Standard,No,MATCHED,appl NDA22406,D598,YEAR_TABLE_ROW,MATCH,https://www.fda.gov/media/177921/download?attachment
compilation→master,2011,Yervoy,ipilimumab,Bristol-Myers Squibb,BLA125377,2011-03-25,Priority,No,MATCHED,appl BLA125377,D593,YEAR_TABLE_ROW,MATCH,https://www.fda.gov/media/177921/download?attachment
compilation→master,2011,Zelboraf,vemurafenib,Hoffmann-La Roche,NDA202429,2011-08-17,Priority,No,MATCHED,appl NDA202429,D599,YEAR_TABLE_ROW,MATCH,https://www.fda.gov/media/177921/download?attachment
compilation→master,2011,Zytiga,abiraterone acetate,Ortho Biotech Oncology Research and Development,NDA202379,2011-04-28,Priority,No,MATCHED,appl NDA202379,D895,YEAR_TABLE_ROW,MATCH_DATE_ONLY,https://www.fda.gov/media/177921/download?attachment
compilation→master,2012,Amyvid,florbetapir F 18,Avid Radiopharmaceuticals,NDA202008,2012-04-06,Priority,No,MATCHED,appl NDA202008,D908,YEAR_TABLE_ROW,MATCH,https://www.fda.gov/media/177921/download?attachment
compilation→master,2012,Aubagio,teriflunomide,Sanofi-Aventis,NDA202992,2012-09-12,Standard,No,MATCHED,appl NDA202992,D609,YEAR_TABLE_ROW,MATCH_DATE_ONLY,https://www.fda.gov/media/177921/download?attachment
compilation→master,2012,Belviq,lorcaserin hydrochloride,Arena Pharmacueticals,NDA22529,2012-06-27,Standard,No,MATCHED,appl NDA22529,D912,YEAR_TABLE_ROW,NOT_IN_OPENFDA,https://www.fda.gov/media/177921/download?attachment
compilation→master,2012,Bosulif,bosutinib,Wyeth Pharmaceuticals,NDA203341,2012-09-04,Standard,No,MATCHED,appl NDA203341,D588,YEAR_TABLE_ROW,MATCH_DATE_ONLY,https://www.fda.gov/media/177921/download?attachment
compilation→master,2012,Cometriq,cabozantinib,Exelixis,NDA203756,2012-11-29,Priority,No,MATCHED,appl NDA203756,D626,YEAR_TABLE_ROW,MATCH,https://www.fda.gov/media/177921/download?attachment
compilation→master,2012,Elelyso,taliglucerase alfa,Protalix,BLA22458,2012-05-01,Standard,No,MATCHED,appl BLA22458,D910,YEAR_TABLE_ROW,MATCH,https://www.fda.gov/media/177921/download?attachment
compilation→master,2012,Eliquis,apixaban,Bristol-Myers Squibb,NDA202155,2012-12-28,Priority,No,MATCHED,appl NDA202155,D622,YEAR_TABLE_ROW,MATCH,https://www.fda.gov/media/177921/download?attachment
compilation→master,2012,Erivedge,vismodegib,Genentech,NDA203388,2012-01-30,Priority,No,MATCHED,appl NDA203388,D904,YEAR_TABLE_ROW,MATCH,https://www.fda.gov/media/177921/download?attachment
compilation→master,2012,Fulyzaq,crofelemer,Salix Pharmaceuticals,NDA202292,2012-12-31,Priority,No,MATCHED,appl NDA202292,D620,YEAR_TABLE_ROW,MATCH_VIA_GENERIC,https://www.fda.gov/media/177921/download?attachment
compilation→master,2012,Fycompa,perampanel,Eisai,NDA202834,2012-10-22,Standard,No,MATCHED,appl NDA202834,D592,YEAR_TABLE_ROW,MATCH_DATE_ONLY,https://www.fda.gov/media/177921/download?attachment
compilation→master,2012,Gattex,teduglutide (rDNA origin),NPS Pharmaceuticals,NDA203441,2012-12-21,Standard,No,MATCHED,appl NDA203441,D633,YEAR_TABLE_ROW,MATCH,https://www.fda.gov/media/177921/download?attachment
compilation→master,2012,Granix,tbo-filgrastim,Sicor Biotech,BLA125294,2012-08-29,Standard,No,MATCHED,appl BLA125294,D916,YEAR_TABLE_ROW,MATCH,https://www.fda.gov/media/177921/download?attachment
compilation→master,2012,Iclusig,ponatinib,Ariad Pharmaceuticals,NDA203469,2012-12-14,Priority,Yes,MATCHED,appl NDA203469,D920,YEAR_TABLE_ROW,MATCH,https://www.fda.gov/media/177921/download?attachment
compilation→master,2012,Inlyta,axitinib,Pfizer,NDA202324,2012-01-27,Standard,No,MATCHED,appl NDA202324,D903,YEAR_TABLE_ROW,MATCH_DATE_ONLY,https://www.fda.gov/media/177921/download?attachment
compilation→master,2012,Jetrea,ocriplasmin,ThromboGenics,BLA125422,2012-10-17,Priority,No,MATCHED,appl BLA125422,D918,YEAR_TABLE_ROW,MATCH,https://www.fda.gov/media/177921/download?attachment
compilation→master,2012,Juxtapid,lomitapide,Aegerion Pharmaceuticals,NDA203858,2012-12-21,Standard,No,MATCHED,appl NDA203858,D923,YEAR_TABLE_ROW,MATCH_DATE_ONLY,https://www.fda.gov/media/177921/download?attachment
compilation→master,2012,Kalydeco,ivacaftor,Vertex Pharmaceuticals,NDA203188,2012-01-31,Priority,No,MATCHED,appl NDA203188,D587,YEAR_TABLE_ROW,MATCH,https://www.fda.gov/media/177921/download?attachment
compilation→master,2012,Kyprolis,carfilzomib,Onyx Pharmaceuticals,NDA202714,2012-07-20,Standard,Yes,MATCHED,appl NDA202714,D611,YEAR_TABLE_ROW,MATCH,https://www.fda.gov/media/177921/download?attachment
compilation→master,2012,Linzess,linaclotide,Forest Laboratories,NDA202811,2012-08-30,Standard,No,MATCHED,appl NDA202811,D624,YEAR_TABLE_ROW,MATCH_DATE_ONLY,https://www.fda.gov/media/177921/download?attachment
compilation→master,2012,Myrbetriq,mirabegron,Astellas Pharma,NDA202611,2012-06-28,Standard,No,MATCHED,appl NDA202611,D913,YEAR_TABLE_ROW,MATCH_DATE_ONLY,https://www.fda.gov/media/177921/download?attachment
compilation→master,2012,Omontys,peginesatide,Affymax,NDA202799,2012-03-27,Standard,No,MATCHED,appl NDA202799,D907,YEAR_TABLE_ROW,MATCH_DATE_ONLY,https://www.fda.gov/media/177921/download?attachment
compilation→master,2012,Perjeta,pertuzumab,Genentech,BLA125409,2012-06-08,Priority,No,MATCHED,appl BLA125409,D911,YEAR_TABLE_ROW,MATCH,https://www.fda.gov/media/177921/download?attachment
compilation→master,2012,Picato,ingenol mebutate,Leo Pharma,NDA202833,2012-01-23,Standard,No,MATCHED,appl NDA202833,D902,YEAR_TABLE_ROW,MATCH,https://www.fda.gov/media/177921/download?attachment
compilation→master,2012,Prepopik,"sodium picosulfate, magnesium oxide, citric acid",Ferring Pharmaceuticals,NDA202535,2012-07-16,Standard,No,MATCHED,appl NDA202535,D914,YEAR_TABLE_ROW,MATCH,https://www.fda.gov/media/177921/download?attachment
compilation→master,2012,Signifor,pasireotide,Novartis Pharmaceuticals,NDA200677,2012-12-14,Standard,No,MATCHED,appl NDA200677,D922,YEAR_TABLE_ROW,MATCH_DATE_ONLY,https://www.fda.gov/media/177921/download?attachment
compilation→master,2012,Sirturo,bedaquiline,Janssen Research & Development,NDA204384,2012-12-28,Priority,Yes,MATCHED,appl NDA204384,D623,YEAR_TABLE_ROW,MATCH,https://www.fda.gov/media/177921/download?attachment
compilation→master,2012,Stendra,avanafil,Vivus,NDA202276,2012-04-27,Standard,No,MATCHED,appl NDA202276,D909,YEAR_TABLE_ROW,MATCH,https://www.fda.gov/media/177921/download?attachment
compilation→master,2012,Stivarga,regorafenib,Bayer HealthCare Pharmaceuticals,NDA203085,2012-09-27,Priority,No,MATCHED,appl NDA203085,D610,YEAR_TABLE_ROW,MATCH,https://www.fda.gov/media/177921/download?attachment
compilation→master,2012,Stribild,"elvitegravir, cobicistat, emtricitabine, tenofovir disoproxil fumarate",Gilead Sciences,NDA203100,2012-08-27,Standard,No,MATCHED,appl NDA203100,D589,YEAR_TABLE_ROW,MATCH,https://www.fda.gov/media/177921/download?attachment
compilation→master,2012,Surfaxin,lucinactant,Discovery Laboratories,NDA21746,2012-03-06,Standard,No,MATCHED,appl NDA21746,D906,YEAR_TABLE_ROW,MATCH_DATE_ONLY,https://www.fda.gov/media/177921/download?attachment
compilation→master,2012,Synribo,omacetaxine mepesuccinate,Ivax International GmbH,NDA203585,2012-10-26,Standard,Yes,MATCHED,appl NDA203585,D919,YEAR_TABLE_ROW,MATCH,https://www.fda.gov/media/177921/download?attachment
compilation→master,2012,Tudorza Pressair,aclidinium bromide,Forest Laboratories,NDA202450,2012-07-23,Standard,No,MATCHED,appl NDA202450,D915,YEAR_TABLE_ROW,MATCH_DATE_ONLY,https://www.fda.gov/media/177921/download?attachment
compilation→master,2012,Voraxaze,glucarpidase,BTG International,BLA125327,2012-01-17,Priority,No,MATCHED,appl BLA125327,D625,YEAR_TABLE_ROW,MATCH,https://www.fda.gov/media/177921/download?attachment
compilation→master,2012,Xeljanz,tofacitinib,Pfizer,NDA203214,2012-11-06,Standard,No,MATCHED,appl NDA203214,D621,YEAR_TABLE_ROW,MATCH_DATE_ONLY,https://www.fda.gov/media/177921/download?attachment
compilation→master,2012,Xtandi,enzalutamide,Medivation,NDA203415,2012-08-31,Priority,No,MATCHED,appl NDA203415,D591,YEAR_TABLE_ROW,MATCH,https://www.fda.gov/media/177921/download?attachment
compilation→master,2012,Zaltrap,ziv-aflibercept,Sanofi-Aventis,BLA125418,2012-08-03,Priority,No,MATCHED,appl BLA125418,D590,YEAR_TABLE_ROW,MATCH,https://www.fda.gov/media/177921/download?attachment
compilation→master,2012,Zioptan,tafluprost,Merck,NDA202514,2012-02-10,Standard,No,MATCHED,appl NDA202514,D905,YEAR_TABLE_ROW,MATCH_DATE_ONLY,https://www.fda.gov/media/177921/download?attachment
compilation→master,2012,[drug marketed without a proprietary name],choline C 11,Mayo Clinic,NDA203155,2012-09-12,Priority,No,MATCHED,appl NDA203155,D917,YEAR_TABLE_ROW,MATCH_DATE_ONLY,https://www.fda.gov/media/177921/download?attachment
compilation→master,2012,[drug marketed without a proprietary name],raxibacumab,Human Genome Sciences,BLA125349,2012-12-14,Priority,No,MATCHED,appl BLA125349,D921,YEAR_TABLE_ROW,MATCH,https://www.fda.gov/media/177921/download?attachment
compilation→master,2013,Adempas,riociguat,Bayer HealthCare Pharmaceuticals,NDA204819,2013-10-08,Priority,No,MATCHED,appl NDA204819,D572,YEAR_TABLE_ROW,MATCH,https://www.fda.gov/media/177921/download?attachment
compilation→master,2013,Anoro Ellipta,"umeclidinium, vilanterol",GlaxoSmithKline,NDA203975,2013-12-18,Standard,No,MATCHED,appl NDA203975,D571,YEAR_TABLE_ROW,MATCH,https://www.fda.gov/media/177921/download?attachment
compilation→master,2013,Aptiom,eslicarbazepine acetate,Sunovion Pharmaceuticals,NDA22416,2013-11-08,Standard,No,MATCHED,appl NDA22416,D631,YEAR_TABLE_ROW,MATCH,https://www.fda.gov/media/177921/download?attachment
compilation→master,2013,Breo Ellipta,fluticasone furoate and vilanterol,GlaxoSmithKline,NDA204275,2013-05-10,Standard,No,MATCHED,appl NDA204275,D932,YEAR_TABLE_ROW,MATCH_DATE_ONLY,https://www.fda.gov/media/177921/download?attachment
compilation→master,2013,Brintellix,vortioxetine,Takeda Pharmaceuticals,NDA204447,2013-09-30,Standard,No,MATCHED,appl NDA204447,D576,YEAR_TABLE_ROW,MATCH,https://www.fda.gov/media/177921/download?attachment
compilation→master,2013,Dotarem,gadoterate meglumine,Guerbet,NDA204781,2013-03-20,Priority,No,MATCHED,appl NDA204781,D929,YEAR_TABLE_ROW,MATCH,https://www.fda.gov/media/177921/download?attachment
compilation→master,2013,Duavee,conjugated estrogens and bazedoxifene,Wyeth Pharmaceuticals,NDA22247,2013-10-03,Standard,No,MATCHED,appl NDA22247,D577,YEAR_TABLE_ROW,MATCH_DATE_ONLY,https://www.fda.gov/media/177921/download?attachment
compilation→master,2013,Gazyva,obinutuzumab,Genentech,BLA125486,2013-11-01,Priority,No,MATCHED,appl BLA125486,D568,YEAR_TABLE_ROW,MATCH,https://www.fda.gov/media/177921/download?attachment
compilation→master,2013,Gilotrif,afatinib,Boehringer Ingelheim Pharmaceuticals,NDA201292,2013-07-12,Priority,No,MATCHED,appl NDA201292,D933,YEAR_TABLE_ROW,MATCH,https://www.fda.gov/media/177921/download?attachment
compilation→master,2013,Imbruvica,ibrutinib,Pharmacyclics,NDA205552,2013-11-13,Priority,Yes,MATCHED,appl NDA205552,D570,YEAR_TABLE_ROW,MATCH,https://www.fda.gov/media/177921/download?attachment
compilation→master,2013,Invokana,canagliflozin,Janssen Research & Development,NDA204042,2013-03-29,Standard,No,MATCHED,appl NDA204042,D931,YEAR_TABLE_ROW,MATCH,https://www.fda.gov/media/177921/download?attachment
compilation→master,2013,Kadcyla,ado-trastuzumab emtansine,Genentech,BLA125427,2013-02-22,Priority,No,MATCHED,appl BLA125427,D632,YEAR_TABLE_ROW,MATCH,https://www.fda.gov/media/177921/download?attachment
compilation→master,2013,Kynamro,mipomersen sodium,Genzyme,NDA203568,2013-01-29,Standard,No,MATCHED,appl NDA203568,D925,YEAR_TABLE_ROW,MATCH_DATE_ONLY,https://www.fda.gov/media/177921/download?attachment
compilation→master,2013,Luzu,luliconazole,Medicis Pharmaceutical,NDA204153,2013-11-14,Standard,No,MATCHED,appl NDA204153,D629,YEAR_TABLE_ROW,MATCH,https://www.fda.gov/media/177921/download?attachment
compilation→master,2013,Lymphoseek,technetium Tc 99m tilmanocept,Navidea Biopharmaceuticals,NDA202207,2013-03-13,Standard,No,MATCHED,appl NDA202207,D928,YEAR_TABLE_ROW,MATCH_DATE_ONLY,https://www.fda.gov/media/177921/download?attachment
compilation→master,2013,Mekinist,trametinib,GlaxoSmithKline,NDA204114,2013-05-29,Standard,No,MATCHED,appl NDA204114,D574,YEAR_TABLE_ROW,MATCH_DATE_ONLY,https://www.fda.gov/media/177921/download?attachment
compilation→master,2013,Nesina,alogliptin,Takeda Pharmaceuticals,NDA22271,2013-01-25,Standard,No,MATCHED,appl NDA22271,D924,YEAR_TABLE_ROW,MATCH,https://www.fda.gov/media/177921/download?attachment
compilation→master,2013,Olysio,simeprevir,Janssen Research & Development,NDA205123,2013-11-22,Priority,No,MATCHED,appl NDA205123,D567,YEAR_TABLE_ROW,MATCH,https://www.fda.gov/media/177921/download?attachment
compilation→master,2013,Opsumit,macitentan,Actelion Pharmaceuticals,NDA204410,2013-10-18,Standard,No,MATCHED,appl NDA204410,D934,YEAR_TABLE_ROW,MATCH,https://www.fda.gov/media/177921/download?attachment
compilation→master,2013,Osphena,ospemifene,Shionogi,NDA203505,2013-02-26,Standard,No,MATCHED,appl NDA203505,D927,YEAR_TABLE_ROW,MATCH_DATE_ONLY,https://www.fda.gov/media/177921/download?attachment
compilation→master,2013,Pomalyst,pomalidomide,Celgene,NDA204026,2013-02-08,Standard,Yes,MATCHED,appl NDA204026,D926,YEAR_TABLE_ROW,MATCH_DATE_ONLY,https://www.fda.gov/media/177921/download?attachment
compilation→master,2013,Sovaldi,sofosbuvir,Gilead Sciences,NDA204671,2013-12-06,Priority,No,MATCHED,appl NDA204671,D569,YEAR_TABLE_ROW,MATCH,https://www.fda.gov/media/177921/download?attachment
compilation→master,2013,Tafinlar,dabrafenib,GlaxoSmithKline,NDA202806,2013-05-29,Standard,No,MATCHED,appl NDA202806,D573,YEAR_TABLE_ROW,MATCH_DATE_ONLY,https://www.fda.gov/media/177921/download?attachment
compilation→master,2013,Tecfidera,dimethyl fumarate,Biogen Idec,NDA204063,2013-03-27,Standard,No,MATCHED,appl NDA204063,D930,YEAR_TABLE_ROW,MATCH,https://www.fda.gov/media/177921/download?attachment
compilation→master,2013,Tivicay,dolutegravir,GlaxoSmithKline,NDA204790,2013-08-12,Priority,No,MATCHED,appl NDA204790,D575,YEAR_TABLE_ROW,MATCH,https://www.fda.gov/media/177921/download?attachment
compilation→master,2013,Vizamyl,flutemetamol F 18,GE Healthcare,NDA203137,2013-10-25,Standard,No,MATCHED,appl NDA203137,D579,YEAR_TABLE_ROW,MATCH,https://www.fda.gov/media/177921/download?attachment
compilation→master,2013,Xofigo,radium Ra 223 dichloride,Bayer HealthCare Pharmaceuticals,NDA203971,2013-05-15,Priority,No,MATCHED,appl NDA203971,D578,YEAR_TABLE_ROW,MATCH,https://www.fda.gov/media/177921/download?attachment
compilation→master,2014,Akynzeo,"netupitant, palonosetron",Helsinn Healthcare,NDA205718,2014-10-10,Standard,No,MATCHED,appl NDA205718,D614,YEAR_TABLE_ROW,MATCH,https://www.fda.gov/media/177921/download?attachment
compilation→master,2014,Beleodaq,belinostat,Spectrum Pharmaceuticals,NDA206256,2014-07-03,Priority,Yes,MATCHED,appl NDA206256,D549,YEAR_TABLE_ROW,MATCH_DATE_ONLY,https://www.fda.gov/media/177921/download?attachment
compilation→master,2014,Belsomra,suvorexant,Merck,NDA204569,2014-08-13,Standard,No,MATCHED,appl NDA204569,D552,YEAR_TABLE_ROW,MATCH,https://www.fda.gov/media/177921/download?attachment
compilation→master,2014,Blincyto,blinatumomab,Amgen,BLA125557,2014-12-03,Priority,Yes,MATCHED,appl BLA125557,D560,YEAR_TABLE_ROW,MATCH,https://www.fda.gov/media/177921/download?attachment
compilation→master,2014,Cerdelga,eliglustat,Genzyme,NDA205494,2014-08-19,Priority,No,MATCHED,appl NDA205494,D554,YEAR_TABLE_ROW,MATCH,https://www.fda.gov/media/177921/download?attachment
compilation→master,2014,Cyramza,ramucirumab,Eli Lilly,BLA125477,2014-04-21,Priority,No,MATCHED,appl BLA125477,D542,YEAR_TABLE_ROW,MATCH,https://www.fda.gov/media/177921/download?attachment
compilation→master,2014,Dalvance,dalbavancin,Durata Therapeutics International,NDA21883,2014-05-23,Priority,No,MATCHED,appl NDA21883,D547,YEAR_TABLE_ROW,MATCH_DATE_ONLY,https://www.fda.gov/media/177921/download?attachment
compilation→master,2014,Entyvio,vedolizumab,Takeda Pharmaceuticals,BLA125476,2014-05-20,Priority,No,MATCHED,appl BLA125476,D546,YEAR_TABLE_ROW,MATCH,https://www.fda.gov/media/177921/download?attachment
compilation→master,2014,Esbriet,pirfenidone,Intermune,NDA22535,2014-10-15,Priority,No,MATCHED,appl NDA22535,D559,YEAR_TABLE_ROW,MATCH_DATE_ONLY,https://www.fda.gov/media/177921/download?attachment
compilation→master,2014,Farxiga,dapagliflozin,Bristol-Myers Squibb,NDA202293,2014-01-08,Standard,No,MATCHED,appl NDA202293,D535,YEAR_TABLE_ROW,MATCH_DATE_ONLY,https://www.fda.gov/media/177921/download?attachment
compilation→master,2014,Harvoni,"ledipasvir, sofosbuvir",Gilead Sciences,NDA205834,2014-10-10,Priority,No,MATCHED,appl NDA205834,D558,YEAR_TABLE_ROW,MATCH,https://www.fda.gov/media/177921/download?attachment
compilation→master,2014,Hetlioz,tasimelteon,Vanda Pharmaceuticals,NDA205677,2014-01-31,Priority,No,MATCHED,appl NDA205677,D536,YEAR_TABLE_ROW,MATCH,https://www.fda.gov/media/177921/download?attachment
compilation→master,2014,Impavido,miltefosine,Paladin Therapeutics,NDA204684,2014-03-19,Priority,No,MATCHED,appl NDA204684,D618,YEAR_TABLE_ROW,MATCH_DATE_ONLY,https://www.fda.gov/media/177921/download?attachment
compilation→master,2014,Jardiance,empagliflozin,Boehringer Ingelheim Pharmaceuticals,NDA204629,2014-08-01,Standard,No,MATCHED,appl NDA204629,D613,YEAR_TABLE_ROW,MATCH,https://www.fda.gov/media/177921/download?attachment
compilation→master,2014,Jublia,efinaconazole,Dow Pharmaceutical Sciences,NDA203567,2014-06-06,Standard,No,MATCHED,appl NDA203567,D617,YEAR_TABLE_ROW,MATCH,https://www.fda.gov/media/177921/download?attachment
compilation→master,2014,Kerydin,tavaborole,Anacor Pharmaceuticals,NDA204427,2014-07-07,Standard,No,MATCHED,appl NDA204427,D550,YEAR_TABLE_ROW,MATCH,https://www.fda.gov/media/177921/download?attachment
compilation→master,2014,Keytruda,pembrolizumab,Merck Sharp & Dohme,BLA125514,2014-09-04,Priority,Yes,MATCHED,appl BLA125514,D555,YEAR_TABLE_ROW,MATCH,https://www.fda.gov/media/177921/download?attachment
compilation→master,2014,Lumason,sulfur hexafluoride lipid-type A microspheres,Bracco Diagnostics,NDA203684,2014-10-10,Standard,No,MATCHED,appl NDA203684,D615,YEAR_TABLE_ROW,MATCH,https://www.fda.gov/media/177921/download?attachment
compilation→master,2014,Lynparza,olaparib,AstraZeneca Pharmaceuticals,NDA206162,2014-12-19,Priority,Yes,MATCHED,appl NDA206162,D562,YEAR_TABLE_ROW,MATCH,https://www.fda.gov/media/177921/download?attachment
compilation→master,2014,Movantik,naloxegol,AstraZeneca Pharmaceuticals,NDA204760,2014-09-16,Standard,No,MATCHED,appl NDA204760,D556,YEAR_TABLE_ROW,MATCH_DATE_ONLY,https://www.fda.gov/media/177921/download?attachment
compilation→master,2014,Myalept,metreleptin,Amylin Pharmaceuticals,BLA125390,2014-02-24,Priority,No,MATCHED,appl BLA125390,D539,YEAR_TABLE_ROW,MATCH_DATE_ONLY,https://www.fda.gov/media/177921/download?attachment
compilation→master,2014,Neuraceq,florbetaben F 18,Piramal Imaging,NDA204677,2014-03-19,Standard,No,MATCHED,appl NDA204677,D619,YEAR_TABLE_ROW,MATCH_DATE_ONLY,https://www.fda.gov/media/177921/download?attachment
compilation→master,2014,Northera,droxidopa,Chelsea Therapeutics,NDA203202,2014-02-18,Priority,Yes,MATCHED,appl NDA203202,D538,YEAR_TABLE_ROW,MATCH,https://www.fda.gov/media/177921/download?attachment
compilation→master,2014,Ofev,nintedanib,Boehringer Ingelheim Pharmaceuticals,NDA205832,2014-10-15,Priority,No,MATCHED,appl NDA205832,D1027,YEAR_TABLE_ROW,MATCH,https://www.fda.gov/media/177921/download?attachment
compilation→master,2014,Opdivo,nivolumab,Bristol-Myers Squibb,BLA125554,2014-12-22,Priority,Yes,MATCHED,appl BLA125554,D566,YEAR_TABLE_ROW,MATCH,https://www.fda.gov/media/177921/download?attachment
compilation→master,2014,Orbactiv,oritavancin diphosphate,The Medicines Company,NDA206334,2014-08-06,Priority,No,MATCHED,appl NDA206334,D616,YEAR_TABLE_ROW,MATCH_DATE_ONLY,https://www.fda.gov/media/177921/download?attachment
compilation→master,2014,Otezla,apremilast,Celgene,NDA205437,2014-03-21,Standard,No,MATCHED,appl NDA205437,D540,YEAR_TABLE_ROW,MATCH_DATE_ONLY,https://www.fda.gov/media/177921/download?attachment
compilation→master,2014,Plegridy,peginterferon beta-1a,Biogen Idec,BLA125499,2014-08-15,Standard,No,MATCHED,appl BLA125499,D553,YEAR_TABLE_ROW,MATCH,https://www.fda.gov/media/177921/download?attachment
compilation→master,2014,Rapivab,peramivir,BioCryst Pharmaceuticals,NDA206426,2014-12-19,Standard,No,MATCHED,appl NDA206426,D564,YEAR_TABLE_ROW,MATCH,https://www.fda.gov/media/177921/download?attachment
compilation→master,2014,Sivextro,tedizolid phosphate,Cubist Pharmaceuticals,NDA205435;NDA205436,2014-06-20,Priority,No,MATCHED,appl NDA205435,D548,YEAR_TABLE_ROW,MATCH,https://www.fda.gov/media/177921/download?attachment
compilation→master,2014,Striverdi Respimat,olodaterol,Boehringer Ingelheim Pharmaceuticals,NDA203108,2014-07-31,Standard,No,MATCHED,appl NDA203108,D612,YEAR_TABLE_ROW,MATCH,https://www.fda.gov/media/177921/download?attachment
compilation→master,2014,Sylvant,siltuximab,Janssen Biotech,BLA125496,2014-04-23,Priority,No,MATCHED,appl BLA125496,D543,YEAR_TABLE_ROW,MATCH_DATE_ONLY,https://www.fda.gov/media/177921/download?attachment
compilation→master,2014,Tanzeum,albiglutide,GlaxoSmithKline,BLA125431,2014-04-15,Standard,No,MATCHED,appl BLA125431,D541,YEAR_TABLE_ROW,MATCH,https://www.fda.gov/media/177921/download?attachment
compilation→master,2014,Trulicity,dulaglutide,Eli Lilly,BLA125469,2014-09-18,Standard,No,MATCHED,appl BLA125469,D557,YEAR_TABLE_ROW,MATCH,https://www.fda.gov/media/177921/download?attachment
compilation→master,2014,Viekira Pak,"ombitasvir, paritaprevir, ritonavir; dasabuvir (co-packaged)",AbbVie,NDA206619,2014-12-19,Priority,No,MATCHED,appl NDA206619,D565,YEAR_TABLE_ROW,MATCH,https://www.fda.gov/media/177921/download?attachment
compilation→master,2014,Vimizim,elosulfase alfa,BioMarin Pharmaceutical,BLA125460,2014-02-14,Priority,No,MATCHED,appl BLA125460,D537,YEAR_TABLE_ROW,MATCH,https://www.fda.gov/media/177921/download?attachment
compilation→master,2014,Xtoro,finafloxacin,Alcon Research,NDA206307,2014-12-17,Priority,No,MATCHED,appl NDA206307,D561,YEAR_TABLE_ROW,MATCH_DATE_ONLY,https://www.fda.gov/media/177921/download?attachment
compilation→master,2014,Zerbaxa,"ceftolozane, tazobactam",Cubist Pharmaceuticals,NDA206829,2014-12-19,Priority,No,MATCHED,appl NDA206829,D563,YEAR_TABLE_ROW,MATCH,https://www.fda.gov/media/177921/download?attachment
compilation→master,2014,Zontivity,vorapaxar,Merck Sharp & Dohme,NDA204886,2014-05-08,Standard,No,MATCHED,appl NDA204886,D545,YEAR_TABLE_ROW,MATCH_DATE_ONLY,https://www.fda.gov/media/177921/download?attachment
compilation→master,2014,Zydelig,idelalisib,Gilead Sciences,NDA206545;NDA205858,2014-07-23,Priority (indication [A] only),Yes (indications [B] and [C] only),MATCHED,appl NDA206545,D551,YEAR_TABLE_ROW,MATCH,https://www.fda.gov/media/177921/download?attachment
compilation→master,2014,Zykadia,ceritinib,Novartis Pharmaceuticals,NDA205755,2014-04-29,Priority,Yes,MATCHED,appl NDA205755,D544,YEAR_TABLE_ROW,MATCH,https://www.fda.gov/media/177921/download?attachment
master→compilation,2014,Contrave,naltrexone/bupropion ER,Orexigen Therapeutics (filed 2018; Contrave to Nalpropion),200063,2014-09-10,,,NOT_ON_COMPILATION_DOCUMENTED,,D634,NOT_ON_FDA_NME_TABLE,MATCH_DATE_ONLY,Currently on FDA year-table enumeration only (see row notes; NOT_ON_FDA_NME_TABLE flag).
compilation→master,2015,Addyi,flibanserin,Sprout Pharmaceuticals,NDA22526,2015-08-18,Standard,No,MATCHED,appl NDA22526,D581,YEAR_TABLE_ROW,MATCH,https://www.fda.gov/media/177921/download?attachment
compilation→master,2015,Alecensa,alectinib,Hoffmann-La Roche,NDA208434,2015-12-11,Priority,Yes,MATCHED,appl NDA208434,D426,YEAR_TABLE_ROW,MATCH,https://www.fda.gov/media/177921/download?attachment
compilation→master,2015,Aristada,aripiprazole lauroxil,Alkermes,NDA207533,2015-10-05,Standard,No,MATCHED,appl NDA207533,D439,YEAR_TABLE_ROW,DATE_DIFFERS_FROM_DRUGSFDA_1_3D,https://www.fda.gov/media/177921/download?attachment
compilation→master,2015,Avycaz,ceftazidime and avibactam,Forest Research Institute,NDA206494,2015-02-25,Priority,No,MATCHED,appl NDA206494,D935,YEAR_TABLE_ROW,MATCH_DATE_ONLY,https://www.fda.gov/media/177921/download?attachment
compilation→master,2015,Bridion,sugammadex,Merck,NDA22225,2015-12-15,Priority,No,MATCHED,appl NDA22225,D522,YEAR_TABLE_ROW,MATCH,https://www.fda.gov/media/177921/download?attachment
compilation→master,2015,Cholbam,cholic acid,Asklepion Pharmaceuticals,NDA205750,2015-03-17,Priority,No,MATCHED,appl NDA205750,D936,YEAR_TABLE_ROW,MATCH_DATE_ONLY,https://www.fda.gov/media/177921/download?attachment
compilation→master,2015,Corlanor,ivabradine,Amgen,NDA206143,2015-04-15,Priority,No,MATCHED,appl NDA206143,D454,YEAR_TABLE_ROW,MATCH,https://www.fda.gov/media/177921/download?attachment
compilation→master,2015,Cosentyx,secukinumab,Novartis Pharmaceuticals,BLA125504,2015-01-21,Standard,No,MATCHED,appl BLA125504,D458,YEAR_TABLE_ROW,MATCH,https://www.fda.gov/media/177921/download?attachment
compilation→master,2015,Cotellic,cobimetinib,Genentech,NDA206192,2015-11-10,Priority,No,MATCHED,appl NDA206192,D432,YEAR_TABLE_ROW,MATCH,https://www.fda.gov/media/177921/download?attachment
compilation→master,2015,Cresemba,isavuconazonium sulfate,Astellas Pharma,NDA207500;NDA207501,2015-03-06,Priority,No,MATCHED,appl NDA207500,D523,YEAR_TABLE_ROW,MATCH,https://www.fda.gov/media/177921/download?attachment
compilation→master,2015,Daklinza,daclatasvir,Bristol-Myers Squibb,NDA206843,2015-07-24,Priority,No,MATCHED,appl NDA206843,D445,YEAR_TABLE_ROW,MATCH,https://www.fda.gov/media/177921/download?attachment
compilation→master,2015,Darzalex,daratumumab,Janssen Biotech,BLA761036,2015-11-16,Priority,Yes,MATCHED,appl BLA761036,D430,YEAR_TABLE_ROW,MATCH,https://www.fda.gov/media/177921/download?attachment
compilation→master,2015,Empliciti,elotuzumab,Bristol-Myers Squibb,BLA761035,2015-11-30,Priority,No,MATCHED,appl BLA761035,D427,YEAR_TABLE_ROW,MATCH,https://www.fda.gov/media/177921/download?attachment
compilation→master,2015,Entresto,"sacubitril, valsartan",Novartis Pharmaceuticals,NDA207620,2015-07-07,Priority,No,MATCHED,appl NDA207620,D449,YEAR_TABLE_ROW,MATCH,https://www.fda.gov/media/177921/download?attachment
compilation→master,2015,Farydak,panobinostat,Novartis Pharmaceuticals,NDA205353,2015-02-23,Priority,Yes,MATCHED,appl NDA205353,D455,YEAR_TABLE_ROW,MATCH_DATE_ONLY,https://www.fda.gov/media/177921/download?attachment
compilation→master,2015,Genvoya,"elvitegravir, cobicistat, emtricitabine, tenofovir alafenamide",Gilead Sciences,NDA207561,2015-11-05,Standard,No,MATCHED,appl NDA207561,D433,YEAR_TABLE_ROW,MATCH,https://www.fda.gov/media/177921/download?attachment
compilation→master,2015,Ibrance,palbociclib,Pfizer,NDA207103,2015-02-03,Priority,Yes,MATCHED,appl NDA207103,D457,YEAR_TABLE_ROW,MATCH,https://www.fda.gov/media/177921/download?attachment
compilation→master,2015,Kanuma,sebelipase alfa,Alexion Pharmaceuticals,BLA125561,2015-12-08,Priority,No,MATCHED,appl BLA125561,D938,YEAR_TABLE_ROW,MATCH,https://www.fda.gov/media/177921/download?attachment
compilation→master,2015,Kengreal,cangrelor,The Medicines Company,NDA204958,2015-06-22,Standard,No,MATCHED,appl NDA204958,D451,YEAR_TABLE_ROW,MATCH,https://www.fda.gov/media/177921/download?attachment
compilation→master,2015,Kybella,deoxycholic acid,Kythera Biopharmaceuticals,NDA206333,2015-04-29,Standard,No,MATCHED,appl NDA206333,D453,YEAR_TABLE_ROW,MATCH_DATE_ONLY,https://www.fda.gov/media/177921/download?attachment
compilation→master,2015,Lenvima,lenvatinib,Eisai,NDA206947,2015-02-13,Priority,No,MATCHED,appl NDA206947,D456,YEAR_TABLE_ROW,MATCH,https://www.fda.gov/media/177921/download?attachment
compilation→master,2015,Lonsurf,trifluridine and tipiracil,Taiho Oncology,NDA207981,2015-09-22,Standard,No,MATCHED,appl NDA207981,D441,YEAR_TABLE_ROW,MATCH,https://www.fda.gov/media/177921/download?attachment
compilation→master,2015,Natpara,parathyroid hormone,NPS Pharmaceuticals,BLA125511,2015-01-23,Standard,No,MATCHED,appl BLA125511,D580,YEAR_TABLE_ROW,MATCH,https://www.fda.gov/media/177921/download?attachment
compilation→master,2015,Ninlaro,ixazomib,Millennium Pharmaceuticals,NDA208462,2015-11-20,Priority,No,MATCHED,appl NDA208462,D429,YEAR_TABLE_ROW,MATCH,https://www.fda.gov/media/177921/download?attachment
compilation→master,2015,Nucala,mepolizumab,GlaxoSmithKline,BLA125526,2015-11-04,Standard,No,MATCHED,appl BLA125526,D434,YEAR_TABLE_ROW,MATCH,https://www.fda.gov/media/177921/download?attachment
compilation→master,2015,Odomzo,sonidegib,Novartis Pharmaceuticals,NDA205266,2015-07-24,Standard,No,MATCHED,appl NDA205266,D446,YEAR_TABLE_ROW,MATCH_DATE_ONLY,https://www.fda.gov/media/177921/download?attachment
compilation→master,2015,Orkambi,"lumacaftor, ivacaftor",Vertex Pharmaceuticals,NDA206038,2015-07-02,Priority,No,MATCHED,appl NDA206038,D450,YEAR_TABLE_ROW,MATCH,https://www.fda.gov/media/177921/download?attachment
compilation→master,2015,Portrazza,necitumumab,Eli Lilly,BLA125547,2015-11-24,Standard,No,MATCHED,appl BLA125547,D428,YEAR_TABLE_ROW,MATCH,https://www.fda.gov/media/177921/download?attachment
compilation→master,2015,Praluent,alirocumab,Sanofi-Aventis,BLA125559,2015-07-24,Priority (used priority review voucher),No,MATCHED,appl BLA125559,D447,YEAR_TABLE_ROW,MATCH,https://www.fda.gov/media/177921/download?attachment
compilation→master,2015,Praxbind,idarucizumab,Boehringer Ingelheim Pharmaceuticals,BLA761025,2015-10-16,Priority,Yes,MATCHED,appl BLA761025,D438,YEAR_TABLE_ROW,MATCH,https://www.fda.gov/media/177921/download?attachment
compilation→master,2015,Repatha,evolocumab,Amgen,BLA125522,2015-08-27,Standard,No,MATCHED,appl BLA125522,D444,YEAR_TABLE_ROW,MATCH,https://www.fda.gov/media/177921/download?attachment
compilation→master,2015,Rexulti,brexpiprazole,Otsuka Pharmaceutical,NDA205422,2015-07-10,Standard,No,MATCHED,appl NDA205422,D448,YEAR_TABLE_ROW,MATCH,https://www.fda.gov/media/177921/download?attachment
compilation→master,2015,Savaysa,edoxaban tosylate,Daiichi Sankyo,NDA206316,2015-01-08,Standard,No,MATCHED,appl NDA206316,D459,YEAR_TABLE_ROW,MATCH,https://www.fda.gov/media/177921/download?attachment
compilation→master,2015,Strensiq,asfotase alfa,Alexion Pharmaceuticals,BLA125513,2015-10-23,Priority,No,MATCHED,appl BLA125513,D435,YEAR_TABLE_ROW,MATCH,https://www.fda.gov/media/177921/download?attachment
compilation→master,2015,Tagrisso,osimertinib,AstraZeneca Pharmaceuticals,NDA208065,2015-11-13,Priority,Yes,MATCHED,appl NDA208065,D431,YEAR_TABLE_ROW,MATCH,https://www.fda.gov/media/177921/download?attachment
compilation→master,2015,Tresiba,insulin degludec,Novo Nordisk,BLA203314,2015-09-25,Standard,No,MATCHED,appl BLA203314,D440,YEAR_TABLE_ROW,MATCH,https://www.fda.gov/media/177921/download?attachment
compilation→master,2015,Unituxin,dinutuximab,United Therapeutics,BLA125516,2015-03-10,Priority,No,MATCHED,appl BLA125516,D582,YEAR_TABLE_ROW,MATCH,https://www.fda.gov/media/177921/download?attachment
compilation→master,2015,Uptravi,selexipag,Actelion Pharmaceuticals,NDA207947,2015-12-21,Standard,No,MATCHED,appl NDA207947,D425,YEAR_TABLE_ROW,DATE_DIFFERS_FROM_DRUGSFDA_1_3D,https://www.fda.gov/media/177921/download?attachment
compilation→master,2015,Varubi,rolapitant,Tesaro,NDA206500,2015-09-01,Standard,No,MATCHED,appl NDA206500,D443,YEAR_TABLE_ROW,DATE_DIFFERS_FROM_DRUGSFDA_1_3D,https://www.fda.gov/media/177921/download?attachment
compilation→master,2015,Veltassa,patiromer,Relypsa,NDA205739,2015-10-21,Standard,No,MATCHED,appl NDA205739,D437,YEAR_TABLE_ROW,MATCH,https://www.fda.gov/media/177921/download?attachment
compilation→master,2015,Viberzi,eluxadoline,Furiex Pharmaceuticals,NDA206940,2015-05-27,Priority,No,MATCHED,appl NDA206940,D452,YEAR_TABLE_ROW,MATCH,https://www.fda.gov/media/177921/download?attachment
compilation→master,2015,Vraylar,cariprazine,Forest Laboratories,NDA204370,2015-09-17,Standard,No,MATCHED,appl NDA204370,D442,YEAR_TABLE_ROW,MATCH,https://www.fda.gov/media/177921/download?attachment
compilation→master,2015,Xuriden,uridine triacetate,Wellstat Therapeutics,NDA208169,2015-09-04,Priority,No,MATCHED,appl NDA208169,D937,YEAR_TABLE_ROW,MATCH_DATE_ONLY,https://www.fda.gov/media/177921/download?attachment
compilation→master,2015,Yondelis,trabectedin,Janssen Products,NDA207953,2015-10-23,Priority,No,MATCHED,appl NDA207953,D436,YEAR_TABLE_ROW,MATCH,https://www.fda.gov/media/177921/download?attachment
compilation→master,2015,Zurampic,lesinurad,Ardea Biosciences,NDA207988,2015-12-22,Standard,No,MATCHED,appl NDA207988,D424,YEAR_TABLE_ROW,MATCH_DATE_ONLY,https://www.fda.gov/media/177921/download?attachment
compilation→master,2016,Adlyxin,lixisenatide,Sanofi,BLA208471,2016-07-27,Standard,No,MATCHED,appl BLA208471,D466,YEAR_TABLE_ROW,MATCH,https://www.fda.gov/media/177921/download?attachment
compilation→master,2016,Anthim,obiltoxaximab,Elusys Therapeutics,BLA125509,2016-03-18,Standard,No,MATCHED,appl BLA125509,D583,YEAR_TABLE_ROW,MATCH,https://www.fda.gov/media/177921/download?attachment
compilation→master,2016,Axumin,fluciclovine F 18,Blue Earth Diagnostics,NDA208054,2016-05-27,Priority,No,MATCHED,appl NDA208054,D584,YEAR_TABLE_ROW,MATCH,https://www.fda.gov/media/177921/download?attachment
compilation→master,2016,Briviact,brivaracetam,UCB,NDA205836;NDA205837;NDA205838,2016-02-18,Standard,No,MATCHED,appl NDA205836,D477,YEAR_TABLE_ROW,MATCH,https://www.fda.gov/media/177921/download?attachment
compilation→master,2016,Cinqair,reslizumab,Teva Respiratory,BLA761033,2016-03-23,Standard,No,MATCHED,appl BLA761033,D475,YEAR_TABLE_ROW,MATCH,https://www.fda.gov/media/177921/download?attachment
compilation→master,2016,Defitelio,defibrotide sodium,Jazz Pharmaceuticals,NDA208114,2016-03-30,Priority,No,MATCHED,appl NDA208114,D474,YEAR_TABLE_ROW,MATCH,https://www.fda.gov/media/177921/download?attachment
compilation→master,2016,Epclusa,sofosbuvir and velpatasvir,Gilead Sciences,NDA208341,2016-06-28,Priority,No,MATCHED,appl NDA208341,D468,YEAR_TABLE_ROW,MATCH,https://www.fda.gov/media/177921/download?attachment
compilation→master,2016,Eucrisa,crisaborole,Anacor Pharmacueticals,NDA207695,2016-12-14,Standard,No,MATCHED,appl NDA207695,D462,YEAR_TABLE_ROW,MATCH,https://www.fda.gov/media/177921/download?attachment
compilation→master,2016,Exondys 51,eteplirsen,Sarepta Therapeutics,NDA206488,2016-09-19,Priority,Yes,MATCHED,appl NDA206488,D465,YEAR_TABLE_ROW,MATCH,https://www.fda.gov/media/177921/download?attachment
compilation→master,2016,Lartruvo,olaratumab,Eli Lilly,BLA761038,2016-10-19,Priority,Yes,MATCHED,appl BLA761038,D464,YEAR_TABLE_ROW,MATCH,https://www.fda.gov/media/177921/download?attachment
compilation→master,2016,Netspot,gallium Ga 68 dotatate,Advanced Accelerator Applications,NDA208547,2016-06-01,Priority,No,MATCHED,appl NDA208547,D585,YEAR_TABLE_ROW,MATCH,https://www.fda.gov/media/177921/download?attachment
compilation→master,2016,Nuplazid,pimavanserin,Acadia Pharmaceuticals,NDA207318,2016-04-29,Priority,No,MATCHED,appl NDA207318,D472,YEAR_TABLE_ROW,MATCH,https://www.fda.gov/media/177921/download?attachment
compilation→master,2016,Ocaliva,obeticholic acid,Intercept Pharmaceuticals,NDA207999,2016-05-27,Priority,Yes,MATCHED,appl NDA207999,D469,YEAR_TABLE_ROW,MATCH,https://www.fda.gov/media/177921/download?attachment
compilation→master,2016,Rubraca,rucaparib,Clovis Oncology,NDA209115,2016-12-19,Priority,Yes,MATCHED,appl NDA209115,D461,YEAR_TABLE_ROW,MATCH_DATE_ONLY,https://www.fda.gov/media/177921/download?attachment
compilation→master,2016,Spinraza,nusinersen,Biogen,NDA209531,2016-12-23,Priority,No,MATCHED,appl NDA209531,D460,YEAR_TABLE_ROW,MATCH,https://www.fda.gov/media/177921/download?attachment
compilation→master,2016,Taltz,ixekizumab,Eli Lilly,BLA125521,2016-03-22,Standard,No,MATCHED,appl BLA125521,D476,YEAR_TABLE_ROW,MATCH,https://www.fda.gov/media/177921/download?attachment
compilation→master,2016,Tecentriq,atezolizumab,Genentech,BLA761034,2016-05-18,Priority,Yes,MATCHED,appl BLA761034,D471,YEAR_TABLE_ROW,MATCH,https://www.fda.gov/media/177921/download?attachment
compilation→master,2016,Venclexta,venetoclax,AbbVie,NDA208573,2016-04-11,Priority,Yes,MATCHED,appl NDA208573,D473,YEAR_TABLE_ROW,MATCH,https://www.fda.gov/media/177921/download?attachment
compilation→master,2016,Xiidra,lifitegrast,Shire Development,NDA208073,2016-07-11,Priority,No,MATCHED,appl NDA208073,D467,YEAR_TABLE_ROW,MATCH_DATE_ONLY,https://www.fda.gov/media/177921/download?attachment
compilation→master,2016,Zepatier,elbasvir and grazoprevir,Merck,NDA208261,2016-01-28,Priority,No,MATCHED,appl NDA208261,D478,YEAR_TABLE_ROW,MATCH,https://www.fda.gov/media/177921/download?attachment
compilation→master,2016,Zinbryta,daclizumab,Biogen,BLA761029,2016-05-27,Standard,No,MATCHED,appl BLA761029,D470,YEAR_TABLE_ROW,MATCH,https://www.fda.gov/media/177921/download?attachment
compilation→master,2016,Zinplava,bezlotoxumab,Merck,BLA761046,2016-10-21,Priority,No,MATCHED,appl BLA761046,D463,YEAR_TABLE_ROW,MATCH,https://www.fda.gov/media/177921/download?attachment
compilation→master,2017,Aliqopa,copanlisib,Bayer HealthCare Pharmaceuticals,NDA209936,2017-09-14,Priority,Yes,MATCHED,appl NDA209936,D491,YEAR_TABLE_ROW,MATCH,https://www.fda.gov/media/177921/download?attachment
compilation→master,2017,Alunbrig,brigatinib,Ariad Pharmaceuticals,NDA208772,2017-04-28,Priority,Yes,MATCHED,appl NDA208772,D506,YEAR_TABLE_ROW,MATCH,https://www.fda.gov/media/177921/download?attachment
compilation→master,2017,Austedo,deutetrabenazine,Teva Pharmaceuticals,NDA208082,2017-04-03,Standard,No,MATCHED,appl NDA208082,D509,YEAR_TABLE_ROW,MATCH,https://www.fda.gov/media/177921/download?attachment
compilation→master,2017,Bavencio,avelumab,EMD Serono,BLA761049,2017-03-23,Priority,Yes,MATCHED,appl BLA761049,D514,YEAR_TABLE_ROW,MATCH,https://www.fda.gov/media/177921/download?attachment
compilation→master,2017,Baxdela,delafloxacin,Melinta Therapeutics,NDA208610;NDA208611,2017-06-19,Priority,No,MATCHED,appl NDA208610,D500,YEAR_TABLE_ROW,MATCH,https://www.fda.gov/media/177921/download?attachment
compilation→master,2017,Besponsa,inotuzumab ozogamicin,Pfizer,BLA761040,2017-08-17,Priority,No,MATCHED,appl BLA761040,D493,YEAR_TABLE_ROW,MATCH_DATE_ONLY,https://www.fda.gov/media/177921/download?attachment
compilation→master,2017,Bevyxxa,betrixaban,Portola Pharmaceuticals,NDA208383,2017-06-23,Priority,No,MATCHED,appl NDA208383,D499,YEAR_TABLE_ROW,MATCH,https://www.fda.gov/media/177921/download?attachment
compilation→master,2017,Brineura,cerliponase alfa,BioMarin Pharmaceutical,BLA761052,2017-04-27,Priority,No,MATCHED,appl BLA761052,D507,YEAR_TABLE_ROW,MATCH,https://www.fda.gov/media/177921/download?attachment
compilation→master,2017,Calquence,acalabrutinib,Acerta Pharma B.V.,NDA210259,2017-10-31,Priority,Yes,MATCHED,appl NDA210259,D488,YEAR_TABLE_ROW,MATCH,https://www.fda.gov/media/177921/download?attachment
compilation→master,2017,Dupixent,dupilumab,Regeneron Pharmaceuticals,BLA761055,2017-03-28,Priority,No,MATCHED,appl BLA761055,D511,YEAR_TABLE_ROW,MATCH,https://www.fda.gov/media/177921/download?attachment
compilation→master,2017,Emflaza,deflazacort,Marathon Pharmaceuticals,NDA208684;NDA208685,2017-02-09,Priority,No,MATCHED,appl NDA208684,D519,YEAR_TABLE_ROW,MATCH,https://www.fda.gov/media/177921/download?attachment
compilation→master,2017,Fasenra,benralizumab,AstraZeneca Pharmaceuticals,BLA761070,2017-11-14,Standard,No,MATCHED,appl BLA761070,D485,YEAR_TABLE_ROW,MATCH,https://www.fda.gov/media/177921/download?attachment
compilation→master,2017,Giapreza,angiotensin II,La Jolla Pharmaceuticals,NDA209360,2017-12-21,Priority,No,MATCHED,appl NDA209360,D479,YEAR_TABLE_ROW,MATCH,https://www.fda.gov/media/177921/download?attachment
compilation→master,2017,Hemlibra,emicizumab-kxwh,Genentech,BLA761083,2017-11-16,Priority,No,MATCHED,appl BLA761083,D484,YEAR_TABLE_ROW,MATCH,https://www.fda.gov/media/177921/download?attachment
compilation→master,2017,Idhifa,enasidenib,Celgene,NDA209606,2017-08-01,Priority,No,MATCHED,appl NDA209606,D495,YEAR_TABLE_ROW,MATCH,https://www.fda.gov/media/177921/download?attachment
compilation→master,2017,Imfinzi,durvalumab,AstraZeneca UK Limited,BLA761069,2017-05-01,Priority,Yes,MATCHED,appl BLA761069,D503,YEAR_TABLE_ROW,MATCH,https://www.fda.gov/media/177921/download?attachment
compilation→master,2017,Ingrezza,valbenazine,Neurocrine Biosciences,NDA209241,2017-04-11,Priority,No,MATCHED,appl NDA209241,D508,YEAR_TABLE_ROW,MATCH,https://www.fda.gov/media/177921/download?attachment
compilation→master,2017,Kevzara,sarilumab,Sanofi,BLA761037,2017-05-22,Standard,No,MATCHED,appl BLA761037,D501,YEAR_TABLE_ROW,MATCH,https://www.fda.gov/media/177921/download?attachment
compilation→master,2017,Kisqali,ribociclib,Novartis Pharmaceuticals,NDA209092,2017-03-13,Priority,No,MATCHED,appl NDA209092,D516,YEAR_TABLE_ROW,MATCH,https://www.fda.gov/media/177921/download?attachment
compilation→master,2017,Macrilen,macimorelin,Aeterna Zentaris GmBH,NDA205598,2017-12-20,Standard,No,MATCHED,appl NDA205598,D480,YEAR_TABLE_ROW,MATCH,https://www.fda.gov/media/177921/download?attachment
compilation→master,2017,Mavyret,"glecaprevir, pibrentasvir",AbbVie,NDA209394,2017-08-03,Priority,No,MATCHED,appl NDA209394,D494,YEAR_TABLE_ROW,MATCH,https://www.fda.gov/media/177921/download?attachment
compilation→master,2017,Mepsevii,vestronidase alfa-vjbk,Ultragenyx Pharmaceutical,BLA761047,2017-11-15,Priority,No,MATCHED,appl BLA761047,D586,YEAR_TABLE_ROW,MATCH,https://www.fda.gov/media/177921/download?attachment
compilation→master,2017,Nerlynx,neratinib,Puma Biotechnology,NDA208051,2017-07-17,Standard,No,MATCHED,appl NDA208051,D497,YEAR_TABLE_ROW,MATCH,https://www.fda.gov/media/177921/download?attachment
compilation→master,2017,Ocrevus,ocrelizumab,Genentech,BLA761053,2017-03-28,Priority,No,MATCHED,appl BLA761053,D510,YEAR_TABLE_ROW,MATCH,https://www.fda.gov/media/177921/download?attachment
compilation→master,2017,Ozempic,semaglutide,Novo Nordisk,NDA209637,2017-12-05,Standard,No,MATCHED,appl NDA209637,D483,YEAR_TABLE_ROW,MATCH,https://www.fda.gov/media/177921/download?attachment
compilation→master,2017,Parsabiv,etelcalcetide,Amgen,NDA208325,2017-02-07,Standard,No,MATCHED,appl NDA208325,D520,YEAR_TABLE_ROW,MATCH_DATE_ONLY,https://www.fda.gov/media/177921/download?attachment
compilation→master,2017,Prevymis,letermovir,Merck,NDA209939;NDA209940,2017-11-08,Priority,No,MATCHED,appl NDA209939,D486,YEAR_TABLE_ROW,MATCH,https://www.fda.gov/media/177921/download?attachment
compilation→master,2017,Radicava,edaravone,Mitsubishi Tanabe Pharma Development,NDA209176,2017-05-05,Standard,No,MATCHED,appl NDA209176,D502,YEAR_TABLE_ROW,MATCH_DATE_ONLY,https://www.fda.gov/media/177921/download?attachment
compilation→master,2017,Rhopressa,netarsudil,Aerie Pharmaceuticals,NDA208254,2017-12-18,Standard,No,MATCHED,appl NDA208254,D482,YEAR_TABLE_ROW,MATCH,https://www.fda.gov/media/177921/download?attachment
compilation→master,2017,Rydapt,midostaurin,Novartis Pharmaceuticals,NDA207997,2017-04-28,Priority,No,MATCHED,appl NDA207997,D505,YEAR_TABLE_ROW,MATCH,https://www.fda.gov/media/177921/download?attachment
compilation→master,2017,Siliq,brodalumab,Valeant Pharmaceuticals,BLA761032,2017-02-15,Standard,No,MATCHED,appl BLA761032,D518,YEAR_TABLE_ROW,MATCH_DATE_ONLY,https://www.fda.gov/media/177921/download?attachment
compilation→master,2017,Solosec,secnidazole,Symbiomix Therapeutics,NDA209363,2017-09-15,Priority,No,MATCHED,appl NDA209363,D490,YEAR_TABLE_ROW,MATCH_DATE_ONLY,https://www.fda.gov/media/177921/download?attachment
compilation→master,2017,Steglatro,ertugliflozin,Merck Sharp & Dohme,NDA209803,2017-12-19,Standard,No,MATCHED,appl NDA209803,D481,YEAR_TABLE_ROW,MATCH,https://www.fda.gov/media/177921/download?attachment
compilation→master,2017,Symproic,naldemedine,Shionogi,NDA208854,2017-03-23,Standard,No,MATCHED,appl NDA208854,D513,YEAR_TABLE_ROW,MATCH_DATE_ONLY,https://www.fda.gov/media/177921/download?attachment
compilation→master,2017,Tremfya,guselkumab,Janssen Biotech,BLA761061,2017-07-13,Priority (used priority review voucher),No,MATCHED,appl BLA761061,D498,YEAR_TABLE_ROW,MATCH,https://www.fda.gov/media/177921/download?attachment
compilation→master,2017,Trulance,plecanatide,Synergy Pharmaceuticals,NDA208745,2017-01-19,Standard,No,MATCHED,appl NDA208745,D521,YEAR_TABLE_ROW,MATCH,https://www.fda.gov/media/177921/download?attachment
compilation→master,2017,Tymlos,abaloparatide,Radius Health,NDA208743,2017-04-28,Standard,No,MATCHED,appl NDA208743,D504,YEAR_TABLE_ROW,MATCH,https://www.fda.gov/media/177921/download?attachment
compilation→master,2017,Vabomere,meropenem and vaborbactam,The Medicines Company,NDA209776,2017-08-29,Priority,No,MATCHED,appl NDA209776,D492,YEAR_TABLE_ROW,MATCH_DATE_ONLY,https://www.fda.gov/media/177921/download?attachment
compilation→master,2017,Verzenio,abemaciclib,Eli Lilly,NDA208716,2017-09-28,Priority,No,MATCHED,appl NDA208716,D489,YEAR_TABLE_ROW,MATCH,https://www.fda.gov/media/177921/download?attachment
compilation→master,2017,Vosevi,"sofosbuvir, velpatasvir, voxilaprevir",Gilead Sciences,NDA209195,2017-07-18,Priority,No,MATCHED,appl NDA209195,D496,YEAR_TABLE_ROW,MATCH,https://www.fda.gov/media/177921/download?attachment
compilation→master,2017,Vyzulta,latanoprostene bunod,Bausch & Lomb,NDA207795,2017-11-02,Standard,No,MATCHED,appl NDA207795,D487,YEAR_TABLE_ROW,MATCH,https://www.fda.gov/media/177921/download?attachment
compilation→master,2017,Xadago,safinamide,Newron Pharmaceuticals,NDA207145,2017-03-21,Standard,No,MATCHED,appl NDA207145,D515,YEAR_TABLE_ROW,MATCH_DATE_ONLY,https://www.fda.gov/media/177921/download?attachment
compilation→master,2017,Xepi,ozenoxacin,Ferrer Internacional S.A.,NDA208945,2017-12-11,Standard,No,MATCHED,appl NDA208945,D940,YEAR_TABLE_ROW,MATCH,https://www.fda.gov/media/177921/download?attachment
compilation→master,2017,Xermelo,telotristat ethyl,Lexicon Pharmaceuticals,NDA208794,2017-02-28,Priority,No,MATCHED,appl NDA208794,D517,YEAR_TABLE_ROW,MATCH_DATE_ONLY,https://www.fda.gov/media/177921/download?attachment
compilation→master,2017,Zejula,niraparib,Tesaro,NDA208447,2017-03-27,Priority,No,MATCHED,appl NDA208447,D512,YEAR_TABLE_ROW,MATCH_DATE_ONLY,https://www.fda.gov/media/177921/download?attachment
compilation→master,2017,[drug marketed without a proprietary name],benznidazole,"Chemo Research, S.L.",NDA209570,2017-08-29,Priority,Yes,MATCHED,appl NDA209570,D939,YEAR_TABLE_ROW,MATCH,https://www.fda.gov/media/177921/download?attachment
compilation→master,2018,Aemcolo,rifamycin,Cosmo Technologies,NDA210910,2018-11-16,Priority,No,MATCHED,appl NDA210910,D320,YEAR_TABLE_ROW,MATCH,https://www.fda.gov/media/177921/download?attachment
compilation→master,2018,Aimovig,erenumab-aooe,Amgen,BLA761077,2018-05-17,Standard,No,MATCHED,appl BLA761077,D951,YEAR_TABLE_ROW,MATCH,https://www.fda.gov/media/177921/download?attachment
compilation→master,2018,Ajovy,fremanezumab-vfrm,Teva Pharmaceuticals,BLA761089,2018-09-14,Priority (used priority review voucher),No,MATCHED,appl BLA761089,D333,YEAR_TABLE_ROW,MATCH,https://www.fda.gov/media/177921/download?attachment
compilation→master,2018,Akynzeo,fosnetupitant and palonosetron,Helsinn Healthcare,NDA210493,2018-04-19,Standard,No,MATCHED,appl NDA210493,D949,YEAR_TABLE_ROW,MATCH,https://www.fda.gov/media/177921/download?attachment
compilation→master,2018,Annovera,"segesterone acetate, ethinyl estradiol",The Population Council,NDA209627,2018-08-10,Standard,No,MATCHED,appl NDA209627,D341,YEAR_TABLE_ROW,MATCH,https://www.fda.gov/media/177921/download?attachment
compilation→master,2018,Asparlas,calaspargase pegol-mknl,Servier Pharmaceuticals,BLA761102,2018-12-20,Standard,No,MATCHED,appl BLA761102,D313,YEAR_TABLE_ROW,MATCH,https://www.fda.gov/media/177921/download?attachment
compilation→master,2018,Biktarvy,"bictegravir, emtricitabine, tenofovir alafenamide",Gilead Sciences,NDA210251,2018-02-07,Priority (used priority review voucher),No,MATCHED,appl NDA210251,D942,YEAR_TABLE_ROW,MATCH,https://www.fda.gov/media/177921/download?attachment
compilation→master,2018,Braftovi,encorafenib,Array Biopharma,NDA210496,2018-06-27,Standard,No,MATCHED,appl NDA210496,D531,YEAR_TABLE_ROW,MATCH,https://www.fda.gov/media/177921/download?attachment
compilation→master,2018,Copiktra,duvelisib,Verastem,NDA211155,2018-09-24,Priority,Yes (indication [B] only),MATCHED,appl NDA211155,D332,YEAR_TABLE_ROW,MATCH_DATE_ONLY,https://www.fda.gov/media/177921/download?attachment
compilation→master,2018,Crysvita,burosumab-twza,Ultragenyx Pharmaceutical,BLA761068,2018-04-17,Priority,No,MATCHED,appl BLA761068,D947,YEAR_TABLE_ROW,MATCH,https://www.fda.gov/media/177921/download?attachment
compilation→master,2018,Daurismo,glasdegib,Pfizer,NDA210656,2018-11-21,Priority,No,MATCHED,appl NDA210656,D318,YEAR_TABLE_ROW,MATCH,https://www.fda.gov/media/177921/download?attachment
compilation→master,2018,Diacomit,stiripentol,Biocodex SA,NDA206709;NDA207223,2018-08-20,Priority,No,MATCHED,appl NDA206709,D339,YEAR_TABLE_ROW,MATCH,https://www.fda.gov/media/177921/download?attachment
compilation→master,2018,Doptelet,avatrombopag,Dova Pharmaceuticals,NDA210238,2018-05-21,Priority,No,MATCHED,appl NDA210238,D524,YEAR_TABLE_ROW,MATCH_DATE_ONLY,https://www.fda.gov/media/177921/download?attachment
compilation→master,2018,Elzonris,tagraxofusp-erzs,Stemline Therapeutics,BLA761116,2018-12-21,Priority,No,MATCHED,appl BLA761116,D312,YEAR_TABLE_ROW,MATCH,https://www.fda.gov/media/177921/download?attachment
compilation→master,2018,Emgality,galcanezumab-gnlm,Eli Lilly,BLA761063,2018-09-27,Standard,No,MATCHED,appl BLA761063,D331,YEAR_TABLE_ROW,MATCH,https://www.fda.gov/media/177921/download?attachment
compilation→master,2018,Epidiolex,cannabidiol,GW Pharmaceuticals,NDA210365,2018-06-25,Priority,No,MATCHED,appl NDA210365,D528,YEAR_TABLE_ROW,MATCH_DATE_ONLY,https://www.fda.gov/media/177921/download?attachment
compilation→master,2018,Erleada,apalutamide,Janssen Biotech,NDA210951,2018-02-14,Priority,No,MATCHED,appl NDA210951,D944,YEAR_TABLE_ROW,MATCH,https://www.fda.gov/media/177921/download?attachment
compilation→master,2018,Firdapse,amifampridine,Catalyst Pharmaceuticals,NDA208078,2018-11-28,Priority,No,MATCHED,appl NDA208078,D316,YEAR_TABLE_ROW,MATCH,https://www.fda.gov/media/177921/download?attachment
compilation→master,2018,Galafold,migalastat,Amicus Therapeutics,NDA208623,2018-08-10,Priority,Yes,MATCHED,appl NDA208623,D340,YEAR_TABLE_ROW,MATCH,https://www.fda.gov/media/177921/download?attachment
compilation→master,2018,Gamifant,emapalumab-lzsg,Novimmune S.A.,BLA761107,2018-11-20,Priority,No,MATCHED,appl BLA761107,D319,YEAR_TABLE_ROW,MATCH,https://www.fda.gov/media/177921/download?attachment
compilation→master,2018,Ilumya,tildrakizumab-asmn,Merck Sharp & Dohme,BLA761067,2018-03-20,Standard,No,MATCHED,appl BLA761067,D946,YEAR_TABLE_ROW,MATCH,https://www.fda.gov/media/177921/download?attachment
compilation→master,2018,Krintafel,tafenoquine,GlaxoSmithKline,NDA210795,2018-07-20,Priority,No,MATCHED,appl NDA210795,D534,YEAR_TABLE_ROW,MATCH,https://www.fda.gov/media/177921/download?attachment
compilation→master,2018,Libtayo,cemiplimab-rwlc,Regeneron Pharmaceuticals,BLA761097,2018-09-28,Priority,No,MATCHED,appl BLA761097,D329,YEAR_TABLE_ROW,MATCH,https://www.fda.gov/media/177921/download?attachment
compilation→master,2018,Lokelma,sodium zirconium cyclosilicate,AstraZeneca Pharmaceuticals,NDA207078,2018-05-18,Standard,No,MATCHED,appl NDA207078,D952,YEAR_TABLE_ROW,MATCH,https://www.fda.gov/media/177921/download?attachment
compilation→master,2018,Lorbrena,lorlatinib,Pfizer,NDA210868,2018-11-02,Priority,Yes,MATCHED,appl NDA210868,D322,YEAR_TABLE_ROW,MATCH,https://www.fda.gov/media/177921/download?attachment
compilation→master,2018,Lucemyra,lofexidine,US World Meds,NDA209229,2018-05-16,Priority,No,MATCHED,appl NDA209229,D950,YEAR_TABLE_ROW,MATCH_DATE_ONLY,https://www.fda.gov/media/177921/download?attachment
compilation→master,2018,Lumoxiti,moxetumomab pasudotox-tdfk,AstraZeneca Pharmaceuticals,BLA761104,2018-09-13,Priority,No,MATCHED,appl BLA761104,D334,YEAR_TABLE_ROW,MATCH_DATE_ONLY,https://www.fda.gov/media/177921/download?attachment
compilation→master,2018,Lutathera,lutetium Lu 177 dotatate,Advanced Accelerator Applications,NDA208700,2018-01-26,Priority,No,MATCHED,appl NDA208700,D941,YEAR_TABLE_ROW,MATCH_DATE_ONLY,https://www.fda.gov/media/177921/download?attachment
compilation→master,2018,Mektovi,binimetinib,Array Biopharma,NDA210498,2018-06-27,Standard,No,MATCHED,appl NDA210498,D530,YEAR_TABLE_ROW,MATCH,https://www.fda.gov/media/177921/download?attachment
compilation→master,2018,Motegrity,prucalopride,Shire Development,NDA210166,2018-12-14,Standard,No,MATCHED,appl NDA210166,D314,YEAR_TABLE_ROW,MATCH,https://www.fda.gov/media/177921/download?attachment
compilation→master,2018,Mulpleta,lusutrombopag,Shionogi,NDA210923,2018-07-31,Priority,No,MATCHED,appl NDA210923,D344,YEAR_TABLE_ROW,MATCH_DATE_ONLY,https://www.fda.gov/media/177921/download?attachment
compilation→master,2018,Nuzyra,omadacycline,Paratek Pharmacueticals,NDA209816;NDA209817,2018-10-02,Priority,No,MATCHED,appl NDA209816,D327,YEAR_TABLE_ROW,MATCH,https://www.fda.gov/media/177921/download?attachment
compilation→master,2018,Olumiant,baricitinib,Eli Lilly,NDA207924,2018-05-31,Standard,No,MATCHED,appl NDA207924,D526,YEAR_TABLE_ROW,MATCH,https://www.fda.gov/media/177921/download?attachment
compilation→master,2018,Omegaven,fish oil triglycerides,Fresenius Kabi,NDA210589,2018-07-27,Priority,No,MATCHED,appl NDA210589,D345,YEAR_TABLE_ROW,MATCH,https://www.fda.gov/media/177921/download?attachment
compilation→master,2018,Onpattro,patisiran,Alnylam Pharmaceuticals,NDA210922,2018-08-10,Priority,No,MATCHED,appl NDA210922,D342,YEAR_TABLE_ROW,MATCH,https://www.fda.gov/media/177921/download?attachment
compilation→master,2018,Orilissa,elagolix,AbbVie,NDA210450,2018-07-23,Priority,No,MATCHED,appl NDA210450,D346,YEAR_TABLE_ROW,MATCH,https://www.fda.gov/media/177921/download?attachment
compilation→master,2018,Oxervate,cenegermin-bkbj,Dompé farmaceutici S.p.A.,BLA761094,2018-08-22,Priority,No,MATCHED,appl BLA761094,D338,YEAR_TABLE_ROW,MATCH,https://www.fda.gov/media/177921/download?attachment
compilation→master,2018,Palynziq,pegvaliase-pqpz,BioMarin Pharmaceutical,BLA761079,2018-05-24,Priority,No,MATCHED,appl BLA761079,D525,YEAR_TABLE_ROW,MATCH,https://www.fda.gov/media/177921/download?attachment
compilation→master,2018,Pifeltro,doravirine,Merck Sharp & Dohme,NDA210806,2018-08-30,Standard,No,MATCHED,appl NDA210806,D335,YEAR_TABLE_ROW,MATCH,https://www.fda.gov/media/177921/download?attachment
compilation→master,2018,Poteligeo,mogamulizumab-kpkc,Kyowa Kirin Pharmaceutical Development,BLA761051,2018-08-08,Priority,No,MATCHED,appl BLA761051,D343,YEAR_TABLE_ROW,MATCH,https://www.fda.gov/media/177921/download?attachment
compilation→master,2018,Revcovi,elapegademase-lvlr,Leadiant Biosciences,BLA761092,2018-10-05,Priority,No,MATCHED,appl BLA761092,D326,YEAR_TABLE_ROW,MATCH,https://www.fda.gov/media/177921/download?attachment
compilation→master,2018,Seysara,sarecycline,Allergan,NDA209521,2018-10-01,Standard,No,MATCHED,appl NDA209521,D328,YEAR_TABLE_ROW,MATCH,https://www.fda.gov/media/177921/download?attachment
compilation→master,2018,Symdeko,"tezacaftor, ivacaftor; ivacaftor (co-packaged)",Vertex Pharmaceuticals,NDA210491,2018-02-12,Priority,No,MATCHED,appl NDA210491,D943,YEAR_TABLE_ROW,MATCH,https://www.fda.gov/media/177921/download?attachment
compilation→master,2018,Takhzyro,lanadelumab-flyo,Dyax Corporation,BLA761090,2018-08-23,Priority,No,MATCHED,appl BLA761090,D337,YEAR_TABLE_ROW,MATCH_DATE_ONLY,https://www.fda.gov/media/177921/download?attachment
compilation→master,2018,Talzenna,talazoparib,Pfizer,NDA211651,2018-10-16,Priority,No,MATCHED,appl NDA211651,D324,YEAR_TABLE_ROW,MATCH,https://www.fda.gov/media/177921/download?attachment
compilation→master,2018,Tavalisse,fostamatinib disodium hexahydrate,Rigel Pharmaceuticals,NDA209299,2018-04-17,Standard,No,MATCHED,appl NDA209299,D948,YEAR_TABLE_ROW,MATCH,https://www.fda.gov/media/177921/download?attachment
compilation→master,2018,Tegsedi,inotersen,Ionis Pharmaceuticals,NDA211172,2018-10-05,Priority,No,MATCHED,appl NDA211172,D325,YEAR_TABLE_ROW,MATCH,https://www.fda.gov/media/177921/download?attachment
compilation→master,2018,Tibsovo,ivosidenib,Agios Pharmaceuticals,NDA211192,2018-07-20,Priority,No,MATCHED,appl NDA211192,D533,YEAR_TABLE_ROW,MATCH_DATE_ONLY,https://www.fda.gov/media/177921/download?attachment
compilation→master,2018,Tpoxx,tecovirimat,SIGA Technologies,NDA208627,2018-07-13,Priority,No,MATCHED,appl NDA208627,D532,YEAR_TABLE_ROW,MATCH,https://www.fda.gov/media/177921/download?attachment
compilation→master,2018,Trogarzo,ibalizumab-uiyk,TaiMed Biologics,BLA761065,2018-03-06,Priority,No,MATCHED,appl BLA761065,D945,YEAR_TABLE_ROW,MATCH_DATE_ONLY,https://www.fda.gov/media/177921/download?attachment
compilation→master,2018,Ultomiris,ravulizumab-cwvz,Alexion Pharmaceuticals,BLA761108,2018-12-21,Priority (used priority review voucher),No,MATCHED,appl BLA761108,D311,YEAR_TABLE_ROW,MATCH,https://www.fda.gov/media/177921/download?attachment
compilation→master,2018,Vitrakvi,larotrectinib,Loxo Oncology,NDA210861;NDA211710,2018-11-26,Priority,Yes,MATCHED,appl NDA210861,D317,YEAR_TABLE_ROW,MATCH_DATE_ONLY,https://www.fda.gov/media/177921/download?attachment
compilation→master,2018,Vizimpro,dacomitinib,Pfizer,NDA211288,2018-09-27,Priority,No,MATCHED,appl NDA211288,D330,YEAR_TABLE_ROW,MATCH,https://www.fda.gov/media/177921/download?attachment
compilation→master,2018,Xerava,eravacycline,Tetraphase Pharmaceuticals,NDA211109,2018-08-27,Priority,No,MATCHED,appl NDA211109,D336,YEAR_TABLE_ROW,MATCH,https://www.fda.gov/media/177921/download?attachment
compilation→master,2018,Xofluza,baloxavir marboxil,Shionogi,NDA210854,2018-10-24,Priority,No,MATCHED,appl NDA210854,D323,YEAR_TABLE_ROW,MATCH,https://www.fda.gov/media/177921/download?attachment
compilation→master,2018,Xospata,gilteritinib,Astellas Pharma,NDA211349,2018-11-28,Priority,No,MATCHED,appl NDA211349,D315,YEAR_TABLE_ROW,MATCH,https://www.fda.gov/media/177921/download?attachment
compilation→master,2018,Yupelri,revefenacin,Theravance Biopharma,NDA210598,2018-11-09,Standard,No,MATCHED,appl NDA210598,D321,YEAR_TABLE_ROW,MATCH,https://www.fda.gov/media/177921/download?attachment
compilation→master,2018,Zemdri,plazomicin,Achaogen,NDA210303,2018-06-25,Priority,No,MATCHED,appl NDA210303,D529,YEAR_TABLE_ROW,MATCH_DATE_ONLY,https://www.fda.gov/media/177921/download?attachment
compilation→master,2018,[drug marketed without a proprietary name],moxidectin,Medicines Development For Global Health,NDA210867,2018-06-13,Priority,No,MATCHED,appl NDA210867,D527,YEAR_TABLE_ROW,MATCH,https://www.fda.gov/media/177921/download?attachment
compilation→master,2019,Accrufer,ferric maltol,Sheild Therapeutics,NDA212320,2019-07-25,Standard,No,MATCHED,appl NDA212320,D387,YEAR_TABLE_ROW,MATCH,https://www.fda.gov/media/177921/download?attachment
compilation→master,2019,Adakveo,crizanlizumab-tmca,Novartis Pharmaceuticals,BLA761128,2019-11-15,Priority,No,MATCHED,appl BLA761128,D278,YEAR_TABLE_ROW,MATCH,https://www.fda.gov/media/177921/download?attachment
compilation→master,2019,Aklief,trifarotene,Galderma Research and Development,NDA211527,2019-10-04,Standard,No,MATCHED,appl NDA211527,D388,YEAR_TABLE_ROW,MATCH,https://www.fda.gov/media/177921/download?attachment
compilation→master,2019,Balversa,erdafitinib,Janssen Biotech,NDA212018,2019-04-12,Priority,Yes,MATCHED,appl NDA212018,D279,YEAR_TABLE_ROW,MATCH,https://www.fda.gov/media/177921/download?attachment
compilation→master,2019,Beovu,brolucizumab-dbll,Novartis Pharmaceuticals,BLA761125,2019-10-07,Priority (used priority review voucher),No,MATCHED,appl BLA761125,D389,YEAR_TABLE_ROW,MATCH,https://www.fda.gov/media/177921/download?attachment
compilation→master,2019,Brukinsa,zanubrutinib,BeiGene USA,NDA213217,2019-11-14,Priority,Yes,MATCHED,appl NDA213217,D280,YEAR_TABLE_ROW,MATCH,https://www.fda.gov/media/177921/download?attachment
compilation→master,2019,Cablivi,caplacizumab-yhdp,Ablynx NV,BLA761112,2019-02-06,Priority,No,MATCHED,appl BLA761112,D281,YEAR_TABLE_ROW,MATCH,https://www.fda.gov/media/177921/download?attachment
compilation→master,2019,Caplyta,lumateperone,Intra-Cellular Therapies,NDA209500,2019-12-20,Standard,No,MATCHED,appl NDA209500,D282,YEAR_TABLE_ROW,MATCH,https://www.fda.gov/media/177921/download?attachment
compilation→master,2019,Dayvigo,lemborexant,Eisai,NDA212028,2019-12-20,Standard,No,MATCHED,appl NDA212028,D283,YEAR_TABLE_ROW,MATCH,https://www.fda.gov/media/177921/download?attachment
compilation→master,2019,Egaten,triclabendazole,Novartis Pharmaceuticals,NDA208711,2019-02-13,Priority,No,MATCHED,appl NDA208711,D390,YEAR_TABLE_ROW,MATCH,https://www.fda.gov/media/177921/download?attachment
compilation→master,2019,Enhertu,fam-trastuzumab deruxtecan-nxki,Daiichi Sankyo,BLA761139,2019-12-20,Priority,Yes,MATCHED,appl BLA761139,D284,YEAR_TABLE_ROW,MATCH,https://www.fda.gov/media/177921/download?attachment
compilation→master,2019,Evenity,romosozumab-aqqg,Amgen,BLA761062,2019-04-09,Standard,No,MATCHED,appl BLA761062,D285,YEAR_TABLE_ROW,MATCH,https://www.fda.gov/media/177921/download?attachment
compilation→master,2019,ExEm Foam,air polymer-type A,Giskit B.V.,NDA212279,2019-11-07,Standard,No,MATCHED,appl NDA212279,D391,YEAR_TABLE_ROW,MATCH,https://www.fda.gov/media/177921/download?attachment
compilation→master,2019,Fetroja,cefiderocol,Shionogi,NDA209445,2019-11-14,Priority,No,MATCHED,appl NDA209445,D392,YEAR_TABLE_ROW,MATCH,https://www.fda.gov/media/177921/download?attachment
compilation→master,2019,Givlaari,givosiran,Alnylam Pharmaceuticals,NDA212194,2019-11-20,Priority,No,MATCHED,appl NDA212194,D286,YEAR_TABLE_ROW,MATCH,https://www.fda.gov/media/177921/download?attachment
compilation→master,2019,Ibsrela,tenapanor,Ardelyx,NDA211801,2019-09-12,Standard,No,MATCHED,appl NDA211801,D395,YEAR_TABLE_ROW,MATCH,https://www.fda.gov/media/177921/download?attachment
compilation→master,2019,Inrebic,fedratinib,Celgene,NDA212327,2019-08-16,Priority,No,MATCHED,appl NDA212327,D287,YEAR_TABLE_ROW,MATCH,https://www.fda.gov/media/177921/download?attachment
compilation→master,2019,Jeuveau,prabotulinumtoxinA-xvfs,Evolus,BLA761085,2019-02-01,Standard,No,MATCHED,appl BLA761085,D396,YEAR_TABLE_ROW,MATCH,https://www.fda.gov/media/177921/download?attachment
compilation→master,2019,Mayzent,siponimod,Novartis Pharmaceuticals,NDA209884,2019-03-26,Priority (used priority review voucher),No,MATCHED,appl NDA209884,D288,YEAR_TABLE_ROW,MATCH,https://www.fda.gov/media/177921/download?attachment
compilation→master,2019,Nourianz,istradefylline,Kyowa Kirin,NDA22075,2019-08-27,Standard,No,MATCHED,appl NDA22075,D397,YEAR_TABLE_ROW,MATCH,https://www.fda.gov/media/177921/download?attachment
compilation→master,2019,Nubeqa,darolutamide,Bayer HealthCare Pharmaceuticals,NDA212099,2019-07-30,Priority,No,MATCHED,appl NDA212099,D289,YEAR_TABLE_ROW,MATCH,https://www.fda.gov/media/177921/download?attachment
compilation→master,2019,Oxbryta,voxelotor,Global Blood Therapeutics,NDA213137,2019-11-25,Priority,Yes,MATCHED,appl NDA213137,D290,YEAR_TABLE_ROW,MATCH,https://www.fda.gov/media/177921/download?attachment
compilation→master,2019,Padcev,enfortumab vedotin-ejfv,Astellas Pharma,BLA761137,2019-12-18,Priority,Yes,MATCHED,appl BLA761137,D291,YEAR_TABLE_ROW,MATCH,https://www.fda.gov/media/177921/download?attachment
compilation→master,2019,Piqray,alpelisib,Novartis Pharmaceuticals,NDA212526,2019-05-24,Priority,No,MATCHED,appl NDA212526,D292,YEAR_TABLE_ROW,MATCH,https://www.fda.gov/media/177921/download?attachment
compilation→master,2019,Polivy,polatuzumab vedotin-piiq,Genentech,BLA761121,2019-06-10,Priority,Yes,MATCHED,appl BLA761121,D293,YEAR_TABLE_ROW,MATCH,https://www.fda.gov/media/177921/download?attachment
compilation→master,2019,Reblozyl,luspatercept-aamt,Celgene,BLA761136,2019-11-08,Priority,No,MATCHED,appl BLA761136,D294,YEAR_TABLE_ROW,MATCH,https://www.fda.gov/media/177921/download?attachment
compilation→master,2019,Recarbrio,"imipenem, cilastatin, and relebactam",Merck Sharp & Dohme,NDA212819,2019-07-16,Priority,No,MATCHED,appl NDA212819,D399,YEAR_TABLE_ROW,MATCH,https://www.fda.gov/media/177921/download?attachment
compilation→master,2019,Reyvow,lasmiditan,Eli Lilly,NDA211280,2019-10-11,Standard,No,MATCHED,appl NDA211280,D400,YEAR_TABLE_ROW,MATCH,https://www.fda.gov/media/177921/download?attachment
compilation→master,2019,Rinvoq,upadacitinib,Abbvie,NDA211675,2019-08-16,Priority (used priority review voucher),No,MATCHED,appl NDA211675,D401,YEAR_TABLE_ROW,MATCH,https://www.fda.gov/media/177921/download?attachment
compilation→master,2019,Rozlytrek,entrectinib,Genentech,NDA212725;NDA212726,2019-08-15,Priority,Yes (indication [B] only),MATCHED,appl NDA212725,D402,YEAR_TABLE_ROW,MATCH,https://www.fda.gov/media/177921/download?attachment
compilation→master,2019,Scenesse,afamelanotide,Clinuvel,NDA210797,2019-10-08,Priority,No,MATCHED,appl NDA210797,D403,YEAR_TABLE_ROW,MATCH_DATE_ONLY,https://www.fda.gov/media/177921/download?attachment
compilation→master,2019,Skyrizi,risankizumab-rzaa,AbbVie,BLA761105,2019-04-23,Standard,No,MATCHED,appl BLA761105,D295,YEAR_TABLE_ROW,MATCH,https://www.fda.gov/media/177921/download?attachment
compilation→master,2019,Sunosi,solriamfetol,Jazz Pharmaceuticals,NDA211230,2019-03-20,Standard,No,MATCHED,appl NDA211230,D404,YEAR_TABLE_ROW,MATCH_DATE_ONLY,https://www.fda.gov/media/177921/download?attachment
compilation→master,2019,TissueBlue,Brilliant Blue G,D.O.R.C International b.v,NDA209569,2019-12-20,Priority,No,MATCHED,appl NDA209569,D405,YEAR_TABLE_ROW,MATCH,https://www.fda.gov/media/177921/download?attachment
compilation→master,2019,Trikafta,"elexacaftor, ivacaftor, tezacaftor; ivacaftor (co-packaged)",Vertex Pharmaceuticals,NDA212273,2019-10-21,Priority,No,MATCHED,appl NDA212273,D296,YEAR_TABLE_ROW,MATCH,https://www.fda.gov/media/177921/download?attachment
compilation→master,2019,Turalio,pexidartinib,Daiichi Sankyo,NDA211810,2019-08-02,Priority,No,MATCHED,appl NDA211810,D297,YEAR_TABLE_ROW,MATCH,https://www.fda.gov/media/177921/download?attachment
compilation→master,2019,Ubrelvy,ubrogepant,Allergan,NDA211765,2019-12-23,Standard,No,MATCHED,appl NDA211765,D298,YEAR_TABLE_ROW,MATCH,https://www.fda.gov/media/177921/download?attachment
compilation→master,2019,Vyleesi,bremelanotide,AMAG Pharmaceuticals,NDA210557,2019-06-21,Standard,No,MATCHED,appl NDA210557,D406,YEAR_TABLE_ROW,MATCH_DATE_ONLY,https://www.fda.gov/media/177921/download?attachment
compilation→master,2019,Vyndaqel,tafamidis meglumine,Pfizer,NDA211996,2019-05-03,Priority,No,MATCHED,appl NDA211996,D299,YEAR_TABLE_ROW,MATCH,https://www.fda.gov/media/177921/download?attachment
compilation→master,2019,Vyondys 53,golodirsen,Sarepta Therapeutics,NDA211970,2019-12-12,Priority,Yes,MATCHED,appl NDA211970,D407,YEAR_TABLE_ROW,MATCH,https://www.fda.gov/media/177921/download?attachment
compilation→master,2019,Wakix,pitolisant,Bioprojet Pharma,NDA211150,2019-08-14,Priority,No,MATCHED,appl NDA211150,D408,YEAR_TABLE_ROW,MATCH,https://www.fda.gov/media/177921/download?attachment
compilation→master,2019,Xcopri,cenobamate,SK Life Science,NDA212839,2019-11-21,Standard,No,MATCHED,appl NDA212839,D409,YEAR_TABLE_ROW,MATCH,https://www.fda.gov/media/177921/download?attachment
compilation→master,2019,Xenleta,lefamulin,Nabriva Therapeutics,NDA211672;NDA211673,2019-08-19,Priority,No,MATCHED,appl NDA211672,D410,YEAR_TABLE_ROW,MATCH_DATE_ONLY,https://www.fda.gov/media/177921/download?attachment
compilation→master,2019,Xpovio,selinexor,Karyopharm Therapeutics,NDA212306,2019-07-03,Priority,Yes,MATCHED,appl NDA212306,D300,YEAR_TABLE_ROW,MATCH,https://www.fda.gov/media/177921/download?attachment
compilation→master,2019,Zulresso,brexanolone,Sage Therapeutics,NDA211371,2019-03-19,Priority,No,MATCHED,appl NDA211371,D953,YEAR_TABLE_ROW,MATCH,https://www.fda.gov/media/177921/download?attachment
compilation→master,2019,[drug marketed without a proprietary name],pretomanid,Global Alliance for TB Drug Development,NDA212862,2019-08-14,Priority,No,MATCHED,appl NDA212862,D398,YEAR_TABLE_ROW,MATCH,https://www.fda.gov/media/177921/download?attachment
compilation→master,2019,[drug marketed without a proprietary name],Ga 68 DOTATOC,University of Iowa Health Care,NDA210828,2019-08-21,Standard,No,MATCHED,appl NDA210828,D394,YEAR_TABLE_ROW,MATCH,https://www.fda.gov/media/177921/download?attachment
compilation→master,2019,[drug marketed without a proprietary name],fluorodopa F 18,Feinstein Institute,NDA200655,2019-10-10,Standard,No,MATCHED,appl NDA200655,D393,YEAR_TABLE_ROW,MATCH,https://www.fda.gov/media/177921/download?attachment
compilation→master,2020,Ayvakit,avapritinib,Blueprint Medicines Corporation,NDA212608,2020-01-09,Priority,No,MATCHED,appl NDA212608,D301,YEAR_TABLE_ROW,MATCH,https://www.fda.gov/media/177921/download?attachment
compilation→master,2020,Barhemsys,amisulpride,Acacia Pharma Ltd.,NDA209510,2020-02-26,Standard,No,MATCHED,appl NDA209510,D381,YEAR_TABLE_ROW,MATCH_DATE_ONLY,https://www.fda.gov/media/177921/download?attachment
compilation→master,2020,Blenrep,belantamab mafodotin-blmf,GlaxoSmithKline Intellectual Property Development Ltd. England,BLA761158,2020-08-05,Priority,Yes,MATCHED,appl BLA761158,D306,YEAR_TABLE_ROW,NO_APPL_NUMBER,https://www.fda.gov/media/177921/download?attachment
compilation→master,2020,Byfavo,remimazolam,"Cosmo Technologies, Ltd.",NDA212295,2020-07-02,Standard,No,MATCHED,appl NDA212295,D366,YEAR_TABLE_ROW,MATCH,https://www.fda.gov/media/177921/download?attachment
compilation→master,2020,Cerianna,fluoroestradiol F 18,Zionexa-US Corporation,NDA212155,2020-05-20,Standard,No,MATCHED,appl NDA212155,D372,YEAR_TABLE_ROW,MATCH,https://www.fda.gov/media/177921/download?attachment
compilation→master,2020,Danyelza,naxitamab-gqgk,"Y-mAbs Therapeutics, Inc.",BLA761171,2020-11-25,Priority,Yes,MATCHED,appl BLA761171,D351,YEAR_TABLE_ROW,MATCH,https://www.fda.gov/media/177921/download?attachment
compilation→master,2020,Detectnet,copper Cu 64 dotatate,"RadioMedix, Inc.",NDA213227,2020-09-03,Priority,No,MATCHED,appl NDA213227,D355,YEAR_TABLE_ROW,MATCH,https://www.fda.gov/media/177921/download?attachment
compilation→master,2020,Dojolvi,triheptanoin,Ultragenyx Pharmaceutical Inc.,NDA213687,2020-06-30,Standard,No,MATCHED,appl NDA213687,D367,YEAR_TABLE_ROW,MATCH,https://www.fda.gov/media/177921/download?attachment
compilation→master,2020,Ebanga,ansuvimab-zykl,"Ridgeback Biotherapeutics, LP",BLA761172,2020-12-21,Priority,No,MATCHED,appl BLA761172,D422,YEAR_TABLE_ROW,MATCH,https://www.fda.gov/media/177921/download?attachment
compilation→master,2020,Enspryng,satralizumab-mwge,"Genentech, Inc.",BLA761149,2020-08-14,Standard,No,MATCHED,appl BLA761149,D358,YEAR_TABLE_ROW,MATCH,https://www.fda.gov/media/177921/download?attachment
compilation→master,2020,Evrysdi,risdiplam,"Genentech, Inc.",NDA213535,2020-08-07,Priority,No,MATCHED,appl NDA213535,D307,YEAR_TABLE_ROW,MATCH,https://www.fda.gov/media/177921/download?attachment
compilation→master,2020,Gavreto,pralsetinib,Blueprint Medicines Corporation,NDA213721,2020-09-04,Priority,Yes,MATCHED,appl NDA213721,D354,YEAR_TABLE_ROW,MATCH_DATE_ONLY,https://www.fda.gov/media/177921/download?attachment
compilation→master,2020,Gemtesa,vibegron,Urovant Sciences GmbH,NDA213006,2020-12-23,Standard,No,MATCHED,appl NDA213006,D423,YEAR_TABLE_ROW,MATCH_DATE_ONLY,https://www.fda.gov/media/177921/download?attachment
compilation→master,2020,Imcivree,setmelanotide,"Rhythm Pharmaceuticals, Inc.",NDA213793,2020-11-25,Priority,No,MATCHED,appl NDA213793,D310,YEAR_TABLE_ROW,MATCH,https://www.fda.gov/media/177921/download?attachment
compilation→master,2020,Inmazeb,"atoltivimab, maftivimab, and odesivimab-ebgn","Regeneron Pharmaceuticals, Inc.",BLA761169,2020-10-14,Priority,No,MATCHED,appl BLA761169,D353,YEAR_TABLE_ROW,MATCH,https://www.fda.gov/media/177921/download?attachment
compilation→master,2020,Inqovi,decitabine and cedazuridine,"Astex Pharmaceuticals, Inc.",NDA212576,2020-07-07,Priority,No,MATCHED,appl NDA212576,D364,YEAR_TABLE_ROW,MATCH,https://www.fda.gov/media/177921/download?attachment
compilation→master,2020,Isturisa,osilodrostat,Novartis Pharmaceuticals Corporation,NDA212801,2020-03-06,Standard,No,MATCHED,appl NDA212801,D378,YEAR_TABLE_ROW,MATCH,https://www.fda.gov/media/177921/download?attachment
compilation→master,2020,Klisyri,tirbanibulin,"Athenex, Inc.",NDA213189,2020-12-14,Standard,No,MATCHED,appl NDA213189,D348,YEAR_TABLE_ROW,MATCH,https://www.fda.gov/media/177921/download?attachment
compilation→master,2020,Koselugo,selumetinib,AstraZeneca Pharmaceuticals LP,NDA213756,2020-04-10,Priority,No,MATCHED,appl NDA213756,D303,YEAR_TABLE_ROW,MATCH,https://www.fda.gov/media/177921/download?attachment
compilation→master,2020,Lampit,nifurtimox,"Bayer HealthCare Pharmaceuticals, Inc.",NDA213464,2020-08-06,Priority,Yes,MATCHED,appl NDA213464,D361,YEAR_TABLE_ROW,MATCH,https://www.fda.gov/media/177921/download?attachment
compilation→master,2020,Margenza,margetuximab-cmkb,"MacroGenics, Inc.",BLA761150,2020-12-16,Standard,No,MATCHED,appl BLA761150,D347,YEAR_TABLE_ROW,MATCH_DATE_ONLY,https://www.fda.gov/media/177921/download?attachment
compilation→master,2020,Monjuvi,tafasitamab-cxix,"MorphoSys US, Inc.",BLA761163,2020-07-31,Priority,Yes,MATCHED,appl BLA761163,D362,YEAR_TABLE_ROW,MATCH,https://www.fda.gov/media/177921/download?attachment
compilation→master,2020,Nexletol,bempedoic acid,"Esperion Therapeutics, Inc.",NDA211616,2020-02-21,Standard,No,MATCHED,appl NDA211616,D383,YEAR_TABLE_ROW,MATCH,https://www.fda.gov/media/177921/download?attachment
compilation→master,2020,Nurtec ODT,rimegepant,Biohaven Pharmaceuticals,NDA212728,2020-02-27,Priority (used priority review voucher),No,MATCHED,appl NDA212728,D380,YEAR_TABLE_ROW,MATCH_DATE_ONLY,https://www.fda.gov/media/177921/download?attachment
compilation→master,2020,Olinvyk,oliceridine,"Trevena, Inc.",NDA210730,2020-08-07,Standard,No,MATCHED,appl NDA210730,D360,YEAR_TABLE_ROW,MATCH,https://www.fda.gov/media/177921/download?attachment
compilation→master,2020,Ongentys,opicapone,"Neurocrine Biosciences, Inc.",NDA212489,2020-04-24,Standard,No,MATCHED,appl NDA212489,D375,YEAR_TABLE_ROW,MATCH_DATE_ONLY,https://www.fda.gov/media/177921/download?attachment
compilation→master,2020,Orgovyx,relugolix,Myovant Sciences GmbH,NDA214621,2020-12-18,Priority,No,MATCHED,appl NDA214621,D421,YEAR_TABLE_ROW,MATCH_DATE_ONLY,https://www.fda.gov/media/177921/download?attachment
compilation→master,2020,Orladeyo,berotralstat,"BioCryst Pharmaceuticals, Inc.",NDA214094,2020-12-03,Standard,No,MATCHED,appl NDA214094,D349,YEAR_TABLE_ROW,MATCH,https://www.fda.gov/media/177921/download?attachment
compilation→master,2020,Oxlumo,lumasiran,"Alnylam Pharmaceuticals, Inc.",NDA214103,2020-11-23,Priority,No,MATCHED,appl NDA214103,D309,YEAR_TABLE_ROW,MATCH,https://www.fda.gov/media/177921/download?attachment
compilation→master,2020,Pemazyre,pemigatinib,Incyte Corporation,NDA213736,2020-04-17,Priority,Yes,MATCHED,appl NDA213736,D304,YEAR_TABLE_ROW,MATCH,https://www.fda.gov/media/177921/download?attachment
compilation→master,2020,Pizensy,lactitol,"Braintree Laboratories, Inc.",NDA211281,2020-02-12,Standard,No,MATCHED,appl NDA211281,D384,YEAR_TABLE_ROW,MATCH,https://www.fda.gov/media/177921/download?attachment
compilation→master,2020,Qinlock,ripretinib,"Deciphera Pharmaceuticals, LLC",NDA213973,2020-05-15,Priority,No,MATCHED,appl NDA213973,D373,YEAR_TABLE_ROW,MATCH,https://www.fda.gov/media/177921/download?attachment
compilation→master,2020,Retevmo,selpercatinib,"Loxo Oncology, Inc.",NDA213246,2020-05-08,Priority,Yes,MATCHED,appl NDA213246,D305,YEAR_TABLE_ROW,MATCH,https://www.fda.gov/media/177921/download?attachment
compilation→master,2020,Rukobia,fostemsavir,ViiV Healthcare Company,NDA212950,2020-07-02,Priority,No,MATCHED,appl NDA212950,D365,YEAR_TABLE_ROW,MATCH,https://www.fda.gov/media/177921/download?attachment
compilation→master,2020,Sarclisa,isatuximab-irfc,Sanofi Aventis US LLC,BLA761113,2020-03-02,Standard,No,MATCHED,appl BLA761113,D379,YEAR_TABLE_ROW,MATCH,https://www.fda.gov/media/177921/download?attachment
compilation→master,2020,Sogroya,somapacitan-beco,"Novo Nordisk, Inc.",BLA761156,2020-08-28,Standard,No,MATCHED,appl BLA761156,D356,YEAR_TABLE_ROW,MATCH,https://www.fda.gov/media/177921/download?attachment
compilation→master,2020,Tabrecta,capmatinib,Novartis Pharmaceuticals Corporation,NDA213591,2020-05-06,Priority,Yes,MATCHED,appl NDA213591,D374,YEAR_TABLE_ROW,MATCH,https://www.fda.gov/media/177921/download?attachment
compilation→master,2020,Tauvid,flortaucipir F 18,"Avid Radiopharmaceuticals, Inc.",NDA212123,2020-05-28,Priority,No,MATCHED,appl NDA212123,D370,YEAR_TABLE_ROW,MATCH,https://www.fda.gov/media/177921/download?attachment
compilation→master,2020,Tazverik,tazemetostat,"Epizyme, Inc.",NDA211723,2020-01-23,Priority,Yes,MATCHED,appl NDA211723,D385,YEAR_TABLE_ROW,MATCH,https://www.fda.gov/media/177921/download?attachment
compilation→master,2020,Tepezza,teprotumumab-trbw,Horizon Therapeutics Ireland DAC,BLA761143,2020-01-21,Priority,No,MATCHED,appl BLA761143,D386,YEAR_TABLE_ROW,MATCH,https://www.fda.gov/media/177921/download?attachment
compilation→master,2020,Trodelvy,sacituzumab govitecan-hziy,"Immunomedics, Inc",BLA761115,2020-04-22,Priority,Yes,MATCHED,appl BLA761115,D376,YEAR_TABLE_ROW,MATCH,https://www.fda.gov/media/177921/download?attachment
compilation→master,2020,Tukysa,tucatinib,"Seattle Genetics, Inc.",NDA213411,2020-04-17,Priority,No,MATCHED,appl NDA213411,D377,YEAR_TABLE_ROW,MATCH,https://www.fda.gov/media/177921/download?attachment
compilation→master,2020,Uplizna,inebilizumab-cdon,"Viela Bio, Inc.",BLA761142,2020-06-11,Standard,No,MATCHED,appl BLA761142,D369,YEAR_TABLE_ROW,MATCH,https://www.fda.gov/media/177921/download?attachment
compilation→master,2020,Veklury,remdesivir,"Gilead Sciences, Inc.",NDA214787,2020-10-22,Priority,No,MATCHED,appl NDA214787,D308,YEAR_TABLE_ROW,MATCH,https://www.fda.gov/media/177921/download?attachment
compilation→master,2020,Viltepso,viltolarsen,"Nippon Shinyaku Co., Ltd.",NDA212154,2020-08-12,Priority,Yes,MATCHED,appl NDA212154,D359,YEAR_TABLE_ROW,MATCH,https://www.fda.gov/media/177921/download?attachment
compilation→master,2020,Vyepti,eptinezumab-jjmr,"Lundbeck Seattle BioPharmaceuticals, Inc.",BLA761119,2020-02-21,Standard,No,MATCHED,appl BLA761119,D382,YEAR_TABLE_ROW,MATCH,https://www.fda.gov/media/177921/download?attachment
compilation→master,2020,Winlevi,clascoterone,Cassiopea SpA,NDA213433,2020-08-26,Standard,No,MATCHED,appl NDA213433,D357,YEAR_TABLE_ROW,MATCH,https://www.fda.gov/media/177921/download?attachment
compilation→master,2020,Xeglyze,abametapir,Dr. Reddy’s Laboratories,NDA206966,2020-07-24,Standard,No,MATCHED,appl NDA206966,D363,YEAR_TABLE_ROW,MATCH,https://www.fda.gov/media/177921/download?attachment
compilation→master,2020,Zeposia,ozanimod,Celgene Corporation,NDA209899,2020-03-25,Standard,No,MATCHED,appl NDA209899,D302,YEAR_TABLE_ROW,MATCH,https://www.fda.gov/media/177921/download?attachment
compilation→master,2020,Zepzelca,lurbinectedin,"Pharma Mar USA, Inc.",NDA213702,2020-06-15,Priority,Yes,MATCHED,appl NDA213702,D368,YEAR_TABLE_ROW,MATCH,https://www.fda.gov/media/177921/download?attachment
compilation→master,2020,Zokinvy,lonafarnib,"Eiger BioPharmaceuticals, Inc.",NDA213969,2020-11-20,Priority,No,MATCHED,appl NDA213969,D352,YEAR_TABLE_ROW,MATCH_DATE_ONLY,https://www.fda.gov/media/177921/download?attachment
compilation→master,2020,[drug marketed without a proprietary name],artesunate,"Amivas, LLC",NDA213036,2020-05-26,Priority,No,MATCHED,appl NDA213036,D371,YEAR_TABLE_ROW,MATCH,https://www.fda.gov/media/177921/download?attachment
compilation→master,2020,[drug marketed without a proprietary name],gallium Ga 68 PSMA-11,University of California Los Angeles,NDA212642,2020-12-01,Standard,No,MATCHED,appl NDA212642,D350,YEAR_TABLE_ROW,MATCH,https://www.fda.gov/media/177921/download?attachment
compilation→master,2021,Adbry,tralokinumab-ldrm,LEO Pharma A/S,BLA761180,2021-12-27,Standard,No,MATCHED,appl BLA761180,D201,YEAR_TABLE_ROW,MATCH,https://www.fda.gov/media/177921/download?attachment
compilation→master,2021,Aduhelm,aducanumab-avwa,"Biogen, Inc.",BLA761178,2021-06-07,Priority,Yes,MATCHED,appl BLA761178,D225,YEAR_TABLE_ROW,MATCH,https://www.fda.gov/media/177921/download?attachment
compilation→master,2021,Amondys 45,casimersen,"Sarepta Therapeutics, Inc.",NDA213026,2021-02-25,Priority,Yes,MATCHED,appl NDA213026,D108,YEAR_TABLE_ROW,MATCH,https://www.fda.gov/media/177921/download?attachment
compilation→master,2021,Azstarys,serdexmethylphenidate and dexmethylphenidate,Commave Therapeutics SA,NDA212994,2021-03-02,Standard,No,MATCHED,appl NDA212994,D240,YEAR_TABLE_ROW,MATCH,https://www.fda.gov/media/177921/download?attachment
compilation→master,2021,Besremi,ropeginterferon alfa-2b-njft,PharmaEssentia Corporation,BLA761166,2021-11-12,Standard,No,MATCHED,appl BLA761166,D208,YEAR_TABLE_ROW,MATCH,https://www.fda.gov/media/177921/download?attachment
compilation→master,2021,Brexafemme,ibrexafungerp,"Scynexis, Inc.",NDA214900,2021-06-01,Priority,No,MATCHED,appl NDA214900,D226,YEAR_TABLE_ROW,MATCH,https://www.fda.gov/media/177921/download?attachment
compilation→master,2021,Bylvay,odevixibat,Albireo AB,NDA215498,2021-07-20,Priority,No,MATCHED,appl NDA215498,D220,YEAR_TABLE_ROW,MATCH,https://www.fda.gov/media/177921/download?attachment
compilation→master,2021,Cabenuva,cabotegravir; rilpivirine (co-packaged),ViiV Healthcare Company,NDA212888,2021-01-21,Priority,No,MATCHED,appl NDA212888,D102,YEAR_TABLE_ROW,MATCH,https://www.fda.gov/media/177921/download?attachment
compilation→master,2021,Cosela,trilaciclib,"G1 Therapeutics, Inc.",NDA214200,2021-02-12,Priority,No,MATCHED,appl NDA214200,D107,YEAR_TABLE_ROW,MATCH,https://www.fda.gov/media/177921/download?attachment
compilation→master,2021,Cytalux,pafolacianine,"On Target Laboratories, Inc.",NDA214907,2021-11-29,Priority,No,MATCHED,appl NDA214907,D205,YEAR_TABLE_ROW,MATCH,https://www.fda.gov/media/177921/download?attachment
compilation→master,2021,Empaveli,pegcetacoplan,"Apellis Pharmaceuticals, Inc.",NDA215014,2021-05-14,Priority,No,MATCHED,appl NDA215014,D232,YEAR_TABLE_ROW,MATCH,https://www.fda.gov/media/177921/download?attachment
compilation→master,2021,Evkeeza,evinacumab-dgnb,"Regeneron Pharmaceuticals, Inc.",BLA761181,2021-02-11,Priority,No,MATCHED,appl BLA761181,D106,YEAR_TABLE_ROW,MATCH,https://www.fda.gov/media/177921/download?attachment
compilation→master,2021,Exkivity,mobocertinib,"Takeda Pharmaceuticals U.S.A., Inc.",NDA215310,2021-09-15,Priority,Yes,MATCHED,appl NDA215310,D214,YEAR_TABLE_ROW,MATCH,https://www.fda.gov/media/177921/download?attachment
compilation→master,2021,Fotivda,tivozanib,"Aveo Pharmaceuticals, Inc.",NDA212904,2021-03-10,Standard,No,MATCHED,appl NDA212904,D239,YEAR_TABLE_ROW,MATCH,https://www.fda.gov/media/177921/download?attachment
compilation→master,2021,Jemperli,dostarlimab-gxly,"GlaxoSmithKline, LLC",BLA761174,2021-04-22,Priority,Yes,MATCHED,appl BLA761174,D234,YEAR_TABLE_ROW,MATCH,https://www.fda.gov/media/177921/download?attachment
compilation→master,2021,Kerendia,finerenone,"Bayer HealthCare Pharmaceuticals, Inc.",NDA215341,2021-07-09,Priority,No,MATCHED,appl NDA215341,D223,YEAR_TABLE_ROW,MATCH,https://www.fda.gov/media/177921/download?attachment
compilation→master,2021,Korsuva,difelikefalin,"Cara Therapeutics, Inc.",NDA214916,2021-08-23,Priority,No,MATCHED,appl NDA214916,D216,YEAR_TABLE_ROW,MATCH,https://www.fda.gov/media/177921/download?attachment
compilation→master,2021,Leqvio,inclisiran,Novartis Pharmaceuticals Corporation,NDA214012,2021-12-22,Standard,No,MATCHED,appl NDA214012,D202,YEAR_TABLE_ROW,MATCH,https://www.fda.gov/media/177921/download?attachment
compilation→master,2021,Livmarli,maralixibat,"Mirum Pharmaceuticals, Inc.",NDA214662,2021-09-29,Priority,No,MATCHED,appl NDA214662,D211,YEAR_TABLE_ROW,MATCH,https://www.fda.gov/media/177921/download?attachment
compilation→master,2021,Livtencity,maribavir,"Takeda Pharmaceuticals U.S.A., Inc.",NDA215596,2021-11-23,Priority,No,MATCHED,appl NDA215596,D206,YEAR_TABLE_ROW,MATCH,https://www.fda.gov/media/177921/download?attachment
compilation→master,2021,Lumakras,sotorasib,"Amgen, Inc.",NDA214665,2021-05-28,Priority,Yes,MATCHED,appl NDA214665,D229,YEAR_TABLE_ROW,MATCH,https://www.fda.gov/media/177921/download?attachment
compilation→master,2021,Lupkynis,voclosporin,"Aurinia Pharmaceuticals, Inc.",NDA213716,2021-01-22,Priority,No,MATCHED,appl NDA213716,D103,YEAR_TABLE_ROW,MATCH,https://www.fda.gov/media/177921/download?attachment
compilation→master,2021,Lybalvi,olanzapine and samidorphan,"Alkermes, Inc.",NDA213378,2021-05-28,Standard,No,MATCHED,appl NDA213378,D227,YEAR_TABLE_ROW,MATCH,https://www.fda.gov/media/177921/download?attachment
compilation→master,2021,Nextstellis,drospirenone and estetrol,"Mayne Pharma, LLC",NDA214154,2021-04-15,Standard,No,MATCHED,appl NDA214154,D235,YEAR_TABLE_ROW,MATCH,https://www.fda.gov/media/177921/download?attachment
compilation→master,2021,Nexviazyme,avalglucosidase alfa-ngpt,Genzyme Corporation,BLA761194,2021-08-06,Priority,No,MATCHED,appl BLA761194,D218,YEAR_TABLE_ROW,MATCH,https://www.fda.gov/media/177921/download?attachment
compilation→master,2021,Nulibry,fosdenopterin,"Origin Biosciences, Inc.",NDA214018,2021-02-26,Priority,No,MATCHED,appl NDA214018,D242,YEAR_TABLE_ROW,MATCH,https://www.fda.gov/media/177921/download?attachment
compilation→master,2021,Pepaxto,melphalan flufenamide,Oncopeptides AB,NDA214383,2021-02-26,Priority,Yes,MATCHED,appl NDA214383,D241,YEAR_TABLE_ROW,NOT_IN_OPENFDA,https://www.fda.gov/media/177921/download?attachment
compilation→master,2021,Ponvory,ponesimod,"Janssen Pharmaceuticals, Inc.",NDA213498,2021-03-18,Standard,No,MATCHED,appl NDA213498,D238,YEAR_TABLE_ROW,MATCH,https://www.fda.gov/media/177921/download?attachment
compilation→master,2021,Pylarify,piflufolastat F 18,"Progenics Pharmaceuticals, Inc.",NDA214793,2021-05-26,Priority,No,MATCHED,appl NDA214793,D230,YEAR_TABLE_ROW,MATCH,https://www.fda.gov/media/177921/download?attachment
compilation→master,2021,Qelbree,viloxazine,"Supernus Pharmaceuticals, Inc.",NDA211964,2021-04-02,Standard,No,MATCHED,appl NDA211964,D236,YEAR_TABLE_ROW,MATCH,https://www.fda.gov/media/177921/download?attachment
compilation→master,2021,Qulipta,atogepant,"AbbVie, Inc.",NDA215206,2021-09-28,Priority (used priority review voucher),No,MATCHED,appl NDA215206,D212,YEAR_TABLE_ROW,MATCH,https://www.fda.gov/media/177921/download?attachment
compilation→master,2021,Rezurock,belumosudil,"Kadmon Pharmaceuticals, LLC",NDA214783,2021-07-16,Priority,No,MATCHED,appl NDA214783,D221,YEAR_TABLE_ROW,MATCH,https://www.fda.gov/media/177921/download?attachment
compilation→master,2021,Rybrevant,amivantamab-vmjw,"Janssen Biotech, Inc.",BLA761210,2021-05-21,Priority,Yes,MATCHED,appl BLA761210,D231,YEAR_TABLE_ROW,MATCH,https://www.fda.gov/media/177921/download?attachment
compilation→master,2021,Rylaze,asparaginase erwinia chrysanthemi (recombinant)-rywn,Jazz Pharmaceuticals Ireland Limited,BLA761179,2021-06-30,Standard,No,MATCHED,appl BLA761179,D224,YEAR_TABLE_ROW,MATCH,https://www.fda.gov/media/177921/download?attachment
compilation→master,2021,Saphnelo,anifrolumab-fnia,AstraZeneca AB,BLA761123,2021-07-30,Standard,No,MATCHED,appl BLA761123,D219,YEAR_TABLE_ROW,MATCH,https://www.fda.gov/media/177921/download?attachment
compilation→master,2021,Scemblix,asciminib,Novartis Pharmaceuticals Corporation,NDA215358,2021-10-29,Priority,Yes (indication [A] only),MATCHED,appl NDA215358,D209,YEAR_TABLE_ROW,MATCH,https://www.fda.gov/media/177921/download?attachment
compilation→master,2021,Skytrofa,lonapegsomatropin-tcgd,Ascendis Pharma Endocrinology Division A/S,BLA761177,2021-08-25,Standard,No,MATCHED,appl BLA761177,D215,YEAR_TABLE_ROW,MATCH,https://www.fda.gov/media/177921/download?attachment
compilation→master,2021,Tavneos,avacopan,"ChemoCentryx, Inc.",NDA214487,2021-10-07,Standard,No,MATCHED,appl NDA214487,D210,YEAR_TABLE_ROW,MATCH,https://www.fda.gov/media/177921/download?attachment
compilation→master,2021,Tepmetko,tepotinib,"EMD Serono, Inc.",NDA214096,2021-02-03,Priority,Yes,MATCHED,appl NDA214096,D104,YEAR_TABLE_ROW,MATCH,https://www.fda.gov/media/177921/download?attachment
compilation→master,2021,Tezspire,tezepelumab-ekko,AstraZeneca AB,BLA761224,2021-12-17,Priority,No,MATCHED,appl BLA761224,D204,YEAR_TABLE_ROW,MATCH,https://www.fda.gov/media/177921/download?attachment
compilation→master,2021,Tivdak,tisotumab vedotin-tftv,"Seagen, Inc.",BLA761208,2021-09-20,Priority,Yes,MATCHED,appl BLA761208,D213,YEAR_TABLE_ROW,MATCH,https://www.fda.gov/media/177921/download?attachment
compilation→master,2021,Truseltiq,infigratinib,"QED Therapeutics, Inc.",NDA214622,2021-05-28,Priority,Yes,MATCHED,appl NDA214622,D228,YEAR_TABLE_ROW,MATCH,https://www.fda.gov/media/177921/download?attachment
compilation→master,2021,Ukoniq,umbralisib,"TG Therapeutics, Inc.",NDA213176,2021-02-05,Priority (indication [A] only),Yes,MATCHED,appl NDA213176,D105,YEAR_TABLE_ROW,MATCH,https://www.fda.gov/media/177921/download?attachment
compilation→master,2021,Verquvo,vericiguat,Merck Sharp and Dohme Corp.,NDA214377,2021-01-19,Priority,No,MATCHED,appl NDA214377,D101,YEAR_TABLE_ROW,MATCH_DATE_ONLY,https://www.fda.gov/media/177921/download?attachment
compilation→master,2021,Voxzogo,vosoritide,"BioMarin Pharmaceutical, Inc.",NDA214938,2021-11-19,Priority,Yes,MATCHED,appl NDA214938,D207,YEAR_TABLE_ROW,MATCH,https://www.fda.gov/media/177921/download?attachment
compilation→master,2021,Vyvgart,efgartigimod alfa-fcab,argenx BV,BLA761195,2021-12-17,Standard,No,MATCHED,appl BLA761195,D203,YEAR_TABLE_ROW,MATCH,https://www.fda.gov/media/177921/download?attachment
compilation→master,2021,Welireg,belzutifan,Merck Sharp and Dohme Corp.,NDA215383,2021-08-13,Priority,No,MATCHED,appl NDA215383,D217,YEAR_TABLE_ROW,MATCH,https://www.fda.gov/media/177921/download?attachment
compilation→master,2021,Zegalogue,dasiglucagon,Zealand Pharma A/S,NDA214231,2021-03-22,Standard,No,MATCHED,appl NDA214231,D237,YEAR_TABLE_ROW,MATCH,https://www.fda.gov/media/177921/download?attachment
compilation→master,2021,Zynlonta,loncastuximab tesirine-lpyl,ADC Therapeutics S.A.,BLA761196,2021-04-23,Priority,Yes,MATCHED,appl BLA761196,D233,YEAR_TABLE_ROW,MATCH,https://www.fda.gov/media/177921/download?attachment
compilation→master,2021,[drug marketed without a proprietary name],fexinidazole,Drugs for Neglected Diseases initiative,NDA214429,2021-07-16,Priority,No,MATCHED,appl NDA214429,D222,YEAR_TABLE_ROW,MATCH,https://www.fda.gov/media/177921/download?attachment
compilation→master,2022,Amvuttra,vutrisiran,"Alnylam Pharmaceuticals, Inc.",NDA215515,2022-06-13,Standard,No,MATCHED,appl NDA215515,D124,YEAR_TABLE_ROW,MATCH,https://www.fda.gov/media/177921/download?attachment
compilation→master,2022,Briumvi,ublituximab-xiiy,"TG Therapeutics, Inc.",BLA761238,2022-12-28,Standard,No,MATCHED,appl BLA761238,D144,YEAR_TABLE_ROW,MATCH,https://www.fda.gov/media/177921/download?attachment
compilation→master,2022,Camzyos,mavacamten,"MyoKardia, Inc.",NDA214998,2022-04-28,Standard,No,MATCHED,appl NDA214998,D120,YEAR_TABLE_ROW,MATCH,https://www.fda.gov/media/177921/download?attachment
compilation→master,2022,Cibinqo,abrocitinib,"Pfizer, Inc.",NDA213871,2022-01-14,Priority,No,MATCHED,appl NDA213871,D110,YEAR_TABLE_ROW,MATCH,https://www.fda.gov/media/177921/download?attachment
compilation→master,2022,Daxxify,daxibotulinumtoxinA-lanm,"Revance Therapeutics, Inc.",BLA761127,2022-09-07,Standard,No,MATCHED,appl BLA761127,D127,YEAR_TABLE_ROW,MATCH,https://www.fda.gov/media/177921/download?attachment
compilation→master,2022,Elahere,mirvetuximab soravtansine-gynx,"ImmunoGen, Inc.",BLA761310,2022-11-14,Priority,Yes,MATCHED,appl BLA761310,D137,YEAR_TABLE_ROW,MATCH,https://www.fda.gov/media/177921/download?attachment
compilation→master,2022,Elucirem,gadopiclenol,"Guerbet, LLC",NDA216986,2022-09-21,Priority,No,MATCHED,appl NDA216986,D131,YEAR_TABLE_ROW,MATCH,https://www.fda.gov/media/177921/download?attachment
compilation→master,2022,Enjaymo,sutimlimab-jome,"Bioverativ USA, Inc.",BLA761164,2022-02-04,Priority,No,MATCHED,appl BLA761164,D113,YEAR_TABLE_ROW,MATCH,https://www.fda.gov/media/177921/download?attachment
compilation→master,2022,Imjudo,tremelimumab-actl,AstraZeneca AB,BLA761289,2022-10-21,Priority (used priority review voucher),No,MATCHED,appl BLA761289,D135,YEAR_TABLE_ROW,MATCH,https://www.fda.gov/media/177921/download?attachment
compilation→master,2022,Kimmtrak,tebentafusp-tebn,Immunocore Limited,BLA761228,2022-01-25,Priority,No,MATCHED,appl BLA761228,D111,YEAR_TABLE_ROW,MATCH,https://www.fda.gov/media/177921/download?attachment
compilation→master,2022,Krazati,adagrasib,"Mirati Therapeutics, Inc.",NDA216340,2022-12-12,Standard,Yes,MATCHED,appl NDA216340,D140,YEAR_TABLE_ROW,MATCH,https://www.fda.gov/media/177921/download?attachment
compilation→master,2022,Lunsumio,mosunetuzumab-axgb,"Genentech, Inc.",BLA761263,2022-12-22,Priority,Yes,MATCHED,appl BLA761263,D141,YEAR_TABLE_ROW,MATCH,https://www.fda.gov/media/177921/download?attachment
compilation→master,2022,Lytgobi,futibatinib,"Taiho Oncology, Inc.",NDA214801,2022-09-30,Priority,Yes,MATCHED,appl NDA214801,D134,YEAR_TABLE_ROW,MATCH,https://www.fda.gov/media/177921/download?attachment
compilation→master,2022,Mounjaro,tirzepatide,Eli Lilly and Company,NDA215866,2022-05-13,Priority (used priority review voucher),No,MATCHED,appl NDA215866,D122,YEAR_TABLE_ROW,MATCH,https://www.fda.gov/media/177921/download?attachment
compilation→master,2022,NexoBrid,anacaulase-bcdb,"MediWound, Ltd.",BLA761192,2022-12-28,Standard,No,MATCHED,appl BLA761192,D145,YEAR_TABLE_ROW,MATCH,https://www.fda.gov/media/177921/download?attachment
compilation→master,2022,Omlonti,omidenepag isopropyl,"Santen, Inc.",NDA215092,2022-09-22,Standard,No,MATCHED,appl NDA215092,D132,YEAR_TABLE_ROW,MATCH_DATE_ONLY,https://www.fda.gov/media/177921/download?attachment
compilation→master,2022,Opdualag,nivolumab and relatlimab-rmbw,Bristol-Myers Squibb Company,BLA761234,2022-03-18,Priority,No,MATCHED,appl BLA761234,D116,YEAR_TABLE_ROW,MATCH,https://www.fda.gov/media/177921/download?attachment
compilation→master,2022,Pluvicto,lutetium Lu 177 vipivotide tetraxetan,"Advanced Accelerator Applications USA, Inc.",NDA215833,2022-03-23,Priority,No,MATCHED,appl NDA215833,D118,YEAR_TABLE_ROW,MATCH,https://www.fda.gov/media/177921/download?attachment
compilation→master,2022,Pyrukynd,mitapivat,"Agios Pharmaceuticals, Inc.",NDA216196,2022-02-17,Priority,No,MATCHED,appl NDA216196,D114,YEAR_TABLE_ROW,MATCH,https://www.fda.gov/media/177921/download?attachment
compilation→master,2022,Quviviq,daridorexant,Idorsia Pharmaceuticals Ltd.,NDA214985,2022-01-07,Standard,No,MATCHED,appl NDA214985,D109,YEAR_TABLE_ROW,MATCH,https://www.fda.gov/media/177921/download?attachment
compilation→master,2022,Relyvrio,sodium phenylbutyrate and taurursodiol,"Amylyx Pharmaceuticals, Inc.",NDA216660,2022-09-29,Priority,No,MATCHED,appl NDA216660,D133,YEAR_TABLE_ROW,MATCH,https://www.fda.gov/media/177921/download?attachment
compilation→master,2022,Rezlidhia,olutasidenib,"Forma Therapeutics, Inc.",NDA215814,2022-12-01,Standard,No,MATCHED,appl NDA215814,D139,YEAR_TABLE_ROW,MATCH,https://www.fda.gov/media/177921/download?attachment
compilation→master,2022,Rolvedon,eflapegrastim-xnst,"Spectrum Pharmaceuticals, Inc.",BLA761148,2022-09-09,Standard,No,MATCHED,appl BLA761148,D128,YEAR_TABLE_ROW,MATCH,https://www.fda.gov/media/177921/download?attachment
compilation→master,2022,Sotyktu,deucravacitinib,Bristol-Myers Squibb Company,NDA214958,2022-09-09,Standard,No,MATCHED,appl NDA214958,D129,YEAR_TABLE_ROW,MATCH,https://www.fda.gov/media/177921/download?attachment
compilation→master,2022,Spevigo,spesolimab-sbzo,"Boehringer Ingelheim Pharmaceuticals, Inc.",BLA761244,2022-09-01,Priority,No,MATCHED,appl BLA761244,D126,YEAR_TABLE_ROW,MATCH,https://www.fda.gov/media/177921/download?attachment
compilation→master,2022,Sunlenca,lenacapavir,"Gilead Sciences, Inc.",NDA215973,2022-12-22,Priority,No,MATCHED,appl NDA215973,D142,YEAR_TABLE_ROW,MATCH,https://www.fda.gov/media/177921/download?attachment
compilation→master,2022,Tecvayli,teclistamab-cqyv,"Janssen Biotech, Inc.",BLA761291,2022-10-25,Priority,Yes,MATCHED,appl BLA761291,D136,YEAR_TABLE_ROW,MATCH,https://www.fda.gov/media/177921/download?attachment
compilation→master,2022,Terlivaz,terlipressin,"Mallinckrodt Pharmaceuticals Ireland, Ltd.",NDA22231,2022-09-14,Priority,No,MATCHED,appl NDA22231,D130,YEAR_TABLE_ROW,MATCH,https://www.fda.gov/media/177921/download?attachment
compilation→master,2022,Tzield,teplizumab-mzwv,"Provention Bio, Inc.",BLA761183,2022-11-17,Priority,No,MATCHED,appl BLA761183,D138,YEAR_TABLE_ROW,DATE_DIFFERS_FROM_DRUGSFDA_1_3D,https://www.fda.gov/media/177921/download?attachment
compilation→master,2022,Vabysmo,faricimab-svoa,"Genentech, Inc.",BLA761235,2022-01-28,Priority (used priority review voucher),No,MATCHED,appl BLA761235,D112,YEAR_TABLE_ROW,MATCH,https://www.fda.gov/media/177921/download?attachment
compilation→master,2022,Vivjoa,oteseconazole,"Mycovia Pharmaceuticals, Inc.",NDA215888,2022-04-26,Priority,No,MATCHED,appl NDA215888,D119,YEAR_TABLE_ROW,MATCH,https://www.fda.gov/media/177921/download?attachment
compilation→master,2022,Vonjo,pacritinib,CTI BioPharma Corporation,NDA208712,2022-02-28,Priority,Yes,MATCHED,appl NDA208712,D115,YEAR_TABLE_ROW,MATCH,https://www.fda.gov/media/177921/download?attachment
compilation→master,2022,Voquezna Triple Pak,vonoprazan; amoxicillin; clarithromycin (co-packaged),"Phathom Pharmaceuticals, Inc.",NDA215152,2022-05-03,Priority,No,MATCHED,appl NDA215152,D121,YEAR_TABLE_ROW,MATCH,https://www.fda.gov/media/177921/download?attachment
compilation→master,2022,Vtama,tapinarof,"Dermavant Sciences, Inc.",NDA215272,2022-05-23,Standard,No,MATCHED,appl NDA215272,D123,YEAR_TABLE_ROW,MATCH,https://www.fda.gov/media/177921/download?attachment
compilation→master,2022,Xenoview,xenon Xe 129 hyperpolarized,"Polarean, Inc.",NDA214375,2022-12-23,Standard,No,MATCHED,appl NDA214375,D143,YEAR_TABLE_ROW,MATCH,https://www.fda.gov/media/177921/download?attachment
compilation→master,2022,Xenpozyme,olipudase alfa-rpcp,Genzyme Corporation,BLA761261,2022-08-31,Priority,No,MATCHED,appl BLA761261,D125,YEAR_TABLE_ROW,MATCH,https://www.fda.gov/media/177921/download?attachment
compilation→master,2022,Ztalmy,ganaxolone,"Marinus Pharmaceuticals, Inc.",NDA215904,2022-03-18,Priority,No,MATCHED,appl NDA215904,D117,YEAR_TABLE_ROW,MATCH,https://www.fda.gov/media/177921/download?attachment
compilation→master,2023,Agamree,vamorolone,Santhera Pharmaceuticals (Switzerland) Ltd.,NDA215239,2023-10-26,Standard,No,MATCHED,appl NDA215239,D189,YEAR_TABLE_ROW,MATCH,https://www.fda.gov/media/177921/download?attachment
compilation→master,2023,Aphexda,motixafortide,"BioLineRx, Ltd.",NDA217159,2023-09-08,Standard,No,MATCHED,appl NDA217159,D181,YEAR_TABLE_ROW,MATCH,https://www.fda.gov/media/177921/download?attachment
compilation→master,2023,Augtyro,repotrectinib,Bristol-Myers Squibb Company,NDA218213,2023-11-15,Priority,No,MATCHED,appl NDA218213,D193,YEAR_TABLE_ROW,MATCH,https://www.fda.gov/media/177921/download?attachment
compilation→master,2023,Beyfortus,nirsevimab-alip,AstraZeneca AB,BLA761328,2023-07-17,Standard,No,MATCHED,appl BLA761328,D172,YEAR_TABLE_ROW,MATCH,https://www.fda.gov/media/177921/download?attachment
compilation→master,2023,Bimzelx,bimekizumab-bkzx,"UCB, Inc.",BLA761151,2023-10-17,Standard,No,MATCHED,appl BLA761151,D187,YEAR_TABLE_ROW,MATCH,https://www.fda.gov/media/177921/download?attachment
compilation→master,2023,Brenzavvy,bexagliflozin,"TheracosBio, LLC.",NDA214373,2023-01-20,Standard,No,MATCHED,appl NDA214373,D147,YEAR_TABLE_ROW,MATCH,https://www.fda.gov/media/177921/download?attachment
compilation→master,2023,Columvi,glofitamab-gxbm,"Genentech, Inc.",BLA761309,2023-06-15,Priority,Yes,MATCHED,appl BLA761309,D168,YEAR_TABLE_ROW,MATCH,https://www.fda.gov/media/177921/download?attachment
compilation→master,2023,Daybue,trofinetide,"Acadia Pharmaceuticals, Inc.",NDA217026,2023-03-10,Priority,No,MATCHED,appl NDA217026,D155,YEAR_TABLE_ROW,MATCH,https://www.fda.gov/media/177921/download?attachment
compilation→master,2023,Defencath,taurolidine and heparin,"CorMedix, Inc.",NDA214520,2023-11-15,Priority,No,MATCHED,appl NDA214520,D194,YEAR_TABLE_ROW,MATCH,https://www.fda.gov/media/177921/download?attachment
compilation→master,2023,Elfabrio,pegunigalsidase alfa-iwxj,Chiesi Farmaceutici SpA,BLA761161,2023-05-09,Priority,No,MATCHED,appl BLA761161,D160,YEAR_TABLE_ROW,MATCH,https://www.fda.gov/media/177921/download?attachment
compilation→master,2023,Elrexfio,elranatamab-bcmm,"Pfizer, Inc.",BLA761345,2023-08-14,Priority,Yes,MATCHED,appl BLA761345,D178,YEAR_TABLE_ROW,MATCH,https://www.fda.gov/media/177921/download?attachment
compilation→master,2023,Epkinly,epcoritamab-bysp,"Genmab US, Inc.",BLA761324,2023-05-19,Priority,Yes,MATCHED,appl BLA761324,D163,YEAR_TABLE_ROW,MATCH,https://www.fda.gov/media/177921/download?attachment
compilation→master,2023,Exxua,gepirone,"Fabre-Kramer Pharmaceuticals, Inc.",NDA21164,2023-09-22,Standard,No,MATCHED,appl NDA21164,D183,YEAR_TABLE_ROW,MATCH,https://www.fda.gov/media/177921/download?attachment
compilation→master,2023,Fabhalta,iptacopan,Novartis Pharmaceuticals Corporation,NDA218276,2023-12-05,Priority (used priority review voucher),No,MATCHED,appl NDA218276,D198,YEAR_TABLE_ROW,MATCH,https://www.fda.gov/media/177921/download?attachment
compilation→master,2023,Filspari,sparsentan,"Travere Therapeutics, Inc.",NDA216403,2023-02-17,Priority,Yes,MATCHED,appl NDA216403,D152,YEAR_TABLE_ROW,MATCH,https://www.fda.gov/media/177921/download?attachment
compilation→master,2023,Filsuvez,birch triterpenes,Amryt Pharmaceuticals DAC,NDA215064,2023-12-18,Priority,No,MATCHED,appl NDA215064,D199,YEAR_TABLE_ROW,MATCH,https://www.fda.gov/media/177921/download?attachment
compilation→master,2023,Fruzaqla,fruquintinib,"Takeda Pharmaceuticals USA, Inc.",NDA217564,2023-11-08,Priority,No,MATCHED,appl NDA217564,D192,YEAR_TABLE_ROW,MATCH,https://www.fda.gov/media/177921/download?attachment
compilation→master,2023,Inpefa,sotagliflozin,"Lexicon Pharmaceuticals, Inc.",NDA216203,2023-05-26,Standard,No,MATCHED,appl NDA216203,D167,YEAR_TABLE_ROW,MATCH,https://www.fda.gov/media/177921/download?attachment
compilation→master,2023,Izervay,avacincaptad pegol,"IVERIC Bio, Inc.",NDA217225,2023-08-04,Priority,No,MATCHED,appl NDA217225,D175,YEAR_TABLE_ROW,MATCH,https://www.fda.gov/media/177921/download?attachment
compilation→master,2023,Jaypirca,pirtobrutinib,"Loxo Oncology, Inc.",NDA216059,2023-01-27,Priority,Yes,MATCHED,appl NDA216059,D148,YEAR_TABLE_ROW,MATCH,https://www.fda.gov/media/177921/download?attachment
compilation→master,2023,Jesduvroq,daprodustat,GlaxoSmithKline Intellectual Property (No. 2) Limited England,NDA216951,2023-02-01,Standard,No,MATCHED,appl NDA216951,D150,YEAR_TABLE_ROW,MATCH_DATE_ONLY,https://www.fda.gov/media/177921/download?attachment
compilation→master,2023,Joenja,leniolisib,Pharming Technologies B.V.,NDA217759,2023-03-24,Priority,No,MATCHED,appl NDA217759,D158,YEAR_TABLE_ROW,MATCH,https://www.fda.gov/media/177921/download?attachment
compilation→master,2023,Lamzede,velmanase alfa-tycv,Chiesi Farmaceutici SpA,BLA761278,2023-02-16,Priority,No,MATCHED,appl BLA761278,D151,YEAR_TABLE_ROW,MATCH,https://www.fda.gov/media/177921/download?attachment
compilation→master,2023,Leqembi,lecanemab-irmb,"Eisai, Inc.",BLA761269,2023-01-06,Priority,Yes,MATCHED,appl BLA761269,D146,YEAR_TABLE_ROW,MATCH,https://www.fda.gov/media/177921/download?attachment
compilation→master,2023,Litfulo,ritlecitinib,"Pfizer, Inc.",NDA215830,2023-06-23,Standard,No,MATCHED,appl NDA215830,D169,YEAR_TABLE_ROW,MATCH,https://www.fda.gov/media/177921/download?attachment
compilation→master,2023,Loqtorzi,toripalimab-tpzi,"Coherus BioSciences, Inc.",BLA761240,2023-10-27,Priority,No,MATCHED,appl BLA761240,D191,YEAR_TABLE_ROW,MATCH,https://www.fda.gov/media/177921/download?attachment
compilation→master,2023,Miebo,perfluorohexyloctane,"Bausch and Lomb, Inc.",NDA216675,2023-05-18,Standard,No,MATCHED,appl NDA216675,D162,YEAR_TABLE_ROW,MATCH,https://www.fda.gov/media/177921/download?attachment
compilation→master,2023,Ngenla,somatrogon-ghla,Pfizer Ireland Pharmaceuticals,BLA761184,2023-06-27,Standard,No,MATCHED,appl BLA761184,D171,YEAR_TABLE_ROW,MATCH,https://www.fda.gov/media/177921/download?attachment
compilation→master,2023,Ogsiveo,nirogacestat,"SpringWorks Therapeutics, Inc.",NDA217677,2023-11-27,Priority,No,MATCHED,appl NDA217677,D197,YEAR_TABLE_ROW,MATCH,https://www.fda.gov/media/177921/download?attachment
compilation→master,2023,Ojjaara,momelotinib,"GlaxoSmithKline, LLC",NDA216873,2023-09-15,Standard,No,MATCHED,appl NDA216873,D182,YEAR_TABLE_ROW,MATCH_DATE_ONLY,https://www.fda.gov/media/177921/download?attachment
compilation→master,2023,Omvoh,mirikizumab-mrkz,Eli Lilly and Company,BLA761279,2023-10-26,Standard,No,MATCHED,appl BLA761279,D190,YEAR_TABLE_ROW,MATCH,https://www.fda.gov/media/177921/download?attachment
compilation→master,2023,Orserdu,elacestrant,"Stemline Therapeutics, Inc.",NDA217639,2023-01-27,Priority,No,MATCHED,appl NDA217639,D149,YEAR_TABLE_ROW,MATCH,https://www.fda.gov/media/177921/download?attachment
compilation→master,2023,Paxlovid,nirmatrelvir; ritonavir (co-packaged),"Pfizer, Inc.",NDA217188,2023-05-25,Priority,No,MATCHED,appl NDA217188,D165,YEAR_TABLE_ROW,MATCH,https://www.fda.gov/media/177921/download?attachment
compilation→master,2023,Pombiliti,cipaglucosidase alfa-atga,"Amicus Therapeutics US, LLC",BLA761204,2023-09-28,Standard,No,MATCHED,appl BLA761204,D184,YEAR_TABLE_ROW,MATCH,https://www.fda.gov/media/177921/download?attachment
compilation→master,2023,Posluma,flotufolastat F 18,"Blue Earth Diagnostics, Ltd.",NDA216023,2023-05-25,Standard,No,MATCHED,appl NDA216023,D166,YEAR_TABLE_ROW,MATCH,https://www.fda.gov/media/177921/download?attachment
compilation→master,2023,Qalsody,tofersen,"Biogen, Inc.",NDA215887,2023-04-25,Priority,Yes,MATCHED,appl NDA215887,D159,YEAR_TABLE_ROW,MATCH,https://www.fda.gov/media/177921/download?attachment
compilation→master,2023,Rezzayo,rezafungin,"Cidara Therapeutics, Inc.",NDA217417,2023-03-22,Priority,No,MATCHED,appl NDA217417,D156,YEAR_TABLE_ROW,MATCH,https://www.fda.gov/media/177921/download?attachment
compilation→master,2023,Rivfloza,nedosiran,"Novo Nordisk, Inc.",NDA215842,2023-09-29,Standard,No,MATCHED,appl NDA215842,D185,YEAR_TABLE_ROW,MATCH,https://www.fda.gov/media/177921/download?attachment
compilation→master,2023,Rystiggo,rozanolixizumab-noli,"UCB, Inc.",BLA761286,2023-06-26,Priority,No,MATCHED,appl BLA761286,D170,YEAR_TABLE_ROW,MATCH,https://www.fda.gov/media/177921/download?attachment
compilation→master,2023,Ryzneuta,efbemalenograstim alfa-vuxw,Evive Biotechnology Singapore PTE. Ltd.,BLA761134,2023-11-16,Standard,No,MATCHED,appl BLA761134,D195,YEAR_TABLE_ROW,MATCH,https://www.fda.gov/media/177921/download?attachment
compilation→master,2023,Skyclarys,omaveloxolone,"Reata Pharmaceuticals, Inc.",NDA216718,2023-02-28,Priority,No,MATCHED,appl NDA216718,D153,YEAR_TABLE_ROW,MATCH,https://www.fda.gov/media/177921/download?attachment
compilation→master,2023,Sohonos,palovarotene,"Ipsen Biopharmaceuticals, Inc.",NDA215559,2023-08-16,Priority,No,MATCHED,appl NDA215559,D179,YEAR_TABLE_ROW,MATCH,https://www.fda.gov/media/177921/download?attachment
compilation→master,2023,Talvey,talquetamab-tgvs,"Janssen Biotech, Inc.",BLA761342,2023-08-09,Priority,Yes,MATCHED,appl BLA761342,D177,YEAR_TABLE_ROW,MATCH,https://www.fda.gov/media/177921/download?attachment
compilation→master,2023,Truqap,capivasertib,AstraZeneca Pharmaceuticals LP,NDA218197,2023-11-16,Priority,No,MATCHED,appl NDA218197,D196,YEAR_TABLE_ROW,MATCH,https://www.fda.gov/media/177921/download?attachment
compilation→master,2023,Vanflyta,quizartinib,"Daiichi Sankyo, Inc.",NDA216993,2023-07-20,Priority,No,MATCHED,appl NDA216993,D173,YEAR_TABLE_ROW,MATCH,https://www.fda.gov/media/177921/download?attachment
compilation→master,2023,Velsipity,etrasimod,"Pfizer, Inc.",NDA216956,2023-10-12,Standard,No,MATCHED,appl NDA216956,D186,YEAR_TABLE_ROW,MATCH,https://www.fda.gov/media/177921/download?attachment
compilation→master,2023,Veopoz,pozelimab-bbfg,"Regeneron Pharmaceuticals, Inc.",BLA761339,2023-08-18,Priority,No,MATCHED,appl BLA761339,D180,YEAR_TABLE_ROW,MATCH,https://www.fda.gov/media/177921/download?attachment
compilation→master,2023,Veozah,fezolinetant,"Astellas Pharma US, Inc.",NDA216578,2023-05-12,Priority (used priority review voucher),No,MATCHED,appl NDA216578,D161,YEAR_TABLE_ROW,MATCH,https://www.fda.gov/media/177921/download?attachment
compilation→master,2023,Wainua,eplontersen,"Ionis Pharmaceuticals, Inc.",NDA217388,2023-12-21,Standard,No,MATCHED,appl NDA217388,D200,YEAR_TABLE_ROW,MATCH,https://www.fda.gov/media/177921/download?attachment
compilation→master,2023,Xacduro,sulbactam; durlobactam (co-packaged),"Entasis Therapeutics, Inc.",NDA216974,2023-05-23,Priority,No,MATCHED,appl NDA216974,D164,YEAR_TABLE_ROW,MATCH,https://www.fda.gov/media/177921/download?attachment
compilation→master,2023,Xdemvy,lotilaner,"Tarsus Pharmaceuticals, Inc.",NDA217603,2023-07-24,Standard,No,MATCHED,appl NDA217603,D174,YEAR_TABLE_ROW,DATE_DIFFERS_FROM_DRUGSFDA_1_3D,https://www.fda.gov/media/177921/download?attachment
compilation→master,2023,Zavzpret,zavegepant,"Pfizer, Inc.",NDA216386,2023-03-09,Standard,No,MATCHED,appl NDA216386,D154,YEAR_TABLE_ROW,MATCH,https://www.fda.gov/media/177921/download?attachment
compilation→master,2023,Zilbrysq,zilucoplan,"UCB, Inc.",NDA216834,2023-10-17,Standard,No,MATCHED,appl NDA216834,D188,YEAR_TABLE_ROW,MATCH,https://www.fda.gov/media/177921/download?attachment
compilation→master,2023,Zurzuvae,zuranolone,"Sage Therapeutics, Inc.",NDA217369,2023-08-04,Priority,No,MATCHED,appl NDA217369,D176,YEAR_TABLE_ROW,MATCH,https://www.fda.gov/media/177921/download?attachment
compilation→master,2023,Zynyz,retifanlimab-dlwr,Incyte Corporation,BLA761334,2023-03-22,Priority,Yes,MATCHED,appl BLA761334,D157,YEAR_TABLE_ROW,MATCH,https://www.fda.gov/media/177921/download?attachment
compilation→master,2024,Alhemo,concizumab-mtci,"Novo Nordisk, Inc.",BLA761315,2024-12-20,Priority,No,MATCHED,appl BLA761315,D042,YEAR_TABLE_ROW,MATCH,https://www.fda.gov/media/177921/download?attachment
compilation→master,2024,Alyftrek,"vanzacaftor, tezacaftor and deutivacaftor","Vertex Pharmaceuticals, Inc.",NDA218730,2024-12-20,Priority (used priority review voucher),No,MATCHED,appl NDA218730,D041,YEAR_TABLE_ROW,MATCH,https://www.fda.gov/media/177921/download?attachment
compilation→master,2024,Anktiva,nogapendekin alfa inbakicept-pmln,"Altor BioScience, LLC",BLA761336,2024-04-22,Standard,No,MATCHED,appl BLA761336,D013,YEAR_TABLE_ROW,MATCH_DATE_ONLY,https://www.fda.gov/media/177921/download?attachment
compilation→master,2024,Aqneursa,levacetylleucine,"IntraBio, Inc.",NDA219132,2024-09-24,Priority,No,MATCHED,appl NDA219132,D025,YEAR_TABLE_ROW,MATCH,https://www.fda.gov/media/177921/download?attachment
compilation→master,2024,Attruby,acoramidis,"BridgeBio Pharma, Inc.",NDA216540,2024-11-22,Standard,No,MATCHED,appl NDA216540,D249,YEAR_TABLE_ROW,MATCH,https://www.fda.gov/media/177921/download?attachment
compilation→master,2024,Bizengri,zenocutuzumab-zbco,Merus N.V.,BLA761352,2024-12-04,Priority,Yes,MATCHED,appl BLA761352,D246,YEAR_TABLE_ROW,MATCH,https://www.fda.gov/media/177921/download?attachment
compilation→master,2024,Cobenfy,xanomeline and trospium chloride,Bristol-Myers Squibb Company,NDA216158,2024-09-26,Standard,No,MATCHED,appl NDA216158,D024,YEAR_TABLE_ROW,MATCH,https://www.fda.gov/media/177921/download?attachment
compilation→master,2024,Crenessity,crinecerfont,"Neurocrine Biosciences, Inc.",NDA218808;NDA218820,2024-12-13,Priority,No,MATCHED,appl NDA218808,D244,YEAR_TABLE_ROW,MATCH,https://www.fda.gov/media/177921/download?attachment
compilation→master,2024,Duvyzat,givinostat,Italfarmaco SpA,NDA217865,2024-03-21,Priority,No,MATCHED,appl NDA217865,D007,YEAR_TABLE_ROW,MATCH,https://www.fda.gov/media/177921/download?attachment
compilation→master,2024,Ebglyss,lebrikizumab-lbkz,Eli Lilly and Company,BLA761306,2024-09-13,Standard,No,MATCHED,appl BLA761306,D027,YEAR_TABLE_ROW,MATCH,https://www.fda.gov/media/177921/download?attachment
compilation→master,2024,Ensacove,ensartinib,"Xcovery Holdings, Inc.",NDA218171,2024-12-18,Standard,No,MATCHED,appl NDA218171,D243,YEAR_TABLE_ROW,MATCH,https://www.fda.gov/media/177921/download?attachment
compilation→master,2024,Exblifep,cefepime and enmetazobactam,Allecra Therapeutics SAS,NDA216165,2024-02-22,Priority,No,MATCHED,appl NDA216165,D002,YEAR_TABLE_ROW,MATCH_DATE_ONLY,https://www.fda.gov/media/177921/download?attachment
compilation→master,2024,Flyrcado,flurpiridaz F 18,"GE Healthcare, Inc.",NDA215168,2024-09-27,Standard,No,MATCHED,appl NDA215168,D039,YEAR_TABLE_ROW,MATCH,https://www.fda.gov/media/177921/download?attachment
compilation→master,2024,Hympavzi,marstacimab-hncq,"Pfizer, Inc.",BLA761369,2024-10-11,Standard,No,MATCHED,appl BLA761369,D037,YEAR_TABLE_ROW,MATCH,https://www.fda.gov/media/177921/download?attachment
compilation→master,2024,Imdelltra,tarlatamab-dlle,"Amgen, Inc.",BLA761344,2024-05-16,Priority,Yes,MATCHED,appl BLA761344,D016,YEAR_TABLE_ROW,MATCH,https://www.fda.gov/media/177921/download?attachment
compilation→master,2024,Iomervu,iomeprol,"Bracco Diagnostics, Inc.",NDA216017;NDA216016,2024-11-27,Standard,No,MATCHED,appl NDA216017,D247,YEAR_TABLE_ROW,MATCH,https://www.fda.gov/media/177921/download?attachment
compilation→master,2024,Iqirvo,elafibranor,"Ipsen Biopharmaceuticals, Inc.",NDA218860,2024-06-10,Priority,Yes,MATCHED,appl NDA218860,D018,YEAR_TABLE_ROW,MATCH,https://www.fda.gov/media/177921/download?attachment
compilation→master,2024,Itovebi,inavolisib,"Genentech, Inc.",NDA219249,2024-10-10,Priority,No,MATCHED,appl NDA219249,D038,YEAR_TABLE_ROW,MATCH,https://www.fda.gov/media/177921/download?attachment
compilation→master,2024,Kisunla,donanemab-azbt,Eli Lilly and Company,BLA761248,2024-07-02,Priority,No,MATCHED,appl BLA761248,D022,YEAR_TABLE_ROW,MATCH,https://www.fda.gov/media/177921/download?attachment
compilation→master,2024,Lazcluze,lazertinib,"Janssen Biotech, Inc.",NDA219008,2024-08-19,Priority,No,MATCHED,appl NDA219008,D028,YEAR_TABLE_ROW,MATCH_DATE_ONLY,https://www.fda.gov/media/177921/download?attachment
compilation→master,2024,Leqselvi,deuruxolitinib,"Sun Pharmaceutical Industries, Inc.",NDA217900,2024-07-25,Standard,No,MATCHED,appl NDA217900,D023,YEAR_TABLE_ROW,MATCH,https://www.fda.gov/media/177921/download?attachment
compilation→master,2024,Letybo,letibotulinumtoxinA-wlbg,"Hugel, Inc.",BLA761225,2024-02-29,Standard,No,MATCHED,appl BLA761225,D003,YEAR_TABLE_ROW,MATCH_DATE_ONLY,https://www.fda.gov/media/177921/download?attachment
compilation→master,2024,Livdelzi,seladelpar,"CymaBay Therapeutics, Inc.",NDA217899,2024-08-14,Priority,Yes,MATCHED,appl NDA217899,D030,YEAR_TABLE_ROW,MATCH,https://www.fda.gov/media/177921/download?attachment
compilation→master,2024,Lumisight,pegulicianine,"Lumicell, Inc.",NDA214511,2024-04-17,Priority,No,MATCHED,appl NDA214511,D012,YEAR_TABLE_ROW,MATCH,https://www.fda.gov/media/177921/download?attachment
compilation→master,2024,Miplyffa,arimoclomol,Zevra Denmark A/S,NDA214927,2024-09-20,Priority,No,MATCHED,appl NDA214927,D026,YEAR_TABLE_ROW,MATCH,https://www.fda.gov/media/177921/download?attachment
compilation→master,2024,Nemluvio,nemolizumab-ilto,"Galderma Laboratories, LP",BLA761390,2024-08-12,Priority,No,MATCHED,appl BLA761390,D031,YEAR_TABLE_ROW,MATCH,https://www.fda.gov/media/177921/download?attachment
compilation→master,2024,Niktimvo,axatilimab-csfr,Incyte Corporation,BLA761411,2024-08-14,Priority,No,MATCHED,appl BLA761411,D029,YEAR_TABLE_ROW,MATCH,https://www.fda.gov/media/177921/download?attachment
compilation→master,2024,Ohtuvayre,ensifentrine,"Verona Pharma, Inc.",NDA217389,2024-06-26,Standard,No,MATCHED,appl NDA217389,D020,YEAR_TABLE_ROW,MATCH_DATE_ONLY,https://www.fda.gov/media/177921/download?attachment
compilation→master,2024,Ojemda,tovorafenib,"Day One Biopharmaceuticals, Inc.",NDA217700;NDA218033,2024-04-23,Priority,Yes,MATCHED,appl NDA217700,D014,YEAR_TABLE_ROW,MATCH,https://www.fda.gov/media/177921/download?attachment
compilation→master,2024,Orlynvah,sulopenem etzadroxil and probenecid,Iterum Therapeutics U.S. Ltd.,NDA213972,2024-10-25,Priority,No,MATCHED,appl NDA213972,D036,YEAR_TABLE_ROW,MATCH,https://www.fda.gov/media/177921/download?attachment
compilation→master,2024,Piasky,crovalimab-akkz,"Genentech, Inc.",BLA761388,2024-06-20,Standard,No,MATCHED,appl BLA761388,D021,YEAR_TABLE_ROW,MATCH,https://www.fda.gov/media/177921/download?attachment
compilation→master,2024,Rapiblyk,landiolol,AOP Orphan Pharmaceuticals GmbH,NDA217202,2024-11-22,Standard,No,MATCHED,appl NDA217202,D248,YEAR_TABLE_ROW,MATCH,https://www.fda.gov/media/177921/download?attachment
compilation→master,2024,Revuforj,revumenib,"Syndax Pharmaceuticals, Inc.",NDA218944,2024-11-15,Priority,No,MATCHED,appl NDA218944,D035,YEAR_TABLE_ROW,MATCH,https://www.fda.gov/media/177921/download?attachment
compilation→master,2024,Rezdiffra,resmetirom,"Madrigal Pharmaceuticals, Inc.",NDA217785,2024-03-14,Priority,Yes,MATCHED,appl NDA217785,D005,YEAR_TABLE_ROW,MATCH,https://www.fda.gov/media/177921/download?attachment
compilation→master,2024,Rytelo,imetelstat,Geron Corporation,NDA217779,2024-06-06,Standard,No,MATCHED,appl NDA217779,D017,YEAR_TABLE_ROW,MATCH,https://www.fda.gov/media/177921/download?attachment
compilation→master,2024,Sofdra,sofpironium,"Botanix SB, Inc.",NDA217347,2024-06-18,Standard,No,MATCHED,appl NDA217347,D019,YEAR_TABLE_ROW,MATCH,https://www.fda.gov/media/177921/download?attachment
compilation→master,2024,Tevimbra,tislelizumab-jsgr,"BeiGene U.S.A., Inc.",BLA761232,2024-03-13,Standard,No,MATCHED,appl BLA761232,D004,YEAR_TABLE_ROW,MATCH,https://www.fda.gov/media/177921/download?attachment
compilation→master,2024,Tryngolza,olezarsen,"Ionis Pharmaceuticals, Inc.",NDA218614,2024-12-19,Priority,No,MATCHED,appl NDA218614,D040,YEAR_TABLE_ROW,MATCH,https://www.fda.gov/media/177921/download?attachment
compilation→master,2024,Tryvio,aprocitentan,Idorsia Pharmaceuticals Ltd.,NDA217686,2024-03-19,Standard,No,MATCHED,appl NDA217686,D006,YEAR_TABLE_ROW,MATCH,https://www.fda.gov/media/177921/download?attachment
compilation→master,2024,Unloxcyt,cosibelimab-ipdl,"Checkpoint Therapeutics, Inc.",BLA761297,2024-12-13,Standard,No,MATCHED,appl BLA761297,D245,YEAR_TABLE_ROW,MATCH,https://www.fda.gov/media/177921/download?attachment
compilation→master,2024,Vafseo,vadadustat,"Akebia Therapeutics, Inc.",NDA215192,2024-03-27,Standard,No,MATCHED,appl NDA215192,D010,YEAR_TABLE_ROW,MATCH,https://www.fda.gov/media/177921/download?attachment
compilation→master,2024,Voranigo,vorasidenib,"Servier Pharmaceuticals, LLC",NDA218784,2024-08-06,Priority,No,MATCHED,appl NDA218784,D033,YEAR_TABLE_ROW,MATCH,https://www.fda.gov/media/177921/download?attachment
compilation→master,2024,Voydeya,danicopan,"Alexion Pharmaceuticals, Inc.",NDA218037,2024-03-29,Standard,No,MATCHED,appl NDA218037,D009,YEAR_TABLE_ROW,MATCH_DATE_ONLY,https://www.fda.gov/media/177921/download?attachment
compilation→master,2024,Vyloy,zolbetuximab-clzb,"Astellas Pharma US, Inc.",BLA761365,2024-10-18,Priority,No,MATCHED,appl BLA761365,D250,YEAR_TABLE_ROW,MATCH,https://www.fda.gov/media/177921/download?attachment
compilation→master,2024,Winrevair,sotatercept-csrk,"Merck Sharp and Dohme, LLC",BLA761363,2024-03-26,Priority,No,MATCHED,appl BLA761363,D008,YEAR_TABLE_ROW,MATCH,https://www.fda.gov/media/177921/download?attachment
compilation→master,2024,Xolremdi,mavorixafor,"X4 Pharmaceuticals, Inc.",NDA218709,2024-04-26,Priority,No,MATCHED,appl NDA218709,D015,YEAR_TABLE_ROW,MATCH,https://www.fda.gov/media/177921/download?attachment
compilation→master,2024,Yorvipath,palopegteriparatide,Ascendis Pharma Bone Diseases A/S,NDA216490,2024-08-09,Priority,No,MATCHED,appl NDA216490,D032,YEAR_TABLE_ROW,MATCH,https://www.fda.gov/media/177921/download?attachment
compilation→master,2024,Zelsuvmi,berdazimer,"LNHC, Inc.",NDA217424,2024-01-05,Standard,No,MATCHED,appl NDA217424,D001,YEAR_TABLE_ROW,MATCH_DATE_ONLY,https://www.fda.gov/media/177921/download?attachment
compilation→master,2024,Zevtera,ceftobiprole medocaril sodium,"Basilea Pharmaceutica International, Ltd.",NDA218275,2024-04-03,Priority,No,MATCHED,appl NDA218275,D011,YEAR_TABLE_ROW,MATCH_DATE_ONLY,https://www.fda.gov/media/177921/download?attachment
compilation→master,2024,Ziihera,zanidatamab-hrii,"Jazz Pharmaceuticals Ireland, Limited",BLA761416,2024-11-20,Priority,Yes,MATCHED,appl BLA761416,D034,YEAR_TABLE_ROW,MATCH_DATE_ONLY,https://www.fda.gov/media/177921/download?attachment
compilation→master,2025,Andembry,garadacimab-gxii,"CSL Behring, LLC",BLA761367,2025-06-16,Standard,No,MATCHED,appl BLA761367,D061,YEAR_TABLE_ROW,MATCH,https://www.fda.gov/media/177921/download?attachment
compilation→master,2025,Anzupgo,delgocitinib,LEO Pharma A/S,NDA219155,2025-07-23,Standard,No,MATCHED,appl NDA219155,D075,YEAR_TABLE_ROW,MATCH,https://www.fda.gov/media/177921/download?attachment
compilation→master,2025,Avmapki Fakzynja Co-Pack,avutometinib; defactinib (co-packaged),"Verastem, Inc.",NDA219616,2025-05-08,Priority,Yes,MATCHED,appl NDA219616,D054,YEAR_TABLE_ROW,MATCH,https://www.fda.gov/media/177921/download?attachment
compilation→master,2025,Blujepa,gepotidacin,"GlaxoSmithKline, LLC",NDA218230,2025-03-25,Priority,No,MATCHED,appl NDA218230,D049,YEAR_TABLE_ROW,MATCH_DATE_ONLY,https://www.fda.gov/media/177921/download?attachment
compilation→master,2025,Brinsupri,brensocatib,"Insmed, Inc.",NDA217673,2025-08-12,Priority,No,MATCHED,appl NDA217673,D070,YEAR_TABLE_ROW,MATCH,https://www.fda.gov/media/177921/download?attachment
compilation→master,2025,Cardamyst,etripamil,"Milestone Pharmaceuticals USA, Inc.",NDA218571,12/12/2025,Standard,No,MATCHED,appl NDA218571,D083,YEAR_TABLE_ROW,MATCH,https://www.fda.gov/media/177921/download?attachment
compilation→master,2025,Datroway,datopotamab deruxtecan-dlnk,"Daiichi Sankyo, Inc.",BLA761394,2025-01-17,Standard,No,MATCHED,appl BLA761394,D043,YEAR_TABLE_ROW,MATCH,https://www.fda.gov/media/177921/download?attachment
compilation→master,2025,Dawnzera,donidalorsen,"Ionis Pharmaceuticals, Inc.",NDA219407,2025-08-21,Standard,No,MATCHED,appl NDA219407,D069,YEAR_TABLE_ROW,MATCH,https://www.fda.gov/media/177921/download?attachment
compilation→master,2025,Ekterly,sebetralstat,KalVista Pharmaceuticals Limited,NDA219301,2025-07-03,Standard,No,MATCHED,appl NDA219301,D076,YEAR_TABLE_ROW,MATCH,https://www.fda.gov/media/177921/download?attachment
compilation→master,2025,Emrelis,telisotuzumab vedotin-tllv,"AbbVie, Inc.",BLA761384,2025-05-14,Priority,Yes,MATCHED,appl BLA761384,D053,YEAR_TABLE_ROW,MATCH,https://www.fda.gov/media/177921/download?attachment
compilation→master,2025,Enflonsia,clesrovimab-cfor,"Merck Sharp and Dohme, LLC",BLA761432,2025-06-09,Priority (used priority review voucher),No,MATCHED,appl BLA761432,D057,YEAR_TABLE_ROW,MATCH,https://www.fda.gov/media/177921/download?attachment
compilation→master,2025,Exdensur,depemokimab-ulaa,GlaxoSmithKline LLC,BLA761458,12/16/2025,Standard,No,MATCHED,appl BLA761458,D084,YEAR_TABLE_ROW,MATCH_DATE_ONLY,https://www.fda.gov/media/177921/download?attachment
compilation→master,2025,Forzinity,elamipretide,"Stealth BioTherapeutics, Inc.",NDA215244,2025-09-19,Priority,Yes,MATCHED,appl NDA215244,D066,YEAR_TABLE_ROW,MATCH,https://www.fda.gov/media/177921/download?attachment
compilation→master,2025,Gomekli,mirdametinib,"SpringWorks Therapeutics, Inc.",NDA219379;NDA219389,2025-02-11,Priority,No,MATCHED,appl NDA219379,D046,YEAR_TABLE_ROW,MATCH,https://www.fda.gov/media/177921/download?attachment
compilation→master,2025,Grafapex,treosulfan,medac Gesellschaft fur klinische Spezialpraparate mbH,NDA214759,2025-01-21,Standard,No,MATCHED,appl NDA214759,D044,YEAR_TABLE_ROW,MATCH_DATE_ONLY,https://www.fda.gov/media/177921/download?attachment
compilation→master,2025,Hernexeos,zongertinib,"Boehringer Ingelheim Pharmaceuticals, Inc.",NDA219042,2025-08-08,Priority,Yes,MATCHED,appl NDA219042,D071,YEAR_TABLE_ROW,MATCH,https://www.fda.gov/media/177921/download?attachment
compilation→master,2025,Hyrnuo,sevabertinib,"Bayer HealthCare Pharmaceuticals, Inc.",NDA219972,11/19/2025,Priority,Yes,MATCHED,appl NDA219972,D080,YEAR_TABLE_ROW,MATCH,https://www.fda.gov/media/177921/download?attachment
compilation→master,2025,Ibtrozi,taletrectinib,"Nuvation Bio, Inc.",NDA219713,2025-06-11,Priority,No,MATCHED,appl NDA219713,D056,YEAR_TABLE_ROW,MATCH,https://www.fda.gov/media/177921/download?attachment
compilation→master,2025,Imaavy,nipocalimab-aahu,"Janssen Biotech, Inc.",BLA761430,2025-04-29,Priority,No,MATCHED,appl BLA761430,D052,YEAR_TABLE_ROW,MATCH_DATE_ONLY,https://www.fda.gov/media/177921/download?attachment
compilation→master,2025,Inluriyo,imlunestrant,Eli Lilly and Company,NDA218881,2025-09-25,Standard,No,MATCHED,appl NDA218881,D065,YEAR_TABLE_ROW,MATCH,https://www.fda.gov/media/177921/download?attachment
compilation→master,2025,Jascayd,nerandomilast,"Boehringer Ingelheim Pharmaceuticals, Inc.",NDA218764,10/7/2025,Priority,No,MATCHED,appl NDA218764,D062,YEAR_TABLE_ROW,MATCH,https://www.fda.gov/media/177921/download?attachment
compilation→master,2025,Journavx,suzetrigine,"Vertex Pharmaceuticals, Inc.",NDA219209,2025-01-30,Priority,No,MATCHED,appl NDA219209,D045,YEAR_TABLE_ROW,MATCH,https://www.fda.gov/media/177921/download?attachment
compilation→master,2025,Keytruda Qlex,pembrolizumab and berahyaluronidase alfa-pmph,"Merck Sharp and Dohme, LLC.",BLA761467,2025-09-19,Priority (used priority review voucher),Yes (indication [GG] only),MATCHED,appl BLA761467,D067,YEAR_TABLE_ROW,MATCH,https://www.fda.gov/media/177921/download?attachment
compilation→master,2025,Komzifti,ziftomenib,"Kura Oncology, Inc.",NDA220305,11/13/2025,Priority,No,MATCHED,appl NDA220305,D078,YEAR_TABLE_ROW,MATCH,https://www.fda.gov/media/177921/download?attachment
compilation→master,2025,Kygevvi,doxecitine and doxribtimine,"UCB, Inc.",NDA219792,11/3/2025,Priority,No,MATCHED,appl NDA219792,D077,YEAR_TABLE_ROW,MATCH,https://www.fda.gov/media/177921/download?attachment
compilation→master,2025,Lerochol,lerodalcibep-liga,"LIB Therapeutics, Inc.",BLA761427,12/12/2025,Standard,No,MATCHED,appl BLA761427,D081,YEAR_TABLE_ROW,MATCH,https://www.fda.gov/media/177921/download?attachment
compilation→master,2025,Lynkuet,elinzanetant,"Bayer HealthCare Pharmaceuticals, Inc.",NDA219469,10/24/2025,Standard,No,MATCHED,appl NDA219469,D252,YEAR_TABLE_ROW,MATCH,https://www.fda.gov/media/177921/download?attachment
compilation→master,2025,Lynozyfic,linvoseltamab-gcpt,"Regeneron Pharmaceuticals, Inc.",BLA761400,2025-07-02,Priority,Yes,MATCHED,appl BLA761400,D060,YEAR_TABLE_ROW,MATCH_DATE_ONLY,https://www.fda.gov/media/177921/download?attachment
compilation→master,2025,Modeyso,dordaviprone,"Chimerix, Inc.",NDA219876,2025-08-06,Priority,Yes,MATCHED,appl NDA219876,D072,YEAR_TABLE_ROW,MATCH,https://www.fda.gov/media/177921/download?attachment
compilation→master,2025,Myqorzo,aficamten,"Cytokinetics, Inc.",NDA219083,12/19/2025,Standard,No,MATCHED,appl NDA219083,D085,YEAR_TABLE_ROW,MATCH,https://www.fda.gov/media/177921/download?attachment
compilation→master,2025,Nereus,tradipitant,"Vanda Pharmaceuticals, Inc.",NDA220152,12/30/2025,Standard,No,MATCHED,appl NDA220152,D251,YEAR_TABLE_ROW,MATCH,https://www.fda.gov/media/177921/download?attachment
compilation→master,2025,Nuzolvence,zoliflodacin,Entasis Therapeutics Inc.,NDA219491,12/12/2025,Priority,No,MATCHED,appl NDA219491,D058,YEAR_TABLE_ROW,MATCH_DATE_ONLY,https://www.fda.gov/media/177921/download?attachment
compilation→master,2025,Palsonify,paltusotine,"Crinetics Pharmaceuticals, Inc.",NDA219070,2025-09-25,Standard,No,MATCHED,appl NDA219070,D064,YEAR_TABLE_ROW,MATCH,https://www.fda.gov/media/177921/download?attachment
compilation→master,2025,Qfitlia,fitusiran,Genzyme Corporation,NDA219019,2025-03-28,Standard,No,MATCHED,appl NDA219019,D048,YEAR_TABLE_ROW,MATCH_DATE_ONLY,https://www.fda.gov/media/177921/download?attachment
compilation→master,2025,Redemplo,plozasiran,"Arrowhead Pharmaceuticals, Inc.",NDA219947,11/18/2025,Standard,No,MATCHED,appl NDA219947,D079,YEAR_TABLE_ROW,MATCH,https://www.fda.gov/media/177921/download?attachment
compilation→master,2025,Rhapsido,remibrutinib,Novartis Pharmaceuticals Corporation,NDA218436,2025-09-30,Priority (used priority review voucher),No,MATCHED,appl NDA218436,D063,YEAR_TABLE_ROW,MATCH,https://www.fda.gov/media/177921/download?attachment
compilation→master,2025,Romvimza,vimseltinib,"Deciphera Pharmaceuticals, LLC",NDA219304,2025-02-14,Priority,No,MATCHED,appl NDA219304,D047,YEAR_TABLE_ROW,MATCH,https://www.fda.gov/media/177921/download?attachment
compilation→master,2025,Sephience,sepiapterin,"PTC Therapeutics, Inc.",NDA219666,2025-07-28,Standard,No,MATCHED,appl NDA219666,D074,YEAR_TABLE_ROW,MATCH,https://www.fda.gov/media/177921/download?attachment
compilation→master,2025,Tryptyr,acoltremon,"Alcon Laboratories, Inc.",NDA217370,2025-05-28,Standard,No,MATCHED,appl NDA217370,D055,YEAR_TABLE_ROW,MATCH,https://www.fda.gov/media/177921/download?attachment
compilation→master,2025,Vanrafia,atrasentan,Novartis Pharmaceuticals Corporation,NDA219208,2025-04-02,Standard,Yes,MATCHED,appl NDA219208,D050,YEAR_TABLE_ROW,MATCH,https://www.fda.gov/media/177921/download?attachment
compilation→master,2025,Vizz,aceclidine,"LENZ Therapeutics, Inc.",NDA218585,2025-07-31,Standard,No,MATCHED,appl NDA218585,D073,YEAR_TABLE_ROW,MATCH,https://www.fda.gov/media/177921/download?attachment
compilation→master,2025,Voyxact,sibeprenlimab-szsi,"Otsuka Pharmaceutical Company, Ltd.",BLA761434,11/25/2025,Priority,Yes,MATCHED,appl BLA761434,D082,YEAR_TABLE_ROW,MATCH,https://www.fda.gov/media/177921/download?attachment
compilation→master,2025,Wayrilz,rilzabrutinib,Genzyme Corporation,NDA219685,2025-08-29,Standard,No,MATCHED,appl NDA219685,D068,YEAR_TABLE_ROW,MATCH_DATE_ONLY,https://www.fda.gov/media/177921/download?attachment
compilation→master,2025,Yartemlea,narsoplimab-wuug,Omeros Corporation,BLA761152,12/23/2025,Priority,No,MATCHED,appl BLA761152,D086,YEAR_TABLE_ROW,MATCH,https://www.fda.gov/media/177921/download?attachment
compilation→master,2025,Zegfrovy,sunvozertinib,"Dizal (Jiangsu) Pharmaceutical Co., Ltd.",NDA219839,2025-07-02,Priority,Yes,MATCHED,appl NDA219839,D059,YEAR_TABLE_ROW,MATCH,https://www.fda.gov/media/177921/download?attachment
compilation→master,2025,[drug marketed without a proprietary name],penpulimab-kcqx,"Akeso Biopharma Co., Ltd.",BLA761258,2025-04-23,Standard,No,MATCHED,appl BLA761258,D051,YEAR_TABLE_ROW,MATCH,https://www.fda.gov/media/177921/download?attachment
master→compilation,2026,Adquey,difamilast,"Aurobindo Pharma (parent, India-listed) / Acrotech Biopharma (private US subsidiary)",219474,2026-02-12,,,2026_DECISION_BEYOND_COMPILATION_EDITION,,D096,YEAR_TABLE_ROW,MATCH,
master→compilation,2026,Ambelvist,gadoquatrane,Bayer AG,219627,2026-06-12,,,2026_DECISION_BEYOND_COMPILATION_EDITION,,D265,YEAR_TABLE_ROW,MATCH,
master→compilation,2026,Avlayah,tividenofusp alfa-eknm,Denali Therapeutics,761485,2026-03-24,,,2026_DECISION_BEYOND_COMPILATION_EDITION,,D089,YEAR_TABLE_ROW,MATCH,
master→compilation,2026,Awiqli,insulin icodec-abae,Novo Nordisk A/S,761326,2026-03-26,,,2026_DECISION_BEYOND_COMPILATION_EDITION,,D274,YEAR_TABLE_ROW,MATCH,
master→compilation,2026,Baxfendy,baxdrostat,AstraZeneca plc,219878,2026-05-15,,,2026_DECISION_BEYOND_COMPILATION_EDITION,,D270,YEAR_TABLE_ROW,MATCH,
master→compilation,2026,Beqalzi,sonrotoclax,BeOne Medicines (formerly BeiGene),220711,2026-05-13,,,2026_DECISION_BEYOND_COMPILATION_EDITION,,D091,YEAR_TABLE_ROW,MATCH,
master→compilation,2026,Bysanti,milsaperidone,Vanda Pharmaceuticals,220358,2026-02-20,,,2026_DECISION_BEYOND_COMPILATION_EDITION,,D097,YEAR_TABLE_ROW,MATCH,
master→compilation,2026,Cypsedo,cipepofol,Haisco Pharmaceutical Group,220482,2026-05-29,,,2026_DECISION_BEYOND_COMPILATION_EDITION,,D099,YEAR_TABLE_ROW,MATCH,
master→compilation,2026,Decnupaz,pivekimab sunirine-pvzy,AbbVie Inc.,761460,2026-05-27,,,2026_DECISION_BEYOND_COMPILATION_EDITION,,D268,YEAR_TABLE_ROW,MATCH,
master→compilation,2026,Etcamah,camizestrant,AstraZeneca plc,220359,2026-09-04,,,2026_DECISION_BEYOND_COMPILATION_EDITION,,D254,YEAR_TABLE_ROW,MATCH,
master→compilation,2026,Foundayo,orforglipron,Eli Lilly and Company,220934,2026-04-01,,,2026_DECISION_BEYOND_COMPILATION_EDITION,,D273,YEAR_TABLE_ROW,MATCH,
master→compilation,2026,Hepcludex,bulevirtide-gmod,"Gilead Sciences, Inc.",761468,2026-05-22,,,2026_DECISION_BEYOND_COMPILATION_EDITION,,D269,YEAR_TABLE_ROW,MATCH,
master→compilation,2026,Icotyde,icotrokinra,Johnson & Johnson (Janssen Biotech),220149,2026-03-17,,,2026_DECISION_BEYOND_COMPILATION_EDITION,,D276,YEAR_TABLE_ROW,MATCH,
master→compilation,2026,Idvynso,doravirine and islatravir,"Merck & Co., Inc.",216964,2026-04-20,,,2026_DECISION_BEYOND_COMPILATION_EDITION,,D272,YEAR_TABLE_ROW,MATCH_DATE_ONLY,
master→compilation,2026,Isembyld,apitegromab-mstn,Scholar Rock Holding Corporation,761463,2026-09-11,,,2026_DECISION_BEYOND_COMPILATION_EDITION,,D253,YEAR_TABLE_ROW,MATCH,
master→compilation,2026,Jideytro,zidesamtinib,"Nuvalent, Inc.",220185,2026-07-22,,,2026_DECISION_BEYOND_COMPILATION_EDITION,,D260,YEAR_TABLE_ROW,MATCH,
master→compilation,2026,Lifyorli,relacorilant,Corcept Therapeutics Incorporated,220641,2026-03-25,,,2026_DECISION_BEYOND_COMPILATION_EDITION,,D275,YEAR_TABLE_ROW,MATCH,
master→compilation,2026,Lipfendra,enlicitide decanoate,"Merck & Co., Inc.",220848,2026-07-15,,,2026_DECISION_BEYOND_COMPILATION_EDITION,,D261,YEAR_TABLE_ROW,MATCH_DATE_ONLY,
master→compilation,2026,Lisraya,brepocitinib,Roivant Sciences / Priovant Therapeutics (subsidiary),220106,2026-08-27,,,2026_DECISION_BEYOND_COMPILATION_EDITION,,D094,YEAR_TABLE_ROW,MATCH,
master→compilation,2026,Loargys,pegzilarginase-nbln,"Immedica Pharma AB (private, Sweden)",761211,2026-02-23,,,2026_DECISION_BEYOND_COMPILATION_EDITION,,D090,YEAR_TABLE_ROW,MATCH,
master→compilation,2026,Lumvoa,veligrotug-vvze,"Viridian Therapeutics, Inc.",761530,2026-06-26,,,2026_DECISION_BEYOND_COMPILATION_EDITION,,D264,YEAR_TABLE_ROW,MATCH,
master→compilation,2026,Lynavoy,linerixibat,Intercept Pharmaceuticals / Alfasigma S.p.A. (current holder) / GSK plc (applicant at approval),220295,2026-03-17,,,2026_DECISION_BEYOND_COMPILATION_EDITION,,D277,YEAR_TABLE_ROW,MATCH,
master→compilation,2026,Lytenava,bevacizumab-vikg,"Outlook Therapeutics, Inc.",761320,2026-07-24,,,2026_DECISION_BEYOND_COMPILATION_EDITION,,D259,YEAR_TABLE_ROW,MATCH,
master→compilation,2026,Mimrylo,rusfertide,Takeda Pharmaceutical Company (US rights) / Protagonist Therapeutics (originator),220605,2026-08-28,,,2026_DECISION_BEYOND_COMPILATION_EDITION,,D095,YEAR_TABLE_ROW,MATCH,
master→compilation,2026,Orzeyful,oveporexton,Takeda Pharmaceutical Company,220860,2026-08-05,,,2026_DECISION_BEYOND_COMPILATION_EDITION,,D092,YEAR_TABLE_ROW,MATCH,
master→compilation,2026,Pasatru,garetosmab-grts,"Regeneron Pharmaceuticals, Inc.",761508,2026-08-19,,,2026_DECISION_BEYOND_COMPILATION_EDITION,,D256,YEAR_TABLE_ROW,MATCH,
master→compilation,2026,Pixclara,floretyrosine F 18,Telix Pharmaceuticals Limited,218592,2026-09-11,,,2026_DECISION_BEYOND_COMPILATION_EDITION,,D1028,YEAR_TABLE_ROW,MATCH,
master→compilation,2026,Rasonque,daraxonrasib,Revolution Medicines,220910,2026-08-26,,,2026_DECISION_BEYOND_COMPILATION_EDITION,,D093,YEAR_TABLE_ROW,MATCH,
master→compilation,2026,Revtorpyk,gedatolisib,Celcuity Inc.,219908,2026-07-14,,,2026_DECISION_BEYOND_COMPILATION_EDITION,,D262,YEAR_TABLE_ROW,MATCH,
master→compilation,2026,Simtriyo,centanafadine,Otsuka Pharmaceutical (parent Otsuka Holdings),218145,2026-07-24,,,2026_DECISION_BEYOND_COMPILATION_EDITION,,D100,YEAR_TABLE_ROW,MATCH,
master→compilation,2026,Tauklarify,florquinitau F 18,"Lantheus Holdings, Inc.",220496,2026-08-13,,,2026_DECISION_BEYOND_COMPILATION_EDITION,,D258,YEAR_TABLE_ROW,MATCH,
master→compilation,2026,Trutakna,atacicept-vymj,"Vera Therapeutics, Inc.",761486,2026-07-07,,,2026_DECISION_BEYOND_COMPILATION_EDITION,,D263,YEAR_TABLE_ROW,MATCH,
master→compilation,2026,Utebzi,tebipenem pivoxil,GSK plc (marketer) / Spero Therapeutics (originator),215960,2026-06-17,,,2026_DECISION_BEYOND_COMPILATION_EDITION,,D088,YEAR_TABLE_ROW,MATCH_DATE_ONLY,
master→compilation,2026,Veppanu,vepdegestrant,"Rigel Pharmaceuticals, Inc. (current holder) / Arvinas, Inc. + Pfizer (applicant at approval)",219835,2026-05-01,,,2026_DECISION_BEYOND_COMPILATION_EDITION,,D271,YEAR_TABLE_ROW,MATCH,
master→compilation,2026,Xocova,ensitrelvir,"Shionogi & Co., Ltd.",220442,2026-05-29,,,2026_DECISION_BEYOND_COMPILATION_EDITION,,D266,YEAR_TABLE_ROW,MATCH,
master→compilation,2026,Yuviwel,navepegritide,Ascendis Pharma,219164,2026-02-27,,,2026_DECISION_BEYOND_COMPILATION_EDITION,,D098,YEAR_TABLE_ROW,MATCH,
master→compilation,2026,Zanvastro,zilganersen,"Ionis Pharmaceuticals, Inc.",220210,2026-09-03,,,2026_DECISION_BEYOND_COMPILATION_EDITION,,D255,YEAR_TABLE_ROW,MATCH,
master→compilation,2026,Zaynich,cefepime and zidebactam,Wockhardt Limited,220787,2026-05-29,,,2026_DECISION_BEYOND_COMPILATION_EDITION,,D267,YEAR_TABLE_ROW,MATCH,
master→compilation,2026,Zenbexus,iberdomide,Bristol Myers Squibb Company,221075,2026-08-13,,,2026_DECISION_BEYOND_COMPILATION_EDITION,,D257,YEAR_TABLE_ROW,MATCH,
master→compilation,2026,Zycubo,copper histidinate,"Sentynl Therapeutics (wholly owned by Zydus Lifesciences Ltd, India)",211241,2026-01-12,,,2026_DECISION_BEYOND_COMPILATION_EDITION,,D087,YEAR_TABLE_ROW,MATCH,
