application_number,appl_no,sponsor_name,submission_type,submission_number,submission_status,submission_status_date,submission_class_code,review_priority,year,source_file,source_url,verification_status,notes
NDA000552,000552,ASPEN GLOBAL INC,ORIG,1,AP,1939-02-09 00:00:00,19,UNKNOWN,1939,data/raw/drugsatfda_data_files_1938_1964/Submissions_1938_1964.txt,https://www.accessdata.fda.gov/scripts/cder/daf/index.cfm?event=overview.process&varApplNo=000552,Verified - verbatim from official Drugs@FDA database extract,Official Drugs@FDA Submissions 1938-1964: Appl 000552 ORIG 1 status AP date 1939-02-09 00:00:00 class 19 priority UNKNOWN
NDA000415,000415,,ORIG,1,AP,1939-02-27 00:00:00,,,1939,data/raw/drugsatfda_data_files_1938_1964/Submissions_1938_1964.txt,https://www.accessdata.fda.gov/scripts/cder/daf/index.cfm?event=overview.process&varApplNo=000415,Verified - verbatim from official Drugs@FDA database extract,Official Drugs@FDA Submissions 1938-1964: Appl 000415 ORIG 1 status AP date 1939-02-27 00:00:00 class  priority 
NDA000159,000159,LILLY,ORIG,1,AP,1939-03-09 00:00:00,,,1939,data/raw/drugsatfda_data_files_1938_1964/Submissions_1938_1964.txt,https://www.accessdata.fda.gov/scripts/cder/daf/index.cfm?event=overview.process&varApplNo=000159,Verified - verbatim from official Drugs@FDA database extract,Official Drugs@FDA Submissions 1938-1964: Appl 000159 ORIG 1 status AP date 1939-03-09 00:00:00 class  priority 
NDA000734,000734,LILLY,ORIG,1,AP,1939-04-25 00:00:00,,,1939,data/raw/drugsatfda_data_files_1938_1964/Submissions_1938_1964.txt,https://www.accessdata.fda.gov/scripts/cder/daf/index.cfm?event=overview.process&varApplNo=000734,Verified - verbatim from official Drugs@FDA database extract,Official Drugs@FDA Submissions 1938-1964: Appl 000734 ORIG 1 status AP date 1939-04-25 00:00:00 class  priority 
NDA000740,000740,,ORIG,1,AP,1939-04-26 00:00:00,,,1939,data/raw/drugsatfda_data_files_1938_1964/Submissions_1938_1964.txt,https://www.accessdata.fda.gov/scripts/cder/daf/index.cfm?event=overview.process&varApplNo=000740,Verified - verbatim from official Drugs@FDA database extract,Official Drugs@FDA Submissions 1938-1964: Appl 000740 ORIG 1 status AP date 1939-04-26 00:00:00 class  priority 
NDA000763,000763,,ORIG,1,AP,1939-04-26 00:00:00,,,1939,data/raw/drugsatfda_data_files_1938_1964/Submissions_1938_1964.txt,https://www.accessdata.fda.gov/scripts/cder/daf/index.cfm?event=overview.process&varApplNo=000763,Verified - verbatim from official Drugs@FDA database extract,Official Drugs@FDA Submissions 1938-1964: Appl 000763 ORIG 1 status AP date 1939-04-26 00:00:00 class  priority 
NDA000654,000654,,ORIG,1,AP,1939-05-04 00:00:00,19,UNKNOWN,1939,data/raw/drugsatfda_data_files_1938_1964/Submissions_1938_1964.txt,https://www.accessdata.fda.gov/scripts/cder/daf/index.cfm?event=overview.process&varApplNo=000654,Verified - verbatim from official Drugs@FDA database extract,Official Drugs@FDA Submissions 1938-1964: Appl 000654 ORIG 1 status AP date 1939-05-04 00:00:00 class 19 priority UNKNOWN
NDA000793,000793,PHARMOBEDIENT,ORIG,1,AP,1939-06-05 00:00:00,19,UNKNOWN,1939,data/raw/drugsatfda_data_files_1938_1964/Submissions_1938_1964.txt,https://www.accessdata.fda.gov/scripts/cder/daf/index.cfm?event=overview.process&varApplNo=000793,Verified - verbatim from official Drugs@FDA database extract,Official Drugs@FDA Submissions 1938-1964: Appl 000793 ORIG 1 status AP date 1939-06-05 00:00:00 class 19 priority UNKNOWN
NDA001205,001205,,ORIG,1,AP,1939-07-17 00:00:00,7,STANDARD,1939,data/raw/drugsatfda_data_files_1938_1964/Submissions_1938_1964.txt,https://www.accessdata.fda.gov/scripts/cder/daf/index.cfm?event=overview.process&varApplNo=001205,Verified - verbatim from official Drugs@FDA database extract,Official Drugs@FDA Submissions 1938-1964: Appl 001205 ORIG 1 status AP date 1939-07-17 00:00:00 class 7 priority STANDARD
NDA001104,001104,ORGANON USA INC,ORIG,1,AP,1939-08-17 00:00:00,,,1939,data/raw/drugsatfda_data_files_1938_1964/Submissions_1938_1964.txt,https://www.accessdata.fda.gov/scripts/cder/daf/index.cfm?event=overview.process&varApplNo=001104,Verified - verbatim from official Drugs@FDA database extract,Official Drugs@FDA Submissions 1938-1964: Appl 001104 ORIG 1 status AP date 1939-08-17 00:00:00 class  priority 
NDA001384,001384,,ORIG,1,AP,1939-08-17 00:00:00,19,UNKNOWN,1939,data/raw/drugsatfda_data_files_1938_1964/Submissions_1938_1964.txt,https://www.accessdata.fda.gov/scripts/cder/daf/index.cfm?event=overview.process&varApplNo=001384,Verified - verbatim from official Drugs@FDA database extract,Official Drugs@FDA Submissions 1938-1964: Appl 001384 ORIG 1 status AP date 1939-08-17 00:00:00 class 19 priority UNKNOWN
NDA001504,001504,THE VERARD COMPANY,ORIG,1,AP,1939-08-30 00:00:00,19,STANDARD,1939,data/raw/drugsatfda_data_files_1938_1964/Submissions_1938_1964.txt,https://www.accessdata.fda.gov/scripts/cder/daf/index.cfm?event=overview.process&varApplNo=001504,Verified - verbatim from official Drugs@FDA database extract,Official Drugs@FDA Submissions 1938-1964: Appl 001504 ORIG 1 status AP date 1939-08-30 00:00:00 class 19 priority STANDARD
NDA001374,001374,,ORIG,1,AP,1939-09-05 00:00:00,,,1939,data/raw/drugsatfda_data_files_1938_1964/Submissions_1938_1964.txt,https://www.accessdata.fda.gov/scripts/cder/daf/index.cfm?event=overview.process&varApplNo=001374,Verified - verbatim from official Drugs@FDA database extract,Official Drugs@FDA Submissions 1938-1964: Appl 001374 ORIG 1 status AP date 1939-09-05 00:00:00 class  priority 
NDA001546,001546,MERCK SHARP DOHME,ORIG,1,AP,1939-10-02 00:00:00,19,UNKNOWN,1939,data/raw/drugsatfda_data_files_1938_1964/Submissions_1938_1964.txt,https://www.accessdata.fda.gov/scripts/cder/daf/index.cfm?event=overview.process&varApplNo=001546,Verified - verbatim from official Drugs@FDA database extract,Official Drugs@FDA Submissions 1938-1964: Appl 001546 ORIG 1 status AP date 1939-10-02 00:00:00 class 19 priority UNKNOWN
NDA001645,001645,,ORIG,1,AP,1939-10-06 00:00:00,,,1939,data/raw/drugsatfda_data_files_1938_1964/Submissions_1938_1964.txt,https://www.accessdata.fda.gov/scripts/cder/daf/index.cfm?event=overview.process&varApplNo=001645,Verified - verbatim from official Drugs@FDA database extract,Official Drugs@FDA Submissions 1938-1964: Appl 001645 ORIG 1 status AP date 1939-10-06 00:00:00 class  priority 
NDA001952,001952,,ORIG,1,AP,1940-01-30 00:00:00,,,1940,data/raw/drugsatfda_data_files_1938_1964/Submissions_1938_1964.txt,https://www.accessdata.fda.gov/scripts/cder/daf/index.cfm?event=overview.process&varApplNo=001952,Verified - verbatim from official Drugs@FDA database extract,Official Drugs@FDA Submissions 1938-1964: Appl 001952 ORIG 1 status AP date 1940-01-30 00:00:00 class  priority 
NDA002386,002386,GD SEARLE LLC,ORIG,1,AP,1940-04-19 00:00:00,15,STANDARD,1940,data/raw/drugsatfda_data_files_1938_1964/Submissions_1938_1964.txt,https://www.accessdata.fda.gov/scripts/cder/daf/index.cfm?event=overview.process&varApplNo=002386,Verified - verbatim from official Drugs@FDA database extract,Official Drugs@FDA Submissions 1938-1964: Appl 002386 ORIG 1 status AP date 1940-04-19 00:00:00 class 15 priority STANDARD
NDA002282,002282,ISO TEX,ORIG,1,AP,1940-04-30 00:00:00,14,STANDARD,1940,data/raw/drugsatfda_data_files_1938_1964/Submissions_1938_1964.txt,https://www.accessdata.fda.gov/scripts/cder/daf/index.cfm?event=overview.process&varApplNo=002282,Verified - verbatim from official Drugs@FDA database extract,Official Drugs@FDA Submissions 1938-1964: Appl 002282 ORIG 1 status AP date 1940-04-30 00:00:00 class 14 priority STANDARD
NDA002189,002189,,ORIG,1,AP,1940-05-09 00:00:00,19,UNKNOWN,1940,data/raw/drugsatfda_data_files_1938_1964/Submissions_1938_1964.txt,https://www.accessdata.fda.gov/scripts/cder/daf/index.cfm?event=overview.process&varApplNo=002189,Verified - verbatim from official Drugs@FDA database extract,Official Drugs@FDA Submissions 1938-1964: Appl 002189 ORIG 1 status AP date 1940-05-09 00:00:00 class 19 priority UNKNOWN
NDA002959,002959,,ORIG,1,AP,1940-09-04 00:00:00,,,1940,data/raw/drugsatfda_data_files_1938_1964/Submissions_1938_1964.txt,https://www.accessdata.fda.gov/scripts/cder/daf/index.cfm?event=overview.process&varApplNo=002959,Verified - verbatim from official Drugs@FDA database extract,Official Drugs@FDA Submissions 1938-1964: Appl 002959 ORIG 1 status AP date 1940-09-04 00:00:00 class  priority 
NDA002876,002876,,ORIG,1,AP,1940-09-05 00:00:00,,,1940,data/raw/drugsatfda_data_files_1938_1964/Submissions_1938_1964.txt,https://www.accessdata.fda.gov/scripts/cder/daf/index.cfm?event=overview.process&varApplNo=002876,Verified - verbatim from official Drugs@FDA database extract,Official Drugs@FDA Submissions 1938-1964: Appl 002876 ORIG 1 status AP date 1940-09-05 00:00:00 class  priority 
NDA002918,002918,POYTHRESS,ORIG,1,AP,1940-09-17 00:00:00,19,UNKNOWN,1940,data/raw/drugsatfda_data_files_1938_1964/Submissions_1938_1964.txt,https://www.accessdata.fda.gov/scripts/cder/daf/index.cfm?event=overview.process&varApplNo=002918,Verified - verbatim from official Drugs@FDA database extract,Official Drugs@FDA Submissions 1938-1964: Appl 002918 ORIG 1 status AP date 1940-09-17 00:00:00 class 19 priority UNKNOWN
NDA002852,002852,,ORIG,1,AP,1940-09-19 00:00:00,,,1940,data/raw/drugsatfda_data_files_1938_1964/Submissions_1938_1964.txt,https://www.accessdata.fda.gov/scripts/cder/daf/index.cfm?event=overview.process&varApplNo=002852,Verified - verbatim from official Drugs@FDA database extract,Official Drugs@FDA Submissions 1938-1964: Appl 002852 ORIG 1 status AP date 1940-09-19 00:00:00 class  priority 
NDA003188,003188,,ORIG,1,AP,1940-11-18 00:00:00,19,UNKNOWN,1940,data/raw/drugsatfda_data_files_1938_1964/Submissions_1938_1964.txt,https://www.accessdata.fda.gov/scripts/cder/daf/index.cfm?event=overview.process&varApplNo=003188,Verified - verbatim from official Drugs@FDA database extract,Official Drugs@FDA Submissions 1938-1964: Appl 003188 ORIG 1 status AP date 1940-11-18 00:00:00 class 19 priority UNKNOWN
NDA003216,003216,,ORIG,1,AP,1940-11-19 00:00:00,,,1940,data/raw/drugsatfda_data_files_1938_1964/Submissions_1938_1964.txt,https://www.accessdata.fda.gov/scripts/cder/daf/index.cfm?event=overview.process&varApplNo=003216,Verified - verbatim from official Drugs@FDA database extract,Official Drugs@FDA Submissions 1938-1964: Appl 003216 ORIG 1 status AP date 1940-11-19 00:00:00 class  priority 
NDA002945,002945,,ORIG,1,AP,1940-11-26 00:00:00,19,UNKNOWN,1940,data/raw/drugsatfda_data_files_1938_1964/Submissions_1938_1964.txt,https://www.accessdata.fda.gov/scripts/cder/daf/index.cfm?event=overview.process&varApplNo=002945,Verified - verbatim from official Drugs@FDA database extract,Official Drugs@FDA Submissions 1938-1964: Appl 002945 ORIG 1 status AP date 1940-11-26 00:00:00 class 19 priority UNKNOWN
NDA003444,003444,ESJAY PHARMA,ORIG,1,AP,1941-01-11 00:00:00,19,UNKNOWN,1941,data/raw/drugsatfda_data_files_1938_1964/Submissions_1938_1964.txt,https://www.accessdata.fda.gov/scripts/cder/daf/index.cfm?event=overview.process&varApplNo=003444,Verified - verbatim from official Drugs@FDA database extract,Official Drugs@FDA Submissions 1938-1964: Appl 003444 ORIG 1 status AP date 1941-01-11 00:00:00 class 19 priority UNKNOWN
NDA003498,003498,,ORIG,1,AP,1941-01-27 00:00:00,,,1941,data/raw/drugsatfda_data_files_1938_1964/Submissions_1938_1964.txt,https://www.accessdata.fda.gov/scripts/cder/daf/index.cfm?event=overview.process&varApplNo=003498,Verified - verbatim from official Drugs@FDA database extract,Official Drugs@FDA Submissions 1938-1964: Appl 003498 ORIG 1 status AP date 1941-01-27 00:00:00 class  priority 
NDA003290,003290,,ORIG,1,AP,1941-03-14 00:00:00,19,UNKNOWN,1941,data/raw/drugsatfda_data_files_1938_1964/Submissions_1938_1964.txt,https://www.accessdata.fda.gov/scripts/cder/daf/index.cfm?event=overview.process&varApplNo=003290,Verified - verbatim from official Drugs@FDA database extract,Official Drugs@FDA Submissions 1938-1964: Appl 003290 ORIG 1 status AP date 1941-03-14 00:00:00 class 19 priority UNKNOWN
NDA003977,003977,PARKEDALE,ORIG,1,AP,1941-06-12 00:00:00,19,UNKNOWN,1941,data/raw/drugsatfda_data_files_1938_1964/Submissions_1938_1964.txt,https://www.accessdata.fda.gov/scripts/cder/daf/index.cfm?event=overview.process&varApplNo=003977,Verified - verbatim from official Drugs@FDA database extract,Official Drugs@FDA Submissions 1938-1964: Appl 003977 ORIG 1 status AP date 1941-06-12 00:00:00 class 19 priority UNKNOWN
NDA003447,003447,,ORIG,1,AP,1941-06-19 00:00:00,,,1941,data/raw/drugsatfda_data_files_1938_1964/Submissions_1938_1964.txt,https://www.accessdata.fda.gov/scripts/cder/daf/index.cfm?event=overview.process&varApplNo=003447,Verified - verbatim from official Drugs@FDA database extract,Official Drugs@FDA Submissions 1938-1964: Appl 003447 ORIG 1 status AP date 1941-06-19 00:00:00 class  priority 
NDA003934,003934,,ORIG,1,AP,1941-06-19 00:00:00,,,1941,data/raw/drugsatfda_data_files_1938_1964/Submissions_1938_1964.txt,https://www.accessdata.fda.gov/scripts/cder/daf/index.cfm?event=overview.process&varApplNo=003934,Verified - verbatim from official Drugs@FDA database extract,Official Drugs@FDA Submissions 1938-1964: Appl 003934 ORIG 1 status AP date 1941-06-19 00:00:00 class  priority 
NDA003962,003962,,ORIG,1,AP,1941-07-08 00:00:00,,,1941,data/raw/drugsatfda_data_files_1938_1964/Submissions_1938_1964.txt,https://www.accessdata.fda.gov/scripts/cder/daf/index.cfm?event=overview.process&varApplNo=003962,Verified - verbatim from official Drugs@FDA database extract,Official Drugs@FDA Submissions 1938-1964: Appl 003962 ORIG 1 status AP date 1941-07-08 00:00:00 class  priority 
NDA003718,003718,ROCHE,ORIG,1,AP,1941-07-15 00:00:00,19,UNKNOWN,1941,data/raw/drugsatfda_data_files_1938_1964/Submissions_1938_1964.txt,https://www.accessdata.fda.gov/scripts/cder/daf/index.cfm?event=overview.process&varApplNo=003718,Verified - verbatim from official Drugs@FDA database extract,Official Drugs@FDA Submissions 1938-1964: Appl 003718 ORIG 1 status AP date 1941-07-15 00:00:00 class 19 priority UNKNOWN
NDA003993,003993,,ORIG,1,AP,1941-08-05 00:00:00,,,1941,data/raw/drugsatfda_data_files_1938_1964/Submissions_1938_1964.txt,https://www.accessdata.fda.gov/scripts/cder/daf/index.cfm?event=overview.process&varApplNo=003993,Verified - verbatim from official Drugs@FDA database extract,Official Drugs@FDA Submissions 1938-1964: Appl 003993 ORIG 1 status AP date 1941-08-05 00:00:00 class  priority 
NDA004016,004016,,ORIG,1,AP,1941-08-08 00:00:00,,,1941,data/raw/drugsatfda_data_files_1938_1964/Submissions_1938_1964.txt,https://www.accessdata.fda.gov/scripts/cder/daf/index.cfm?event=overview.process&varApplNo=004016,Verified - verbatim from official Drugs@FDA database extract,Official Drugs@FDA Submissions 1938-1964: Appl 004016 ORIG 1 status AP date 1941-08-08 00:00:00 class  priority 
NDA004054,004054,LEDERLE,ORIG,1,AP,1941-08-11 00:00:00,,,1941,data/raw/drugsatfda_data_files_1938_1964/Submissions_1938_1964.txt,https://www.accessdata.fda.gov/scripts/cder/daf/index.cfm?event=overview.process&varApplNo=004054,Verified - verbatim from official Drugs@FDA database extract,Official Drugs@FDA Submissions 1938-1964: Appl 004054 ORIG 1 status AP date 1941-08-11 00:00:00 class  priority 
NDA004122,004122,LILLY,ORIG,1,AP,1941-08-26 00:00:00,15,STANDARD,1941,data/raw/drugsatfda_data_files_1938_1964/Submissions_1938_1964.txt,https://www.accessdata.fda.gov/scripts/cder/daf/index.cfm?event=overview.process&varApplNo=004122,Verified - verbatim from official Drugs@FDA database extract,Official Drugs@FDA Submissions 1938-1964: Appl 004122 ORIG 1 status AP date 1941-08-26 00:00:00 class 15 priority STANDARD
NDA004236,004236,,ORIG,1,AP,1941-09-16 00:00:00,,,1941,data/raw/drugsatfda_data_files_1938_1964/Submissions_1938_1964.txt,https://www.accessdata.fda.gov/scripts/cder/daf/index.cfm?event=overview.process&varApplNo=004236,Verified - verbatim from official Drugs@FDA database extract,Official Drugs@FDA Submissions 1938-1964: Appl 004236 ORIG 1 status AP date 1941-09-16 00:00:00 class  priority 
NDA003448,003448,,ORIG,1,AP,1941-10-01 00:00:00,19,UNKNOWN,1941,data/raw/drugsatfda_data_files_1938_1964/Submissions_1938_1964.txt,https://www.accessdata.fda.gov/scripts/cder/daf/index.cfm?event=overview.process&varApplNo=003448,Verified - verbatim from official Drugs@FDA database extract,Official Drugs@FDA Submissions 1938-1964: Appl 003448 ORIG 1 status AP date 1941-10-01 00:00:00 class 19 priority UNKNOWN
NDA004297,004297,,ORIG,1,AP,1941-10-27 00:00:00,19,UNKNOWN,1941,data/raw/drugsatfda_data_files_1938_1964/Submissions_1938_1964.txt,https://www.accessdata.fda.gov/scripts/cder/daf/index.cfm?event=overview.process&varApplNo=004297,Verified - verbatim from official Drugs@FDA database extract,Official Drugs@FDA Submissions 1938-1964: Appl 004297 ORIG 1 status AP date 1941-10-27 00:00:00 class 19 priority UNKNOWN
NDA004368,004368,,ORIG,1,AP,1941-10-31 00:00:00,,,1941,data/raw/drugsatfda_data_files_1938_1964/Submissions_1938_1964.txt,https://www.accessdata.fda.gov/scripts/cder/daf/index.cfm?event=overview.process&varApplNo=004368,Verified - verbatim from official Drugs@FDA database extract,Official Drugs@FDA Submissions 1938-1964: Appl 004368 ORIG 1 status AP date 1941-10-31 00:00:00 class  priority 
NDA004229,004229,,ORIG,1,AP,1942-01-12 00:00:00,19,UNKNOWN,1942,data/raw/drugsatfda_data_files_1938_1964/Submissions_1938_1964.txt,https://www.accessdata.fda.gov/scripts/cder/daf/index.cfm?event=overview.process&varApplNo=004229,Verified - verbatim from official Drugs@FDA database extract,Official Drugs@FDA Submissions 1938-1964: Appl 004229 ORIG 1 status AP date 1942-01-12 00:00:00 class 19 priority UNKNOWN
NDA004518,004518,,ORIG,1,AP,1942-01-29 00:00:00,19,UNKNOWN,1942,data/raw/drugsatfda_data_files_1938_1964/Submissions_1938_1964.txt,https://www.accessdata.fda.gov/scripts/cder/daf/index.cfm?event=overview.process&varApplNo=004518,Verified - verbatim from official Drugs@FDA database extract,Official Drugs@FDA Submissions 1938-1964: Appl 004518 ORIG 1 status AP date 1942-01-29 00:00:00 class 19 priority UNKNOWN
NDA004570,004570,PHARMACIA AND UPJOHN,ORIG,1,AP,1942-02-05 00:00:00,19,UNKNOWN,1942,data/raw/drugsatfda_data_files_1938_1964/Submissions_1938_1964.txt,https://www.accessdata.fda.gov/scripts/cder/daf/index.cfm?event=overview.process&varApplNo=004570,Verified - verbatim from official Drugs@FDA database extract,Official Drugs@FDA Submissions 1938-1964: Appl 004570 ORIG 1 status AP date 1942-02-05 00:00:00 class 19 priority UNKNOWN
NDA004782,004782,WYETH PHARMS,ORIG,1,AP,1942-05-08 00:00:00,7,STANDARD,1942,data/raw/drugsatfda_data_files_1938_1964/Submissions_1938_1964.txt,https://www.accessdata.fda.gov/scripts/cder/daf/index.cfm?event=overview.process&varApplNo=004782,Verified - verbatim from official Drugs@FDA database extract,Official Drugs@FDA Submissions 1938-1964: Appl 004782 ORIG 1 status AP date 1942-05-08 00:00:00 class 7 priority STANDARD
NDA004652,004652,,ORIG,1,AP,1942-06-04 00:00:00,19,UNKNOWN,1942,data/raw/drugsatfda_data_files_1938_1964/Submissions_1938_1964.txt,https://www.accessdata.fda.gov/scripts/cder/daf/index.cfm?event=overview.process&varApplNo=004652,Verified - verbatim from official Drugs@FDA database extract,Official Drugs@FDA Submissions 1938-1964: Appl 004652 ORIG 1 status AP date 1942-06-04 00:00:00 class 19 priority UNKNOWN
NDA004979,004979,,ORIG,1,AP,1942-06-16 00:00:00,,,1942,data/raw/drugsatfda_data_files_1938_1964/Submissions_1938_1964.txt,https://www.accessdata.fda.gov/scripts/cder/daf/index.cfm?event=overview.process&varApplNo=004979,Verified - verbatim from official Drugs@FDA database extract,Official Drugs@FDA Submissions 1938-1964: Appl 004979 ORIG 1 status AP date 1942-06-16 00:00:00 class  priority 
NDA004725,004725,,ORIG,1,AP,1942-08-11 00:00:00,,,1942,data/raw/drugsatfda_data_files_1938_1964/Submissions_1938_1964.txt,https://www.accessdata.fda.gov/scripts/cder/daf/index.cfm?event=overview.process&varApplNo=004725,Verified - verbatim from official Drugs@FDA database extract,Official Drugs@FDA Submissions 1938-1964: Appl 004725 ORIG 1 status AP date 1942-08-11 00:00:00 class  priority 
NDA005070,005070,,ORIG,1,AP,1942-10-08 00:00:00,,,1942,data/raw/drugsatfda_data_files_1938_1964/Submissions_1938_1964.txt,https://www.accessdata.fda.gov/scripts/cder/daf/index.cfm?event=overview.process&varApplNo=005070,Verified - verbatim from official Drugs@FDA database extract,Official Drugs@FDA Submissions 1938-1964: Appl 005070 ORIG 1 status AP date 1942-10-08 00:00:00 class  priority 
NDA005010,005010,QUAGEN,ORIG,1,AP,1942-11-10 00:00:00,7,STANDARD,1942,data/raw/drugsatfda_data_files_1938_1964/Submissions_1938_1964.txt,https://www.accessdata.fda.gov/scripts/cder/daf/index.cfm?event=overview.process&varApplNo=005010,Verified - verbatim from official Drugs@FDA database extract,Official Drugs@FDA Submissions 1938-1964: Appl 005010 ORIG 1 status AP date 1942-11-10 00:00:00 class 7 priority STANDARD
NDA021171,021171,HOSPIRA,ORIG,1,AP,1942-11-10 00:00:00,19,UNKNOWN,1942,data/raw/drugsatfda_data_files_1938_1964/Submissions_1938_1964.txt,https://www.accessdata.fda.gov/scripts/cder/daf/index.cfm?event=overview.process&varApplNo=021171,Verified - verbatim from official Drugs@FDA database extract,Official Drugs@FDA Submissions 1938-1964: Appl 021171 ORIG 1 status AP date 1942-11-10 00:00:00 class 19 priority UNKNOWN
NDA005036,005036,,ORIG,1,AP,1942-11-21 00:00:00,,,1942,data/raw/drugsatfda_data_files_1938_1964/Submissions_1938_1964.txt,https://www.accessdata.fda.gov/scripts/cder/daf/index.cfm?event=overview.process&varApplNo=005036,Verified - verbatim from official Drugs@FDA database extract,Official Drugs@FDA Submissions 1938-1964: Appl 005036 ORIG 1 status AP date 1942-11-21 00:00:00 class  priority 
NDA005151,005151,NOVARTIS,ORIG,1,AP,1942-12-09 00:00:00,19,UNKNOWN,1942,data/raw/drugsatfda_data_files_1938_1964/Submissions_1938_1964.txt,https://www.accessdata.fda.gov/scripts/cder/daf/index.cfm?event=overview.process&varApplNo=005151,Verified - verbatim from official Drugs@FDA database extract,Official Drugs@FDA Submissions 1938-1964: Appl 005151 ORIG 1 status AP date 1942-12-09 00:00:00 class 19 priority UNKNOWN
NDA005185,005185,,ORIG,1,AP,1943-01-25 00:00:00,,,1943,data/raw/drugsatfda_data_files_1938_1964/Submissions_1938_1964.txt,https://www.accessdata.fda.gov/scripts/cder/daf/index.cfm?event=overview.process&varApplNo=005185,Verified - verbatim from official Drugs@FDA database extract,Official Drugs@FDA Submissions 1938-1964: Appl 005185 ORIG 1 status AP date 1943-01-25 00:00:00 class  priority 
NDA005159,005159,,ORIG,1,AP,1943-02-02 00:00:00,,,1943,data/raw/drugsatfda_data_files_1938_1964/Submissions_1938_1964.txt,https://www.accessdata.fda.gov/scripts/cder/daf/index.cfm?event=overview.process&varApplNo=005159,Verified - verbatim from official Drugs@FDA database extract,Official Drugs@FDA Submissions 1938-1964: Appl 005159 ORIG 1 status AP date 1943-02-02 00:00:00 class  priority 
NDA005213,005213,GENUS,ORIG,1,AP,1943-03-23 00:00:00,7,STANDARD,1943,data/raw/drugsatfda_data_files_1938_1964/Submissions_1938_1964.txt,https://www.accessdata.fda.gov/scripts/cder/daf/index.cfm?event=overview.process&varApplNo=005213,Verified - verbatim from official Drugs@FDA database extract,Official Drugs@FDA Submissions 1938-1964: Appl 005213 ORIG 1 status AP date 1943-03-23 00:00:00 class 7 priority STANDARD
NDA005264,005264,HOSPIRA,ORIG,1,AP,1943-05-04 00:00:00,15,STANDARD,1943,data/raw/drugsatfda_data_files_1938_1964/Submissions_1938_1964.txt,https://www.accessdata.fda.gov/scripts/cder/daf/index.cfm?event=overview.process&varApplNo=005264,Verified - verbatim from official Drugs@FDA database extract,Official Drugs@FDA Submissions 1938-1964: Appl 005264 ORIG 1 status AP date 1943-05-04 00:00:00 class 15 priority STANDARD
NDA005233,005233,,ORIG,1,AP,1943-06-05 00:00:00,19,UNKNOWN,1943,data/raw/drugsatfda_data_files_1938_1964/Submissions_1938_1964.txt,https://www.accessdata.fda.gov/scripts/cder/daf/index.cfm?event=overview.process&varApplNo=005233,Verified - verbatim from official Drugs@FDA database extract,Official Drugs@FDA Submissions 1938-1964: Appl 005233 ORIG 1 status AP date 1943-06-05 00:00:00 class 19 priority UNKNOWN
NDA005292,005292,SCHERING,ORIG,1,AP,1943-06-25 00:00:00,,,1943,data/raw/drugsatfda_data_files_1938_1964/Submissions_1938_1964.txt,https://www.accessdata.fda.gov/scripts/cder/daf/index.cfm?event=overview.process&varApplNo=005292,Verified - verbatim from official Drugs@FDA database extract,Official Drugs@FDA Submissions 1938-1964: Appl 005292 ORIG 1 status AP date 1943-06-25 00:00:00 class  priority 
NDA005378,005378,AJENAT PHARMS,ORIG,1,AP,1943-12-31 00:00:00,19,UNKNOWN,1943,data/raw/drugsatfda_data_files_1938_1964/Submissions_1938_1964.txt,https://www.accessdata.fda.gov/scripts/cder/daf/index.cfm?event=overview.process&varApplNo=005378,Verified - verbatim from official Drugs@FDA database extract,Official Drugs@FDA Submissions 1938-1964: Appl 005378 ORIG 1 status AP date 1943-12-31 00:00:00 class 19 priority UNKNOWN
NDA005426,005426,,ORIG,1,AP,1944-03-08 00:00:00,,,1944,data/raw/drugsatfda_data_files_1938_1964/Submissions_1938_1964.txt,https://www.accessdata.fda.gov/scripts/cder/daf/index.cfm?event=overview.process&varApplNo=005426,Verified - verbatim from official Drugs@FDA database extract,Official Drugs@FDA Submissions 1938-1964: Appl 005426 ORIG 1 status AP date 1944-03-08 00:00:00 class  priority 
NDA005490,005490,ORGANON USA INC,ORIG,1,AP,1944-04-13 00:00:00,19,UNKNOWN,1944,data/raw/drugsatfda_data_files_1938_1964/Submissions_1938_1964.txt,https://www.accessdata.fda.gov/scripts/cder/daf/index.cfm?event=overview.process&varApplNo=005490,Verified - verbatim from official Drugs@FDA database extract,Official Drugs@FDA Submissions 1938-1964: Appl 005490 ORIG 1 status AP date 1944-04-13 00:00:00 class 19 priority UNKNOWN
NDA005521,005521,LILLY,ORIG,1,AP,1944-05-19 00:00:00,,,1944,data/raw/drugsatfda_data_files_1938_1964/Submissions_1938_1964.txt,https://www.accessdata.fda.gov/scripts/cder/daf/index.cfm?event=overview.process&varApplNo=005521,Verified - verbatim from official Drugs@FDA database extract,Official Drugs@FDA Submissions 1938-1964: Appl 005521 ORIG 1 status AP date 1944-05-19 00:00:00 class  priority 
NDA005573,005573,,ORIG,1,AP,1944-07-19 00:00:00,19,UNKNOWN,1944,data/raw/drugsatfda_data_files_1938_1964/Submissions_1938_1964.txt,https://www.accessdata.fda.gov/scripts/cder/daf/index.cfm?event=overview.process&varApplNo=005573,Verified - verbatim from official Drugs@FDA database extract,Official Drugs@FDA Submissions 1938-1964: Appl 005573 ORIG 1 status AP date 1944-07-19 00:00:00 class 19 priority UNKNOWN
NDA005545,005545,ABBVIE,ORIG,1,AP,1944-07-31 00:00:00,,,1944,data/raw/drugsatfda_data_files_1938_1964/Submissions_1938_1964.txt,https://www.accessdata.fda.gov/scripts/cder/daf/index.cfm?event=overview.process&varApplNo=005545,Verified - verbatim from official Drugs@FDA database extract,Official Drugs@FDA Submissions 1938-1964: Appl 005545 ORIG 1 status AP date 1944-07-31 00:00:00 class  priority 
NDA005587,005587,,ORIG,1,AP,1944-08-25 00:00:00,19,UNKNOWN,1944,data/raw/drugsatfda_data_files_1938_1964/Submissions_1938_1964.txt,https://www.accessdata.fda.gov/scripts/cder/daf/index.cfm?event=overview.process&varApplNo=005587,Verified - verbatim from official Drugs@FDA database extract,Official Drugs@FDA Submissions 1938-1964: Appl 005587 ORIG 1 status AP date 1944-08-25 00:00:00 class 19 priority UNKNOWN
NDA005595,005595,,ORIG,1,AP,1944-09-08 00:00:00,19,UNKNOWN,1944,data/raw/drugsatfda_data_files_1938_1964/Submissions_1938_1964.txt,https://www.accessdata.fda.gov/scripts/cder/daf/index.cfm?event=overview.process&varApplNo=005595,Verified - verbatim from official Drugs@FDA database extract,Official Drugs@FDA Submissions 1938-1964: Appl 005595 ORIG 1 status AP date 1944-09-08 00:00:00 class 19 priority UNKNOWN
NDA005592,005592,,ORIG,1,AP,1944-10-14 00:00:00,,,1944,data/raw/drugsatfda_data_files_1938_1964/Submissions_1938_1964.txt,https://www.accessdata.fda.gov/scripts/cder/daf/index.cfm?event=overview.process&varApplNo=005592,Verified - verbatim from official Drugs@FDA database extract,Official Drugs@FDA Submissions 1938-1964: Appl 005592 ORIG 1 status AP date 1944-10-14 00:00:00 class  priority 
NDA005596,005596,,ORIG,1,AP,1944-12-18 00:00:00,,,1944,data/raw/drugsatfda_data_files_1938_1964/Submissions_1938_1964.txt,https://www.accessdata.fda.gov/scripts/cder/daf/index.cfm?event=overview.process&varApplNo=005596,Verified - verbatim from official Drugs@FDA database extract,Official Drugs@FDA Submissions 1938-1964: Appl 005596 ORIG 1 status AP date 1944-12-18 00:00:00 class  priority 
NDA005619,005619,MERCK,ORIG,1,AP,1944-12-30 00:00:00,19,UNKNOWN,1944,data/raw/drugsatfda_data_files_1938_1964/Submissions_1938_1964.txt,https://www.accessdata.fda.gov/scripts/cder/daf/index.cfm?event=overview.process&varApplNo=005619,Verified - verbatim from official Drugs@FDA database extract,Official Drugs@FDA Submissions 1938-1964: Appl 005619 ORIG 1 status AP date 1944-12-30 00:00:00 class 19 priority UNKNOWN
NDA005657,005657,BRISTOL MYERS SQUIBB,ORIG,1,AP,1945-02-20 00:00:00,7,PRIORITY,1945,data/raw/drugsatfda_data_files_1938_1964/Submissions_1938_1964.txt,https://www.accessdata.fda.gov/scripts/cder/daf/index.cfm?event=overview.process&varApplNo=005657,Verified - verbatim from official Drugs@FDA database extract,Official Drugs@FDA Submissions 1938-1964: Appl 005657 ORIG 1 status AP date 1945-02-20 00:00:00 class 7 priority PRIORITY
NDA005773,005773,,ORIG,1,AP,1945-07-24 00:00:00,19,UNKNOWN,1945,data/raw/drugsatfda_data_files_1938_1964/Submissions_1938_1964.txt,https://www.accessdata.fda.gov/scripts/cder/daf/index.cfm?event=overview.process&varApplNo=005773,Verified - verbatim from official Drugs@FDA database extract,Official Drugs@FDA Submissions 1938-1964: Appl 005773 ORIG 1 status AP date 1945-07-24 00:00:00 class 19 priority UNKNOWN
NDA005786,005786,,ORIG,1,AP,1945-08-13 00:00:00,19,UNKNOWN,1945,data/raw/drugsatfda_data_files_1938_1964/Submissions_1938_1964.txt,https://www.accessdata.fda.gov/scripts/cder/daf/index.cfm?event=overview.process&varApplNo=005786,Verified - verbatim from official Drugs@FDA database extract,Official Drugs@FDA Submissions 1938-1964: Appl 005786 ORIG 1 status AP date 1945-08-13 00:00:00 class 19 priority UNKNOWN
NDA005794,005794,ORTHO MCNEIL PHARM,ORIG,1,AP,1945-09-12 00:00:00,,,1945,data/raw/drugsatfda_data_files_1938_1964/Submissions_1938_1964.txt,https://www.accessdata.fda.gov/scripts/cder/daf/index.cfm?event=overview.process&varApplNo=005794,Verified - verbatim from official Drugs@FDA database extract,Official Drugs@FDA Submissions 1938-1964: Appl 005794 ORIG 1 status AP date 1945-09-12 00:00:00 class  priority 
NDA005795,005795,SHIRE,ORIG,1,AP,1945-10-04 00:00:00,12,STANDARD,1945,data/raw/drugsatfda_data_files_1938_1964/Submissions_1938_1964.txt,https://www.accessdata.fda.gov/scripts/cder/daf/index.cfm?event=overview.process&varApplNo=005795,Verified - verbatim from official Drugs@FDA database extract,Official Drugs@FDA Submissions 1938-1964: Appl 005795 ORIG 1 status AP date 1945-10-04 00:00:00 class 12 priority STANDARD
NDA005798,005798,,ORIG,1,AP,1945-11-06 00:00:00,,,1945,data/raw/drugsatfda_data_files_1938_1964/Submissions_1938_1964.txt,https://www.accessdata.fda.gov/scripts/cder/daf/index.cfm?event=overview.process&varApplNo=005798,Verified - verbatim from official Drugs@FDA database extract,Official Drugs@FDA Submissions 1938-1964: Appl 005798 ORIG 1 status AP date 1945-11-06 00:00:00 class  priority 
NDA004589,004589,B BRAUN,ORIG,1,AP,1946-01-17 00:00:00,,,1946,data/raw/drugsatfda_data_files_1938_1964/Submissions_1938_1964.txt,https://www.accessdata.fda.gov/scripts/cder/daf/index.cfm?event=overview.process&varApplNo=004589,Verified - verbatim from official Drugs@FDA database extract,Official Drugs@FDA Submissions 1938-1964: Appl 004589 ORIG 1 status AP date 1946-01-17 00:00:00 class  priority 
NDA005856,005856,ABBVIE,ORIG,1,AP,1946-01-25 00:00:00,19,UNKNOWN,1946,data/raw/drugsatfda_data_files_1938_1964/Submissions_1938_1964.txt,https://www.accessdata.fda.gov/scripts/cder/daf/index.cfm?event=overview.process&varApplNo=005856,Verified - verbatim from official Drugs@FDA database extract,Official Drugs@FDA Submissions 1938-1964: Appl 005856 ORIG 1 status AP date 1946-01-25 00:00:00 class 19 priority UNKNOWN
NDA060076,060076,PFIZER,ORIG,1,AP,1946-02-18 00:00:00,,,1946,data/raw/drugsatfda_data_files_1938_1964/Submissions_1938_1964.txt,https://www.accessdata.fda.gov/scripts/cder/daf/index.cfm?event=overview.process&varApplNo=060076,Verified - verbatim from official Drugs@FDA database extract,Official Drugs@FDA Submissions 1938-1964: Appl 060076 ORIG 1 status AP date 1946-02-18 00:00:00 class  priority 
NDA005845,005845,MCNEIL CONS,ORIG,1,AP,1946-03-04 00:00:00,7,STANDARD,1946,data/raw/drugsatfda_data_files_1938_1964/Submissions_1938_1964.txt,https://www.accessdata.fda.gov/scripts/cder/daf/index.cfm?event=overview.process&varApplNo=005845,Verified - verbatim from official Drugs@FDA database extract,Official Drugs@FDA Submissions 1938-1964: Appl 005845 ORIG 1 status AP date 1946-03-04 00:00:00 class 7 priority STANDARD
NDA005915,005915,,ORIG,1,AP,1946-03-29 00:00:00,19,UNKNOWN,1946,data/raw/drugsatfda_data_files_1938_1964/Submissions_1938_1964.txt,https://www.accessdata.fda.gov/scripts/cder/daf/index.cfm?event=overview.process&varApplNo=005915,Verified - verbatim from official Drugs@FDA database extract,Official Drugs@FDA Submissions 1938-1964: Appl 005915 ORIG 1 status AP date 1946-03-29 00:00:00 class 19 priority UNKNOWN
NDA005929,005929,BAUSCH,ORIG,1,AP,1946-04-12 00:00:00,19,UNKNOWN,1946,data/raw/drugsatfda_data_files_1938_1964/Submissions_1938_1964.txt,https://www.accessdata.fda.gov/scripts/cder/daf/index.cfm?event=overview.process&varApplNo=005929,Verified - verbatim from official Drugs@FDA database extract,Official Drugs@FDA Submissions 1938-1964: Appl 005929 ORIG 1 status AP date 1946-04-12 00:00:00 class 19 priority UNKNOWN
NDA005939,005939,PROVEPHARM SAS,ORIG,1,AP,1946-05-06 00:00:00,19,UNKNOWN,1946,data/raw/drugsatfda_data_files_1938_1964/Submissions_1938_1964.txt,https://www.accessdata.fda.gov/scripts/cder/daf/index.cfm?event=overview.process&varApplNo=005939,Verified - verbatim from official Drugs@FDA database extract,Official Drugs@FDA Submissions 1938-1964: Appl 005939 ORIG 1 status AP date 1946-05-06 00:00:00 class 19 priority UNKNOWN
NDA005766,005766,,ORIG,1,AP,1946-05-28 00:00:00,19,UNKNOWN,1946,data/raw/drugsatfda_data_files_1938_1964/Submissions_1938_1964.txt,https://www.accessdata.fda.gov/scripts/cder/daf/index.cfm?event=overview.process&varApplNo=005766,Verified - verbatim from official Drugs@FDA database extract,Official Drugs@FDA Submissions 1938-1964: Appl 005766 ORIG 1 status AP date 1946-05-28 00:00:00 class 19 priority UNKNOWN
NDA005963,005963,SCHERING,ORIG,1,AP,1946-07-21 00:00:00,19,UNKNOWN,1946,data/raw/drugsatfda_data_files_1938_1964/Submissions_1938_1964.txt,https://www.accessdata.fda.gov/scripts/cder/daf/index.cfm?event=overview.process&varApplNo=005963,Verified - verbatim from official Drugs@FDA database extract,Official Drugs@FDA Submissions 1938-1964: Appl 005963 ORIG 1 status AP date 1946-07-21 00:00:00 class 19 priority UNKNOWN
NDA005970,005970,ELKINS SINN,ORIG,1,AP,1946-08-13 00:00:00,7,PRIORITY,1946,data/raw/drugsatfda_data_files_1938_1964/Submissions_1938_1964.txt,https://www.accessdata.fda.gov/scripts/cder/daf/index.cfm?event=overview.process&varApplNo=005970,Verified - verbatim from official Drugs@FDA database extract,Official Drugs@FDA Submissions 1938-1964: Appl 005970 ORIG 1 status AP date 1946-08-13 00:00:00 class 7 priority PRIORITY
NDA006012,006012,LEDERLE,ORIG,1,AP,1946-08-13 00:00:00,,,1946,data/raw/drugsatfda_data_files_1938_1964/Submissions_1938_1964.txt,https://www.accessdata.fda.gov/scripts/cder/daf/index.cfm?event=overview.process&varApplNo=006012,Verified - verbatim from official Drugs@FDA database extract,Official Drugs@FDA Submissions 1938-1964: Appl 006012 ORIG 1 status AP date 1946-08-13 00:00:00 class  priority 
NDA006003,006003,,ORIG,1,AP,1946-10-18 00:00:00,,,1946,data/raw/drugsatfda_data_files_1938_1964/Submissions_1938_1964.txt,https://www.accessdata.fda.gov/scripts/cder/daf/index.cfm?event=overview.process&varApplNo=006003,Verified - verbatim from official Drugs@FDA database extract,Official Drugs@FDA Submissions 1938-1964: Appl 006003 ORIG 1 status AP date 1946-10-18 00:00:00 class  priority 
NDA006008,006008,NOVARTIS,ORIG,1,AP,1946-10-23 00:00:00,,,1946,data/raw/drugsatfda_data_files_1938_1964/Submissions_1938_1964.txt,https://www.accessdata.fda.gov/scripts/cder/daf/index.cfm?event=overview.process&varApplNo=006008,Verified - verbatim from official Drugs@FDA database extract,Official Drugs@FDA Submissions 1938-1964: Appl 006008 ORIG 1 status AP date 1946-10-23 00:00:00 class  priority 
NDA006035,006035,EDISON THERAPS LLC,ORIG,1,AP,1946-11-19 00:00:00,19,UNKNOWN,1946,data/raw/drugsatfda_data_files_1938_1964/Submissions_1938_1964.txt,https://www.accessdata.fda.gov/scripts/cder/daf/index.cfm?event=overview.process&varApplNo=006035,Verified - verbatim from official Drugs@FDA database extract,Official Drugs@FDA Submissions 1938-1964: Appl 006035 ORIG 1 status AP date 1946-11-19 00:00:00 class 19 priority UNKNOWN
NDA006110,006110,ORTHO MCNEIL PHARM,ORIG,1,AP,1947-01-09 00:00:00,,,1947,data/raw/drugsatfda_data_files_1938_1964/Submissions_1938_1964.txt,https://www.accessdata.fda.gov/scripts/cder/daf/index.cfm?event=overview.process&varApplNo=006110,Verified - verbatim from official Drugs@FDA database extract,Official Drugs@FDA Submissions 1938-1964: Appl 006110 ORIG 1 status AP date 1947-01-09 00:00:00 class  priority 
NDA006095,006095,HOSPIRA,ORIG,1,AP,1947-01-30 00:00:00,15,STANDARD,1947,data/raw/drugsatfda_data_files_1938_1964/Submissions_1938_1964.txt,https://www.accessdata.fda.gov/scripts/cder/daf/index.cfm?event=overview.process&varApplNo=006095,Verified - verbatim from official Drugs@FDA database extract,Official Drugs@FDA Submissions 1938-1964: Appl 006095 ORIG 1 status AP date 1947-01-30 00:00:00 class 15 priority STANDARD
NDA060074,060074,PFIZER,ORIG,1,AP,1947-02-06 00:00:00,,,1947,data/raw/drugsatfda_data_files_1938_1964/Submissions_1938_1964.txt,https://www.accessdata.fda.gov/scripts/cder/daf/index.cfm?event=overview.process&varApplNo=060074,Verified - verbatim from official Drugs@FDA database extract,Official Drugs@FDA Submissions 1938-1964: Appl 060074 ORIG 1 status AP date 1947-02-06 00:00:00 class  priority 
NDA006129,006129,,ORIG,1,AP,1947-03-05 00:00:00,19,UNKNOWN,1947,data/raw/drugsatfda_data_files_1938_1964/Submissions_1938_1964.txt,https://www.accessdata.fda.gov/scripts/cder/daf/index.cfm?event=overview.process&varApplNo=006129,Verified - verbatim from official Drugs@FDA database extract,Official Drugs@FDA Submissions 1938-1964: Appl 006129 ORIG 1 status AP date 1947-03-05 00:00:00 class 19 priority UNKNOWN
NDA006146,006146,MCNEIL CONS,ORIG,1,AP,1947-03-06 00:00:00,12,STANDARD,1947,data/raw/drugsatfda_data_files_1938_1964/Submissions_1938_1964.txt,https://www.accessdata.fda.gov/scripts/cder/daf/index.cfm?event=overview.process&varApplNo=006146,Verified - verbatim from official Drugs@FDA database extract,Official Drugs@FDA Submissions 1938-1964: Appl 006146 ORIG 1 status AP date 1947-03-06 00:00:00 class 12 priority STANDARD
NDA006168,006168,,ORIG,1,AP,1947-04-11 00:00:00,19,UNKNOWN,1947,data/raw/drugsatfda_data_files_1938_1964/Submissions_1938_1964.txt,https://www.accessdata.fda.gov/scripts/cder/daf/index.cfm?event=overview.process&varApplNo=006168,Verified - verbatim from official Drugs@FDA database extract,Official Drugs@FDA Submissions 1938-1964: Appl 006168 ORIG 1 status AP date 1947-04-11 00:00:00 class 19 priority UNKNOWN
NDA006170,006170,B BRAUN,ORIG,1,AP,1947-04-23 00:00:00,15,STANDARD,1947,data/raw/drugsatfda_data_files_1938_1964/Submissions_1938_1964.txt,https://www.accessdata.fda.gov/scripts/cder/daf/index.cfm?event=overview.process&varApplNo=006170,Verified - verbatim from official Drugs@FDA database extract,Official Drugs@FDA Submissions 1938-1964: Appl 006170 ORIG 1 status AP date 1947-04-23 00:00:00 class 15 priority STANDARD
NDA006215,006215,,ORIG,1,AP,1947-05-25 00:00:00,19,UNKNOWN,1947,data/raw/drugsatfda_data_files_1938_1964/Submissions_1938_1964.txt,https://www.accessdata.fda.gov/scripts/cder/daf/index.cfm?event=overview.process&varApplNo=006215,Verified - verbatim from official Drugs@FDA database extract,Official Drugs@FDA Submissions 1938-1964: Appl 006215 ORIG 1 status AP date 1947-05-25 00:00:00 class 19 priority UNKNOWN
NDA006135,006135,LILLY,ORIG,1,AP,1947-06-02 00:00:00,19,UNKNOWN,1947,data/raw/drugsatfda_data_files_1938_1964/Submissions_1938_1964.txt,https://www.accessdata.fda.gov/scripts/cder/daf/index.cfm?event=overview.process&varApplNo=006135,Verified - verbatim from official Drugs@FDA database extract,Official Drugs@FDA Submissions 1938-1964: Appl 006135 ORIG 1 status AP date 1947-06-02 00:00:00 class 19 priority UNKNOWN
NDA005897,005897,WYETH PHARMS INC,ORIG,1,AP,1947-06-05 00:00:00,19,UNKNOWN,1947,data/raw/drugsatfda_data_files_1938_1964/Submissions_1938_1964.txt,https://www.accessdata.fda.gov/scripts/cder/daf/index.cfm?event=overview.process&varApplNo=005897,Verified - verbatim from official Drugs@FDA database extract,Official Drugs@FDA Submissions 1938-1964: Appl 005897 ORIG 1 status AP date 1947-06-05 00:00:00 class 19 priority UNKNOWN
NDA006264,006264,,ORIG,1,AP,1947-07-23 00:00:00,,,1947,data/raw/drugsatfda_data_files_1938_1964/Submissions_1938_1964.txt,https://www.accessdata.fda.gov/scripts/cder/daf/index.cfm?event=overview.process&varApplNo=006264,Verified - verbatim from official Drugs@FDA database extract,Official Drugs@FDA Submissions 1938-1964: Appl 006264 ORIG 1 status AP date 1947-07-23 00:00:00 class  priority 
NDA006071,006071,ROCHE,ORIG,1,AP,1947-07-28 00:00:00,19,UNKNOWN,1947,data/raw/drugsatfda_data_files_1938_1964/Submissions_1938_1964.txt,https://www.accessdata.fda.gov/scripts/cder/daf/index.cfm?event=overview.process&varApplNo=006071,Verified - verbatim from official Drugs@FDA database extract,Official Drugs@FDA Submissions 1938-1964: Appl 006071 ORIG 1 status AP date 1947-07-28 00:00:00 class 19 priority UNKNOWN
NDA006188,006188,PH HEALTH,ORIG,1,AP,1947-07-28 00:00:00,19,UNKNOWN,1947,data/raw/drugsatfda_data_files_1938_1964/Submissions_1938_1964.txt,https://www.accessdata.fda.gov/scripts/cder/daf/index.cfm?event=overview.process&varApplNo=006188,Verified - verbatim from official Drugs@FDA database extract,Official Drugs@FDA Submissions 1938-1964: Appl 006188 ORIG 1 status AP date 1947-07-28 00:00:00 class 19 priority UNKNOWN
NDA006213,006213,LILLY,ORIG,1,AP,1947-07-29 00:00:00,19,UNKNOWN,1947,data/raw/drugsatfda_data_files_1938_1964/Submissions_1938_1964.txt,https://www.accessdata.fda.gov/scripts/cder/daf/index.cfm?event=overview.process&varApplNo=006213,Verified - verbatim from official Drugs@FDA database extract,Official Drugs@FDA Submissions 1938-1964: Appl 006213 ORIG 1 status AP date 1947-07-29 00:00:00 class 19 priority UNKNOWN
NDA006134,006134,HIKMA,ORIG,1,AP,1947-08-13 00:00:00,19,UNKNOWN,1947,data/raw/drugsatfda_data_files_1938_1964/Submissions_1938_1964.txt,https://www.accessdata.fda.gov/scripts/cder/daf/index.cfm?event=overview.process&varApplNo=006134,Verified - verbatim from official Drugs@FDA database extract,Official Drugs@FDA Submissions 1938-1964: Appl 006134 ORIG 1 status AP date 1947-08-13 00:00:00 class 19 priority UNKNOWN
NDA021624,021624,MYLAN INSTITUTIONAL,ORIG,1,AP,1947-08-13 00:00:00,19,UNKNOWN,1947,data/raw/drugsatfda_data_files_1938_1964/Submissions_1938_1964.txt,https://www.accessdata.fda.gov/scripts/cder/daf/index.cfm?event=overview.process&varApplNo=021624,Verified - verbatim from official Drugs@FDA database extract,Official Drugs@FDA Submissions 1938-1964: Appl 021624 ORIG 1 status AP date 1947-08-13 00:00:00 class 19 priority UNKNOWN
NDA006303,006303,,ORIG,1,AP,1947-09-25 00:00:00,7,STANDARD,1947,data/raw/drugsatfda_data_files_1938_1964/Submissions_1938_1964.txt,https://www.accessdata.fda.gov/scripts/cder/daf/index.cfm?event=overview.process&varApplNo=006303,Verified - verbatim from official Drugs@FDA database extract,Official Drugs@FDA Submissions 1938-1964: Appl 006303 ORIG 1 status AP date 1947-09-25 00:00:00 class 7 priority STANDARD
NDA006333,006333,CENT PHARMS,ORIG,1,AP,1947-10-17 00:00:00,19,UNKNOWN,1947,data/raw/drugsatfda_data_files_1938_1964/Submissions_1938_1964.txt,https://www.accessdata.fda.gov/scripts/cder/daf/index.cfm?event=overview.process&varApplNo=006333,Verified - verbatim from official Drugs@FDA database extract,Official Drugs@FDA Submissions 1938-1964: Appl 006333 ORIG 1 status AP date 1947-10-17 00:00:00 class 19 priority UNKNOWN
NDA006325,006325,LILLY,ORIG,1,AP,1947-11-28 00:00:00,15,STANDARD,1947,data/raw/drugsatfda_data_files_1938_1964/Submissions_1938_1964.txt,https://www.accessdata.fda.gov/scripts/cder/daf/index.cfm?event=overview.process&varApplNo=006325,Verified - verbatim from official Drugs@FDA database extract,Official Drugs@FDA Submissions 1938-1964: Appl 006325 ORIG 1 status AP date 1947-11-28 00:00:00 class 15 priority STANDARD
NDA006383,006383,MALLINCKRODT INC,ORIG,1,AP,1947-12-15 00:00:00,19,UNKNOWN,1947,data/raw/drugsatfda_data_files_1938_1964/Submissions_1938_1964.txt,https://www.accessdata.fda.gov/scripts/cder/daf/index.cfm?event=overview.process&varApplNo=006383,Verified - verbatim from official Drugs@FDA database extract,Official Drugs@FDA Submissions 1938-1964: Appl 006383 ORIG 1 status AP date 1947-12-15 00:00:00 class 19 priority UNKNOWN
NDA006386,006386,,ORIG,1,AP,1947-12-30 00:00:00,19,UNKNOWN,1947,data/raw/drugsatfda_data_files_1938_1964/Submissions_1938_1964.txt,https://www.accessdata.fda.gov/scripts/cder/daf/index.cfm?event=overview.process&varApplNo=006386,Verified - verbatim from official Drugs@FDA database extract,Official Drugs@FDA Submissions 1938-1964: Appl 006386 ORIG 1 status AP date 1947-12-30 00:00:00 class 19 priority UNKNOWN
NDA005914,005914,NOVARTIS,ORIG,1,AP,1948-02-19 00:00:00,7,STANDARD,1948,data/raw/drugsatfda_data_files_1938_1964/Submissions_1938_1964.txt,https://www.accessdata.fda.gov/scripts/cder/daf/index.cfm?event=overview.process&varApplNo=005914,Verified - verbatim from official Drugs@FDA database extract,Official Drugs@FDA Submissions 1938-1964: Appl 005914 ORIG 1 status AP date 1948-02-19 00:00:00 class 7 priority STANDARD
NDA006328,006328,SANOFI AVENTIS US,ORIG,1,AP,1948-02-19 00:00:00,19,UNKNOWN,1948,data/raw/drugsatfda_data_files_1938_1964/Submissions_1938_1964.txt,https://www.accessdata.fda.gov/scripts/cder/daf/index.cfm?event=overview.process&varApplNo=006328,Verified - verbatim from official Drugs@FDA database extract,Official Drugs@FDA Submissions 1938-1964: Appl 006328 ORIG 1 status AP date 1948-02-19 00:00:00 class 19 priority UNKNOWN
NDA006367,006367,,ORIG,1,AP,1948-02-26 00:00:00,19,UNKNOWN,1948,data/raw/drugsatfda_data_files_1938_1964/Submissions_1938_1964.txt,https://www.accessdata.fda.gov/scripts/cder/daf/index.cfm?event=overview.process&varApplNo=006367,Verified - verbatim from official Drugs@FDA database extract,Official Drugs@FDA Submissions 1938-1964: Appl 006367 ORIG 1 status AP date 1948-02-26 00:00:00 class 19 priority UNKNOWN
NDA060075,060075,PFIZER,ORIG,1,AP,1948-03-02 00:00:00,,,1948,data/raw/drugsatfda_data_files_1938_1964/Submissions_1938_1964.txt,https://www.accessdata.fda.gov/scripts/cder/daf/index.cfm?event=overview.process&varApplNo=060075,Verified - verbatim from official Drugs@FDA database extract,Official Drugs@FDA Submissions 1938-1964: Appl 060075 ORIG 1 status AP date 1948-03-02 00:00:00 class  priority 
NDA006403,006403,NOVARTIS,ORIG,1,AP,1948-03-17 00:00:00,,,1948,data/raw/drugsatfda_data_files_1938_1964/Submissions_1938_1964.txt,https://www.accessdata.fda.gov/scripts/cder/daf/index.cfm?event=overview.process&varApplNo=006403,Verified - verbatim from official Drugs@FDA database extract,Official Drugs@FDA Submissions 1938-1964: Appl 006403 ORIG 1 status AP date 1948-03-17 00:00:00 class  priority 
NDA006410,006410,,ORIG,1,AP,1948-03-29 00:00:00,,,1948,data/raw/drugsatfda_data_files_1938_1964/Submissions_1938_1964.txt,https://www.accessdata.fda.gov/scripts/cder/daf/index.cfm?event=overview.process&varApplNo=006410,Verified - verbatim from official Drugs@FDA database extract,Official Drugs@FDA Submissions 1938-1964: Appl 006410 ORIG 1 status AP date 1948-03-29 00:00:00 class  priority 
NDA006412,006412,SANOFI AVENTIS US,ORIG,1,AP,1948-04-07 00:00:00,7,STANDARD,1948,data/raw/drugsatfda_data_files_1938_1964/Submissions_1938_1964.txt,https://www.accessdata.fda.gov/scripts/cder/daf/index.cfm?event=overview.process&varApplNo=006412,Verified - verbatim from official Drugs@FDA database extract,Official Drugs@FDA Submissions 1938-1964: Appl 006412 ORIG 1 status AP date 1948-04-07 00:00:00 class 7 priority STANDARD
NDA060101,060101,KING PHARMS LLC,ORIG,1,AP,1948-04-26 00:00:00,,,1948,data/raw/drugsatfda_data_files_1938_1964/Submissions_1938_1964.txt,https://www.accessdata.fda.gov/scripts/cder/daf/index.cfm?event=overview.process&varApplNo=060101,Verified - verbatim from official Drugs@FDA database extract,Official Drugs@FDA Submissions 1938-1964: Appl 060101 ORIG 1 status AP date 1948-04-26 00:00:00 class  priority 
NDA006463,006463,,ORIG,1,AP,1948-05-04 00:00:00,,,1948,data/raw/drugsatfda_data_files_1938_1964/Submissions_1938_1964.txt,https://www.accessdata.fda.gov/scripts/cder/daf/index.cfm?event=overview.process&varApplNo=006463,Verified - verbatim from official Drugs@FDA database extract,Official Drugs@FDA Submissions 1938-1964: Appl 006463 ORIG 1 status AP date 1948-05-04 00:00:00 class  priority 
NDA060100,060100,,ORIG,1,AP,1948-06-02 00:00:00,,,1948,data/raw/drugsatfda_data_files_1938_1964/Submissions_1938_1964.txt,https://www.accessdata.fda.gov/scripts/cder/daf/index.cfm?event=overview.process&varApplNo=060100,Verified - verbatim from official Drugs@FDA database extract,Official Drugs@FDA Submissions 1938-1964: Appl 060100 ORIG 1 status AP date 1948-06-02 00:00:00 class  priority 
NDA006128,006128,,ORIG,1,AP,1948-06-04 00:00:00,19,UNKNOWN,1948,data/raw/drugsatfda_data_files_1938_1964/Submissions_1938_1964.txt,https://www.accessdata.fda.gov/scripts/cder/daf/index.cfm?event=overview.process&varApplNo=006128,Verified - verbatim from official Drugs@FDA database extract,Official Drugs@FDA Submissions 1938-1964: Appl 006128 ORIG 1 status AP date 1948-06-04 00:00:00 class 19 priority UNKNOWN
NDA006499,006499,,ORIG,1,AP,1948-06-30 00:00:00,19,UNKNOWN,1948,data/raw/drugsatfda_data_files_1938_1964/Submissions_1938_1964.txt,https://www.accessdata.fda.gov/scripts/cder/daf/index.cfm?event=overview.process&varApplNo=006499,Verified - verbatim from official Drugs@FDA database extract,Official Drugs@FDA Submissions 1938-1964: Appl 006499 ORIG 1 status AP date 1948-06-30 00:00:00 class 19 priority UNKNOWN
NDA006340,006340,,ORIG,1,AP,1948-07-06 00:00:00,,,1948,data/raw/drugsatfda_data_files_1938_1964/Submissions_1938_1964.txt,https://www.accessdata.fda.gov/scripts/cder/daf/index.cfm?event=overview.process&varApplNo=006340,Verified - verbatim from official Drugs@FDA database extract,Official Drugs@FDA Submissions 1938-1964: Appl 006340 ORIG 1 status AP date 1948-07-06 00:00:00 class  priority 
NDA006526,006526,,ORIG,1,AP,1948-07-26 00:00:00,,,1948,data/raw/drugsatfda_data_files_1938_1964/Submissions_1938_1964.txt,https://www.accessdata.fda.gov/scripts/cder/daf/index.cfm?event=overview.process&varApplNo=006526,Verified - verbatim from official Drugs@FDA database extract,Official Drugs@FDA Submissions 1938-1964: Appl 006526 ORIG 1 status AP date 1948-07-26 00:00:00 class  priority 
NDA006484,006484,,ORIG,1,AP,1948-07-29 00:00:00,,,1948,data/raw/drugsatfda_data_files_1938_1964/Submissions_1938_1964.txt,https://www.accessdata.fda.gov/scripts/cder/daf/index.cfm?event=overview.process&varApplNo=006484,Verified - verbatim from official Drugs@FDA database extract,Official Drugs@FDA Submissions 1938-1964: Appl 006484 ORIG 1 status AP date 1948-07-29 00:00:00 class  priority 
NDA006525,006525,ROCHE,ORIG,1,AP,1948-07-29 00:00:00,19,UNKNOWN,1948,data/raw/drugsatfda_data_files_1938_1964/Submissions_1938_1964.txt,https://www.accessdata.fda.gov/scripts/cder/daf/index.cfm?event=overview.process&varApplNo=006525,Verified - verbatim from official Drugs@FDA database extract,Official Drugs@FDA Submissions 1938-1964: Appl 006525 ORIG 1 status AP date 1948-07-29 00:00:00 class 19 priority UNKNOWN
NDA006564,006564,,ORIG,1,AP,1948-08-16 00:00:00,,,1948,data/raw/drugsatfda_data_files_1938_1964/Submissions_1938_1964.txt,https://www.accessdata.fda.gov/scripts/cder/daf/index.cfm?event=overview.process&varApplNo=006564,Verified - verbatim from official Drugs@FDA database extract,Official Drugs@FDA Submissions 1938-1964: Appl 006564 ORIG 1 status AP date 1948-08-16 00:00:00 class  priority 
NDA060734,060734,PHARMACIA AND UPJOHN,ORIG,1,AP,1948-09-08 00:00:00,,,1948,data/raw/drugsatfda_data_files_1938_1964/Submissions_1938_1964.txt,https://www.accessdata.fda.gov/scripts/cder/daf/index.cfm?event=overview.process&varApplNo=060734,Verified - verbatim from official Drugs@FDA database extract,Official Drugs@FDA Submissions 1938-1964: Appl 060734 ORIG 1 status AP date 1948-09-08 00:00:00 class  priority 
NDA006130,006130,,ORIG,1,AP,1948-09-20 00:00:00,19,UNKNOWN,1948,data/raw/drugsatfda_data_files_1938_1964/Submissions_1938_1964.txt,https://www.accessdata.fda.gov/scripts/cder/daf/index.cfm?event=overview.process&varApplNo=006130,Verified - verbatim from official Drugs@FDA database extract,Official Drugs@FDA Submissions 1938-1964: Appl 006130 ORIG 1 status AP date 1948-09-20 00:00:00 class 19 priority UNKNOWN
NDA006536,006536,TEVA BRANDED PHARM,ORIG,1,AP,1948-10-12 00:00:00,19,UNKNOWN,1948,data/raw/drugsatfda_data_files_1938_1964/Submissions_1938_1964.txt,https://www.accessdata.fda.gov/scripts/cder/daf/index.cfm?event=overview.process&varApplNo=006536,Verified - verbatim from official Drugs@FDA database extract,Official Drugs@FDA Submissions 1938-1964: Appl 006536 ORIG 1 status AP date 1948-10-12 00:00:00 class 19 priority UNKNOWN
NDA006593,006593,,ORIG,1,AP,1948-10-27 00:00:00,19,UNKNOWN,1948,data/raw/drugsatfda_data_files_1938_1964/Submissions_1938_1964.txt,https://www.accessdata.fda.gov/scripts/cder/daf/index.cfm?event=overview.process&varApplNo=006593,Verified - verbatim from official Drugs@FDA database extract,Official Drugs@FDA Submissions 1938-1964: Appl 006593 ORIG 1 status AP date 1948-10-27 00:00:00 class 19 priority UNKNOWN
NDA006603,006603,,ORIG,1,AP,1948-10-27 00:00:00,19,UNKNOWN,1948,data/raw/drugsatfda_data_files_1938_1964/Submissions_1938_1964.txt,https://www.accessdata.fda.gov/scripts/cder/daf/index.cfm?event=overview.process&varApplNo=006603,Verified - verbatim from official Drugs@FDA database extract,Official Drugs@FDA Submissions 1938-1964: Appl 006603 ORIG 1 status AP date 1948-10-27 00:00:00 class 19 priority UNKNOWN
NDA060099,060099,PFIZER,ORIG,1,AP,1948-11-10 00:00:00,,,1948,data/raw/drugsatfda_data_files_1938_1964/Submissions_1938_1964.txt,https://www.accessdata.fda.gov/scripts/cder/daf/index.cfm?event=overview.process&varApplNo=060099,Verified - verbatim from official Drugs@FDA database extract,Official Drugs@FDA Submissions 1938-1964: Appl 060099 ORIG 1 status AP date 1948-11-10 00:00:00 class  priority 
NDA006488,006488,FRESENIUS KABI USA,ORIG,1,AP,1948-11-19 00:00:00,19,UNKNOWN,1948,data/raw/drugsatfda_data_files_1938_1964/Submissions_1938_1964.txt,https://www.accessdata.fda.gov/scripts/cder/daf/index.cfm?event=overview.process&varApplNo=006488,Verified - verbatim from official Drugs@FDA database extract,Official Drugs@FDA Submissions 1938-1964: Appl 006488 ORIG 1 status AP date 1948-11-19 00:00:00 class 19 priority UNKNOWN
NDA021380,021380,DENTSPLY PHARM,ORIG,1,AP,1948-11-19 00:00:00,19,UNKNOWN,1948,data/raw/drugsatfda_data_files_1938_1964/Submissions_1938_1964.txt,https://www.accessdata.fda.gov/scripts/cder/daf/index.cfm?event=overview.process&varApplNo=021380,Verified - verbatim from official Drugs@FDA database extract,Official Drugs@FDA Submissions 1938-1964: Appl 021380 ORIG 1 status AP date 1948-11-19 00:00:00 class 19 priority UNKNOWN
NDA021381,021381,DENTSPLY PHARM,ORIG,1,AP,1948-11-19 00:00:00,19,UNKNOWN,1948,data/raw/drugsatfda_data_files_1938_1964/Submissions_1938_1964.txt,https://www.accessdata.fda.gov/scripts/cder/daf/index.cfm?event=overview.process&varApplNo=021381,Verified - verbatim from official Drugs@FDA database extract,Official Drugs@FDA Submissions 1938-1964: Appl 021381 ORIG 1 status AP date 1948-11-19 00:00:00 class 19 priority UNKNOWN
NDA006620,006620,NOVARTIS,ORIG,1,AP,1948-11-26 00:00:00,,,1948,data/raw/drugsatfda_data_files_1938_1964/Submissions_1938_1964.txt,https://www.accessdata.fda.gov/scripts/cder/daf/index.cfm?event=overview.process&varApplNo=006620,Verified - verbatim from official Drugs@FDA database extract,Official Drugs@FDA Submissions 1938-1964: Appl 006620 ORIG 1 status AP date 1948-11-26 00:00:00 class  priority 
NDA006617,006617,,ORIG,1,AP,1948-11-29 00:00:00,,,1948,data/raw/drugsatfda_data_files_1938_1964/Submissions_1938_1964.txt,https://www.accessdata.fda.gov/scripts/cder/daf/index.cfm?event=overview.process&varApplNo=006617,Verified - verbatim from official Drugs@FDA database extract,Official Drugs@FDA Submissions 1938-1964: Appl 006617 ORIG 1 status AP date 1948-11-29 00:00:00 class  priority 
NDA006632,006632,LILLY,ORIG,1,AP,1949-01-04 00:00:00,7,STANDARD,1949,data/raw/drugsatfda_data_files_1938_1964/Submissions_1938_1964.txt,https://www.accessdata.fda.gov/scripts/cder/daf/index.cfm?event=overview.process&varApplNo=006632,Verified - verbatim from official Drugs@FDA database extract,Official Drugs@FDA Submissions 1938-1964: Appl 006632 ORIG 1 status AP date 1949-01-04 00:00:00 class 7 priority STANDARD
NDA006686,006686,,ORIG,1,AP,1949-03-01 00:00:00,19,UNKNOWN,1949,data/raw/drugsatfda_data_files_1938_1964/Submissions_1938_1964.txt,https://www.accessdata.fda.gov/scripts/cder/daf/index.cfm?event=overview.process&varApplNo=006686,Verified - verbatim from official Drugs@FDA database extract,Official Drugs@FDA Submissions 1938-1964: Appl 006686 ORIG 1 status AP date 1949-03-01 00:00:00 class 19 priority UNKNOWN
NDA006695,006695,RECORDATI RARE,ORIG,1,AP,1949-03-15 00:00:00,7,PRIORITY,1949,data/raw/drugsatfda_data_files_1938_1964/Submissions_1938_1964.txt,https://www.accessdata.fda.gov/scripts/cder/daf/index.cfm?event=overview.process&varApplNo=006695,Verified - verbatim from official Drugs@FDA database extract,Official Drugs@FDA Submissions 1938-1964: Appl 006695 ORIG 1 status AP date 1949-03-15 00:00:00 class 7 priority PRIORITY
NDA006772,006772,GLAXOSMITHKLINE,ORIG,1,AP,1949-03-28 00:00:00,19,UNKNOWN,1949,data/raw/drugsatfda_data_files_1938_1964/Submissions_1938_1964.txt,https://www.accessdata.fda.gov/scripts/cder/daf/index.cfm?event=overview.process&varApplNo=006772,Verified - verbatim from official Drugs@FDA database extract,Official Drugs@FDA Submissions 1938-1964: Appl 006772 ORIG 1 status AP date 1949-03-28 00:00:00 class 19 priority UNKNOWN
NDA006882,006882,SANOFI AVENTIS US,ORIG,1,AP,1949-04-19 00:00:00,19,UNKNOWN,1949,data/raw/drugsatfda_data_files_1938_1964/Submissions_1938_1964.txt,https://www.accessdata.fda.gov/scripts/cder/daf/index.cfm?event=overview.process&varApplNo=006882,Verified - verbatim from official Drugs@FDA database extract,Official Drugs@FDA Submissions 1938-1964: Appl 006882 ORIG 1 status AP date 1949-04-19 00:00:00 class 19 priority UNKNOWN
NDA000767,000767,,ORIG,1,AP,1949-04-27 00:00:00,,,1949,data/raw/drugsatfda_data_files_1938_1964/Submissions_1938_1964.txt,https://www.accessdata.fda.gov/scripts/cder/daf/index.cfm?event=overview.process&varApplNo=000767,Verified - verbatim from official Drugs@FDA database extract,Official Drugs@FDA Submissions 1938-1964: Appl 000767 ORIG 1 status AP date 1949-04-27 00:00:00 class  priority 
NDA006773,006773,LEDERLE,ORIG,1,AP,1949-05-13 00:00:00,,,1949,data/raw/drugsatfda_data_files_1938_1964/Submissions_1938_1964.txt,https://www.accessdata.fda.gov/scripts/cder/daf/index.cfm?event=overview.process&varApplNo=006773,Verified - verbatim from official Drugs@FDA database extract,Official Drugs@FDA Submissions 1938-1964: Appl 006773 ORIG 1 status AP date 1949-05-13 00:00:00 class  priority 
NDA006823,006823,CASPER PHARMA LLC,ORIG,1,AP,1949-05-18 00:00:00,19,UNKNOWN,1949,data/raw/drugsatfda_data_files_1938_1964/Submissions_1938_1964.txt,https://www.accessdata.fda.gov/scripts/cder/daf/index.cfm?event=overview.process&varApplNo=006823,Verified - verbatim from official Drugs@FDA database extract,Official Drugs@FDA Submissions 1938-1964: Appl 006823 ORIG 1 status AP date 1949-05-18 00:00:00 class 19 priority UNKNOWN
NDA006800,006800,ABBVIE,ORIG,1,AP,1949-06-15 00:00:00,,,1949,data/raw/drugsatfda_data_files_1938_1964/Submissions_1938_1964.txt,https://www.accessdata.fda.gov/scripts/cder/daf/index.cfm?event=overview.process&varApplNo=006800,Verified - verbatim from official Drugs@FDA database extract,Official Drugs@FDA Submissions 1938-1964: Appl 006800 ORIG 1 status AP date 1949-06-15 00:00:00 class  priority 
NDA006911,006911,,ORIG,1,AP,1949-06-21 00:00:00,19,UNKNOWN,1949,data/raw/drugsatfda_data_files_1938_1964/Submissions_1938_1964.txt,https://www.accessdata.fda.gov/scripts/cder/daf/index.cfm?event=overview.process&varApplNo=006911,Verified - verbatim from official Drugs@FDA database extract,Official Drugs@FDA Submissions 1938-1964: Appl 006911 ORIG 1 status AP date 1949-06-21 00:00:00 class 19 priority UNKNOWN
NDA006927,006927,JOURNEY,ORIG,1,AP,1949-07-06 00:00:00,19,UNKNOWN,1949,data/raw/drugsatfda_data_files_1938_1964/Submissions_1938_1964.txt,https://www.accessdata.fda.gov/scripts/cder/daf/index.cfm?event=overview.process&varApplNo=006927,Verified - verbatim from official Drugs@FDA database extract,Official Drugs@FDA Submissions 1938-1964: Appl 006927 ORIG 1 status AP date 1949-07-06 00:00:00 class 19 priority UNKNOWN
NDA006921,006921,SCHERING,ORIG,1,AP,1949-07-13 00:00:00,19,UNKNOWN,1949,data/raw/drugsatfda_data_files_1938_1964/Submissions_1938_1964.txt,https://www.accessdata.fda.gov/scripts/cder/daf/index.cfm?event=overview.process&varApplNo=006921,Verified - verbatim from official Drugs@FDA database extract,Official Drugs@FDA Submissions 1938-1964: Appl 006921 ORIG 1 status AP date 1949-07-13 00:00:00 class 19 priority UNKNOWN
NDA006920,006920,LEDERLE,ORIG,1,AP,1949-08-16 00:00:00,15,STANDARD,1949,data/raw/drugsatfda_data_files_1938_1964/Submissions_1938_1964.txt,https://www.accessdata.fda.gov/scripts/cder/daf/index.cfm?event=overview.process&varApplNo=006920,Verified - verbatim from official Drugs@FDA database extract,Official Drugs@FDA Submissions 1938-1964: Appl 006920 ORIG 1 status AP date 1949-08-16 00:00:00 class 15 priority STANDARD
NDA007012,007012,BAYER HLTHCARE,ORIG,1,AP,1949-09-15 00:00:00,,,1949,data/raw/drugsatfda_data_files_1938_1964/Submissions_1938_1964.txt,https://www.accessdata.fda.gov/scripts/cder/daf/index.cfm?event=overview.process&varApplNo=007012,Verified - verbatim from official Drugs@FDA database extract,Official Drugs@FDA Submissions 1938-1964: Appl 007012 ORIG 1 status AP date 1949-09-15 00:00:00 class  priority 
NDA006002,006002,SANOFI AVENTIS US,ORIG,1,AP,1949-10-31 00:00:00,19,UNKNOWN,1949,data/raw/drugsatfda_data_files_1938_1964/Submissions_1938_1964.txt,https://www.accessdata.fda.gov/scripts/cder/daf/index.cfm?event=overview.process&varApplNo=006002,Verified - verbatim from official Drugs@FDA database extract,Official Drugs@FDA Submissions 1938-1964: Appl 006002 ORIG 1 status AP date 1949-10-31 00:00:00 class 19 priority UNKNOWN
NDA007067,007067,,ORIG,1,AP,1949-11-16 00:00:00,19,UNKNOWN,1949,data/raw/drugsatfda_data_files_1938_1964/Submissions_1938_1964.txt,https://www.accessdata.fda.gov/scripts/cder/daf/index.cfm?event=overview.process&varApplNo=007067,Verified - verbatim from official Drugs@FDA database extract,Official Drugs@FDA Submissions 1938-1964: Appl 007067 ORIG 1 status AP date 1949-11-16 00:00:00 class 19 priority UNKNOWN
NDA007085,007085,WARNER CHILCOTT,ORIG,1,AP,1949-12-06 00:00:00,19,UNKNOWN,1949,data/raw/drugsatfda_data_files_1938_1964/Submissions_1938_1964.txt,https://www.accessdata.fda.gov/scripts/cder/daf/index.cfm?event=overview.process&varApplNo=007085,Verified - verbatim from official Drugs@FDA database extract,Official Drugs@FDA Submissions 1938-1964: Appl 007085 ORIG 1 status AP date 1949-12-06 00:00:00 class 19 priority UNKNOWN
NDA060094,060094,,ORIG,1,AP,1950-01-12 00:00:00,,,1950,data/raw/drugsatfda_data_files_1938_1964/Submissions_1938_1964.txt,https://www.accessdata.fda.gov/scripts/cder/daf/index.cfm?event=overview.process&varApplNo=060094,Verified - verbatim from official Drugs@FDA database extract,Official Drugs@FDA Submissions 1938-1964: Appl 060094 ORIG 1 status AP date 1950-01-12 00:00:00 class  priority 
NDA007220,007220,,ORIG,1,AP,1950-01-18 00:00:00,,,1950,data/raw/drugsatfda_data_files_1938_1964/Submissions_1938_1964.txt,https://www.accessdata.fda.gov/scripts/cder/daf/index.cfm?event=overview.process&varApplNo=007220,Verified - verbatim from official Drugs@FDA database extract,Official Drugs@FDA Submissions 1938-1964: Appl 007220 ORIG 1 status AP date 1950-01-18 00:00:00 class  priority 
NDA050404,050404,LEDERLE,ORIG,1,AP,1950-01-23 00:00:00,19,UNKNOWN,1950,data/raw/drugsatfda_data_files_1938_1964/Submissions_1938_1964.txt,https://www.accessdata.fda.gov/scripts/cder/daf/index.cfm?event=overview.process&varApplNo=050404,Verified - verbatim from official Drugs@FDA database extract,Official Drugs@FDA Submissions 1938-1964: Appl 050404 ORIG 1 status AP date 1950-01-23 00:00:00 class 19 priority UNKNOWN
NDA050245,050245,,ORIG,1,AP,1950-02-02 00:00:00,,,1950,data/raw/drugsatfda_data_files_1938_1964/Submissions_1938_1964.txt,https://www.accessdata.fda.gov/scripts/cder/daf/index.cfm?event=overview.process&varApplNo=050245,Verified - verbatim from official Drugs@FDA database extract,Official Drugs@FDA Submissions 1938-1964: Appl 050245 ORIG 1 status AP date 1950-02-02 00:00:00 class  priority 
NDA007149,007149,,ORIG,1,AP,1950-03-02 00:00:00,,,1950,data/raw/drugsatfda_data_files_1938_1964/Submissions_1938_1964.txt,https://www.accessdata.fda.gov/scripts/cder/daf/index.cfm?event=overview.process&varApplNo=007149,Verified - verbatim from official Drugs@FDA database extract,Official Drugs@FDA Submissions 1938-1964: Appl 007149 ORIG 1 status AP date 1950-03-02 00:00:00 class  priority 
NDA007320,007320,CONSOLIDATED MIDLAND,ORIG,1,AP,1950-03-08 00:00:00,15,STANDARD,1950,data/raw/drugsatfda_data_files_1938_1964/Submissions_1938_1964.txt,https://www.accessdata.fda.gov/scripts/cder/daf/index.cfm?event=overview.process&varApplNo=007320,Verified - verbatim from official Drugs@FDA database extract,Official Drugs@FDA Submissions 1938-1964: Appl 007320 ORIG 1 status AP date 1950-03-08 00:00:00 class 15 priority STANDARD
NDA050404,050404,LEDERLE,SUPPL,2,AP,1950-03-31 00:00:00,3,,1950,data/raw/drugsatfda_data_files_1938_1964/Submissions_1938_1964.txt,https://www.accessdata.fda.gov/scripts/cder/daf/index.cfm?event=overview.process&varApplNo=050404,Verified - verbatim from official Drugs@FDA database extract,Official Drugs@FDA Submissions 1938-1964: Appl 050404 SUPPL 2 status AP date 1950-03-31 00:00:00 class 3 priority 
NDA050404,050404,LEDERLE,SUPPL,6,AP,1950-04-07 00:00:00,3,,1950,data/raw/drugsatfda_data_files_1938_1964/Submissions_1938_1964.txt,https://www.accessdata.fda.gov/scripts/cder/daf/index.cfm?event=overview.process&varApplNo=050404,Verified - verbatim from official Drugs@FDA database extract,Official Drugs@FDA Submissions 1938-1964: Appl 050404 SUPPL 6 status AP date 1950-04-07 00:00:00 class 3 priority 
NDA007337,007337,ENDO OPERATIONS,ORIG,1,AP,1950-04-12 00:00:00,14,STANDARD,1950,data/raw/drugsatfda_data_files_1938_1964/Submissions_1938_1964.txt,https://www.accessdata.fda.gov/scripts/cder/daf/index.cfm?event=overview.process&varApplNo=007337,Verified - verbatim from official Drugs@FDA database extract,Official Drugs@FDA Submissions 1938-1964: Appl 007337 ORIG 1 status AP date 1950-04-12 00:00:00 class 14 priority STANDARD
NDA007289,007289,,ORIG,1,AP,1950-04-17 00:00:00,,,1950,data/raw/drugsatfda_data_files_1938_1964/Submissions_1938_1964.txt,https://www.accessdata.fda.gov/scripts/cder/daf/index.cfm?event=overview.process&varApplNo=007289,Verified - verbatim from official Drugs@FDA database extract,Official Drugs@FDA Submissions 1938-1964: Appl 007289 ORIG 1 status AP date 1950-04-17 00:00:00 class  priority 
NDA007409,007409,ALLERGAN,ORIG,1,AP,1950-05-11 00:00:00,7,STANDARD,1950,data/raw/drugsatfda_data_files_1938_1964/Submissions_1938_1964.txt,https://www.accessdata.fda.gov/scripts/cder/daf/index.cfm?event=overview.process&varApplNo=007409,Verified - verbatim from official Drugs@FDA database extract,Official Drugs@FDA Submissions 1938-1964: Appl 007409 ORIG 1 status AP date 1950-05-11 00:00:00 class 7 priority STANDARD
NDA007335,007335,APOTHECON,ORIG,1,AP,1950-06-02 00:00:00,7,PRIORITY,1950,data/raw/drugsatfda_data_files_1938_1964/Submissions_1938_1964.txt,https://www.accessdata.fda.gov/scripts/cder/daf/index.cfm?event=overview.process&varApplNo=007335,Verified - verbatim from official Drugs@FDA database extract,Official Drugs@FDA Submissions 1938-1964: Appl 007335 ORIG 1 status AP date 1950-06-02 00:00:00 class 7 priority PRIORITY
NDA007110,007110,MERCK,ORIG,1,AP,1950-06-13 00:00:00,7,PRIORITY,1950,data/raw/drugsatfda_data_files_1938_1964/Submissions_1938_1964.txt,https://www.accessdata.fda.gov/scripts/cder/daf/index.cfm?event=overview.process&varApplNo=007110,Verified - verbatim from official Drugs@FDA database extract,Official Drugs@FDA Submissions 1938-1964: Appl 007110 ORIG 1 status AP date 1950-06-13 00:00:00 class 7 priority PRIORITY
NDA007514,007514,,ORIG,1,AP,1950-06-13 00:00:00,9,STANDARD,1950,data/raw/drugsatfda_data_files_1938_1964/Submissions_1938_1964.txt,https://www.accessdata.fda.gov/scripts/cder/daf/index.cfm?event=overview.process&varApplNo=007514,Verified - verbatim from official Drugs@FDA database extract,Official Drugs@FDA Submissions 1938-1964: Appl 007514 ORIG 1 status AP date 1950-06-13 00:00:00 class 9 priority STANDARD
NDA007073,007073,PFIZER,ORIG,1,AP,1950-06-20 00:00:00,7,PRIORITY,1950,data/raw/drugsatfda_data_files_1938_1964/Submissions_1938_1964.txt,https://www.accessdata.fda.gov/scripts/cder/daf/index.cfm?event=overview.process&varApplNo=007073,Verified - verbatim from official Drugs@FDA database extract,Official Drugs@FDA Submissions 1938-1964: Appl 007073 ORIG 1 status AP date 1950-06-20 00:00:00 class 7 priority PRIORITY
NDA007517,007517,KING PHARMS,ORIG,1,AP,1950-06-21 00:00:00,7,PRIORITY,1950,data/raw/drugsatfda_data_files_1938_1964/Submissions_1938_1964.txt,https://www.accessdata.fda.gov/scripts/cder/daf/index.cfm?event=overview.process&varApplNo=007517,Verified - verbatim from official Drugs@FDA database extract,Official Drugs@FDA Submissions 1938-1964: Appl 007517 ORIG 1 status AP date 1950-06-21 00:00:00 class 7 priority PRIORITY
NDA007504,007504,SANOFI AVENTIS US,ORIG,1,AP,1950-07-03 00:00:00,7,PRIORITY,1950,data/raw/drugsatfda_data_files_1938_1964/Submissions_1938_1964.txt,https://www.accessdata.fda.gov/scripts/cder/daf/index.cfm?event=overview.process&varApplNo=007504,Verified - verbatim from official Drugs@FDA database extract,Official Drugs@FDA Submissions 1938-1964: Appl 007504 ORIG 1 status AP date 1950-07-03 00:00:00 class 7 priority PRIORITY
NDA007518,007518,,ORIG,1,AP,1950-07-11 00:00:00,,,1950,data/raw/drugsatfda_data_files_1938_1964/Submissions_1938_1964.txt,https://www.accessdata.fda.gov/scripts/cder/daf/index.cfm?event=overview.process&varApplNo=007518,Verified - verbatim from official Drugs@FDA database extract,Official Drugs@FDA Submissions 1938-1964: Appl 007518 ORIG 1 status AP date 1950-07-11 00:00:00 class  priority 
NDA007529,007529,LILLY,ORIG,1,AP,1950-07-12 00:00:00,9,PRIORITY,1950,data/raw/drugsatfda_data_files_1938_1964/Submissions_1938_1964.txt,https://www.accessdata.fda.gov/scripts/cder/daf/index.cfm?event=overview.process&varApplNo=007529,Verified - verbatim from official Drugs@FDA database extract,Official Drugs@FDA Submissions 1938-1964: Appl 007529 ORIG 1 status AP date 1950-07-12 00:00:00 class 9 priority PRIORITY
NDA007513,007513,HOSPIRA,ORIG,1,AP,1950-07-13 00:00:00,7,PRIORITY,1950,data/raw/drugsatfda_data_files_1938_1964/Submissions_1938_1964.txt,https://www.accessdata.fda.gov/scripts/cder/daf/index.cfm?event=overview.process&varApplNo=007513,Verified - verbatim from official Drugs@FDA database extract,Official Drugs@FDA Submissions 1938-1964: Appl 007513 ORIG 1 status AP date 1950-07-13 00:00:00 class 7 priority PRIORITY
NDA007392,007392,LILLY,ORIG,1,AP,1950-07-19 00:00:00,9,STANDARD,1950,data/raw/drugsatfda_data_files_1938_1964/Submissions_1938_1964.txt,https://www.accessdata.fda.gov/scripts/cder/daf/index.cfm?event=overview.process&varApplNo=007392,Verified - verbatim from official Drugs@FDA database extract,Official Drugs@FDA Submissions 1938-1964: Appl 007392 ORIG 1 status AP date 1950-07-19 00:00:00 class 9 priority STANDARD
NDA007018,007018,,ORIG,1,AP,1950-07-31 00:00:00,19,UNKNOWN,1950,data/raw/drugsatfda_data_files_1938_1964/Submissions_1938_1964.txt,https://www.accessdata.fda.gov/scripts/cder/daf/index.cfm?event=overview.process&varApplNo=007018,Verified - verbatim from official Drugs@FDA database extract,Official Drugs@FDA Submissions 1938-1964: Appl 007018 ORIG 1 status AP date 1950-07-31 00:00:00 class 19 priority UNKNOWN
NDA007638,007638,BAYER HEALTHCARE LLC,ORIG,1,AP,1950-08-15 00:00:00,12,STANDARD,1950,data/raw/drugsatfda_data_files_1938_1964/Submissions_1938_1964.txt,https://www.accessdata.fda.gov/scripts/cder/daf/index.cfm?event=overview.process&varApplNo=007638,Verified - verbatim from official Drugs@FDA database extract,Official Drugs@FDA Submissions 1938-1964: Appl 007638 ORIG 1 status AP date 1950-08-15 00:00:00 class 12 priority STANDARD
NDA007678,007678,,ORIG,1,AP,1950-09-25 00:00:00,,,1950,data/raw/drugsatfda_data_files_1938_1964/Submissions_1938_1964.txt,https://www.accessdata.fda.gov/scripts/cder/daf/index.cfm?event=overview.process&varApplNo=007678,Verified - verbatim from official Drugs@FDA database extract,Official Drugs@FDA Submissions 1938-1964: Appl 007678 ORIG 1 status AP date 1950-09-25 00:00:00 class  priority 
NDA006799,006799,BRISTOL MYERS SQUIBB,ORIG,1,AP,1950-09-29 00:00:00,15,STANDARD,1950,data/raw/drugsatfda_data_files_1938_1964/Submissions_1938_1964.txt,https://www.accessdata.fda.gov/scripts/cder/daf/index.cfm?event=overview.process&varApplNo=006799,Verified - verbatim from official Drugs@FDA database extract,Official Drugs@FDA Submissions 1938-1964: Appl 006799 ORIG 1 status AP date 1950-09-29 00:00:00 class 15 priority STANDARD
NDA060286,060286,PFIZER,ORIG,1,AP,1950-11-01 00:00:00,,,1950,data/raw/drugsatfda_data_files_1938_1964/Submissions_1938_1964.txt,https://www.accessdata.fda.gov/scripts/cder/daf/index.cfm?event=overview.process&varApplNo=060286,Verified - verbatim from official Drugs@FDA database extract,Official Drugs@FDA Submissions 1938-1964: Appl 060286 ORIG 1 status AP date 1950-11-01 00:00:00 class  priority 
NDA006459,006459,LEDERLE,ORIG,1,AP,1950-11-13 00:00:00,19,UNKNOWN,1950,data/raw/drugsatfda_data_files_1938_1964/Submissions_1938_1964.txt,https://www.accessdata.fda.gov/scripts/cder/daf/index.cfm?event=overview.process&varApplNo=006459,Verified - verbatim from official Drugs@FDA database extract,Official Drugs@FDA Submissions 1938-1964: Appl 006459 ORIG 1 status AP date 1950-11-13 00:00:00 class 19 priority UNKNOWN
NDA007659,007659,,ORIG,1,AP,1950-11-17 00:00:00,15,STANDARD,1950,data/raw/drugsatfda_data_files_1938_1964/Submissions_1938_1964.txt,https://www.accessdata.fda.gov/scripts/cder/daf/index.cfm?event=overview.process&varApplNo=007659,Verified - verbatim from official Drugs@FDA database extract,Official Drugs@FDA Submissions 1938-1964: Appl 007659 ORIG 1 status AP date 1950-11-17 00:00:00 class 15 priority STANDARD
NDA007750,007750,MERCK,ORIG,1,AP,1950-12-04 00:00:00,12,STANDARD,1950,data/raw/drugsatfda_data_files_1938_1964/Submissions_1938_1964.txt,https://www.accessdata.fda.gov/scripts/cder/daf/index.cfm?event=overview.process&varApplNo=007750,Verified - verbatim from official Drugs@FDA database extract,Official Drugs@FDA Submissions 1938-1964: Appl 007750 ORIG 1 status AP date 1950-12-04 00:00:00 class 12 priority STANDARD
NDA060591,060591,,ORIG,1,AP,1950-12-08 00:00:00,,,1950,data/raw/drugsatfda_data_files_1938_1964/Submissions_1938_1964.txt,https://www.accessdata.fda.gov/scripts/cder/daf/index.cfm?event=overview.process&varApplNo=060591,Verified - verbatim from official Drugs@FDA database extract,Official Drugs@FDA Submissions 1938-1964: Appl 060591 ORIG 1 status AP date 1950-12-08 00:00:00 class  priority 
NDA050404,050404,LEDERLE,SUPPL,7,AP,1951-01-02 00:00:00,4,,1951,data/raw/drugsatfda_data_files_1938_1964/Submissions_1938_1964.txt,https://www.accessdata.fda.gov/scripts/cder/daf/index.cfm?event=overview.process&varApplNo=050404,Verified - verbatim from official Drugs@FDA database extract,Official Drugs@FDA Submissions 1938-1964: Appl 050404 SUPPL 7 status AP date 1951-01-02 00:00:00 class 4 priority 
NDA007794,007794,TEVA,ORIG,1,AP,1951-03-07 00:00:00,7,STANDARD,1951,data/raw/drugsatfda_data_files_1938_1964/Submissions_1938_1964.txt,https://www.accessdata.fda.gov/scripts/cder/daf/index.cfm?event=overview.process&varApplNo=007794,Verified - verbatim from official Drugs@FDA database extract,Official Drugs@FDA Submissions 1938-1964: Appl 007794 ORIG 1 status AP date 1951-03-07 00:00:00 class 7 priority STANDARD
NDA007935,007935,DELCOR ASSET CORP,ORIG,1,AP,1951-03-29 00:00:00,12,STANDARD,1951,data/raw/drugsatfda_data_files_1938_1964/Submissions_1938_1964.txt,https://www.accessdata.fda.gov/scripts/cder/daf/index.cfm?event=overview.process&varApplNo=007935,Verified - verbatim from official Drugs@FDA database extract,Official Drugs@FDA Submissions 1938-1964: Appl 007935 ORIG 1 status AP date 1951-03-29 00:00:00 class 12 priority STANDARD
NDA007898,007898,MERCK,ORIG,1,AP,1951-04-26 00:00:00,7,PRIORITY,1951,data/raw/drugsatfda_data_files_1938_1964/Submissions_1938_1964.txt,https://www.accessdata.fda.gov/scripts/cder/daf/index.cfm?event=overview.process&varApplNo=007898,Verified - verbatim from official Drugs@FDA database extract,Official Drugs@FDA Submissions 1938-1964: Appl 007898 ORIG 1 status AP date 1951-04-26 00:00:00 class 7 priority PRIORITY
NDA007961,007961,APTALIS PHARMA US,ORIG,1,AP,1951-04-30 00:00:00,12,STANDARD,1951,data/raw/drugsatfda_data_files_1938_1964/Submissions_1938_1964.txt,https://www.accessdata.fda.gov/scripts/cder/daf/index.cfm?event=overview.process&varApplNo=007961,Verified - verbatim from official Drugs@FDA database extract,Official Drugs@FDA Submissions 1938-1964: Appl 007961 ORIG 1 status AP date 1951-04-30 00:00:00 class 12 priority STANDARD
NDA007959,007959,PAI HOLDINGS PHARM,ORIG,1,AP,1951-05-03 00:00:00,7,PRIORITY,1951,data/raw/drugsatfda_data_files_1938_1964/Submissions_1938_1964.txt,https://www.accessdata.fda.gov/scripts/cder/daf/index.cfm?event=overview.process&varApplNo=007959,Verified - verbatim from official Drugs@FDA database extract,Official Drugs@FDA Submissions 1938-1964: Appl 007959 ORIG 1 status AP date 1951-05-03 00:00:00 class 7 priority PRIORITY
NDA007936,007936,CHATTEM,ORIG,1,AP,1951-05-17 00:00:00,12,STANDARD,1951,data/raw/drugsatfda_data_files_1938_1964/Submissions_1938_1964.txt,https://www.accessdata.fda.gov/scripts/cder/daf/index.cfm?event=overview.process&varApplNo=007936,Verified - verbatim from official Drugs@FDA database extract,Official Drugs@FDA Submissions 1938-1964: Appl 007936 ORIG 1 status AP date 1951-05-17 00:00:00 class 12 priority STANDARD
NDA008048,008048,ASTRAZENECA,ORIG,1,AP,1951-05-17 00:00:00,9,STANDARD,1951,data/raw/drugsatfda_data_files_1938_1964/Submissions_1938_1964.txt,https://www.accessdata.fda.gov/scripts/cder/daf/index.cfm?event=overview.process&varApplNo=008048,Verified - verbatim from official Drugs@FDA database extract,Official Drugs@FDA Submissions 1938-1964: Appl 008048 ORIG 1 status AP date 1951-05-17 00:00:00 class 9 priority STANDARD
NDA050143,050143,PARKEDALE,ORIG,1,AP,1951-06-01 00:00:00,,,1951,data/raw/drugsatfda_data_files_1938_1964/Submissions_1938_1964.txt,https://www.accessdata.fda.gov/scripts/cder/daf/index.cfm?event=overview.process&varApplNo=050143,Verified - verbatim from official Drugs@FDA database extract,Official Drugs@FDA Submissions 1938-1964: Appl 050143 ORIG 1 status AP date 1951-06-01 00:00:00 class  priority 
NDA050156,050156,PARKEDALE,ORIG,1,AP,1951-06-01 00:00:00,,,1951,data/raw/drugsatfda_data_files_1938_1964/Submissions_1938_1964.txt,https://www.accessdata.fda.gov/scripts/cder/daf/index.cfm?event=overview.process&varApplNo=050156,Verified - verbatim from official Drugs@FDA database extract,Official Drugs@FDA Submissions 1938-1964: Appl 050156 ORIG 1 status AP date 1951-06-01 00:00:00 class  priority 
NDA007942,007942,FOREST LABS,ORIG,1,AP,1951-06-08 00:00:00,15,STANDARD,1951,data/raw/drugsatfda_data_files_1938_1964/Submissions_1938_1964.txt,https://www.accessdata.fda.gov/scripts/cder/daf/index.cfm?event=overview.process&varApplNo=007942,Verified - verbatim from official Drugs@FDA database extract,Official Drugs@FDA Submissions 1938-1964: Appl 007942 ORIG 1 status AP date 1951-06-08 00:00:00 class 15 priority STANDARD
NDA008021,008021,,ORIG,1,AP,1951-06-22 00:00:00,,,1951,data/raw/drugsatfda_data_files_1938_1964/Submissions_1938_1964.txt,https://www.accessdata.fda.gov/scripts/cder/daf/index.cfm?event=overview.process&varApplNo=008021,Verified - verbatim from official Drugs@FDA database extract,Official Drugs@FDA Submissions 1938-1964: Appl 008021 ORIG 1 status AP date 1951-06-22 00:00:00 class  priority 
NDA007707,007707,ABBVIE,ORIG,1,AP,1951-06-28 00:00:00,7,PRIORITY,1951,data/raw/drugsatfda_data_files_1938_1964/Submissions_1938_1964.txt,https://www.accessdata.fda.gov/scripts/cder/daf/index.cfm?event=overview.process&varApplNo=007707,Verified - verbatim from official Drugs@FDA database extract,Official Drugs@FDA Submissions 1938-1964: Appl 007707 ORIG 1 status AP date 1951-06-28 00:00:00 class 7 priority PRIORITY
NDA007390,007390,SHIRE,ORIG,1,AP,1951-07-03 00:00:00,7,STANDARD,1951,data/raw/drugsatfda_data_files_1938_1964/Submissions_1938_1964.txt,https://www.accessdata.fda.gov/scripts/cder/daf/index.cfm?event=overview.process&varApplNo=007390,Verified - verbatim from official Drugs@FDA database extract,Official Drugs@FDA Submissions 1938-1964: Appl 007390 ORIG 1 status AP date 1951-07-03 00:00:00 class 7 priority STANDARD
NDA060097,060097,,ORIG,1,AP,1951-07-10 00:00:00,,,1951,data/raw/drugsatfda_data_files_1938_1964/Submissions_1938_1964.txt,https://www.accessdata.fda.gov/scripts/cder/daf/index.cfm?event=overview.process&varApplNo=060097,Verified - verbatim from official Drugs@FDA database extract,Official Drugs@FDA Submissions 1938-1964: Appl 060097 ORIG 1 status AP date 1951-07-10 00:00:00 class  priority 
NDA050251,050251,,ORIG,1,AP,1951-07-12 00:00:00,,,1951,data/raw/drugsatfda_data_files_1938_1964/Submissions_1938_1964.txt,https://www.accessdata.fda.gov/scripts/cder/daf/index.cfm?event=overview.process&varApplNo=050251,Verified - verbatim from official Drugs@FDA database extract,Official Drugs@FDA Submissions 1938-1964: Appl 050251 ORIG 1 status AP date 1951-07-12 00:00:00 class  priority 
NDA008032,008032,GE HEALTHCARE,ORIG,1,AP,1951-07-16 00:00:00,7,PRIORITY,1951,data/raw/drugsatfda_data_files_1938_1964/Submissions_1938_1964.txt,https://www.accessdata.fda.gov/scripts/cder/daf/index.cfm?event=overview.process&varApplNo=008032,Verified - verbatim from official Drugs@FDA database extract,Official Drugs@FDA Submissions 1938-1964: Appl 008032 ORIG 1 status AP date 1951-07-16 00:00:00 class 7 priority PRIORITY
NDA050251,050251,,SUPPL,2,AP,1951-07-18 00:00:00,3,,1951,data/raw/drugsatfda_data_files_1938_1964/Submissions_1938_1964.txt,https://www.accessdata.fda.gov/scripts/cder/daf/index.cfm?event=overview.process&varApplNo=050251,Verified - verbatim from official Drugs@FDA database extract,Official Drugs@FDA Submissions 1938-1964: Appl 050251 SUPPL 2 status AP date 1951-07-18 00:00:00 class 3 priority 
NDA008082,008082,,ORIG,1,AP,1951-07-31 00:00:00,14,STANDARD,1951,data/raw/drugsatfda_data_files_1938_1964/Submissions_1938_1964.txt,https://www.accessdata.fda.gov/scripts/cder/daf/index.cfm?event=overview.process&varApplNo=008082,Verified - verbatim from official Drugs@FDA database extract,Official Drugs@FDA Submissions 1938-1964: Appl 008082 ORIG 1 status AP date 1951-07-31 00:00:00 class 14 priority STANDARD
NDA007919,007919,,ORIG,1,AP,1951-08-13 00:00:00,,,1951,data/raw/drugsatfda_data_files_1938_1964/Submissions_1938_1964.txt,https://www.accessdata.fda.gov/scripts/cder/daf/index.cfm?event=overview.process&varApplNo=007919,Verified - verbatim from official Drugs@FDA database extract,Official Drugs@FDA Submissions 1938-1964: Appl 007919 ORIG 1 status AP date 1951-08-13 00:00:00 class  priority 
NDA007883,007883,TEVA WOMENS,ORIG,1,AP,1951-08-28 00:00:00,7,PRIORITY,1951,data/raw/drugsatfda_data_files_1938_1964/Submissions_1938_1964.txt,https://www.accessdata.fda.gov/scripts/cder/daf/index.cfm?event=overview.process&varApplNo=007883,Verified - verbatim from official Drugs@FDA database extract,Official Drugs@FDA Submissions 1938-1964: Appl 007883 ORIG 1 status AP date 1951-08-28 00:00:00 class 7 priority PRIORITY
NDA060587,060587,PFIZER,ORIG,1,AP,1951-09-13 00:00:00,,,1951,data/raw/drugsatfda_data_files_1938_1964/Submissions_1938_1964.txt,https://www.accessdata.fda.gov/scripts/cder/daf/index.cfm?event=overview.process&varApplNo=060587,Verified - verbatim from official Drugs@FDA database extract,Official Drugs@FDA Submissions 1938-1964: Appl 060587 ORIG 1 status AP date 1951-09-13 00:00:00 class  priority 
NDA008176,008176,,ORIG,1,AP,1951-10-26 00:00:00,,,1951,data/raw/drugsatfda_data_files_1938_1964/Submissions_1938_1964.txt,https://www.accessdata.fda.gov/scripts/cder/daf/index.cfm?event=overview.process&varApplNo=008176,Verified - verbatim from official Drugs@FDA database extract,Official Drugs@FDA Submissions 1938-1964: Appl 008176 ORIG 1 status AP date 1951-10-26 00:00:00 class  priority 
NDA008126,008126,PHARMACIA AND UPJOHN,ORIG,1,AP,1951-11-02 00:00:00,15,STANDARD,1951,data/raw/drugsatfda_data_files_1938_1964/Submissions_1938_1964.txt,https://www.accessdata.fda.gov/scripts/cder/daf/index.cfm?event=overview.process&varApplNo=008126,Verified - verbatim from official Drugs@FDA database extract,Official Drugs@FDA Submissions 1938-1964: Appl 008126 ORIG 1 status AP date 1951-11-02 00:00:00 class 15 priority STANDARD
NDA050126,050126,WYETH AYERST,ORIG,1,AP,1951-11-22 00:00:00,19,UNKNOWN,1951,data/raw/drugsatfda_data_files_1938_1964/Submissions_1938_1964.txt,https://www.accessdata.fda.gov/scripts/cder/daf/index.cfm?event=overview.process&varApplNo=050126,Verified - verbatim from official Drugs@FDA database extract,Official Drugs@FDA Submissions 1938-1964: Appl 050126 ORIG 1 status AP date 1951-11-22 00:00:00 class 19 priority UNKNOWN
NDA008228,008228,MERCK,ORIG,1,AP,1951-12-21 00:00:00,9,STANDARD,1951,data/raw/drugsatfda_data_files_1938_1964/Submissions_1938_1964.txt,https://www.accessdata.fda.gov/scripts/cder/daf/index.cfm?event=overview.process&varApplNo=008228,Verified - verbatim from official Drugs@FDA database extract,Official Drugs@FDA Submissions 1938-1964: Appl 008228 ORIG 1 status AP date 1951-12-21 00:00:00 class 9 priority STANDARD
NDA008256,008256,,ORIG,1,AP,1951-12-21 00:00:00,12,STANDARD,1951,data/raw/drugsatfda_data_files_1938_1964/Submissions_1938_1964.txt,https://www.accessdata.fda.gov/scripts/cder/daf/index.cfm?event=overview.process&varApplNo=008256,Verified - verbatim from official Drugs@FDA database extract,Official Drugs@FDA Submissions 1938-1964: Appl 008256 ORIG 1 status AP date 1951-12-21 00:00:00 class 12 priority STANDARD
NDA008248,008248,BAXTER HLTHCARE CORP,ORIG,1,AP,1951-12-29 00:00:00,12,STANDARD,1951,data/raw/drugsatfda_data_files_1938_1964/Submissions_1938_1964.txt,https://www.accessdata.fda.gov/scripts/cder/daf/index.cfm?event=overview.process&varApplNo=008248,Verified - verbatim from official Drugs@FDA database extract,Official Drugs@FDA Submissions 1938-1964: Appl 008248 ORIG 1 status AP date 1951-12-29 00:00:00 class 12 priority STANDARD
NDA008284,008284,PANRAY,ORIG,1,AP,1952-01-14 00:00:00,15,STANDARD,1952,data/raw/drugsatfda_data_files_1938_1964/Submissions_1938_1964.txt,https://www.accessdata.fda.gov/scripts/cder/daf/index.cfm?event=overview.process&varApplNo=008284,Verified - verbatim from official Drugs@FDA database extract,Official Drugs@FDA Submissions 1938-1964: Appl 008284 ORIG 1 status AP date 1952-01-14 00:00:00 class 15 priority STANDARD
NDA007871,007871,,ORIG,1,AP,1952-01-16 00:00:00,,,1952,data/raw/drugsatfda_data_files_1938_1964/Submissions_1938_1964.txt,https://www.accessdata.fda.gov/scripts/cder/daf/index.cfm?event=overview.process&varApplNo=007871,Verified - verbatim from official Drugs@FDA database extract,Official Drugs@FDA Submissions 1938-1964: Appl 007871 ORIG 1 status AP date 1952-01-16 00:00:00 class  priority 
NDA008306,008306,ANI PHARMS,ORIG,1,AP,1952-01-21 00:00:00,14,STANDARD,1952,data/raw/drugsatfda_data_files_1938_1964/Submissions_1938_1964.txt,https://www.accessdata.fda.gov/scripts/cder/daf/index.cfm?event=overview.process&varApplNo=008306,Verified - verbatim from official Drugs@FDA database extract,Official Drugs@FDA Submissions 1938-1964: Appl 008306 ORIG 1 status AP date 1952-01-21 00:00:00 class 14 priority STANDARD
NDA008316,008316,SANOFI AVENTIS US,ORIG,1,AP,1952-01-23 00:00:00,15,STANDARD,1952,data/raw/drugsatfda_data_files_1938_1964/Submissions_1938_1964.txt,https://www.accessdata.fda.gov/scripts/cder/daf/index.cfm?event=overview.process&varApplNo=008316,Verified - verbatim from official Drugs@FDA database extract,Official Drugs@FDA Submissions 1938-1964: Appl 008316 ORIG 1 status AP date 1952-01-23 00:00:00 class 15 priority STANDARD
NDA008279,008279,,ORIG,1,AP,1952-01-24 00:00:00,7,PRIORITY,1952,data/raw/drugsatfda_data_files_1938_1964/Submissions_1938_1964.txt,https://www.accessdata.fda.gov/scripts/cder/daf/index.cfm?event=overview.process&varApplNo=008279,Verified - verbatim from official Drugs@FDA database extract,Official Drugs@FDA Submissions 1938-1964: Appl 008279 ORIG 1 status AP date 1952-01-24 00:00:00 class 7 priority PRIORITY
NDA008070,008070,,ORIG,1,AP,1952-01-29 00:00:00,,,1952,data/raw/drugsatfda_data_files_1938_1964/Submissions_1938_1964.txt,https://www.accessdata.fda.gov/scripts/cder/daf/index.cfm?event=overview.process&varApplNo=008070,Verified - verbatim from official Drugs@FDA database extract,Official Drugs@FDA Submissions 1938-1964: Appl 008070 ORIG 1 status AP date 1952-01-29 00:00:00 class  priority 
NDA008278,008278,NOVARTIS,ORIG,1,AP,1952-01-30 00:00:00,7,PRIORITY,1952,data/raw/drugsatfda_data_files_1938_1964/Submissions_1938_1964.txt,https://www.accessdata.fda.gov/scripts/cder/daf/index.cfm?event=overview.process&varApplNo=008278,Verified - verbatim from official Drugs@FDA database extract,Official Drugs@FDA Submissions 1938-1964: Appl 008278 ORIG 1 status AP date 1952-01-30 00:00:00 class 7 priority PRIORITY
NDA060111,060111,PFIZER,ORIG,1,AP,1952-02-12 00:00:00,,,1952,data/raw/drugsatfda_data_files_1938_1964/Submissions_1938_1964.txt,https://www.accessdata.fda.gov/scripts/cder/daf/index.cfm?event=overview.process&varApplNo=060111,Verified - verbatim from official Drugs@FDA database extract,Official Drugs@FDA Submissions 1938-1964: Appl 060111 ORIG 1 status AP date 1952-02-12 00:00:00 class  priority 
NDA050404,050404,LEDERLE,SUPPL,8,AP,1952-03-11 00:00:00,4,,1952,data/raw/drugsatfda_data_files_1938_1964/Submissions_1938_1964.txt,https://www.accessdata.fda.gov/scripts/cder/daf/index.cfm?event=overview.process&varApplNo=050404,Verified - verbatim from official Drugs@FDA database extract,Official Drugs@FDA Submissions 1938-1964: Appl 050404 SUPPL 8 status AP date 1952-03-11 00:00:00 class 4 priority 
NDA008317,008317,PARKEDALE,ORIG,1,AP,1952-03-14 00:00:00,15,STANDARD,1952,data/raw/drugsatfda_data_files_1938_1964/Submissions_1938_1964.txt,https://www.accessdata.fda.gov/scripts/cder/daf/index.cfm?event=overview.process&varApplNo=008317,Verified - verbatim from official Drugs@FDA database extract,Official Drugs@FDA Submissions 1938-1964: Appl 008317 ORIG 1 status AP date 1952-03-14 00:00:00 class 15 priority STANDARD
NDA008160,008160,,ORIG,1,AP,1952-04-09 00:00:00,14,STANDARD,1952,data/raw/drugsatfda_data_files_1938_1964/Submissions_1938_1964.txt,https://www.accessdata.fda.gov/scripts/cder/daf/index.cfm?event=overview.process&varApplNo=008160,Verified - verbatim from official Drugs@FDA database extract,Official Drugs@FDA Submissions 1938-1964: Appl 008160 ORIG 1 status AP date 1952-04-09 00:00:00 class 14 priority STANDARD
NDA008381,008381,ANI PHARMS,ORIG,1,AP,1952-04-11 00:00:00,9,STANDARD,1952,data/raw/drugsatfda_data_files_1938_1964/Submissions_1938_1964.txt,https://www.accessdata.fda.gov/scripts/cder/daf/index.cfm?event=overview.process&varApplNo=008381,Verified - verbatim from official Drugs@FDA database extract,Official Drugs@FDA Submissions 1938-1964: Appl 008381 ORIG 1 status AP date 1952-04-11 00:00:00 class 9 priority STANDARD
NDA008326,008326,,ORIG,1,AP,1952-04-14 00:00:00,,,1952,data/raw/drugsatfda_data_files_1938_1964/Submissions_1938_1964.txt,https://www.accessdata.fda.gov/scripts/cder/daf/index.cfm?event=overview.process&varApplNo=008326,Verified - verbatim from official Drugs@FDA database extract,Official Drugs@FDA Submissions 1938-1964: Appl 008326 ORIG 1 status AP date 1952-04-14 00:00:00 class  priority 
NDA008372,008372,MALLINCKRODT IRELAND,ORIG,1,AP,1952-04-29 00:00:00,15,STANDARD,1952,data/raw/drugsatfda_data_files_1938_1964/Submissions_1938_1964.txt,https://www.accessdata.fda.gov/scripts/cder/daf/index.cfm?event=overview.process&varApplNo=008372,Verified - verbatim from official Drugs@FDA database extract,Official Drugs@FDA Submissions 1938-1964: Appl 008372 ORIG 1 status AP date 1952-04-29 00:00:00 class 15 priority STANDARD
NDA008418,008418,,ORIG,1,AP,1952-05-12 00:00:00,,,1952,data/raw/drugsatfda_data_files_1938_1964/Submissions_1938_1964.txt,https://www.accessdata.fda.gov/scripts/cder/daf/index.cfm?event=overview.process&varApplNo=008418,Verified - verbatim from official Drugs@FDA database extract,Official Drugs@FDA Submissions 1938-1964: Appl 008418 ORIG 1 status AP date 1952-05-12 00:00:00 class  priority 
NDA008362,008362,,ORIG,1,AP,1952-05-15 00:00:00,,,1952,data/raw/drugsatfda_data_files_1938_1964/Submissions_1938_1964.txt,https://www.accessdata.fda.gov/scripts/cder/daf/index.cfm?event=overview.process&varApplNo=008362,Verified - verbatim from official Drugs@FDA database extract,Official Drugs@FDA Submissions 1938-1964: Appl 008362 ORIG 1 status AP date 1952-05-15 00:00:00 class  priority 
NDA060062,060062,,ORIG,1,AP,1952-05-19 00:00:00,,,1952,data/raw/drugsatfda_data_files_1938_1964/Submissions_1938_1964.txt,https://www.accessdata.fda.gov/scripts/cder/daf/index.cfm?event=overview.process&varApplNo=060062,Verified - verbatim from official Drugs@FDA database extract,Official Drugs@FDA Submissions 1938-1964: Appl 060062 ORIG 1 status AP date 1952-05-19 00:00:00 class  priority 
NDA008328,008328,,ORIG,1,AP,1952-05-20 00:00:00,,,1952,data/raw/drugsatfda_data_files_1938_1964/Submissions_1938_1964.txt,https://www.accessdata.fda.gov/scripts/cder/daf/index.cfm?event=overview.process&varApplNo=008328,Verified - verbatim from official Drugs@FDA database extract,Official Drugs@FDA Submissions 1938-1964: Appl 008328 ORIG 1 status AP date 1952-05-20 00:00:00 class  priority 
NDA008107,008107,HOSPIRA,ORIG,1,AP,1952-06-20 00:00:00,7,PRIORITY,1952,data/raw/drugsatfda_data_files_1938_1964/Submissions_1938_1964.txt,https://www.accessdata.fda.gov/scripts/cder/daf/index.cfm?event=overview.process&varApplNo=008107,Verified - verbatim from official Drugs@FDA database extract,Official Drugs@FDA Submissions 1938-1964: Appl 008107 ORIG 1 status AP date 1952-06-20 00:00:00 class 7 priority PRIORITY
NDA008167,008167,,ORIG,1,AP,1952-06-25 00:00:00,,,1952,data/raw/drugsatfda_data_files_1938_1964/Submissions_1938_1964.txt,https://www.accessdata.fda.gov/scripts/cder/daf/index.cfm?event=overview.process&varApplNo=008167,Verified - verbatim from official Drugs@FDA database extract,Official Drugs@FDA Submissions 1938-1964: Appl 008167 ORIG 1 status AP date 1952-06-25 00:00:00 class  priority 
NDA050141,050141,KING PHARMS LLC,ORIG,1,AP,1952-06-27 00:00:00,19,UNKNOWN,1952,data/raw/drugsatfda_data_files_1938_1964/Submissions_1938_1964.txt,https://www.accessdata.fda.gov/scripts/cder/daf/index.cfm?event=overview.process&varApplNo=050141,Verified - verbatim from official Drugs@FDA database extract,Official Drugs@FDA Submissions 1938-1964: Appl 050141 ORIG 1 status AP date 1952-06-27 00:00:00 class 19 priority UNKNOWN
NDA008506,008506,MERCK,ORIG,1,AP,1952-08-05 00:00:00,11,PRIORITY,1952,data/raw/drugsatfda_data_files_1938_1964/Submissions_1938_1964.txt,https://www.accessdata.fda.gov/scripts/cder/daf/index.cfm?event=overview.process&varApplNo=008506,Verified - verbatim from official Drugs@FDA database extract,Official Drugs@FDA Submissions 1938-1964: Appl 008506 ORIG 1 status AP date 1952-08-05 00:00:00 class 11 priority PRIORITY
NDA007663,007663,,ORIG,1,AP,1952-08-11 00:00:00,9,PRIORITY,1952,data/raw/drugsatfda_data_files_1938_1964/Submissions_1938_1964.txt,https://www.accessdata.fda.gov/scripts/cder/daf/index.cfm?event=overview.process&varApplNo=007663,Verified - verbatim from official Drugs@FDA database extract,Official Drugs@FDA Submissions 1938-1964: Appl 007663 ORIG 1 status AP date 1952-08-11 00:00:00 class 9 priority PRIORITY
NDA008370,008370,ABBVIE,ORIG,1,AP,1952-08-13 00:00:00,12,STANDARD,1952,data/raw/drugsatfda_data_files_1938_1964/Submissions_1938_1964.txt,https://www.accessdata.fda.gov/scripts/cder/daf/index.cfm?event=overview.process&varApplNo=008370,Verified - verbatim from official Drugs@FDA database extract,Official Drugs@FDA Submissions 1938-1964: Appl 008370 ORIG 1 status AP date 1952-08-13 00:00:00 class 12 priority STANDARD
NDA008453,008453,SANDOZ,ORIG,1,AP,1952-08-20 00:00:00,7,PRIORITY,1952,data/raw/drugsatfda_data_files_1938_1964/Submissions_1938_1964.txt,https://www.accessdata.fda.gov/scripts/cder/daf/index.cfm?event=overview.process&varApplNo=008453,Verified - verbatim from official Drugs@FDA database extract,Official Drugs@FDA Submissions 1938-1964: Appl 008453 ORIG 1 status AP date 1952-08-20 00:00:00 class 7 priority PRIORITY
NDA008536,008536,,ORIG,1,AP,1952-08-29 00:00:00,,,1952,data/raw/drugsatfda_data_files_1938_1964/Submissions_1938_1964.txt,https://www.accessdata.fda.gov/scripts/cder/daf/index.cfm?event=overview.process&varApplNo=008536,Verified - verbatim from official Drugs@FDA database extract,Official Drugs@FDA Submissions 1938-1964: Appl 008536 ORIG 1 status AP date 1952-08-29 00:00:00 class  priority 
NDA008595,008595,,ORIG,1,AP,1952-09-05 00:00:00,14,STANDARD,1952,data/raw/drugsatfda_data_files_1938_1964/Submissions_1938_1964.txt,https://www.accessdata.fda.gov/scripts/cder/daf/index.cfm?event=overview.process&varApplNo=008595,Verified - verbatim from official Drugs@FDA database extract,Official Drugs@FDA Submissions 1938-1964: Appl 008595 ORIG 1 status AP date 1952-09-05 00:00:00 class 14 priority STANDARD
NDA050156,050156,PARKEDALE,SUPPL,3,AP,1952-09-09 00:00:00,4,,1952,data/raw/drugsatfda_data_files_1938_1964/Submissions_1938_1964.txt,https://www.accessdata.fda.gov/scripts/cder/daf/index.cfm?event=overview.process&varApplNo=050156,Verified - verbatim from official Drugs@FDA database extract,Official Drugs@FDA Submissions 1938-1964: Appl 050156 SUPPL 3 status AP date 1952-09-09 00:00:00 class 4 priority 
NDA008564,008564,,ORIG,1,AP,1952-09-19 00:00:00,,,1952,data/raw/drugsatfda_data_files_1938_1964/Submissions_1938_1964.txt,https://www.accessdata.fda.gov/scripts/cder/daf/index.cfm?event=overview.process&varApplNo=008564,Verified - verbatim from official Drugs@FDA database extract,Official Drugs@FDA Submissions 1938-1964: Appl 008564 ORIG 1 status AP date 1952-09-19 00:00:00 class  priority 
NDA008592,008592,EASTMAN KODAK,ORIG,1,AP,1952-09-19 00:00:00,8,STANDARD,1952,data/raw/drugsatfda_data_files_1938_1964/Submissions_1938_1964.txt,https://www.accessdata.fda.gov/scripts/cder/daf/index.cfm?event=overview.process&varApplNo=008592,Verified - verbatim from official Drugs@FDA database extract,Official Drugs@FDA Submissions 1938-1964: Appl 008592 ORIG 1 status AP date 1952-09-19 00:00:00 class 8 priority STANDARD
NDA008662,008662,SANDOZ,ORIG,1,AP,1952-09-29 00:00:00,12,STANDARD,1952,data/raw/drugsatfda_data_files_1938_1964/Submissions_1938_1964.txt,https://www.accessdata.fda.gov/scripts/cder/daf/index.cfm?event=overview.process&varApplNo=008662,Verified - verbatim from official Drugs@FDA database extract,Official Drugs@FDA Submissions 1938-1964: Appl 008662 ORIG 1 status AP date 1952-09-29 00:00:00 class 12 priority STANDARD
NDA061087,061087,,ORIG,1,AP,1952-10-20 00:00:00,,,1952,data/raw/drugsatfda_data_files_1938_1964/Submissions_1938_1964.txt,https://www.accessdata.fda.gov/scripts/cder/daf/index.cfm?event=overview.process&varApplNo=061087,Verified - verbatim from official Drugs@FDA database extract,Official Drugs@FDA Submissions 1938-1964: Appl 061087 ORIG 1 status AP date 1952-10-20 00:00:00 class  priority 
NDA008173,008173,VALEANT PHARM INTL,ORIG,1,AP,1952-11-10 00:00:00,7,PRIORITY,1952,data/raw/drugsatfda_data_files_1938_1964/Submissions_1938_1964.txt,https://www.accessdata.fda.gov/scripts/cder/daf/index.cfm?event=overview.process&varApplNo=008173,Verified - verbatim from official Drugs@FDA database extract,Official Drugs@FDA Submissions 1938-1964: Appl 008173 ORIG 1 status AP date 1952-11-10 00:00:00 class 7 priority PRIORITY
NDA008655,008655,,ORIG,1,AP,1952-11-10 00:00:00,,,1952,data/raw/drugsatfda_data_files_1938_1964/Submissions_1938_1964.txt,https://www.accessdata.fda.gov/scripts/cder/daf/index.cfm?event=overview.process&varApplNo=008655,Verified - verbatim from official Drugs@FDA database extract,Official Drugs@FDA Submissions 1938-1964: Appl 008655 ORIG 1 status AP date 1952-11-10 00:00:00 class  priority 
NDA008678,008678,EPIC PHARMA LLC,ORIG,1,AP,1952-11-17 00:00:00,15,STANDARD,1952,data/raw/drugsatfda_data_files_1938_1964/Submissions_1938_1964.txt,https://www.accessdata.fda.gov/scripts/cder/daf/index.cfm?event=overview.process&varApplNo=008678,Verified - verbatim from official Drugs@FDA database extract,Official Drugs@FDA Submissions 1938-1964: Appl 008678 ORIG 1 status AP date 1952-11-17 00:00:00 class 15 priority STANDARD
NDA050141,050141,KING PHARMS LLC,SUPPL,16,AP,1952-12-05 00:00:00,3,,1952,data/raw/drugsatfda_data_files_1938_1964/Submissions_1938_1964.txt,https://www.accessdata.fda.gov/scripts/cder/daf/index.cfm?event=overview.process&varApplNo=050141,Verified - verbatim from official Drugs@FDA database extract,Official Drugs@FDA Submissions 1938-1964: Appl 050141 SUPPL 16 status AP date 1952-12-05 00:00:00 class 3 priority 
NDA050141,050141,KING PHARMS LLC,SUPPL,15,AP,1952-12-05 00:00:00,3,,1952,data/raw/drugsatfda_data_files_1938_1964/Submissions_1938_1964.txt,https://www.accessdata.fda.gov/scripts/cder/daf/index.cfm?event=overview.process&varApplNo=050141,Verified - verbatim from official Drugs@FDA database extract,Official Drugs@FDA Submissions 1938-1964: Appl 050141 SUPPL 15 status AP date 1952-12-05 00:00:00 class 3 priority 
NDA008697,008697,PHARMACIA AND UPJOHN,ORIG,1,AP,1952-12-15 00:00:00,15,STANDARD,1952,data/raw/drugsatfda_data_files_1938_1964/Submissions_1938_1964.txt,https://www.accessdata.fda.gov/scripts/cder/daf/index.cfm?event=overview.process&varApplNo=008697,Verified - verbatim from official Drugs@FDA database extract,Official Drugs@FDA Submissions 1938-1964: Appl 008697 ORIG 1 status AP date 1952-12-15 00:00:00 class 15 priority STANDARD
NDA060014,060014,CASPER PHARMA LLC,ORIG,1,AP,1952-12-16 00:00:00,,,1952,data/raw/drugsatfda_data_files_1938_1964/Submissions_1938_1964.txt,https://www.accessdata.fda.gov/scripts/cder/daf/index.cfm?event=overview.process&varApplNo=060014,Verified - verbatim from official Drugs@FDA database extract,Official Drugs@FDA Submissions 1938-1964: Appl 060014 ORIG 1 status AP date 1952-12-16 00:00:00 class  priority 
NDA008614,008614,,ORIG,1,AP,1953-01-02 00:00:00,,,1953,data/raw/drugsatfda_data_files_1938_1964/Submissions_1938_1964.txt,https://www.accessdata.fda.gov/scripts/cder/daf/index.cfm?event=overview.process&varApplNo=008614,Verified - verbatim from official Drugs@FDA database extract,Official Drugs@FDA Submissions 1938-1964: Appl 008614 ORIG 1 status AP date 1953-01-02 00:00:00 class  priority 
NDA008762,008762,VIATRIS,ORIG,1,AP,1953-01-06 00:00:00,9,STANDARD,1953,data/raw/drugsatfda_data_files_1938_1964/Submissions_1938_1964.txt,https://www.accessdata.fda.gov/scripts/cder/daf/index.cfm?event=overview.process&varApplNo=008762,Verified - verbatim from official Drugs@FDA database extract,Official Drugs@FDA Submissions 1938-1964: Appl 008762 ORIG 1 status AP date 1953-01-06 00:00:00 class 9 priority STANDARD
NDA008718,008718,,ORIG,1,AP,1953-01-08 00:00:00,7,PRIORITY,1953,data/raw/drugsatfda_data_files_1938_1964/Submissions_1938_1964.txt,https://www.accessdata.fda.gov/scripts/cder/daf/index.cfm?event=overview.process&varApplNo=008718,Verified - verbatim from official Drugs@FDA database extract,Official Drugs@FDA Submissions 1938-1964: Appl 008718 ORIG 1 status AP date 1953-01-08 00:00:00 class 7 priority PRIORITY
NDA008719,008719,VALEANT PHARM INTL,ORIG,1,AP,1953-01-08 00:00:00,12,PRIORITY,1953,data/raw/drugsatfda_data_files_1938_1964/Submissions_1938_1964.txt,https://www.accessdata.fda.gov/scripts/cder/daf/index.cfm?event=overview.process&varApplNo=008719,Verified - verbatim from official Drugs@FDA database extract,Official Drugs@FDA Submissions 1938-1964: Appl 008719 ORIG 1 status AP date 1953-01-08 00:00:00 class 12 priority PRIORITY
NDA008720,008720,VALEANT PHARM INTL,ORIG,1,AP,1953-01-08 00:00:00,12,PRIORITY,1953,data/raw/drugsatfda_data_files_1938_1964/Submissions_1938_1964.txt,https://www.accessdata.fda.gov/scripts/cder/daf/index.cfm?event=overview.process&varApplNo=008720,Verified - verbatim from official Drugs@FDA database extract,Official Drugs@FDA Submissions 1938-1964: Appl 008720 ORIG 1 status AP date 1953-01-08 00:00:00 class 12 priority PRIORITY
NDA008303,008303,NOVARTIS,ORIG,1,AP,1953-01-15 00:00:00,7,PRIORITY,1953,data/raw/drugsatfda_data_files_1938_1964/Submissions_1938_1964.txt,https://www.accessdata.fda.gov/scripts/cder/daf/index.cfm?event=overview.process&varApplNo=008303,Verified - verbatim from official Drugs@FDA database extract,Official Drugs@FDA Submissions 1938-1964: Appl 008303 ORIG 1 status AP date 1953-01-15 00:00:00 class 7 priority PRIORITY
NDA050141,050141,KING PHARMS LLC,SUPPL,17,AP,1953-01-22 00:00:00,3,,1953,data/raw/drugsatfda_data_files_1938_1964/Submissions_1938_1964.txt,https://www.accessdata.fda.gov/scripts/cder/daf/index.cfm?event=overview.process&varApplNo=050141,Verified - verbatim from official Drugs@FDA database extract,Official Drugs@FDA Submissions 1938-1964: Appl 050141 SUPPL 17 status AP date 1953-01-22 00:00:00 class 3 priority 
NDA008578,008578,TILDE SCIENCES,ORIG,1,AP,1953-01-23 00:00:00,7,PRIORITY,1953,data/raw/drugsatfda_data_files_1938_1964/Submissions_1938_1964.txt,https://www.accessdata.fda.gov/scripts/cder/daf/index.cfm?event=overview.process&varApplNo=008578,Verified - verbatim from official Drugs@FDA database extract,Official Drugs@FDA Submissions 1938-1964: Appl 008578 ORIG 1 status AP date 1953-01-23 00:00:00 class 7 priority PRIORITY
NDA008708,008708,ADVANZ PHARMA,ORIG,1,AP,1953-01-26 00:00:00,7,PRIORITY,1953,data/raw/drugsatfda_data_files_1938_1964/Submissions_1938_1964.txt,https://www.accessdata.fda.gov/scripts/cder/daf/index.cfm?event=overview.process&varApplNo=008708,Verified - verbatim from official Drugs@FDA database extract,Official Drugs@FDA Submissions 1938-1964: Appl 008708 ORIG 1 status AP date 1953-01-26 00:00:00 class 7 priority PRIORITY
NDA008693,008693,PROCTER AND GAMBLE,ORIG,1,AP,1953-02-06 00:00:00,7,PRIORITY,1953,data/raw/drugsatfda_data_files_1938_1964/Submissions_1938_1964.txt,https://www.accessdata.fda.gov/scripts/cder/daf/index.cfm?event=overview.process&varApplNo=008693,Verified - verbatim from official Drugs@FDA database extract,Official Drugs@FDA Submissions 1938-1964: Appl 008693 ORIG 1 status AP date 1953-02-06 00:00:00 class 7 priority PRIORITY
NDA008809,008809,HOSPIRA,ORIG,1,AP,1953-02-20 00:00:00,14,STANDARD,1953,data/raw/drugsatfda_data_files_1938_1964/Submissions_1938_1964.txt,https://www.accessdata.fda.gov/scripts/cder/daf/index.cfm?event=overview.process&varApplNo=008809,Verified - verbatim from official Drugs@FDA database extract,Official Drugs@FDA Submissions 1938-1964: Appl 008809 ORIG 1 status AP date 1953-02-20 00:00:00 class 14 priority STANDARD
NDA008612,008612,,ORIG,1,AP,1953-02-25 00:00:00,15,STANDARD,1953,data/raw/drugsatfda_data_files_1938_1964/Submissions_1938_1964.txt,https://www.accessdata.fda.gov/scripts/cder/daf/index.cfm?event=overview.process&varApplNo=008612,Verified - verbatim from official Drugs@FDA database extract,Official Drugs@FDA Submissions 1938-1964: Appl 008612 ORIG 1 status AP date 1953-02-25 00:00:00 class 15 priority STANDARD
NDA008837,008837,,ORIG,1,AP,1953-03-02 00:00:00,,,1953,data/raw/drugsatfda_data_files_1938_1964/Submissions_1938_1964.txt,https://www.accessdata.fda.gov/scripts/cder/daf/index.cfm?event=overview.process&varApplNo=008837,Verified - verbatim from official Drugs@FDA database extract,Official Drugs@FDA Submissions 1938-1964: Appl 008837 ORIG 1 status AP date 1953-03-02 00:00:00 class  priority 
NDA008816,008816,EPIC PHARMA LLC,ORIG,1,AP,1953-03-12 00:00:00,12,STANDARD,1953,data/raw/drugsatfda_data_files_1938_1964/Submissions_1938_1964.txt,https://www.accessdata.fda.gov/scripts/cder/daf/index.cfm?event=overview.process&varApplNo=008816,Verified - verbatim from official Drugs@FDA database extract,Official Drugs@FDA Submissions 1938-1964: Appl 008816 ORIG 1 status AP date 1953-03-12 00:00:00 class 12 priority STANDARD
NDA008716,008716,,ORIG,1,AP,1953-03-13 00:00:00,,,1953,data/raw/drugsatfda_data_files_1938_1964/Submissions_1938_1964.txt,https://www.accessdata.fda.gov/scripts/cder/daf/index.cfm?event=overview.process&varApplNo=008716,Verified - verbatim from official Drugs@FDA database extract,Official Drugs@FDA Submissions 1938-1964: Appl 008716 ORIG 1 status AP date 1953-03-13 00:00:00 class  priority 
NDA050205,050205,PARKEDALE,ORIG,1,AP,1953-03-30 00:00:00,19,UNKNOWN,1953,data/raw/drugsatfda_data_files_1938_1964/Submissions_1938_1964.txt,https://www.accessdata.fda.gov/scripts/cder/daf/index.cfm?event=overview.process&varApplNo=050205,Verified - verbatim from official Drugs@FDA database extract,Official Drugs@FDA Submissions 1938-1964: Appl 050205 ORIG 1 status AP date 1953-03-30 00:00:00 class 19 priority UNKNOWN
NDA008819,008819,,ORIG,1,AP,1953-03-31 00:00:00,,,1953,data/raw/drugsatfda_data_files_1938_1964/Submissions_1938_1964.txt,https://www.accessdata.fda.gov/scripts/cder/daf/index.cfm?event=overview.process&varApplNo=008819,Verified - verbatim from official Drugs@FDA database extract,Official Drugs@FDA Submissions 1938-1964: Appl 008819 ORIG 1 status AP date 1953-03-31 00:00:00 class  priority 
NDA008732,008732,SHIRE,ORIG,1,AP,1953-04-02 00:00:00,7,STANDARD,1953,data/raw/drugsatfda_data_files_1938_1964/Submissions_1938_1964.txt,https://www.accessdata.fda.gov/scripts/cder/daf/index.cfm?event=overview.process&varApplNo=008732,Verified - verbatim from official Drugs@FDA database extract,Official Drugs@FDA Submissions 1938-1964: Appl 008732 ORIG 1 status AP date 1953-04-02 00:00:00 class 7 priority STANDARD
NDA008848,008848,FOUGERA,ORIG,1,AP,1953-04-09 00:00:00,7,STANDARD,1953,data/raw/drugsatfda_data_files_1938_1964/Submissions_1938_1964.txt,https://www.accessdata.fda.gov/scripts/cder/daf/index.cfm?event=overview.process&varApplNo=008848,Verified - verbatim from official Drugs@FDA database extract,Official Drugs@FDA Submissions 1938-1964: Appl 008848 ORIG 1 status AP date 1953-04-09 00:00:00 class 7 priority STANDARD
NDA008847,008847,APOTHECON,ORIG,1,AP,1953-04-24 00:00:00,15,STANDARD,1953,data/raw/drugsatfda_data_files_1938_1964/Submissions_1938_1964.txt,https://www.accessdata.fda.gov/scripts/cder/daf/index.cfm?event=overview.process&varApplNo=008847,Verified - verbatim from official Drugs@FDA database extract,Official Drugs@FDA Submissions 1938-1964: Appl 008847 ORIG 1 status AP date 1953-04-24 00:00:00 class 15 priority STANDARD
NDA009000,009000,NOVARTIS,ORIG,1,AP,1953-04-24 00:00:00,14,PRIORITY,1953,data/raw/drugsatfda_data_files_1938_1964/Submissions_1938_1964.txt,https://www.accessdata.fda.gov/scripts/cder/daf/index.cfm?event=overview.process&varApplNo=009000,Verified - verbatim from official Drugs@FDA database extract,Official Drugs@FDA Submissions 1938-1964: Appl 009000 ORIG 1 status AP date 1953-04-24 00:00:00 class 14 priority PRIORITY
NDA009008,009008,ORTHO MCNEIL PHARM,ORIG,1,AP,1953-04-30 00:00:00,14,STANDARD,1953,data/raw/drugsatfda_data_files_1938_1964/Submissions_1938_1964.txt,https://www.accessdata.fda.gov/scripts/cder/daf/index.cfm?event=overview.process&varApplNo=009008,Verified - verbatim from official Drugs@FDA database extract,Official Drugs@FDA Submissions 1938-1964: Appl 009008 ORIG 1 status AP date 1953-04-30 00:00:00 class 14 priority STANDARD
NDA050156,050156,PARKEDALE,SUPPL,4,AP,1953-04-30 00:00:00,4,,1953,data/raw/drugsatfda_data_files_1938_1964/Submissions_1938_1964.txt,https://www.accessdata.fda.gov/scripts/cder/daf/index.cfm?event=overview.process&varApplNo=050156,Verified - verbatim from official Drugs@FDA database extract,Official Drugs@FDA Submissions 1938-1964: Appl 050156 SUPPL 4 status AP date 1953-04-30 00:00:00 class 4 priority 
NDA008834,008834,,ORIG,1,AP,1953-05-01 00:00:00,,,1953,data/raw/drugsatfda_data_files_1938_1964/Submissions_1938_1964.txt,https://www.accessdata.fda.gov/scripts/cder/daf/index.cfm?event=overview.process&varApplNo=008834,Verified - verbatim from official Drugs@FDA database extract,Official Drugs@FDA Submissions 1938-1964: Appl 008834 ORIG 1 status AP date 1953-05-01 00:00:00 class  priority 
NDA008845,008845,HOSPIRA,ORIG,1,AP,1953-05-01 00:00:00,15,STANDARD,1953,data/raw/drugsatfda_data_files_1938_1964/Submissions_1938_1964.txt,https://www.accessdata.fda.gov/scripts/cder/daf/index.cfm?event=overview.process&varApplNo=008845,Verified - verbatim from official Drugs@FDA database extract,Official Drugs@FDA Submissions 1938-1964: Appl 008845 ORIG 1 status AP date 1953-05-01 00:00:00 class 15 priority STANDARD
NDA008908,008908,,ORIG,1,AP,1953-05-05 00:00:00,,,1953,data/raw/drugsatfda_data_files_1938_1964/Submissions_1938_1964.txt,https://www.accessdata.fda.gov/scripts/cder/daf/index.cfm?event=overview.process&varApplNo=008908,Verified - verbatim from official Drugs@FDA database extract,Official Drugs@FDA Submissions 1938-1964: Appl 008908 ORIG 1 status AP date 1953-05-05 00:00:00 class  priority 
NDA009024,009024,,ORIG,1,AP,1953-05-11 00:00:00,,,1953,data/raw/drugsatfda_data_files_1938_1964/Submissions_1938_1964.txt,https://www.accessdata.fda.gov/scripts/cder/daf/index.cfm?event=overview.process&varApplNo=009024,Verified - verbatim from official Drugs@FDA database extract,Official Drugs@FDA Submissions 1938-1964: Appl 009024 ORIG 1 status AP date 1953-05-11 00:00:00 class  priority 
NDA050138,050138,KING PHARMS LLC,ORIG,1,AP,1953-05-18 00:00:00,19,UNKNOWN,1953,data/raw/drugsatfda_data_files_1938_1964/Submissions_1938_1964.txt,https://www.accessdata.fda.gov/scripts/cder/daf/index.cfm?event=overview.process&varApplNo=050138,Verified - verbatim from official Drugs@FDA database extract,Official Drugs@FDA Submissions 1938-1964: Appl 050138 ORIG 1 status AP date 1953-05-18 00:00:00 class 19 priority UNKNOWN
NDA050141,050141,KING PHARMS LLC,SUPPL,18,AP,1953-05-26 00:00:00,3,,1953,data/raw/drugsatfda_data_files_1938_1964/Submissions_1938_1964.txt,https://www.accessdata.fda.gov/scripts/cder/daf/index.cfm?event=overview.process&varApplNo=050141,Verified - verbatim from official Drugs@FDA database extract,Official Drugs@FDA Submissions 1938-1964: Appl 050141 SUPPL 18 status AP date 1953-05-26 00:00:00 class 3 priority 
NDA050205,050205,PARKEDALE,SUPPL,4,AP,1953-06-22 00:00:00,4,,1953,data/raw/drugsatfda_data_files_1938_1964/Submissions_1938_1964.txt,https://www.accessdata.fda.gov/scripts/cder/daf/index.cfm?event=overview.process&varApplNo=050205,Verified - verbatim from official Drugs@FDA database extract,Official Drugs@FDA Submissions 1938-1964: Appl 050205 SUPPL 4 status AP date 1953-06-22 00:00:00 class 4 priority 
NDA008883,008883,APOTHECON,ORIG,1,AP,1953-07-01 00:00:00,7,STANDARD,1953,data/raw/drugsatfda_data_files_1938_1964/Submissions_1938_1964.txt,https://www.accessdata.fda.gov/scripts/cder/daf/index.cfm?event=overview.process&varApplNo=008883,Verified - verbatim from official Drugs@FDA database extract,Official Drugs@FDA Submissions 1938-1964: Appl 008883 ORIG 1 status AP date 1953-07-01 00:00:00 class 7 priority STANDARD
NDA050205,050205,PARKEDALE,SUPPL,5,AP,1953-07-07 00:00:00,4,,1953,data/raw/drugsatfda_data_files_1938_1964/Submissions_1938_1964.txt,https://www.accessdata.fda.gov/scripts/cder/daf/index.cfm?event=overview.process&varApplNo=050205,Verified - verbatim from official Drugs@FDA database extract,Official Drugs@FDA Submissions 1938-1964: Appl 050205 SUPPL 5 status AP date 1953-07-07 00:00:00 class 4 priority 
NDA009038,009038,,ORIG,1,AP,1953-07-15 00:00:00,,,1953,data/raw/drugsatfda_data_files_1938_1964/Submissions_1938_1964.txt,https://www.accessdata.fda.gov/scripts/cder/daf/index.cfm?event=overview.process&varApplNo=009038,Verified - verbatim from official Drugs@FDA database extract,Official Drugs@FDA Submissions 1938-1964: Appl 009038 ORIG 1 status AP date 1953-07-15 00:00:00 class  priority 
NDA008922,008922,BAUSCH,ORIG,1,AP,1953-07-16 00:00:00,7,PRIORITY,1953,data/raw/drugsatfda_data_files_1938_1964/Submissions_1938_1964.txt,https://www.accessdata.fda.gov/scripts/cder/daf/index.cfm?event=overview.process&varApplNo=008922,Verified - verbatim from official Drugs@FDA database extract,Official Drugs@FDA Submissions 1938-1964: Appl 008922 ORIG 1 status AP date 1953-07-16 00:00:00 class 7 priority PRIORITY
NDA008951,008951,LILLY,ORIG,1,AP,1953-07-22 00:00:00,7,STANDARD,1953,data/raw/drugsatfda_data_files_1938_1964/Submissions_1938_1964.txt,https://www.accessdata.fda.gov/scripts/cder/daf/index.cfm?event=overview.process&varApplNo=008951,Verified - verbatim from official Drugs@FDA database extract,Official Drugs@FDA Submissions 1938-1964: Appl 008951 ORIG 1 status AP date 1953-07-22 00:00:00 class 7 priority STANDARD
NDA008943,008943,TEVA BRANDED PHARM,ORIG,1,AP,1953-07-27 00:00:00,7,PRIORITY,1953,data/raw/drugsatfda_data_files_1938_1964/Submissions_1938_1964.txt,https://www.accessdata.fda.gov/scripts/cder/daf/index.cfm?event=overview.process&varApplNo=008943,Verified - verbatim from official Drugs@FDA database extract,Official Drugs@FDA Submissions 1938-1964: Appl 008943 ORIG 1 status AP date 1953-07-27 00:00:00 class 7 priority PRIORITY
NDA008917,008917,PHARMACIA AND UPJOHN,ORIG,1,AP,1953-07-28 00:00:00,15,STANDARD,1953,data/raw/drugsatfda_data_files_1938_1964/Submissions_1938_1964.txt,https://www.accessdata.fda.gov/scripts/cder/daf/index.cfm?event=overview.process&varApplNo=008917,Verified - verbatim from official Drugs@FDA database extract,Official Drugs@FDA Submissions 1938-1964: Appl 008917 ORIG 1 status AP date 1953-07-28 00:00:00 class 15 priority STANDARD
NDA050141,050141,KING PHARMS LLC,SUPPL,19,AP,1953-07-31 00:00:00,3,,1953,data/raw/drugsatfda_data_files_1938_1964/Submissions_1938_1964.txt,https://www.accessdata.fda.gov/scripts/cder/daf/index.cfm?event=overview.process&varApplNo=050141,Verified - verbatim from official Drugs@FDA database extract,Official Drugs@FDA Submissions 1938-1964: Appl 050141 SUPPL 19 status AP date 1953-07-31 00:00:00 class 3 priority 
NDA008851,008851,,ORIG,1,AP,1953-08-19 00:00:00,,,1953,data/raw/drugsatfda_data_files_1938_1964/Submissions_1938_1964.txt,https://www.accessdata.fda.gov/scripts/cder/daf/index.cfm?event=overview.process&varApplNo=008851,Verified - verbatim from official Drugs@FDA database extract,Official Drugs@FDA Submissions 1938-1964: Appl 008851 ORIG 1 status AP date 1953-08-19 00:00:00 class  priority 
NDA008855,008855,PARKE DAVIS,ORIG,1,AP,1953-09-08 00:00:00,7,PRIORITY,1953,data/raw/drugsatfda_data_files_1938_1964/Submissions_1938_1964.txt,https://www.accessdata.fda.gov/scripts/cder/daf/index.cfm?event=overview.process&varApplNo=008855,Verified - verbatim from official Drugs@FDA database extract,Official Drugs@FDA Submissions 1938-1964: Appl 008855 ORIG 1 status AP date 1953-09-08 00:00:00 class 7 priority PRIORITY
NDA050138,050138,KING PHARMS LLC,SUPPL,2,AP,1953-09-08 00:00:00,3,,1953,data/raw/drugsatfda_data_files_1938_1964/Submissions_1938_1964.txt,https://www.accessdata.fda.gov/scripts/cder/daf/index.cfm?event=overview.process&varApplNo=050138,Verified - verbatim from official Drugs@FDA database extract,Official Drugs@FDA Submissions 1938-1964: Appl 050138 SUPPL 2 status AP date 1953-09-08 00:00:00 class 3 priority 
NDA050138,050138,KING PHARMS LLC,SUPPL,3,AP,1953-09-09 00:00:00,3,,1953,data/raw/drugsatfda_data_files_1938_1964/Submissions_1938_1964.txt,https://www.accessdata.fda.gov/scripts/cder/daf/index.cfm?event=overview.process&varApplNo=050138,Verified - verbatim from official Drugs@FDA database extract,Official Drugs@FDA Submissions 1938-1964: Appl 050138 SUPPL 3 status AP date 1953-09-09 00:00:00 class 3 priority 
NDA009053,009053,STASON PHARMS,ORIG,1,AP,1953-09-11 00:00:00,7,PRIORITY,1953,data/raw/drugsatfda_data_files_1938_1964/Submissions_1938_1964.txt,https://www.accessdata.fda.gov/scripts/cder/daf/index.cfm?event=overview.process&varApplNo=009053,Verified - verbatim from official Drugs@FDA database extract,Official Drugs@FDA Submissions 1938-1964: Appl 009053 ORIG 1 status AP date 1953-09-11 00:00:00 class 7 priority PRIORITY
NDA009088,009088,TEVA,ORIG,1,AP,1953-09-28 00:00:00,12,STANDARD,1953,data/raw/drugsatfda_data_files_1938_1964/Submissions_1938_1964.txt,https://www.accessdata.fda.gov/scripts/cder/daf/index.cfm?event=overview.process&varApplNo=009088,Verified - verbatim from official Drugs@FDA database extract,Official Drugs@FDA Submissions 1938-1964: Appl 009088 ORIG 1 status AP date 1953-09-28 00:00:00 class 12 priority STANDARD
NDA008565,008565,WYETH AYERST,ORIG,1,AP,1953-10-28 00:00:00,7,STANDARD,1953,data/raw/drugsatfda_data_files_1938_1964/Submissions_1938_1964.txt,https://www.accessdata.fda.gov/scripts/cder/daf/index.cfm?event=overview.process&varApplNo=008565,Verified - verbatim from official Drugs@FDA database extract,Official Drugs@FDA Submissions 1938-1964: Appl 008565 ORIG 1 status AP date 1953-10-28 00:00:00 class 7 priority STANDARD
NDA009087,009087,NOVARTIS,ORIG,1,AP,1953-11-05 00:00:00,7,STANDARD,1953,data/raw/drugsatfda_data_files_1938_1964/Submissions_1938_1964.txt,https://www.accessdata.fda.gov/scripts/cder/daf/index.cfm?event=overview.process&varApplNo=009087,Verified - verbatim from official Drugs@FDA database extract,Official Drugs@FDA Submissions 1938-1964: Appl 009087 ORIG 1 status AP date 1953-11-05 00:00:00 class 7 priority STANDARD
NDA050138,050138,KING PHARMS LLC,SUPPL,5,AP,1953-11-19 00:00:00,3,,1953,data/raw/drugsatfda_data_files_1938_1964/Submissions_1938_1964.txt,https://www.accessdata.fda.gov/scripts/cder/daf/index.cfm?event=overview.process&varApplNo=050138,Verified - verbatim from official Drugs@FDA database extract,Official Drugs@FDA Submissions 1938-1964: Appl 050138 SUPPL 5 status AP date 1953-11-19 00:00:00 class 3 priority 
NDA050138,050138,KING PHARMS LLC,SUPPL,4,AP,1953-11-19 00:00:00,3,,1953,data/raw/drugsatfda_data_files_1938_1964/Submissions_1938_1964.txt,https://www.accessdata.fda.gov/scripts/cder/daf/index.cfm?event=overview.process&varApplNo=050138,Verified - verbatim from official Drugs@FDA database extract,Official Drugs@FDA Submissions 1938-1964: Appl 050138 SUPPL 4 status AP date 1953-11-19 00:00:00 class 3 priority 
NDA050271,050271,,ORIG,1,AP,1953-11-19 00:00:00,,,1953,data/raw/drugsatfda_data_files_1938_1964/Submissions_1938_1964.txt,https://www.accessdata.fda.gov/scripts/cder/daf/index.cfm?event=overview.process&varApplNo=050271,Verified - verbatim from official Drugs@FDA database extract,Official Drugs@FDA Submissions 1938-1964: Appl 050271 ORIG 1 status AP date 1953-11-19 00:00:00 class  priority 
NDA050273,050273,LEDERLE,ORIG,1,AP,1953-11-19 00:00:00,,,1953,data/raw/drugsatfda_data_files_1938_1964/Submissions_1938_1964.txt,https://www.accessdata.fda.gov/scripts/cder/daf/index.cfm?event=overview.process&varApplNo=050273,Verified - verbatim from official Drugs@FDA database extract,Official Drugs@FDA Submissions 1938-1964: Appl 050273 ORIG 1 status AP date 1953-11-19 00:00:00 class  priority 
NDA009131,009131,,ORIG,1,AP,1953-11-27 00:00:00,9,STANDARD,1953,data/raw/drugsatfda_data_files_1938_1964/Submissions_1938_1964.txt,https://www.accessdata.fda.gov/scripts/cder/daf/index.cfm?event=overview.process&varApplNo=009131,Verified - verbatim from official Drugs@FDA database extract,Official Drugs@FDA Submissions 1938-1964: Appl 009131 ORIG 1 status AP date 1953-11-27 00:00:00 class 9 priority STANDARD
NDA009127,009127,PFIZER,ORIG,1,AP,1953-12-03 00:00:00,15,STANDARD,1953,data/raw/drugsatfda_data_files_1938_1964/Submissions_1938_1964.txt,https://www.accessdata.fda.gov/scripts/cder/daf/index.cfm?event=overview.process&varApplNo=009127,Verified - verbatim from official Drugs@FDA database extract,Official Drugs@FDA Submissions 1938-1964: Appl 009127 ORIG 1 status AP date 1953-12-03 00:00:00 class 15 priority STANDARD
NDA009182,009182,ROCHE,ORIG,1,AP,1953-12-04 00:00:00,9,STANDARD,1953,data/raw/drugsatfda_data_files_1938_1964/Submissions_1938_1964.txt,https://www.accessdata.fda.gov/scripts/cder/daf/index.cfm?event=overview.process&varApplNo=009182,Verified - verbatim from official Drugs@FDA database extract,Official Drugs@FDA Submissions 1938-1964: Appl 009182 ORIG 1 status AP date 1953-12-04 00:00:00 class 9 priority STANDARD
NDA008085,008085,STRIDES PHARMA INTL,ORIG,1,AP,1953-12-07 00:00:00,7,PRIORITY,1953,data/raw/drugsatfda_data_files_1938_1964/Submissions_1938_1964.txt,https://www.accessdata.fda.gov/scripts/cder/daf/index.cfm?event=overview.process&varApplNo=008085,Verified - verbatim from official Drugs@FDA database extract,Official Drugs@FDA Submissions 1938-1964: Appl 008085 ORIG 1 status AP date 1953-12-07 00:00:00 class 7 priority PRIORITY
NDA050141,050141,KING PHARMS LLC,SUPPL,20,AP,1953-12-09 00:00:00,4,,1953,data/raw/drugsatfda_data_files_1938_1964/Submissions_1938_1964.txt,https://www.accessdata.fda.gov/scripts/cder/daf/index.cfm?event=overview.process&varApplNo=050141,Verified - verbatim from official Drugs@FDA database extract,Official Drugs@FDA Submissions 1938-1964: Appl 050141 SUPPL 20 status AP date 1953-12-09 00:00:00 class 4 priority 
NDA050202,050202,PARKEDALE,ORIG,1,AP,1953-12-09 00:00:00,,,1953,data/raw/drugsatfda_data_files_1938_1964/Submissions_1938_1964.txt,https://www.accessdata.fda.gov/scripts/cder/daf/index.cfm?event=overview.process&varApplNo=050202,Verified - verbatim from official Drugs@FDA database extract,Official Drugs@FDA Submissions 1938-1964: Appl 050202 ORIG 1 status AP date 1953-12-09 00:00:00 class  priority 
NDA009166,009166,SANOFI AVENTIS US,ORIG,1,AP,1953-12-22 00:00:00,12,STANDARD,1953,data/raw/drugsatfda_data_files_1938_1964/Submissions_1938_1964.txt,https://www.accessdata.fda.gov/scripts/cder/daf/index.cfm?event=overview.process&varApplNo=009166,Verified - verbatim from official Drugs@FDA database extract,Official Drugs@FDA Submissions 1938-1964: Appl 009166 ORIG 1 status AP date 1953-12-22 00:00:00 class 12 priority STANDARD
NDA009175,009175,CASPER PHARMA LLC,ORIG,1,AP,1953-12-23 00:00:00,12,STANDARD,1953,data/raw/drugsatfda_data_files_1938_1964/Submissions_1938_1964.txt,https://www.accessdata.fda.gov/scripts/cder/daf/index.cfm?event=overview.process&varApplNo=009175,Verified - verbatim from official Drugs@FDA database extract,Official Drugs@FDA Submissions 1938-1964: Appl 009175 ORIG 1 status AP date 1953-12-23 00:00:00 class 12 priority STANDARD
NDA009165,009165,ENDO PHARMS,ORIG,1,AP,1953-12-24 00:00:00,9,PRIORITY,1953,data/raw/drugsatfda_data_files_1938_1964/Submissions_1938_1964.txt,https://www.accessdata.fda.gov/scripts/cder/daf/index.cfm?event=overview.process&varApplNo=009165,Verified - verbatim from official Drugs@FDA database extract,Official Drugs@FDA Submissions 1938-1964: Appl 009165 ORIG 1 status AP date 1953-12-24 00:00:00 class 9 priority PRIORITY
NDA060285,060285,PFIZER,ORIG,1,AP,1954-01-04 00:00:00,,,1954,data/raw/drugsatfda_data_files_1938_1964/Submissions_1938_1964.txt,https://www.accessdata.fda.gov/scripts/cder/daf/index.cfm?event=overview.process&varApplNo=060285,Verified - verbatim from official Drugs@FDA database extract,Official Drugs@FDA Submissions 1938-1964: Appl 060285 ORIG 1 status AP date 1954-01-04 00:00:00 class  priority 
NDA050141,050141,KING PHARMS LLC,SUPPL,21,AP,1954-01-06 00:00:00,3,,1954,data/raw/drugsatfda_data_files_1938_1964/Submissions_1938_1964.txt,https://www.accessdata.fda.gov/scripts/cder/daf/index.cfm?event=overview.process&varApplNo=050141,Verified - verbatim from official Drugs@FDA database extract,Official Drugs@FDA Submissions 1938-1964: Appl 050141 SUPPL 21 status AP date 1954-01-06 00:00:00 class 3 priority 
NDA009099,009099,,ORIG,1,AP,1954-01-08 00:00:00,7,STANDARD,1954,data/raw/drugsatfda_data_files_1938_1964/Submissions_1938_1964.txt,https://www.accessdata.fda.gov/scripts/cder/daf/index.cfm?event=overview.process&varApplNo=009099,Verified - verbatim from official Drugs@FDA database extract,Official Drugs@FDA Submissions 1938-1964: Appl 009099 ORIG 1 status AP date 1954-01-08 00:00:00 class 7 priority STANDARD
NDA050273,050273,LEDERLE,SUPPL,11,AP,1954-01-26 00:00:00,3,,1954,data/raw/drugsatfda_data_files_1938_1964/Submissions_1938_1964.txt,https://www.accessdata.fda.gov/scripts/cder/daf/index.cfm?event=overview.process&varApplNo=050273,Verified - verbatim from official Drugs@FDA database extract,Official Drugs@FDA Submissions 1938-1964: Appl 050273 SUPPL 11 status AP date 1954-01-26 00:00:00 class 3 priority 
NDA009276,009276,BOWMAN PHARMS,ORIG,1,AP,1954-01-28 00:00:00,15,STANDARD,1954,data/raw/drugsatfda_data_files_1938_1964/Submissions_1938_1964.txt,https://www.accessdata.fda.gov/scripts/cder/daf/index.cfm?event=overview.process&varApplNo=009276,Verified - verbatim from official Drugs@FDA database extract,Official Drugs@FDA Submissions 1938-1964: Appl 009276 ORIG 1 status AP date 1954-01-28 00:00:00 class 15 priority STANDARD
NDA009193,009193,MERCK,ORIG,1,AP,1954-03-05 00:00:00,7,PRIORITY,1954,data/raw/drugsatfda_data_files_1938_1964/Submissions_1938_1964.txt,https://www.accessdata.fda.gov/scripts/cder/daf/index.cfm?event=overview.process&varApplNo=009193,Verified - verbatim from official Drugs@FDA database extract,Official Drugs@FDA Submissions 1938-1964: Appl 009193 ORIG 1 status AP date 1954-03-05 00:00:00 class 7 priority PRIORITY
NDA009170,009170,VALEANT,ORIG,1,AP,1954-03-08 00:00:00,7,PRIORITY,1954,data/raw/drugsatfda_data_files_1938_1964/Submissions_1938_1964.txt,https://www.accessdata.fda.gov/scripts/cder/daf/index.cfm?event=overview.process&varApplNo=009170,Verified - verbatim from official Drugs@FDA database extract,Official Drugs@FDA Submissions 1938-1964: Appl 009170 ORIG 1 status AP date 1954-03-08 00:00:00 class 7 priority PRIORITY
NDA050138,050138,KING PHARMS LLC,SUPPL,6,AP,1954-03-09 00:00:00,3,,1954,data/raw/drugsatfda_data_files_1938_1964/Submissions_1938_1964.txt,https://www.accessdata.fda.gov/scripts/cder/daf/index.cfm?event=overview.process&varApplNo=050138,Verified - verbatim from official Drugs@FDA database extract,Official Drugs@FDA Submissions 1938-1964: Appl 050138 SUPPL 6 status AP date 1954-03-09 00:00:00 class 3 priority 
NDA009220,009220,,ORIG,1,AP,1954-03-11 00:00:00,14,STANDARD,1954,data/raw/drugsatfda_data_files_1938_1964/Submissions_1938_1964.txt,https://www.accessdata.fda.gov/scripts/cder/daf/index.cfm?event=overview.process&varApplNo=009220,Verified - verbatim from official Drugs@FDA database extract,Official Drugs@FDA Submissions 1938-1964: Appl 009220 ORIG 1 status AP date 1954-03-11 00:00:00 class 14 priority STANDARD
NDA009277,009277,,ORIG,1,AP,1954-03-26 00:00:00,15,STANDARD,1954,data/raw/drugsatfda_data_files_1938_1964/Submissions_1938_1964.txt,https://www.accessdata.fda.gov/scripts/cder/daf/index.cfm?event=overview.process&varApplNo=009277,Verified - verbatim from official Drugs@FDA database extract,Official Drugs@FDA Submissions 1938-1964: Appl 009277 ORIG 1 status AP date 1954-03-26 00:00:00 class 15 priority STANDARD
NDA009190,009190,GUERBET,ORIG,1,AP,1954-03-31 00:00:00,7,PRIORITY,1954,data/raw/drugsatfda_data_files_1938_1964/Submissions_1938_1964.txt,https://www.accessdata.fda.gov/scripts/cder/daf/index.cfm?event=overview.process&varApplNo=009190,Verified - verbatim from official Drugs@FDA database extract,Official Drugs@FDA Submissions 1938-1964: Appl 009190 ORIG 1 status AP date 1954-03-31 00:00:00 class 7 priority PRIORITY
NDA009296,009296,NOVARTIS,ORIG,1,AP,1954-04-01 00:00:00,14,STANDARD,1954,data/raw/drugsatfda_data_files_1938_1964/Submissions_1938_1964.txt,https://www.accessdata.fda.gov/scripts/cder/daf/index.cfm?event=overview.process&varApplNo=009296,Verified - verbatim from official Drugs@FDA database extract,Official Drugs@FDA Submissions 1938-1964: Appl 009296 ORIG 1 status AP date 1954-04-01 00:00:00 class 14 priority STANDARD
NDA050141,050141,KING PHARMS LLC,SUPPL,22,AP,1954-04-02 00:00:00,4,,1954,data/raw/drugsatfda_data_files_1938_1964/Submissions_1938_1964.txt,https://www.accessdata.fda.gov/scripts/cder/daf/index.cfm?event=overview.process&varApplNo=050141,Verified - verbatim from official Drugs@FDA database extract,Official Drugs@FDA Submissions 1938-1964: Appl 050141 SUPPL 22 status AP date 1954-04-02 00:00:00 class 4 priority 
NDA050138,050138,KING PHARMS LLC,SUPPL,7,AP,1954-04-05 00:00:00,4,,1954,data/raw/drugsatfda_data_files_1938_1964/Submissions_1938_1964.txt,https://www.accessdata.fda.gov/scripts/cder/daf/index.cfm?event=overview.process&varApplNo=050138,Verified - verbatim from official Drugs@FDA database extract,Official Drugs@FDA Submissions 1938-1964: Appl 050138 SUPPL 7 status AP date 1954-04-05 00:00:00 class 4 priority 
NDA009300,009300,,ORIG,1,AP,1954-04-08 00:00:00,15,STANDARD,1954,data/raw/drugsatfda_data_files_1938_1964/Submissions_1938_1964.txt,https://www.accessdata.fda.gov/scripts/cder/daf/index.cfm?event=overview.process&varApplNo=009300,Verified - verbatim from official Drugs@FDA database extract,Official Drugs@FDA Submissions 1938-1964: Appl 009300 ORIG 1 status AP date 1954-04-08 00:00:00 class 15 priority STANDARD
NDA050202,050202,PARKEDALE,SUPPL,3,AP,1954-04-08 00:00:00,4,,1954,data/raw/drugsatfda_data_files_1938_1964/Submissions_1938_1964.txt,https://www.accessdata.fda.gov/scripts/cder/daf/index.cfm?event=overview.process&varApplNo=050202,Verified - verbatim from official Drugs@FDA database extract,Official Drugs@FDA Submissions 1938-1964: Appl 050202 SUPPL 3 status AP date 1954-04-08 00:00:00 class 4 priority 
NDA009298,009298,,ORIG,1,AP,1954-04-13 00:00:00,,,1954,data/raw/drugsatfda_data_files_1938_1964/Submissions_1938_1964.txt,https://www.accessdata.fda.gov/scripts/cder/daf/index.cfm?event=overview.process&varApplNo=009298,Verified - verbatim from official Drugs@FDA database extract,Official Drugs@FDA Submissions 1938-1964: Appl 009298 ORIG 1 status AP date 1954-04-13 00:00:00 class  priority 
NDA050273,050273,LEDERLE,SUPPL,12,AP,1954-04-13 00:00:00,4,,1954,data/raw/drugsatfda_data_files_1938_1964/Submissions_1938_1964.txt,https://www.accessdata.fda.gov/scripts/cder/daf/index.cfm?event=overview.process&varApplNo=050273,Verified - verbatim from official Drugs@FDA database extract,Official Drugs@FDA Submissions 1938-1964: Appl 050273 SUPPL 12 status AP date 1954-04-13 00:00:00 class 4 priority 
NDA060647,060647,DOW PHARM,ORIG,1,AP,1954-04-19 00:00:00,,,1954,data/raw/drugsatfda_data_files_1938_1964/Submissions_1938_1964.txt,https://www.accessdata.fda.gov/scripts/cder/daf/index.cfm?event=overview.process&varApplNo=060647,Verified - verbatim from official Drugs@FDA database extract,Official Drugs@FDA Submissions 1938-1964: Appl 060647 ORIG 1 status AP date 1954-04-19 00:00:00 class  priority 
NDA050403,050403,,ORIG,1,AP,1954-04-21 00:00:00,19,UNKNOWN,1954,data/raw/drugsatfda_data_files_1938_1964/Submissions_1938_1964.txt,https://www.accessdata.fda.gov/scripts/cder/daf/index.cfm?event=overview.process&varApplNo=050403,Verified - verbatim from official Drugs@FDA database extract,Official Drugs@FDA Submissions 1938-1964: Appl 050403 ORIG 1 status AP date 1954-04-21 00:00:00 class 19 priority UNKNOWN
NDA050273,050273,LEDERLE,SUPPL,13,AP,1954-04-22 00:00:00,4,,1954,data/raw/drugsatfda_data_files_1938_1964/Submissions_1938_1964.txt,https://www.accessdata.fda.gov/scripts/cder/daf/index.cfm?event=overview.process&varApplNo=050273,Verified - verbatim from official Drugs@FDA database extract,Official Drugs@FDA Submissions 1938-1964: Appl 050273 SUPPL 13 status AP date 1954-04-22 00:00:00 class 4 priority 
NDA009329,009329,,ORIG,1,AP,1954-04-23 00:00:00,,,1954,data/raw/drugsatfda_data_files_1938_1964/Submissions_1938_1964.txt,https://www.accessdata.fda.gov/scripts/cder/daf/index.cfm?event=overview.process&varApplNo=009329,Verified - verbatim from official Drugs@FDA database extract,Official Drugs@FDA Submissions 1938-1964: Appl 009329 ORIG 1 status AP date 1954-04-23 00:00:00 class  priority 
NDA008983,008983,ROCHE,ORIG,1,AP,1954-04-26 00:00:00,7,PRIORITY,1954,data/raw/drugsatfda_data_files_1938_1964/Submissions_1938_1964.txt,https://www.accessdata.fda.gov/scripts/cder/daf/index.cfm?event=overview.process&varApplNo=008983,Verified - verbatim from official Drugs@FDA database extract,Official Drugs@FDA Submissions 1938-1964: Appl 008983 ORIG 1 status AP date 1954-04-26 00:00:00 class 7 priority PRIORITY
NDA009321,009321,BRACCO,ORIG,1,AP,1954-04-27 00:00:00,15,STANDARD,1954,data/raw/drugsatfda_data_files_1938_1964/Submissions_1938_1964.txt,https://www.accessdata.fda.gov/scripts/cder/daf/index.cfm?event=overview.process&varApplNo=009321,Verified - verbatim from official Drugs@FDA database extract,Official Drugs@FDA Submissions 1938-1964: Appl 009321 ORIG 1 status AP date 1954-04-27 00:00:00 class 15 priority STANDARD
NDA009319,009319,FOREST LABS,ORIG,1,AP,1954-04-28 00:00:00,14,STANDARD,1954,data/raw/drugsatfda_data_files_1938_1964/Submissions_1938_1964.txt,https://www.accessdata.fda.gov/scripts/cder/daf/index.cfm?event=overview.process&varApplNo=009319,Verified - verbatim from official Drugs@FDA database extract,Official Drugs@FDA Submissions 1938-1964: Appl 009319 ORIG 1 status AP date 1954-04-28 00:00:00 class 14 priority STANDARD
NDA050202,050202,PARKEDALE,SUPPL,2,AP,1954-05-11 00:00:00,4,,1954,data/raw/drugsatfda_data_files_1938_1964/Submissions_1938_1964.txt,https://www.accessdata.fda.gov/scripts/cder/daf/index.cfm?event=overview.process&varApplNo=050202,Verified - verbatim from official Drugs@FDA database extract,Official Drugs@FDA Submissions 1938-1964: Appl 050202 SUPPL 2 status AP date 1954-05-11 00:00:00 class 4 priority 
NDA006826,006826,,ORIG,1,AP,1954-06-08 00:00:00,,,1954,data/raw/drugsatfda_data_files_1938_1964/Submissions_1938_1964.txt,https://www.accessdata.fda.gov/scripts/cder/daf/index.cfm?event=overview.process&varApplNo=006826,Verified - verbatim from official Drugs@FDA database extract,Official Drugs@FDA Submissions 1938-1964: Appl 006826 ORIG 1 status AP date 1954-06-08 00:00:00 class  priority 
NDA009218,009218,BRISTOL MYERS SQUIBB,ORIG,1,AP,1954-06-08 00:00:00,7,STANDARD,1954,data/raw/drugsatfda_data_files_1938_1964/Submissions_1938_1964.txt,https://www.accessdata.fda.gov/scripts/cder/daf/index.cfm?event=overview.process&varApplNo=009218,Verified - verbatim from official Drugs@FDA database extract,Official Drugs@FDA Submissions 1938-1964: Appl 009218 ORIG 1 status AP date 1954-06-08 00:00:00 class 7 priority STANDARD
NDA008975,008975,ANI PHARMS,ORIG,1,AP,1954-06-16 00:00:00,15,STANDARD,1954,data/raw/drugsatfda_data_files_1938_1964/Submissions_1938_1964.txt,https://www.accessdata.fda.gov/scripts/cder/daf/index.cfm?event=overview.process&varApplNo=008975,Verified - verbatim from official Drugs@FDA database extract,Official Drugs@FDA Submissions 1938-1964: Appl 008975 ORIG 1 status AP date 1954-06-16 00:00:00 class 15 priority STANDARD
NDA050205,050205,PARKEDALE,SUPPL,6,AP,1954-06-18 00:00:00,4,,1954,data/raw/drugsatfda_data_files_1938_1964/Submissions_1938_1964.txt,https://www.accessdata.fda.gov/scripts/cder/daf/index.cfm?event=overview.process&varApplNo=050205,Verified - verbatim from official Drugs@FDA database extract,Official Drugs@FDA Submissions 1938-1964: Appl 050205 SUPPL 6 status AP date 1954-06-18 00:00:00 class 4 priority 
NDA009388,009388,TEVA WOMENS,ORIG,1,AP,1954-06-25 00:00:00,12,STANDARD,1954,data/raw/drugsatfda_data_files_1938_1964/Submissions_1938_1964.txt,https://www.accessdata.fda.gov/scripts/cder/daf/index.cfm?event=overview.process&varApplNo=009388,Verified - verbatim from official Drugs@FDA database extract,Official Drugs@FDA Submissions 1938-1964: Appl 009388 ORIG 1 status AP date 1954-06-25 00:00:00 class 12 priority STANDARD
NDA009386,009386,WAYLIS THERAP,ORIG,1,AP,1954-06-26 00:00:00,7,PRIORITY,1954,data/raw/drugsatfda_data_files_1938_1964/Submissions_1938_1964.txt,https://www.accessdata.fda.gov/scripts/cder/daf/index.cfm?event=overview.process&varApplNo=009386,Verified - verbatim from official Drugs@FDA database extract,Official Drugs@FDA Submissions 1938-1964: Appl 009386 ORIG 1 status AP date 1954-06-26 00:00:00 class 7 priority PRIORITY
NDA050275,050275,,ORIG,1,AP,1954-07-01 00:00:00,19,UNKNOWN,1954,data/raw/drugsatfda_data_files_1938_1964/Submissions_1938_1964.txt,https://www.accessdata.fda.gov/scripts/cder/daf/index.cfm?event=overview.process&varApplNo=050275,Verified - verbatim from official Drugs@FDA database extract,Official Drugs@FDA Submissions 1938-1964: Appl 050275 ORIG 1 status AP date 1954-07-01 00:00:00 class 19 priority UNKNOWN
NDA050276,050276,LEDERLE,ORIG,1,AP,1954-07-01 00:00:00,,,1954,data/raw/drugsatfda_data_files_1938_1964/Submissions_1938_1964.txt,https://www.accessdata.fda.gov/scripts/cder/daf/index.cfm?event=overview.process&varApplNo=050276,Verified - verbatim from official Drugs@FDA database extract,Official Drugs@FDA Submissions 1938-1964: Appl 050276 ORIG 1 status AP date 1954-07-01 00:00:00 class  priority 
NDA007600,007600,PARKEDALE,ORIG,1,AP,1954-07-09 00:00:00,7,STANDARD,1954,data/raw/drugsatfda_data_files_1938_1964/Submissions_1938_1964.txt,https://www.accessdata.fda.gov/scripts/cder/daf/index.cfm?event=overview.process&varApplNo=007600,Verified - verbatim from official Drugs@FDA database extract,Official Drugs@FDA Submissions 1938-1964: Appl 007600 ORIG 1 status AP date 1954-07-09 00:00:00 class 7 priority STANDARD
NDA009452,009452,BLULINE,ORIG,1,AP,1954-07-12 00:00:00,15,STANDARD,1954,data/raw/drugsatfda_data_files_1938_1964/Submissions_1938_1964.txt,https://www.accessdata.fda.gov/scripts/cder/daf/index.cfm?event=overview.process&varApplNo=009452,Verified - verbatim from official Drugs@FDA database extract,Official Drugs@FDA Submissions 1938-1964: Appl 009452 ORIG 1 status AP date 1954-07-12 00:00:00 class 15 priority STANDARD
NDA009402,009402,PH HEALTH,ORIG,1,AP,1954-07-15 00:00:00,19,UNKNOWN,1954,data/raw/drugsatfda_data_files_1938_1964/Submissions_1938_1964.txt,https://www.accessdata.fda.gov/scripts/cder/daf/index.cfm?event=overview.process&varApplNo=009402,Verified - verbatim from official Drugs@FDA database extract,Official Drugs@FDA Submissions 1938-1964: Appl 009402 ORIG 1 status AP date 1954-07-15 00:00:00 class 19 priority UNKNOWN
NDA050170,050170,,ORIG,1,AP,1954-08-04 00:00:00,19,UNKNOWN,1954,data/raw/drugsatfda_data_files_1938_1964/Submissions_1938_1964.txt,https://www.accessdata.fda.gov/scripts/cder/daf/index.cfm?event=overview.process&varApplNo=050170,Verified - verbatim from official Drugs@FDA database extract,Official Drugs@FDA Submissions 1938-1964: Appl 050170 ORIG 1 status AP date 1954-08-04 00:00:00 class 19 priority UNKNOWN
NDA009323,009323,,ORIG,1,AP,1954-08-13 00:00:00,,,1954,data/raw/drugsatfda_data_files_1938_1964/Submissions_1938_1964.txt,https://www.accessdata.fda.gov/scripts/cder/daf/index.cfm?event=overview.process&varApplNo=009323,Verified - verbatim from official Drugs@FDA database extract,Official Drugs@FDA Submissions 1938-1964: Appl 009323 ORIG 1 status AP date 1954-08-13 00:00:00 class  priority 
NDA009434,009434,NOVARTIS,ORIG,1,AP,1954-08-13 00:00:00,12,STANDARD,1954,data/raw/drugsatfda_data_files_1938_1964/Submissions_1938_1964.txt,https://www.accessdata.fda.gov/scripts/cder/daf/index.cfm?event=overview.process&varApplNo=009434,Verified - verbatim from official Drugs@FDA database extract,Official Drugs@FDA Submissions 1938-1964: Appl 009434 ORIG 1 status AP date 1954-08-13 00:00:00 class 12 priority STANDARD
NDA009460,009460,,ORIG,1,AP,1954-08-20 00:00:00,12,STANDARD,1954,data/raw/drugsatfda_data_files_1938_1964/Submissions_1938_1964.txt,https://www.accessdata.fda.gov/scripts/cder/daf/index.cfm?event=overview.process&varApplNo=009460,Verified - verbatim from official Drugs@FDA database extract,Official Drugs@FDA Submissions 1938-1964: Appl 009460 ORIG 1 status AP date 1954-08-20 00:00:00 class 12 priority STANDARD
NDA009470,009470,FRESENIUS KABI USA,ORIG,1,AP,1954-09-02 00:00:00,12,PRIORITY,1954,data/raw/drugsatfda_data_files_1938_1964/Submissions_1938_1964.txt,https://www.accessdata.fda.gov/scripts/cder/daf/index.cfm?event=overview.process&varApplNo=009470,Verified - verbatim from official Drugs@FDA database extract,Official Drugs@FDA Submissions 1938-1964: Appl 009470 ORIG 1 status AP date 1954-09-02 00:00:00 class 12 priority PRIORITY
NDA050138,050138,KING PHARMS LLC,SUPPL,8,AP,1954-09-13 00:00:00,4,,1954,data/raw/drugsatfda_data_files_1938_1964/Submissions_1938_1964.txt,https://www.accessdata.fda.gov/scripts/cder/daf/index.cfm?event=overview.process&varApplNo=050138,Verified - verbatim from official Drugs@FDA database extract,Official Drugs@FDA Submissions 1938-1964: Appl 050138 SUPPL 8 status AP date 1954-09-13 00:00:00 class 4 priority 
NDA008604,008604,ANI PHARMS,ORIG,1,AP,1954-09-14 00:00:00,14,STANDARD,1954,data/raw/drugsatfda_data_files_1938_1964/Submissions_1938_1964.txt,https://www.accessdata.fda.gov/scripts/cder/daf/index.cfm?event=overview.process&varApplNo=008604,Verified - verbatim from official Drugs@FDA database extract,Official Drugs@FDA Submissions 1938-1964: Appl 008604 ORIG 1 status AP date 1954-09-14 00:00:00 class 14 priority STANDARD
NDA009489,009489,LEDERLE,ORIG,1,AP,1954-09-15 00:00:00,7,STANDARD,1954,data/raw/drugsatfda_data_files_1938_1964/Submissions_1938_1964.txt,https://www.accessdata.fda.gov/scripts/cder/daf/index.cfm?event=overview.process&varApplNo=009489,Verified - verbatim from official Drugs@FDA database extract,Official Drugs@FDA Submissions 1938-1964: Appl 009489 ORIG 1 status AP date 1954-09-15 00:00:00 class 7 priority STANDARD
NDA009346,009346,,ORIG,1,AP,1954-09-17 00:00:00,,,1954,data/raw/drugsatfda_data_files_1938_1964/Submissions_1938_1964.txt,https://www.accessdata.fda.gov/scripts/cder/daf/index.cfm?event=overview.process&varApplNo=009346,Verified - verbatim from official Drugs@FDA database extract,Official Drugs@FDA Submissions 1938-1964: Appl 009346 ORIG 1 status AP date 1954-09-17 00:00:00 class  priority 
NDA009479,009479,,ORIG,1,AP,1954-09-17 00:00:00,15,STANDARD,1954,data/raw/drugsatfda_data_files_1938_1964/Submissions_1938_1964.txt,https://www.accessdata.fda.gov/scripts/cder/daf/index.cfm?event=overview.process&varApplNo=009479,Verified - verbatim from official Drugs@FDA database extract,Official Drugs@FDA Submissions 1938-1964: Appl 009479 ORIG 1 status AP date 1954-09-17 00:00:00 class 15 priority STANDARD
NDA060429,060429,APOTHECON,ORIG,1,AP,1954-09-17 00:00:00,,,1954,data/raw/drugsatfda_data_files_1938_1964/Submissions_1938_1964.txt,https://www.accessdata.fda.gov/scripts/cder/daf/index.cfm?event=overview.process&varApplNo=060429,Verified - verbatim from official Drugs@FDA database extract,Official Drugs@FDA Submissions 1938-1964: Appl 060429 ORIG 1 status AP date 1954-09-17 00:00:00 class  priority 
NDA009410,009410,SANOFI AVENTIS US,ORIG,1,AP,1954-09-21 00:00:00,7,STANDARD,1954,data/raw/drugsatfda_data_files_1938_1964/Submissions_1938_1964.txt,https://www.accessdata.fda.gov/scripts/cder/daf/index.cfm?event=overview.process&varApplNo=009410,Verified - verbatim from official Drugs@FDA database extract,Official Drugs@FDA Submissions 1938-1964: Appl 009410 ORIG 1 status AP date 1954-09-21 00:00:00 class 7 priority STANDARD
NDA009515,009515,,ORIG,1,AP,1954-09-23 00:00:00,,,1954,data/raw/drugsatfda_data_files_1938_1964/Submissions_1938_1964.txt,https://www.accessdata.fda.gov/scripts/cder/daf/index.cfm?event=overview.process&varApplNo=009515,Verified - verbatim from official Drugs@FDA database extract,Official Drugs@FDA Submissions 1938-1964: Appl 009515 ORIG 1 status AP date 1954-09-23 00:00:00 class  priority 
NDA009495,009495,GLAXOSMITHKLINE,ORIG,1,AP,1954-09-24 00:00:00,9,STANDARD,1954,data/raw/drugsatfda_data_files_1938_1964/Submissions_1938_1964.txt,https://www.accessdata.fda.gov/scripts/cder/daf/index.cfm?event=overview.process&varApplNo=009495,Verified - verbatim from official Drugs@FDA database extract,Official Drugs@FDA Submissions 1938-1964: Appl 009495 ORIG 1 status AP date 1954-09-24 00:00:00 class 9 priority STANDARD
NDA050276,050276,LEDERLE,SUPPL,2,AP,1954-09-24 00:00:00,3,,1954,data/raw/drugsatfda_data_files_1938_1964/Submissions_1938_1964.txt,https://www.accessdata.fda.gov/scripts/cder/daf/index.cfm?event=overview.process&varApplNo=050276,Verified - verbatim from official Drugs@FDA database extract,Official Drugs@FDA Submissions 1938-1964: Appl 050276 SUPPL 2 status AP date 1954-09-24 00:00:00 class 3 priority 
NDA060347,060347,PHARMACIA AND UPJOHN,ORIG,1,AP,1954-09-28 00:00:00,,,1954,data/raw/drugsatfda_data_files_1938_1964/Submissions_1938_1964.txt,https://www.accessdata.fda.gov/scripts/cder/daf/index.cfm?event=overview.process&varApplNo=060347,Verified - verbatim from official Drugs@FDA database extract,Official Drugs@FDA Submissions 1938-1964: Appl 060347 ORIG 1 status AP date 1954-09-28 00:00:00 class  priority 
NDA009509,009509,MERCK,ORIG,1,AP,1954-09-29 00:00:00,12,PRIORITY,1954,data/raw/drugsatfda_data_files_1938_1964/Submissions_1938_1964.txt,https://www.accessdata.fda.gov/scripts/cder/daf/index.cfm?event=overview.process&varApplNo=009509,Verified - verbatim from official Drugs@FDA database extract,Official Drugs@FDA Submissions 1938-1964: Appl 009509 ORIG 1 status AP date 1954-09-29 00:00:00 class 12 priority PRIORITY
NDA009524,009524,,ORIG,1,AP,1954-10-18 00:00:00,14,STANDARD,1954,data/raw/drugsatfda_data_files_1938_1964/Submissions_1938_1964.txt,https://www.accessdata.fda.gov/scripts/cder/daf/index.cfm?event=overview.process&varApplNo=009524,Verified - verbatim from official Drugs@FDA database extract,Official Drugs@FDA Submissions 1938-1964: Appl 009524 ORIG 1 status AP date 1954-10-18 00:00:00 class 14 priority STANDARD
NDA050141,050141,KING PHARMS LLC,SUPPL,24,AP,1954-10-21 00:00:00,2,,1954,data/raw/drugsatfda_data_files_1938_1964/Submissions_1938_1964.txt,https://www.accessdata.fda.gov/scripts/cder/daf/index.cfm?event=overview.process&varApplNo=050141,Verified - verbatim from official Drugs@FDA database extract,Official Drugs@FDA Submissions 1938-1964: Appl 050141 SUPPL 24 status AP date 1954-10-21 00:00:00 class 2 priority 
NDA050273,050273,LEDERLE,SUPPL,14,AP,1954-10-27 00:00:00,4,,1954,data/raw/drugsatfda_data_files_1938_1964/Submissions_1938_1964.txt,https://www.accessdata.fda.gov/scripts/cder/daf/index.cfm?event=overview.process&varApplNo=050273,Verified - verbatim from official Drugs@FDA database extract,Official Drugs@FDA Submissions 1938-1964: Appl 050273 SUPPL 14 status AP date 1954-10-27 00:00:00 class 4 priority 
NDA050141,050141,KING PHARMS LLC,SUPPL,28,AP,1954-11-08 00:00:00,3,,1954,data/raw/drugsatfda_data_files_1938_1964/Submissions_1938_1964.txt,https://www.accessdata.fda.gov/scripts/cder/daf/index.cfm?event=overview.process&varApplNo=050141,Verified - verbatim from official Drugs@FDA database extract,Official Drugs@FDA Submissions 1938-1964: Appl 050141 SUPPL 28 status AP date 1954-11-08 00:00:00 class 3 priority 
NDA050141,050141,KING PHARMS LLC,SUPPL,27,AP,1954-11-08 00:00:00,3,,1954,data/raw/drugsatfda_data_files_1938_1964/Submissions_1938_1964.txt,https://www.accessdata.fda.gov/scripts/cder/daf/index.cfm?event=overview.process&varApplNo=050141,Verified - verbatim from official Drugs@FDA database extract,Official Drugs@FDA Submissions 1938-1964: Appl 050141 SUPPL 27 status AP date 1954-11-08 00:00:00 class 3 priority 
NDA009330,009330,AZURITY,ORIG,1,AP,1954-11-16 00:00:00,7,PRIORITY,1954,data/raw/drugsatfda_data_files_1938_1964/Submissions_1938_1964.txt,https://www.accessdata.fda.gov/scripts/cder/daf/index.cfm?event=overview.process&varApplNo=009330,Verified - verbatim from official Drugs@FDA database extract,Official Drugs@FDA Submissions 1938-1964: Appl 009330 ORIG 1 status AP date 1954-11-16 00:00:00 class 7 priority PRIORITY
NDA050141,050141,KING PHARMS LLC,SUPPL,26,AP,1954-11-16 00:00:00,4,,1954,data/raw/drugsatfda_data_files_1938_1964/Submissions_1938_1964.txt,https://www.accessdata.fda.gov/scripts/cder/daf/index.cfm?event=overview.process&varApplNo=050141,Verified - verbatim from official Drugs@FDA database extract,Official Drugs@FDA Submissions 1938-1964: Appl 050141 SUPPL 26 status AP date 1954-11-16 00:00:00 class 4 priority 
NDA050141,050141,KING PHARMS LLC,SUPPL,25,AP,1954-11-16 00:00:00,4,,1954,data/raw/drugsatfda_data_files_1938_1964/Submissions_1938_1964.txt,https://www.accessdata.fda.gov/scripts/cder/daf/index.cfm?event=overview.process&varApplNo=050141,Verified - verbatim from official Drugs@FDA database extract,Official Drugs@FDA Submissions 1938-1964: Appl 050141 SUPPL 25 status AP date 1954-11-16 00:00:00 class 4 priority 
NDA009561,009561,GE HEALTHCARE,ORIG,1,AP,1954-11-26 00:00:00,7,PRIORITY,1954,data/raw/drugsatfda_data_files_1938_1964/Submissions_1938_1964.txt,https://www.accessdata.fda.gov/scripts/cder/daf/index.cfm?event=overview.process&varApplNo=009561,Verified - verbatim from official Drugs@FDA database extract,Official Drugs@FDA Submissions 1938-1964: Appl 009561 ORIG 1 status AP date 1954-11-26 00:00:00 class 7 priority PRIORITY
NDA050276,050276,LEDERLE,SUPPL,3,AP,1954-11-29 00:00:00,4,,1954,data/raw/drugsatfda_data_files_1938_1964/Submissions_1938_1964.txt,https://www.accessdata.fda.gov/scripts/cder/daf/index.cfm?event=overview.process&varApplNo=050276,Verified - verbatim from official Drugs@FDA database extract,Official Drugs@FDA Submissions 1938-1964: Appl 050276 SUPPL 3 status AP date 1954-11-29 00:00:00 class 4 priority 
NDA009048,009048,VALEANT PHARM INTL,ORIG,1,AP,1954-12-03 00:00:00,7,PRIORITY,1954,data/raw/drugsatfda_data_files_1938_1964/Submissions_1938_1964.txt,https://www.accessdata.fda.gov/scripts/cder/daf/index.cfm?event=overview.process&varApplNo=009048,Verified - verbatim from official Drugs@FDA database extract,Official Drugs@FDA Submissions 1938-1964: Appl 009048 ORIG 1 status AP date 1954-12-03 00:00:00 class 7 priority PRIORITY
NDA050138,050138,KING PHARMS LLC,SUPPL,9,AP,1954-12-06 00:00:00,3,,1954,data/raw/drugsatfda_data_files_1938_1964/Submissions_1938_1964.txt,https://www.accessdata.fda.gov/scripts/cder/daf/index.cfm?event=overview.process&varApplNo=050138,Verified - verbatim from official Drugs@FDA database extract,Official Drugs@FDA Submissions 1938-1964: Appl 050138 SUPPL 9 status AP date 1954-12-06 00:00:00 class 3 priority 
NDA009632,009632,,ORIG,1,AP,1954-12-31 00:00:00,15,STANDARD,1954,data/raw/drugsatfda_data_files_1938_1964/Submissions_1938_1964.txt,https://www.accessdata.fda.gov/scripts/cder/daf/index.cfm?event=overview.process&varApplNo=009632,Verified - verbatim from official Drugs@FDA database extract,Official Drugs@FDA Submissions 1938-1964: Appl 009632 ORIG 1 status AP date 1954-12-31 00:00:00 class 15 priority STANDARD
NDA060276,060276,,ORIG,1,AP,1955-01-07 00:00:00,,,1955,data/raw/drugsatfda_data_files_1938_1964/Submissions_1938_1964.txt,https://www.accessdata.fda.gov/scripts/cder/daf/index.cfm?event=overview.process&varApplNo=060276,Verified - verbatim from official Drugs@FDA database extract,Official Drugs@FDA Submissions 1938-1964: Appl 060276 ORIG 1 status AP date 1955-01-07 00:00:00 class  priority 
NDA009472,009472,,ORIG,1,AP,1955-01-12 00:00:00,,,1955,data/raw/drugsatfda_data_files_1938_1964/Submissions_1938_1964.txt,https://www.accessdata.fda.gov/scripts/cder/daf/index.cfm?event=overview.process&varApplNo=009472,Verified - verbatim from official Drugs@FDA database extract,Official Drugs@FDA Submissions 1938-1964: Appl 009472 ORIG 1 status AP date 1955-01-12 00:00:00 class  priority 
NDA009660,009660,ROCHE,ORIG,1,AP,1955-01-18 00:00:00,7,STANDARD,1955,data/raw/drugsatfda_data_files_1938_1964/Submissions_1938_1964.txt,https://www.accessdata.fda.gov/scripts/cder/daf/index.cfm?event=overview.process&varApplNo=009660,Verified - verbatim from official Drugs@FDA database extract,Official Drugs@FDA Submissions 1938-1964: Appl 009660 ORIG 1 status AP date 1955-01-18 00:00:00 class 7 priority STANDARD
NDA009659,009659,PANRAY,ORIG,1,AP,1955-01-19 00:00:00,15,STANDARD,1955,data/raw/drugsatfda_data_files_1938_1964/Submissions_1938_1964.txt,https://www.accessdata.fda.gov/scripts/cder/daf/index.cfm?event=overview.process&varApplNo=009659,Verified - verbatim from official Drugs@FDA database extract,Official Drugs@FDA Submissions 1938-1964: Appl 009659 ORIG 1 status AP date 1955-01-19 00:00:00 class 15 priority STANDARD
NDA050263,050263,LEDERLE,ORIG,1,AP,1955-01-27 00:00:00,,,1955,data/raw/drugsatfda_data_files_1938_1964/Submissions_1938_1964.txt,https://www.accessdata.fda.gov/scripts/cder/daf/index.cfm?event=overview.process&varApplNo=050263,Verified - verbatim from official Drugs@FDA database extract,Official Drugs@FDA Submissions 1938-1964: Appl 050263 ORIG 1 status AP date 1955-01-27 00:00:00 class  priority 
NDA050141,050141,KING PHARMS LLC,SUPPL,29,AP,1955-02-02 00:00:00,2,,1955,data/raw/drugsatfda_data_files_1938_1964/Submissions_1938_1964.txt,https://www.accessdata.fda.gov/scripts/cder/daf/index.cfm?event=overview.process&varApplNo=050141,Verified - verbatim from official Drugs@FDA database extract,Official Drugs@FDA Submissions 1938-1964: Appl 050141 SUPPL 29 status AP date 1955-02-02 00:00:00 class 2 priority 
NDA050141,050141,KING PHARMS LLC,SUPPL,30,AP,1955-02-08 00:00:00,3,,1955,data/raw/drugsatfda_data_files_1938_1964/Submissions_1938_1964.txt,https://www.accessdata.fda.gov/scripts/cder/daf/index.cfm?event=overview.process&varApplNo=050141,Verified - verbatim from official Drugs@FDA database extract,Official Drugs@FDA Submissions 1938-1964: Appl 050141 SUPPL 30 status AP date 1955-02-08 00:00:00 class 3 priority 
NDA009205,009205,,ORIG,1,AP,1955-02-15 00:00:00,7,STANDARD,1955,data/raw/drugsatfda_data_files_1938_1964/Submissions_1938_1964.txt,https://www.accessdata.fda.gov/scripts/cder/daf/index.cfm?event=overview.process&varApplNo=009205,Verified - verbatim from official Drugs@FDA database extract,Official Drugs@FDA Submissions 1938-1964: Appl 009205 ORIG 1 status AP date 1955-02-15 00:00:00 class 7 priority STANDARD
NDA009817,009817,,ORIG,1,AP,1955-02-18 00:00:00,15,STANDARD,1955,data/raw/drugsatfda_data_files_1938_1964/Submissions_1938_1964.txt,https://www.accessdata.fda.gov/scripts/cder/daf/index.cfm?event=overview.process&varApplNo=009817,Verified - verbatim from official Drugs@FDA database extract,Official Drugs@FDA Submissions 1938-1964: Appl 009817 ORIG 1 status AP date 1955-02-18 00:00:00 class 15 priority STANDARD
NDA009766,009766,SCHERING,ORIG,1,AP,1955-02-21 00:00:00,7,PRIORITY,1955,data/raw/drugsatfda_data_files_1938_1964/Submissions_1938_1964.txt,https://www.accessdata.fda.gov/scripts/cder/daf/index.cfm?event=overview.process&varApplNo=009766,Verified - verbatim from official Drugs@FDA database extract,Official Drugs@FDA Submissions 1938-1964: Appl 009766 ORIG 1 status AP date 1955-02-21 00:00:00 class 7 priority PRIORITY
NDA050256,050256,,ORIG,1,AP,1955-03-02 00:00:00,,,1955,data/raw/drugsatfda_data_files_1938_1964/Submissions_1938_1964.txt,https://www.accessdata.fda.gov/scripts/cder/daf/index.cfm?event=overview.process&varApplNo=050256,Verified - verbatim from official Drugs@FDA database extract,Official Drugs@FDA Submissions 1938-1964: Appl 050256 ORIG 1 status AP date 1955-03-02 00:00:00 class  priority 
NDA050273,050273,LEDERLE,SUPPL,15,AP,1955-03-03 00:00:00,3,,1955,data/raw/drugsatfda_data_files_1938_1964/Submissions_1938_1964.txt,https://www.accessdata.fda.gov/scripts/cder/daf/index.cfm?event=overview.process&varApplNo=050273,Verified - verbatim from official Drugs@FDA database extract,Official Drugs@FDA Submissions 1938-1964: Appl 050273 SUPPL 15 status AP date 1955-03-03 00:00:00 class 3 priority 
NDA009788,009788,,ORIG,1,AP,1955-03-04 00:00:00,15,STANDARD,1955,data/raw/drugsatfda_data_files_1938_1964/Submissions_1938_1964.txt,https://www.accessdata.fda.gov/scripts/cder/daf/index.cfm?event=overview.process&varApplNo=009788,Verified - verbatim from official Drugs@FDA database extract,Official Drugs@FDA Submissions 1938-1964: Appl 009788 ORIG 1 status AP date 1955-03-04 00:00:00 class 15 priority STANDARD
NDA050276,050276,LEDERLE,SUPPL,5,AP,1955-03-04 00:00:00,4,,1955,data/raw/drugsatfda_data_files_1938_1964/Submissions_1938_1964.txt,https://www.accessdata.fda.gov/scripts/cder/daf/index.cfm?event=overview.process&varApplNo=050276,Verified - verbatim from official Drugs@FDA database extract,Official Drugs@FDA Submissions 1938-1964: Appl 050276 SUPPL 5 status AP date 1955-03-04 00:00:00 class 4 priority 
NDA009435,009435,FRESENIUS KABI USA,ORIG,1,AP,1955-03-11 00:00:00,7,PRIORITY,1955,data/raw/drugsatfda_data_files_1938_1964/Submissions_1938_1964.txt,https://www.accessdata.fda.gov/scripts/cder/daf/index.cfm?event=overview.process&varApplNo=009435,Verified - verbatim from official Drugs@FDA database extract,Official Drugs@FDA Submissions 1938-1964: Appl 009435 ORIG 1 status AP date 1955-03-11 00:00:00 class 7 priority PRIORITY
NDA009750,009750,DISTA,ORIG,1,AP,1955-03-18 00:00:00,7,STANDARD,1955,data/raw/drugsatfda_data_files_1938_1964/Submissions_1938_1964.txt,https://www.accessdata.fda.gov/scripts/cder/daf/index.cfm?event=overview.process&varApplNo=009750,Verified - verbatim from official Drugs@FDA database extract,Official Drugs@FDA Submissions 1938-1964: Appl 009750 ORIG 1 status AP date 1955-03-18 00:00:00 class 7 priority STANDARD
NDA009838,009838,SANDOZ,ORIG,1,AP,1955-03-24 00:00:00,15,STANDARD,1955,data/raw/drugsatfda_data_files_1938_1964/Submissions_1938_1964.txt,https://www.accessdata.fda.gov/scripts/cder/daf/index.cfm?event=overview.process&varApplNo=009838,Verified - verbatim from official Drugs@FDA database extract,Official Drugs@FDA Submissions 1938-1964: Appl 009838 ORIG 1 status AP date 1955-03-24 00:00:00 class 15 priority STANDARD
NDA009816,009816,,ORIG,1,AP,1955-03-29 00:00:00,15,STANDARD,1955,data/raw/drugsatfda_data_files_1938_1964/Submissions_1938_1964.txt,https://www.accessdata.fda.gov/scripts/cder/daf/index.cfm?event=overview.process&varApplNo=009816,Verified - verbatim from official Drugs@FDA database extract,Official Drugs@FDA Submissions 1938-1964: Appl 009816 ORIG 1 status AP date 1955-03-29 00:00:00 class 15 priority STANDARD
NDA050141,050141,KING PHARMS LLC,SUPPL,31,AP,1955-04-01 00:00:00,3,,1955,data/raw/drugsatfda_data_files_1938_1964/Submissions_1938_1964.txt,https://www.accessdata.fda.gov/scripts/cder/daf/index.cfm?event=overview.process&varApplNo=050141,Verified - verbatim from official Drugs@FDA database extract,Official Drugs@FDA Submissions 1938-1964: Appl 050141 SUPPL 31 status AP date 1955-04-01 00:00:00 class 3 priority 
NDA009829,009829,BAUSCH,ORIG,1,AP,1955-04-06 00:00:00,7,STANDARD,1955,data/raw/drugsatfda_data_files_1938_1964/Submissions_1938_1964.txt,https://www.accessdata.fda.gov/scripts/cder/daf/index.cfm?event=overview.process&varApplNo=009829,Verified - verbatim from official Drugs@FDA database extract,Official Drugs@FDA Submissions 1938-1964: Appl 009829 ORIG 1 status AP date 1955-04-06 00:00:00 class 7 priority STANDARD
NDA009768,009768,ADVANZ PHARMA,ORIG,1,AP,1955-04-18 00:00:00,7,STANDARD,1955,data/raw/drugsatfda_data_files_1938_1964/Submissions_1938_1964.txt,https://www.accessdata.fda.gov/scripts/cder/daf/index.cfm?event=overview.process&varApplNo=009768,Verified - verbatim from official Drugs@FDA database extract,Official Drugs@FDA Submissions 1938-1964: Appl 009768 ORIG 1 status AP date 1955-04-18 00:00:00 class 7 priority STANDARD
NDA009866,009866,PHARMACIA AND UPJOHN,ORIG,1,AP,1955-04-27 00:00:00,9,STANDARD,1955,data/raw/drugsatfda_data_files_1938_1964/Submissions_1938_1964.txt,https://www.accessdata.fda.gov/scripts/cder/daf/index.cfm?event=overview.process&varApplNo=009866,Verified - verbatim from official Drugs@FDA database extract,Official Drugs@FDA Submissions 1938-1964: Appl 009866 ORIG 1 status AP date 1955-04-27 00:00:00 class 9 priority STANDARD
NDA009698,009698,MEDPOINTE PHARM HLC,ORIG,1,AP,1955-04-28 00:00:00,15,STANDARD,1955,data/raw/drugsatfda_data_files_1938_1964/Submissions_1938_1964.txt,https://www.accessdata.fda.gov/scripts/cder/daf/index.cfm?event=overview.process&varApplNo=009698,Verified - verbatim from official Drugs@FDA database extract,Official Drugs@FDA Submissions 1938-1964: Appl 009698 ORIG 1 status AP date 1955-04-28 00:00:00 class 15 priority STANDARD
NDA009112,009112,JOURNEY,ORIG,1,AP,1955-04-29 00:00:00,12,STANDARD,1955,data/raw/drugsatfda_data_files_1938_1964/Submissions_1938_1964.txt,https://www.accessdata.fda.gov/scripts/cder/daf/index.cfm?event=overview.process&varApplNo=009112,Verified - verbatim from official Drugs@FDA database extract,Official Drugs@FDA Submissions 1938-1964: Appl 009112 ORIG 1 status AP date 1955-04-29 00:00:00 class 12 priority STANDARD
NDA050138,050138,KING PHARMS LLC,SUPPL,10,AP,1955-05-04 00:00:00,3,,1955,data/raw/drugsatfda_data_files_1938_1964/Submissions_1938_1964.txt,https://www.accessdata.fda.gov/scripts/cder/daf/index.cfm?event=overview.process&varApplNo=050138,Verified - verbatim from official Drugs@FDA database extract,Official Drugs@FDA Submissions 1938-1964: Appl 050138 SUPPL 10 status AP date 1955-05-04 00:00:00 class 3 priority 
NDA009900,009900,PHARMACIA AND UPJOHN,ORIG,1,AP,1955-05-10 00:00:00,12,STANDARD,1955,data/raw/drugsatfda_data_files_1938_1964/Submissions_1938_1964.txt,https://www.accessdata.fda.gov/scripts/cder/daf/index.cfm?event=overview.process&varApplNo=009900,Verified - verbatim from official Drugs@FDA database extract,Official Drugs@FDA Submissions 1938-1964: Appl 009900 ORIG 1 status AP date 1955-05-10 00:00:00 class 12 priority STANDARD
NDA050141,050141,KING PHARMS LLC,SUPPL,32,AP,1955-05-10 00:00:00,3,,1955,data/raw/drugsatfda_data_files_1938_1964/Submissions_1938_1964.txt,https://www.accessdata.fda.gov/scripts/cder/daf/index.cfm?event=overview.process&varApplNo=050141,Verified - verbatim from official Drugs@FDA database extract,Official Drugs@FDA Submissions 1938-1964: Appl 050141 SUPPL 32 status AP date 1955-05-10 00:00:00 class 3 priority 
NDA010255,010255,SCHERING,ORIG,1,AP,1955-05-22 00:00:00,12,STANDARD,1955,data/raw/drugsatfda_data_files_1938_1964/Submissions_1938_1964.txt,https://www.accessdata.fda.gov/scripts/cder/daf/index.cfm?event=overview.process&varApplNo=010255,Verified - verbatim from official Drugs@FDA database extract,Official Drugs@FDA Submissions 1938-1964: Appl 010255 ORIG 1 status AP date 1955-05-22 00:00:00 class 12 priority STANDARD
NDA009942,009942,,ORIG,1,AP,1955-05-24 00:00:00,,,1955,data/raw/drugsatfda_data_files_1938_1964/Submissions_1938_1964.txt,https://www.accessdata.fda.gov/scripts/cder/daf/index.cfm?event=overview.process&varApplNo=009942,Verified - verbatim from official Drugs@FDA database extract,Official Drugs@FDA Submissions 1938-1964: Appl 009942 ORIG 1 status AP date 1955-05-24 00:00:00 class  priority 
NDA009939,009939,,ORIG,1,AP,1955-05-26 00:00:00,,STANDARD,1955,data/raw/drugsatfda_data_files_1938_1964/Submissions_1938_1964.txt,https://www.accessdata.fda.gov/scripts/cder/daf/index.cfm?event=overview.process&varApplNo=009939,Verified - verbatim from official Drugs@FDA database extract,Official Drugs@FDA Submissions 1938-1964: Appl 009939 ORIG 1 status AP date 1955-05-26 00:00:00 class  priority STANDARD
NDA050138,050138,KING PHARMS LLC,SUPPL,11,AP,1955-05-26 00:00:00,3,,1955,data/raw/drugsatfda_data_files_1938_1964/Submissions_1938_1964.txt,https://www.accessdata.fda.gov/scripts/cder/daf/index.cfm?event=overview.process&varApplNo=050138,Verified - verbatim from official Drugs@FDA database extract,Official Drugs@FDA Submissions 1938-1964: Appl 050138 SUPPL 11 status AP date 1955-05-26 00:00:00 class 3 priority 
NDA050141,050141,KING PHARMS LLC,SUPPL,33,AP,1955-05-26 00:00:00,3,,1955,data/raw/drugsatfda_data_files_1938_1964/Submissions_1938_1964.txt,https://www.accessdata.fda.gov/scripts/cder/daf/index.cfm?event=overview.process&varApplNo=050141,Verified - verbatim from official Drugs@FDA database extract,Official Drugs@FDA Submissions 1938-1964: Appl 050141 SUPPL 33 status AP date 1955-05-26 00:00:00 class 3 priority 
NDA050263,050263,LEDERLE,SUPPL,1,AP,1955-06-03 00:00:00,4,,1955,data/raw/drugsatfda_data_files_1938_1964/Submissions_1938_1964.txt,https://www.accessdata.fda.gov/scripts/cder/daf/index.cfm?event=overview.process&varApplNo=050263,Verified - verbatim from official Drugs@FDA database extract,Official Drugs@FDA Submissions 1938-1964: Appl 050263 SUPPL 1 status AP date 1955-06-03 00:00:00 class 4 priority 
NDA008717,008717,,ORIG,1,AP,1955-06-13 00:00:00,15,STANDARD,1955,data/raw/drugsatfda_data_files_1938_1964/Submissions_1938_1964.txt,https://www.accessdata.fda.gov/scripts/cder/daf/index.cfm?event=overview.process&varApplNo=008717,Verified - verbatim from official Drugs@FDA database extract,Official Drugs@FDA Submissions 1938-1964: Appl 008717 ORIG 1 status AP date 1955-06-13 00:00:00 class 15 priority STANDARD
NDA009986,009986,PHARMACIA AND UPJOHN,ORIG,1,AP,1955-06-21 00:00:00,15,STANDARD,1955,data/raw/drugsatfda_data_files_1938_1964/Submissions_1938_1964.txt,https://www.accessdata.fda.gov/scripts/cder/daf/index.cfm?event=overview.process&varApplNo=009986,Verified - verbatim from official Drugs@FDA database extract,Official Drugs@FDA Submissions 1938-1964: Appl 009986 ORIG 1 status AP date 1955-06-21 00:00:00 class 15 priority STANDARD
NDA009987,009987,PHARMACIA AND UPJOHN,ORIG,1,AP,1955-06-21 00:00:00,7,STANDARD,1955,data/raw/drugsatfda_data_files_1938_1964/Submissions_1938_1964.txt,https://www.accessdata.fda.gov/scripts/cder/daf/index.cfm?event=overview.process&varApplNo=009987,Verified - verbatim from official Drugs@FDA database extract,Official Drugs@FDA Submissions 1938-1964: Appl 009987 ORIG 1 status AP date 1955-06-21 00:00:00 class 7 priority STANDARD
NDA050141,050141,KING PHARMS LLC,SUPPL,34,AP,1955-06-22 00:00:00,2,,1955,data/raw/drugsatfda_data_files_1938_1964/Submissions_1938_1964.txt,https://www.accessdata.fda.gov/scripts/cder/daf/index.cfm?event=overview.process&varApplNo=050141,Verified - verbatim from official Drugs@FDA database extract,Official Drugs@FDA Submissions 1938-1964: Appl 050141 SUPPL 34 status AP date 1955-06-22 00:00:00 class 2 priority 
NDA009996,009996,PFIZER,ORIG,1,AP,1955-07-01 00:00:00,15,STANDARD,1955,data/raw/drugsatfda_data_files_1938_1964/Submissions_1938_1964.txt,https://www.accessdata.fda.gov/scripts/cder/daf/index.cfm?event=overview.process&varApplNo=009996,Verified - verbatim from official Drugs@FDA database extract,Official Drugs@FDA Submissions 1938-1964: Appl 009996 ORIG 1 status AP date 1955-07-01 00:00:00 class 15 priority STANDARD
NDA050263,050263,LEDERLE,SUPPL,3,AP,1955-07-06 00:00:00,4,,1955,data/raw/drugsatfda_data_files_1938_1964/Submissions_1938_1964.txt,https://www.accessdata.fda.gov/scripts/cder/daf/index.cfm?event=overview.process&varApplNo=050263,Verified - verbatim from official Drugs@FDA database extract,Official Drugs@FDA Submissions 1938-1964: Appl 050263 SUPPL 3 status AP date 1955-07-06 00:00:00 class 4 priority 
NDA050263,050263,LEDERLE,SUPPL,4,AP,1955-07-13 00:00:00,4,,1955,data/raw/drugsatfda_data_files_1938_1964/Submissions_1938_1964.txt,https://www.accessdata.fda.gov/scripts/cder/daf/index.cfm?event=overview.process&varApplNo=050263,Verified - verbatim from official Drugs@FDA database extract,Official Drugs@FDA Submissions 1938-1964: Appl 050263 SUPPL 4 status AP date 1955-07-13 00:00:00 class 4 priority 
NDA050138,050138,KING PHARMS LLC,SUPPL,14,AP,1955-07-15 00:00:00,4,,1955,data/raw/drugsatfda_data_files_1938_1964/Submissions_1938_1964.txt,https://www.accessdata.fda.gov/scripts/cder/daf/index.cfm?event=overview.process&varApplNo=050138,Verified - verbatim from official Drugs@FDA database extract,Official Drugs@FDA Submissions 1938-1964: Appl 050138 SUPPL 14 status AP date 1955-07-15 00:00:00 class 4 priority 
NDA050276,050276,LEDERLE,SUPPL,13,AP,1955-07-18 00:00:00,4,,1955,data/raw/drugsatfda_data_files_1938_1964/Submissions_1938_1964.txt,https://www.accessdata.fda.gov/scripts/cder/daf/index.cfm?event=overview.process&varApplNo=050276,Verified - verbatim from official Drugs@FDA database extract,Official Drugs@FDA Submissions 1938-1964: Appl 050276 SUPPL 13 status AP date 1955-07-18 00:00:00 class 4 priority 
NDA010028,010028,WYETH AYERST,ORIG,1,AP,1955-07-26 00:00:00,7,PRIORITY,1955,data/raw/drugsatfda_data_files_1938_1964/Submissions_1938_1964.txt,https://www.accessdata.fda.gov/scripts/cder/daf/index.cfm?event=overview.process&varApplNo=010028,Verified - verbatim from official Drugs@FDA database extract,Official Drugs@FDA Submissions 1938-1964: Appl 010028 ORIG 1 status AP date 1955-07-26 00:00:00 class 7 priority PRIORITY
NDA009818,009818,MONARCH PHARMS,ORIG,1,AP,1955-07-27 00:00:00,7,STANDARD,1955,data/raw/drugsatfda_data_files_1938_1964/Submissions_1938_1964.txt,https://www.accessdata.fda.gov/scripts/cder/daf/index.cfm?event=overview.process&varApplNo=009818,Verified - verbatim from official Drugs@FDA database extract,Official Drugs@FDA Submissions 1938-1964: Appl 009818 ORIG 1 status AP date 1955-07-27 00:00:00 class 7 priority STANDARD
NDA010051,010051,,ORIG,1,AP,1955-07-28 00:00:00,,,1955,data/raw/drugsatfda_data_files_1938_1964/Submissions_1938_1964.txt,https://www.accessdata.fda.gov/scripts/cder/daf/index.cfm?event=overview.process&varApplNo=010051,Verified - verbatim from official Drugs@FDA database extract,Official Drugs@FDA Submissions 1938-1964: Appl 010051 ORIG 1 status AP date 1955-07-28 00:00:00 class  priority 
NDA006925,006925,,ORIG,1,AP,1955-07-29 00:00:00,7,STANDARD,1955,data/raw/drugsatfda_data_files_1938_1964/Submissions_1938_1964.txt,https://www.accessdata.fda.gov/scripts/cder/daf/index.cfm?event=overview.process&varApplNo=006925,Verified - verbatim from official Drugs@FDA database extract,Official Drugs@FDA Submissions 1938-1964: Appl 006925 ORIG 1 status AP date 1955-07-29 00:00:00 class 7 priority STANDARD
NDA009854,009854,ANI PHARMS,ORIG,1,AP,1955-07-29 00:00:00,9,PRIORITY,1955,data/raw/drugsatfda_data_files_1938_1964/Submissions_1938_1964.txt,https://www.accessdata.fda.gov/scripts/cder/daf/index.cfm?event=overview.process&varApplNo=009854,Verified - verbatim from official Drugs@FDA database extract,Official Drugs@FDA Submissions 1938-1964: Appl 009854 ORIG 1 status AP date 1955-07-29 00:00:00 class 9 priority PRIORITY
NDA010040,010040,BRACCO,ORIG,1,AP,1955-08-02 00:00:00,11,STANDARD,1955,data/raw/drugsatfda_data_files_1938_1964/Submissions_1938_1964.txt,https://www.accessdata.fda.gov/scripts/cder/daf/index.cfm?event=overview.process&varApplNo=010040,Verified - verbatim from official Drugs@FDA database extract,Official Drugs@FDA Submissions 1938-1964: Appl 010040 ORIG 1 status AP date 1955-08-02 00:00:00 class 11 priority STANDARD
NDA010039,010039,,ORIG,1,AP,1955-08-11 00:00:00,,,1955,data/raw/drugsatfda_data_files_1938_1964/Submissions_1938_1964.txt,https://www.accessdata.fda.gov/scripts/cder/daf/index.cfm?event=overview.process&varApplNo=010039,Verified - verbatim from official Drugs@FDA database extract,Official Drugs@FDA Submissions 1938-1964: Appl 010039 ORIG 1 status AP date 1955-08-11 00:00:00 class  priority 
NDA009115,009115,NOVARTIS,ORIG,1,AP,1955-08-12 00:00:00,9,PRIORITY,1955,data/raw/drugsatfda_data_files_1938_1964/Submissions_1938_1964.txt,https://www.accessdata.fda.gov/scripts/cder/daf/index.cfm?event=overview.process&varApplNo=009115,Verified - verbatim from official Drugs@FDA database extract,Official Drugs@FDA Submissions 1938-1964: Appl 009115 ORIG 1 status AP date 1955-08-12 00:00:00 class 9 priority PRIORITY
NDA050156,050156,PARKEDALE,SUPPL,5,AP,1955-08-17 00:00:00,4,,1955,data/raw/drugsatfda_data_files_1938_1964/Submissions_1938_1964.txt,https://www.accessdata.fda.gov/scripts/cder/daf/index.cfm?event=overview.process&varApplNo=050156,Verified - verbatim from official Drugs@FDA database extract,Official Drugs@FDA Submissions 1938-1964: Appl 050156 SUPPL 5 status AP date 1955-08-17 00:00:00 class 4 priority 
NDA010060,010060,CASPER PHARMA LLC,ORIG,1,AP,1955-08-18 00:00:00,12,STANDARD,1955,data/raw/drugsatfda_data_files_1938_1964/Submissions_1938_1964.txt,https://www.accessdata.fda.gov/scripts/cder/daf/index.cfm?event=overview.process&varApplNo=010060,Verified - verbatim from official Drugs@FDA database extract,Official Drugs@FDA Submissions 1938-1964: Appl 010060 ORIG 1 status AP date 1955-08-18 00:00:00 class 12 priority STANDARD
NDA060095,060095,PFIPHARMECS,ORIG,1,AP,1955-09-02 00:00:00,,,1955,data/raw/drugsatfda_data_files_1938_1964/Submissions_1938_1964.txt,https://www.accessdata.fda.gov/scripts/cder/daf/index.cfm?event=overview.process&varApplNo=060095,Verified - verbatim from official Drugs@FDA database extract,Official Drugs@FDA Submissions 1938-1964: Appl 060095 ORIG 1 status AP date 1955-09-02 00:00:00 class  priority 
NDA008828,008828,,ORIG,1,AP,1955-09-07 00:00:00,14,STANDARD,1955,data/raw/drugsatfda_data_files_1938_1964/Submissions_1938_1964.txt,https://www.accessdata.fda.gov/scripts/cder/daf/index.cfm?event=overview.process&varApplNo=008828,Verified - verbatim from official Drugs@FDA database extract,Official Drugs@FDA Submissions 1938-1964: Appl 008828 ORIG 1 status AP date 1955-09-07 00:00:00 class 14 priority STANDARD
NDA010093,010093,UCB INC,ORIG,1,AP,1955-09-09 00:00:00,9,STANDARD,1955,data/raw/drugsatfda_data_files_1938_1964/Submissions_1938_1964.txt,https://www.accessdata.fda.gov/scripts/cder/daf/index.cfm?event=overview.process&varApplNo=010093,Verified - verbatim from official Drugs@FDA database extract,Official Drugs@FDA Submissions 1938-1964: Appl 010093 ORIG 1 status AP date 1955-09-09 00:00:00 class 9 priority STANDARD
NDA010104,010104,BAUSCH,ORIG,1,AP,1955-09-30 00:00:00,12,PRIORITY,1955,data/raw/drugsatfda_data_files_1938_1964/Submissions_1938_1964.txt,https://www.accessdata.fda.gov/scripts/cder/daf/index.cfm?event=overview.process&varApplNo=010104,Verified - verbatim from official Drugs@FDA database extract,Official Drugs@FDA Submissions 1938-1964: Appl 010104 ORIG 1 status AP date 1955-09-30 00:00:00 class 12 priority PRIORITY
NDA009830,009830,BAUSCH,ORIG,1,AP,1955-10-02 00:00:00,12,STANDARD,1955,data/raw/drugsatfda_data_files_1938_1964/Submissions_1938_1964.txt,https://www.accessdata.fda.gov/scripts/cder/daf/index.cfm?event=overview.process&varApplNo=009830,Verified - verbatim from official Drugs@FDA database extract,Official Drugs@FDA Submissions 1938-1964: Appl 009830 ORIG 1 status AP date 1955-10-02 00:00:00 class 12 priority STANDARD
NDA010124,010124,LANNETT,ORIG,1,AP,1955-10-12 00:00:00,15,STANDARD,1955,data/raw/drugsatfda_data_files_1938_1964/Submissions_1938_1964.txt,https://www.accessdata.fda.gov/scripts/cder/daf/index.cfm?event=overview.process&varApplNo=010124,Verified - verbatim from official Drugs@FDA database extract,Official Drugs@FDA Submissions 1938-1964: Appl 010124 ORIG 1 status AP date 1955-10-12 00:00:00 class 15 priority STANDARD
NDA010055,010055,,ORIG,1,AP,1955-10-21 00:00:00,,,1955,data/raw/drugsatfda_data_files_1938_1964/Submissions_1938_1964.txt,https://www.accessdata.fda.gov/scripts/cder/daf/index.cfm?event=overview.process&varApplNo=010055,Verified - verbatim from official Drugs@FDA database extract,Official Drugs@FDA Submissions 1938-1964: Appl 010055 ORIG 1 status AP date 1955-10-21 00:00:00 class  priority 
NDA010220,010220,GE HEALTHCARE,ORIG,1,AP,1955-11-09 00:00:00,15,STANDARD,1955,data/raw/drugsatfda_data_files_1938_1964/Submissions_1938_1964.txt,https://www.accessdata.fda.gov/scripts/cder/daf/index.cfm?event=overview.process&varApplNo=010220,Verified - verbatim from official Drugs@FDA database extract,Official Drugs@FDA Submissions 1938-1964: Appl 010220 ORIG 1 status AP date 1955-11-09 00:00:00 class 15 priority STANDARD
NDA009395,009395,GLENWOOD,ORIG,1,AP,1955-11-18 00:00:00,9,STANDARD,1955,data/raw/drugsatfda_data_files_1938_1964/Submissions_1938_1964.txt,https://www.accessdata.fda.gov/scripts/cder/daf/index.cfm?event=overview.process&varApplNo=009395,Verified - verbatim from official Drugs@FDA database extract,Official Drugs@FDA Submissions 1938-1964: Appl 009395 ORIG 1 status AP date 1955-11-18 00:00:00 class 9 priority STANDARD
NDA050268,050268,STORZ,ORIG,1,AP,1955-11-23 00:00:00,19,UNKNOWN,1955,data/raw/drugsatfda_data_files_1938_1964/Submissions_1938_1964.txt,https://www.accessdata.fda.gov/scripts/cder/daf/index.cfm?event=overview.process&varApplNo=050268,Verified - verbatim from official Drugs@FDA database extract,Official Drugs@FDA Submissions 1938-1964: Appl 050268 ORIG 1 status AP date 1955-11-23 00:00:00 class 19 priority UNKNOWN
NDA010187,010187,SANDOZ,ORIG,1,AP,1955-12-05 00:00:00,12,STANDARD,1955,data/raw/drugsatfda_data_files_1938_1964/Submissions_1938_1964.txt,https://www.accessdata.fda.gov/scripts/cder/daf/index.cfm?event=overview.process&varApplNo=010187,Verified - verbatim from official Drugs@FDA database extract,Official Drugs@FDA Submissions 1938-1964: Appl 010187 ORIG 1 status AP date 1955-12-05 00:00:00 class 12 priority STANDARD
NDA050138,050138,KING PHARMS LLC,SUPPL,15,AP,1955-12-06 00:00:00,3,,1955,data/raw/drugsatfda_data_files_1938_1964/Submissions_1938_1964.txt,https://www.accessdata.fda.gov/scripts/cder/daf/index.cfm?event=overview.process&varApplNo=050138,Verified - verbatim from official Drugs@FDA database extract,Official Drugs@FDA Submissions 1938-1964: Appl 050138 SUPPL 15 status AP date 1955-12-06 00:00:00 class 3 priority 
NDA010253,010253,,ORIG,1,AP,1955-12-08 00:00:00,12,STANDARD,1955,data/raw/drugsatfda_data_files_1938_1964/Submissions_1938_1964.txt,https://www.accessdata.fda.gov/scripts/cder/daf/index.cfm?event=overview.process&varApplNo=010253,Verified - verbatim from official Drugs@FDA database extract,Official Drugs@FDA Submissions 1938-1964: Appl 010253 ORIG 1 status AP date 1955-12-08 00:00:00 class 12 priority STANDARD
NDA010354,010354,,ORIG,1,AP,1956-01-19 00:00:00,,,1956,data/raw/drugsatfda_data_files_1938_1964/Submissions_1938_1964.txt,https://www.accessdata.fda.gov/scripts/cder/daf/index.cfm?event=overview.process&varApplNo=010354,Verified - verbatim from official Drugs@FDA database extract,Official Drugs@FDA Submissions 1938-1964: Appl 010354 ORIG 1 status AP date 1956-01-19 00:00:00 class  priority 
NDA010291,010291,,ORIG,1,AP,1956-02-03 00:00:00,9,STANDARD,1956,data/raw/drugsatfda_data_files_1938_1964/Submissions_1938_1964.txt,https://www.accessdata.fda.gov/scripts/cder/daf/index.cfm?event=overview.process&varApplNo=010291,Verified - verbatim from official Drugs@FDA database extract,Official Drugs@FDA Submissions 1938-1964: Appl 010291 ORIG 1 status AP date 1956-02-03 00:00:00 class 9 priority STANDARD
NDA010367,010367,,ORIG,1,AP,1956-02-07 00:00:00,8,STANDARD,1956,data/raw/drugsatfda_data_files_1938_1964/Submissions_1938_1964.txt,https://www.accessdata.fda.gov/scripts/cder/daf/index.cfm?event=overview.process&varApplNo=010367,Verified - verbatim from official Drugs@FDA database extract,Official Drugs@FDA Submissions 1938-1964: Appl 010367 ORIG 1 status AP date 1956-02-07 00:00:00 class 8 priority STANDARD
NDA010209,010209,SCHERING,ORIG,1,AP,1956-02-24 00:00:00,12,STANDARD,1956,data/raw/drugsatfda_data_files_1938_1964/Submissions_1938_1964.txt,https://www.accessdata.fda.gov/scripts/cder/daf/index.cfm?event=overview.process&varApplNo=010209,Verified - verbatim from official Drugs@FDA database extract,Official Drugs@FDA Submissions 1938-1964: Appl 010209 ORIG 1 status AP date 1956-02-24 00:00:00 class 12 priority STANDARD
NDA010151,010151,PARKE DAVIS,ORIG,1,AP,1956-03-01 00:00:00,12,STANDARD,1956,data/raw/drugsatfda_data_files_1938_1964/Submissions_1938_1964.txt,https://www.accessdata.fda.gov/scripts/cder/daf/index.cfm?event=overview.process&varApplNo=010151,Verified - verbatim from official Drugs@FDA database extract,Official Drugs@FDA Submissions 1938-1964: Appl 010151 ORIG 1 status AP date 1956-03-01 00:00:00 class 12 priority STANDARD
NDA010251,010251,TARGACEPT,ORIG,1,AP,1956-03-01 00:00:00,7,PRIORITY,1956,data/raw/drugsatfda_data_files_1938_1964/Submissions_1938_1964.txt,https://www.accessdata.fda.gov/scripts/cder/daf/index.cfm?event=overview.process&varApplNo=010251,Verified - verbatim from official Drugs@FDA database extract,Official Drugs@FDA Submissions 1938-1964: Appl 010251 ORIG 1 status AP date 1956-03-01 00:00:00 class 7 priority PRIORITY
NDA010374,010374,3M,ORIG,1,AP,1956-03-09 00:00:00,19,UNKNOWN,1956,data/raw/drugsatfda_data_files_1938_1964/Submissions_1938_1964.txt,https://www.accessdata.fda.gov/scripts/cder/daf/index.cfm?event=overview.process&varApplNo=010374,Verified - verbatim from official Drugs@FDA database extract,Official Drugs@FDA Submissions 1938-1964: Appl 010374 ORIG 1 status AP date 1956-03-09 00:00:00 class 19 priority UNKNOWN
NDA010375,010375,3M,ORIG,1,AP,1956-03-09 00:00:00,9,STANDARD,1956,data/raw/drugsatfda_data_files_1938_1964/Submissions_1938_1964.txt,https://www.accessdata.fda.gov/scripts/cder/daf/index.cfm?event=overview.process&varApplNo=010375,Verified - verbatim from official Drugs@FDA database extract,Official Drugs@FDA Submissions 1938-1964: Appl 010375 ORIG 1 status AP date 1956-03-09 00:00:00 class 9 priority STANDARD
NDA010288,010288,,ORIG,1,AP,1956-03-13 00:00:00,,,1956,data/raw/drugsatfda_data_files_1938_1964/Submissions_1938_1964.txt,https://www.accessdata.fda.gov/scripts/cder/daf/index.cfm?event=overview.process&varApplNo=010288,Verified - verbatim from official Drugs@FDA database extract,Official Drugs@FDA Submissions 1938-1964: Appl 010288 ORIG 1 status AP date 1956-03-13 00:00:00 class  priority 
NDA010382,010382,,ORIG,1,AP,1956-03-26 00:00:00,,STANDARD,1956,data/raw/drugsatfda_data_files_1938_1964/Submissions_1938_1964.txt,https://www.accessdata.fda.gov/scripts/cder/daf/index.cfm?event=overview.process&varApplNo=010382,Verified - verbatim from official Drugs@FDA database extract,Official Drugs@FDA Submissions 1938-1964: Appl 010382 ORIG 1 status AP date 1956-03-26 00:00:00 class  priority STANDARD
NDA011386,011386,GE HEALTHCARE,ORIG,1,AP,1956-03-26 00:00:00,12,STANDARD,1956,data/raw/drugsatfda_data_files_1938_1964/Submissions_1938_1964.txt,https://www.accessdata.fda.gov/scripts/cder/daf/index.cfm?event=overview.process&varApplNo=011386,Verified - verbatim from official Drugs@FDA database extract,Official Drugs@FDA Submissions 1938-1964: Appl 011386 ORIG 1 status AP date 1956-03-26 00:00:00 class 12 priority STANDARD
NDA010389,010389,,ORIG,1,AP,1956-04-11 00:00:00,,,1956,data/raw/drugsatfda_data_files_1938_1964/Submissions_1938_1964.txt,https://www.accessdata.fda.gov/scripts/cder/daf/index.cfm?event=overview.process&varApplNo=010389,Verified - verbatim from official Drugs@FDA database extract,Official Drugs@FDA Submissions 1938-1964: Appl 010389 ORIG 1 status AP date 1956-04-11 00:00:00 class  priority 
NDA010392,010392,PFIZER,ORIG,1,AP,1956-04-12 00:00:00,7,STANDARD,1956,data/raw/drugsatfda_data_files_1938_1964/Submissions_1938_1964.txt,https://www.accessdata.fda.gov/scripts/cder/daf/index.cfm?event=overview.process&varApplNo=010392,Verified - verbatim from official Drugs@FDA database extract,Official Drugs@FDA Submissions 1938-1964: Appl 010392 ORIG 1 status AP date 1956-04-12 00:00:00 class 7 priority STANDARD
NDA010349,010349,HIKMA,ORIG,1,AP,1956-04-13 00:00:00,7,STANDARD,1956,data/raw/drugsatfda_data_files_1938_1964/Submissions_1938_1964.txt,https://www.accessdata.fda.gov/scripts/cder/daf/index.cfm?event=overview.process&varApplNo=010349,Verified - verbatim from official Drugs@FDA database extract,Official Drugs@FDA Submissions 1938-1964: Appl 010349 ORIG 1 status AP date 1956-04-13 00:00:00 class 7 priority STANDARD
NDA010412,010412,,ORIG,1,AP,1956-04-20 00:00:00,,,1956,data/raw/drugsatfda_data_files_1938_1964/Submissions_1938_1964.txt,https://www.accessdata.fda.gov/scripts/cder/daf/index.cfm?event=overview.process&varApplNo=010412,Verified - verbatim from official Drugs@FDA database extract,Official Drugs@FDA Submissions 1938-1964: Appl 010412 ORIG 1 status AP date 1956-04-20 00:00:00 class  priority 
NDA010415,010415,,ORIG,1,AP,1956-04-25 00:00:00,,,1956,data/raw/drugsatfda_data_files_1938_1964/Submissions_1938_1964.txt,https://www.accessdata.fda.gov/scripts/cder/daf/index.cfm?event=overview.process&varApplNo=010415,Verified - verbatim from official Drugs@FDA database extract,Official Drugs@FDA Submissions 1938-1964: Appl 010415 ORIG 1 status AP date 1956-04-25 00:00:00 class  priority 
NDA010015,010015,,ORIG,1,AP,1956-04-27 00:00:00,19,UNKNOWN,1956,data/raw/drugsatfda_data_files_1938_1964/Submissions_1938_1964.txt,https://www.accessdata.fda.gov/scripts/cder/daf/index.cfm?event=overview.process&varApplNo=010015,Verified - verbatim from official Drugs@FDA database extract,Official Drugs@FDA Submissions 1938-1964: Appl 010015 ORIG 1 status AP date 1956-04-27 00:00:00 class 19 priority UNKNOWN
NDA010423,010423,ROCHE,ORIG,1,AP,1956-04-30 00:00:00,7,STANDARD,1956,data/raw/drugsatfda_data_files_1938_1964/Submissions_1938_1964.txt,https://www.accessdata.fda.gov/scripts/cder/daf/index.cfm?event=overview.process&varApplNo=010423,Verified - verbatim from official Drugs@FDA database extract,Official Drugs@FDA Submissions 1938-1964: Appl 010423 ORIG 1 status AP date 1956-04-30 00:00:00 class 7 priority STANDARD
NDA010155,010155,SANOFI AVENTIS US,ORIG,1,AP,1956-05-01 00:00:00,7,STANDARD,1956,data/raw/drugsatfda_data_files_1938_1964/Submissions_1938_1964.txt,https://www.accessdata.fda.gov/scripts/cder/daf/index.cfm?event=overview.process&varApplNo=010155,Verified - verbatim from official Drugs@FDA database extract,Official Drugs@FDA Submissions 1938-1964: Appl 010155 ORIG 1 status AP date 1956-05-01 00:00:00 class 7 priority STANDARD
NDA010379,010379,KING PHARMS,ORIG,1,AP,1956-05-08 00:00:00,7,PRIORITY,1956,data/raw/drugsatfda_data_files_1938_1964/Submissions_1938_1964.txt,https://www.accessdata.fda.gov/scripts/cder/daf/index.cfm?event=overview.process&varApplNo=010379,Verified - verbatim from official Drugs@FDA database extract,Official Drugs@FDA Submissions 1938-1964: Appl 010379 ORIG 1 status AP date 1956-05-08 00:00:00 class 7 priority PRIORITY
NDA010337,010337,,ORIG,1,AP,1956-05-24 00:00:00,,,1956,data/raw/drugsatfda_data_files_1938_1964/Submissions_1938_1964.txt,https://www.accessdata.fda.gov/scripts/cder/daf/index.cfm?event=overview.process&varApplNo=010337,Verified - verbatim from official Drugs@FDA database extract,Official Drugs@FDA Submissions 1938-1964: Appl 010337 ORIG 1 status AP date 1956-05-24 00:00:00 class  priority 
NDA010515,010515,BAUSCH,ORIG,1,AP,1956-05-25 00:00:00,12,PRIORITY,1956,data/raw/drugsatfda_data_files_1938_1964/Submissions_1938_1964.txt,https://www.accessdata.fda.gov/scripts/cder/daf/index.cfm?event=overview.process&varApplNo=010515,Verified - verbatim from official Drugs@FDA database extract,Official Drugs@FDA Submissions 1938-1964: Appl 010515 ORIG 1 status AP date 1956-05-25 00:00:00 class 12 priority PRIORITY
NDA010485,010485,ROERIG,ORIG,1,AP,1956-05-31 00:00:00,12,STANDARD,1956,data/raw/drugsatfda_data_files_1938_1964/Submissions_1938_1964.txt,https://www.accessdata.fda.gov/scripts/cder/daf/index.cfm?event=overview.process&varApplNo=010485,Verified - verbatim from official Drugs@FDA database extract,Official Drugs@FDA Submissions 1938-1964: Appl 010485 ORIG 1 status AP date 1956-05-31 00:00:00 class 12 priority STANDARD
NDA050202,050202,PARKEDALE,SUPPL,9,AP,1956-06-12 00:00:00,4,,1956,data/raw/drugsatfda_data_files_1938_1964/Submissions_1938_1964.txt,https://www.accessdata.fda.gov/scripts/cder/daf/index.cfm?event=overview.process&varApplNo=050202,Verified - verbatim from official Drugs@FDA database extract,Official Drugs@FDA Submissions 1938-1964: Appl 050202 SUPPL 9 status AP date 1956-06-12 00:00:00 class 4 priority 
NDA010401,010401,,ORIG,1,AP,1956-07-05 00:00:00,12,STANDARD,1956,data/raw/drugsatfda_data_files_1938_1964/Submissions_1938_1964.txt,https://www.accessdata.fda.gov/scripts/cder/daf/index.cfm?event=overview.process&varApplNo=010401,Verified - verbatim from official Drugs@FDA database extract,Official Drugs@FDA Submissions 1938-1964: Appl 010401 ORIG 1 status AP date 1956-07-05 00:00:00 class 12 priority STANDARD
NDA010533,010533,NOVARTIS,ORIG,1,AP,1956-07-05 00:00:00,15,STANDARD,1956,data/raw/drugsatfda_data_files_1938_1964/Submissions_1938_1964.txt,https://www.accessdata.fda.gov/scripts/cder/daf/index.cfm?event=overview.process&varApplNo=010533,Verified - verbatim from official Drugs@FDA database extract,Official Drugs@FDA Submissions 1938-1964: Appl 010533 ORIG 1 status AP date 1956-07-05 00:00:00 class 15 priority STANDARD
NDA010568,010568,,ORIG,1,AP,1956-07-06 00:00:00,,,1956,data/raw/drugsatfda_data_files_1938_1964/Submissions_1938_1964.txt,https://www.accessdata.fda.gov/scripts/cder/daf/index.cfm?event=overview.process&varApplNo=010568,Verified - verbatim from official Drugs@FDA database extract,Official Drugs@FDA Submissions 1938-1964: Appl 010568 ORIG 1 status AP date 1956-07-06 00:00:00 class  priority 
NDA010636,010636,,ORIG,1,AP,1956-07-22 00:00:00,,,1956,data/raw/drugsatfda_data_files_1938_1964/Submissions_1938_1964.txt,https://www.accessdata.fda.gov/scripts/cder/daf/index.cfm?event=overview.process&varApplNo=010636,Verified - verbatim from official Drugs@FDA database extract,Official Drugs@FDA Submissions 1938-1964: Appl 010636 ORIG 1 status AP date 1956-07-22 00:00:00 class  priority 
NDA010562,010562,MERCK,ORIG,1,AP,1956-07-25 00:00:00,9,STANDARD,1956,data/raw/drugsatfda_data_files_1938_1964/Submissions_1938_1964.txt,https://www.accessdata.fda.gov/scripts/cder/daf/index.cfm?event=overview.process&varApplNo=010562,Verified - verbatim from official Drugs@FDA database extract,Official Drugs@FDA Submissions 1938-1964: Appl 010562 ORIG 1 status AP date 1956-07-25 00:00:00 class 9 priority STANDARD
NDA010598,010598,SANOFI AVENTIS US,ORIG,1,AP,1956-07-30 00:00:00,14,STANDARD,1956,data/raw/drugsatfda_data_files_1938_1964/Submissions_1938_1964.txt,https://www.accessdata.fda.gov/scripts/cder/daf/index.cfm?event=overview.process&varApplNo=010598,Verified - verbatim from official Drugs@FDA database extract,Official Drugs@FDA Submissions 1938-1964: Appl 010598 ORIG 1 status AP date 1956-07-30 00:00:00 class 14 priority STANDARD
NDA010513,010513,,ORIG,1,AP,1956-08-09 00:00:00,,,1956,data/raw/drugsatfda_data_files_1938_1964/Submissions_1938_1964.txt,https://www.accessdata.fda.gov/scripts/cder/daf/index.cfm?event=overview.process&varApplNo=010513,Verified - verbatim from official Drugs@FDA database extract,Official Drugs@FDA Submissions 1938-1964: Appl 010513 ORIG 1 status AP date 1956-08-09 00:00:00 class  priority 
NDA050202,050202,PARKEDALE,SUPPL,10,AP,1956-08-16 00:00:00,4,,1956,data/raw/drugsatfda_data_files_1938_1964/Submissions_1938_1964.txt,https://www.accessdata.fda.gov/scripts/cder/daf/index.cfm?event=overview.process&varApplNo=050202,Verified - verbatim from official Drugs@FDA database extract,Official Drugs@FDA Submissions 1938-1964: Appl 050202 SUPPL 10 status AP date 1956-08-16 00:00:00 class 4 priority 
NDA008857,008857,WYETH AYERST,ORIG,1,AP,1956-08-20 00:00:00,12,STANDARD,1956,data/raw/drugsatfda_data_files_1938_1964/Submissions_1938_1964.txt,https://www.accessdata.fda.gov/scripts/cder/daf/index.cfm?event=overview.process&varApplNo=008857,Verified - verbatim from official Drugs@FDA database extract,Official Drugs@FDA Submissions 1938-1964: Appl 008857 ORIG 1 status AP date 1956-08-20 00:00:00 class 12 priority STANDARD
NDA050143,050143,PARKEDALE,SUPPL,6,AP,1956-08-30 00:00:00,4,,1956,data/raw/drugsatfda_data_files_1938_1964/Submissions_1938_1964.txt,https://www.accessdata.fda.gov/scripts/cder/daf/index.cfm?event=overview.process&varApplNo=050143,Verified - verbatim from official Drugs@FDA database extract,Official Drugs@FDA Submissions 1938-1964: Appl 050143 SUPPL 6 status AP date 1956-08-30 00:00:00 class 4 priority 
NDA050138,050138,KING PHARMS LLC,SUPPL,16,AP,1956-09-24 00:00:00,3,,1956,data/raw/drugsatfda_data_files_1938_1964/Submissions_1938_1964.txt,https://www.accessdata.fda.gov/scripts/cder/daf/index.cfm?event=overview.process&varApplNo=050138,Verified - verbatim from official Drugs@FDA database extract,Official Drugs@FDA Submissions 1938-1964: Appl 050138 SUPPL 16 status AP date 1956-09-24 00:00:00 class 3 priority 
NDA050141,050141,KING PHARMS LLC,SUPPL,35,AP,1956-10-01 00:00:00,3,,1956,data/raw/drugsatfda_data_files_1938_1964/Submissions_1938_1964.txt,https://www.accessdata.fda.gov/scripts/cder/daf/index.cfm?event=overview.process&varApplNo=050141,Verified - verbatim from official Drugs@FDA database extract,Official Drugs@FDA Submissions 1938-1964: Appl 050141 SUPPL 35 status AP date 1956-10-01 00:00:00 class 3 priority 
NDA050138,050138,KING PHARMS LLC,SUPPL,17,AP,1956-10-05 00:00:00,3,,1956,data/raw/drugsatfda_data_files_1938_1964/Submissions_1938_1964.txt,https://www.accessdata.fda.gov/scripts/cder/daf/index.cfm?event=overview.process&varApplNo=050138,Verified - verbatim from official Drugs@FDA database extract,Official Drugs@FDA Submissions 1938-1964: Appl 050138 SUPPL 17 status AP date 1956-10-05 00:00:00 class 3 priority 
NDA010554,010554,PFIZER,ORIG,1,AP,1956-10-15 00:00:00,7,STANDARD,1956,data/raw/drugsatfda_data_files_1938_1964/Submissions_1938_1964.txt,https://www.accessdata.fda.gov/scripts/cder/daf/index.cfm?event=overview.process&varApplNo=010554,Verified - verbatim from official Drugs@FDA database extract,Official Drugs@FDA Submissions 1938-1964: Appl 010554 ORIG 1 status AP date 1956-10-15 00:00:00 class 7 priority STANDARD
NDA010611,010611,PHARMACIA AND UPJOHN,ORIG,1,AP,1956-10-15 00:00:00,7,PRIORITY,1956,data/raw/drugsatfda_data_files_1938_1964/Submissions_1938_1964.txt,https://www.accessdata.fda.gov/scripts/cder/daf/index.cfm?event=overview.process&varApplNo=010611,Verified - verbatim from official Drugs@FDA database extract,Official Drugs@FDA Submissions 1938-1964: Appl 010611 ORIG 1 status AP date 1956-10-15 00:00:00 class 7 priority PRIORITY
NDA010571,010571,GLAXOSMITHKLINE,ORIG,1,AP,1956-10-23 00:00:00,7,PRIORITY,1956,data/raw/drugsatfda_data_files_1938_1964/Submissions_1938_1964.txt,https://www.accessdata.fda.gov/scripts/cder/daf/index.cfm?event=overview.process&varApplNo=010571,Verified - verbatim from official Drugs@FDA database extract,Official Drugs@FDA Submissions 1938-1964: Appl 010571 ORIG 1 status AP date 1956-10-23 00:00:00 class 7 priority PRIORITY
NDA010686,010686,PFIZER,ORIG,1,AP,1956-10-31 00:00:00,15,STANDARD,1956,data/raw/drugsatfda_data_files_1938_1964/Submissions_1938_1964.txt,https://www.accessdata.fda.gov/scripts/cder/daf/index.cfm?event=overview.process&varApplNo=010686,Verified - verbatim from official Drugs@FDA database extract,Official Drugs@FDA Submissions 1938-1964: Appl 010686 ORIG 1 status AP date 1956-10-31 00:00:00 class 15 priority STANDARD
NDA010679,010679,SANOFI AVENTIS US,ORIG,1,AP,1956-11-14 00:00:00,7,STANDARD,1956,data/raw/drugsatfda_data_files_1938_1964/Submissions_1938_1964.txt,https://www.accessdata.fda.gov/scripts/cder/daf/index.cfm?event=overview.process&varApplNo=010679,Verified - verbatim from official Drugs@FDA database extract,Official Drugs@FDA Submissions 1938-1964: Appl 010679 ORIG 1 status AP date 1956-11-14 00:00:00 class 7 priority STANDARD
NDA050138,050138,KING PHARMS LLC,SUPPL,18,AP,1956-11-20 00:00:00,3,,1956,data/raw/drugsatfda_data_files_1938_1964/Submissions_1938_1964.txt,https://www.accessdata.fda.gov/scripts/cder/daf/index.cfm?event=overview.process&varApplNo=050138,Verified - verbatim from official Drugs@FDA database extract,Official Drugs@FDA Submissions 1938-1964: Appl 050138 SUPPL 18 status AP date 1956-11-20 00:00:00 class 3 priority 
NDA010710,010710,,ORIG,1,AP,1956-11-28 00:00:00,9,STANDARD,1956,data/raw/drugsatfda_data_files_1938_1964/Submissions_1938_1964.txt,https://www.accessdata.fda.gov/scripts/cder/daf/index.cfm?event=overview.process&varApplNo=010710,Verified - verbatim from official Drugs@FDA database extract,Official Drugs@FDA Submissions 1938-1964: Appl 010710 ORIG 1 status AP date 1956-11-28 00:00:00 class 9 priority STANDARD
NDA010727,010727,,ORIG,1,AP,1956-12-05 00:00:00,,,1956,data/raw/drugsatfda_data_files_1938_1964/Submissions_1938_1964.txt,https://www.accessdata.fda.gov/scripts/cder/daf/index.cfm?event=overview.process&varApplNo=010727,Verified - verbatim from official Drugs@FDA database extract,Official Drugs@FDA Submissions 1938-1964: Appl 010727 ORIG 1 status AP date 1956-12-05 00:00:00 class  priority 
NDA010402,010402,WYETH PHARMS,ORIG,1,AP,1956-12-18 00:00:00,12,STANDARD,1956,data/raw/drugsatfda_data_files_1938_1964/Submissions_1938_1964.txt,https://www.accessdata.fda.gov/scripts/cder/daf/index.cfm?event=overview.process&varApplNo=010402,Verified - verbatim from official Drugs@FDA database extract,Official Drugs@FDA Submissions 1938-1964: Appl 010402 ORIG 1 status AP date 1956-12-18 00:00:00 class 12 priority STANDARD
NDA060728,060728,,ORIG,1,AP,1956-12-19 00:00:00,,,1956,data/raw/drugsatfda_data_files_1938_1964/Submissions_1938_1964.txt,https://www.accessdata.fda.gov/scripts/cder/daf/index.cfm?event=overview.process&varApplNo=060728,Verified - verbatim from official Drugs@FDA database extract,Official Drugs@FDA Submissions 1938-1964: Appl 060728 ORIG 1 status AP date 1956-12-19 00:00:00 class  priority 
NDA010645,010645,,ORIG,1,AP,1957-01-10 00:00:00,12,STANDARD,1957,data/raw/drugsatfda_data_files_1938_1964/Submissions_1938_1964.txt,https://www.accessdata.fda.gov/scripts/cder/daf/index.cfm?event=overview.process&varApplNo=010645,Verified - verbatim from official Drugs@FDA database extract,Official Drugs@FDA Submissions 1938-1964: Appl 010645 ORIG 1 status AP date 1957-01-10 00:00:00 class 12 priority STANDARD
NDA010786,010786,,ORIG,1,AP,1957-01-23 00:00:00,,,1957,data/raw/drugsatfda_data_files_1938_1964/Submissions_1938_1964.txt,https://www.accessdata.fda.gov/scripts/cder/daf/index.cfm?event=overview.process&varApplNo=010786,Verified - verbatim from official Drugs@FDA database extract,Official Drugs@FDA Submissions 1938-1964: Appl 010786 ORIG 1 status AP date 1957-01-23 00:00:00 class  priority 
NDA009102,009102,GLAXOSMITHKLINE,ORIG,1,AP,1957-01-25 00:00:00,9,PRIORITY,1957,data/raw/drugsatfda_data_files_1938_1964/Submissions_1938_1964.txt,https://www.accessdata.fda.gov/scripts/cder/daf/index.cfm?event=overview.process&varApplNo=009102,Verified - verbatim from official Drugs@FDA database extract,Official Drugs@FDA Submissions 1938-1964: Appl 009102 ORIG 1 status AP date 1957-01-25 00:00:00 class 9 priority PRIORITY
NDA050263,050263,LEDERLE,SUPPL,10,AP,1957-01-25 00:00:00,3,,1957,data/raw/drugsatfda_data_files_1938_1964/Submissions_1938_1964.txt,https://www.accessdata.fda.gov/scripts/cder/daf/index.cfm?event=overview.process&varApplNo=050263,Verified - verbatim from official Drugs@FDA database extract,Official Drugs@FDA Submissions 1938-1964: Appl 050263 SUPPL 10 status AP date 1957-01-25 00:00:00 class 3 priority 
NDA010541,010541,,ORIG,1,AP,1957-02-07 00:00:00,,,1957,data/raw/drugsatfda_data_files_1938_1964/Submissions_1938_1964.txt,https://www.accessdata.fda.gov/scripts/cder/daf/index.cfm?event=overview.process&varApplNo=010541,Verified - verbatim from official Drugs@FDA database extract,Official Drugs@FDA Submissions 1938-1964: Appl 010541 ORIG 1 status AP date 1957-02-07 00:00:00 class  priority 
NDA010596,010596,PARKE DAVIS,ORIG,1,AP,1957-02-08 00:00:00,7,PRIORITY,1957,data/raw/drugsatfda_data_files_1938_1964/Submissions_1938_1964.txt,https://www.accessdata.fda.gov/scripts/cder/daf/index.cfm?event=overview.process&varApplNo=010596,Verified - verbatim from official Drugs@FDA database extract,Official Drugs@FDA Submissions 1938-1964: Appl 010596 ORIG 1 status AP date 1957-02-08 00:00:00 class 7 priority PRIORITY
NDA010599,010599,ABBVIE,ORIG,1,AP,1957-02-13 00:00:00,7,STANDARD,1957,data/raw/drugsatfda_data_files_1938_1964/Submissions_1938_1964.txt,https://www.accessdata.fda.gov/scripts/cder/daf/index.cfm?event=overview.process&varApplNo=010599,Verified - verbatim from official Drugs@FDA database extract,Official Drugs@FDA Submissions 1938-1964: Appl 010599 ORIG 1 status AP date 1957-02-13 00:00:00 class 7 priority STANDARD
NDA010721,010721,CASPER PHARMA LLC,ORIG,1,AP,1957-02-14 00:00:00,19,STANDARD,1957,data/raw/drugsatfda_data_files_1938_1964/Submissions_1938_1964.txt,https://www.accessdata.fda.gov/scripts/cder/daf/index.cfm?event=overview.process&varApplNo=010721,Verified - verbatim from official Drugs@FDA database extract,Official Drugs@FDA Submissions 1938-1964: Appl 010721 ORIG 1 status AP date 1957-02-14 00:00:00 class 19 priority STANDARD
NDA050212,050212,BRISTOL,ORIG,1,AP,1957-02-19 00:00:00,,,1957,data/raw/drugsatfda_data_files_1938_1964/Submissions_1938_1964.txt,https://www.accessdata.fda.gov/scripts/cder/daf/index.cfm?event=overview.process&varApplNo=050212,Verified - verbatim from official Drugs@FDA database extract,Official Drugs@FDA Submissions 1938-1964: Appl 050212 ORIG 1 status AP date 1957-02-19 00:00:00 class  priority 
NDA050288,050288,,ORIG,1,AP,1957-02-26 00:00:00,19,UNKNOWN,1957,data/raw/drugsatfda_data_files_1938_1964/Submissions_1938_1964.txt,https://www.accessdata.fda.gov/scripts/cder/daf/index.cfm?event=overview.process&varApplNo=050288,Verified - verbatim from official Drugs@FDA database extract,Official Drugs@FDA Submissions 1938-1964: Appl 050288 ORIG 1 status AP date 1957-02-26 00:00:00 class 19 priority UNKNOWN
NDA010775,010775,SCHERING,ORIG,1,AP,1957-02-27 00:00:00,7,STANDARD,1957,data/raw/drugsatfda_data_files_1938_1964/Submissions_1938_1964.txt,https://www.accessdata.fda.gov/scripts/cder/daf/index.cfm?event=overview.process&varApplNo=010775,Verified - verbatim from official Drugs@FDA database extract,Official Drugs@FDA Submissions 1938-1964: Appl 010775 ORIG 1 status AP date 1957-02-27 00:00:00 class 7 priority STANDARD
NDA010773,010773,,ORIG,1,AP,1957-03-11 00:00:00,14,STANDARD,1957,data/raw/drugsatfda_data_files_1938_1964/Submissions_1938_1964.txt,https://www.accessdata.fda.gov/scripts/cder/daf/index.cfm?event=overview.process&varApplNo=010773,Verified - verbatim from official Drugs@FDA database extract,Official Drugs@FDA Submissions 1938-1964: Appl 010773 ORIG 1 status AP date 1957-03-11 00:00:00 class 14 priority STANDARD
NDA007821,007821,,ORIG,1,AP,1957-03-13 00:00:00,9,STANDARD,1957,data/raw/drugsatfda_data_files_1938_1964/Submissions_1938_1964.txt,https://www.accessdata.fda.gov/scripts/cder/daf/index.cfm?event=overview.process&varApplNo=007821,Verified - verbatim from official Drugs@FDA database extract,Official Drugs@FDA Submissions 1938-1964: Appl 007821 ORIG 1 status AP date 1957-03-13 00:00:00 class 9 priority STANDARD
NDA010669,010669,WAYLIS THERAP,ORIG,1,AP,1957-03-18 00:00:00,7,PRIORITY,1957,data/raw/drugsatfda_data_files_1938_1964/Submissions_1938_1964.txt,https://www.accessdata.fda.gov/scripts/cder/daf/index.cfm?event=overview.process&varApplNo=010669,Verified - verbatim from official Drugs@FDA database extract,Official Drugs@FDA Submissions 1938-1964: Appl 010669 ORIG 1 status AP date 1957-03-18 00:00:00 class 7 priority PRIORITY
NDA050165,050165,,ORIG,1,AP,1957-03-26 00:00:00,19,UNKNOWN,1957,data/raw/drugsatfda_data_files_1938_1964/Submissions_1938_1964.txt,https://www.accessdata.fda.gov/scripts/cder/daf/index.cfm?event=overview.process&varApplNo=050165,Verified - verbatim from official Drugs@FDA database extract,Official Drugs@FDA Submissions 1938-1964: Appl 050165 ORIG 1 status AP date 1957-03-26 00:00:00 class 19 priority UNKNOWN
NDA050168,050168,MONARCH PHARMS,ORIG,1,AP,1957-03-26 00:00:00,19,UNKNOWN,1957,data/raw/drugsatfda_data_files_1938_1964/Submissions_1938_1964.txt,https://www.accessdata.fda.gov/scripts/cder/daf/index.cfm?event=overview.process&varApplNo=050168,Verified - verbatim from official Drugs@FDA database extract,Official Drugs@FDA Submissions 1938-1964: Appl 050168 ORIG 1 status AP date 1957-03-26 00:00:00 class 19 priority UNKNOWN
NDA010695,010695,,ORIG,1,AP,1957-03-27 00:00:00,,,1957,data/raw/drugsatfda_data_files_1938_1964/Submissions_1938_1964.txt,https://www.accessdata.fda.gov/scripts/cder/daf/index.cfm?event=overview.process&varApplNo=010695,Verified - verbatim from official Drugs@FDA database extract,Official Drugs@FDA Submissions 1938-1964: Appl 010695 ORIG 1 status AP date 1957-03-27 00:00:00 class  priority 
NDA010656,010656,MERCK,ORIG,1,AP,1957-04-02 00:00:00,12,STANDARD,1957,data/raw/drugsatfda_data_files_1938_1964/Submissions_1938_1964.txt,https://www.accessdata.fda.gov/scripts/cder/daf/index.cfm?event=overview.process&varApplNo=010656,Verified - verbatim from official Drugs@FDA database extract,Official Drugs@FDA Submissions 1938-1964: Appl 010656 ORIG 1 status AP date 1957-04-02 00:00:00 class 12 priority STANDARD
NDA010909,010909,SCHERING,ORIG,1,AP,1957-04-05 00:00:00,7,STANDARD,1957,data/raw/drugsatfda_data_files_1938_1964/Submissions_1938_1964.txt,https://www.accessdata.fda.gov/scripts/cder/daf/index.cfm?event=overview.process&varApplNo=010909,Verified - verbatim from official Drugs@FDA database extract,Official Drugs@FDA Submissions 1938-1964: Appl 010909 ORIG 1 status AP date 1957-04-05 00:00:00 class 7 priority STANDARD
NDA010348,010348,WYETH AYERST,ORIG,1,AP,1957-04-08 00:00:00,12,STANDARD,1957,data/raw/drugsatfda_data_files_1938_1964/Submissions_1938_1964.txt,https://www.accessdata.fda.gov/scripts/cder/daf/index.cfm?event=overview.process&varApplNo=010348,Verified - verbatim from official Drugs@FDA database extract,Official Drugs@FDA Submissions 1938-1964: Appl 010348 ORIG 1 status AP date 1957-04-08 00:00:00 class 12 priority STANDARD
NDA010742,010742,GLAXOSMITHKLINE,ORIG,1,AP,1957-04-08 00:00:00,9,STANDARD,1957,data/raw/drugsatfda_data_files_1938_1964/Submissions_1938_1964.txt,https://www.accessdata.fda.gov/scripts/cder/daf/index.cfm?event=overview.process&varApplNo=010742,Verified - verbatim from official Drugs@FDA database extract,Official Drugs@FDA Submissions 1938-1964: Appl 010742 ORIG 1 status AP date 1957-04-08 00:00:00 class 9 priority STANDARD
NDA010911,010911,STUART PHARMS,ORIG,1,AP,1957-04-08 00:00:00,14,STANDARD,1957,data/raw/drugsatfda_data_files_1938_1964/Submissions_1938_1964.txt,https://www.accessdata.fda.gov/scripts/cder/daf/index.cfm?event=overview.process&varApplNo=010911,Verified - verbatim from official Drugs@FDA database extract,Official Drugs@FDA Submissions 1938-1964: Appl 010911 ORIG 1 status AP date 1957-04-08 00:00:00 class 14 priority STANDARD
NDA010913,010913,,ORIG,1,AP,1957-04-09 00:00:00,,,1957,data/raw/drugsatfda_data_files_1938_1964/Submissions_1938_1964.txt,https://www.accessdata.fda.gov/scripts/cder/daf/index.cfm?event=overview.process&varApplNo=010913,Verified - verbatim from official Drugs@FDA database extract,Official Drugs@FDA Submissions 1938-1964: Appl 010913 ORIG 1 status AP date 1957-04-09 00:00:00 class  priority 
NDA009519,009519,SANOFI AVENTIS US,ORIG,1,AP,1957-04-16 00:00:00,7,PRIORITY,1957,data/raw/drugsatfda_data_files_1938_1964/Submissions_1938_1964.txt,https://www.accessdata.fda.gov/scripts/cder/daf/index.cfm?event=overview.process&varApplNo=009519,Verified - verbatim from official Drugs@FDA database extract,Official Drugs@FDA Submissions 1938-1964: Appl 009519 ORIG 1 status AP date 1957-04-16 00:00:00 class 7 priority PRIORITY
NDA010753,010753,WYETH AYERST,ORIG,1,AP,1957-04-17 00:00:00,7,STANDARD,1957,data/raw/drugsatfda_data_files_1938_1964/Submissions_1938_1964.txt,https://www.accessdata.fda.gov/scripts/cder/daf/index.cfm?event=overview.process&varApplNo=010753,Verified - verbatim from official Drugs@FDA database extract,Official Drugs@FDA Submissions 1938-1964: Appl 010753 ORIG 1 status AP date 1957-04-17 00:00:00 class 7 priority STANDARD
NDA050156,050156,PARKEDALE,SUPPL,6,AP,1957-04-17 00:00:00,4,,1957,data/raw/drugsatfda_data_files_1938_1964/Submissions_1938_1964.txt,https://www.accessdata.fda.gov/scripts/cder/daf/index.cfm?event=overview.process&varApplNo=050156,Verified - verbatim from official Drugs@FDA database extract,Official Drugs@FDA Submissions 1938-1964: Appl 050156 SUPPL 6 status AP date 1957-04-17 00:00:00 class 4 priority 
NDA010796,010796,ABBVIE,ORIG,1,AP,1957-04-19 00:00:00,7,STANDARD,1957,data/raw/drugsatfda_data_files_1938_1964/Submissions_1938_1964.txt,https://www.accessdata.fda.gov/scripts/cder/daf/index.cfm?event=overview.process&varApplNo=010796,Verified - verbatim from official Drugs@FDA database extract,Official Drugs@FDA Submissions 1938-1964: Appl 010796 ORIG 1 status AP date 1957-04-19 00:00:00 class 7 priority STANDARD
NDA050266,050266,STORZ,ORIG,1,AP,1957-04-19 00:00:00,19,UNKNOWN,1957,data/raw/drugsatfda_data_files_1938_1964/Submissions_1938_1964.txt,https://www.accessdata.fda.gov/scripts/cder/daf/index.cfm?event=overview.process&varApplNo=050266,Verified - verbatim from official Drugs@FDA database extract,Official Drugs@FDA Submissions 1938-1964: Appl 050266 ORIG 1 status AP date 1957-04-19 00:00:00 class 19 priority UNKNOWN
NDA050276,050276,LEDERLE,SUPPL,6,AP,1957-04-19 00:00:00,3,,1957,data/raw/drugsatfda_data_files_1938_1964/Submissions_1938_1964.txt,https://www.accessdata.fda.gov/scripts/cder/daf/index.cfm?event=overview.process&varApplNo=050276,Verified - verbatim from official Drugs@FDA database extract,Official Drugs@FDA Submissions 1938-1964: Appl 050276 SUPPL 6 status AP date 1957-04-19 00:00:00 class 3 priority 
NDA010841,010841,RECORDATI RARE,ORIG,1,AP,1957-04-22 00:00:00,7,PRIORITY,1957,data/raw/drugsatfda_data_files_1938_1964/Submissions_1938_1964.txt,https://www.accessdata.fda.gov/scripts/cder/daf/index.cfm?event=overview.process&varApplNo=010841,Verified - verbatim from official Drugs@FDA database extract,Official Drugs@FDA Submissions 1938-1964: Appl 010841 ORIG 1 status AP date 1957-04-22 00:00:00 class 7 priority PRIORITY
NDA010787,010787,SANOFI AVENTIS US,ORIG,1,AP,1957-04-25 00:00:00,9,PRIORITY,1957,data/raw/drugsatfda_data_files_1938_1964/Submissions_1938_1964.txt,https://www.accessdata.fda.gov/scripts/cder/daf/index.cfm?event=overview.process&varApplNo=010787,Verified - verbatim from official Drugs@FDA database extract,Official Drugs@FDA Submissions 1938-1964: Appl 010787 ORIG 1 status AP date 1957-04-25 00:00:00 class 9 priority PRIORITY
NDA010858,010858,,ORIG,1,AP,1957-04-30 00:00:00,,,1957,data/raw/drugsatfda_data_files_1938_1964/Submissions_1938_1964.txt,https://www.accessdata.fda.gov/scripts/cder/daf/index.cfm?event=overview.process&varApplNo=010858,Verified - verbatim from official Drugs@FDA database extract,Official Drugs@FDA Submissions 1938-1964: Appl 010858 ORIG 1 status AP date 1957-04-30 00:00:00 class  priority 
NDA010927,010927,BRACCO,ORIG,1,AP,1957-05-02 00:00:00,15,STANDARD,1957,data/raw/drugsatfda_data_files_1938_1964/Submissions_1938_1964.txt,https://www.accessdata.fda.gov/scripts/cder/daf/index.cfm?event=overview.process&varApplNo=010927,Verified - verbatim from official Drugs@FDA database extract,Official Drugs@FDA Submissions 1938-1964: Appl 010927 ORIG 1 status AP date 1957-05-02 00:00:00 class 15 priority STANDARD
NDA010929,010929,BRACCO,ORIG,1,AP,1957-05-02 00:00:00,15,STANDARD,1957,data/raw/drugsatfda_data_files_1938_1964/Submissions_1938_1964.txt,https://www.accessdata.fda.gov/scripts/cder/daf/index.cfm?event=overview.process&varApplNo=010929,Verified - verbatim from official Drugs@FDA database extract,Official Drugs@FDA Submissions 1938-1964: Appl 010929 ORIG 1 status AP date 1957-05-02 00:00:00 class 15 priority STANDARD
NDA010653,010653,3M,ORIG,1,AP,1957-05-10 00:00:00,7,STANDARD,1957,data/raw/drugsatfda_data_files_1938_1964/Submissions_1938_1964.txt,https://www.accessdata.fda.gov/scripts/cder/daf/index.cfm?event=overview.process&varApplNo=010653,Verified - verbatim from official Drugs@FDA database extract,Official Drugs@FDA Submissions 1938-1964: Appl 010653 ORIG 1 status AP date 1957-05-10 00:00:00 class 7 priority STANDARD
NDA050263,050263,LEDERLE,SUPPL,11,AP,1957-05-15 00:00:00,4,,1957,data/raw/drugsatfda_data_files_1938_1964/Submissions_1938_1964.txt,https://www.accessdata.fda.gov/scripts/cder/daf/index.cfm?event=overview.process&varApplNo=050263,Verified - verbatim from official Drugs@FDA database extract,Official Drugs@FDA Submissions 1938-1964: Appl 050263 SUPPL 11 status AP date 1957-05-15 00:00:00 class 4 priority 
NDA050263,050263,LEDERLE,SUPPL,12,AP,1957-05-15 00:00:00,4,,1957,data/raw/drugsatfda_data_files_1938_1964/Submissions_1938_1964.txt,https://www.accessdata.fda.gov/scripts/cder/daf/index.cfm?event=overview.process&varApplNo=050263,Verified - verbatim from official Drugs@FDA database extract,Official Drugs@FDA Submissions 1938-1964: Appl 050263 SUPPL 12 status AP date 1957-05-15 00:00:00 class 4 priority 
NDA010670,010670,PHARMACIA AND UPJOHN,ORIG,1,AP,1957-05-31 00:00:00,7,PRIORITY,1957,data/raw/drugsatfda_data_files_1938_1964/Submissions_1938_1964.txt,https://www.accessdata.fda.gov/scripts/cder/daf/index.cfm?event=overview.process&varApplNo=010670,Verified - verbatim from official Drugs@FDA database extract,Official Drugs@FDA Submissions 1938-1964: Appl 010670 ORIG 1 status AP date 1957-05-31 00:00:00 class 7 priority PRIORITY
NDA010971,010971,WYETH AYERST,ORIG,1,AP,1957-05-31 00:00:00,14,STANDARD,1957,data/raw/drugsatfda_data_files_1938_1964/Submissions_1938_1964.txt,https://www.accessdata.fda.gov/scripts/cder/daf/index.cfm?event=overview.process&varApplNo=010971,Verified - verbatim from official Drugs@FDA database extract,Official Drugs@FDA Submissions 1938-1964: Appl 010971 ORIG 1 status AP date 1957-05-31 00:00:00 class 14 priority STANDARD
NDA011000,011000,GLAXOSMITHKLINE,ORIG,1,AP,1957-06-05 00:00:00,12,STANDARD,1957,data/raw/drugsatfda_data_files_1938_1964/Submissions_1938_1964.txt,https://www.accessdata.fda.gov/scripts/cder/daf/index.cfm?event=overview.process&varApplNo=011000,Verified - verbatim from official Drugs@FDA database extract,Official Drugs@FDA Submissions 1938-1964: Appl 011000 ORIG 1 status AP date 1957-06-05 00:00:00 class 12 priority STANDARD
NDA010966,010966,,ORIG,1,AP,1957-06-17 00:00:00,9,PRIORITY,1957,data/raw/drugsatfda_data_files_1938_1964/Submissions_1938_1964.txt,https://www.accessdata.fda.gov/scripts/cder/daf/index.cfm?event=overview.process&varApplNo=010966,Verified - verbatim from official Drugs@FDA database extract,Official Drugs@FDA Submissions 1938-1964: Appl 010966 ORIG 1 status AP date 1957-06-17 00:00:00 class 9 priority PRIORITY
NDA010967,010967,,ORIG,1,AP,1957-06-17 00:00:00,15,STANDARD,1957,data/raw/drugsatfda_data_files_1938_1964/Submissions_1938_1964.txt,https://www.accessdata.fda.gov/scripts/cder/daf/index.cfm?event=overview.process&varApplNo=010967,Verified - verbatim from official Drugs@FDA database extract,Official Drugs@FDA Submissions 1938-1964: Appl 010967 ORIG 1 status AP date 1957-06-17 00:00:00 class 15 priority STANDARD
NDA017934,017934,,ORIG,1,AP,1957-06-17 00:00:00,,,1957,data/raw/drugsatfda_data_files_1938_1964/Submissions_1938_1964.txt,https://www.accessdata.fda.gov/scripts/cder/daf/index.cfm?event=overview.process&varApplNo=017934,Verified - verbatim from official Drugs@FDA database extract,Official Drugs@FDA Submissions 1938-1964: Appl 017934 ORIG 1 status AP date 1957-06-17 00:00:00 class  priority 
NDA060709,060709,,ORIG,1,AP,1957-06-19 00:00:00,,,1957,data/raw/drugsatfda_data_files_1938_1964/Submissions_1938_1964.txt,https://www.accessdata.fda.gov/scripts/cder/daf/index.cfm?event=overview.process&varApplNo=060709,Verified - verbatim from official Drugs@FDA database extract,Official Drugs@FDA Submissions 1938-1964: Appl 060709 ORIG 1 status AP date 1957-06-19 00:00:00 class  priority 
NDA060400,060400,PH HEALTH,ORIG,1,AP,1957-06-21 00:00:00,,,1957,data/raw/drugsatfda_data_files_1938_1964/Submissions_1938_1964.txt,https://www.accessdata.fda.gov/scripts/cder/daf/index.cfm?event=overview.process&varApplNo=060400,Verified - verbatim from official Drugs@FDA database extract,Official Drugs@FDA Submissions 1938-1964: Appl 060400 ORIG 1 status AP date 1957-06-21 00:00:00 class  priority 
NDA050263,050263,LEDERLE,SUPPL,13,AP,1957-06-25 00:00:00,4,,1957,data/raw/drugsatfda_data_files_1938_1964/Submissions_1938_1964.txt,https://www.accessdata.fda.gov/scripts/cder/daf/index.cfm?event=overview.process&varApplNo=050263,Verified - verbatim from official Drugs@FDA database extract,Official Drugs@FDA Submissions 1938-1964: Appl 050263 SUPPL 13 status AP date 1957-06-25 00:00:00 class 4 priority 
NDA050263,050263,LEDERLE,SUPPL,14,AP,1957-06-25 00:00:00,4,,1957,data/raw/drugsatfda_data_files_1938_1964/Submissions_1938_1964.txt,https://www.accessdata.fda.gov/scripts/cder/daf/index.cfm?event=overview.process&varApplNo=050263,Verified - verbatim from official Drugs@FDA database extract,Official Drugs@FDA Submissions 1938-1964: Appl 050263 SUPPL 14 status AP date 1957-06-25 00:00:00 class 4 priority 
NDA011011,011011,ENDO OPERATIONS,ORIG,1,AP,1957-07-16 00:00:00,7,STANDARD,1957,data/raw/drugsatfda_data_files_1938_1964/Submissions_1938_1964.txt,https://www.accessdata.fda.gov/scripts/cder/daf/index.cfm?event=overview.process&varApplNo=011011,Verified - verbatim from official Drugs@FDA database extract,Official Drugs@FDA Submissions 1938-1964: Appl 011011 ORIG 1 status AP date 1957-07-16 00:00:00 class 7 priority STANDARD
NDA011078,011078,,ORIG,1,AP,1957-07-19 00:00:00,7,STANDARD,1957,data/raw/drugsatfda_data_files_1938_1964/Submissions_1938_1964.txt,https://www.accessdata.fda.gov/scripts/cder/daf/index.cfm?event=overview.process&varApplNo=011078,Verified - verbatim from official Drugs@FDA database extract,Official Drugs@FDA Submissions 1938-1964: Appl 011078 ORIG 1 status AP date 1957-07-19 00:00:00 class 7 priority STANDARD
NDA017935,017935,,ORIG,1,AP,1957-07-23 00:00:00,15,STANDARD,1957,data/raw/drugsatfda_data_files_1938_1964/Submissions_1938_1964.txt,https://www.accessdata.fda.gov/scripts/cder/daf/index.cfm?event=overview.process&varApplNo=017935,Verified - verbatim from official Drugs@FDA database extract,Official Drugs@FDA Submissions 1938-1964: Appl 017935 ORIG 1 status AP date 1957-07-23 00:00:00 class 15 priority STANDARD
NDA011073,011073,MEDPOINTE PHARM HLC,ORIG,1,AP,1957-07-24 00:00:00,14,STANDARD,1957,data/raw/drugsatfda_data_files_1938_1964/Submissions_1938_1964.txt,https://www.accessdata.fda.gov/scripts/cder/daf/index.cfm?event=overview.process&varApplNo=011073,Verified - verbatim from official Drugs@FDA database extract,Official Drugs@FDA Submissions 1938-1964: Appl 011073 ORIG 1 status AP date 1957-07-24 00:00:00 class 14 priority STANDARD
NDA011015,011015,,ORIG,1,AP,1957-07-25 00:00:00,,,1957,data/raw/drugsatfda_data_files_1938_1964/Submissions_1938_1964.txt,https://www.accessdata.fda.gov/scripts/cder/daf/index.cfm?event=overview.process&varApplNo=011015,Verified - verbatim from official Drugs@FDA database extract,Official Drugs@FDA Submissions 1938-1964: Appl 011015 ORIG 1 status AP date 1957-07-25 00:00:00 class  priority 
NDA050165,050165,,SUPPL,4,AP,1957-07-29 00:00:00,3,,1957,data/raw/drugsatfda_data_files_1938_1964/Submissions_1938_1964.txt,https://www.accessdata.fda.gov/scripts/cder/daf/index.cfm?event=overview.process&varApplNo=050165,Verified - verbatim from official Drugs@FDA database extract,Official Drugs@FDA Submissions 1938-1964: Appl 050165 SUPPL 4 status AP date 1957-07-29 00:00:00 class 3 priority 
NDA008991,008991,,ORIG,1,AP,1957-08-08 00:00:00,,,1957,data/raw/drugsatfda_data_files_1938_1964/Submissions_1938_1964.txt,https://www.accessdata.fda.gov/scripts/cder/daf/index.cfm?event=overview.process&varApplNo=008991,Verified - verbatim from official Drugs@FDA database extract,Official Drugs@FDA Submissions 1938-1964: Appl 008991 ORIG 1 status AP date 1957-08-08 00:00:00 class  priority 
NDA010585,010585,MERCK,ORIG,1,AP,1957-08-15 00:00:00,7,STANDARD,1957,data/raw/drugsatfda_data_files_1938_1964/Submissions_1938_1964.txt,https://www.accessdata.fda.gov/scripts/cder/daf/index.cfm?event=overview.process&varApplNo=010585,Verified - verbatim from official Drugs@FDA database extract,Official Drugs@FDA Submissions 1938-1964: Appl 010585 ORIG 1 status AP date 1957-08-15 00:00:00 class 7 priority STANDARD
NDA010997,010997,XANODYNE PHARM,ORIG,1,AP,1957-08-16 00:00:00,7,PRIORITY,1957,data/raw/drugsatfda_data_files_1938_1964/Submissions_1938_1964.txt,https://www.accessdata.fda.gov/scripts/cder/daf/index.cfm?event=overview.process&varApplNo=010997,Verified - verbatim from official Drugs@FDA database extract,Official Drugs@FDA Submissions 1938-1964: Appl 010997 ORIG 1 status AP date 1957-08-16 00:00:00 class 7 priority PRIORITY
NDA010799,010799,WYETH CONS,ORIG,1,AP,1957-08-23 00:00:00,15,STANDARD,1957,data/raw/drugsatfda_data_files_1938_1964/Submissions_1938_1964.txt,https://www.accessdata.fda.gov/scripts/cder/daf/index.cfm?event=overview.process&varApplNo=010799,Verified - verbatim from official Drugs@FDA database extract,Official Drugs@FDA Submissions 1938-1964: Appl 010799 ORIG 1 status AP date 1957-08-23 00:00:00 class 15 priority STANDARD
NDA011097,011097,,ORIG,1,AP,1957-08-23 00:00:00,,,1957,data/raw/drugsatfda_data_files_1938_1964/Submissions_1938_1964.txt,https://www.accessdata.fda.gov/scripts/cder/daf/index.cfm?event=overview.process&varApplNo=011097,Verified - verbatim from official Drugs@FDA database extract,Official Drugs@FDA Submissions 1938-1964: Appl 011097 ORIG 1 status AP date 1957-08-23 00:00:00 class  priority 
NDA010915,010915,,ORIG,1,AP,1957-08-28 00:00:00,,,1957,data/raw/drugsatfda_data_files_1938_1964/Submissions_1938_1964.txt,https://www.accessdata.fda.gov/scripts/cder/daf/index.cfm?event=overview.process&varApplNo=010915,Verified - verbatim from official Drugs@FDA database extract,Official Drugs@FDA Submissions 1938-1964: Appl 010915 ORIG 1 status AP date 1957-08-28 00:00:00 class  priority 
NDA011160,011160,,ORIG,1,AP,1957-08-28 00:00:00,15,STANDARD,1957,data/raw/drugsatfda_data_files_1938_1964/Submissions_1938_1964.txt,https://www.accessdata.fda.gov/scripts/cder/daf/index.cfm?event=overview.process&varApplNo=011160,Verified - verbatim from official Drugs@FDA database extract,Official Drugs@FDA Submissions 1938-1964: Appl 011160 ORIG 1 status AP date 1957-08-28 00:00:00 class 15 priority STANDARD
NDA010831,010831,ORGANICS LAGRANGE,ORIG,1,AP,1957-09-12 00:00:00,12,STANDARD,1957,data/raw/drugsatfda_data_files_1938_1964/Submissions_1938_1964.txt,https://www.accessdata.fda.gov/scripts/cder/daf/index.cfm?event=overview.process&varApplNo=010831,Verified - verbatim from official Drugs@FDA database extract,Official Drugs@FDA Submissions 1938-1964: Appl 010831 ORIG 1 status AP date 1957-09-12 00:00:00 class 12 priority STANDARD
NDA011123,011123,BRISTOL MYERS SQUIBB,ORIG,1,AP,1957-09-16 00:00:00,7,STANDARD,1957,data/raw/drugsatfda_data_files_1938_1964/Submissions_1938_1964.txt,https://www.accessdata.fda.gov/scripts/cder/daf/index.cfm?event=overview.process&varApplNo=011123,Verified - verbatim from official Drugs@FDA database extract,Official Drugs@FDA Submissions 1938-1964: Appl 011123 ORIG 1 status AP date 1957-09-16 00:00:00 class 7 priority STANDARD
NDA011111,011111,PFIZER,ORIG,1,AP,1957-09-18 00:00:00,12,STANDARD,1957,data/raw/drugsatfda_data_files_1938_1964/Submissions_1938_1964.txt,https://www.accessdata.fda.gov/scripts/cder/daf/index.cfm?event=overview.process&varApplNo=011111,Verified - verbatim from official Drugs@FDA database extract,Official Drugs@FDA Submissions 1938-1964: Appl 011111 ORIG 1 status AP date 1957-09-18 00:00:00 class 12 priority STANDARD
NDA011120,011120,GLAXOSMITHKLINE,ORIG,1,AP,1957-09-18 00:00:00,12,STANDARD,1957,data/raw/drugsatfda_data_files_1938_1964/Submissions_1938_1964.txt,https://www.accessdata.fda.gov/scripts/cder/daf/index.cfm?event=overview.process&varApplNo=011120,Verified - verbatim from official Drugs@FDA database extract,Official Drugs@FDA Submissions 1938-1964: Appl 011120 ORIG 1 status AP date 1957-09-18 00:00:00 class 12 priority STANDARD
NDA050278,050278,AVET,ORIG,1,AP,1957-10-08 00:00:00,19,UNKNOWN,1957,data/raw/drugsatfda_data_files_1938_1964/Submissions_1938_1964.txt,https://www.accessdata.fda.gov/scripts/cder/daf/index.cfm?event=overview.process&varApplNo=050278,Verified - verbatim from official Drugs@FDA database extract,Official Drugs@FDA Submissions 1938-1964: Appl 050278 ORIG 1 status AP date 1957-10-08 00:00:00 class 19 priority UNKNOWN
NDA010744,010744,GLAXOSMITHKLINE,ORIG,1,AP,1957-10-09 00:00:00,12,STANDARD,1957,data/raw/drugsatfda_data_files_1938_1964/Submissions_1938_1964.txt,https://www.accessdata.fda.gov/scripts/cder/daf/index.cfm?event=overview.process&varApplNo=010744,Verified - verbatim from official Drugs@FDA database extract,Official Drugs@FDA Submissions 1938-1964: Appl 010744 ORIG 1 status AP date 1957-10-09 00:00:00 class 12 priority STANDARD
NDA050263,050263,LEDERLE,SUPPL,16,AP,1957-10-18 00:00:00,3,,1957,data/raw/drugsatfda_data_files_1938_1964/Submissions_1938_1964.txt,https://www.accessdata.fda.gov/scripts/cder/daf/index.cfm?event=overview.process&varApplNo=050263,Verified - verbatim from official Drugs@FDA database extract,Official Drugs@FDA Submissions 1938-1964: Appl 050263 SUPPL 16 status AP date 1957-10-18 00:00:00 class 3 priority 
NDA050263,050263,LEDERLE,SUPPL,17,AP,1957-10-18 00:00:00,3,,1957,data/raw/drugsatfda_data_files_1938_1964/Submissions_1938_1964.txt,https://www.accessdata.fda.gov/scripts/cder/daf/index.cfm?event=overview.process&varApplNo=050263,Verified - verbatim from official Drugs@FDA database extract,Official Drugs@FDA Submissions 1938-1964: Appl 050263 SUPPL 17 status AP date 1957-10-18 00:00:00 class 3 priority 
NDA010511,010511,,ORIG,1,AP,1957-10-21 00:00:00,,,1957,data/raw/drugsatfda_data_files_1938_1964/Submissions_1938_1964.txt,https://www.accessdata.fda.gov/scripts/cder/daf/index.cfm?event=overview.process&varApplNo=010511,Verified - verbatim from official Drugs@FDA database extract,Official Drugs@FDA Submissions 1938-1964: Appl 010511 ORIG 1 status AP date 1957-10-21 00:00:00 class  priority 
NDA010823,010823,,ORIG,1,AP,1957-10-24 00:00:00,,,1957,data/raw/drugsatfda_data_files_1938_1964/Submissions_1938_1964.txt,https://www.accessdata.fda.gov/scripts/cder/daf/index.cfm?event=overview.process&varApplNo=010823,Verified - verbatim from official Drugs@FDA database extract,Official Drugs@FDA Submissions 1938-1964: Appl 010823 ORIG 1 status AP date 1957-10-24 00:00:00 class  priority 
NDA010894,010894,,ORIG,1,AP,1957-10-24 00:00:00,11,STANDARD,1957,data/raw/drugsatfda_data_files_1938_1964/Submissions_1938_1964.txt,https://www.accessdata.fda.gov/scripts/cder/daf/index.cfm?event=overview.process&varApplNo=010894,Verified - verbatim from official Drugs@FDA database extract,Official Drugs@FDA Submissions 1938-1964: Appl 010894 ORIG 1 status AP date 1957-10-24 00:00:00 class 11 priority STANDARD
NDA011153,011153,PFIZER,ORIG,1,AP,1957-10-24 00:00:00,7,STANDARD,1957,data/raw/drugsatfda_data_files_1938_1964/Submissions_1938_1964.txt,https://www.accessdata.fda.gov/scripts/cder/daf/index.cfm?event=overview.process&varApplNo=011153,Verified - verbatim from official Drugs@FDA database extract,Official Drugs@FDA Submissions 1938-1964: Appl 011153 ORIG 1 status AP date 1957-10-24 00:00:00 class 7 priority STANDARD
NDA010942,010942,WYETH AYERST,ORIG,1,AP,1957-11-12 00:00:00,12,STANDARD,1957,data/raw/drugsatfda_data_files_1938_1964/Submissions_1938_1964.txt,https://www.accessdata.fda.gov/scripts/cder/daf/index.cfm?event=overview.process&varApplNo=010942,Verified - verbatim from official Drugs@FDA database extract,Official Drugs@FDA Submissions 1938-1964: Appl 010942 ORIG 1 status AP date 1957-11-12 00:00:00 class 12 priority STANDARD
NDA010996,010996,XANODYNE PHARM,ORIG,1,AP,1957-11-12 00:00:00,14,PRIORITY,1957,data/raw/drugsatfda_data_files_1938_1964/Submissions_1938_1964.txt,https://www.accessdata.fda.gov/scripts/cder/daf/index.cfm?event=overview.process&varApplNo=010996,Verified - verbatim from official Drugs@FDA database extract,Official Drugs@FDA Submissions 1938-1964: Appl 010996 ORIG 1 status AP date 1957-11-12 00:00:00 class 14 priority PRIORITY
NDA009149,009149,GLAXOSMITHKLINE,ORIG,1,AP,1957-11-20 00:00:00,7,PRIORITY,1957,data/raw/drugsatfda_data_files_1938_1964/Submissions_1938_1964.txt,https://www.accessdata.fda.gov/scripts/cder/daf/index.cfm?event=overview.process&varApplNo=009149,Verified - verbatim from official Drugs@FDA database extract,Official Drugs@FDA Submissions 1938-1964: Appl 009149 ORIG 1 status AP date 1957-11-20 00:00:00 class 7 priority PRIORITY
NDA011161,011161,ASTELLAS,ORIG,1,AP,1957-12-03 00:00:00,7,PRIORITY,1957,data/raw/drugsatfda_data_files_1938_1964/Submissions_1938_1964.txt,https://www.accessdata.fda.gov/scripts/cder/daf/index.cfm?event=overview.process&varApplNo=011161,Verified - verbatim from official Drugs@FDA database extract,Official Drugs@FDA Submissions 1938-1964: Appl 011161 ORIG 1 status AP date 1957-12-03 00:00:00 class 7 priority PRIORITY
NDA011265,011265,ANI PHARMS,ORIG,1,AP,1957-12-03 00:00:00,14,STANDARD,1957,data/raw/drugsatfda_data_files_1938_1964/Submissions_1938_1964.txt,https://www.accessdata.fda.gov/scripts/cder/daf/index.cfm?event=overview.process&varApplNo=011265,Verified - verbatim from official Drugs@FDA database extract,Official Drugs@FDA Submissions 1938-1964: Appl 011265 ORIG 1 status AP date 1957-12-03 00:00:00 class 14 priority STANDARD
NDA011188,011188,GLAXOSMITHKLINE,ORIG,1,AP,1957-12-10 00:00:00,9,STANDARD,1957,data/raw/drugsatfda_data_files_1938_1964/Submissions_1938_1964.txt,https://www.accessdata.fda.gov/scripts/cder/daf/index.cfm?event=overview.process&varApplNo=011188,Verified - verbatim from official Drugs@FDA database extract,Official Drugs@FDA Submissions 1938-1964: Appl 011188 ORIG 1 status AP date 1957-12-10 00:00:00 class 9 priority STANDARD
NDA011297,011297,,ORIG,1,AP,1957-12-23 00:00:00,15,STANDARD,1957,data/raw/drugsatfda_data_files_1938_1964/Submissions_1938_1964.txt,https://www.accessdata.fda.gov/scripts/cder/daf/index.cfm?event=overview.process&varApplNo=011297,Verified - verbatim from official Drugs@FDA database extract,Official Drugs@FDA Submissions 1938-1964: Appl 011297 ORIG 1 status AP date 1957-12-23 00:00:00 class 15 priority STANDARD
NDA009486,009486,MCNEIL CONS,ORIG,1,AP,1957-12-30 00:00:00,12,STANDARD,1957,data/raw/drugsatfda_data_files_1938_1964/Submissions_1938_1964.txt,https://www.accessdata.fda.gov/scripts/cder/daf/index.cfm?event=overview.process&varApplNo=009486,Verified - verbatim from official Drugs@FDA database extract,Official Drugs@FDA Submissions 1938-1964: Appl 009486 ORIG 1 status AP date 1957-12-30 00:00:00 class 12 priority STANDARD
NDA011228,011228,ORGANON USA INC,ORIG,1,AP,1957-12-30 00:00:00,15,STANDARD,1957,data/raw/drugsatfda_data_files_1938_1964/Submissions_1938_1964.txt,https://www.accessdata.fda.gov/scripts/cder/daf/index.cfm?event=overview.process&varApplNo=011228,Verified - verbatim from official Drugs@FDA database extract,Official Drugs@FDA Submissions 1938-1964: Appl 011228 ORIG 1 status AP date 1957-12-30 00:00:00 class 15 priority STANDARD
NDA011325,011325,APOTHECON,ORIG,1,AP,1958-01-06 00:00:00,12,STANDARD,1958,data/raw/drugsatfda_data_files_1938_1964/Submissions_1938_1964.txt,https://www.accessdata.fda.gov/scripts/cder/daf/index.cfm?event=overview.process&varApplNo=011325,Verified - verbatim from official Drugs@FDA database extract,Official Drugs@FDA Submissions 1938-1964: Appl 011325 ORIG 1 status AP date 1958-01-06 00:00:00 class 12 priority STANDARD
NDA060006,060006,WYETH AYERST,ORIG,1,AP,1958-01-13 00:00:00,,,1958,data/raw/drugsatfda_data_files_1938_1964/Submissions_1938_1964.txt,https://www.accessdata.fda.gov/scripts/cder/daf/index.cfm?event=overview.process&varApplNo=060006,Verified - verbatim from official Drugs@FDA database extract,Official Drugs@FDA Submissions 1938-1964: Appl 060006 ORIG 1 status AP date 1958-01-13 00:00:00 class  priority 
NDA011283,011283,DELCOR ASSET CORP,ORIG,1,AP,1958-01-14 00:00:00,15,STANDARD,1958,data/raw/drugsatfda_data_files_1938_1964/Submissions_1938_1964.txt,https://www.accessdata.fda.gov/scripts/cder/daf/index.cfm?event=overview.process&varApplNo=011283,Verified - verbatim from official Drugs@FDA database extract,Official Drugs@FDA Submissions 1938-1964: Appl 011283 ORIG 1 status AP date 1958-01-14 00:00:00 class 15 priority STANDARD
NDA011245,011245,BRACCO,ORIG,1,AP,1958-01-17 00:00:00,12,STANDARD,1958,data/raw/drugsatfda_data_files_1938_1964/Submissions_1938_1964.txt,https://www.accessdata.fda.gov/scripts/cder/daf/index.cfm?event=overview.process&varApplNo=011245,Verified - verbatim from official Drugs@FDA database extract,Official Drugs@FDA Submissions 1938-1964: Appl 011245 ORIG 1 status AP date 1958-01-17 00:00:00 class 12 priority STANDARD
NDA011323,011323,SHIRE,ORIG,1,AP,1958-01-20 00:00:00,14,STANDARD,1958,data/raw/drugsatfda_data_files_1938_1964/Submissions_1938_1964.txt,https://www.accessdata.fda.gov/scripts/cder/daf/index.cfm?event=overview.process&varApplNo=011323,Verified - verbatim from official Drugs@FDA database extract,Official Drugs@FDA Submissions 1938-1964: Appl 011323 ORIG 1 status AP date 1958-01-20 00:00:00 class 14 priority STANDARD
NDA011213,011213,SCHERING,ORIG,1,AP,1958-01-29 00:00:00,12,STANDARD,1958,data/raw/drugsatfda_data_files_1938_1964/Submissions_1938_1964.txt,https://www.accessdata.fda.gov/scripts/cder/daf/index.cfm?event=overview.process&varApplNo=011213,Verified - verbatim from official Drugs@FDA database extract,Official Drugs@FDA Submissions 1938-1964: Appl 011213 ORIG 1 status AP date 1958-01-29 00:00:00 class 12 priority STANDARD
NDA011210,011210,PFIZER,ORIG,1,AP,1958-02-10 00:00:00,7,STANDARD,1958,data/raw/drugsatfda_data_files_1938_1964/Submissions_1938_1964.txt,https://www.accessdata.fda.gov/scripts/cder/daf/index.cfm?event=overview.process&varApplNo=011210,Verified - verbatim from official Drugs@FDA database extract,Official Drugs@FDA Submissions 1938-1964: Appl 011210 ORIG 1 status AP date 1958-02-10 00:00:00 class 7 priority STANDARD
NDA050143,050143,PARKEDALE,SUPPL,8,AP,1958-02-24 00:00:00,4,,1958,data/raw/drugsatfda_data_files_1938_1964/Submissions_1938_1964.txt,https://www.accessdata.fda.gov/scripts/cder/daf/index.cfm?event=overview.process&varApplNo=050143,Verified - verbatim from official Drugs@FDA database extract,Official Drugs@FDA Submissions 1938-1964: Appl 050143 SUPPL 8 status AP date 1958-02-24 00:00:00 class 4 priority 
NDA011074,011074,,ORIG,1,AP,1958-03-03 00:00:00,14,STANDARD,1958,data/raw/drugsatfda_data_files_1938_1964/Submissions_1938_1964.txt,https://www.accessdata.fda.gov/scripts/cder/daf/index.cfm?event=overview.process&varApplNo=011074,Verified - verbatim from official Drugs@FDA database extract,Official Drugs@FDA Submissions 1938-1964: Appl 011074 ORIG 1 status AP date 1958-03-03 00:00:00 class 14 priority STANDARD
NDA010496,010496,ASTRAZENECA,ORIG,1,AP,1958-03-11 00:00:00,14,STANDARD,1958,data/raw/drugsatfda_data_files_1938_1964/Submissions_1938_1964.txt,https://www.accessdata.fda.gov/scripts/cder/daf/index.cfm?event=overview.process&varApplNo=010496,Verified - verbatim from official Drugs@FDA database extract,Official Drugs@FDA Submissions 1938-1964: Appl 010496 ORIG 1 status AP date 1958-03-11 00:00:00 class 14 priority STANDARD
NDA011338,011338,WYETH AYERST,ORIG,1,AP,1958-03-12 00:00:00,7,PRIORITY,1958,data/raw/drugsatfda_data_files_1938_1964/Submissions_1938_1964.txt,https://www.accessdata.fda.gov/scripts/cder/daf/index.cfm?event=overview.process&varApplNo=011338,Verified - verbatim from official Drugs@FDA database extract,Official Drugs@FDA Submissions 1938-1964: Appl 011338 ORIG 1 status AP date 1958-03-12 00:00:00 class 7 priority PRIORITY
NDA011397,011397,,ORIG,1,AP,1958-03-14 00:00:00,,,1958,data/raw/drugsatfda_data_files_1938_1964/Submissions_1938_1964.txt,https://www.accessdata.fda.gov/scripts/cder/daf/index.cfm?event=overview.process&varApplNo=011397,Verified - verbatim from official Drugs@FDA database extract,Official Drugs@FDA Submissions 1938-1964: Appl 011397 ORIG 1 status AP date 1958-03-14 00:00:00 class  priority 
NDA011367,011367,,ORIG,1,AP,1958-03-20 00:00:00,,,1958,data/raw/drugsatfda_data_files_1938_1964/Submissions_1938_1964.txt,https://www.accessdata.fda.gov/scripts/cder/daf/index.cfm?event=overview.process&varApplNo=011367,Verified - verbatim from official Drugs@FDA database extract,Official Drugs@FDA Submissions 1938-1964: Appl 011367 ORIG 1 status AP date 1958-03-20 00:00:00 class  priority 
NDA010878,010878,,ORIG,1,AP,1958-03-21 00:00:00,12,STANDARD,1958,data/raw/drugsatfda_data_files_1938_1964/Submissions_1938_1964.txt,https://www.accessdata.fda.gov/scripts/cder/daf/index.cfm?event=overview.process&varApplNo=010878,Verified - verbatim from official Drugs@FDA database extract,Official Drugs@FDA Submissions 1938-1964: Appl 010878 ORIG 1 status AP date 1958-03-21 00:00:00 class 12 priority STANDARD
NDA010824,010824,,ORIG,1,AP,1958-03-27 00:00:00,,,1958,data/raw/drugsatfda_data_files_1938_1964/Submissions_1938_1964.txt,https://www.accessdata.fda.gov/scripts/cder/daf/index.cfm?event=overview.process&varApplNo=010824,Verified - verbatim from official Drugs@FDA database extract,Official Drugs@FDA Submissions 1938-1964: Appl 010824 ORIG 1 status AP date 1958-03-27 00:00:00 class  priority 
NDA011140,011140,,ORIG,1,AP,1958-03-27 00:00:00,,,1958,data/raw/drugsatfda_data_files_1938_1964/Submissions_1938_1964.txt,https://www.accessdata.fda.gov/scripts/cder/daf/index.cfm?event=overview.process&varApplNo=011140,Verified - verbatim from official Drugs@FDA database extract,Official Drugs@FDA Submissions 1938-1964: Appl 011140 ORIG 1 status AP date 1958-03-27 00:00:00 class  priority 
NDA050404,050404,LEDERLE,SUPPL,9,AP,1958-04-01 00:00:00,3,,1958,data/raw/drugsatfda_data_files_1938_1964/Submissions_1938_1964.txt,https://www.accessdata.fda.gov/scripts/cder/daf/index.cfm?event=overview.process&varApplNo=050404,Verified - verbatim from official Drugs@FDA database extract,Official Drugs@FDA Submissions 1938-1964: Appl 050404 SUPPL 9 status AP date 1958-04-01 00:00:00 class 3 priority 
NDA050263,050263,LEDERLE,SUPPL,20,AP,1958-04-17 00:00:00,4,,1958,data/raw/drugsatfda_data_files_1938_1964/Submissions_1938_1964.txt,https://www.accessdata.fda.gov/scripts/cder/daf/index.cfm?event=overview.process&varApplNo=050263,Verified - verbatim from official Drugs@FDA database extract,Official Drugs@FDA Submissions 1938-1964: Appl 050263 SUPPL 20 status AP date 1958-04-17 00:00:00 class 4 priority 
NDA050263,050263,LEDERLE,SUPPL,19,AP,1958-04-18 00:00:00,4,,1958,data/raw/drugsatfda_data_files_1938_1964/Submissions_1938_1964.txt,https://www.accessdata.fda.gov/scripts/cder/daf/index.cfm?event=overview.process&varApplNo=050263,Verified - verbatim from official Drugs@FDA database extract,Official Drugs@FDA Submissions 1938-1964: Appl 050263 SUPPL 19 status AP date 1958-04-18 00:00:00 class 4 priority 
NDA050278,050278,AVET,SUPPL,20,AP,1958-04-25 00:00:00,4,,1958,data/raw/drugsatfda_data_files_1938_1964/Submissions_1938_1964.txt,https://www.accessdata.fda.gov/scripts/cder/daf/index.cfm?event=overview.process&varApplNo=050278,Verified - verbatim from official Drugs@FDA database extract,Official Drugs@FDA Submissions 1938-1964: Appl 050278 SUPPL 20 status AP date 1958-04-25 00:00:00 class 4 priority 
NDA011159,011159,,ORIG,1,AP,1958-04-30 00:00:00,,,1958,data/raw/drugsatfda_data_files_1938_1964/Submissions_1938_1964.txt,https://www.accessdata.fda.gov/scripts/cder/daf/index.cfm?event=overview.process&varApplNo=011159,Verified - verbatim from official Drugs@FDA database extract,Official Drugs@FDA Submissions 1938-1964: Appl 011159 ORIG 1 status AP date 1958-04-30 00:00:00 class  priority 
NDA010926,010926,PHARMOBEDIENT,ORIG,1,AP,1958-05-05 00:00:00,12,STANDARD,1958,data/raw/drugsatfda_data_files_1938_1964/Submissions_1938_1964.txt,https://www.accessdata.fda.gov/scripts/cder/daf/index.cfm?event=overview.process&varApplNo=010926,Verified - verbatim from official Drugs@FDA database extract,Official Drugs@FDA Submissions 1938-1964: Appl 010926 ORIG 1 status AP date 1958-05-05 00:00:00 class 12 priority STANDARD
NDA050270,050270,,ORIG,1,AP,1958-05-05 00:00:00,19,UNKNOWN,1958,data/raw/drugsatfda_data_files_1938_1964/Submissions_1938_1964.txt,https://www.accessdata.fda.gov/scripts/cder/daf/index.cfm?event=overview.process&varApplNo=050270,Verified - verbatim from official Drugs@FDA database extract,Official Drugs@FDA Submissions 1938-1964: Appl 050270 ORIG 1 status AP date 1958-05-05 00:00:00 class 19 priority UNKNOWN
NDA050278,050278,AVET,SUPPL,21,AP,1958-05-28 00:00:00,3,,1958,data/raw/drugsatfda_data_files_1938_1964/Submissions_1938_1964.txt,https://www.accessdata.fda.gov/scripts/cder/daf/index.cfm?event=overview.process&varApplNo=050278,Verified - verbatim from official Drugs@FDA database extract,Official Drugs@FDA Submissions 1938-1964: Appl 050278 SUPPL 21 status AP date 1958-05-28 00:00:00 class 3 priority 
NDA011287,011287,CONCORDIA,ORIG,1,AP,1958-06-05 00:00:00,7,PRIORITY,1958,data/raw/drugsatfda_data_files_1938_1964/Submissions_1938_1964.txt,https://www.accessdata.fda.gov/scripts/cder/daf/index.cfm?event=overview.process&varApplNo=011287,Verified - verbatim from official Drugs@FDA database extract,Official Drugs@FDA Submissions 1938-1964: Appl 011287 ORIG 1 status AP date 1958-06-05 00:00:00 class 7 priority PRIORITY
NDA050273,050273,LEDERLE,SUPPL,16,AP,1958-06-09 00:00:00,4,,1958,data/raw/drugsatfda_data_files_1938_1964/Submissions_1938_1964.txt,https://www.accessdata.fda.gov/scripts/cder/daf/index.cfm?event=overview.process&varApplNo=050273,Verified - verbatim from official Drugs@FDA database extract,Official Drugs@FDA Submissions 1938-1964: Appl 050273 SUPPL 16 status AP date 1958-06-09 00:00:00 class 4 priority 
NDA050263,050263,LEDERLE,SUPPL,21,AP,1958-06-13 00:00:00,3,,1958,data/raw/drugsatfda_data_files_1938_1964/Submissions_1938_1964.txt,https://www.accessdata.fda.gov/scripts/cder/daf/index.cfm?event=overview.process&varApplNo=050263,Verified - verbatim from official Drugs@FDA database extract,Official Drugs@FDA Submissions 1938-1964: Appl 050263 SUPPL 21 status AP date 1958-06-13 00:00:00 class 3 priority 
NDA011340,011340,PHARM RES ASSOC,ORIG,1,AP,1958-06-25 00:00:00,7,STANDARD,1958,data/raw/drugsatfda_data_files_1938_1964/Submissions_1938_1964.txt,https://www.accessdata.fda.gov/scripts/cder/daf/index.cfm?event=overview.process&varApplNo=011340,Verified - verbatim from official Drugs@FDA database extract,Official Drugs@FDA Submissions 1938-1964: Appl 011340 ORIG 1 status AP date 1958-06-25 00:00:00 class 7 priority STANDARD
NDA050201,050201,PARKEDALE,ORIG,1,AP,1958-06-25 00:00:00,19,UNKNOWN,1958,data/raw/drugsatfda_data_files_1938_1964/Submissions_1938_1964.txt,https://www.accessdata.fda.gov/scripts/cder/daf/index.cfm?event=overview.process&varApplNo=050201,Verified - verbatim from official Drugs@FDA database extract,Official Drugs@FDA Submissions 1938-1964: Appl 050201 ORIG 1 status AP date 1958-06-25 00:00:00 class 19 priority UNKNOWN
NDA011233,011233,,ORIG,1,AP,1958-06-27 00:00:00,,,1958,data/raw/drugsatfda_data_files_1938_1964/Submissions_1938_1964.txt,https://www.accessdata.fda.gov/scripts/cder/daf/index.cfm?event=overview.process&varApplNo=011233,Verified - verbatim from official Drugs@FDA database extract,Official Drugs@FDA Submissions 1938-1964: Appl 011233 ORIG 1 status AP date 1958-06-27 00:00:00 class  priority 
NDA011483,011483,SUN PHARM INDUSTRIES,ORIG,1,AP,1958-07-07 00:00:00,14,STANDARD,1958,data/raw/drugsatfda_data_files_1938_1964/Submissions_1938_1964.txt,https://www.accessdata.fda.gov/scripts/cder/daf/index.cfm?event=overview.process&varApplNo=011483,Verified - verbatim from official Drugs@FDA database extract,Official Drugs@FDA Submissions 1938-1964: Appl 011483 ORIG 1 status AP date 1958-07-07 00:00:00 class 14 priority STANDARD
NDA010791,010791,BEL MAR,ORIG,1,AP,1958-07-14 00:00:00,15,STANDARD,1958,data/raw/drugsatfda_data_files_1938_1964/Submissions_1938_1964.txt,https://www.accessdata.fda.gov/scripts/cder/daf/index.cfm?event=overview.process&varApplNo=010791,Verified - verbatim from official Drugs@FDA database extract,Official Drugs@FDA Submissions 1938-1964: Appl 010791 ORIG 1 status AP date 1958-07-14 00:00:00 class 15 priority STANDARD
NDA011366,011366,XERIS,ORIG,1,AP,1958-07-22 00:00:00,7,STANDARD,1958,data/raw/drugsatfda_data_files_1938_1964/Submissions_1938_1964.txt,https://www.accessdata.fda.gov/scripts/cder/daf/index.cfm?event=overview.process&varApplNo=011366,Verified - verbatim from official Drugs@FDA database extract,Official Drugs@FDA Submissions 1938-1964: Appl 011366 ORIG 1 status AP date 1958-07-22 00:00:00 class 7 priority STANDARD
NDA050166,050166,,ORIG,1,AP,1958-07-29 00:00:00,19,UNKNOWN,1958,data/raw/drugsatfda_data_files_1938_1964/Submissions_1938_1964.txt,https://www.accessdata.fda.gov/scripts/cder/daf/index.cfm?event=overview.process&varApplNo=050166,Verified - verbatim from official Drugs@FDA database extract,Official Drugs@FDA Submissions 1938-1964: Appl 050166 ORIG 1 status AP date 1958-07-29 00:00:00 class 19 priority UNKNOWN
NDA011529,011529,JANSSEN R AND D,ORIG,1,AP,1958-08-15 00:00:00,14,STANDARD,1958,data/raw/drugsatfda_data_files_1938_1964/Submissions_1938_1964.txt,https://www.accessdata.fda.gov/scripts/cder/daf/index.cfm?event=overview.process&varApplNo=011529,Verified - verbatim from official Drugs@FDA database extract,Official Drugs@FDA Submissions 1938-1964: Appl 011529 ORIG 1 status AP date 1958-08-15 00:00:00 class 14 priority STANDARD
NDA050276,050276,LEDERLE,SUPPL,14,AP,1958-08-18 00:00:00,3,,1958,data/raw/drugsatfda_data_files_1938_1964/Submissions_1938_1964.txt,https://www.accessdata.fda.gov/scripts/cder/daf/index.cfm?event=overview.process&varApplNo=050276,Verified - verbatim from official Drugs@FDA database extract,Official Drugs@FDA Submissions 1938-1964: Appl 050276 SUPPL 14 status AP date 1958-08-18 00:00:00 class 3 priority 
NDA050276,050276,LEDERLE,SUPPL,15,AP,1958-08-18 00:00:00,3,,1958,data/raw/drugsatfda_data_files_1938_1964/Submissions_1938_1964.txt,https://www.accessdata.fda.gov/scripts/cder/daf/index.cfm?event=overview.process&varApplNo=050276,Verified - verbatim from official Drugs@FDA database extract,Official Drugs@FDA Submissions 1938-1964: Appl 050276 SUPPL 15 status AP date 1958-08-18 00:00:00 class 3 priority 
NDA010989,010989,,ORIG,1,AP,1958-08-19 00:00:00,,,1958,data/raw/drugsatfda_data_files_1938_1964/Submissions_1938_1964.txt,https://www.accessdata.fda.gov/scripts/cder/daf/index.cfm?event=overview.process&varApplNo=010989,Verified - verbatim from official Drugs@FDA database extract,Official Drugs@FDA Submissions 1938-1964: Appl 010989 ORIG 1 status AP date 1958-08-19 00:00:00 class  priority 
NDA011324,011324,BRACCO,ORIG,1,AP,1958-08-22 00:00:00,15,STANDARD,1958,data/raw/drugsatfda_data_files_1938_1964/Submissions_1938_1964.txt,https://www.accessdata.fda.gov/scripts/cder/daf/index.cfm?event=overview.process&varApplNo=011324,Verified - verbatim from official Drugs@FDA database extract,Official Drugs@FDA Submissions 1938-1964: Appl 011324 ORIG 1 status AP date 1958-08-22 00:00:00 class 15 priority STANDARD
NDA010953,010953,,ORIG,1,AP,1958-08-26 00:00:00,15,STANDARD,1958,data/raw/drugsatfda_data_files_1938_1964/Submissions_1938_1964.txt,https://www.accessdata.fda.gov/scripts/cder/daf/index.cfm?event=overview.process&varApplNo=010953,Verified - verbatim from official Drugs@FDA database extract,Official Drugs@FDA Submissions 1938-1964: Appl 010953 ORIG 1 status AP date 1958-08-26 00:00:00 class 15 priority STANDARD
NDA011145,011145,RISING,ORIG,1,AP,1958-09-04 00:00:00,7,PRIORITY,1958,data/raw/drugsatfda_data_files_1938_1964/Submissions_1938_1964.txt,https://www.accessdata.fda.gov/scripts/cder/daf/index.cfm?event=overview.process&varApplNo=011145,Verified - verbatim from official Drugs@FDA database extract,Official Drugs@FDA Submissions 1938-1964: Appl 011145 ORIG 1 status AP date 1958-09-04 00:00:00 class 7 priority PRIORITY
NDA050263,050263,LEDERLE,SUPPL,22,AP,1958-09-15 00:00:00,3,,1958,data/raw/drugsatfda_data_files_1938_1964/Submissions_1938_1964.txt,https://www.accessdata.fda.gov/scripts/cder/daf/index.cfm?event=overview.process&varApplNo=050263,Verified - verbatim from official Drugs@FDA database extract,Official Drugs@FDA Submissions 1938-1964: Appl 050263 SUPPL 22 status AP date 1958-09-15 00:00:00 class 3 priority 
NDA050278,050278,AVET,SUPPL,22,AP,1958-09-15 00:00:00,3,,1958,data/raw/drugsatfda_data_files_1938_1964/Submissions_1938_1964.txt,https://www.accessdata.fda.gov/scripts/cder/daf/index.cfm?event=overview.process&varApplNo=050278,Verified - verbatim from official Drugs@FDA database extract,Official Drugs@FDA Submissions 1938-1964: Appl 050278 SUPPL 22 status AP date 1958-09-15 00:00:00 class 3 priority 
NDA050278,050278,AVET,SUPPL,23,AP,1958-09-15 00:00:00,3,,1958,data/raw/drugsatfda_data_files_1938_1964/Submissions_1938_1964.txt,https://www.accessdata.fda.gov/scripts/cder/daf/index.cfm?event=overview.process&varApplNo=050278,Verified - verbatim from official Drugs@FDA database extract,Official Drugs@FDA Submissions 1938-1964: Appl 050278 SUPPL 23 status AP date 1958-09-15 00:00:00 class 3 priority 
NDA011418,011418,WYETH AYERST,ORIG,1,AP,1958-09-29 00:00:00,12,STANDARD,1958,data/raw/drugsatfda_data_files_1938_1964/Submissions_1938_1964.txt,https://www.accessdata.fda.gov/scripts/cder/daf/index.cfm?event=overview.process&varApplNo=011418,Verified - verbatim from official Drugs@FDA database extract,Official Drugs@FDA Submissions 1938-1964: Appl 011418 ORIG 1 status AP date 1958-09-29 00:00:00 class 12 priority STANDARD
NDA050263,050263,LEDERLE,SUPPL,23,AP,1958-10-01 00:00:00,3,,1958,data/raw/drugsatfda_data_files_1938_1964/Submissions_1938_1964.txt,https://www.accessdata.fda.gov/scripts/cder/daf/index.cfm?event=overview.process&varApplNo=050263,Verified - verbatim from official Drugs@FDA database extract,Official Drugs@FDA Submissions 1938-1964: Appl 050263 SUPPL 23 status AP date 1958-10-01 00:00:00 class 3 priority 
NDA050278,050278,AVET,SUPPL,24,AP,1958-10-01 00:00:00,4,,1958,data/raw/drugsatfda_data_files_1938_1964/Submissions_1938_1964.txt,https://www.accessdata.fda.gov/scripts/cder/daf/index.cfm?event=overview.process&varApplNo=050278,Verified - verbatim from official Drugs@FDA database extract,Official Drugs@FDA Submissions 1938-1964: Appl 050278 SUPPL 24 status AP date 1958-10-01 00:00:00 class 4 priority 
NDA011601,011601,PHARMOBEDIENT,ORIG,1,AP,1958-10-23 00:00:00,12,STANDARD,1958,data/raw/drugsatfda_data_files_1938_1964/Submissions_1938_1964.txt,https://www.accessdata.fda.gov/scripts/cder/daf/index.cfm?event=overview.process&varApplNo=011601,Verified - verbatim from official Drugs@FDA database extract,Official Drugs@FDA Submissions 1938-1964: Appl 011601 ORIG 1 status AP date 1958-10-23 00:00:00 class 12 priority STANDARD
NDA011641,011641,PFIZER,ORIG,1,AP,1958-10-28 00:00:00,7,PRIORITY,1958,data/raw/drugsatfda_data_files_1938_1964/Submissions_1938_1964.txt,https://www.accessdata.fda.gov/scripts/cder/daf/index.cfm?event=overview.process&varApplNo=011641,Verified - verbatim from official Drugs@FDA database extract,Official Drugs@FDA Submissions 1938-1964: Appl 011641 ORIG 1 status AP date 1958-10-28 00:00:00 class 7 priority PRIORITY
NDA011664,011664,MERCK,ORIG,1,AP,1958-10-30 00:00:00,7,PRIORITY,1958,data/raw/drugsatfda_data_files_1938_1964/Submissions_1938_1964.txt,https://www.accessdata.fda.gov/scripts/cder/daf/index.cfm?event=overview.process&varApplNo=011664,Verified - verbatim from official Drugs@FDA database extract,Official Drugs@FDA Submissions 1938-1964: Appl 011664 ORIG 1 status AP date 1958-10-30 00:00:00 class 7 priority PRIORITY
NDA011620,011620,BRACCO,ORIG,1,AP,1958-12-03 00:00:00,15,STANDARD,1958,data/raw/drugsatfda_data_files_1938_1964/Submissions_1938_1964.txt,https://www.accessdata.fda.gov/scripts/cder/daf/index.cfm?event=overview.process&varApplNo=011620,Verified - verbatim from official Drugs@FDA database extract,Official Drugs@FDA Submissions 1938-1964: Appl 011620 ORIG 1 status AP date 1958-12-03 00:00:00 class 15 priority STANDARD
NDA011635,011635,MERCK,ORIG,1,AP,1958-12-11 00:00:00,14,STANDARD,1958,data/raw/drugsatfda_data_files_1938_1964/Submissions_1938_1964.txt,https://www.accessdata.fda.gov/scripts/cder/daf/index.cfm?event=overview.process&varApplNo=011635,Verified - verbatim from official Drugs@FDA database extract,Official Drugs@FDA Submissions 1938-1964: Appl 011635 ORIG 1 status AP date 1958-12-11 00:00:00 class 14 priority STANDARD
NDA011557,011557,SCHERING,ORIG,1,AP,1958-12-12 00:00:00,12,STANDARD,1958,data/raw/drugsatfda_data_files_1938_1964/Submissions_1938_1964.txt,https://www.accessdata.fda.gov/scripts/cder/daf/index.cfm?event=overview.process&varApplNo=011557,Verified - verbatim from official Drugs@FDA database extract,Official Drugs@FDA Submissions 1938-1964: Appl 011557 ORIG 1 status AP date 1958-12-12 00:00:00 class 12 priority STANDARD
NDA050131,050131,WYETH AYERST,ORIG,1,AP,1958-12-31 00:00:00,,,1958,data/raw/drugsatfda_data_files_1938_1964/Submissions_1938_1964.txt,https://www.accessdata.fda.gov/scripts/cder/daf/index.cfm?event=overview.process&varApplNo=050131,Verified - verbatim from official Drugs@FDA database extract,Official Drugs@FDA Submissions 1938-1964: Appl 050131 ORIG 1 status AP date 1958-12-31 00:00:00 class  priority 
NDA011419,011419,,ORIG,1,AP,1959-01-06 00:00:00,,,1959,data/raw/drugsatfda_data_files_1938_1964/Submissions_1938_1964.txt,https://www.accessdata.fda.gov/scripts/cder/daf/index.cfm?event=overview.process&varApplNo=011419,Verified - verbatim from official Drugs@FDA database extract,Official Drugs@FDA Submissions 1938-1964: Appl 011419 ORIG 1 status AP date 1959-01-06 00:00:00 class  priority 
NDA011665,011665,BAUSCH,ORIG,1,AP,1959-01-12 00:00:00,12,STANDARD,1959,data/raw/drugsatfda_data_files_1938_1964/Submissions_1938_1964.txt,https://www.accessdata.fda.gov/scripts/cder/daf/index.cfm?event=overview.process&varApplNo=011665,Verified - verbatim from official Drugs@FDA database extract,Official Drugs@FDA Submissions 1938-1964: Appl 011665 ORIG 1 status AP date 1959-01-12 00:00:00 class 12 priority STANDARD
NDA011731,011731,,ORIG,1,AP,1959-01-13 00:00:00,,,1959,data/raw/drugsatfda_data_files_1938_1964/Submissions_1938_1964.txt,https://www.accessdata.fda.gov/scripts/cder/daf/index.cfm?event=overview.process&varApplNo=011731,Verified - verbatim from official Drugs@FDA database extract,Official Drugs@FDA Submissions 1938-1964: Appl 011731 ORIG 1 status AP date 1959-01-13 00:00:00 class  priority 
NDA011460,011460,,ORIG,1,AP,1959-01-20 00:00:00,,,1959,data/raw/drugsatfda_data_files_1938_1964/Submissions_1938_1964.txt,https://www.accessdata.fda.gov/scripts/cder/daf/index.cfm?event=overview.process&varApplNo=011460,Verified - verbatim from official Drugs@FDA database extract,Official Drugs@FDA Submissions 1938-1964: Appl 011460 ORIG 1 status AP date 1959-01-20 00:00:00 class  priority 
NDA011127,011127,GLAXOSMITHKLINE,ORIG,1,AP,1959-01-26 00:00:00,9,STANDARD,1959,data/raw/drugsatfda_data_files_1938_1964/Submissions_1938_1964.txt,https://www.accessdata.fda.gov/scripts/cder/daf/index.cfm?event=overview.process&varApplNo=011127,Verified - verbatim from official Drugs@FDA database extract,Official Drugs@FDA Submissions 1938-1964: Appl 011127 ORIG 1 status AP date 1959-01-26 00:00:00 class 9 priority STANDARD
NDA011721,011721,LEDERLE,ORIG,1,AP,1959-01-26 00:00:00,12,STANDARD,1959,data/raw/drugsatfda_data_files_1938_1964/Submissions_1938_1964.txt,https://www.accessdata.fda.gov/scripts/cder/daf/index.cfm?event=overview.process&varApplNo=011721,Verified - verbatim from official Drugs@FDA database extract,Official Drugs@FDA Submissions 1938-1964: Appl 011721 ORIG 1 status AP date 1959-01-26 00:00:00 class 12 priority STANDARD
NDA050276,050276,LEDERLE,SUPPL,17,AP,1959-02-06 00:00:00,4,,1959,data/raw/drugsatfda_data_files_1938_1964/Submissions_1938_1964.txt,https://www.accessdata.fda.gov/scripts/cder/daf/index.cfm?event=overview.process&varApplNo=050276,Verified - verbatim from official Drugs@FDA database extract,Official Drugs@FDA Submissions 1938-1964: Appl 050276 SUPPL 17 status AP date 1959-02-06 00:00:00 class 4 priority 
NDA011525,011525,RENEW PHARMS,ORIG,1,AP,1959-02-09 00:00:00,7,PRIORITY,1959,data/raw/drugsatfda_data_files_1938_1964/Submissions_1938_1964.txt,https://www.accessdata.fda.gov/scripts/cder/daf/index.cfm?event=overview.process&varApplNo=011525,Verified - verbatim from official Drugs@FDA database extract,Official Drugs@FDA Submissions 1938-1964: Appl 011525 ORIG 1 status AP date 1959-02-09 00:00:00 class 7 priority PRIORITY
NDA011793,011793,NOVARTIS,ORIG,1,AP,1959-02-12 00:00:00,7,STANDARD,1959,data/raw/drugsatfda_data_files_1938_1964/Submissions_1938_1964.txt,https://www.accessdata.fda.gov/scripts/cder/daf/index.cfm?event=overview.process&varApplNo=011793,Verified - verbatim from official Drugs@FDA database extract,Official Drugs@FDA Submissions 1938-1964: Appl 011793 ORIG 1 status AP date 1959-02-12 00:00:00 class 7 priority STANDARD
NDA050278,050278,AVET,SUPPL,25,AP,1959-02-13 00:00:00,4,,1959,data/raw/drugsatfda_data_files_1938_1964/Submissions_1938_1964.txt,https://www.accessdata.fda.gov/scripts/cder/daf/index.cfm?event=overview.process&varApplNo=050278,Verified - verbatim from official Drugs@FDA database extract,Official Drugs@FDA Submissions 1938-1964: Appl 050278 SUPPL 25 status AP date 1959-02-13 00:00:00 class 4 priority 
NDA050155,050155,PARKEDALE,ORIG,1,AP,1959-02-20 00:00:00,,,1959,data/raw/drugsatfda_data_files_1938_1964/Submissions_1938_1964.txt,https://www.accessdata.fda.gov/scripts/cder/daf/index.cfm?event=overview.process&varApplNo=050155,Verified - verbatim from official Drugs@FDA database extract,Official Drugs@FDA Submissions 1938-1964: Appl 050155 ORIG 1 status AP date 1959-02-20 00:00:00 class  priority 
NDA011835,011835,MERCK,ORIG,1,AP,1959-02-24 00:00:00,15,STANDARD,1959,data/raw/drugsatfda_data_files_1938_1964/Submissions_1938_1964.txt,https://www.accessdata.fda.gov/scripts/cder/daf/index.cfm?event=overview.process&varApplNo=011835,Verified - verbatim from official Drugs@FDA database extract,Official Drugs@FDA Submissions 1938-1964: Appl 011835 ORIG 1 status AP date 1959-02-24 00:00:00 class 15 priority STANDARD
NDA011777,011777,MALLINCKRODT,ORIG,1,AP,1959-03-04 00:00:00,15,STANDARD,1959,data/raw/drugsatfda_data_files_1938_1964/Submissions_1938_1964.txt,https://www.accessdata.fda.gov/scripts/cder/daf/index.cfm?event=overview.process&varApplNo=011777,Verified - verbatim from official Drugs@FDA database extract,Official Drugs@FDA Submissions 1938-1964: Appl 011777 ORIG 1 status AP date 1959-03-04 00:00:00 class 15 priority STANDARD
NDA011683,011683,IMMUNEX,ORIG,1,AP,1959-03-09 00:00:00,7,PRIORITY,1959,data/raw/drugsatfda_data_files_1938_1964/Submissions_1938_1964.txt,https://www.accessdata.fda.gov/scripts/cder/daf/index.cfm?event=overview.process&varApplNo=011683,Verified - verbatim from official Drugs@FDA database extract,Official Drugs@FDA Submissions 1938-1964: Appl 011683 ORIG 1 status AP date 1959-03-09 00:00:00 class 7 priority PRIORITY
NDA011685,011685,FOSUN PHARMA,ORIG,1,AP,1959-03-12 00:00:00,9,STANDARD,1959,data/raw/drugsatfda_data_files_1938_1964/Submissions_1938_1964.txt,https://www.accessdata.fda.gov/scripts/cder/daf/index.cfm?event=overview.process&varApplNo=011685,Verified - verbatim from official Drugs@FDA database extract,Official Drugs@FDA Submissions 1938-1964: Appl 011685 ORIG 1 status AP date 1959-03-12 00:00:00 class 9 priority STANDARD
NDA011707,011707,ENDO PHARMS,ORIG,1,AP,1959-04-02 00:00:00,12,STANDARD,1959,data/raw/drugsatfda_data_files_1938_1964/Submissions_1938_1964.txt,https://www.accessdata.fda.gov/scripts/cder/daf/index.cfm?event=overview.process&varApplNo=011707,Verified - verbatim from official Drugs@FDA database extract,Official Drugs@FDA Submissions 1938-1964: Appl 011707 ORIG 1 status AP date 1959-04-02 00:00:00 class 12 priority STANDARD
NDA011296,011296,,ORIG,1,AP,1959-04-03 00:00:00,7,STANDARD,1959,data/raw/drugsatfda_data_files_1938_1964/Submissions_1938_1964.txt,https://www.accessdata.fda.gov/scripts/cder/daf/index.cfm?event=overview.process&varApplNo=011296,Verified - verbatim from official Drugs@FDA database extract,Official Drugs@FDA Submissions 1938-1964: Appl 011296 ORIG 1 status AP date 1959-04-03 00:00:00 class 7 priority STANDARD
NDA011792,011792,MYLAN SPECIALITY LP,ORIG,1,AP,1959-04-09 00:00:00,7,STANDARD,1959,data/raw/drugsatfda_data_files_1938_1964/Submissions_1938_1964.txt,https://www.accessdata.fda.gov/scripts/cder/daf/index.cfm?event=overview.process&varApplNo=011792,Verified - verbatim from official Drugs@FDA database extract,Official Drugs@FDA Submissions 1938-1964: Appl 011792 ORIG 1 status AP date 1959-04-09 00:00:00 class 7 priority STANDARD
NDA050404,050404,LEDERLE,SUPPL,10,AP,1959-04-09 00:00:00,4,,1959,data/raw/drugsatfda_data_files_1938_1964/Submissions_1938_1964.txt,https://www.accessdata.fda.gov/scripts/cder/daf/index.cfm?event=overview.process&varApplNo=050404,Verified - verbatim from official Drugs@FDA database extract,Official Drugs@FDA Submissions 1938-1964: Appl 050404 SUPPL 10 status AP date 1959-04-09 00:00:00 class 4 priority 
NDA011552,011552,GLAXOSMITHKLINE,ORIG,1,AP,1959-04-16 00:00:00,7,STANDARD,1959,data/raw/drugsatfda_data_files_1938_1964/Submissions_1938_1964.txt,https://www.accessdata.fda.gov/scripts/cder/daf/index.cfm?event=overview.process&varApplNo=011552,Verified - verbatim from official Drugs@FDA database extract,Official Drugs@FDA Submissions 1938-1964: Appl 011552 ORIG 1 status AP date 1959-04-16 00:00:00 class 7 priority STANDARD
NDA011836,011836,SANOFI AVENTIS US,ORIG,1,AP,1959-04-16 00:00:00,7,PRIORITY,1959,data/raw/drugsatfda_data_files_1938_1964/Submissions_1938_1964.txt,https://www.accessdata.fda.gov/scripts/cder/daf/index.cfm?event=overview.process&varApplNo=011836,Verified - verbatim from official Drugs@FDA database extract,Official Drugs@FDA Submissions 1938-1964: Appl 011836 ORIG 1 status AP date 1959-04-16 00:00:00 class 7 priority PRIORITY
NDA011691,011691,,ORIG,1,AP,1959-04-24 00:00:00,,,1959,data/raw/drugsatfda_data_files_1938_1964/Submissions_1938_1964.txt,https://www.accessdata.fda.gov/scripts/cder/daf/index.cfm?event=overview.process&varApplNo=011691,Verified - verbatim from official Drugs@FDA database extract,Official Drugs@FDA Submissions 1938-1964: Appl 011691 ORIG 1 status AP date 1959-04-24 00:00:00 class  priority 
NDA011667,011667,,ORIG,1,AP,1959-04-30 00:00:00,12,STANDARD,1959,data/raw/drugsatfda_data_files_1938_1964/Submissions_1938_1964.txt,https://www.accessdata.fda.gov/scripts/cder/daf/index.cfm?event=overview.process&varApplNo=011667,Verified - verbatim from official Drugs@FDA database extract,Official Drugs@FDA Submissions 1938-1964: Appl 011667 ORIG 1 status AP date 1959-04-30 00:00:00 class 12 priority STANDARD
NDA011613,011613,UCB INC,ORIG,1,AP,1959-05-04 00:00:00,7,PRIORITY,1959,data/raw/drugsatfda_data_files_1938_1964/Submissions_1938_1964.txt,https://www.accessdata.fda.gov/scripts/cder/daf/index.cfm?event=overview.process&varApplNo=011613,Verified - verbatim from official Drugs@FDA database extract,Official Drugs@FDA Submissions 1938-1964: Appl 011613 ORIG 1 status AP date 1959-05-04 00:00:00 class 7 priority PRIORITY
NDA011854,011854,,ORIG,1,AP,1959-05-05 00:00:00,,,1959,data/raw/drugsatfda_data_files_1938_1964/Submissions_1938_1964.txt,https://www.accessdata.fda.gov/scripts/cder/daf/index.cfm?event=overview.process&varApplNo=011854,Verified - verbatim from official Drugs@FDA database extract,Official Drugs@FDA Submissions 1938-1964: Appl 011854 ORIG 1 status AP date 1959-05-05 00:00:00 class  priority 
NDA011878,011878,NOVARTIS,ORIG,1,AP,1959-05-05 00:00:00,14,STANDARD,1959,data/raw/drugsatfda_data_files_1938_1964/Submissions_1938_1964.txt,https://www.accessdata.fda.gov/scripts/cder/daf/index.cfm?event=overview.process&varApplNo=011878,Verified - verbatim from official Drugs@FDA database extract,Official Drugs@FDA Submissions 1938-1964: Appl 011878 ORIG 1 status AP date 1959-05-05 00:00:00 class 14 priority STANDARD
NDA010417,010417,FRESENIUS KABI USA,ORIG,1,AP,1959-05-07 00:00:00,12,PRIORITY,1959,data/raw/drugsatfda_data_files_1938_1964/Submissions_1938_1964.txt,https://www.accessdata.fda.gov/scripts/cder/daf/index.cfm?event=overview.process&varApplNo=010417,Verified - verbatim from official Drugs@FDA database extract,Official Drugs@FDA Submissions 1938-1964: Appl 010417 ORIG 1 status AP date 1959-05-07 00:00:00 class 12 priority PRIORITY
NDA011556,011556,NOVARTIS,ORIG,1,AP,1959-05-13 00:00:00,7,STANDARD,1959,data/raw/drugsatfda_data_files_1938_1964/Submissions_1938_1964.txt,https://www.accessdata.fda.gov/scripts/cder/daf/index.cfm?event=overview.process&varApplNo=011556,Verified - verbatim from official Drugs@FDA database extract,Official Drugs@FDA Submissions 1938-1964: Appl 011556 ORIG 1 status AP date 1959-05-13 00:00:00 class 7 priority STANDARD
NDA011744,011744,,ORIG,1,AP,1959-05-13 00:00:00,15,STANDARD,1959,data/raw/drugsatfda_data_files_1938_1964/Submissions_1938_1964.txt,https://www.accessdata.fda.gov/scripts/cder/daf/index.cfm?event=overview.process&varApplNo=011744,Verified - verbatim from official Drugs@FDA database extract,Official Drugs@FDA Submissions 1938-1964: Appl 011744 ORIG 1 status AP date 1959-05-13 00:00:00 class 15 priority STANDARD
NDA011844,011844,,ORIG,1,AP,1959-05-18 00:00:00,9,STANDARD,1959,data/raw/drugsatfda_data_files_1938_1964/Submissions_1938_1964.txt,https://www.accessdata.fda.gov/scripts/cder/daf/index.cfm?event=overview.process&varApplNo=011844,Verified - verbatim from official Drugs@FDA database extract,Official Drugs@FDA Submissions 1938-1964: Appl 011844 ORIG 1 status AP date 1959-05-18 00:00:00 class 9 priority STANDARD
NDA011856,011856,PHARMACIA AND UPJOHN,ORIG,1,AP,1959-05-18 00:00:00,9,STANDARD,1959,data/raw/drugsatfda_data_files_1938_1964/Submissions_1938_1964.txt,https://www.accessdata.fda.gov/scripts/cder/daf/index.cfm?event=overview.process&varApplNo=011856,Verified - verbatim from official Drugs@FDA database extract,Official Drugs@FDA Submissions 1938-1964: Appl 011856 ORIG 1 status AP date 1959-05-18 00:00:00 class 9 priority STANDARD
NDA050263,050263,LEDERLE,SUPPL,18,AP,1959-05-19 00:00:00,4,,1959,data/raw/drugsatfda_data_files_1938_1964/Submissions_1938_1964.txt,https://www.accessdata.fda.gov/scripts/cder/daf/index.cfm?event=overview.process&varApplNo=050263,Verified - verbatim from official Drugs@FDA database extract,Official Drugs@FDA Submissions 1938-1964: Appl 050263 SUPPL 18 status AP date 1959-05-19 00:00:00 class 4 priority 
NDA011832,011832,,ORIG,1,AP,1959-05-20 00:00:00,7,STANDARD,1959,data/raw/drugsatfda_data_files_1938_1964/Submissions_1938_1964.txt,https://www.accessdata.fda.gov/scripts/cder/daf/index.cfm?event=overview.process&varApplNo=011832,Verified - verbatim from official Drugs@FDA database extract,Official Drugs@FDA Submissions 1938-1964: Appl 011832 ORIG 1 status AP date 1959-05-20 00:00:00 class 7 priority STANDARD
NDA011757,011757,PFIZER,ORIG,1,AP,1959-05-27 00:00:00,9,STANDARD,1959,data/raw/drugsatfda_data_files_1938_1964/Submissions_1938_1964.txt,https://www.accessdata.fda.gov/scripts/cder/daf/index.cfm?event=overview.process&varApplNo=011757,Verified - verbatim from official Drugs@FDA database extract,Official Drugs@FDA Submissions 1938-1964: Appl 011757 ORIG 1 status AP date 1959-05-27 00:00:00 class 9 priority STANDARD
NDA011795,011795,PFIZER,ORIG,1,AP,1959-06-03 00:00:00,12,STANDARD,1959,data/raw/drugsatfda_data_files_1938_1964/Submissions_1938_1964.txt,https://www.accessdata.fda.gov/scripts/cder/daf/index.cfm?event=overview.process&varApplNo=011795,Verified - verbatim from official Drugs@FDA database extract,Official Drugs@FDA Submissions 1938-1964: Appl 011795 ORIG 1 status AP date 1959-06-03 00:00:00 class 12 priority STANDARD
NDA011790,011790,HIKMA,ORIG,1,AP,1959-06-10 00:00:00,12,STANDARD,1959,data/raw/drugsatfda_data_files_1938_1964/Submissions_1938_1964.txt,https://www.accessdata.fda.gov/scripts/cder/daf/index.cfm?event=overview.process&varApplNo=011790,Verified - verbatim from official Drugs@FDA database extract,Official Drugs@FDA Submissions 1938-1964: Appl 011790 ORIG 1 status AP date 1959-06-10 00:00:00 class 12 priority STANDARD
NDA011657,011657,FOREST LABS,ORIG,1,AP,1959-06-12 00:00:00,7,STANDARD,1959,data/raw/drugsatfda_data_files_1938_1964/Submissions_1938_1964.txt,https://www.accessdata.fda.gov/scripts/cder/daf/index.cfm?event=overview.process&varApplNo=011657,Verified - verbatim from official Drugs@FDA database extract,Official Drugs@FDA Submissions 1938-1964: Appl 011657 ORIG 1 status AP date 1959-06-12 00:00:00 class 7 priority STANDARD
NDA011839,011839,PFIZER,ORIG,1,AP,1959-06-18 00:00:00,7,STANDARD,1959,data/raw/drugsatfda_data_files_1938_1964/Submissions_1938_1964.txt,https://www.accessdata.fda.gov/scripts/cder/daf/index.cfm?event=overview.process&varApplNo=011839,Verified - verbatim from official Drugs@FDA database extract,Official Drugs@FDA Submissions 1938-1964: Appl 011839 ORIG 1 status AP date 1959-06-18 00:00:00 class 7 priority STANDARD
NDA011961,011961,LIFSA DRUGS,ORIG,1,AP,1959-07-01 00:00:00,7,STANDARD,1959,data/raw/drugsatfda_data_files_1938_1964/Submissions_1938_1964.txt,https://www.accessdata.fda.gov/scripts/cder/daf/index.cfm?event=overview.process&varApplNo=011961,Verified - verbatim from official Drugs@FDA database extract,Official Drugs@FDA Submissions 1938-1964: Appl 011961 ORIG 1 status AP date 1959-07-01 00:00:00 class 7 priority STANDARD
NDA011971,011971,ABBVIE,ORIG,1,AP,1959-07-06 00:00:00,15,STANDARD,1959,data/raw/drugsatfda_data_files_1938_1964/Submissions_1938_1964.txt,https://www.accessdata.fda.gov/scripts/cder/daf/index.cfm?event=overview.process&varApplNo=011971,Verified - verbatim from official Drugs@FDA database extract,Official Drugs@FDA Submissions 1938-1964: Appl 011971 ORIG 1 status AP date 1959-07-06 00:00:00 class 15 priority STANDARD
NDA011724,011724,,ORIG,1,AP,1959-07-15 00:00:00,15,STANDARD,1959,data/raw/drugsatfda_data_files_1938_1964/Submissions_1938_1964.txt,https://www.accessdata.fda.gov/scripts/cder/daf/index.cfm?event=overview.process&varApplNo=011724,Verified - verbatim from official Drugs@FDA database extract,Official Drugs@FDA Submissions 1938-1964: Appl 011724 ORIG 1 status AP date 1959-07-15 00:00:00 class 15 priority STANDARD
NDA011949,011949,SHIRE LLC,ORIG,1,AP,1959-07-22 00:00:00,7,STANDARD,1959,data/raw/drugsatfda_data_files_1938_1964/Submissions_1938_1964.txt,https://www.accessdata.fda.gov/scripts/cder/daf/index.cfm?event=overview.process&varApplNo=011949,Verified - verbatim from official Drugs@FDA database extract,Official Drugs@FDA Submissions 1938-1964: Appl 011949 ORIG 1 status AP date 1959-07-22 00:00:00 class 7 priority STANDARD
NDA050276,050276,LEDERLE,SUPPL,18,AP,1959-07-31 00:00:00,4,,1959,data/raw/drugsatfda_data_files_1938_1964/Submissions_1938_1964.txt,https://www.accessdata.fda.gov/scripts/cder/daf/index.cfm?event=overview.process&varApplNo=050276,Verified - verbatim from official Drugs@FDA database extract,Official Drugs@FDA Submissions 1938-1964: Appl 050276 SUPPL 18 status AP date 1959-07-31 00:00:00 class 4 priority 
NDA011860,011860,MERCK,ORIG,1,AP,1959-08-05 00:00:00,7,STANDARD,1959,data/raw/drugsatfda_data_files_1938_1964/Submissions_1938_1964.txt,https://www.accessdata.fda.gov/scripts/cder/daf/index.cfm?event=overview.process&varApplNo=011860,Verified - verbatim from official Drugs@FDA database extract,Official Drugs@FDA Submissions 1938-1964: Appl 011860 ORIG 1 status AP date 1959-08-05 00:00:00 class 7 priority STANDARD
NDA011722,011722,MPP PHARMA,ORIG,1,AP,1959-08-06 00:00:00,7,PRIORITY,1959,data/raw/drugsatfda_data_files_1938_1964/Submissions_1938_1964.txt,https://www.accessdata.fda.gov/scripts/cder/daf/index.cfm?event=overview.process&varApplNo=011722,Verified - verbatim from official Drugs@FDA database extract,Official Drugs@FDA Submissions 1938-1964: Appl 011722 ORIG 1 status AP date 1959-08-06 00:00:00 class 7 priority PRIORITY
NDA011719,011719,HOSPIRA,ORIG,1,AP,1959-08-10 00:00:00,9,STANDARD,1959,data/raw/drugsatfda_data_files_1938_1964/Submissions_1938_1964.txt,https://www.accessdata.fda.gov/scripts/cder/daf/index.cfm?event=overview.process&varApplNo=011719,Verified - verbatim from official Drugs@FDA database extract,Official Drugs@FDA Submissions 1938-1964: Appl 011719 ORIG 1 status AP date 1959-08-10 00:00:00 class 9 priority STANDARD
NDA011673,011673,3M,ORIG,1,AP,1959-08-14 00:00:00,15,STANDARD,1959,data/raw/drugsatfda_data_files_1938_1964/Submissions_1938_1964.txt,https://www.accessdata.fda.gov/scripts/cder/daf/index.cfm?event=overview.process&varApplNo=011673,Verified - verbatim from official Drugs@FDA database extract,Official Drugs@FDA Submissions 1938-1964: Appl 011673 ORIG 1 status AP date 1959-08-14 00:00:00 class 15 priority STANDARD
NDA011983,011983,MERCK,ORIG,1,AP,1959-08-26 00:00:00,12,STANDARD,1959,data/raw/drugsatfda_data_files_1938_1964/Submissions_1938_1964.txt,https://www.accessdata.fda.gov/scripts/cder/daf/index.cfm?event=overview.process&varApplNo=011983,Verified - verbatim from official Drugs@FDA database extract,Official Drugs@FDA Submissions 1938-1964: Appl 011983 ORIG 1 status AP date 1959-08-26 00:00:00 class 12 priority STANDARD
NDA012036,012036,,ORIG,1,AP,1959-08-26 00:00:00,,,1959,data/raw/drugsatfda_data_files_1938_1964/Submissions_1938_1964.txt,https://www.accessdata.fda.gov/scripts/cder/daf/index.cfm?event=overview.process&varApplNo=012036,Verified - verbatim from official Drugs@FDA database extract,Official Drugs@FDA Submissions 1938-1964: Appl 012036 ORIG 1 status AP date 1959-08-26 00:00:00 class  priority 
NDA012037,012037,,ORIG,1,AP,1959-08-26 00:00:00,,,1959,data/raw/drugsatfda_data_files_1938_1964/Submissions_1938_1964.txt,https://www.accessdata.fda.gov/scripts/cder/daf/index.cfm?event=overview.process&varApplNo=012037,Verified - verbatim from official Drugs@FDA database extract,Official Drugs@FDA Submissions 1938-1964: Appl 012037 ORIG 1 status AP date 1959-08-26 00:00:00 class  priority 
NDA011960,011960,ASTELLAS,ORIG,1,AP,1959-09-02 00:00:00,12,STANDARD,1959,data/raw/drugsatfda_data_files_1938_1964/Submissions_1938_1964.txt,https://www.accessdata.fda.gov/scripts/cder/daf/index.cfm?event=overview.process&varApplNo=011960,Verified - verbatim from official Drugs@FDA database extract,Official Drugs@FDA Submissions 1938-1964: Appl 011960 ORIG 1 status AP date 1959-09-02 00:00:00 class 12 priority STANDARD
NDA011977,011977,MERCK,ORIG,1,AP,1959-09-02 00:00:00,12,STANDARD,1959,data/raw/drugsatfda_data_files_1938_1964/Submissions_1938_1964.txt,https://www.accessdata.fda.gov/scripts/cder/daf/index.cfm?event=overview.process&varApplNo=011977,Verified - verbatim from official Drugs@FDA database extract,Official Drugs@FDA Submissions 1938-1964: Appl 011977 ORIG 1 status AP date 1959-09-02 00:00:00 class 12 priority STANDARD
NDA011984,011984,MERCK,ORIG,1,AP,1959-09-02 00:00:00,12,STANDARD,1959,data/raw/drugsatfda_data_files_1938_1964/Submissions_1938_1964.txt,https://www.accessdata.fda.gov/scripts/cder/daf/index.cfm?event=overview.process&varApplNo=011984,Verified - verbatim from official Drugs@FDA database extract,Official Drugs@FDA Submissions 1938-1964: Appl 011984 ORIG 1 status AP date 1959-09-02 00:00:00 class 12 priority STANDARD
NDA012003,012003,ABBVIE,ORIG,1,AP,1959-09-08 00:00:00,7,STANDARD,1959,data/raw/drugsatfda_data_files_1938_1964/Submissions_1938_1964.txt,https://www.accessdata.fda.gov/scripts/cder/daf/index.cfm?event=overview.process&varApplNo=012003,Verified - verbatim from official Drugs@FDA database extract,Official Drugs@FDA Submissions 1938-1964: Appl 012003 ORIG 1 status AP date 1959-09-08 00:00:00 class 7 priority STANDARD
NDA012034,012034,SCHERING,ORIG,1,AP,1959-09-09 00:00:00,7,STANDARD,1959,data/raw/drugsatfda_data_files_1938_1964/Submissions_1938_1964.txt,https://www.accessdata.fda.gov/scripts/cder/daf/index.cfm?event=overview.process&varApplNo=012034,Verified - verbatim from official Drugs@FDA database extract,Official Drugs@FDA Submissions 1938-1964: Appl 012034 ORIG 1 status AP date 1959-09-09 00:00:00 class 7 priority STANDARD
NDA050404,050404,LEDERLE,SUPPL,11,AP,1959-09-18 00:00:00,4,,1959,data/raw/drugsatfda_data_files_1938_1964/Submissions_1938_1964.txt,https://www.accessdata.fda.gov/scripts/cder/daf/index.cfm?event=overview.process&varApplNo=050404,Verified - verbatim from official Drugs@FDA database extract,Official Drugs@FDA Submissions 1938-1964: Appl 050404 SUPPL 11 status AP date 1959-09-18 00:00:00 class 4 priority 
NDA050278,050278,AVET,SUPPL,26,AP,1959-09-22 00:00:00,4,,1959,data/raw/drugsatfda_data_files_1938_1964/Submissions_1938_1964.txt,https://www.accessdata.fda.gov/scripts/cder/daf/index.cfm?event=overview.process&varApplNo=050278,Verified - verbatim from official Drugs@FDA database extract,Official Drugs@FDA Submissions 1938-1964: Appl 050278 SUPPL 26 status AP date 1959-09-22 00:00:00 class 4 priority 
NDA011679,011679,ABBOTT,ORIG,1,AP,1959-09-23 00:00:00,7,PRIORITY,1959,data/raw/drugsatfda_data_files_1938_1964/Submissions_1938_1964.txt,https://www.accessdata.fda.gov/scripts/cder/daf/index.cfm?event=overview.process&varApplNo=011679,Verified - verbatim from official Drugs@FDA database extract,Official Drugs@FDA Submissions 1938-1964: Appl 011679 ORIG 1 status AP date 1959-09-23 00:00:00 class 7 priority PRIORITY
NDA011489,011489,,ORIG,1,AP,1959-09-29 00:00:00,7,STANDARD,1959,data/raw/drugsatfda_data_files_1938_1964/Submissions_1938_1964.txt,https://www.accessdata.fda.gov/scripts/cder/daf/index.cfm?event=overview.process&varApplNo=011489,Verified - verbatim from official Drugs@FDA database extract,Official Drugs@FDA Submissions 1938-1964: Appl 011489 ORIG 1 status AP date 1959-09-29 00:00:00 class 7 priority STANDARD
NDA011838,011838,NOVARTIS,ORIG,1,AP,1959-10-02 00:00:00,12,STANDARD,1959,data/raw/drugsatfda_data_files_1938_1964/Submissions_1938_1964.txt,https://www.accessdata.fda.gov/scripts/cder/daf/index.cfm?event=overview.process&varApplNo=011838,Verified - verbatim from official Drugs@FDA database extract,Official Drugs@FDA Submissions 1938-1964: Appl 011838 ORIG 1 status AP date 1959-10-02 00:00:00 class 12 priority STANDARD
NDA012071,012071,MERCK,ORIG,1,AP,1959-10-06 00:00:00,12,STANDARD,1959,data/raw/drugsatfda_data_files_1938_1964/Submissions_1938_1964.txt,https://www.accessdata.fda.gov/scripts/cder/daf/index.cfm?event=overview.process&varApplNo=012071,Verified - verbatim from official Drugs@FDA database extract,Official Drugs@FDA Submissions 1938-1964: Appl 012071 ORIG 1 status AP date 1959-10-06 00:00:00 class 12 priority STANDARD
NDA011891,011891,ORGANON USA INC,ORIG,1,AP,1959-10-30 00:00:00,7,STANDARD,1959,data/raw/drugsatfda_data_files_1938_1964/Submissions_1938_1964.txt,https://www.accessdata.fda.gov/scripts/cder/daf/index.cfm?event=overview.process&varApplNo=011891,Verified - verbatim from official Drugs@FDA database extract,Official Drugs@FDA Submissions 1938-1964: Appl 011891 ORIG 1 status AP date 1959-10-30 00:00:00 class 7 priority STANDARD
NDA012157,012157,BAUSCH,ORIG,1,AP,1959-11-04 00:00:00,9,STANDARD,1959,data/raw/drugsatfda_data_files_1938_1964/Submissions_1938_1964.txt,https://www.accessdata.fda.gov/scripts/cder/daf/index.cfm?event=overview.process&varApplNo=012157,Verified - verbatim from official Drugs@FDA database extract,Official Drugs@FDA Submissions 1938-1964: Appl 012157 ORIG 1 status AP date 1959-11-04 00:00:00 class 9 priority STANDARD
NDA012042,012042,,ORIG,1,AP,1959-11-05 00:00:00,,,1959,data/raw/drugsatfda_data_files_1938_1964/Submissions_1938_1964.txt,https://www.accessdata.fda.gov/scripts/cder/daf/index.cfm?event=overview.process&varApplNo=012042,Verified - verbatim from official Drugs@FDA database extract,Official Drugs@FDA Submissions 1938-1964: Appl 012042 ORIG 1 status AP date 1959-11-05 00:00:00 class  priority 
NDA012093,012093,BAUSCH,ORIG,1,AP,1959-11-09 00:00:00,7,PRIORITY,1959,data/raw/drugsatfda_data_files_1938_1964/Submissions_1938_1964.txt,https://www.accessdata.fda.gov/scripts/cder/daf/index.cfm?event=overview.process&varApplNo=012093,Verified - verbatim from official Drugs@FDA database extract,Official Drugs@FDA Submissions 1938-1964: Appl 012093 ORIG 1 status AP date 1959-11-09 00:00:00 class 7 priority PRIORITY
NDA012141,012141,BAXTER HLTHCARE,ORIG,1,AP,1959-11-16 00:00:00,7,PRIORITY,1959,data/raw/drugsatfda_data_files_1938_1964/Submissions_1938_1964.txt,https://www.accessdata.fda.gov/scripts/cder/daf/index.cfm?event=overview.process&varApplNo=012141,Verified - verbatim from official Drugs@FDA database extract,Official Drugs@FDA Submissions 1938-1964: Appl 012141 ORIG 1 status AP date 1959-11-16 00:00:00 class 7 priority PRIORITY
NDA012142,012142,BAXTER HLTHCARE,ORIG,1,AP,1959-11-16 00:00:00,9,PRIORITY,1959,data/raw/drugsatfda_data_files_1938_1964/Submissions_1938_1964.txt,https://www.accessdata.fda.gov/scripts/cder/daf/index.cfm?event=overview.process&varApplNo=012142,Verified - verbatim from official Drugs@FDA database extract,Official Drugs@FDA Submissions 1938-1964: Appl 012142 ORIG 1 status AP date 1959-11-16 00:00:00 class 9 priority PRIORITY
NDA011639,011639,,ORIG,1,AP,1959-12-02 00:00:00,14,PRIORITY,1959,data/raw/drugsatfda_data_files_1938_1964/Submissions_1938_1964.txt,https://www.accessdata.fda.gov/scripts/cder/daf/index.cfm?event=overview.process&varApplNo=011639,Verified - verbatim from official Drugs@FDA database extract,Official Drugs@FDA Submissions 1938-1964: Appl 011639 ORIG 1 status AP date 1959-12-02 00:00:00 class 14 priority PRIORITY
NDA012164,012164,APOTHECON,ORIG,1,AP,1959-12-07 00:00:00,12,STANDARD,1959,data/raw/drugsatfda_data_files_1938_1964/Submissions_1938_1964.txt,https://www.accessdata.fda.gov/scripts/cder/daf/index.cfm?event=overview.process&varApplNo=012164,Verified - verbatim from official Drugs@FDA database extract,Official Drugs@FDA Submissions 1938-1964: Appl 012164 ORIG 1 status AP date 1959-12-07 00:00:00 class 12 priority STANDARD
NDA012148,012148,ABBVIE,ORIG,1,AP,1959-12-14 00:00:00,14,STANDARD,1959,data/raw/drugsatfda_data_files_1938_1964/Submissions_1938_1964.txt,https://www.accessdata.fda.gov/scripts/cder/daf/index.cfm?event=overview.process&varApplNo=012148,Verified - verbatim from official Drugs@FDA database extract,Official Drugs@FDA Submissions 1938-1964: Appl 012148 ORIG 1 status AP date 1959-12-14 00:00:00 class 14 priority STANDARD
NDA012015,012015,EPIC PHARMA LLC,ORIG,1,AP,1959-12-21 00:00:00,12,STANDARD,1959,data/raw/drugsatfda_data_files_1938_1964/Submissions_1938_1964.txt,https://www.accessdata.fda.gov/scripts/cder/daf/index.cfm?event=overview.process&varApplNo=012015,Verified - verbatim from official Drugs@FDA database extract,Official Drugs@FDA Submissions 1938-1964: Appl 012015 ORIG 1 status AP date 1959-12-21 00:00:00 class 12 priority STANDARD
NDA012145,012145,APOTHECON,ORIG,1,AP,1959-12-23 00:00:00,12,STANDARD,1959,data/raw/drugsatfda_data_files_1938_1964/Submissions_1938_1964.txt,https://www.accessdata.fda.gov/scripts/cder/daf/index.cfm?event=overview.process&varApplNo=012145,Verified - verbatim from official Drugs@FDA database extract,Official Drugs@FDA Submissions 1938-1964: Appl 012145 ORIG 1 status AP date 1959-12-23 00:00:00 class 12 priority STANDARD
NDA060110,060110,,ORIG,1,AP,1960-01-01 00:00:00,,,1960,data/raw/drugsatfda_data_files_1938_1964/Submissions_1938_1964.txt,https://www.accessdata.fda.gov/scripts/cder/daf/index.cfm?event=overview.process&varApplNo=060110,Verified - verbatim from official Drugs@FDA database extract,Official Drugs@FDA Submissions 1938-1964: Appl 060110 ORIG 1 status AP date 1960-01-01 00:00:00 class  priority 
NDA060281,060281,,ORIG,1,AP,1960-01-01 00:00:00,,,1960,data/raw/drugsatfda_data_files_1938_1964/Submissions_1938_1964.txt,https://www.accessdata.fda.gov/scripts/cder/daf/index.cfm?event=overview.process&varApplNo=060281,Verified - verbatim from official Drugs@FDA database extract,Official Drugs@FDA Submissions 1938-1964: Appl 060281 ORIG 1 status AP date 1960-01-01 00:00:00 class  priority 
NDA060726,060726,,ORIG,1,AP,1960-01-01 00:00:00,,,1960,data/raw/drugsatfda_data_files_1938_1964/Submissions_1938_1964.txt,https://www.accessdata.fda.gov/scripts/cder/daf/index.cfm?event=overview.process&varApplNo=060726,Verified - verbatim from official Drugs@FDA database extract,Official Drugs@FDA Submissions 1938-1964: Appl 060726 ORIG 1 status AP date 1960-01-01 00:00:00 class  priority 
NDA012041,012041,APOTHECON,ORIG,1,AP,1960-01-04 00:00:00,12,STANDARD,1960,data/raw/drugsatfda_data_files_1938_1964/Submissions_1938_1964.txt,https://www.accessdata.fda.gov/scripts/cder/daf/index.cfm?event=overview.process&varApplNo=012041,Verified - verbatim from official Drugs@FDA database extract,Official Drugs@FDA Submissions 1938-1964: Appl 012041 ORIG 1 status AP date 1960-01-04 00:00:00 class 12 priority STANDARD
NDA011969,011969,,ORIG,1,AP,1960-01-05 00:00:00,,,1960,data/raw/drugsatfda_data_files_1938_1964/Submissions_1938_1964.txt,https://www.accessdata.fda.gov/scripts/cder/daf/index.cfm?event=overview.process&varApplNo=011969,Verified - verbatim from official Drugs@FDA database extract,Official Drugs@FDA Submissions 1938-1964: Appl 011969 ORIG 1 status AP date 1960-01-05 00:00:00 class  priority 
NDA012125,012125,EASTMAN KODAK,ORIG,1,AP,1960-01-06 00:00:00,14,PRIORITY,1960,data/raw/drugsatfda_data_files_1938_1964/Submissions_1938_1964.txt,https://www.accessdata.fda.gov/scripts/cder/daf/index.cfm?event=overview.process&varApplNo=012125,Verified - verbatim from official Drugs@FDA database extract,Official Drugs@FDA Submissions 1938-1964: Appl 012125 ORIG 1 status AP date 1960-01-06 00:00:00 class 14 priority PRIORITY
NDA012102,012102,3M,ORIG,1,AP,1960-01-13 00:00:00,12,STANDARD,1960,data/raw/drugsatfda_data_files_1938_1964/Submissions_1938_1964.txt,https://www.accessdata.fda.gov/scripts/cder/daf/index.cfm?event=overview.process&varApplNo=012102,Verified - verbatim from official Drugs@FDA database extract,Official Drugs@FDA Submissions 1938-1964: Appl 012102 ORIG 1 status AP date 1960-01-13 00:00:00 class 12 priority STANDARD
NDA011896,011896,,ORIG,1,AP,1960-01-14 00:00:00,15,STANDARD,1960,data/raw/drugsatfda_data_files_1938_1964/Submissions_1938_1964.txt,https://www.accessdata.fda.gov/scripts/cder/daf/index.cfm?event=overview.process&varApplNo=011896,Verified - verbatim from official Drugs@FDA database extract,Official Drugs@FDA Submissions 1938-1964: Appl 011896 ORIG 1 status AP date 1960-01-14 00:00:00 class 15 priority STANDARD
NDA050262,050262,LEDERLE,ORIG,1,AP,1960-01-14 00:00:00,,,1960,data/raw/drugsatfda_data_files_1938_1964/Submissions_1938_1964.txt,https://www.accessdata.fda.gov/scripts/cder/daf/index.cfm?event=overview.process&varApplNo=050262,Verified - verbatim from official Drugs@FDA database extract,Official Drugs@FDA Submissions 1938-1964: Appl 050262 ORIG 1 status AP date 1960-01-14 00:00:00 class  priority 
NDA050276,050276,LEDERLE,SUPPL,16,AP,1960-01-14 00:00:00,4,,1960,data/raw/drugsatfda_data_files_1938_1964/Submissions_1938_1964.txt,https://www.accessdata.fda.gov/scripts/cder/daf/index.cfm?event=overview.process&varApplNo=050276,Verified - verbatim from official Drugs@FDA database extract,Official Drugs@FDA Submissions 1938-1964: Appl 050276 SUPPL 16 status AP date 1960-01-14 00:00:00 class 4 priority 
NDA061133,061133,,ORIG,1,AP,1960-01-14 00:00:00,,,1960,data/raw/drugsatfda_data_files_1938_1964/Submissions_1938_1964.txt,https://www.accessdata.fda.gov/scripts/cder/daf/index.cfm?event=overview.process&varApplNo=061133,Verified - verbatim from official Drugs@FDA database extract,Official Drugs@FDA Submissions 1938-1964: Appl 061133 ORIG 1 status AP date 1960-01-14 00:00:00 class  priority 
NDA011522,011522,TEVA WOMENS,ORIG,1,AP,1960-01-19 00:00:00,11,STANDARD,1960,data/raw/drugsatfda_data_files_1938_1964/Submissions_1938_1964.txt,https://www.accessdata.fda.gov/scripts/cder/daf/index.cfm?event=overview.process&varApplNo=011522,Verified - verbatim from official Drugs@FDA database extract,Official Drugs@FDA Submissions 1938-1964: Appl 011522 ORIG 1 status AP date 1960-01-19 00:00:00 class 11 priority STANDARD
NDA012151,012151,PFIZER,ORIG,1,AP,1960-01-21 00:00:00,7,PRIORITY,1960,data/raw/drugsatfda_data_files_1938_1964/Submissions_1938_1964.txt,https://www.accessdata.fda.gov/scripts/cder/daf/index.cfm?event=overview.process&varApplNo=012151,Verified - verbatim from official Drugs@FDA database extract,Official Drugs@FDA Submissions 1938-1964: Appl 012151 ORIG 1 status AP date 1960-01-21 00:00:00 class 7 priority PRIORITY
NDA012193,012193,NOVARTIS,ORIG,1,AP,1960-02-11 00:00:00,14,STANDARD,1960,data/raw/drugsatfda_data_files_1938_1964/Submissions_1938_1964.txt,https://www.accessdata.fda.gov/scripts/cder/daf/index.cfm?event=overview.process&varApplNo=012193,Verified - verbatim from official Drugs@FDA database extract,Official Drugs@FDA Submissions 1938-1964: Appl 012193 ORIG 1 status AP date 1960-02-11 00:00:00 class 14 priority STANDARD
NDA050262,050262,LEDERLE,SUPPL,21,AP,1960-02-15 00:00:00,3,,1960,data/raw/drugsatfda_data_files_1938_1964/Submissions_1938_1964.txt,https://www.accessdata.fda.gov/scripts/cder/daf/index.cfm?event=overview.process&varApplNo=050262,Verified - verbatim from official Drugs@FDA database extract,Official Drugs@FDA Submissions 1938-1964: Appl 050262 SUPPL 21 status AP date 1960-02-15 00:00:00 class 3 priority 
NDA012111,012111,ALCON,ORIG,1,AP,1960-02-23 00:00:00,7,STANDARD,1960,data/raw/drugsatfda_data_files_1938_1964/Submissions_1938_1964.txt,https://www.accessdata.fda.gov/scripts/cder/daf/index.cfm?event=overview.process&varApplNo=012111,Verified - verbatim from official Drugs@FDA database extract,Official Drugs@FDA Submissions 1938-1964: Appl 012111 ORIG 1 status AP date 1960-02-23 00:00:00 class 7 priority STANDARD
NDA012249,012249,VALEANT PHARM INTL,ORIG,1,AP,1960-02-24 00:00:00,7,PRIORITY,1960,data/raw/drugsatfda_data_files_1938_1964/Submissions_1938_1964.txt,https://www.accessdata.fda.gov/scripts/cder/daf/index.cfm?event=overview.process&varApplNo=012249,Verified - verbatim from official Drugs@FDA database extract,Official Drugs@FDA Submissions 1938-1964: Appl 012249 ORIG 1 status AP date 1960-02-24 00:00:00 class 7 priority PRIORITY
NDA012097,012097,DELCOR ASSET CORP,ORIG,1,AP,1960-03-04 00:00:00,12,STANDARD,1960,data/raw/drugsatfda_data_files_1938_1964/Submissions_1938_1964.txt,https://www.accessdata.fda.gov/scripts/cder/daf/index.cfm?event=overview.process&varApplNo=012097,Verified - verbatim from official Drugs@FDA database extract,Official Drugs@FDA Submissions 1938-1964: Appl 012097 ORIG 1 status AP date 1960-03-04 00:00:00 class 12 priority STANDARD
NDA050262,050262,LEDERLE,SUPPL,11,AP,1960-03-04 00:00:00,2,,1960,data/raw/drugsatfda_data_files_1938_1964/Submissions_1938_1964.txt,https://www.accessdata.fda.gov/scripts/cder/daf/index.cfm?event=overview.process&varApplNo=050262,Verified - verbatim from official Drugs@FDA database extract,Official Drugs@FDA Submissions 1938-1964: Appl 050262 SUPPL 11 status AP date 1960-03-04 00:00:00 class 2 priority 
NDA012265,012265,SCHERING,ORIG,1,AP,1960-03-09 00:00:00,7,STANDARD,1960,data/raw/drugsatfda_data_files_1938_1964/Submissions_1938_1964.txt,https://www.accessdata.fda.gov/scripts/cder/daf/index.cfm?event=overview.process&varApplNo=012265,Verified - verbatim from official Drugs@FDA database extract,Official Drugs@FDA Submissions 1938-1964: Appl 012265 ORIG 1 status AP date 1960-03-09 00:00:00 class 7 priority STANDARD
NDA050276,050276,LEDERLE,SUPPL,19,AP,1960-03-17 00:00:00,3,,1960,data/raw/drugsatfda_data_files_1938_1964/Submissions_1938_1964.txt,https://www.accessdata.fda.gov/scripts/cder/daf/index.cfm?event=overview.process&varApplNo=050276,Verified - verbatim from official Drugs@FDA database extract,Official Drugs@FDA Submissions 1938-1964: Appl 050276 SUPPL 19 status AP date 1960-03-17 00:00:00 class 3 priority 
NDA012108,012108,,ORIG,1,AP,1960-03-25 00:00:00,14,STANDARD,1960,data/raw/drugsatfda_data_files_1938_1964/Submissions_1938_1964.txt,https://www.accessdata.fda.gov/scripts/cder/daf/index.cfm?event=overview.process&varApplNo=012108,Verified - verbatim from official Drugs@FDA database extract,Official Drugs@FDA Submissions 1938-1964: Appl 012108 ORIG 1 status AP date 1960-03-25 00:00:00 class 14 priority STANDARD
NDA050273,050273,LEDERLE,SUPPL,17,AP,1960-04-05 00:00:00,4,,1960,data/raw/drugsatfda_data_files_1938_1964/Submissions_1938_1964.txt,https://www.accessdata.fda.gov/scripts/cder/daf/index.cfm?event=overview.process&varApplNo=050273,Verified - verbatim from official Drugs@FDA database extract,Official Drugs@FDA Submissions 1938-1964: Appl 050273 SUPPL 17 status AP date 1960-04-05 00:00:00 class 4 priority 
NDA012283,012283,SANOFI AVENTIS US,ORIG,1,AP,1960-04-07 00:00:00,7,PRIORITY,1960,data/raw/drugsatfda_data_files_1938_1964/Submissions_1938_1964.txt,https://www.accessdata.fda.gov/scripts/cder/daf/index.cfm?event=overview.process&varApplNo=012283,Verified - verbatim from official Drugs@FDA database extract,Official Drugs@FDA Submissions 1938-1964: Appl 012283 ORIG 1 status AP date 1960-04-07 00:00:00 class 7 priority PRIORITY
NDA050262,050262,LEDERLE,SUPPL,12,AP,1960-04-12 00:00:00,2,,1960,data/raw/drugsatfda_data_files_1938_1964/Submissions_1938_1964.txt,https://www.accessdata.fda.gov/scripts/cder/daf/index.cfm?event=overview.process&varApplNo=050262,Verified - verbatim from official Drugs@FDA database extract,Official Drugs@FDA Submissions 1938-1964: Appl 050262 SUPPL 12 status AP date 1960-04-12 00:00:00 class 2 priority 
NDA012281,012281,ROBINS AH,ORIG,1,AP,1960-04-15 00:00:00,14,STANDARD,1960,data/raw/drugsatfda_data_files_1938_1964/Submissions_1938_1964.txt,https://www.accessdata.fda.gov/scripts/cder/daf/index.cfm?event=overview.process&varApplNo=012281,Verified - verbatim from official Drugs@FDA database extract,Official Drugs@FDA Submissions 1938-1964: Appl 012281 ORIG 1 status AP date 1960-04-15 00:00:00 class 14 priority STANDARD
NDA011689,011689,PHARMOBEDIENT,ORIG,1,AP,1960-04-27 00:00:00,15,STANDARD,1960,data/raw/drugsatfda_data_files_1938_1964/Submissions_1938_1964.txt,https://www.accessdata.fda.gov/scripts/cder/daf/index.cfm?event=overview.process&varApplNo=011689,Verified - verbatim from official Drugs@FDA database extract,Official Drugs@FDA Submissions 1938-1964: Appl 011689 ORIG 1 status AP date 1960-04-27 00:00:00 class 15 priority STANDARD
NDA011578,011578,,ORIG,1,AP,1960-05-02 00:00:00,,,1960,data/raw/drugsatfda_data_files_1938_1964/Submissions_1938_1964.txt,https://www.accessdata.fda.gov/scripts/cder/daf/index.cfm?event=overview.process&varApplNo=011578,Verified - verbatim from official Drugs@FDA database extract,Official Drugs@FDA Submissions 1938-1964: Appl 011578 ORIG 1 status AP date 1960-05-02 00:00:00 class  priority 
NDA012179,012179,HIKMA,ORIG,1,AP,1960-05-17 00:00:00,14,STANDARD,1960,data/raw/drugsatfda_data_files_1938_1964/Submissions_1938_1964.txt,https://www.accessdata.fda.gov/scripts/cder/daf/index.cfm?event=overview.process&varApplNo=012179,Verified - verbatim from official Drugs@FDA database extract,Official Drugs@FDA Submissions 1938-1964: Appl 012179 ORIG 1 status AP date 1960-05-17 00:00:00 class 14 priority STANDARD
NDA012250,012250,HOSPIRA,ORIG,1,AP,1960-05-17 00:00:00,12,PRIORITY,1960,data/raw/drugsatfda_data_files_1938_1964/Submissions_1938_1964.txt,https://www.accessdata.fda.gov/scripts/cder/daf/index.cfm?event=overview.process&varApplNo=012250,Verified - verbatim from official Drugs@FDA database extract,Official Drugs@FDA Submissions 1938-1964: Appl 012250 ORIG 1 status AP date 1960-05-17 00:00:00 class 12 priority PRIORITY
NDA011467,011467,SANOFI AVENTIS US,ORIG,1,AP,1960-05-20 00:00:00,7,STANDARD,1960,data/raw/drugsatfda_data_files_1938_1964/Submissions_1938_1964.txt,https://www.accessdata.fda.gov/scripts/cder/daf/index.cfm?event=overview.process&varApplNo=011467,Verified - verbatim from official Drugs@FDA database extract,Official Drugs@FDA Submissions 1938-1964: Appl 011467 ORIG 1 status AP date 1960-05-20 00:00:00 class 7 priority STANDARD
NDA011702,011702,SUN PHARM INDUSTRIES,ORIG,1,AP,1960-05-27 00:00:00,14,STANDARD,1960,data/raw/drugsatfda_data_files_1938_1964/Submissions_1938_1964.txt,https://www.accessdata.fda.gov/scripts/cder/daf/index.cfm?event=overview.process&varApplNo=011702,Verified - verbatim from official Drugs@FDA database extract,Official Drugs@FDA Submissions 1938-1964: Appl 011702 ORIG 1 status AP date 1960-05-27 00:00:00 class 14 priority STANDARD
NDA011738,011738,ENDO PHARMS,ORIG,1,AP,1960-05-31 00:00:00,12,STANDARD,1960,data/raw/drugsatfda_data_files_1938_1964/Submissions_1938_1964.txt,https://www.accessdata.fda.gov/scripts/cder/daf/index.cfm?event=overview.process&varApplNo=011738,Verified - verbatim from official Drugs@FDA database extract,Official Drugs@FDA Submissions 1938-1964: Appl 011738 ORIG 1 status AP date 1960-05-31 00:00:00 class 12 priority STANDARD
NDA012052,012052,MERCK,ORIG,1,AP,1960-06-08 00:00:00,12,STANDARD,1960,data/raw/drugsatfda_data_files_1938_1964/Submissions_1938_1964.txt,https://www.accessdata.fda.gov/scripts/cder/daf/index.cfm?event=overview.process&varApplNo=012052,Verified - verbatim from official Drugs@FDA database extract,Official Drugs@FDA Submissions 1938-1964: Appl 012052 ORIG 1 status AP date 1960-06-08 00:00:00 class 12 priority STANDARD
NDA012305,012305,,ORIG,1,AP,1960-06-08 00:00:00,,,1960,data/raw/drugsatfda_data_files_1938_1964/Submissions_1938_1964.txt,https://www.accessdata.fda.gov/scripts/cder/daf/index.cfm?event=overview.process&varApplNo=012305,Verified - verbatim from official Drugs@FDA database extract,Official Drugs@FDA Submissions 1938-1964: Appl 012305 ORIG 1 status AP date 1960-06-08 00:00:00 class  priority 
NDA012359,012359,SHIRE,ORIG,1,AP,1960-06-20 00:00:00,14,STANDARD,1960,data/raw/drugsatfda_data_files_1938_1964/Submissions_1938_1964.txt,https://www.accessdata.fda.gov/scripts/cder/daf/index.cfm?event=overview.process&varApplNo=012359,Verified - verbatim from official Drugs@FDA database extract,Official Drugs@FDA Submissions 1938-1964: Appl 012359 ORIG 1 status AP date 1960-06-20 00:00:00 class 14 priority STANDARD
NDA012421,012421,PHARMACIA AND UPJOHN,ORIG,1,AP,1960-06-21 00:00:00,12,STANDARD,1960,data/raw/drugsatfda_data_files_1938_1964/Submissions_1938_1964.txt,https://www.accessdata.fda.gov/scripts/cder/daf/index.cfm?event=overview.process&varApplNo=012421,Verified - verbatim from official Drugs@FDA database extract,Official Drugs@FDA Submissions 1938-1964: Appl 012421 ORIG 1 status AP date 1960-06-21 00:00:00 class 12 priority STANDARD
NDA012419,012419,SCHERING,ORIG,1,AP,1960-06-24 00:00:00,12,STANDARD,1960,data/raw/drugsatfda_data_files_1938_1964/Submissions_1938_1964.txt,https://www.accessdata.fda.gov/scripts/cder/daf/index.cfm?event=overview.process&varApplNo=012419,Verified - verbatim from official Drugs@FDA database extract,Official Drugs@FDA Submissions 1938-1964: Appl 012419 ORIG 1 status AP date 1960-06-24 00:00:00 class 12 priority STANDARD
NDA011559,011559,PH HEALTH,ORIG,1,AP,1960-06-27 00:00:00,7,STANDARD,1960,data/raw/drugsatfda_data_files_1938_1964/Submissions_1938_1964.txt,https://www.accessdata.fda.gov/scripts/cder/daf/index.cfm?event=overview.process&varApplNo=011559,Verified - verbatim from official Drugs@FDA database extract,Official Drugs@FDA Submissions 1938-1964: Appl 011559 ORIG 1 status AP date 1960-06-27 00:00:00 class 7 priority STANDARD
NDA011963,011963,FERA PHARMS LLC,ORIG,1,AP,1960-06-27 00:00:00,7,STANDARD,1960,data/raw/drugsatfda_data_files_1938_1964/Submissions_1938_1964.txt,https://www.accessdata.fda.gov/scripts/cder/daf/index.cfm?event=overview.process&varApplNo=011963,Verified - verbatim from official Drugs@FDA database extract,Official Drugs@FDA Submissions 1938-1964: Appl 011963 ORIG 1 status AP date 1960-06-27 00:00:00 class 7 priority STANDARD
NDA012223,012223,PAI HOLDINGS PHARM,ORIG,1,AP,1960-06-28 00:00:00,15,STANDARD,1960,data/raw/drugsatfda_data_files_1938_1964/Submissions_1938_1964.txt,https://www.accessdata.fda.gov/scripts/cder/daf/index.cfm?event=overview.process&varApplNo=012223,Verified - verbatim from official Drugs@FDA database extract,Official Drugs@FDA Submissions 1938-1964: Appl 012223 ORIG 1 status AP date 1960-06-28 00:00:00 class 15 priority STANDARD
NDA012329,012329,NOVARTIS,ORIG,1,AP,1960-07-05 00:00:00,7,PRIORITY,1960,data/raw/drugsatfda_data_files_1938_1964/Submissions_1938_1964.txt,https://www.accessdata.fda.gov/scripts/cder/daf/index.cfm?event=overview.process&varApplNo=012329,Verified - verbatim from official Drugs@FDA database extract,Official Drugs@FDA Submissions 1938-1964: Appl 012329 ORIG 1 status AP date 1960-07-05 00:00:00 class 7 priority PRIORITY
NDA012376,012376,MERCK,ORIG,1,AP,1960-07-07 00:00:00,12,STANDARD,1960,data/raw/drugsatfda_data_files_1938_1964/Submissions_1938_1964.txt,https://www.accessdata.fda.gov/scripts/cder/daf/index.cfm?event=overview.process&varApplNo=012376,Verified - verbatim from official Drugs@FDA database extract,Official Drugs@FDA Submissions 1938-1964: Appl 012376 ORIG 1 status AP date 1960-07-07 00:00:00 class 12 priority STANDARD
NDA012320,012320,,ORIG,1,AP,1960-07-08 00:00:00,,,1960,data/raw/drugsatfda_data_files_1938_1964/Submissions_1938_1964.txt,https://www.accessdata.fda.gov/scripts/cder/daf/index.cfm?event=overview.process&varApplNo=012320,Verified - verbatim from official Drugs@FDA database extract,Official Drugs@FDA Submissions 1938-1964: Appl 012320 ORIG 1 status AP date 1960-07-08 00:00:00 class  priority 
NDA012313,012313,,ORIG,1,AP,1960-07-12 00:00:00,12,STANDARD,1960,data/raw/drugsatfda_data_files_1938_1964/Submissions_1938_1964.txt,https://www.accessdata.fda.gov/scripts/cder/daf/index.cfm?event=overview.process&varApplNo=012313,Verified - verbatim from official Drugs@FDA database extract,Official Drugs@FDA Submissions 1938-1964: Appl 012313 ORIG 1 status AP date 1960-07-12 00:00:00 class 12 priority STANDARD
NDA011922,011922,,ORIG,1,AP,1960-07-27 00:00:00,15,STANDARD,1960,data/raw/drugsatfda_data_files_1938_1964/Submissions_1938_1964.txt,https://www.accessdata.fda.gov/scripts/cder/daf/index.cfm?event=overview.process&varApplNo=011922,Verified - verbatim from official Drugs@FDA database extract,Official Drugs@FDA Submissions 1938-1964: Appl 011922 ORIG 1 status AP date 1960-07-27 00:00:00 class 15 priority STANDARD
NDA012373,012373,,ORIG,1,AP,1960-08-15 00:00:00,,,1960,data/raw/drugsatfda_data_files_1938_1964/Submissions_1938_1964.txt,https://www.accessdata.fda.gov/scripts/cder/daf/index.cfm?event=overview.process&varApplNo=012373,Verified - verbatim from official Drugs@FDA database extract,Official Drugs@FDA Submissions 1938-1964: Appl 012373 ORIG 1 status AP date 1960-08-15 00:00:00 class  priority 
NDA011751,011751,APOTHECON,ORIG,1,AP,1960-08-24 00:00:00,15,STANDARD,1960,data/raw/drugsatfda_data_files_1938_1964/Submissions_1938_1964.txt,https://www.accessdata.fda.gov/scripts/cder/daf/index.cfm?event=overview.process&varApplNo=011751,Verified - verbatim from official Drugs@FDA database extract,Official Drugs@FDA Submissions 1938-1964: Appl 011751 ORIG 1 status AP date 1960-08-24 00:00:00 class 15 priority STANDARD
NDA050251,050251,,SUPPL,5,AP,1960-08-30 00:00:00,3,,1960,data/raw/drugsatfda_data_files_1938_1964/Submissions_1938_1964.txt,https://www.accessdata.fda.gov/scripts/cder/daf/index.cfm?event=overview.process&varApplNo=050251,Verified - verbatim from official Drugs@FDA database extract,Official Drugs@FDA Submissions 1938-1964: Appl 050251 SUPPL 5 status AP date 1960-08-30 00:00:00 class 3 priority 
NDA050168,050168,MONARCH PHARMS,SUPPL,3,AP,1960-09-06 00:00:00,4,,1960,data/raw/drugsatfda_data_files_1938_1964/Submissions_1938_1964.txt,https://www.accessdata.fda.gov/scripts/cder/daf/index.cfm?event=overview.process&varApplNo=050168,Verified - verbatim from official Drugs@FDA database extract,Official Drugs@FDA Submissions 1938-1964: Appl 050168 SUPPL 3 status AP date 1960-09-06 00:00:00 class 4 priority 
NDA012365,012365,MEDA PHARMS,ORIG,1,AP,1960-09-12 00:00:00,14,STANDARD,1960,data/raw/drugsatfda_data_files_1938_1964/Submissions_1938_1964.txt,https://www.accessdata.fda.gov/scripts/cder/daf/index.cfm?event=overview.process&varApplNo=012365,Verified - verbatim from official Drugs@FDA database extract,Official Drugs@FDA Submissions 1938-1964: Appl 012365 ORIG 1 status AP date 1960-09-12 00:00:00 class 14 priority STANDARD
NDA012402,012402,PROCTER AND GAMBLE,ORIG,1,AP,1960-09-15 00:00:00,9,STANDARD,1960,data/raw/drugsatfda_data_files_1938_1964/Submissions_1938_1964.txt,https://www.accessdata.fda.gov/scripts/cder/daf/index.cfm?event=overview.process&varApplNo=012402,Verified - verbatim from official Drugs@FDA database extract,Official Drugs@FDA Submissions 1938-1964: Appl 012402 ORIG 1 status AP date 1960-09-15 00:00:00 class 9 priority STANDARD
NDA012462,012462,PFIZER,ORIG,1,AP,1960-09-15 00:00:00,14,PRIORITY,1960,data/raw/drugsatfda_data_files_1938_1964/Submissions_1938_1964.txt,https://www.accessdata.fda.gov/scripts/cder/daf/index.cfm?event=overview.process&varApplNo=012462,Verified - verbatim from official Drugs@FDA database extract,Official Drugs@FDA Submissions 1938-1964: Appl 012462 ORIG 1 status AP date 1960-09-15 00:00:00 class 14 priority PRIORITY
NDA012541,012541,PFIZER,ORIG,1,AP,1960-09-23 00:00:00,15,STANDARD,1960,data/raw/drugsatfda_data_files_1938_1964/Submissions_1938_1964.txt,https://www.accessdata.fda.gov/scripts/cder/daf/index.cfm?event=overview.process&varApplNo=012541,Verified - verbatim from official Drugs@FDA database extract,Official Drugs@FDA Submissions 1938-1964: Appl 012541 ORIG 1 status AP date 1960-09-23 00:00:00 class 15 priority STANDARD
NDA013055,013055,PAI HOLDINGS PHARM,ORIG,1,AP,1960-10-02 00:00:00,12,PRIORITY,1960,data/raw/drugsatfda_data_files_1938_1964/Submissions_1938_1964.txt,https://www.accessdata.fda.gov/scripts/cder/daf/index.cfm?event=overview.process&varApplNo=013055,Verified - verbatim from official Drugs@FDA database extract,Official Drugs@FDA Submissions 1938-1964: Appl 013055 ORIG 1 status AP date 1960-10-02 00:00:00 class 12 priority PRIORITY
NDA050141,050141,KING PHARMS LLC,SUPPL,40,AP,1960-10-03 00:00:00,3,,1960,data/raw/drugsatfda_data_files_1938_1964/Submissions_1938_1964.txt,https://www.accessdata.fda.gov/scripts/cder/daf/index.cfm?event=overview.process&varApplNo=050141,Verified - verbatim from official Drugs@FDA database extract,Official Drugs@FDA Submissions 1938-1964: Appl 050141 SUPPL 40 status AP date 1960-10-03 00:00:00 class 3 priority 
NDA012366,012366,MEDA PHARMS,ORIG,1,AP,1960-10-05 00:00:00,14,STANDARD,1960,data/raw/drugsatfda_data_files_1938_1964/Submissions_1938_1964.txt,https://www.accessdata.fda.gov/scripts/cder/daf/index.cfm?event=overview.process&varApplNo=012366,Verified - verbatim from official Drugs@FDA database extract,Official Drugs@FDA Submissions 1938-1964: Appl 012366 ORIG 1 status AP date 1960-10-05 00:00:00 class 14 priority STANDARD
NDA012188,012188,,ORIG,1,AP,1960-10-06 00:00:00,14,STANDARD,1960,data/raw/drugsatfda_data_files_1938_1964/Submissions_1938_1964.txt,https://www.accessdata.fda.gov/scripts/cder/daf/index.cfm?event=overview.process&varApplNo=012188,Verified - verbatim from official Drugs@FDA database extract,Official Drugs@FDA Submissions 1938-1964: Appl 012188 ORIG 1 status AP date 1960-10-06 00:00:00 class 14 priority STANDARD
NDA012489,012489,AH ROBINS INC,ORIG,1,AP,1960-10-14 00:00:00,15,STANDARD,1960,data/raw/drugsatfda_data_files_1938_1964/Submissions_1938_1964.txt,https://www.accessdata.fda.gov/scripts/cder/daf/index.cfm?event=overview.process&varApplNo=012489,Verified - verbatim from official Drugs@FDA database extract,Official Drugs@FDA Submissions 1938-1964: Appl 012489 ORIG 1 status AP date 1960-10-14 00:00:00 class 15 priority STANDARD
NDA012524,012524,ABBVIE,ORIG,1,AP,1960-10-21 00:00:00,7,STANDARD,1960,data/raw/drugsatfda_data_files_1938_1964/Submissions_1938_1964.txt,https://www.accessdata.fda.gov/scripts/cder/daf/index.cfm?event=overview.process&varApplNo=012524,Verified - verbatim from official Drugs@FDA database extract,Official Drugs@FDA Submissions 1938-1964: Appl 012524 ORIG 1 status AP date 1960-10-21 00:00:00 class 7 priority STANDARD
NDA012427,012427,PFIZER,ORIG,1,AP,1960-10-26 00:00:00,7,STANDARD,1960,data/raw/drugsatfda_data_files_1938_1964/Submissions_1938_1964.txt,https://www.accessdata.fda.gov/scripts/cder/daf/index.cfm?event=overview.process&varApplNo=012427,Verified - verbatim from official Drugs@FDA database extract,Official Drugs@FDA Submissions 1938-1964: Appl 012427 ORIG 1 status AP date 1960-10-26 00:00:00 class 7 priority STANDARD
NDA050138,050138,KING PHARMS LLC,SUPPL,20,AP,1960-10-26 00:00:00,3,,1960,data/raw/drugsatfda_data_files_1938_1964/Submissions_1938_1964.txt,https://www.accessdata.fda.gov/scripts/cder/daf/index.cfm?event=overview.process&varApplNo=050138,Verified - verbatim from official Drugs@FDA database extract,Official Drugs@FDA Submissions 1938-1964: Appl 050138 SUPPL 20 status AP date 1960-10-26 00:00:00 class 3 priority 
NDA012380,012380,PARKE DAVIS,ORIG,1,AP,1960-11-02 00:00:00,7,PRIORITY,1960,data/raw/drugsatfda_data_files_1938_1964/Submissions_1938_1964.txt,https://www.accessdata.fda.gov/scripts/cder/daf/index.cfm?event=overview.process&varApplNo=012380,Verified - verbatim from official Drugs@FDA database extract,Official Drugs@FDA Submissions 1938-1964: Appl 012380 ORIG 1 status AP date 1960-11-02 00:00:00 class 7 priority PRIORITY
NDA012122,012122,LILLY,ORIG,1,AP,1960-11-14 00:00:00,7,PRIORITY,1960,data/raw/drugsatfda_data_files_1938_1964/Submissions_1938_1964.txt,https://www.accessdata.fda.gov/scripts/cder/daf/index.cfm?event=overview.process&varApplNo=012122,Verified - verbatim from official Drugs@FDA database extract,Official Drugs@FDA Submissions 1938-1964: Appl 012122 ORIG 1 status AP date 1960-11-14 00:00:00 class 7 priority PRIORITY
NDA050257,050257,LEDERLE,ORIG,1,AP,1960-11-14 00:00:00,,,1960,data/raw/drugsatfda_data_files_1938_1964/Submissions_1938_1964.txt,https://www.accessdata.fda.gov/scripts/cder/daf/index.cfm?event=overview.process&varApplNo=050257,Verified - verbatim from official Drugs@FDA database extract,Official Drugs@FDA Submissions 1938-1964: Appl 050257 ORIG 1 status AP date 1960-11-14 00:00:00 class  priority 
NDA012546,012546,ANI PHARMS,ORIG,1,AP,1960-11-17 00:00:00,9,STANDARD,1960,data/raw/drugsatfda_data_files_1938_1964/Submissions_1938_1964.txt,https://www.accessdata.fda.gov/scripts/cder/daf/index.cfm?event=overview.process&varApplNo=012546,Verified - verbatim from official Drugs@FDA database extract,Official Drugs@FDA Submissions 1938-1964: Appl 012546 ORIG 1 status AP date 1960-11-17 00:00:00 class 9 priority STANDARD
NDA050263,050263,LEDERLE,SUPPL,24,AP,1960-11-22 00:00:00,4,,1960,data/raw/drugsatfda_data_files_1938_1964/Submissions_1938_1964.txt,https://www.accessdata.fda.gov/scripts/cder/daf/index.cfm?event=overview.process&varApplNo=050263,Verified - verbatim from official Drugs@FDA database extract,Official Drugs@FDA Submissions 1938-1964: Appl 050263 SUPPL 24 status AP date 1960-11-22 00:00:00 class 4 priority 
NDA050257,050257,LEDERLE,SUPPL,1,AP,1960-11-28 00:00:00,3,,1960,data/raw/drugsatfda_data_files_1938_1964/Submissions_1938_1964.txt,https://www.accessdata.fda.gov/scripts/cder/daf/index.cfm?event=overview.process&varApplNo=050257,Verified - verbatim from official Drugs@FDA database extract,Official Drugs@FDA Submissions 1938-1964: Appl 050257 SUPPL 1 status AP date 1960-11-28 00:00:00 class 3 priority 
NDA050257,050257,LEDERLE,SUPPL,2,AP,1960-11-28 00:00:00,3,,1960,data/raw/drugsatfda_data_files_1938_1964/Submissions_1938_1964.txt,https://www.accessdata.fda.gov/scripts/cder/daf/index.cfm?event=overview.process&varApplNo=050257,Verified - verbatim from official Drugs@FDA database extract,Official Drugs@FDA Submissions 1938-1964: Appl 050257 SUPPL 2 status AP date 1960-11-28 00:00:00 class 3 priority 
NDA012338,012338,,ORIG,1,AP,1960-11-29 00:00:00,,,1960,data/raw/drugsatfda_data_files_1938_1964/Submissions_1938_1964.txt,https://www.accessdata.fda.gov/scripts/cder/daf/index.cfm?event=overview.process&varApplNo=012338,Verified - verbatim from official Drugs@FDA database extract,Official Drugs@FDA Submissions 1938-1964: Appl 012338 ORIG 1 status AP date 1960-11-29 00:00:00 class  priority 
NDA050262,050262,LEDERLE,SUPPL,13,AP,1960-11-29 00:00:00,4,,1960,data/raw/drugsatfda_data_files_1938_1964/Submissions_1938_1964.txt,https://www.accessdata.fda.gov/scripts/cder/daf/index.cfm?event=overview.process&varApplNo=050262,Verified - verbatim from official Drugs@FDA database extract,Official Drugs@FDA Submissions 1938-1964: Appl 050262 SUPPL 13 status AP date 1960-11-29 00:00:00 class 4 priority 
NDA050278,050278,AVET,SUPPL,27,AP,1960-12-02 00:00:00,4,,1960,data/raw/drugsatfda_data_files_1938_1964/Submissions_1938_1964.txt,https://www.accessdata.fda.gov/scripts/cder/daf/index.cfm?event=overview.process&varApplNo=050278,Verified - verbatim from official Drugs@FDA database extract,Official Drugs@FDA Submissions 1938-1964: Appl 050278 SUPPL 27 status AP date 1960-12-02 00:00:00 class 4 priority 
NDA012382,012382,HIKMA,ORIG,1,AP,1960-12-05 00:00:00,7,STANDARD,1960,data/raw/drugsatfda_data_files_1938_1964/Submissions_1938_1964.txt,https://www.accessdata.fda.gov/scripts/cder/daf/index.cfm?event=overview.process&varApplNo=012382,Verified - verbatim from official Drugs@FDA database extract,Official Drugs@FDA Submissions 1938-1964: Appl 012382 ORIG 1 status AP date 1960-12-05 00:00:00 class 7 priority STANDARD
NDA050262,050262,LEDERLE,SUPPL,14,AP,1960-12-19 00:00:00,4,,1960,data/raw/drugsatfda_data_files_1938_1964/Submissions_1938_1964.txt,https://www.accessdata.fda.gov/scripts/cder/daf/index.cfm?event=overview.process&varApplNo=050262,Verified - verbatim from official Drugs@FDA database extract,Official Drugs@FDA Submissions 1938-1964: Appl 050262 SUPPL 14 status AP date 1960-12-19 00:00:00 class 4 priority 
NDA050278,050278,AVET,SUPPL,28,AP,1960-12-20 00:00:00,4,,1960,data/raw/drugsatfda_data_files_1938_1964/Submissions_1938_1964.txt,https://www.accessdata.fda.gov/scripts/cder/daf/index.cfm?event=overview.process&varApplNo=050278,Verified - verbatim from official Drugs@FDA database extract,Official Drugs@FDA Submissions 1938-1964: Appl 050278 SUPPL 28 status AP date 1960-12-20 00:00:00 class 4 priority 
NDA012542,012542,NOVARTIS,ORIG,1,AP,1960-12-21 00:00:00,7,STANDARD,1960,data/raw/drugsatfda_data_files_1938_1964/Submissions_1938_1964.txt,https://www.accessdata.fda.gov/scripts/cder/daf/index.cfm?event=overview.process&varApplNo=012542,Verified - verbatim from official Drugs@FDA database extract,Official Drugs@FDA Submissions 1938-1964: Appl 012542 ORIG 1 status AP date 1960-12-21 00:00:00 class 7 priority STANDARD
NDA012674,012674,ASPEN GLOBAL INC,ORIG,1,AP,1960-12-21 00:00:00,15,STANDARD,1960,data/raw/drugsatfda_data_files_1938_1964/Submissions_1938_1964.txt,https://www.accessdata.fda.gov/scripts/cder/daf/index.cfm?event=overview.process&varApplNo=012674,Verified - verbatim from official Drugs@FDA database extract,Official Drugs@FDA Submissions 1938-1964: Appl 012674 ORIG 1 status AP date 1960-12-21 00:00:00 class 15 priority STANDARD
NDA050141,050141,KING PHARMS LLC,SUPPL,41,AP,1960-12-22 00:00:00,3,,1960,data/raw/drugsatfda_data_files_1938_1964/Submissions_1938_1964.txt,https://www.accessdata.fda.gov/scripts/cder/daf/index.cfm?event=overview.process&varApplNo=050141,Verified - verbatim from official Drugs@FDA database extract,Official Drugs@FDA Submissions 1938-1964: Appl 050141 SUPPL 41 status AP date 1960-12-22 00:00:00 class 3 priority 
NDA050141,050141,KING PHARMS LLC,SUPPL,39,AP,1960-12-22 00:00:00,3,,1960,data/raw/drugsatfda_data_files_1938_1964/Submissions_1938_1964.txt,https://www.accessdata.fda.gov/scripts/cder/daf/index.cfm?event=overview.process&varApplNo=050141,Verified - verbatim from official Drugs@FDA database extract,Official Drugs@FDA Submissions 1938-1964: Appl 050141 SUPPL 39 status AP date 1960-12-22 00:00:00 class 3 priority 
NDA012191,012191,,ORIG,1,AP,1960-12-30 00:00:00,11,STANDARD,1960,data/raw/drugsatfda_data_files_1938_1964/Submissions_1938_1964.txt,https://www.accessdata.fda.gov/scripts/cder/daf/index.cfm?event=overview.process&varApplNo=012191,Verified - verbatim from official Drugs@FDA database extract,Official Drugs@FDA Submissions 1938-1964: Appl 012191 ORIG 1 status AP date 1960-12-30 00:00:00 class 11 priority STANDARD
NDA050278,050278,AVET,SUPPL,30,AP,1961-01-16 00:00:00,4,,1961,data/raw/drugsatfda_data_files_1938_1964/Submissions_1938_1964.txt,https://www.accessdata.fda.gov/scripts/cder/daf/index.cfm?event=overview.process&varApplNo=050278,Verified - verbatim from official Drugs@FDA database extract,Official Drugs@FDA Submissions 1938-1964: Appl 050278 SUPPL 30 status AP date 1961-01-16 00:00:00 class 4 priority 
NDA012583,012583,ALLERGAN,ORIG,1,AP,1961-01-23 00:00:00,12,PRIORITY,1961,data/raw/drugsatfda_data_files_1938_1964/Submissions_1938_1964.txt,https://www.accessdata.fda.gov/scripts/cder/daf/index.cfm?event=overview.process&varApplNo=012583,Verified - verbatim from official Drugs@FDA database extract,Official Drugs@FDA Submissions 1938-1964: Appl 012583 ORIG 1 status AP date 1961-01-23 00:00:00 class 12 priority PRIORITY
NDA012616,012616,PFIZER,ORIG,1,AP,1961-01-27 00:00:00,14,STANDARD,1961,data/raw/drugsatfda_data_files_1938_1964/Submissions_1938_1964.txt,https://www.accessdata.fda.gov/scripts/cder/daf/index.cfm?event=overview.process&varApplNo=012616,Verified - verbatim from official Drugs@FDA database extract,Official Drugs@FDA Submissions 1938-1964: Appl 012616 ORIG 1 status AP date 1961-01-27 00:00:00 class 14 priority STANDARD
NDA050263,050263,LEDERLE,SUPPL,25,AP,1961-01-31 00:00:00,4,,1961,data/raw/drugsatfda_data_files_1938_1964/Submissions_1938_1964.txt,https://www.accessdata.fda.gov/scripts/cder/daf/index.cfm?event=overview.process&varApplNo=050263,Verified - verbatim from official Drugs@FDA database extract,Official Drugs@FDA Submissions 1938-1964: Appl 050263 SUPPL 25 status AP date 1961-01-31 00:00:00 class 4 priority 
NDA011853,011853,,ORIG,1,AP,1961-02-02 00:00:00,,,1961,data/raw/drugsatfda_data_files_1938_1964/Submissions_1938_1964.txt,https://www.accessdata.fda.gov/scripts/cder/daf/index.cfm?event=overview.process&varApplNo=011853,Verified - verbatim from official Drugs@FDA database extract,Official Drugs@FDA Submissions 1938-1964: Appl 011853 ORIG 1 status AP date 1961-02-02 00:00:00 class  priority 
NDA050165,050165,,SUPPL,5,AP,1961-02-14 00:00:00,3,,1961,data/raw/drugsatfda_data_files_1938_1964/Submissions_1938_1964.txt,https://www.accessdata.fda.gov/scripts/cder/daf/index.cfm?event=overview.process&varApplNo=050165,Verified - verbatim from official Drugs@FDA database extract,Official Drugs@FDA Submissions 1938-1964: Appl 050165 SUPPL 5 status AP date 1961-02-14 00:00:00 class 3 priority 
NDA050170,050170,,SUPPL,1,AP,1961-02-14 00:00:00,3,,1961,data/raw/drugsatfda_data_files_1938_1964/Submissions_1938_1964.txt,https://www.accessdata.fda.gov/scripts/cder/daf/index.cfm?event=overview.process&varApplNo=050170,Verified - verbatim from official Drugs@FDA database extract,Official Drugs@FDA Submissions 1938-1964: Appl 050170 SUPPL 1 status AP date 1961-02-14 00:00:00 class 3 priority 
NDA050263,050263,LEDERLE,SUPPL,26,AP,1961-02-17 00:00:00,4,,1961,data/raw/drugsatfda_data_files_1938_1964/Submissions_1938_1964.txt,https://www.accessdata.fda.gov/scripts/cder/daf/index.cfm?event=overview.process&varApplNo=050263,Verified - verbatim from official Drugs@FDA database extract,Official Drugs@FDA Submissions 1938-1964: Appl 050263 SUPPL 26 status AP date 1961-02-17 00:00:00 class 4 priority 
NDA012342,012342,ADVANZ PHARMA,ORIG,1,AP,1961-02-21 00:00:00,7,PRIORITY,1961,data/raw/drugsatfda_data_files_1938_1964/Submissions_1938_1964.txt,https://www.accessdata.fda.gov/scripts/cder/daf/index.cfm?event=overview.process&varApplNo=012342,Verified - verbatim from official Drugs@FDA database extract,Official Drugs@FDA Submissions 1938-1964: Appl 012342 ORIG 1 status AP date 1961-02-21 00:00:00 class 7 priority PRIORITY
NDA060422,060422,,ORIG,1,AP,1961-03-03 00:00:00,,,1961,data/raw/drugsatfda_data_files_1938_1964/Submissions_1938_1964.txt,https://www.accessdata.fda.gov/scripts/cder/daf/index.cfm?event=overview.process&varApplNo=060422,Verified - verbatim from official Drugs@FDA database extract,Official Drugs@FDA Submissions 1938-1964: Appl 060422 ORIG 1 status AP date 1961-03-03 00:00:00 class  priority 
NDA010976,010976,GD SEARLE LLC,ORIG,1,AP,1961-03-09 00:00:00,8,STANDARD,1961,data/raw/drugsatfda_data_files_1938_1964/Submissions_1938_1964.txt,https://www.accessdata.fda.gov/scripts/cder/daf/index.cfm?event=overview.process&varApplNo=010976,Verified - verbatim from official Drugs@FDA database extract,Official Drugs@FDA Submissions 1938-1964: Appl 010976 ORIG 1 status AP date 1961-03-09 00:00:00 class 8 priority STANDARD
NDA050276,050276,LEDERLE,SUPPL,20,AP,1961-03-13 00:00:00,4,,1961,data/raw/drugsatfda_data_files_1938_1964/Submissions_1938_1964.txt,https://www.accessdata.fda.gov/scripts/cder/daf/index.cfm?event=overview.process&varApplNo=050276,Verified - verbatim from official Drugs@FDA database extract,Official Drugs@FDA Submissions 1938-1964: Appl 050276 SUPPL 20 status AP date 1961-03-13 00:00:00 class 4 priority 
NDA050263,050263,LEDERLE,SUPPL,27,AP,1961-03-15 00:00:00,3,,1961,data/raw/drugsatfda_data_files_1938_1964/Submissions_1938_1964.txt,https://www.accessdata.fda.gov/scripts/cder/daf/index.cfm?event=overview.process&varApplNo=050263,Verified - verbatim from official Drugs@FDA database extract,Official Drugs@FDA Submissions 1938-1964: Appl 050263 SUPPL 27 status AP date 1961-03-15 00:00:00 class 3 priority 
NDA050251,050251,,SUPPL,8,AP,1961-03-16 00:00:00,3,,1961,data/raw/drugsatfda_data_files_1938_1964/Submissions_1938_1964.txt,https://www.accessdata.fda.gov/scripts/cder/daf/index.cfm?event=overview.process&varApplNo=050251,Verified - verbatim from official Drugs@FDA database extract,Official Drugs@FDA Submissions 1938-1964: Appl 050251 SUPPL 8 status AP date 1961-03-16 00:00:00 class 3 priority 
NDA050251,050251,,SUPPL,7,AP,1961-03-16 00:00:00,3,,1961,data/raw/drugsatfda_data_files_1938_1964/Submissions_1938_1964.txt,https://www.accessdata.fda.gov/scripts/cder/daf/index.cfm?event=overview.process&varApplNo=050251,Verified - verbatim from official Drugs@FDA database extract,Official Drugs@FDA Submissions 1938-1964: Appl 050251 SUPPL 7 status AP date 1961-03-16 00:00:00 class 3 priority 
NDA050251,050251,,SUPPL,6,AP,1961-03-16 00:00:00,3,,1961,data/raw/drugsatfda_data_files_1938_1964/Submissions_1938_1964.txt,https://www.accessdata.fda.gov/scripts/cder/daf/index.cfm?event=overview.process&varApplNo=050251,Verified - verbatim from official Drugs@FDA database extract,Official Drugs@FDA Submissions 1938-1964: Appl 050251 SUPPL 6 status AP date 1961-03-16 00:00:00 class 3 priority 
NDA050278,050278,AVET,SUPPL,31,AP,1961-03-16 00:00:00,3,,1961,data/raw/drugsatfda_data_files_1938_1964/Submissions_1938_1964.txt,https://www.accessdata.fda.gov/scripts/cder/daf/index.cfm?event=overview.process&varApplNo=050278,Verified - verbatim from official Drugs@FDA database extract,Official Drugs@FDA Submissions 1938-1964: Appl 050278 SUPPL 31 status AP date 1961-03-16 00:00:00 class 3 priority 
NDA050263,050263,LEDERLE,SUPPL,28,AP,1961-03-17 00:00:00,3,,1961,data/raw/drugsatfda_data_files_1938_1964/Submissions_1938_1964.txt,https://www.accessdata.fda.gov/scripts/cder/daf/index.cfm?event=overview.process&varApplNo=050263,Verified - verbatim from official Drugs@FDA database extract,Official Drugs@FDA Submissions 1938-1964: Appl 050263 SUPPL 28 status AP date 1961-03-17 00:00:00 class 3 priority 
NDA050268,050268,STORZ,SUPPL,7,AP,1961-03-17 00:00:00,3,,1961,data/raw/drugsatfda_data_files_1938_1964/Submissions_1938_1964.txt,https://www.accessdata.fda.gov/scripts/cder/daf/index.cfm?event=overview.process&varApplNo=050268,Verified - verbatim from official Drugs@FDA database extract,Official Drugs@FDA Submissions 1938-1964: Appl 050268 SUPPL 7 status AP date 1961-03-17 00:00:00 class 3 priority 
NDA012284,012284,,ORIG,1,AP,1961-03-18 00:00:00,12,STANDARD,1961,data/raw/drugsatfda_data_files_1938_1964/Submissions_1938_1964.txt,https://www.accessdata.fda.gov/scripts/cder/daf/index.cfm?event=overview.process&varApplNo=012284,Verified - verbatim from official Drugs@FDA database extract,Official Drugs@FDA Submissions 1938-1964: Appl 012284 ORIG 1 status AP date 1961-03-18 00:00:00 class 12 priority STANDARD
NDA050138,050138,KING PHARMS LLC,SUPPL,24,AP,1961-03-20 00:00:00,3,,1961,data/raw/drugsatfda_data_files_1938_1964/Submissions_1938_1964.txt,https://www.accessdata.fda.gov/scripts/cder/daf/index.cfm?event=overview.process&varApplNo=050138,Verified - verbatim from official Drugs@FDA database extract,Official Drugs@FDA Submissions 1938-1964: Appl 050138 SUPPL 24 status AP date 1961-03-20 00:00:00 class 3 priority 
NDA050138,050138,KING PHARMS LLC,SUPPL,23,AP,1961-03-20 00:00:00,3,,1961,data/raw/drugsatfda_data_files_1938_1964/Submissions_1938_1964.txt,https://www.accessdata.fda.gov/scripts/cder/daf/index.cfm?event=overview.process&varApplNo=050138,Verified - verbatim from official Drugs@FDA database extract,Official Drugs@FDA Submissions 1938-1964: Appl 050138 SUPPL 23 status AP date 1961-03-20 00:00:00 class 3 priority 
NDA050141,050141,KING PHARMS LLC,SUPPL,43,AP,1961-03-20 00:00:00,3,,1961,data/raw/drugsatfda_data_files_1938_1964/Submissions_1938_1964.txt,https://www.accessdata.fda.gov/scripts/cder/daf/index.cfm?event=overview.process&varApplNo=050141,Verified - verbatim from official Drugs@FDA database extract,Official Drugs@FDA Submissions 1938-1964: Appl 050141 SUPPL 43 status AP date 1961-03-20 00:00:00 class 3 priority 
NDA011270,011270,SHIRE,ORIG,1,AP,1961-03-21 00:00:00,12,STANDARD,1961,data/raw/drugsatfda_data_files_1938_1964/Submissions_1938_1964.txt,https://www.accessdata.fda.gov/scripts/cder/daf/index.cfm?event=overview.process&varApplNo=011270,Verified - verbatim from official Drugs@FDA database extract,Official Drugs@FDA Submissions 1938-1964: Appl 011270 ORIG 1 status AP date 1961-03-21 00:00:00 class 12 priority STANDARD
NDA012515,012515,DELCOR ASSET CORP,ORIG,1,AP,1961-03-21 00:00:00,15,STANDARD,1961,data/raw/drugsatfda_data_files_1938_1964/Submissions_1938_1964.txt,https://www.accessdata.fda.gov/scripts/cder/daf/index.cfm?event=overview.process&varApplNo=012515,Verified - verbatim from official Drugs@FDA database extract,Official Drugs@FDA Submissions 1938-1964: Appl 012515 ORIG 1 status AP date 1961-03-21 00:00:00 class 15 priority STANDARD
NDA050138,050138,KING PHARMS LLC,SUPPL,25,AP,1961-03-21 00:00:00,3,,1961,data/raw/drugsatfda_data_files_1938_1964/Submissions_1938_1964.txt,https://www.accessdata.fda.gov/scripts/cder/daf/index.cfm?event=overview.process&varApplNo=050138,Verified - verbatim from official Drugs@FDA database extract,Official Drugs@FDA Submissions 1938-1964: Appl 050138 SUPPL 25 status AP date 1961-03-21 00:00:00 class 3 priority 
NDA050141,050141,KING PHARMS LLC,SUPPL,44,AP,1961-03-21 00:00:00,3,,1961,data/raw/drugsatfda_data_files_1938_1964/Submissions_1938_1964.txt,https://www.accessdata.fda.gov/scripts/cder/daf/index.cfm?event=overview.process&varApplNo=050141,Verified - verbatim from official Drugs@FDA database extract,Official Drugs@FDA Submissions 1938-1964: Appl 050141 SUPPL 44 status AP date 1961-03-21 00:00:00 class 3 priority 
NDA050155,050155,PARKEDALE,SUPPL,8,AP,1961-03-22 00:00:00,3,,1961,data/raw/drugsatfda_data_files_1938_1964/Submissions_1938_1964.txt,https://www.accessdata.fda.gov/scripts/cder/daf/index.cfm?event=overview.process&varApplNo=050155,Verified - verbatim from official Drugs@FDA database extract,Official Drugs@FDA Submissions 1938-1964: Appl 050155 SUPPL 8 status AP date 1961-03-22 00:00:00 class 3 priority 
NDA050141,050141,KING PHARMS LLC,SUPPL,46,AP,1961-03-24 00:00:00,3,,1961,data/raw/drugsatfda_data_files_1938_1964/Submissions_1938_1964.txt,https://www.accessdata.fda.gov/scripts/cder/daf/index.cfm?event=overview.process&varApplNo=050141,Verified - verbatim from official Drugs@FDA database extract,Official Drugs@FDA Submissions 1938-1964: Appl 050141 SUPPL 46 status AP date 1961-03-24 00:00:00 class 3 priority 
NDA012731,012731,MERCK,ORIG,1,AP,1961-03-29 00:00:00,12,STANDARD,1961,data/raw/drugsatfda_data_files_1938_1964/Submissions_1938_1964.txt,https://www.accessdata.fda.gov/scripts/cder/daf/index.cfm?event=overview.process&varApplNo=012731,Verified - verbatim from official Drugs@FDA database extract,Official Drugs@FDA Submissions 1938-1964: Appl 012731 ORIG 1 status AP date 1961-03-29 00:00:00 class 12 priority STANDARD
NDA050170,050170,,SUPPL,3,AP,1961-03-29 00:00:00,3,,1961,data/raw/drugsatfda_data_files_1938_1964/Submissions_1938_1964.txt,https://www.accessdata.fda.gov/scripts/cder/daf/index.cfm?event=overview.process&varApplNo=050170,Verified - verbatim from official Drugs@FDA database extract,Official Drugs@FDA Submissions 1938-1964: Appl 050170 SUPPL 3 status AP date 1961-03-29 00:00:00 class 3 priority 
NDA050141,050141,KING PHARMS LLC,SUPPL,42,AP,1961-03-30 00:00:00,3,,1961,data/raw/drugsatfda_data_files_1938_1964/Submissions_1938_1964.txt,https://www.accessdata.fda.gov/scripts/cder/daf/index.cfm?event=overview.process&varApplNo=050141,Verified - verbatim from official Drugs@FDA database extract,Official Drugs@FDA Submissions 1938-1964: Appl 050141 SUPPL 42 status AP date 1961-03-30 00:00:00 class 3 priority 
NDA050138,050138,KING PHARMS LLC,SUPPL,26,AP,1961-03-31 00:00:00,3,,1961,data/raw/drugsatfda_data_files_1938_1964/Submissions_1938_1964.txt,https://www.accessdata.fda.gov/scripts/cder/daf/index.cfm?event=overview.process&varApplNo=050138,Verified - verbatim from official Drugs@FDA database extract,Official Drugs@FDA Submissions 1938-1964: Appl 050138 SUPPL 26 status AP date 1961-03-31 00:00:00 class 3 priority 
NDA050141,050141,KING PHARMS LLC,SUPPL,47,AP,1961-03-31 00:00:00,3,,1961,data/raw/drugsatfda_data_files_1938_1964/Submissions_1938_1964.txt,https://www.accessdata.fda.gov/scripts/cder/daf/index.cfm?event=overview.process&varApplNo=050141,Verified - verbatim from official Drugs@FDA database extract,Official Drugs@FDA Submissions 1938-1964: Appl 050141 SUPPL 47 status AP date 1961-03-31 00:00:00 class 3 priority 
NDA012254,012254,SCHERING,ORIG,1,AP,1961-04-05 00:00:00,7,STANDARD,1961,data/raw/drugsatfda_data_files_1938_1964/Submissions_1938_1964.txt,https://www.accessdata.fda.gov/scripts/cder/daf/index.cfm?event=overview.process&varApplNo=012254,Verified - verbatim from official Drugs@FDA database extract,Official Drugs@FDA Submissions 1938-1964: Appl 012254 ORIG 1 status AP date 1961-04-05 00:00:00 class 7 priority STANDARD
NDA050138,050138,KING PHARMS LLC,SUPPL,27,AP,1961-04-05 00:00:00,3,,1961,data/raw/drugsatfda_data_files_1938_1964/Submissions_1938_1964.txt,https://www.accessdata.fda.gov/scripts/cder/daf/index.cfm?event=overview.process&varApplNo=050138,Verified - verbatim from official Drugs@FDA database extract,Official Drugs@FDA Submissions 1938-1964: Appl 050138 SUPPL 27 status AP date 1961-04-05 00:00:00 class 3 priority 
NDA050141,050141,KING PHARMS LLC,SUPPL,49,AP,1961-04-05 00:00:00,3,,1961,data/raw/drugsatfda_data_files_1938_1964/Submissions_1938_1964.txt,https://www.accessdata.fda.gov/scripts/cder/daf/index.cfm?event=overview.process&varApplNo=050141,Verified - verbatim from official Drugs@FDA database extract,Official Drugs@FDA Submissions 1938-1964: Appl 050141 SUPPL 49 status AP date 1961-04-05 00:00:00 class 3 priority 
NDA050141,050141,KING PHARMS LLC,SUPPL,48,AP,1961-04-05 00:00:00,3,,1961,data/raw/drugsatfda_data_files_1938_1964/Submissions_1938_1964.txt,https://www.accessdata.fda.gov/scripts/cder/daf/index.cfm?event=overview.process&varApplNo=050141,Verified - verbatim from official Drugs@FDA database extract,Official Drugs@FDA Submissions 1938-1964: Appl 050141 SUPPL 48 status AP date 1961-04-05 00:00:00 class 3 priority 
NDA050257,050257,LEDERLE,SUPPL,3,AP,1961-04-05 00:00:00,3,,1961,data/raw/drugsatfda_data_files_1938_1964/Submissions_1938_1964.txt,https://www.accessdata.fda.gov/scripts/cder/daf/index.cfm?event=overview.process&varApplNo=050257,Verified - verbatim from official Drugs@FDA database extract,Official Drugs@FDA Submissions 1938-1964: Appl 050257 SUPPL 3 status AP date 1961-04-05 00:00:00 class 3 priority 
NDA050404,050404,LEDERLE,SUPPL,12,AP,1961-04-06 00:00:00,4,,1961,data/raw/drugsatfda_data_files_1938_1964/Submissions_1938_1964.txt,https://www.accessdata.fda.gov/scripts/cder/daf/index.cfm?event=overview.process&varApplNo=050404,Verified - verbatim from official Drugs@FDA database extract,Official Drugs@FDA Submissions 1938-1964: Appl 050404 SUPPL 12 status AP date 1961-04-06 00:00:00 class 4 priority 
NDA011539,011539,,ORIG,1,AP,1961-04-07 00:00:00,12,STANDARD,1961,data/raw/drugsatfda_data_files_1938_1964/Submissions_1938_1964.txt,https://www.accessdata.fda.gov/scripts/cder/daf/index.cfm?event=overview.process&varApplNo=011539,Verified - verbatim from official Drugs@FDA database extract,Official Drugs@FDA Submissions 1938-1964: Appl 011539 ORIG 1 status AP date 1961-04-07 00:00:00 class 12 priority STANDARD
NDA012703,012703,ASTRAZENECA,ORIG,1,AP,1961-04-07 00:00:00,7,PRIORITY,1961,data/raw/drugsatfda_data_files_1938_1964/Submissions_1938_1964.txt,https://www.accessdata.fda.gov/scripts/cder/daf/index.cfm?event=overview.process&varApplNo=012703,Verified - verbatim from official Drugs@FDA database extract,Official Drugs@FDA Submissions 1938-1964: Appl 012703 ORIG 1 status AP date 1961-04-07 00:00:00 class 7 priority PRIORITY
NDA050276,050276,LEDERLE,SUPPL,21,AP,1961-04-07 00:00:00,3,,1961,data/raw/drugsatfda_data_files_1938_1964/Submissions_1938_1964.txt,https://www.accessdata.fda.gov/scripts/cder/daf/index.cfm?event=overview.process&varApplNo=050276,Verified - verbatim from official Drugs@FDA database extract,Official Drugs@FDA Submissions 1938-1964: Appl 050276 SUPPL 21 status AP date 1961-04-07 00:00:00 class 3 priority 
NDA012704,012704,ASTRAZENECA,ORIG,1,AP,1961-04-11 00:00:00,12,STANDARD,1961,data/raw/drugsatfda_data_files_1938_1964/Submissions_1938_1964.txt,https://www.accessdata.fda.gov/scripts/cder/daf/index.cfm?event=overview.process&varApplNo=012704,Verified - verbatim from official Drugs@FDA database extract,Official Drugs@FDA Submissions 1938-1964: Appl 012704 ORIG 1 status AP date 1961-04-11 00:00:00 class 12 priority STANDARD
NDA012274,012274,,ORIG,1,AP,1961-04-12 00:00:00,14,STANDARD,1961,data/raw/drugsatfda_data_files_1938_1964/Submissions_1938_1964.txt,https://www.accessdata.fda.gov/scripts/cder/daf/index.cfm?event=overview.process&varApplNo=012274,Verified - verbatim from official Drugs@FDA database extract,Official Drugs@FDA Submissions 1938-1964: Appl 012274 ORIG 1 status AP date 1961-04-12 00:00:00 class 14 priority STANDARD
NDA012657,012657,SCHERING,ORIG,1,AP,1961-04-17 00:00:00,7,STANDARD,1961,data/raw/drugsatfda_data_files_1938_1964/Submissions_1938_1964.txt,https://www.accessdata.fda.gov/scripts/cder/daf/index.cfm?event=overview.process&varApplNo=012657,Verified - verbatim from official Drugs@FDA database extract,Official Drugs@FDA Submissions 1938-1964: Appl 012657 ORIG 1 status AP date 1961-04-17 00:00:00 class 7 priority STANDARD
NDA012772,012772,LILLY,ORIG,1,AP,1961-04-17 00:00:00,7,STANDARD,1961,data/raw/drugsatfda_data_files_1938_1964/Submissions_1938_1964.txt,https://www.accessdata.fda.gov/scripts/cder/daf/index.cfm?event=overview.process&varApplNo=012772,Verified - verbatim from official Drugs@FDA database extract,Official Drugs@FDA Submissions 1938-1964: Appl 012772 ORIG 1 status AP date 1961-04-17 00:00:00 class 7 priority STANDARD
NDA012418,012418,ABBVIE,ORIG,1,AP,1961-04-20 00:00:00,9,STANDARD,1961,data/raw/drugsatfda_data_files_1938_1964/Submissions_1938_1964.txt,https://www.accessdata.fda.gov/scripts/cder/daf/index.cfm?event=overview.process&varApplNo=012418,Verified - verbatim from official Drugs@FDA database extract,Official Drugs@FDA Submissions 1938-1964: Appl 012418 ORIG 1 status AP date 1961-04-20 00:00:00 class 9 priority STANDARD
NDA050141,050141,KING PHARMS LLC,SUPPL,45,AP,1961-05-02 00:00:00,3,,1961,data/raw/drugsatfda_data_files_1938_1964/Submissions_1938_1964.txt,https://www.accessdata.fda.gov/scripts/cder/daf/index.cfm?event=overview.process&varApplNo=050141,Verified - verbatim from official Drugs@FDA database extract,Official Drugs@FDA Submissions 1938-1964: Appl 050141 SUPPL 45 status AP date 1961-05-02 00:00:00 class 3 priority 
NDA050155,050155,PARKEDALE,SUPPL,10,AP,1961-05-05 00:00:00,4,,1961,data/raw/drugsatfda_data_files_1938_1964/Submissions_1938_1964.txt,https://www.accessdata.fda.gov/scripts/cder/daf/index.cfm?event=overview.process&varApplNo=050155,Verified - verbatim from official Drugs@FDA database extract,Official Drugs@FDA Submissions 1938-1964: Appl 050155 SUPPL 10 status AP date 1961-05-05 00:00:00 class 4 priority 
NDA050155,050155,PARKEDALE,SUPPL,9,AP,1961-05-05 00:00:00,4,,1961,data/raw/drugsatfda_data_files_1938_1964/Submissions_1938_1964.txt,https://www.accessdata.fda.gov/scripts/cder/daf/index.cfm?event=overview.process&varApplNo=050155,Verified - verbatim from official Drugs@FDA database extract,Official Drugs@FDA Submissions 1938-1964: Appl 050155 SUPPL 9 status AP date 1961-05-05 00:00:00 class 4 priority 
NDA010021,010021,ABBVIE,ORIG,1,AP,1961-05-10 00:00:00,15,STANDARD,1961,data/raw/drugsatfda_data_files_1938_1964/Submissions_1938_1964.txt,https://www.accessdata.fda.gov/scripts/cder/daf/index.cfm?event=overview.process&varApplNo=010021,Verified - verbatim from official Drugs@FDA database extract,Official Drugs@FDA Submissions 1938-1964: Appl 010021 ORIG 1 status AP date 1961-05-10 00:00:00 class 15 priority STANDARD
NDA050257,050257,LEDERLE,SUPPL,4,AP,1961-05-16 00:00:00,3,,1961,data/raw/drugsatfda_data_files_1938_1964/Submissions_1938_1964.txt,https://www.accessdata.fda.gov/scripts/cder/daf/index.cfm?event=overview.process&varApplNo=050257,Verified - verbatim from official Drugs@FDA database extract,Official Drugs@FDA Submissions 1938-1964: Appl 050257 SUPPL 4 status AP date 1961-05-16 00:00:00 class 3 priority 
NDA012815,012815,,ORIG,1,AP,1961-05-19 00:00:00,,,1961,data/raw/drugsatfda_data_files_1938_1964/Submissions_1938_1964.txt,https://www.accessdata.fda.gov/scripts/cder/daf/index.cfm?event=overview.process&varApplNo=012815,Verified - verbatim from official Drugs@FDA database extract,Official Drugs@FDA Submissions 1938-1964: Appl 012815 ORIG 1 status AP date 1961-05-19 00:00:00 class  priority 
NDA050156,050156,PARKEDALE,SUPPL,8,AP,1961-05-19 00:00:00,3,,1961,data/raw/drugsatfda_data_files_1938_1964/Submissions_1938_1964.txt,https://www.accessdata.fda.gov/scripts/cder/daf/index.cfm?event=overview.process&varApplNo=050156,Verified - verbatim from official Drugs@FDA database extract,Official Drugs@FDA Submissions 1938-1964: Appl 050156 SUPPL 8 status AP date 1961-05-19 00:00:00 class 3 priority 
NDA050156,050156,PARKEDALE,SUPPL,7,AP,1961-05-19 00:00:00,3,,1961,data/raw/drugsatfda_data_files_1938_1964/Submissions_1938_1964.txt,https://www.accessdata.fda.gov/scripts/cder/daf/index.cfm?event=overview.process&varApplNo=050156,Verified - verbatim from official Drugs@FDA database extract,Official Drugs@FDA Submissions 1938-1964: Appl 050156 SUPPL 7 status AP date 1961-05-19 00:00:00 class 3 priority 
NDA050201,050201,PARKEDALE,SUPPL,8,AP,1961-05-19 00:00:00,4,,1961,data/raw/drugsatfda_data_files_1938_1964/Submissions_1938_1964.txt,https://www.accessdata.fda.gov/scripts/cder/daf/index.cfm?event=overview.process&varApplNo=050201,Verified - verbatim from official Drugs@FDA database extract,Official Drugs@FDA Submissions 1938-1964: Appl 050201 SUPPL 8 status AP date 1961-05-19 00:00:00 class 4 priority 
NDA050201,050201,PARKEDALE,SUPPL,7,AP,1961-05-19 00:00:00,4,,1961,data/raw/drugsatfda_data_files_1938_1964/Submissions_1938_1964.txt,https://www.accessdata.fda.gov/scripts/cder/daf/index.cfm?event=overview.process&varApplNo=050201,Verified - verbatim from official Drugs@FDA database extract,Official Drugs@FDA Submissions 1938-1964: Appl 050201 SUPPL 7 status AP date 1961-05-19 00:00:00 class 4 priority 
NDA050205,050205,PARKEDALE,SUPPL,7,AP,1961-05-19 00:00:00,3,,1961,data/raw/drugsatfda_data_files_1938_1964/Submissions_1938_1964.txt,https://www.accessdata.fda.gov/scripts/cder/daf/index.cfm?event=overview.process&varApplNo=050205,Verified - verbatim from official Drugs@FDA database extract,Official Drugs@FDA Submissions 1938-1964: Appl 050205 SUPPL 7 status AP date 1961-05-19 00:00:00 class 3 priority 
NDA050263,050263,LEDERLE,SUPPL,29,AP,1961-05-31 00:00:00,3,,1961,data/raw/drugsatfda_data_files_1938_1964/Submissions_1938_1964.txt,https://www.accessdata.fda.gov/scripts/cder/daf/index.cfm?event=overview.process&varApplNo=050263,Verified - verbatim from official Drugs@FDA database extract,Official Drugs@FDA Submissions 1938-1964: Appl 050263 SUPPL 29 status AP date 1961-05-31 00:00:00 class 3 priority 
NDA050138,050138,KING PHARMS LLC,SUPPL,29,AP,1961-06-07 00:00:00,3,,1961,data/raw/drugsatfda_data_files_1938_1964/Submissions_1938_1964.txt,https://www.accessdata.fda.gov/scripts/cder/daf/index.cfm?event=overview.process&varApplNo=050138,Verified - verbatim from official Drugs@FDA database extract,Official Drugs@FDA Submissions 1938-1964: Appl 050138 SUPPL 29 status AP date 1961-06-07 00:00:00 class 3 priority 
NDA011909,011909,PARKE DAVIS,ORIG,1,AP,1961-06-09 00:00:00,7,STANDARD,1961,data/raw/drugsatfda_data_files_1938_1964/Submissions_1938_1964.txt,https://www.accessdata.fda.gov/scripts/cder/daf/index.cfm?event=overview.process&varApplNo=011909,Verified - verbatim from official Drugs@FDA database extract,Official Drugs@FDA Submissions 1938-1964: Appl 011909 ORIG 1 status AP date 1961-06-09 00:00:00 class 7 priority STANDARD
NDA012374,012374,,ORIG,1,AP,1961-06-12 00:00:00,,,1961,data/raw/drugsatfda_data_files_1938_1964/Submissions_1938_1964.txt,https://www.accessdata.fda.gov/scripts/cder/daf/index.cfm?event=overview.process&varApplNo=012374,Verified - verbatim from official Drugs@FDA database extract,Official Drugs@FDA Submissions 1938-1964: Appl 012374 ORIG 1 status AP date 1961-06-12 00:00:00 class  priority 
NDA050141,050141,KING PHARMS LLC,SUPPL,51,AP,1961-06-16 00:00:00,3,,1961,data/raw/drugsatfda_data_files_1938_1964/Submissions_1938_1964.txt,https://www.accessdata.fda.gov/scripts/cder/daf/index.cfm?event=overview.process&varApplNo=050141,Verified - verbatim from official Drugs@FDA database extract,Official Drugs@FDA Submissions 1938-1964: Appl 050141 SUPPL 51 status AP date 1961-06-16 00:00:00 class 3 priority 
NDA050141,050141,KING PHARMS LLC,SUPPL,50,AP,1961-06-16 00:00:00,3,,1961,data/raw/drugsatfda_data_files_1938_1964/Submissions_1938_1964.txt,https://www.accessdata.fda.gov/scripts/cder/daf/index.cfm?event=overview.process&varApplNo=050141,Verified - verbatim from official Drugs@FDA database extract,Official Drugs@FDA Submissions 1938-1964: Appl 050141 SUPPL 50 status AP date 1961-06-16 00:00:00 class 3 priority 
NDA012095,012095,PHARMACIA AND UPJOHN,ORIG,1,AP,1961-06-22 00:00:00,9,PRIORITY,1961,data/raw/drugsatfda_data_files_1938_1964/Submissions_1938_1964.txt,https://www.accessdata.fda.gov/scripts/cder/daf/index.cfm?event=overview.process&varApplNo=012095,Verified - verbatim from official Drugs@FDA database extract,Official Drugs@FDA Submissions 1938-1964: Appl 012095 ORIG 1 status AP date 1961-06-22 00:00:00 class 9 priority PRIORITY
NDA012770,012770,SAPTALIS PHARMS,ORIG,1,AP,1961-06-23 00:00:00,14,STANDARD,1961,data/raw/drugsatfda_data_files_1938_1964/Submissions_1938_1964.txt,https://www.accessdata.fda.gov/scripts/cder/daf/index.cfm?event=overview.process&varApplNo=012770,Verified - verbatim from official Drugs@FDA database extract,Official Drugs@FDA Submissions 1938-1964: Appl 012770 ORIG 1 status AP date 1961-06-23 00:00:00 class 14 priority STANDARD
NDA050262,050262,LEDERLE,SUPPL,15,AP,1961-06-23 00:00:00,4,,1961,data/raw/drugsatfda_data_files_1938_1964/Submissions_1938_1964.txt,https://www.accessdata.fda.gov/scripts/cder/daf/index.cfm?event=overview.process&varApplNo=050262,Verified - verbatim from official Drugs@FDA database extract,Official Drugs@FDA Submissions 1938-1964: Appl 050262 SUPPL 15 status AP date 1961-06-23 00:00:00 class 4 priority 
NDA050141,050141,KING PHARMS LLC,SUPPL,52,AP,1961-07-10 00:00:00,3,,1961,data/raw/drugsatfda_data_files_1938_1964/Submissions_1938_1964.txt,https://www.accessdata.fda.gov/scripts/cder/daf/index.cfm?event=overview.process&varApplNo=050141,Verified - verbatim from official Drugs@FDA database extract,Official Drugs@FDA Submissions 1938-1964: Appl 050141 SUPPL 52 status AP date 1961-07-10 00:00:00 class 3 priority 
NDA012753,012753,NOVARTIS,ORIG,1,AP,1961-07-18 00:00:00,7,STANDARD,1961,data/raw/drugsatfda_data_files_1938_1964/Submissions_1938_1964.txt,https://www.accessdata.fda.gov/scripts/cder/daf/index.cfm?event=overview.process&varApplNo=012753,Verified - verbatim from official Drugs@FDA database extract,Official Drugs@FDA Submissions 1938-1964: Appl 012753 ORIG 1 status AP date 1961-07-18 00:00:00 class 7 priority STANDARD
NDA012754,012754,NOVARTIS,ORIG,1,AP,1961-07-18 00:00:00,12,STANDARD,1961,data/raw/drugsatfda_data_files_1938_1964/Submissions_1938_1964.txt,https://www.accessdata.fda.gov/scripts/cder/daf/index.cfm?event=overview.process&varApplNo=012754,Verified - verbatim from official Drugs@FDA database extract,Official Drugs@FDA Submissions 1938-1964: Appl 012754 ORIG 1 status AP date 1961-07-18 00:00:00 class 12 priority STANDARD
NDA012301,012301,BAUSCH,ORIG,1,AP,1961-07-21 00:00:00,12,STANDARD,1961,data/raw/drugsatfda_data_files_1938_1964/Submissions_1938_1964.txt,https://www.accessdata.fda.gov/scripts/cder/daf/index.cfm?event=overview.process&varApplNo=012301,Verified - verbatim from official Drugs@FDA database extract,Official Drugs@FDA Submissions 1938-1964: Appl 012301 ORIG 1 status AP date 1961-07-21 00:00:00 class 12 priority STANDARD
NDA050263,050263,LEDERLE,SUPPL,30,AP,1961-07-24 00:00:00,3,,1961,data/raw/drugsatfda_data_files_1938_1964/Submissions_1938_1964.txt,https://www.accessdata.fda.gov/scripts/cder/daf/index.cfm?event=overview.process&varApplNo=050263,Verified - verbatim from official Drugs@FDA database extract,Official Drugs@FDA Submissions 1938-1964: Appl 050263 SUPPL 30 status AP date 1961-07-24 00:00:00 class 3 priority 
NDA012383,012383,MERCK,ORIG,1,AP,1961-07-27 00:00:00,14,STANDARD,1961,data/raw/drugsatfda_data_files_1938_1964/Submissions_1938_1964.txt,https://www.accessdata.fda.gov/scripts/cder/daf/index.cfm?event=overview.process&varApplNo=012383,Verified - verbatim from official Drugs@FDA database extract,Official Drugs@FDA Submissions 1938-1964: Appl 012383 ORIG 1 status AP date 1961-07-27 00:00:00 class 14 priority STANDARD
NDA012775,012775,ABBOTT,ORIG,1,AP,1961-08-01 00:00:00,14,STANDARD,1961,data/raw/drugsatfda_data_files_1938_1964/Submissions_1938_1964.txt,https://www.accessdata.fda.gov/scripts/cder/daf/index.cfm?event=overview.process&varApplNo=012775,Verified - verbatim from official Drugs@FDA database extract,Official Drugs@FDA Submissions 1938-1964: Appl 012775 ORIG 1 status AP date 1961-08-01 00:00:00 class 14 priority STANDARD
NDA050138,050138,KING PHARMS LLC,SUPPL,31,AP,1961-08-04 00:00:00,3,,1961,data/raw/drugsatfda_data_files_1938_1964/Submissions_1938_1964.txt,https://www.accessdata.fda.gov/scripts/cder/daf/index.cfm?event=overview.process&varApplNo=050138,Verified - verbatim from official Drugs@FDA database extract,Official Drugs@FDA Submissions 1938-1964: Appl 050138 SUPPL 31 status AP date 1961-08-04 00:00:00 class 3 priority 
NDA050138,050138,KING PHARMS LLC,SUPPL,30,AP,1961-08-04 00:00:00,3,,1961,data/raw/drugsatfda_data_files_1938_1964/Submissions_1938_1964.txt,https://www.accessdata.fda.gov/scripts/cder/daf/index.cfm?event=overview.process&varApplNo=050138,Verified - verbatim from official Drugs@FDA database extract,Official Drugs@FDA Submissions 1938-1964: Appl 050138 SUPPL 30 status AP date 1961-08-04 00:00:00 class 3 priority 
NDA050141,050141,KING PHARMS LLC,SUPPL,54,AP,1961-08-04 00:00:00,3,,1961,data/raw/drugsatfda_data_files_1938_1964/Submissions_1938_1964.txt,https://www.accessdata.fda.gov/scripts/cder/daf/index.cfm?event=overview.process&varApplNo=050141,Verified - verbatim from official Drugs@FDA database extract,Official Drugs@FDA Submissions 1938-1964: Appl 050141 SUPPL 54 status AP date 1961-08-04 00:00:00 class 3 priority 
NDA050141,050141,KING PHARMS LLC,SUPPL,53,AP,1961-08-04 00:00:00,3,,1961,data/raw/drugsatfda_data_files_1938_1964/Submissions_1938_1964.txt,https://www.accessdata.fda.gov/scripts/cder/daf/index.cfm?event=overview.process&varApplNo=050141,Verified - verbatim from official Drugs@FDA database extract,Official Drugs@FDA Submissions 1938-1964: Appl 050141 SUPPL 53 status AP date 1961-08-04 00:00:00 class 3 priority 
NDA012827,012827,CASPER PHARMA LLC,ORIG,1,AP,1961-08-11 00:00:00,7,STANDARD,1961,data/raw/drugsatfda_data_files_1938_1964/Submissions_1938_1964.txt,https://www.accessdata.fda.gov/scripts/cder/daf/index.cfm?event=overview.process&varApplNo=012827,Verified - verbatim from official Drugs@FDA database extract,Official Drugs@FDA Submissions 1938-1964: Appl 012827 ORIG 1 status AP date 1961-08-11 00:00:00 class 7 priority STANDARD
NDA050262,050262,LEDERLE,SUPPL,16,AP,1961-08-21 00:00:00,2,,1961,data/raw/drugsatfda_data_files_1938_1964/Submissions_1938_1964.txt,https://www.accessdata.fda.gov/scripts/cder/daf/index.cfm?event=overview.process&varApplNo=050262,Verified - verbatim from official Drugs@FDA database extract,Official Drugs@FDA Submissions 1938-1964: Appl 050262 SUPPL 16 status AP date 1961-08-21 00:00:00 class 2 priority 
NDA050262,050262,LEDERLE,SUPPL,17,AP,1961-08-21 00:00:00,2,,1961,data/raw/drugsatfda_data_files_1938_1964/Submissions_1938_1964.txt,https://www.accessdata.fda.gov/scripts/cder/daf/index.cfm?event=overview.process&varApplNo=050262,Verified - verbatim from official Drugs@FDA database extract,Official Drugs@FDA Submissions 1938-1964: Appl 050262 SUPPL 17 status AP date 1961-08-21 00:00:00 class 2 priority 
NDA050262,050262,LEDERLE,SUPPL,18,AP,1961-08-21 00:00:00,4,,1961,data/raw/drugsatfda_data_files_1938_1964/Submissions_1938_1964.txt,https://www.accessdata.fda.gov/scripts/cder/daf/index.cfm?event=overview.process&varApplNo=050262,Verified - verbatim from official Drugs@FDA database extract,Official Drugs@FDA Submissions 1938-1964: Appl 050262 SUPPL 18 status AP date 1961-08-21 00:00:00 class 4 priority 
NDA012872,012872,,ORIG,1,AP,1961-09-01 00:00:00,14,STANDARD,1961,data/raw/drugsatfda_data_files_1938_1964/Submissions_1938_1964.txt,https://www.accessdata.fda.gov/scripts/cder/daf/index.cfm?event=overview.process&varApplNo=012872,Verified - verbatim from official Drugs@FDA database extract,Official Drugs@FDA Submissions 1938-1964: Appl 012872 ORIG 1 status AP date 1961-09-01 00:00:00 class 14 priority STANDARD
NDA012603,012603,,ORIG,1,AP,1961-09-05 00:00:00,14,STANDARD,1961,data/raw/drugsatfda_data_files_1938_1964/Submissions_1938_1964.txt,https://www.accessdata.fda.gov/scripts/cder/daf/index.cfm?event=overview.process&varApplNo=012603,Verified - verbatim from official Drugs@FDA database extract,Official Drugs@FDA Submissions 1938-1964: Appl 012603 ORIG 1 status AP date 1961-09-05 00:00:00 class 14 priority STANDARD
NDA012802,012802,FOSUN PHARMA,ORIG,1,AP,1961-09-05 00:00:00,15,STANDARD,1961,data/raw/drugsatfda_data_files_1938_1964/Submissions_1938_1964.txt,https://www.accessdata.fda.gov/scripts/cder/daf/index.cfm?event=overview.process&varApplNo=012802,Verified - verbatim from official Drugs@FDA database extract,Official Drugs@FDA Submissions 1938-1964: Appl 012802 ORIG 1 status AP date 1961-09-05 00:00:00 class 15 priority STANDARD
NDA050273,050273,LEDERLE,SUPPL,18,AP,1961-09-13 00:00:00,4,,1961,data/raw/drugsatfda_data_files_1938_1964/Submissions_1938_1964.txt,https://www.accessdata.fda.gov/scripts/cder/daf/index.cfm?event=overview.process&varApplNo=050273,Verified - verbatim from official Drugs@FDA database extract,Official Drugs@FDA Submissions 1938-1964: Appl 050273 SUPPL 18 status AP date 1961-09-13 00:00:00 class 4 priority 
NDA012813,012813,ALLERGAN,ORIG,1,AP,1961-09-18 00:00:00,14,STANDARD,1961,data/raw/drugsatfda_data_files_1938_1964/Submissions_1938_1964.txt,https://www.accessdata.fda.gov/scripts/cder/daf/index.cfm?event=overview.process&varApplNo=012813,Verified - verbatim from official Drugs@FDA database extract,Official Drugs@FDA Submissions 1938-1964: Appl 012813 ORIG 1 status AP date 1961-09-18 00:00:00 class 14 priority STANDARD
NDA050138,050138,KING PHARMS LLC,SUPPL,32,AP,1961-09-25 00:00:00,4,,1961,data/raw/drugsatfda_data_files_1938_1964/Submissions_1938_1964.txt,https://www.accessdata.fda.gov/scripts/cder/daf/index.cfm?event=overview.process&varApplNo=050138,Verified - verbatim from official Drugs@FDA database extract,Official Drugs@FDA Submissions 1938-1964: Appl 050138 SUPPL 32 status AP date 1961-09-25 00:00:00 class 4 priority 
NDA012845,012845,PFIZER,ORIG,1,AP,1961-09-26 00:00:00,7,STANDARD,1961,data/raw/drugsatfda_data_files_1938_1964/Submissions_1938_1964.txt,https://www.accessdata.fda.gov/scripts/cder/daf/index.cfm?event=overview.process&varApplNo=012845,Verified - verbatim from official Drugs@FDA database extract,Official Drugs@FDA Submissions 1938-1964: Appl 012845 ORIG 1 status AP date 1961-09-26 00:00:00 class 7 priority STANDARD
NDA011870,011870,SALIX PHARMS,ORIG,1,AP,1961-10-06 00:00:00,12,STANDARD,1961,data/raw/drugsatfda_data_files_1938_1964/Submissions_1938_1964.txt,https://www.accessdata.fda.gov/scripts/cder/daf/index.cfm?event=overview.process&varApplNo=011870,Verified - verbatim from official Drugs@FDA database extract,Official Drugs@FDA Submissions 1938-1964: Appl 011870 ORIG 1 status AP date 1961-10-06 00:00:00 class 12 priority STANDARD
NDA012649,012649,MERCK,ORIG,1,AP,1961-10-17 00:00:00,7,STANDARD,1961,data/raw/drugsatfda_data_files_1938_1964/Submissions_1938_1964.txt,https://www.accessdata.fda.gov/scripts/cder/daf/index.cfm?event=overview.process&varApplNo=012649,Verified - verbatim from official Drugs@FDA database extract,Official Drugs@FDA Submissions 1938-1964: Appl 012649 ORIG 1 status AP date 1961-10-17 00:00:00 class 7 priority STANDARD
NDA012699,012699,GD SEARLE LLC,ORIG,1,AP,1961-10-19 00:00:00,12,PRIORITY,1961,data/raw/drugsatfda_data_files_1938_1964/Submissions_1938_1964.txt,https://www.accessdata.fda.gov/scripts/cder/daf/index.cfm?event=overview.process&varApplNo=012699,Verified - verbatim from official Drugs@FDA database extract,Official Drugs@FDA Submissions 1938-1964: Appl 012699 ORIG 1 status AP date 1961-10-19 00:00:00 class 12 priority PRIORITY
NDA050257,050257,LEDERLE,SUPPL,5,AP,1961-10-21 00:00:00,3,,1961,data/raw/drugsatfda_data_files_1938_1964/Submissions_1938_1964.txt,https://www.accessdata.fda.gov/scripts/cder/daf/index.cfm?event=overview.process&varApplNo=050257,Verified - verbatim from official Drugs@FDA database extract,Official Drugs@FDA Submissions 1938-1964: Appl 050257 SUPPL 5 status AP date 1961-10-21 00:00:00 class 3 priority 
NDA050278,050278,AVET,SUPPL,32,AP,1961-10-26 00:00:00,3,,1961,data/raw/drugsatfda_data_files_1938_1964/Submissions_1938_1964.txt,https://www.accessdata.fda.gov/scripts/cder/daf/index.cfm?event=overview.process&varApplNo=050278,Verified - verbatim from official Drugs@FDA database extract,Official Drugs@FDA Submissions 1938-1964: Appl 050278 SUPPL 32 status AP date 1961-10-26 00:00:00 class 3 priority 
NDA050257,050257,LEDERLE,SUPPL,6,AP,1961-10-30 00:00:00,3,,1961,data/raw/drugsatfda_data_files_1938_1964/Submissions_1938_1964.txt,https://www.accessdata.fda.gov/scripts/cder/daf/index.cfm?event=overview.process&varApplNo=050257,Verified - verbatim from official Drugs@FDA database extract,Official Drugs@FDA Submissions 1938-1964: Appl 050257 SUPPL 6 status AP date 1961-10-30 00:00:00 class 3 priority 
NDA050262,050262,LEDERLE,SUPPL,23,AP,1961-10-30 00:00:00,3,,1961,data/raw/drugsatfda_data_files_1938_1964/Submissions_1938_1964.txt,https://www.accessdata.fda.gov/scripts/cder/daf/index.cfm?event=overview.process&varApplNo=050262,Verified - verbatim from official Drugs@FDA database extract,Official Drugs@FDA Submissions 1938-1964: Appl 050262 SUPPL 23 status AP date 1961-10-30 00:00:00 class 3 priority 
NDA050263,050263,LEDERLE,SUPPL,31,AP,1961-10-30 00:00:00,3,,1961,data/raw/drugsatfda_data_files_1938_1964/Submissions_1938_1964.txt,https://www.accessdata.fda.gov/scripts/cder/daf/index.cfm?event=overview.process&varApplNo=050263,Verified - verbatim from official Drugs@FDA database extract,Official Drugs@FDA Submissions 1938-1964: Appl 050263 SUPPL 31 status AP date 1961-10-30 00:00:00 class 3 priority 
NDA050268,050268,STORZ,SUPPL,10,AP,1961-10-30 00:00:00,3,,1961,data/raw/drugsatfda_data_files_1938_1964/Submissions_1938_1964.txt,https://www.accessdata.fda.gov/scripts/cder/daf/index.cfm?event=overview.process&varApplNo=050268,Verified - verbatim from official Drugs@FDA database extract,Official Drugs@FDA Submissions 1938-1964: Appl 050268 SUPPL 10 status AP date 1961-10-30 00:00:00 class 3 priority 
NDA050276,050276,LEDERLE,SUPPL,22,AP,1961-10-30 00:00:00,3,,1961,data/raw/drugsatfda_data_files_1938_1964/Submissions_1938_1964.txt,https://www.accessdata.fda.gov/scripts/cder/daf/index.cfm?event=overview.process&varApplNo=050276,Verified - verbatim from official Drugs@FDA database extract,Official Drugs@FDA Submissions 1938-1964: Appl 050276 SUPPL 22 status AP date 1961-10-30 00:00:00 class 3 priority 
NDA011730,011730,HIKMA,ORIG,1,AP,1961-11-13 00:00:00,14,PRIORITY,1961,data/raw/drugsatfda_data_files_1938_1964/Submissions_1938_1964.txt,https://www.accessdata.fda.gov/scripts/cder/daf/index.cfm?event=overview.process&varApplNo=011730,Verified - verbatim from official Drugs@FDA database extract,Official Drugs@FDA Submissions 1938-1964: Appl 011730 ORIG 1 status AP date 1961-11-13 00:00:00 class 14 priority PRIORITY
NDA050251,050251,,SUPPL,10,AP,1961-11-21 00:00:00,3,,1961,data/raw/drugsatfda_data_files_1938_1964/Submissions_1938_1964.txt,https://www.accessdata.fda.gov/scripts/cder/daf/index.cfm?event=overview.process&varApplNo=050251,Verified - verbatim from official Drugs@FDA database extract,Official Drugs@FDA Submissions 1938-1964: Appl 050251 SUPPL 10 status AP date 1961-11-21 00:00:00 class 3 priority 
NDA050156,050156,PARKEDALE,SUPPL,10,AP,1961-12-01 00:00:00,3,,1961,data/raw/drugsatfda_data_files_1938_1964/Submissions_1938_1964.txt,https://www.accessdata.fda.gov/scripts/cder/daf/index.cfm?event=overview.process&varApplNo=050156,Verified - verbatim from official Drugs@FDA database extract,Official Drugs@FDA Submissions 1938-1964: Appl 050156 SUPPL 10 status AP date 1961-12-01 00:00:00 class 3 priority 
NDA050156,050156,PARKEDALE,SUPPL,9,AP,1961-12-01 00:00:00,3,,1961,data/raw/drugsatfda_data_files_1938_1964/Submissions_1938_1964.txt,https://www.accessdata.fda.gov/scripts/cder/daf/index.cfm?event=overview.process&varApplNo=050156,Verified - verbatim from official Drugs@FDA database extract,Official Drugs@FDA Submissions 1938-1964: Appl 050156 SUPPL 9 status AP date 1961-12-01 00:00:00 class 3 priority 
NDA012911,012911,ESTEVE,ORIG,1,AP,1961-12-04 00:00:00,7,PRIORITY,1961,data/raw/drugsatfda_data_files_1938_1964/Submissions_1938_1964.txt,https://www.accessdata.fda.gov/scripts/cder/daf/index.cfm?event=overview.process&varApplNo=012911,Verified - verbatim from official Drugs@FDA database extract,Official Drugs@FDA Submissions 1938-1964: Appl 012911 ORIG 1 status AP date 1961-12-04 00:00:00 class 7 priority PRIORITY
NDA012836,012836,BOEHRINGER INGELHEIM,ORIG,1,AP,1961-12-06 00:00:00,7,STANDARD,1961,data/raw/drugsatfda_data_files_1938_1964/Submissions_1938_1964.txt,https://www.accessdata.fda.gov/scripts/cder/daf/index.cfm?event=overview.process&varApplNo=012836,Verified - verbatim from official Drugs@FDA database extract,Official Drugs@FDA Submissions 1938-1964: Appl 012836 ORIG 1 status AP date 1961-12-06 00:00:00 class 7 priority STANDARD
NDA050170,050170,,SUPPL,2,AP,1961-12-14 00:00:00,3,,1961,data/raw/drugsatfda_data_files_1938_1964/Submissions_1938_1964.txt,https://www.accessdata.fda.gov/scripts/cder/daf/index.cfm?event=overview.process&varApplNo=050170,Verified - verbatim from official Drugs@FDA database extract,Official Drugs@FDA Submissions 1938-1964: Appl 050170 SUPPL 2 status AP date 1961-12-14 00:00:00 class 3 priority 
NDA012940,012940,BIOVAIL,ORIG,1,AP,1961-12-20 00:00:00,15,STANDARD,1961,data/raw/drugsatfda_data_files_1938_1964/Submissions_1938_1964.txt,https://www.accessdata.fda.gov/scripts/cder/daf/index.cfm?event=overview.process&varApplNo=012940,Verified - verbatim from official Drugs@FDA database extract,Official Drugs@FDA Submissions 1938-1964: Appl 012940 ORIG 1 status AP date 1961-12-20 00:00:00 class 15 priority STANDARD
NDA050251,050251,,SUPPL,11,AP,1961-12-29 00:00:00,3,,1961,data/raw/drugsatfda_data_files_1938_1964/Submissions_1938_1964.txt,https://www.accessdata.fda.gov/scripts/cder/daf/index.cfm?event=overview.process&varApplNo=050251,Verified - verbatim from official Drugs@FDA database extract,Official Drugs@FDA Submissions 1938-1964: Appl 050251 SUPPL 11 status AP date 1961-12-29 00:00:00 class 3 priority 
NDA012885,012885,LUNDBECK INC,ORIG,1,AP,1962-01-09 00:00:00,7,STANDARD,1962,data/raw/drugsatfda_data_files_1938_1964/Submissions_1938_1964.txt,https://www.accessdata.fda.gov/scripts/cder/daf/index.cfm?event=overview.process&varApplNo=012885,Verified - verbatim from official Drugs@FDA database extract,Official Drugs@FDA Submissions 1938-1964: Appl 012885 ORIG 1 status AP date 1962-01-09 00:00:00 class 7 priority STANDARD
NDA050262,050262,LEDERLE,SUPPL,24,AP,1962-01-11 00:00:00,3,,1962,data/raw/drugsatfda_data_files_1938_1964/Submissions_1938_1964.txt,https://www.accessdata.fda.gov/scripts/cder/daf/index.cfm?event=overview.process&varApplNo=050262,Verified - verbatim from official Drugs@FDA database extract,Official Drugs@FDA Submissions 1938-1964: Appl 050262 SUPPL 24 status AP date 1962-01-11 00:00:00 class 3 priority 
NDA050141,050141,KING PHARMS LLC,SUPPL,56,AP,1962-01-15 00:00:00,3,,1962,data/raw/drugsatfda_data_files_1938_1964/Submissions_1938_1964.txt,https://www.accessdata.fda.gov/scripts/cder/daf/index.cfm?event=overview.process&varApplNo=050141,Verified - verbatim from official Drugs@FDA database extract,Official Drugs@FDA Submissions 1938-1964: Appl 050141 SUPPL 56 status AP date 1962-01-15 00:00:00 class 3 priority 
NDA010565,010565,,ORIG,1,AP,1962-01-25 00:00:00,,,1962,data/raw/drugsatfda_data_files_1938_1964/Submissions_1938_1964.txt,https://www.accessdata.fda.gov/scripts/cder/daf/index.cfm?event=overview.process&varApplNo=010565,Verified - verbatim from official Drugs@FDA database extract,Official Drugs@FDA Submissions 1938-1964: Appl 010565 ORIG 1 status AP date 1962-01-25 00:00:00 class  priority 
NDA012945,012945,TEVA BRANDED PHARM,ORIG,1,AP,1962-01-25 00:00:00,15,STANDARD,1962,data/raw/drugsatfda_data_files_1938_1964/Submissions_1938_1964.txt,https://www.accessdata.fda.gov/scripts/cder/daf/index.cfm?event=overview.process&varApplNo=012945,Verified - verbatim from official Drugs@FDA database extract,Official Drugs@FDA Submissions 1938-1964: Appl 012945 ORIG 1 status AP date 1962-01-25 00:00:00 class 15 priority STANDARD
NDA012994,012994,,ORIG,1,AP,1962-02-07 00:00:00,,,1962,data/raw/drugsatfda_data_files_1938_1964/Submissions_1938_1964.txt,https://www.accessdata.fda.gov/scripts/cder/daf/index.cfm?event=overview.process&varApplNo=012994,Verified - verbatim from official Drugs@FDA database extract,Official Drugs@FDA Submissions 1938-1964: Appl 012994 ORIG 1 status AP date 1962-02-07 00:00:00 class  priority 
NDA050257,050257,LEDERLE,SUPPL,7,AP,1962-02-09 00:00:00,3,,1962,data/raw/drugsatfda_data_files_1938_1964/Submissions_1938_1964.txt,https://www.accessdata.fda.gov/scripts/cder/daf/index.cfm?event=overview.process&varApplNo=050257,Verified - verbatim from official Drugs@FDA database extract,Official Drugs@FDA Submissions 1938-1964: Appl 050257 SUPPL 7 status AP date 1962-02-09 00:00:00 class 3 priority 
NDA012516,012516,NOVARTIS,ORIG,1,AP,1962-02-12 00:00:00,7,PRIORITY,1962,data/raw/drugsatfda_data_files_1938_1964/Submissions_1938_1964.txt,https://www.accessdata.fda.gov/scripts/cder/daf/index.cfm?event=overview.process&varApplNo=012516,Verified - verbatim from official Drugs@FDA database extract,Official Drugs@FDA Submissions 1938-1964: Appl 012516 ORIG 1 status AP date 1962-02-12 00:00:00 class 7 priority PRIORITY
NDA050251,050251,,SUPPL,13,AP,1962-02-13 00:00:00,3,,1962,data/raw/drugsatfda_data_files_1938_1964/Submissions_1938_1964.txt,https://www.accessdata.fda.gov/scripts/cder/daf/index.cfm?event=overview.process&varApplNo=050251,Verified - verbatim from official Drugs@FDA database extract,Official Drugs@FDA Submissions 1938-1964: Appl 050251 SUPPL 13 status AP date 1962-02-13 00:00:00 class 3 priority 
NDA050251,050251,,SUPPL,12,AP,1962-02-13 00:00:00,3,,1962,data/raw/drugsatfda_data_files_1938_1964/Submissions_1938_1964.txt,https://www.accessdata.fda.gov/scripts/cder/daf/index.cfm?event=overview.process&varApplNo=050251,Verified - verbatim from official Drugs@FDA database extract,Official Drugs@FDA Submissions 1938-1964: Appl 050251 SUPPL 12 status AP date 1962-02-13 00:00:00 class 3 priority 
NDA050263,050263,LEDERLE,SUPPL,33,AP,1962-02-13 00:00:00,3,,1962,data/raw/drugsatfda_data_files_1938_1964/Submissions_1938_1964.txt,https://www.accessdata.fda.gov/scripts/cder/daf/index.cfm?event=overview.process&varApplNo=050263,Verified - verbatim from official Drugs@FDA database extract,Official Drugs@FDA Submissions 1938-1964: Appl 050263 SUPPL 33 status AP date 1962-02-13 00:00:00 class 3 priority 
NDA050263,050263,LEDERLE,SUPPL,32,AP,1962-02-13 00:00:00,3,,1962,data/raw/drugsatfda_data_files_1938_1964/Submissions_1938_1964.txt,https://www.accessdata.fda.gov/scripts/cder/daf/index.cfm?event=overview.process&varApplNo=050263,Verified - verbatim from official Drugs@FDA database extract,Official Drugs@FDA Submissions 1938-1964: Appl 050263 SUPPL 32 status AP date 1962-02-13 00:00:00 class 3 priority 
NDA050251,050251,,SUPPL,14,AP,1962-02-19 00:00:00,3,,1962,data/raw/drugsatfda_data_files_1938_1964/Submissions_1938_1964.txt,https://www.accessdata.fda.gov/scripts/cder/daf/index.cfm?event=overview.process&varApplNo=050251,Verified - verbatim from official Drugs@FDA database extract,Official Drugs@FDA Submissions 1938-1964: Appl 050251 SUPPL 14 status AP date 1962-02-19 00:00:00 class 3 priority 
NDA050268,050268,STORZ,SUPPL,13,AP,1962-02-20 00:00:00,3,,1962,data/raw/drugsatfda_data_files_1938_1964/Submissions_1938_1964.txt,https://www.accessdata.fda.gov/scripts/cder/daf/index.cfm?event=overview.process&varApplNo=050268,Verified - verbatim from official Drugs@FDA database extract,Official Drugs@FDA Submissions 1938-1964: Appl 050268 SUPPL 13 status AP date 1962-02-20 00:00:00 class 3 priority 
NDA050268,050268,STORZ,SUPPL,9,AP,1962-02-20 00:00:00,4,,1962,data/raw/drugsatfda_data_files_1938_1964/Submissions_1938_1964.txt,https://www.accessdata.fda.gov/scripts/cder/daf/index.cfm?event=overview.process&varApplNo=050268,Verified - verbatim from official Drugs@FDA database extract,Official Drugs@FDA Submissions 1938-1964: Appl 050268 SUPPL 9 status AP date 1962-02-20 00:00:00 class 4 priority 
NDA012796,012796,WYETH PHARMS INC,ORIG,1,AP,1962-02-21 00:00:00,12,PRIORITY,1962,data/raw/drugsatfda_data_files_1938_1964/Submissions_1938_1964.txt,https://www.accessdata.fda.gov/scripts/cder/daf/index.cfm?event=overview.process&varApplNo=012796,Verified - verbatim from official Drugs@FDA database extract,Official Drugs@FDA Submissions 1938-1964: Appl 012796 ORIG 1 status AP date 1962-02-21 00:00:00 class 12 priority PRIORITY
NDA050138,050138,KING PHARMS LLC,SUPPL,34,AP,1962-03-09 00:00:00,3,,1962,data/raw/drugsatfda_data_files_1938_1964/Submissions_1938_1964.txt,https://www.accessdata.fda.gov/scripts/cder/daf/index.cfm?event=overview.process&varApplNo=050138,Verified - verbatim from official Drugs@FDA database extract,Official Drugs@FDA Submissions 1938-1964: Appl 050138 SUPPL 34 status AP date 1962-03-09 00:00:00 class 3 priority 
NDA050170,050170,,SUPPL,4,AP,1962-03-12 00:00:00,3,,1962,data/raw/drugsatfda_data_files_1938_1964/Submissions_1938_1964.txt,https://www.accessdata.fda.gov/scripts/cder/daf/index.cfm?event=overview.process&varApplNo=050170,Verified - verbatim from official Drugs@FDA database extract,Official Drugs@FDA Submissions 1938-1964: Appl 050170 SUPPL 4 status AP date 1962-03-12 00:00:00 class 3 priority 
NDA011808,011808,NOVARTIS,ORIG,1,AP,1962-03-15 00:00:00,7,PRIORITY,1962,data/raw/drugsatfda_data_files_1938_1964/Submissions_1938_1964.txt,https://www.accessdata.fda.gov/scripts/cder/daf/index.cfm?event=overview.process&varApplNo=011808,Verified - verbatim from official Drugs@FDA database extract,Official Drugs@FDA Submissions 1938-1964: Appl 011808 ORIG 1 status AP date 1962-03-15 00:00:00 class 7 priority PRIORITY
NDA012968,012968,BRACCO,ORIG,1,AP,1962-03-15 00:00:00,9,PRIORITY,1962,data/raw/drugsatfda_data_files_1938_1964/Submissions_1938_1964.txt,https://www.accessdata.fda.gov/scripts/cder/daf/index.cfm?event=overview.process&varApplNo=012968,Verified - verbatim from official Drugs@FDA database extract,Official Drugs@FDA Submissions 1938-1964: Appl 012968 ORIG 1 status AP date 1962-03-15 00:00:00 class 9 priority PRIORITY
NDA050138,050138,KING PHARMS LLC,SUPPL,35,AP,1962-03-16 00:00:00,3,,1962,data/raw/drugsatfda_data_files_1938_1964/Submissions_1938_1964.txt,https://www.accessdata.fda.gov/scripts/cder/daf/index.cfm?event=overview.process&varApplNo=050138,Verified - verbatim from official Drugs@FDA database extract,Official Drugs@FDA Submissions 1938-1964: Appl 050138 SUPPL 35 status AP date 1962-03-16 00:00:00 class 3 priority 
NDA013268,013268,,ORIG,1,AP,1962-03-19 00:00:00,15,STANDARD,1962,data/raw/drugsatfda_data_files_1938_1964/Submissions_1938_1964.txt,https://www.accessdata.fda.gov/scripts/cder/daf/index.cfm?event=overview.process&varApplNo=013268,Verified - verbatim from official Drugs@FDA database extract,Official Drugs@FDA Submissions 1938-1964: Appl 013268 ORIG 1 status AP date 1962-03-19 00:00:00 class 15 priority STANDARD
NDA012928,012928,LILLY,ORIG,1,AP,1962-03-21 00:00:00,12,STANDARD,1962,data/raw/drugsatfda_data_files_1938_1964/Submissions_1938_1964.txt,https://www.accessdata.fda.gov/scripts/cder/daf/index.cfm?event=overview.process&varApplNo=012928,Verified - verbatim from official Drugs@FDA database extract,Official Drugs@FDA Submissions 1938-1964: Appl 012928 ORIG 1 status AP date 1962-03-21 00:00:00 class 12 priority STANDARD
NDA012487,012487,ROCHE,ORIG,1,AP,1962-03-23 00:00:00,12,STANDARD,1962,data/raw/drugsatfda_data_files_1938_1964/Submissions_1938_1964.txt,https://www.accessdata.fda.gov/scripts/cder/daf/index.cfm?event=overview.process&varApplNo=012487,Verified - verbatim from official Drugs@FDA database extract,Official Drugs@FDA Submissions 1938-1964: Appl 012487 ORIG 1 status AP date 1962-03-23 00:00:00 class 12 priority STANDARD
NDA050138,050138,KING PHARMS LLC,SUPPL,36,AP,1962-03-23 00:00:00,3,,1962,data/raw/drugsatfda_data_files_1938_1964/Submissions_1938_1964.txt,https://www.accessdata.fda.gov/scripts/cder/daf/index.cfm?event=overview.process&varApplNo=050138,Verified - verbatim from official Drugs@FDA database extract,Official Drugs@FDA Submissions 1938-1964: Appl 050138 SUPPL 36 status AP date 1962-03-23 00:00:00 class 3 priority 
NDA013220,013220,MERCK,ORIG,1,AP,1962-03-30 00:00:00,12,STANDARD,1962,data/raw/drugsatfda_data_files_1938_1964/Submissions_1938_1964.txt,https://www.accessdata.fda.gov/scripts/cder/daf/index.cfm?event=overview.process&varApplNo=013220,Verified - verbatim from official Drugs@FDA database extract,Official Drugs@FDA Submissions 1938-1964: Appl 013220 ORIG 1 status AP date 1962-03-30 00:00:00 class 12 priority STANDARD
NDA050251,050251,,SUPPL,15,AP,1962-04-03 00:00:00,3,,1962,data/raw/drugsatfda_data_files_1938_1964/Submissions_1938_1964.txt,https://www.accessdata.fda.gov/scripts/cder/daf/index.cfm?event=overview.process&varApplNo=050251,Verified - verbatim from official Drugs@FDA database extract,Official Drugs@FDA Submissions 1938-1964: Appl 050251 SUPPL 15 status AP date 1962-04-03 00:00:00 class 3 priority 
NDA012666,012666,,ORIG,1,AP,1962-04-09 00:00:00,,,1962,data/raw/drugsatfda_data_files_1938_1964/Submissions_1938_1964.txt,https://www.accessdata.fda.gov/scripts/cder/daf/index.cfm?event=overview.process&varApplNo=012666,Verified - verbatim from official Drugs@FDA database extract,Official Drugs@FDA Submissions 1938-1964: Appl 012666 ORIG 1 status AP date 1962-04-09 00:00:00 class  priority 
NDA050257,050257,LEDERLE,SUPPL,8,AP,1962-04-11 00:00:00,3,,1962,data/raw/drugsatfda_data_files_1938_1964/Submissions_1938_1964.txt,https://www.accessdata.fda.gov/scripts/cder/daf/index.cfm?event=overview.process&varApplNo=050257,Verified - verbatim from official Drugs@FDA database extract,Official Drugs@FDA Submissions 1938-1964: Appl 050257 SUPPL 8 status AP date 1962-04-11 00:00:00 class 3 priority 
NDA050263,050263,LEDERLE,SUPPL,34,AP,1962-04-16 00:00:00,4,,1962,data/raw/drugsatfda_data_files_1938_1964/Submissions_1938_1964.txt,https://www.accessdata.fda.gov/scripts/cder/daf/index.cfm?event=overview.process&varApplNo=050263,Verified - verbatim from official Drugs@FDA database extract,Official Drugs@FDA Submissions 1938-1964: Appl 050263 SUPPL 34 status AP date 1962-04-16 00:00:00 class 4 priority 
NDA012947,012947,LEDERLE,ORIG,1,AP,1962-04-18 00:00:00,12,STANDARD,1962,data/raw/drugsatfda_data_files_1938_1964/Submissions_1938_1964.txt,https://www.accessdata.fda.gov/scripts/cder/daf/index.cfm?event=overview.process&varApplNo=012947,Verified - verbatim from official Drugs@FDA database extract,Official Drugs@FDA Submissions 1938-1964: Appl 012947 ORIG 1 status AP date 1962-04-18 00:00:00 class 12 priority STANDARD
NDA012675,012675,ASPEN GLOBAL INC,ORIG,1,AP,1962-04-20 00:00:00,15,STANDARD,1962,data/raw/drugsatfda_data_files_1938_1964/Submissions_1938_1964.txt,https://www.accessdata.fda.gov/scripts/cder/daf/index.cfm?event=overview.process&varApplNo=012675,Verified - verbatim from official Drugs@FDA database extract,Official Drugs@FDA Submissions 1938-1964: Appl 012675 ORIG 1 status AP date 1962-04-20 00:00:00 class 15 priority STANDARD
NDA012209,012209,SPECTRUM PHARMS,ORIG,1,AP,1962-04-25 00:00:00,7,PRIORITY,1962,data/raw/drugsatfda_data_files_1938_1964/Submissions_1938_1964.txt,https://www.accessdata.fda.gov/scripts/cder/daf/index.cfm?event=overview.process&varApplNo=012209,Verified - verbatim from official Drugs@FDA database extract,Official Drugs@FDA Submissions 1938-1964: Appl 012209 ORIG 1 status AP date 1962-04-25 00:00:00 class 7 priority PRIORITY
NDA013056,013056,ABBOTT,ORIG,1,AP,1962-05-04 00:00:00,7,PRIORITY,1962,data/raw/drugsatfda_data_files_1938_1964/Submissions_1938_1964.txt,https://www.accessdata.fda.gov/scripts/cder/daf/index.cfm?event=overview.process&varApplNo=013056,Verified - verbatim from official Drugs@FDA database extract,Official Drugs@FDA Submissions 1938-1964: Appl 013056 ORIG 1 status AP date 1962-05-04 00:00:00 class 7 priority PRIORITY
NDA012486,012486,ROCHE,ORIG,1,AP,1962-05-07 00:00:00,7,STANDARD,1962,data/raw/drugsatfda_data_files_1938_1964/Submissions_1938_1964.txt,https://www.accessdata.fda.gov/scripts/cder/daf/index.cfm?event=overview.process&varApplNo=012486,Verified - verbatim from official Drugs@FDA database extract,Official Drugs@FDA Submissions 1938-1964: Appl 012486 ORIG 1 status AP date 1962-05-07 00:00:00 class 7 priority STANDARD
NDA050251,050251,,SUPPL,16,AP,1962-05-10 00:00:00,3,,1962,data/raw/drugsatfda_data_files_1938_1964/Submissions_1938_1964.txt,https://www.accessdata.fda.gov/scripts/cder/daf/index.cfm?event=overview.process&varApplNo=050251,Verified - verbatim from official Drugs@FDA database extract,Official Drugs@FDA Submissions 1938-1964: Appl 050251 SUPPL 16 status AP date 1962-05-10 00:00:00 class 3 priority 
NDA060435,060435,,ORIG,1,AP,1962-05-16 00:00:00,,,1962,data/raw/drugsatfda_data_files_1938_1964/Submissions_1938_1964.txt,https://www.accessdata.fda.gov/scripts/cder/daf/index.cfm?event=overview.process&varApplNo=060435,Verified - verbatim from official Drugs@FDA database extract,Official Drugs@FDA Submissions 1938-1964: Appl 060435 ORIG 1 status AP date 1962-05-16 00:00:00 class  priority 
NDA050356,050356,PH HEALTH,ORIG,1,AP,1962-05-17 00:00:00,19,UNKNOWN,1962,data/raw/drugsatfda_data_files_1938_1964/Submissions_1938_1964.txt,https://www.accessdata.fda.gov/scripts/cder/daf/index.cfm?event=overview.process&varApplNo=050356,Verified - verbatim from official Drugs@FDA database extract,Official Drugs@FDA Submissions 1938-1964: Appl 050356 ORIG 1 status AP date 1962-05-17 00:00:00 class 19 priority UNKNOWN
NDA050170,050170,,SUPPL,5,AP,1962-05-18 00:00:00,3,,1962,data/raw/drugsatfda_data_files_1938_1964/Submissions_1938_1964.txt,https://www.accessdata.fda.gov/scripts/cder/daf/index.cfm?event=overview.process&varApplNo=050170,Verified - verbatim from official Drugs@FDA database extract,Official Drugs@FDA Submissions 1938-1964: Appl 050170 SUPPL 5 status AP date 1962-05-18 00:00:00 class 3 priority 
NDA012728,012728,ORTHO MCNEIL PHARM,ORIG,1,AP,1962-05-21 00:00:00,14,STANDARD,1962,data/raw/drugsatfda_data_files_1938_1964/Submissions_1938_1964.txt,https://www.accessdata.fda.gov/scripts/cder/daf/index.cfm?event=overview.process&varApplNo=012728,Verified - verbatim from official Drugs@FDA database extract,Official Drugs@FDA Submissions 1938-1964: Appl 012728 ORIG 1 status AP date 1962-05-21 00:00:00 class 14 priority STANDARD
NDA050168,050168,MONARCH PHARMS,SUPPL,7,AP,1962-05-24 00:00:00,3,,1962,data/raw/drugsatfda_data_files_1938_1964/Submissions_1938_1964.txt,https://www.accessdata.fda.gov/scripts/cder/daf/index.cfm?event=overview.process&varApplNo=050168,Verified - verbatim from official Drugs@FDA database extract,Official Drugs@FDA Submissions 1938-1964: Appl 050168 SUPPL 7 status AP date 1962-05-24 00:00:00 class 3 priority 
NDA050168,050168,MONARCH PHARMS,SUPPL,8,AP,1962-05-24 00:00:00,3,,1962,data/raw/drugsatfda_data_files_1938_1964/Submissions_1938_1964.txt,https://www.accessdata.fda.gov/scripts/cder/daf/index.cfm?event=overview.process&varApplNo=050168,Verified - verbatim from official Drugs@FDA database extract,Official Drugs@FDA Submissions 1938-1964: Appl 050168 SUPPL 8 status AP date 1962-05-24 00:00:00 class 3 priority 
NDA012791,012791,,ORIG,1,AP,1962-05-29 00:00:00,7,PRIORITY,1962,data/raw/drugsatfda_data_files_1938_1964/Submissions_1938_1964.txt,https://www.accessdata.fda.gov/scripts/cder/daf/index.cfm?event=overview.process&varApplNo=012791,Verified - verbatim from official Drugs@FDA database extract,Official Drugs@FDA Submissions 1938-1964: Appl 012791 ORIG 1 status AP date 1962-05-29 00:00:00 class 7 priority PRIORITY
NDA050168,050168,MONARCH PHARMS,SUPPL,10,AP,1962-06-01 00:00:00,3,,1962,data/raw/drugsatfda_data_files_1938_1964/Submissions_1938_1964.txt,https://www.accessdata.fda.gov/scripts/cder/daf/index.cfm?event=overview.process&varApplNo=050168,Verified - verbatim from official Drugs@FDA database extract,Official Drugs@FDA Submissions 1938-1964: Appl 050168 SUPPL 10 status AP date 1962-06-01 00:00:00 class 3 priority 
NDA013422,013422,HARROW EYE,ORIG,1,AP,1962-06-20 00:00:00,12,STANDARD,1962,data/raw/drugsatfda_data_files_1938_1964/Submissions_1938_1964.txt,https://www.accessdata.fda.gov/scripts/cder/daf/index.cfm?event=overview.process&varApplNo=013422,Verified - verbatim from official Drugs@FDA database extract,Official Drugs@FDA Submissions 1938-1964: Appl 013422 ORIG 1 status AP date 1962-06-20 00:00:00 class 12 priority STANDARD
NDA012967,012967,BRACCO,ORIG,1,AP,1962-06-25 00:00:00,7,PRIORITY,1962,data/raw/drugsatfda_data_files_1938_1964/Submissions_1938_1964.txt,https://www.accessdata.fda.gov/scripts/cder/daf/index.cfm?event=overview.process&varApplNo=012967,Verified - verbatim from official Drugs@FDA database extract,Official Drugs@FDA Submissions 1938-1964: Appl 012967 ORIG 1 status AP date 1962-06-25 00:00:00 class 7 priority PRIORITY
NDA050155,050155,PARKEDALE,SUPPL,13,AP,1962-06-25 00:00:00,4,,1962,data/raw/drugsatfda_data_files_1938_1964/Submissions_1938_1964.txt,https://www.accessdata.fda.gov/scripts/cder/daf/index.cfm?event=overview.process&varApplNo=050155,Verified - verbatim from official Drugs@FDA database extract,Official Drugs@FDA Submissions 1938-1964: Appl 050155 SUPPL 13 status AP date 1962-06-25 00:00:00 class 4 priority 
NDA050155,050155,PARKEDALE,SUPPL,12,AP,1962-06-25 00:00:00,4,,1962,data/raw/drugsatfda_data_files_1938_1964/Submissions_1938_1964.txt,https://www.accessdata.fda.gov/scripts/cder/daf/index.cfm?event=overview.process&varApplNo=050155,Verified - verbatim from official Drugs@FDA database extract,Official Drugs@FDA Submissions 1938-1964: Appl 050155 SUPPL 12 status AP date 1962-06-25 00:00:00 class 4 priority 
NDA050257,050257,LEDERLE,SUPPL,12,AP,1962-06-27 00:00:00,3,,1962,data/raw/drugsatfda_data_files_1938_1964/Submissions_1938_1964.txt,https://www.accessdata.fda.gov/scripts/cder/daf/index.cfm?event=overview.process&varApplNo=050257,Verified - verbatim from official Drugs@FDA database extract,Official Drugs@FDA Submissions 1938-1964: Appl 050257 SUPPL 12 status AP date 1962-06-27 00:00:00 class 3 priority 
NDA050257,050257,LEDERLE,SUPPL,13,AP,1962-06-27 00:00:00,3,,1962,data/raw/drugsatfda_data_files_1938_1964/Submissions_1938_1964.txt,https://www.accessdata.fda.gov/scripts/cder/daf/index.cfm?event=overview.process&varApplNo=050257,Verified - verbatim from official Drugs@FDA database extract,Official Drugs@FDA Submissions 1938-1964: Appl 050257 SUPPL 13 status AP date 1962-06-27 00:00:00 class 3 priority 
NDA013334,013334,MERCK,ORIG,1,AP,1962-07-11 00:00:00,14,STANDARD,1962,data/raw/drugsatfda_data_files_1938_1964/Submissions_1938_1964.txt,https://www.accessdata.fda.gov/scripts/cder/daf/index.cfm?event=overview.process&varApplNo=013334,Verified - verbatim from official Drugs@FDA database extract,Official Drugs@FDA Submissions 1938-1964: Appl 013334 ORIG 1 status AP date 1962-07-11 00:00:00 class 14 priority STANDARD
NDA050156,050156,PARKEDALE,SUPPL,11,AP,1962-07-26 00:00:00,3,,1962,data/raw/drugsatfda_data_files_1938_1964/Submissions_1938_1964.txt,https://www.accessdata.fda.gov/scripts/cder/daf/index.cfm?event=overview.process&varApplNo=050156,Verified - verbatim from official Drugs@FDA database extract,Official Drugs@FDA Submissions 1938-1964: Appl 050156 SUPPL 11 status AP date 1962-07-26 00:00:00 class 3 priority 
NDA050205,050205,PARKEDALE,SUPPL,8,AP,1962-07-26 00:00:00,3,,1962,data/raw/drugsatfda_data_files_1938_1964/Submissions_1938_1964.txt,https://www.accessdata.fda.gov/scripts/cder/daf/index.cfm?event=overview.process&varApplNo=050205,Verified - verbatim from official Drugs@FDA database extract,Official Drugs@FDA Submissions 1938-1964: Appl 050205 SUPPL 8 status AP date 1962-07-26 00:00:00 class 3 priority 
NDA050257,050257,LEDERLE,SUPPL,9,AP,1962-07-26 00:00:00,3,,1962,data/raw/drugsatfda_data_files_1938_1964/Submissions_1938_1964.txt,https://www.accessdata.fda.gov/scripts/cder/daf/index.cfm?event=overview.process&varApplNo=050257,Verified - verbatim from official Drugs@FDA database extract,Official Drugs@FDA Submissions 1938-1964: Appl 050257 SUPPL 9 status AP date 1962-07-26 00:00:00 class 3 priority 
NDA050257,050257,LEDERLE,SUPPL,10,AP,1962-07-26 00:00:00,3,,1962,data/raw/drugsatfda_data_files_1938_1964/Submissions_1938_1964.txt,https://www.accessdata.fda.gov/scripts/cder/daf/index.cfm?event=overview.process&varApplNo=050257,Verified - verbatim from official Drugs@FDA database extract,Official Drugs@FDA Submissions 1938-1964: Appl 050257 SUPPL 10 status AP date 1962-07-26 00:00:00 class 3 priority 
NDA050257,050257,LEDERLE,SUPPL,11,AP,1962-07-26 00:00:00,3,,1962,data/raw/drugsatfda_data_files_1938_1964/Submissions_1938_1964.txt,https://www.accessdata.fda.gov/scripts/cder/daf/index.cfm?event=overview.process&varApplNo=050257,Verified - verbatim from official Drugs@FDA database extract,Official Drugs@FDA Submissions 1938-1964: Appl 050257 SUPPL 11 status AP date 1962-07-26 00:00:00 class 3 priority 
NDA050138,050138,KING PHARMS LLC,SUPPL,37,AP,1962-08-01 00:00:00,3,,1962,data/raw/drugsatfda_data_files_1938_1964/Submissions_1938_1964.txt,https://www.accessdata.fda.gov/scripts/cder/daf/index.cfm?event=overview.process&varApplNo=050138,Verified - verbatim from official Drugs@FDA database extract,Official Drugs@FDA Submissions 1938-1964: Appl 050138 SUPPL 37 status AP date 1962-08-01 00:00:00 class 3 priority 
NDA013094,013094,,ORIG,1,AP,1962-08-13 00:00:00,9,STANDARD,1962,data/raw/drugsatfda_data_files_1938_1964/Submissions_1938_1964.txt,https://www.accessdata.fda.gov/scripts/cder/daf/index.cfm?event=overview.process&varApplNo=013094,Verified - verbatim from official Drugs@FDA database extract,Official Drugs@FDA Submissions 1938-1964: Appl 013094 ORIG 1 status AP date 1962-08-13 00:00:00 class 9 priority STANDARD
NDA013217,013217,KING PHARMS,ORIG,1,AP,1962-08-13 00:00:00,7,STANDARD,1962,data/raw/drugsatfda_data_files_1938_1964/Submissions_1938_1964.txt,https://www.accessdata.fda.gov/scripts/cder/daf/index.cfm?event=overview.process&varApplNo=013217,Verified - verbatim from official Drugs@FDA database extract,Official Drugs@FDA Submissions 1938-1964: Appl 013217 ORIG 1 status AP date 1962-08-13 00:00:00 class 7 priority STANDARD
NDA013295,013295,LIEBEL-FLARSHEIM,ORIG,1,AP,1962-08-16 00:00:00,7,PRIORITY,1962,data/raw/drugsatfda_data_files_1938_1964/Submissions_1938_1964.txt,https://www.accessdata.fda.gov/scripts/cder/daf/index.cfm?event=overview.process&varApplNo=013295,Verified - verbatim from official Drugs@FDA database extract,Official Drugs@FDA Submissions 1938-1964: Appl 013295 ORIG 1 status AP date 1962-08-16 00:00:00 class 7 priority PRIORITY
NDA050051,050051,WYETH AYERST,ORIG,1,AP,1962-08-22 00:00:00,,,1962,data/raw/drugsatfda_data_files_1938_1964/Submissions_1938_1964.txt,https://www.accessdata.fda.gov/scripts/cder/daf/index.cfm?event=overview.process&varApplNo=050051,Verified - verbatim from official Drugs@FDA database extract,Official Drugs@FDA Submissions 1938-1964: Appl 050051 ORIG 1 status AP date 1962-08-22 00:00:00 class  priority 
NDA012892,012892,SHIRE,ORIG,1,AP,1962-09-13 00:00:00,7,PRIORITY,1962,data/raw/drugsatfda_data_files_1938_1964/Submissions_1938_1964.txt,https://www.accessdata.fda.gov/scripts/cder/daf/index.cfm?event=overview.process&varApplNo=012892,Verified - verbatim from official Drugs@FDA database extract,Official Drugs@FDA Submissions 1938-1964: Appl 012892 ORIG 1 status AP date 1962-09-13 00:00:00 class 7 priority PRIORITY
NDA050257,050257,LEDERLE,SUPPL,15,AP,1962-09-14 00:00:00,3,,1962,data/raw/drugsatfda_data_files_1938_1964/Submissions_1938_1964.txt,https://www.accessdata.fda.gov/scripts/cder/daf/index.cfm?event=overview.process&varApplNo=050257,Verified - verbatim from official Drugs@FDA database extract,Official Drugs@FDA Submissions 1938-1964: Appl 050257 SUPPL 15 status AP date 1962-09-14 00:00:00 class 3 priority 
NDA013413,013413,UCB INC,ORIG,1,AP,1962-09-17 00:00:00,12,STANDARD,1962,data/raw/drugsatfda_data_files_1938_1964/Submissions_1938_1964.txt,https://www.accessdata.fda.gov/scripts/cder/daf/index.cfm?event=overview.process&varApplNo=013413,Verified - verbatim from official Drugs@FDA database extract,Official Drugs@FDA Submissions 1938-1964: Appl 013413 ORIG 1 status AP date 1962-09-17 00:00:00 class 12 priority STANDARD
NDA050165,050165,,SUPPL,6,AP,1962-09-18 00:00:00,3,,1962,data/raw/drugsatfda_data_files_1938_1964/Submissions_1938_1964.txt,https://www.accessdata.fda.gov/scripts/cder/daf/index.cfm?event=overview.process&varApplNo=050165,Verified - verbatim from official Drugs@FDA database extract,Official Drugs@FDA Submissions 1938-1964: Appl 050165 SUPPL 6 status AP date 1962-09-18 00:00:00 class 3 priority 
NDA050138,050138,KING PHARMS LLC,SUPPL,21,AP,1962-09-20 00:00:00,3,,1962,data/raw/drugsatfda_data_files_1938_1964/Submissions_1938_1964.txt,https://www.accessdata.fda.gov/scripts/cder/daf/index.cfm?event=overview.process&varApplNo=050138,Verified - verbatim from official Drugs@FDA database extract,Official Drugs@FDA Submissions 1938-1964: Appl 050138 SUPPL 21 status AP date 1962-09-20 00:00:00 class 3 priority 
NDA050138,050138,KING PHARMS LLC,SUPPL,19,AP,1962-09-20 00:00:00,3,,1962,data/raw/drugsatfda_data_files_1938_1964/Submissions_1938_1964.txt,https://www.accessdata.fda.gov/scripts/cder/daf/index.cfm?event=overview.process&varApplNo=050138,Verified - verbatim from official Drugs@FDA database extract,Official Drugs@FDA Submissions 1938-1964: Appl 050138 SUPPL 19 status AP date 1962-09-20 00:00:00 class 3 priority 
NDA013132,013132,WOODWARD SPECL,ORIG,1,AP,1962-10-05 00:00:00,9,STANDARD,1962,data/raw/drugsatfda_data_files_1938_1964/Submissions_1938_1964.txt,https://www.accessdata.fda.gov/scripts/cder/daf/index.cfm?event=overview.process&varApplNo=013132,Verified - verbatim from official Drugs@FDA database extract,Official Drugs@FDA Submissions 1938-1964: Appl 013132 ORIG 1 status AP date 1962-10-05 00:00:00 class 9 priority STANDARD
NDA050138,050138,KING PHARMS LLC,SUPPL,38,AP,1962-10-11 00:00:00,3,,1962,data/raw/drugsatfda_data_files_1938_1964/Submissions_1938_1964.txt,https://www.accessdata.fda.gov/scripts/cder/daf/index.cfm?event=overview.process&varApplNo=050138,Verified - verbatim from official Drugs@FDA database extract,Official Drugs@FDA Submissions 1938-1964: Appl 050138 SUPPL 38 status AP date 1962-10-11 00:00:00 class 3 priority 
NDA050141,050141,KING PHARMS LLC,SUPPL,59,AP,1962-10-12 00:00:00,4,,1962,data/raw/drugsatfda_data_files_1938_1964/Submissions_1938_1964.txt,https://www.accessdata.fda.gov/scripts/cder/daf/index.cfm?event=overview.process&varApplNo=050141,Verified - verbatim from official Drugs@FDA database extract,Official Drugs@FDA Submissions 1938-1964: Appl 050141 SUPPL 59 status AP date 1962-10-12 00:00:00 class 4 priority 
NDA013428,013428,ENDO PHARMS,ORIG,1,AP,1962-11-23 00:00:00,12,STANDARD,1962,data/raw/drugsatfda_data_files_1938_1964/Submissions_1938_1964.txt,https://www.accessdata.fda.gov/scripts/cder/daf/index.cfm?event=overview.process&varApplNo=013428,Verified - verbatim from official Drugs@FDA database extract,Official Drugs@FDA Submissions 1938-1964: Appl 013428 ORIG 1 status AP date 1962-11-23 00:00:00 class 12 priority STANDARD
NDA013429,013429,,ORIG,1,AP,1962-11-23 00:00:00,12,STANDARD,1962,data/raw/drugsatfda_data_files_1938_1964/Submissions_1938_1964.txt,https://www.accessdata.fda.gov/scripts/cder/daf/index.cfm?event=overview.process&varApplNo=013429,Verified - verbatim from official Drugs@FDA database extract,Official Drugs@FDA Submissions 1938-1964: Appl 013429 ORIG 1 status AP date 1962-11-23 00:00:00 class 12 priority STANDARD
NDA050138,050138,KING PHARMS LLC,SUPPL,40,AP,1962-11-28 00:00:00,3,,1962,data/raw/drugsatfda_data_files_1938_1964/Submissions_1938_1964.txt,https://www.accessdata.fda.gov/scripts/cder/daf/index.cfm?event=overview.process&varApplNo=050138,Verified - verbatim from official Drugs@FDA database extract,Official Drugs@FDA Submissions 1938-1964: Appl 050138 SUPPL 40 status AP date 1962-11-28 00:00:00 class 3 priority 
NDA050138,050138,KING PHARMS LLC,SUPPL,39,AP,1962-12-19 00:00:00,3,,1962,data/raw/drugsatfda_data_files_1938_1964/Submissions_1938_1964.txt,https://www.accessdata.fda.gov/scripts/cder/daf/index.cfm?event=overview.process&varApplNo=050138,Verified - verbatim from official Drugs@FDA database extract,Official Drugs@FDA Submissions 1938-1964: Appl 050138 SUPPL 39 status AP date 1962-12-19 00:00:00 class 3 priority 
NDA050141,050141,KING PHARMS LLC,SUPPL,62,AP,1962-12-19 00:00:00,3,,1962,data/raw/drugsatfda_data_files_1938_1964/Submissions_1938_1964.txt,https://www.accessdata.fda.gov/scripts/cder/daf/index.cfm?event=overview.process&varApplNo=050141,Verified - verbatim from official Drugs@FDA database extract,Official Drugs@FDA Submissions 1938-1964: Appl 050141 SUPPL 62 status AP date 1962-12-19 00:00:00 class 3 priority 
NDA050141,050141,KING PHARMS LLC,SUPPL,61,AP,1962-12-19 00:00:00,3,,1962,data/raw/drugsatfda_data_files_1938_1964/Submissions_1938_1964.txt,https://www.accessdata.fda.gov/scripts/cder/daf/index.cfm?event=overview.process&varApplNo=050141,Verified - verbatim from official Drugs@FDA database extract,Official Drugs@FDA Submissions 1938-1964: Appl 050141 SUPPL 61 status AP date 1962-12-19 00:00:00 class 3 priority 
NDA013400,013400,MERCK,ORIG,1,AP,1962-12-20 00:00:00,7,PRIORITY,1962,data/raw/drugsatfda_data_files_1938_1964/Submissions_1938_1964.txt,https://www.accessdata.fda.gov/scripts/cder/daf/index.cfm?event=overview.process&varApplNo=013400,Verified - verbatim from official Drugs@FDA database extract,Official Drugs@FDA Submissions 1938-1964: Appl 013400 ORIG 1 status AP date 1962-12-20 00:00:00 class 7 priority PRIORITY
NDA013401,013401,MERCK,ORIG,1,AP,1962-12-20 00:00:00,9,PRIORITY,1962,data/raw/drugsatfda_data_files_1938_1964/Submissions_1938_1964.txt,https://www.accessdata.fda.gov/scripts/cder/daf/index.cfm?event=overview.process&varApplNo=013401,Verified - verbatim from official Drugs@FDA database extract,Official Drugs@FDA Submissions 1938-1964: Appl 013401 ORIG 1 status AP date 1962-12-20 00:00:00 class 9 priority PRIORITY
NDA013402,013402,MERCK,ORIG,1,AP,1962-12-20 00:00:00,14,STANDARD,1962,data/raw/drugsatfda_data_files_1938_1964/Submissions_1938_1964.txt,https://www.accessdata.fda.gov/scripts/cder/daf/index.cfm?event=overview.process&varApplNo=013402,Verified - verbatim from official Drugs@FDA database extract,Official Drugs@FDA Submissions 1938-1964: Appl 013402 ORIG 1 status AP date 1962-12-20 00:00:00 class 14 priority STANDARD
NDA050257,050257,LEDERLE,SUPPL,16,AP,1963-01-03 00:00:00,4,,1963,data/raw/drugsatfda_data_files_1938_1964/Submissions_1938_1964.txt,https://www.accessdata.fda.gov/scripts/cder/daf/index.cfm?event=overview.process&varApplNo=050257,Verified - verbatim from official Drugs@FDA database extract,Official Drugs@FDA Submissions 1938-1964: Appl 050257 SUPPL 16 status AP date 1963-01-03 00:00:00 class 4 priority 
NDA050138,050138,KING PHARMS LLC,SUPPL,41,AP,1963-01-04 00:00:00,3,,1963,data/raw/drugsatfda_data_files_1938_1964/Submissions_1938_1964.txt,https://www.accessdata.fda.gov/scripts/cder/daf/index.cfm?event=overview.process&varApplNo=050138,Verified - verbatim from official Drugs@FDA database extract,Official Drugs@FDA Submissions 1938-1964: Appl 050138 SUPPL 41 status AP date 1963-01-04 00:00:00 class 3 priority 
NDA050138,050138,KING PHARMS LLC,SUPPL,22,AP,1963-01-04 00:00:00,3,,1963,data/raw/drugsatfda_data_files_1938_1964/Submissions_1938_1964.txt,https://www.accessdata.fda.gov/scripts/cder/daf/index.cfm?event=overview.process&varApplNo=050138,Verified - verbatim from official Drugs@FDA database extract,Official Drugs@FDA Submissions 1938-1964: Appl 050138 SUPPL 22 status AP date 1963-01-04 00:00:00 class 3 priority 
NDA050138,050138,KING PHARMS LLC,SUPPL,42,AP,1963-01-29 00:00:00,3,,1963,data/raw/drugsatfda_data_files_1938_1964/Submissions_1938_1964.txt,https://www.accessdata.fda.gov/scripts/cder/daf/index.cfm?event=overview.process&varApplNo=050138,Verified - verbatim from official Drugs@FDA database extract,Official Drugs@FDA Submissions 1938-1964: Appl 050138 SUPPL 42 status AP date 1963-01-29 00:00:00 class 3 priority 
NDA012787,012787,EUROFARMA,ORIG,1,AP,1963-02-15 00:00:00,7,PRIORITY,1963,data/raw/drugsatfda_data_files_1938_1964/Submissions_1938_1964.txt,https://www.accessdata.fda.gov/scripts/cder/daf/index.cfm?event=overview.process&varApplNo=012787,Verified - verbatim from official Drugs@FDA database extract,Official Drugs@FDA Submissions 1938-1964: Appl 012787 ORIG 1 status AP date 1963-02-15 00:00:00 class 7 priority PRIORITY
NDA013790,013790,INA PHARMS,ORIG,1,AP,1963-03-19 00:00:00,12,STANDARD,1963,data/raw/drugsatfda_data_files_1938_1964/Submissions_1938_1964.txt,https://www.accessdata.fda.gov/scripts/cder/daf/index.cfm?event=overview.process&varApplNo=013790,Verified - verbatim from official Drugs@FDA database extract,Official Drugs@FDA Submissions 1938-1964: Appl 013790 ORIG 1 status AP date 1963-03-19 00:00:00 class 12 priority STANDARD
NDA014173,014173,WYETH AYERST,ORIG,1,AP,1963-03-21 00:00:00,12,STANDARD,1963,data/raw/drugsatfda_data_files_1938_1964/Submissions_1938_1964.txt,https://www.accessdata.fda.gov/scripts/cder/daf/index.cfm?event=overview.process&varApplNo=014173,Verified - verbatim from official Drugs@FDA database extract,Official Drugs@FDA Submissions 1938-1964: Appl 014173 ORIG 1 status AP date 1963-03-21 00:00:00 class 12 priority STANDARD
NDA050141,050141,KING PHARMS LLC,SUPPL,57,AP,1963-03-23 00:00:00,3,,1963,data/raw/drugsatfda_data_files_1938_1964/Submissions_1938_1964.txt,https://www.accessdata.fda.gov/scripts/cder/daf/index.cfm?event=overview.process&varApplNo=050141,Verified - verbatim from official Drugs@FDA database extract,Official Drugs@FDA Submissions 1938-1964: Appl 050141 SUPPL 57 status AP date 1963-03-23 00:00:00 class 3 priority 
NDA013568,013568,,ORIG,1,AP,1963-03-26 00:00:00,8,STANDARD,1963,data/raw/drugsatfda_data_files_1938_1964/Submissions_1938_1964.txt,https://www.accessdata.fda.gov/scripts/cder/daf/index.cfm?event=overview.process&varApplNo=013568,Verified - verbatim from official Drugs@FDA database extract,Official Drugs@FDA Submissions 1938-1964: Appl 013568 ORIG 1 status AP date 1963-03-26 00:00:00 class 8 priority STANDARD
NDA050141,050141,KING PHARMS LLC,SUPPL,64,AP,1963-04-05 00:00:00,3,,1963,data/raw/drugsatfda_data_files_1938_1964/Submissions_1938_1964.txt,https://www.accessdata.fda.gov/scripts/cder/daf/index.cfm?event=overview.process&varApplNo=050141,Verified - verbatim from official Drugs@FDA database extract,Official Drugs@FDA Submissions 1938-1964: Appl 050141 SUPPL 64 status AP date 1963-04-05 00:00:00 class 3 priority 
NDA050141,050141,KING PHARMS LLC,SUPPL,63,AP,1963-04-05 00:00:00,3,,1963,data/raw/drugsatfda_data_files_1938_1964/Submissions_1938_1964.txt,https://www.accessdata.fda.gov/scripts/cder/daf/index.cfm?event=overview.process&varApplNo=050141,Verified - verbatim from official Drugs@FDA database extract,Official Drugs@FDA Submissions 1938-1964: Appl 050141 SUPPL 63 status AP date 1963-04-05 00:00:00 class 3 priority 
NDA050156,050156,PARKEDALE,SUPPL,12,AP,1963-04-08 00:00:00,3,,1963,data/raw/drugsatfda_data_files_1938_1964/Submissions_1938_1964.txt,https://www.accessdata.fda.gov/scripts/cder/daf/index.cfm?event=overview.process&varApplNo=050156,Verified - verbatim from official Drugs@FDA database extract,Official Drugs@FDA Submissions 1938-1964: Appl 050156 SUPPL 12 status AP date 1963-04-08 00:00:00 class 3 priority 
NDA013264,013264,LEDERLE,ORIG,1,AP,1963-04-10 00:00:00,7,STANDARD,1963,data/raw/drugsatfda_data_files_1938_1964/Submissions_1938_1964.txt,https://www.accessdata.fda.gov/scripts/cder/daf/index.cfm?event=overview.process&varApplNo=013264,Verified - verbatim from official Drugs@FDA database extract,Official Drugs@FDA Submissions 1938-1964: Appl 013264 ORIG 1 status AP date 1963-04-10 00:00:00 class 7 priority STANDARD
NDA013247,013247,NOVARTIS,ORIG,1,AP,1963-04-11 00:00:00,12,STANDARD,1963,data/raw/drugsatfda_data_files_1938_1964/Submissions_1938_1964.txt,https://www.accessdata.fda.gov/scripts/cder/daf/index.cfm?event=overview.process&varApplNo=013247,Verified - verbatim from official Drugs@FDA database extract,Official Drugs@FDA Submissions 1938-1964: Appl 013247 ORIG 1 status AP date 1963-04-11 00:00:00 class 12 priority STANDARD
NDA050218,050218,MONARCH PHARMS,ORIG,1,AP,1963-04-16 00:00:00,19,UNKNOWN,1963,data/raw/drugsatfda_data_files_1938_1964/Submissions_1938_1964.txt,https://www.accessdata.fda.gov/scripts/cder/daf/index.cfm?event=overview.process&varApplNo=050218,Verified - verbatim from official Drugs@FDA database extract,Official Drugs@FDA Submissions 1938-1964: Appl 050218 ORIG 1 status AP date 1963-04-16 00:00:00 class 19 priority UNKNOWN
NDA050268,050268,STORZ,SUPPL,14,AP,1963-05-01 00:00:00,3,,1963,data/raw/drugsatfda_data_files_1938_1964/Submissions_1938_1964.txt,https://www.accessdata.fda.gov/scripts/cder/daf/index.cfm?event=overview.process&varApplNo=050268,Verified - verbatim from official Drugs@FDA database extract,Official Drugs@FDA Submissions 1938-1964: Appl 050268 SUPPL 14 status AP date 1963-05-01 00:00:00 class 3 priority 
NDA050404,050404,LEDERLE,SUPPL,13,AP,1963-05-01 00:00:00,3,,1963,data/raw/drugsatfda_data_files_1938_1964/Submissions_1938_1964.txt,https://www.accessdata.fda.gov/scripts/cder/daf/index.cfm?event=overview.process&varApplNo=050404,Verified - verbatim from official Drugs@FDA database extract,Official Drugs@FDA Submissions 1938-1964: Appl 050404 SUPPL 13 status AP date 1963-05-01 00:00:00 class 3 priority 
NDA050081,050081,ALLERGAN,ORIG,1,AP,1963-05-10 00:00:00,19,UNKNOWN,1963,data/raw/drugsatfda_data_files_1938_1964/Submissions_1938_1964.txt,https://www.accessdata.fda.gov/scripts/cder/daf/index.cfm?event=overview.process&varApplNo=050081,Verified - verbatim from official Drugs@FDA database extract,Official Drugs@FDA Submissions 1938-1964: Appl 050081 ORIG 1 status AP date 1963-05-10 00:00:00 class 19 priority UNKNOWN
NDA050141,050141,KING PHARMS LLC,SUPPL,58,AP,1963-05-23 00:00:00,3,,1963,data/raw/drugsatfda_data_files_1938_1964/Submissions_1938_1964.txt,https://www.accessdata.fda.gov/scripts/cder/daf/index.cfm?event=overview.process&varApplNo=050141,Verified - verbatim from official Drugs@FDA database extract,Official Drugs@FDA Submissions 1938-1964: Appl 050141 SUPPL 58 status AP date 1963-05-23 00:00:00 class 3 priority 
NDA050262,050262,LEDERLE,SUPPL,25,AP,1963-05-24 00:00:00,3,,1963,data/raw/drugsatfda_data_files_1938_1964/Submissions_1938_1964.txt,https://www.accessdata.fda.gov/scripts/cder/daf/index.cfm?event=overview.process&varApplNo=050262,Verified - verbatim from official Drugs@FDA database extract,Official Drugs@FDA Submissions 1938-1964: Appl 050262 SUPPL 25 status AP date 1963-05-24 00:00:00 class 3 priority 
NDA050257,050257,LEDERLE,SUPPL,18,AP,1963-05-27 00:00:00,3,,1963,data/raw/drugsatfda_data_files_1938_1964/Submissions_1938_1964.txt,https://www.accessdata.fda.gov/scripts/cder/daf/index.cfm?event=overview.process&varApplNo=050257,Verified - verbatim from official Drugs@FDA database extract,Official Drugs@FDA Submissions 1938-1964: Appl 050257 SUPPL 18 status AP date 1963-05-27 00:00:00 class 3 priority 
NDA050257,050257,LEDERLE,SUPPL,19,AP,1963-05-27 00:00:00,3,,1963,data/raw/drugsatfda_data_files_1938_1964/Submissions_1938_1964.txt,https://www.accessdata.fda.gov/scripts/cder/daf/index.cfm?event=overview.process&varApplNo=050257,Verified - verbatim from official Drugs@FDA database extract,Official Drugs@FDA Submissions 1938-1964: Appl 050257 SUPPL 19 status AP date 1963-05-27 00:00:00 class 3 priority 
NDA050263,050263,LEDERLE,SUPPL,36,AP,1963-05-27 00:00:00,3,,1963,data/raw/drugsatfda_data_files_1938_1964/Submissions_1938_1964.txt,https://www.accessdata.fda.gov/scripts/cder/daf/index.cfm?event=overview.process&varApplNo=050263,Verified - verbatim from official Drugs@FDA database extract,Official Drugs@FDA Submissions 1938-1964: Appl 050263 SUPPL 36 status AP date 1963-05-27 00:00:00 class 3 priority 
NDA050276,050276,LEDERLE,SUPPL,25,AP,1963-05-27 00:00:00,3,,1963,data/raw/drugsatfda_data_files_1938_1964/Submissions_1938_1964.txt,https://www.accessdata.fda.gov/scripts/cder/daf/index.cfm?event=overview.process&varApplNo=050276,Verified - verbatim from official Drugs@FDA database extract,Official Drugs@FDA Submissions 1938-1964: Appl 050276 SUPPL 25 status AP date 1963-05-27 00:00:00 class 3 priority 
NDA050138,050138,KING PHARMS LLC,SUPPL,43,AP,1963-05-28 00:00:00,3,,1963,data/raw/drugsatfda_data_files_1938_1964/Submissions_1938_1964.txt,https://www.accessdata.fda.gov/scripts/cder/daf/index.cfm?event=overview.process&varApplNo=050138,Verified - verbatim from official Drugs@FDA database extract,Official Drugs@FDA Submissions 1938-1964: Appl 050138 SUPPL 43 status AP date 1963-05-28 00:00:00 class 3 priority 
NDA050141,050141,KING PHARMS LLC,SUPPL,65,AP,1963-05-28 00:00:00,3,,1963,data/raw/drugsatfda_data_files_1938_1964/Submissions_1938_1964.txt,https://www.accessdata.fda.gov/scripts/cder/daf/index.cfm?event=overview.process&varApplNo=050141,Verified - verbatim from official Drugs@FDA database extract,Official Drugs@FDA Submissions 1938-1964: Appl 050141 SUPPL 65 status AP date 1963-05-28 00:00:00 class 3 priority 
NDA013764,013764,,ORIG,1,AP,1963-05-29 00:00:00,15,STANDARD,1963,data/raw/drugsatfda_data_files_1938_1964/Submissions_1938_1964.txt,https://www.accessdata.fda.gov/scripts/cder/daf/index.cfm?event=overview.process&varApplNo=013764,Verified - verbatim from official Drugs@FDA database extract,Official Drugs@FDA Submissions 1938-1964: Appl 013764 ORIG 1 status AP date 1963-05-29 00:00:00 class 15 priority STANDARD
NDA050263,050263,LEDERLE,SUPPL,37,AP,1963-06-04 00:00:00,3,,1963,data/raw/drugsatfda_data_files_1938_1964/Submissions_1938_1964.txt,https://www.accessdata.fda.gov/scripts/cder/daf/index.cfm?event=overview.process&varApplNo=050263,Verified - verbatim from official Drugs@FDA database extract,Official Drugs@FDA Submissions 1938-1964: Appl 050263 SUPPL 37 status AP date 1963-06-04 00:00:00 class 3 priority 
NDA050023,050023,HARROW EYE,ORIG,1,AP,1963-06-06 00:00:00,19,UNKNOWN,1963,data/raw/drugsatfda_data_files_1938_1964/Submissions_1938_1964.txt,https://www.accessdata.fda.gov/scripts/cder/daf/index.cfm?event=overview.process&varApplNo=050023,Verified - verbatim from official Drugs@FDA database extract,Official Drugs@FDA Submissions 1938-1964: Appl 050023 ORIG 1 status AP date 1963-06-06 00:00:00 class 19 priority UNKNOWN
NDA013935,013935,ALLERGAN,ORIG,1,AP,1963-06-11 00:00:00,7,PRIORITY,1963,data/raw/drugsatfda_data_files_1938_1964/Submissions_1938_1964.txt,https://www.accessdata.fda.gov/scripts/cder/daf/index.cfm?event=overview.process&varApplNo=013935,Verified - verbatim from official Drugs@FDA database extract,Official Drugs@FDA Submissions 1938-1964: Appl 013935 ORIG 1 status AP date 1963-06-11 00:00:00 class 7 priority PRIORITY
NDA050156,050156,PARKEDALE,SUPPL,13,AP,1963-06-11 00:00:00,3,,1963,data/raw/drugsatfda_data_files_1938_1964/Submissions_1938_1964.txt,https://www.accessdata.fda.gov/scripts/cder/daf/index.cfm?event=overview.process&varApplNo=050156,Verified - verbatim from official Drugs@FDA database extract,Official Drugs@FDA Submissions 1938-1964: Appl 050156 SUPPL 13 status AP date 1963-06-11 00:00:00 class 3 priority 
NDA050205,050205,PARKEDALE,SUPPL,10,AP,1963-06-11 00:00:00,3,,1963,data/raw/drugsatfda_data_files_1938_1964/Submissions_1938_1964.txt,https://www.accessdata.fda.gov/scripts/cder/daf/index.cfm?event=overview.process&varApplNo=050205,Verified - verbatim from official Drugs@FDA database extract,Official Drugs@FDA Submissions 1938-1964: Appl 050205 SUPPL 10 status AP date 1963-06-11 00:00:00 class 3 priority 
NDA060700,060700,EUROFARMA,ORIG,1,AP,1963-06-11 00:00:00,,,1963,data/raw/drugsatfda_data_files_1938_1964/Submissions_1938_1964.txt,https://www.accessdata.fda.gov/scripts/cder/daf/index.cfm?event=overview.process&varApplNo=060700,Verified - verbatim from official Drugs@FDA database extract,Official Drugs@FDA Submissions 1938-1964: Appl 060700 ORIG 1 status AP date 1963-06-11 00:00:00 class  priority 
NDA050251,050251,,SUPPL,17,AP,1963-06-18 00:00:00,3,,1963,data/raw/drugsatfda_data_files_1938_1964/Submissions_1938_1964.txt,https://www.accessdata.fda.gov/scripts/cder/daf/index.cfm?event=overview.process&varApplNo=050251,Verified - verbatim from official Drugs@FDA database extract,Official Drugs@FDA Submissions 1938-1964: Appl 050251 SUPPL 17 status AP date 1963-06-18 00:00:00 class 3 priority 
NDA050263,050263,LEDERLE,SUPPL,38,AP,1963-06-18 00:00:00,3,,1963,data/raw/drugsatfda_data_files_1938_1964/Submissions_1938_1964.txt,https://www.accessdata.fda.gov/scripts/cder/daf/index.cfm?event=overview.process&varApplNo=050263,Verified - verbatim from official Drugs@FDA database extract,Official Drugs@FDA Submissions 1938-1964: Appl 050263 SUPPL 38 status AP date 1963-06-18 00:00:00 class 3 priority 
NDA050264,050264,,ORIG,1,AP,1963-06-18 00:00:00,,,1963,data/raw/drugsatfda_data_files_1938_1964/Submissions_1938_1964.txt,https://www.accessdata.fda.gov/scripts/cder/daf/index.cfm?event=overview.process&varApplNo=050264,Verified - verbatim from official Drugs@FDA database extract,Official Drugs@FDA Submissions 1938-1964: Appl 050264 ORIG 1 status AP date 1963-06-18 00:00:00 class  priority 
NDA013960,013960,EUROFARMA,ORIG,1,AP,1963-06-19 00:00:00,12,STANDARD,1963,data/raw/drugsatfda_data_files_1938_1964/Submissions_1938_1964.txt,https://www.accessdata.fda.gov/scripts/cder/daf/index.cfm?event=overview.process&varApplNo=013960,Verified - verbatim from official Drugs@FDA database extract,Official Drugs@FDA Submissions 1938-1964: Appl 013960 ORIG 1 status AP date 1963-06-19 00:00:00 class 12 priority STANDARD
NDA014169,014169,ALCON,ORIG,1,AP,1963-06-28 00:00:00,15,STANDARD,1963,data/raw/drugsatfda_data_files_1938_1964/Submissions_1938_1964.txt,https://www.accessdata.fda.gov/scripts/cder/daf/index.cfm?event=overview.process&varApplNo=014169,Verified - verbatim from official Drugs@FDA database extract,Official Drugs@FDA Submissions 1938-1964: Appl 014169 ORIG 1 status AP date 1963-06-28 00:00:00 class 15 priority STANDARD
NDA014359,014359,HALSEY,ORIG,1,AP,1963-07-03 00:00:00,15,STANDARD,1963,data/raw/drugsatfda_data_files_1938_1964/Submissions_1938_1964.txt,https://www.accessdata.fda.gov/scripts/cder/daf/index.cfm?event=overview.process&varApplNo=014359,Verified - verbatim from official Drugs@FDA database extract,Official Drugs@FDA Submissions 1938-1964: Appl 014359 ORIG 1 status AP date 1963-07-03 00:00:00 class 15 priority STANDARD
NDA060704,060704,IVAX SUB TEVA PHARMS,ORIG,1,AP,1963-07-05 00:00:00,,,1963,data/raw/drugsatfda_data_files_1938_1964/Submissions_1938_1964.txt,https://www.accessdata.fda.gov/scripts/cder/daf/index.cfm?event=overview.process&varApplNo=060704,Verified - verbatim from official Drugs@FDA database extract,Official Drugs@FDA Submissions 1938-1964: Appl 060704 ORIG 1 status AP date 1963-07-05 00:00:00 class  priority 
NDA050170,050170,,SUPPL,7,AP,1963-07-08 00:00:00,3,,1963,data/raw/drugsatfda_data_files_1938_1964/Submissions_1938_1964.txt,https://www.accessdata.fda.gov/scripts/cder/daf/index.cfm?event=overview.process&varApplNo=050170,Verified - verbatim from official Drugs@FDA database extract,Official Drugs@FDA Submissions 1938-1964: Appl 050170 SUPPL 7 status AP date 1963-07-08 00:00:00 class 3 priority 
NDA014103,014103,LILLY,ORIG,1,AP,1963-07-10 00:00:00,7,PRIORITY,1963,data/raw/drugsatfda_data_files_1938_1964/Submissions_1938_1964.txt,https://www.accessdata.fda.gov/scripts/cder/daf/index.cfm?event=overview.process&varApplNo=014103,Verified - verbatim from official Drugs@FDA database extract,Official Drugs@FDA Submissions 1938-1964: Appl 014103 ORIG 1 status AP date 1963-07-10 00:00:00 class 7 priority PRIORITY
NDA050141,050141,KING PHARMS LLC,SUPPL,66,AP,1963-07-10 00:00:00,3,,1963,data/raw/drugsatfda_data_files_1938_1964/Submissions_1938_1964.txt,https://www.accessdata.fda.gov/scripts/cder/daf/index.cfm?event=overview.process&varApplNo=050141,Verified - verbatim from official Drugs@FDA database extract,Official Drugs@FDA Submissions 1938-1964: Appl 050141 SUPPL 66 status AP date 1963-07-10 00:00:00 class 3 priority 
NDA050262,050262,LEDERLE,SUPPL,26,AP,1963-07-10 00:00:00,3,,1963,data/raw/drugsatfda_data_files_1938_1964/Submissions_1938_1964.txt,https://www.accessdata.fda.gov/scripts/cder/daf/index.cfm?event=overview.process&varApplNo=050262,Verified - verbatim from official Drugs@FDA database extract,Official Drugs@FDA Submissions 1938-1964: Appl 050262 SUPPL 26 status AP date 1963-07-10 00:00:00 class 3 priority 
NDA050138,050138,KING PHARMS LLC,SUPPL,44,AP,1963-07-11 00:00:00,3,,1963,data/raw/drugsatfda_data_files_1938_1964/Submissions_1938_1964.txt,https://www.accessdata.fda.gov/scripts/cder/daf/index.cfm?event=overview.process&varApplNo=050138,Verified - verbatim from official Drugs@FDA database extract,Official Drugs@FDA Submissions 1938-1964: Appl 050138 SUPPL 44 status AP date 1963-07-11 00:00:00 class 3 priority 
NDA050141,050141,KING PHARMS LLC,SUPPL,68,AP,1963-07-11 00:00:00,3,,1963,data/raw/drugsatfda_data_files_1938_1964/Submissions_1938_1964.txt,https://www.accessdata.fda.gov/scripts/cder/daf/index.cfm?event=overview.process&varApplNo=050141,Verified - verbatim from official Drugs@FDA database extract,Official Drugs@FDA Submissions 1938-1964: Appl 050141 SUPPL 68 status AP date 1963-07-11 00:00:00 class 3 priority 
NDA050141,050141,KING PHARMS LLC,SUPPL,67,AP,1963-07-11 00:00:00,3,,1963,data/raw/drugsatfda_data_files_1938_1964/Submissions_1938_1964.txt,https://www.accessdata.fda.gov/scripts/cder/daf/index.cfm?event=overview.process&varApplNo=050141,Verified - verbatim from official Drugs@FDA database extract,Official Drugs@FDA Submissions 1938-1964: Appl 050141 SUPPL 67 status AP date 1963-07-11 00:00:00 class 3 priority 
NDA050218,050218,MONARCH PHARMS,SUPPL,9,AP,1963-07-17 00:00:00,3,,1963,data/raw/drugsatfda_data_files_1938_1964/Submissions_1938_1964.txt,https://www.accessdata.fda.gov/scripts/cder/daf/index.cfm?event=overview.process&varApplNo=050218,Verified - verbatim from official Drugs@FDA database extract,Official Drugs@FDA Submissions 1938-1964: Appl 050218 SUPPL 9 status AP date 1963-07-17 00:00:00 class 3 priority 
NDA012623,012623,PFIZER,ORIG,1,AP,1963-07-18 00:00:00,7,PRIORITY,1963,data/raw/drugsatfda_data_files_1938_1964/Submissions_1938_1964.txt,https://www.accessdata.fda.gov/scripts/cder/daf/index.cfm?event=overview.process&varApplNo=012623,Verified - verbatim from official Drugs@FDA database extract,Official Drugs@FDA Submissions 1938-1964: Appl 012623 ORIG 1 status AP date 1963-07-18 00:00:00 class 7 priority PRIORITY
NDA050065,050065,SANDOZ,ORIG,1,AP,1963-07-19 00:00:00,19,UNKNOWN,1963,data/raw/drugsatfda_data_files_1938_1964/Submissions_1938_1964.txt,https://www.accessdata.fda.gov/scripts/cder/daf/index.cfm?event=overview.process&varApplNo=050065,Verified - verbatim from official Drugs@FDA database extract,Official Drugs@FDA Submissions 1938-1964: Appl 050065 ORIG 1 status AP date 1963-07-19 00:00:00 class 19 priority UNKNOWN
NDA050170,050170,,SUPPL,8,AP,1963-07-23 00:00:00,3,,1963,data/raw/drugsatfda_data_files_1938_1964/Submissions_1938_1964.txt,https://www.accessdata.fda.gov/scripts/cder/daf/index.cfm?event=overview.process&varApplNo=050170,Verified - verbatim from official Drugs@FDA database extract,Official Drugs@FDA Submissions 1938-1964: Appl 050170 SUPPL 8 status AP date 1963-07-23 00:00:00 class 3 priority 
NDA050168,050168,MONARCH PHARMS,SUPPL,12,AP,1963-07-24 00:00:00,3,,1963,data/raw/drugsatfda_data_files_1938_1964/Submissions_1938_1964.txt,https://www.accessdata.fda.gov/scripts/cder/daf/index.cfm?event=overview.process&varApplNo=050168,Verified - verbatim from official Drugs@FDA database extract,Official Drugs@FDA Submissions 1938-1964: Appl 050168 SUPPL 12 status AP date 1963-07-24 00:00:00 class 3 priority 
NDA050218,050218,MONARCH PHARMS,SUPPL,10,AP,1963-07-24 00:00:00,3,,1963,data/raw/drugsatfda_data_files_1938_1964/Submissions_1938_1964.txt,https://www.accessdata.fda.gov/scripts/cder/daf/index.cfm?event=overview.process&varApplNo=050218,Verified - verbatim from official Drugs@FDA database extract,Official Drugs@FDA Submissions 1938-1964: Appl 050218 SUPPL 10 status AP date 1963-07-24 00:00:00 class 3 priority 
NDA050218,050218,MONARCH PHARMS,SUPPL,8,AP,1963-07-24 00:00:00,3,,1963,data/raw/drugsatfda_data_files_1938_1964/Submissions_1938_1964.txt,https://www.accessdata.fda.gov/scripts/cder/daf/index.cfm?event=overview.process&varApplNo=050218,Verified - verbatim from official Drugs@FDA database extract,Official Drugs@FDA Submissions 1938-1964: Appl 050218 SUPPL 8 status AP date 1963-07-24 00:00:00 class 3 priority 
NDA014547,014547,SANDOZ,ORIG,1,AP,1963-07-26 00:00:00,15,STANDARD,1963,data/raw/drugsatfda_data_files_1938_1964/Submissions_1938_1964.txt,https://www.accessdata.fda.gov/scripts/cder/daf/index.cfm?event=overview.process&varApplNo=014547,Verified - verbatim from official Drugs@FDA database extract,Official Drugs@FDA Submissions 1938-1964: Appl 014547 ORIG 1 status AP date 1963-07-26 00:00:00 class 15 priority STANDARD
NDA011600,011600,EXTROVIS,ORIG,1,AP,1963-07-30 00:00:00,12,STANDARD,1963,data/raw/drugsatfda_data_files_1938_1964/Submissions_1938_1964.txt,https://www.accessdata.fda.gov/scripts/cder/daf/index.cfm?event=overview.process&varApplNo=011600,Verified - verbatim from official Drugs@FDA database extract,Official Drugs@FDA Submissions 1938-1964: Appl 011600 ORIG 1 status AP date 1963-07-30 00:00:00 class 12 priority STANDARD
NDA050138,050138,KING PHARMS LLC,SUPPL,45,AP,1963-07-31 00:00:00,3,,1963,data/raw/drugsatfda_data_files_1938_1964/Submissions_1938_1964.txt,https://www.accessdata.fda.gov/scripts/cder/daf/index.cfm?event=overview.process&varApplNo=050138,Verified - verbatim from official Drugs@FDA database extract,Official Drugs@FDA Submissions 1938-1964: Appl 050138 SUPPL 45 status AP date 1963-07-31 00:00:00 class 3 priority 
NDA050141,050141,KING PHARMS LLC,SUPPL,69,AP,1963-07-31 00:00:00,3,,1963,data/raw/drugsatfda_data_files_1938_1964/Submissions_1938_1964.txt,https://www.accessdata.fda.gov/scripts/cder/daf/index.cfm?event=overview.process&varApplNo=050141,Verified - verbatim from official Drugs@FDA database extract,Official Drugs@FDA Submissions 1938-1964: Appl 050141 SUPPL 69 status AP date 1963-07-31 00:00:00 class 3 priority 
NDA014882,014882,CHARTWELL MOLECULAR,ORIG,1,AP,1963-08-09 00:00:00,15,STANDARD,1963,data/raw/drugsatfda_data_files_1938_1964/Submissions_1938_1964.txt,https://www.accessdata.fda.gov/scripts/cder/daf/index.cfm?event=overview.process&varApplNo=014882,Verified - verbatim from official Drugs@FDA database extract,Official Drugs@FDA Submissions 1938-1964: Appl 014882 ORIG 1 status AP date 1963-08-09 00:00:00 class 15 priority STANDARD
NDA050165,050165,,SUPPL,10,AP,1963-08-13 00:00:00,2,,1963,data/raw/drugsatfda_data_files_1938_1964/Submissions_1938_1964.txt,https://www.accessdata.fda.gov/scripts/cder/daf/index.cfm?event=overview.process&varApplNo=050165,Verified - verbatim from official Drugs@FDA database extract,Official Drugs@FDA Submissions 1938-1964: Appl 050165 SUPPL 10 status AP date 1963-08-13 00:00:00 class 2 priority 
NDA050170,050170,,SUPPL,9,AP,1963-08-13 00:00:00,3,,1963,data/raw/drugsatfda_data_files_1938_1964/Submissions_1938_1964.txt,https://www.accessdata.fda.gov/scripts/cder/daf/index.cfm?event=overview.process&varApplNo=050170,Verified - verbatim from official Drugs@FDA database extract,Official Drugs@FDA Submissions 1938-1964: Appl 050170 SUPPL 9 status AP date 1963-08-13 00:00:00 class 3 priority 
NDA014116,014116,,ORIG,1,AP,1963-08-15 00:00:00,,,1963,data/raw/drugsatfda_data_files_1938_1964/Submissions_1938_1964.txt,https://www.accessdata.fda.gov/scripts/cder/daf/index.cfm?event=overview.process&varApplNo=014116,Verified - verbatim from official Drugs@FDA database extract,Official Drugs@FDA Submissions 1938-1964: Appl 014116 ORIG 1 status AP date 1963-08-15 00:00:00 class  priority 
NDA013157,013157,LILLY,ORIG,1,AP,1963-08-20 00:00:00,7,STANDARD,1963,data/raw/drugsatfda_data_files_1938_1964/Submissions_1938_1964.txt,https://www.accessdata.fda.gov/scripts/cder/daf/index.cfm?event=overview.process&varApplNo=013157,Verified - verbatim from official Drugs@FDA database extract,Official Drugs@FDA Submissions 1938-1964: Appl 013157 ORIG 1 status AP date 1963-08-20 00:00:00 class 7 priority STANDARD
NDA050156,050156,PARKEDALE,SUPPL,14,AP,1963-08-26 00:00:00,3,,1963,data/raw/drugsatfda_data_files_1938_1964/Submissions_1938_1964.txt,https://www.accessdata.fda.gov/scripts/cder/daf/index.cfm?event=overview.process&varApplNo=050156,Verified - verbatim from official Drugs@FDA database extract,Official Drugs@FDA Submissions 1938-1964: Appl 050156 SUPPL 14 status AP date 1963-08-26 00:00:00 class 3 priority 
NDA050141,050141,KING PHARMS LLC,SUPPL,72,AP,1963-09-03 00:00:00,3,,1963,data/raw/drugsatfda_data_files_1938_1964/Submissions_1938_1964.txt,https://www.accessdata.fda.gov/scripts/cder/daf/index.cfm?event=overview.process&varApplNo=050141,Verified - verbatim from official Drugs@FDA database extract,Official Drugs@FDA Submissions 1938-1964: Appl 050141 SUPPL 72 status AP date 1963-09-03 00:00:00 class 3 priority 
NDA050218,050218,MONARCH PHARMS,SUPPL,11,AP,1963-09-04 00:00:00,3,,1963,data/raw/drugsatfda_data_files_1938_1964/Submissions_1938_1964.txt,https://www.accessdata.fda.gov/scripts/cder/daf/index.cfm?event=overview.process&varApplNo=050218,Verified - verbatim from official Drugs@FDA database extract,Official Drugs@FDA Submissions 1938-1964: Appl 050218 SUPPL 11 status AP date 1963-09-04 00:00:00 class 3 priority 
NDA050141,050141,KING PHARMS LLC,SUPPL,71,AP,1963-09-06 00:00:00,3,,1963,data/raw/drugsatfda_data_files_1938_1964/Submissions_1938_1964.txt,https://www.accessdata.fda.gov/scripts/cder/daf/index.cfm?event=overview.process&varApplNo=050141,Verified - verbatim from official Drugs@FDA database extract,Official Drugs@FDA Submissions 1938-1964: Appl 050141 SUPPL 71 status AP date 1963-09-06 00:00:00 class 3 priority 
NDA050141,050141,KING PHARMS LLC,SUPPL,70,AP,1963-09-06 00:00:00,3,,1963,data/raw/drugsatfda_data_files_1938_1964/Submissions_1938_1964.txt,https://www.accessdata.fda.gov/scripts/cder/daf/index.cfm?event=overview.process&varApplNo=050141,Verified - verbatim from official Drugs@FDA database extract,Official Drugs@FDA Submissions 1938-1964: Appl 050141 SUPPL 70 status AP date 1963-09-06 00:00:00 class 3 priority 
NDA013601,013601,APOTHECON,ORIG,1,AP,1963-09-14 00:00:00,7,PRIORITY,1963,data/raw/drugsatfda_data_files_1938_1964/Submissions_1938_1964.txt,https://www.accessdata.fda.gov/scripts/cder/daf/index.cfm?event=overview.process&varApplNo=013601,Verified - verbatim from official Drugs@FDA database extract,Official Drugs@FDA Submissions 1938-1964: Appl 013601 ORIG 1 status AP date 1963-09-14 00:00:00 class 7 priority PRIORITY
NDA050138,050138,KING PHARMS LLC,SUPPL,50,AP,1963-09-18 00:00:00,3,,1963,data/raw/drugsatfda_data_files_1938_1964/Submissions_1938_1964.txt,https://www.accessdata.fda.gov/scripts/cder/daf/index.cfm?event=overview.process&varApplNo=050138,Verified - verbatim from official Drugs@FDA database extract,Official Drugs@FDA Submissions 1938-1964: Appl 050138 SUPPL 50 status AP date 1963-09-18 00:00:00 class 3 priority 
NDA050138,050138,KING PHARMS LLC,SUPPL,49,AP,1963-09-18 00:00:00,3,,1963,data/raw/drugsatfda_data_files_1938_1964/Submissions_1938_1964.txt,https://www.accessdata.fda.gov/scripts/cder/daf/index.cfm?event=overview.process&varApplNo=050138,Verified - verbatim from official Drugs@FDA database extract,Official Drugs@FDA Submissions 1938-1964: Appl 050138 SUPPL 49 status AP date 1963-09-18 00:00:00 class 3 priority 
NDA050141,050141,KING PHARMS LLC,SUPPL,74,AP,1963-09-18 00:00:00,3,,1963,data/raw/drugsatfda_data_files_1938_1964/Submissions_1938_1964.txt,https://www.accessdata.fda.gov/scripts/cder/daf/index.cfm?event=overview.process&varApplNo=050141,Verified - verbatim from official Drugs@FDA database extract,Official Drugs@FDA Submissions 1938-1964: Appl 050141 SUPPL 74 status AP date 1963-09-18 00:00:00 class 3 priority 
NDA050141,050141,KING PHARMS LLC,SUPPL,73,AP,1963-09-24 00:00:00,3,,1963,data/raw/drugsatfda_data_files_1938_1964/Submissions_1938_1964.txt,https://www.accessdata.fda.gov/scripts/cder/daf/index.cfm?event=overview.process&varApplNo=050141,Verified - verbatim from official Drugs@FDA database extract,Official Drugs@FDA Submissions 1938-1964: Appl 050141 SUPPL 73 status AP date 1963-09-24 00:00:00 class 3 priority 
NDA050138,050138,KING PHARMS LLC,SUPPL,48,AP,1963-09-25 00:00:00,3,,1963,data/raw/drugsatfda_data_files_1938_1964/Submissions_1938_1964.txt,https://www.accessdata.fda.gov/scripts/cder/daf/index.cfm?event=overview.process&varApplNo=050138,Verified - verbatim from official Drugs@FDA database extract,Official Drugs@FDA Submissions 1938-1964: Appl 050138 SUPPL 48 status AP date 1963-09-25 00:00:00 class 3 priority 
NDA050141,050141,KING PHARMS LLC,SUPPL,75,AP,1963-09-25 00:00:00,3,,1963,data/raw/drugsatfda_data_files_1938_1964/Submissions_1938_1964.txt,https://www.accessdata.fda.gov/scripts/cder/daf/index.cfm?event=overview.process&varApplNo=050141,Verified - verbatim from official Drugs@FDA database extract,Official Drugs@FDA Submissions 1938-1964: Appl 050141 SUPPL 75 status AP date 1963-09-25 00:00:00 class 3 priority 
NDA014226,014226,,ORIG,1,AP,1963-09-26 00:00:00,,,1963,data/raw/drugsatfda_data_files_1938_1964/Submissions_1938_1964.txt,https://www.accessdata.fda.gov/scripts/cder/daf/index.cfm?event=overview.process&varApplNo=014226,Verified - verbatim from official Drugs@FDA database extract,Official Drugs@FDA Submissions 1938-1964: Appl 014226 ORIG 1 status AP date 1963-09-26 00:00:00 class  priority 
NDA014295,014295,MALLINCKRODT,ORIG,1,AP,1963-09-30 00:00:00,15,STANDARD,1963,data/raw/drugsatfda_data_files_1938_1964/Submissions_1938_1964.txt,https://www.accessdata.fda.gov/scripts/cder/daf/index.cfm?event=overview.process&varApplNo=014295,Verified - verbatim from official Drugs@FDA database extract,Official Drugs@FDA Submissions 1938-1964: Appl 014295 ORIG 1 status AP date 1963-09-30 00:00:00 class 15 priority STANDARD
NDA050168,050168,MONARCH PHARMS,SUPPL,14,AP,1963-10-04 00:00:00,3,,1963,data/raw/drugsatfda_data_files_1938_1964/Submissions_1938_1964.txt,https://www.accessdata.fda.gov/scripts/cder/daf/index.cfm?event=overview.process&varApplNo=050168,Verified - verbatim from official Drugs@FDA database extract,Official Drugs@FDA Submissions 1938-1964: Appl 050168 SUPPL 14 status AP date 1963-10-04 00:00:00 class 3 priority 
NDA050170,050170,,SUPPL,10,AP,1963-10-04 00:00:00,3,,1963,data/raw/drugsatfda_data_files_1938_1964/Submissions_1938_1964.txt,https://www.accessdata.fda.gov/scripts/cder/daf/index.cfm?event=overview.process&varApplNo=050170,Verified - verbatim from official Drugs@FDA database extract,Official Drugs@FDA Submissions 1938-1964: Appl 050170 SUPPL 10 status AP date 1963-10-04 00:00:00 class 3 priority 
NDA050138,050138,KING PHARMS LLC,SUPPL,47,AP,1963-10-07 00:00:00,3,,1963,data/raw/drugsatfda_data_files_1938_1964/Submissions_1938_1964.txt,https://www.accessdata.fda.gov/scripts/cder/daf/index.cfm?event=overview.process&varApplNo=050138,Verified - verbatim from official Drugs@FDA database extract,Official Drugs@FDA Submissions 1938-1964: Appl 050138 SUPPL 47 status AP date 1963-10-07 00:00:00 class 3 priority 
NDA013636,013636,PFIZER,ORIG,1,AP,1963-10-15 00:00:00,14,STANDARD,1963,data/raw/drugsatfda_data_files_1938_1964/Submissions_1938_1964.txt,https://www.accessdata.fda.gov/scripts/cder/daf/index.cfm?event=overview.process&varApplNo=013636,Verified - verbatim from official Drugs@FDA database extract,Official Drugs@FDA Submissions 1938-1964: Appl 013636 ORIG 1 status AP date 1963-10-15 00:00:00 class 14 priority STANDARD
NDA050141,050141,KING PHARMS LLC,SUPPL,78,AP,1963-10-16 00:00:00,3,,1963,data/raw/drugsatfda_data_files_1938_1964/Submissions_1938_1964.txt,https://www.accessdata.fda.gov/scripts/cder/daf/index.cfm?event=overview.process&varApplNo=050141,Verified - verbatim from official Drugs@FDA database extract,Official Drugs@FDA Submissions 1938-1964: Appl 050141 SUPPL 78 status AP date 1963-10-16 00:00:00 class 3 priority 
NDA050141,050141,KING PHARMS LLC,SUPPL,77,AP,1963-10-16 00:00:00,3,,1963,data/raw/drugsatfda_data_files_1938_1964/Submissions_1938_1964.txt,https://www.accessdata.fda.gov/scripts/cder/daf/index.cfm?event=overview.process&varApplNo=050141,Verified - verbatim from official Drugs@FDA database extract,Official Drugs@FDA Submissions 1938-1964: Appl 050141 SUPPL 77 status AP date 1963-10-16 00:00:00 class 3 priority 
NDA050168,050168,MONARCH PHARMS,SUPPL,15,AP,1963-10-17 00:00:00,3,,1963,data/raw/drugsatfda_data_files_1938_1964/Submissions_1938_1964.txt,https://www.accessdata.fda.gov/scripts/cder/daf/index.cfm?event=overview.process&varApplNo=050168,Verified - verbatim from official Drugs@FDA database extract,Official Drugs@FDA Submissions 1938-1964: Appl 050168 SUPPL 15 status AP date 1963-10-17 00:00:00 class 3 priority 
NDA013483,013483,SCHERING PLOUGH,ORIG,1,AP,1963-10-18 00:00:00,12,STANDARD,1963,data/raw/drugsatfda_data_files_1938_1964/Submissions_1938_1964.txt,https://www.accessdata.fda.gov/scripts/cder/daf/index.cfm?event=overview.process&varApplNo=013483,Verified - verbatim from official Drugs@FDA database extract,Official Drugs@FDA Submissions 1938-1964: Appl 013483 ORIG 1 status AP date 1963-10-18 00:00:00 class 12 priority STANDARD
NDA050141,050141,KING PHARMS LLC,SUPPL,76,AP,1963-10-18 00:00:00,3,,1963,data/raw/drugsatfda_data_files_1938_1964/Submissions_1938_1964.txt,https://www.accessdata.fda.gov/scripts/cder/daf/index.cfm?event=overview.process&varApplNo=050141,Verified - verbatim from official Drugs@FDA database extract,Official Drugs@FDA Submissions 1938-1964: Appl 050141 SUPPL 76 status AP date 1963-10-18 00:00:00 class 3 priority 
NDA050263,050263,LEDERLE,SUPPL,39,AP,1963-10-18 00:00:00,3,,1963,data/raw/drugsatfda_data_files_1938_1964/Submissions_1938_1964.txt,https://www.accessdata.fda.gov/scripts/cder/daf/index.cfm?event=overview.process&varApplNo=050263,Verified - verbatim from official Drugs@FDA database extract,Official Drugs@FDA Submissions 1938-1964: Appl 050263 SUPPL 39 status AP date 1963-10-18 00:00:00 class 3 priority 
NDA050263,050263,LEDERLE,SUPPL,40,AP,1963-10-18 00:00:00,2,,1963,data/raw/drugsatfda_data_files_1938_1964/Submissions_1938_1964.txt,https://www.accessdata.fda.gov/scripts/cder/daf/index.cfm?event=overview.process&varApplNo=050263,Verified - verbatim from official Drugs@FDA database extract,Official Drugs@FDA Submissions 1938-1964: Appl 050263 SUPPL 40 status AP date 1963-10-18 00:00:00 class 2 priority 
NDA050081,050081,ALLERGAN,SUPPL,7,AP,1963-10-23 00:00:00,3,,1963,data/raw/drugsatfda_data_files_1938_1964/Submissions_1938_1964.txt,https://www.accessdata.fda.gov/scripts/cder/daf/index.cfm?event=overview.process&varApplNo=050081,Verified - verbatim from official Drugs@FDA database extract,Official Drugs@FDA Submissions 1938-1964: Appl 050081 SUPPL 7 status AP date 1963-10-23 00:00:00 class 3 priority 
NDA050276,050276,LEDERLE,SUPPL,26,AP,1963-10-24 00:00:00,4,,1963,data/raw/drugsatfda_data_files_1938_1964/Submissions_1938_1964.txt,https://www.accessdata.fda.gov/scripts/cder/daf/index.cfm?event=overview.process&varApplNo=050276,Verified - verbatim from official Drugs@FDA database extract,Official Drugs@FDA Submissions 1938-1964: Appl 050276 SUPPL 26 status AP date 1963-10-24 00:00:00 class 4 priority 
NDA050165,050165,,SUPPL,9,AP,1963-11-07 00:00:00,3,,1963,data/raw/drugsatfda_data_files_1938_1964/Submissions_1938_1964.txt,https://www.accessdata.fda.gov/scripts/cder/daf/index.cfm?event=overview.process&varApplNo=050165,Verified - verbatim from official Drugs@FDA database extract,Official Drugs@FDA Submissions 1938-1964: Appl 050165 SUPPL 9 status AP date 1963-11-07 00:00:00 class 3 priority 
NDA050257,050257,LEDERLE,SUPPL,20,AP,1963-11-12 00:00:00,3,,1963,data/raw/drugsatfda_data_files_1938_1964/Submissions_1938_1964.txt,https://www.accessdata.fda.gov/scripts/cder/daf/index.cfm?event=overview.process&varApplNo=050257,Verified - verbatim from official Drugs@FDA database extract,Official Drugs@FDA Submissions 1938-1964: Appl 050257 SUPPL 20 status AP date 1963-11-12 00:00:00 class 3 priority 
NDA050262,050262,LEDERLE,SUPPL,27,AP,1963-11-12 00:00:00,3,,1963,data/raw/drugsatfda_data_files_1938_1964/Submissions_1938_1964.txt,https://www.accessdata.fda.gov/scripts/cder/daf/index.cfm?event=overview.process&varApplNo=050262,Verified - verbatim from official Drugs@FDA database extract,Official Drugs@FDA Submissions 1938-1964: Appl 050262 SUPPL 27 status AP date 1963-11-12 00:00:00 class 3 priority 
NDA013263,013263,WAYLIS THERAP,ORIG,1,AP,1963-11-15 00:00:00,7,STANDARD,1963,data/raw/drugsatfda_data_files_1938_1964/Submissions_1938_1964.txt,https://www.accessdata.fda.gov/scripts/cder/daf/index.cfm?event=overview.process&varApplNo=013263,Verified - verbatim from official Drugs@FDA database extract,Official Drugs@FDA Submissions 1938-1964: Appl 013263 ORIG 1 status AP date 1963-11-15 00:00:00 class 7 priority STANDARD
NDA050138,050138,KING PHARMS LLC,SUPPL,51,AP,1963-11-15 00:00:00,3,,1963,data/raw/drugsatfda_data_files_1938_1964/Submissions_1938_1964.txt,https://www.accessdata.fda.gov/scripts/cder/daf/index.cfm?event=overview.process&varApplNo=050138,Verified - verbatim from official Drugs@FDA database extract,Official Drugs@FDA Submissions 1938-1964: Appl 050138 SUPPL 51 status AP date 1963-11-15 00:00:00 class 3 priority 
NDA050170,050170,,SUPPL,11,AP,1963-11-21 00:00:00,3,,1963,data/raw/drugsatfda_data_files_1938_1964/Submissions_1938_1964.txt,https://www.accessdata.fda.gov/scripts/cder/daf/index.cfm?event=overview.process&varApplNo=050170,Verified - verbatim from official Drugs@FDA database extract,Official Drugs@FDA Submissions 1938-1964: Appl 050170 SUPPL 11 status AP date 1963-11-21 00:00:00 class 3 priority 
NDA050262,050262,LEDERLE,SUPPL,19,AP,1963-11-21 00:00:00,4,,1963,data/raw/drugsatfda_data_files_1938_1964/Submissions_1938_1964.txt,https://www.accessdata.fda.gov/scripts/cder/daf/index.cfm?event=overview.process&varApplNo=050262,Verified - verbatim from official Drugs@FDA database extract,Official Drugs@FDA Submissions 1938-1964: Appl 050262 SUPPL 19 status AP date 1963-11-21 00:00:00 class 4 priority 
NDA050141,050141,KING PHARMS LLC,SUPPL,80,AP,1963-11-22 00:00:00,3,,1963,data/raw/drugsatfda_data_files_1938_1964/Submissions_1938_1964.txt,https://www.accessdata.fda.gov/scripts/cder/daf/index.cfm?event=overview.process&varApplNo=050141,Verified - verbatim from official Drugs@FDA database extract,Official Drugs@FDA Submissions 1938-1964: Appl 050141 SUPPL 80 status AP date 1963-11-22 00:00:00 class 3 priority 
NDA050141,050141,KING PHARMS LLC,SUPPL,79,AP,1963-12-09 00:00:00,3,,1963,data/raw/drugsatfda_data_files_1938_1964/Submissions_1938_1964.txt,https://www.accessdata.fda.gov/scripts/cder/daf/index.cfm?event=overview.process&varApplNo=050141,Verified - verbatim from official Drugs@FDA database extract,Official Drugs@FDA Submissions 1938-1964: Appl 050141 SUPPL 79 status AP date 1963-12-09 00:00:00 class 3 priority 
NDA014349,014349,PERSONAL PRODS,ORIG,1,AP,1963-12-10 00:00:00,12,STANDARD,1963,data/raw/drugsatfda_data_files_1938_1964/Submissions_1938_1964.txt,https://www.accessdata.fda.gov/scripts/cder/daf/index.cfm?event=overview.process&varApplNo=014349,Verified - verbatim from official Drugs@FDA database extract,Official Drugs@FDA Submissions 1938-1964: Appl 014349 ORIG 1 status AP date 1963-12-10 00:00:00 class 12 priority STANDARD
NDA050138,050138,KING PHARMS LLC,SUPPL,46,AP,1963-12-10 00:00:00,3,,1963,data/raw/drugsatfda_data_files_1938_1964/Submissions_1938_1964.txt,https://www.accessdata.fda.gov/scripts/cder/daf/index.cfm?event=overview.process&varApplNo=050138,Verified - verbatim from official Drugs@FDA database extract,Official Drugs@FDA Submissions 1938-1964: Appl 050138 SUPPL 46 status AP date 1963-12-10 00:00:00 class 3 priority 
NDA050156,050156,PARKEDALE,SUPPL,16,AP,1963-12-10 00:00:00,3,,1963,data/raw/drugsatfda_data_files_1938_1964/Submissions_1938_1964.txt,https://www.accessdata.fda.gov/scripts/cder/daf/index.cfm?event=overview.process&varApplNo=050156,Verified - verbatim from official Drugs@FDA database extract,Official Drugs@FDA Submissions 1938-1964: Appl 050156 SUPPL 16 status AP date 1963-12-10 00:00:00 class 3 priority 
NDA050156,050156,PARKEDALE,SUPPL,15,AP,1963-12-10 00:00:00,3,,1963,data/raw/drugsatfda_data_files_1938_1964/Submissions_1938_1964.txt,https://www.accessdata.fda.gov/scripts/cder/daf/index.cfm?event=overview.process&varApplNo=050156,Verified - verbatim from official Drugs@FDA database extract,Official Drugs@FDA Submissions 1938-1964: Appl 050156 SUPPL 15 status AP date 1963-12-10 00:00:00 class 3 priority 
NDA050201,050201,PARKEDALE,SUPPL,11,AP,1963-12-10 00:00:00,3,,1963,data/raw/drugsatfda_data_files_1938_1964/Submissions_1938_1964.txt,https://www.accessdata.fda.gov/scripts/cder/daf/index.cfm?event=overview.process&varApplNo=050201,Verified - verbatim from official Drugs@FDA database extract,Official Drugs@FDA Submissions 1938-1964: Appl 050201 SUPPL 11 status AP date 1963-12-10 00:00:00 class 3 priority 
NDA050205,050205,PARKEDALE,SUPPL,11,AP,1963-12-10 00:00:00,3,,1963,data/raw/drugsatfda_data_files_1938_1964/Submissions_1938_1964.txt,https://www.accessdata.fda.gov/scripts/cder/daf/index.cfm?event=overview.process&varApplNo=050205,Verified - verbatim from official Drugs@FDA database extract,Official Drugs@FDA Submissions 1938-1964: Appl 050205 SUPPL 11 status AP date 1963-12-10 00:00:00 class 3 priority 
NDA012311,012311,,ORIG,1,AP,1963-12-17 00:00:00,15,STANDARD,1963,data/raw/drugsatfda_data_files_1938_1964/Submissions_1938_1964.txt,https://www.accessdata.fda.gov/scripts/cder/daf/index.cfm?event=overview.process&varApplNo=012311,Verified - verbatim from official Drugs@FDA database extract,Official Drugs@FDA Submissions 1938-1964: Appl 012311 ORIG 1 status AP date 1963-12-17 00:00:00 class 15 priority STANDARD
NDA050138,050138,KING PHARMS LLC,SUPPL,52,AP,1963-12-23 00:00:00,3,,1963,data/raw/drugsatfda_data_files_1938_1964/Submissions_1938_1964.txt,https://www.accessdata.fda.gov/scripts/cder/daf/index.cfm?event=overview.process&varApplNo=050138,Verified - verbatim from official Drugs@FDA database extract,Official Drugs@FDA Submissions 1938-1964: Appl 050138 SUPPL 52 status AP date 1963-12-23 00:00:00 class 3 priority 
NDA050141,050141,KING PHARMS LLC,SUPPL,81,AP,1963-12-26 00:00:00,3,,1963,data/raw/drugsatfda_data_files_1938_1964/Submissions_1938_1964.txt,https://www.accessdata.fda.gov/scripts/cder/daf/index.cfm?event=overview.process&varApplNo=050141,Verified - verbatim from official Drugs@FDA database extract,Official Drugs@FDA Submissions 1938-1964: Appl 050141 SUPPL 81 status AP date 1963-12-26 00:00:00 class 3 priority 
NDA050257,050257,LEDERLE,SUPPL,21,AP,1964-01-08 00:00:00,3,,1964,data/raw/drugsatfda_data_files_1938_1964/Submissions_1938_1964.txt,https://www.accessdata.fda.gov/scripts/cder/daf/index.cfm?event=overview.process&varApplNo=050257,Verified - verbatim from official Drugs@FDA database extract,Official Drugs@FDA Submissions 1938-1964: Appl 050257 SUPPL 21 status AP date 1964-01-08 00:00:00 class 3 priority 
NDA050262,050262,LEDERLE,SUPPL,28,AP,1964-01-14 00:00:00,3,,1964,data/raw/drugsatfda_data_files_1938_1964/Submissions_1938_1964.txt,https://www.accessdata.fda.gov/scripts/cder/daf/index.cfm?event=overview.process&varApplNo=050262,Verified - verbatim from official Drugs@FDA database extract,Official Drugs@FDA Submissions 1938-1964: Appl 050262 SUPPL 28 status AP date 1964-01-14 00:00:00 class 3 priority 
NDA050257,050257,LEDERLE,SUPPL,22,AP,1964-01-15 00:00:00,3,,1964,data/raw/drugsatfda_data_files_1938_1964/Submissions_1938_1964.txt,https://www.accessdata.fda.gov/scripts/cder/daf/index.cfm?event=overview.process&varApplNo=050257,Verified - verbatim from official Drugs@FDA database extract,Official Drugs@FDA Submissions 1938-1964: Appl 050257 SUPPL 22 status AP date 1964-01-15 00:00:00 class 3 priority 
NDA050262,050262,LEDERLE,SUPPL,29,AP,1964-01-15 00:00:00,3,,1964,data/raw/drugsatfda_data_files_1938_1964/Submissions_1938_1964.txt,https://www.accessdata.fda.gov/scripts/cder/daf/index.cfm?event=overview.process&varApplNo=050262,Verified - verbatim from official Drugs@FDA database extract,Official Drugs@FDA Submissions 1938-1964: Appl 050262 SUPPL 29 status AP date 1964-01-15 00:00:00 class 3 priority 
NDA050170,050170,,SUPPL,12,AP,1964-01-16 00:00:00,3,,1964,data/raw/drugsatfda_data_files_1938_1964/Submissions_1938_1964.txt,https://www.accessdata.fda.gov/scripts/cder/daf/index.cfm?event=overview.process&varApplNo=050170,Verified - verbatim from official Drugs@FDA database extract,Official Drugs@FDA Submissions 1938-1964: Appl 050170 SUPPL 12 status AP date 1964-01-16 00:00:00 class 3 priority 
NDA014691,014691,APOTEX,ORIG,1,AP,1964-01-17 00:00:00,7,PRIORITY,1964,data/raw/drugsatfda_data_files_1938_1964/Submissions_1938_1964.txt,https://www.accessdata.fda.gov/scripts/cder/daf/index.cfm?event=overview.process&varApplNo=014691,Verified - verbatim from official Drugs@FDA database extract,Official Drugs@FDA Submissions 1938-1964: Appl 014691 ORIG 1 status AP date 1964-01-17 00:00:00 class 7 priority PRIORITY
NDA060170,060170,,ORIG,1,AP,1964-01-20 00:00:00,,,1964,data/raw/drugsatfda_data_files_1938_1964/Submissions_1938_1964.txt,https://www.accessdata.fda.gov/scripts/cder/daf/index.cfm?event=overview.process&varApplNo=060170,Verified - verbatim from official Drugs@FDA database extract,Official Drugs@FDA Submissions 1938-1964: Appl 060170 ORIG 1 status AP date 1964-01-20 00:00:00 class  priority 
NDA050257,050257,LEDERLE,SUPPL,23,AP,1964-01-23 00:00:00,3,,1964,data/raw/drugsatfda_data_files_1938_1964/Submissions_1938_1964.txt,https://www.accessdata.fda.gov/scripts/cder/daf/index.cfm?event=overview.process&varApplNo=050257,Verified - verbatim from official Drugs@FDA database extract,Official Drugs@FDA Submissions 1938-1964: Appl 050257 SUPPL 23 status AP date 1964-01-23 00:00:00 class 3 priority 
NDA060869,060869,PROTER,ORIG,1,AP,1964-01-29 00:00:00,,,1964,data/raw/drugsatfda_data_files_1938_1964/Submissions_1938_1964.txt,https://www.accessdata.fda.gov/scripts/cder/daf/index.cfm?event=overview.process&varApplNo=060869,Verified - verbatim from official Drugs@FDA database extract,Official Drugs@FDA Submissions 1938-1964: Appl 060869 ORIG 1 status AP date 1964-01-29 00:00:00 class  priority 
NDA060467,060467,,ORIG,1,AP,1964-02-04 00:00:00,19,UNKNOWN,1964,data/raw/drugsatfda_data_files_1938_1964/Submissions_1938_1964.txt,https://www.accessdata.fda.gov/scripts/cder/daf/index.cfm?event=overview.process&varApplNo=060467,Verified - verbatim from official Drugs@FDA database extract,Official Drugs@FDA Submissions 1938-1964: Appl 060467 ORIG 1 status AP date 1964-02-04 00:00:00 class 19 priority UNKNOWN
NDA050141,050141,KING PHARMS LLC,SUPPL,82,AP,1964-02-10 00:00:00,3,,1964,data/raw/drugsatfda_data_files_1938_1964/Submissions_1938_1964.txt,https://www.accessdata.fda.gov/scripts/cder/daf/index.cfm?event=overview.process&varApplNo=050141,Verified - verbatim from official Drugs@FDA database extract,Official Drugs@FDA Submissions 1938-1964: Appl 050141 SUPPL 82 status AP date 1964-02-10 00:00:00 class 3 priority 
NDA050218,050218,MONARCH PHARMS,SUPPL,12,AP,1964-03-03 00:00:00,3,,1964,data/raw/drugsatfda_data_files_1938_1964/Submissions_1938_1964.txt,https://www.accessdata.fda.gov/scripts/cder/daf/index.cfm?event=overview.process&varApplNo=050218,Verified - verbatim from official Drugs@FDA database extract,Official Drugs@FDA Submissions 1938-1964: Appl 050218 SUPPL 12 status AP date 1964-03-03 00:00:00 class 3 priority 
NDA013416,013416,BAUSCH,ORIG,1,AP,1964-03-04 00:00:00,14,STANDARD,1964,data/raw/drugsatfda_data_files_1938_1964/Submissions_1938_1964.txt,https://www.accessdata.fda.gov/scripts/cder/daf/index.cfm?event=overview.process&varApplNo=013416,Verified - verbatim from official Drugs@FDA database extract,Official Drugs@FDA Submissions 1938-1964: Appl 013416 ORIG 1 status AP date 1964-03-04 00:00:00 class 14 priority STANDARD
NDA013625,013625,ACTAVIS LABS UT INC,ORIG,1,AP,1964-03-05 00:00:00,15,STANDARD,1964,data/raw/drugsatfda_data_files_1938_1964/Submissions_1938_1964.txt,https://www.accessdata.fda.gov/scripts/cder/daf/index.cfm?event=overview.process&varApplNo=013625,Verified - verbatim from official Drugs@FDA database extract,Official Drugs@FDA Submissions 1938-1964: Appl 013625 ORIG 1 status AP date 1964-03-05 00:00:00 class 15 priority STANDARD
NDA013077,013077,ASTRAZENECA,ORIG,1,AP,1964-03-06 00:00:00,14,STANDARD,1964,data/raw/drugsatfda_data_files_1938_1964/Submissions_1938_1964.txt,https://www.accessdata.fda.gov/scripts/cder/daf/index.cfm?event=overview.process&varApplNo=013077,Verified - verbatim from official Drugs@FDA database extract,Official Drugs@FDA Submissions 1938-1964: Appl 013077 ORIG 1 status AP date 1964-03-06 00:00:00 class 14 priority STANDARD
NDA014214,014214,SANOFI AVENTIS US,ORIG,1,AP,1964-03-06 00:00:00,7,PRIORITY,1964,data/raw/drugsatfda_data_files_1938_1964/Submissions_1938_1964.txt,https://www.accessdata.fda.gov/scripts/cder/daf/index.cfm?event=overview.process&varApplNo=014214,Verified - verbatim from official Drugs@FDA database extract,Official Drugs@FDA Submissions 1938-1964: Appl 014214 ORIG 1 status AP date 1964-03-06 00:00:00 class 7 priority PRIORITY
NDA010800,010800,,ORIG,1,AP,1964-03-11 00:00:00,15,STANDARD,1964,data/raw/drugsatfda_data_files_1938_1964/Submissions_1938_1964.txt,https://www.accessdata.fda.gov/scripts/cder/daf/index.cfm?event=overview.process&varApplNo=010800,Verified - verbatim from official Drugs@FDA database extract,Official Drugs@FDA Submissions 1938-1964: Appl 010800 ORIG 1 status AP date 1964-03-11 00:00:00 class 15 priority STANDARD
NDA014127,014127,ASTRAZENECA,ORIG,1,AP,1964-03-11 00:00:00,12,PRIORITY,1964,data/raw/drugsatfda_data_files_1938_1964/Submissions_1938_1964.txt,https://www.accessdata.fda.gov/scripts/cder/daf/index.cfm?event=overview.process&varApplNo=014127,Verified - verbatim from official Drugs@FDA database extract,Official Drugs@FDA Submissions 1938-1964: Appl 014127 ORIG 1 status AP date 1964-03-11 00:00:00 class 12 priority PRIORITY
NDA014134,014134,BAXTER HLTHCARE CORP,ORIG,1,AP,1964-03-11 00:00:00,7,PRIORITY,1964,data/raw/drugsatfda_data_files_1938_1964/Submissions_1938_1964.txt,https://www.accessdata.fda.gov/scripts/cder/daf/index.cfm?event=overview.process&varApplNo=014134,Verified - verbatim from official Drugs@FDA database extract,Official Drugs@FDA Submissions 1938-1964: Appl 014134 ORIG 1 status AP date 1964-03-11 00:00:00 class 7 priority PRIORITY
NDA014122,014122,WYETH AYERST,ORIG,1,AP,1964-03-12 00:00:00,12,PRIORITY,1964,data/raw/drugsatfda_data_files_1938_1964/Submissions_1938_1964.txt,https://www.accessdata.fda.gov/scripts/cder/daf/index.cfm?event=overview.process&varApplNo=014122,Verified - verbatim from official Drugs@FDA database extract,Official Drugs@FDA Submissions 1938-1964: Appl 014122 ORIG 1 status AP date 1964-03-12 00:00:00 class 12 priority PRIORITY
NDA050170,050170,,SUPPL,15,AP,1964-03-19 00:00:00,3,,1964,data/raw/drugsatfda_data_files_1938_1964/Submissions_1938_1964.txt,https://www.accessdata.fda.gov/scripts/cder/daf/index.cfm?event=overview.process&varApplNo=050170,Verified - verbatim from official Drugs@FDA database extract,Official Drugs@FDA Submissions 1938-1964: Appl 050170 SUPPL 15 status AP date 1964-03-19 00:00:00 class 3 priority 
NDA013638,013638,,ORIG,1,AP,1964-04-01 00:00:00,7,STANDARD,1964,data/raw/drugsatfda_data_files_1938_1964/Submissions_1938_1964.txt,https://www.accessdata.fda.gov/scripts/cder/daf/index.cfm?event=overview.process&varApplNo=013638,Verified - verbatim from official Drugs@FDA database extract,Official Drugs@FDA Submissions 1938-1964: Appl 013638 ORIG 1 status AP date 1964-04-01 00:00:00 class 7 priority STANDARD
NDA050294,050294,PARKE DAVIS,ORIG,1,AP,1964-04-01 00:00:00,19,UNKNOWN,1964,data/raw/drugsatfda_data_files_1938_1964/Submissions_1938_1964.txt,https://www.accessdata.fda.gov/scripts/cder/daf/index.cfm?event=overview.process&varApplNo=050294,Verified - verbatim from official Drugs@FDA database extract,Official Drugs@FDA Submissions 1938-1964: Appl 050294 ORIG 1 status AP date 1964-04-01 00:00:00 class 19 priority UNKNOWN
NDA050170,050170,,SUPPL,13,AP,1964-04-02 00:00:00,3,,1964,data/raw/drugsatfda_data_files_1938_1964/Submissions_1938_1964.txt,https://www.accessdata.fda.gov/scripts/cder/daf/index.cfm?event=overview.process&varApplNo=050170,Verified - verbatim from official Drugs@FDA database extract,Official Drugs@FDA Submissions 1938-1964: Appl 050170 SUPPL 13 status AP date 1964-04-02 00:00:00 class 3 priority 
NDA013787,013787,,ORIG,1,AP,1964-04-06 00:00:00,,,1964,data/raw/drugsatfda_data_files_1938_1964/Submissions_1938_1964.txt,https://www.accessdata.fda.gov/scripts/cder/daf/index.cfm?event=overview.process&varApplNo=013787,Verified - verbatim from official Drugs@FDA database extract,Official Drugs@FDA Submissions 1938-1964: Appl 013787 ORIG 1 status AP date 1964-04-06 00:00:00 class  priority 
NDA013934,013934,GLAXOSMITHKLINE,ORIG,1,AP,1964-04-06 00:00:00,15,STANDARD,1964,data/raw/drugsatfda_data_files_1938_1964/Submissions_1938_1964.txt,https://www.accessdata.fda.gov/scripts/cder/daf/index.cfm?event=overview.process&varApplNo=013934,Verified - verbatim from official Drugs@FDA database extract,Official Drugs@FDA Submissions 1938-1964: Appl 013934 ORIG 1 status AP date 1964-04-06 00:00:00 class 15 priority STANDARD
NDA014215,014215,MERCK SHARP DOHME,ORIG,1,AP,1964-04-13 00:00:00,12,STANDARD,1964,data/raw/drugsatfda_data_files_1938_1964/Submissions_1938_1964.txt,https://www.accessdata.fda.gov/scripts/cder/daf/index.cfm?event=overview.process&varApplNo=014215,Verified - verbatim from official Drugs@FDA database extract,Official Drugs@FDA Submissions 1938-1964: Appl 014215 ORIG 1 status AP date 1964-04-13 00:00:00 class 12 priority STANDARD
NDA015072,015072,MALLARD,ORIG,1,AP,1964-04-13 00:00:00,15,STANDARD,1964,data/raw/drugsatfda_data_files_1938_1964/Submissions_1938_1964.txt,https://www.accessdata.fda.gov/scripts/cder/daf/index.cfm?event=overview.process&varApplNo=015072,Verified - verbatim from official Drugs@FDA database extract,Official Drugs@FDA Submissions 1938-1964: Appl 015072 ORIG 1 status AP date 1964-04-13 00:00:00 class 15 priority STANDARD
NDA050294,050294,PARKE DAVIS,SUPPL,5,AP,1964-04-14 00:00:00,3,,1964,data/raw/drugsatfda_data_files_1938_1964/Submissions_1938_1964.txt,https://www.accessdata.fda.gov/scripts/cder/daf/index.cfm?event=overview.process&varApplNo=050294,Verified - verbatim from official Drugs@FDA database extract,Official Drugs@FDA Submissions 1938-1964: Appl 050294 SUPPL 5 status AP date 1964-04-14 00:00:00 class 3 priority 
NDA050294,050294,PARKE DAVIS,SUPPL,6,AP,1964-04-14 00:00:00,3,,1964,data/raw/drugsatfda_data_files_1938_1964/Submissions_1938_1964.txt,https://www.accessdata.fda.gov/scripts/cder/daf/index.cfm?event=overview.process&varApplNo=050294,Verified - verbatim from official Drugs@FDA database extract,Official Drugs@FDA Submissions 1938-1964: Appl 050294 SUPPL 6 status AP date 1964-04-14 00:00:00 class 3 priority 
NDA050356,050356,PH HEALTH,SUPPL,7,AP,1964-04-16 00:00:00,4,,1964,data/raw/drugsatfda_data_files_1938_1964/Submissions_1938_1964.txt,https://www.accessdata.fda.gov/scripts/cder/daf/index.cfm?event=overview.process&varApplNo=050356,Verified - verbatim from official Drugs@FDA database extract,Official Drugs@FDA Submissions 1938-1964: Appl 050356 SUPPL 7 status AP date 1964-04-16 00:00:00 class 4 priority 
NDA050356,050356,PH HEALTH,SUPPL,8,AP,1964-04-16 00:00:00,4,,1964,data/raw/drugsatfda_data_files_1938_1964/Submissions_1938_1964.txt,https://www.accessdata.fda.gov/scripts/cder/daf/index.cfm?event=overview.process&varApplNo=050356,Verified - verbatim from official Drugs@FDA database extract,Official Drugs@FDA Submissions 1938-1964: Appl 050356 SUPPL 8 status AP date 1964-04-16 00:00:00 class 4 priority 
NDA050141,050141,KING PHARMS LLC,SUPPL,83,AP,1964-04-29 00:00:00,3,,1964,data/raw/drugsatfda_data_files_1938_1964/Submissions_1938_1964.txt,https://www.accessdata.fda.gov/scripts/cder/daf/index.cfm?event=overview.process&varApplNo=050141,Verified - verbatim from official Drugs@FDA database extract,Official Drugs@FDA Submissions 1938-1964: Appl 050141 SUPPL 83 status AP date 1964-04-29 00:00:00 class 3 priority 
NDA016025,016025,,ORIG,1,AP,1964-05-05 00:00:00,15,STANDARD,1964,data/raw/drugsatfda_data_files_1938_1964/Submissions_1938_1964.txt,https://www.accessdata.fda.gov/scripts/cder/daf/index.cfm?event=overview.process&varApplNo=016025,Verified - verbatim from official Drugs@FDA database extract,Official Drugs@FDA Submissions 1938-1964: Appl 016025 ORIG 1 status AP date 1964-05-05 00:00:00 class 15 priority STANDARD
NDA015103,015103,SANOFI AVENTIS US,ORIG,1,AP,1964-05-08 00:00:00,14,STANDARD,1964,data/raw/drugsatfda_data_files_1938_1964/Submissions_1938_1964.txt,https://www.accessdata.fda.gov/scripts/cder/daf/index.cfm?event=overview.process&varApplNo=015103,Verified - verbatim from official Drugs@FDA database extract,Official Drugs@FDA Submissions 1938-1964: Appl 015103 ORIG 1 status AP date 1964-05-08 00:00:00 class 14 priority STANDARD
NDA050218,050218,MONARCH PHARMS,SUPPL,14,AP,1964-05-08 00:00:00,3,,1964,data/raw/drugsatfda_data_files_1938_1964/Submissions_1938_1964.txt,https://www.accessdata.fda.gov/scripts/cder/daf/index.cfm?event=overview.process&varApplNo=050218,Verified - verbatim from official Drugs@FDA database extract,Official Drugs@FDA Submissions 1938-1964: Appl 050218 SUPPL 14 status AP date 1964-05-08 00:00:00 class 3 priority 
NDA050218,050218,MONARCH PHARMS,SUPPL,13,AP,1964-05-08 00:00:00,4,,1964,data/raw/drugsatfda_data_files_1938_1964/Submissions_1938_1964.txt,https://www.accessdata.fda.gov/scripts/cder/daf/index.cfm?event=overview.process&varApplNo=050218,Verified - verbatim from official Drugs@FDA database extract,Official Drugs@FDA Submissions 1938-1964: Appl 050218 SUPPL 13 status AP date 1964-05-08 00:00:00 class 4 priority 
NDA050356,050356,PH HEALTH,SUPPL,9,AP,1964-05-14 00:00:00,4,,1964,data/raw/drugsatfda_data_files_1938_1964/Submissions_1938_1964.txt,https://www.accessdata.fda.gov/scripts/cder/daf/index.cfm?event=overview.process&varApplNo=050356,Verified - verbatim from official Drugs@FDA database extract,Official Drugs@FDA Submissions 1938-1964: Appl 050356 SUPPL 9 status AP date 1964-05-14 00:00:00 class 4 priority 
NDA015296,015296,EUROFARMA,ORIG,1,AP,1964-05-27 00:00:00,12,STANDARD,1964,data/raw/drugsatfda_data_files_1938_1964/Submissions_1938_1964.txt,https://www.accessdata.fda.gov/scripts/cder/daf/index.cfm?event=overview.process&varApplNo=015296,Verified - verbatim from official Drugs@FDA database extract,Official Drugs@FDA Submissions 1938-1964: Appl 015296 ORIG 1 status AP date 1964-05-27 00:00:00 class 12 priority STANDARD
NDA060307,060307,TEVA,ORIG,1,AP,1964-05-27 00:00:00,,,1964,data/raw/drugsatfda_data_files_1938_1964/Submissions_1938_1964.txt,https://www.accessdata.fda.gov/scripts/cder/daf/index.cfm?event=overview.process&varApplNo=060307,Verified - verbatim from official Drugs@FDA database extract,Official Drugs@FDA Submissions 1938-1964: Appl 060307 ORIG 1 status AP date 1964-05-27 00:00:00 class  priority 
NDA014005,014005,ORGANON USA INC,ORIG,1,AP,1964-05-28 00:00:00,7,STANDARD,1964,data/raw/drugsatfda_data_files_1938_1964/Submissions_1938_1964.txt,https://www.accessdata.fda.gov/scripts/cder/daf/index.cfm?event=overview.process&varApplNo=014005,Verified - verbatim from official Drugs@FDA database extract,Official Drugs@FDA Submissions 1938-1964: Appl 014005 ORIG 1 status AP date 1964-05-28 00:00:00 class 7 priority STANDARD
NDA015197,015197,HIKMA,ORIG,1,AP,1964-06-03 00:00:00,7,PRIORITY,1964,data/raw/drugsatfda_data_files_1938_1964/Submissions_1938_1964.txt,https://www.accessdata.fda.gov/scripts/cder/daf/index.cfm?event=overview.process&varApplNo=015197,Verified - verbatim from official Drugs@FDA database extract,Official Drugs@FDA Submissions 1938-1964: Appl 015197 ORIG 1 status AP date 1964-06-03 00:00:00 class 7 priority PRIORITY
NDA050138,050138,KING PHARMS LLC,SUPPL,53,AP,1964-06-03 00:00:00,3,,1964,data/raw/drugsatfda_data_files_1938_1964/Submissions_1938_1964.txt,https://www.accessdata.fda.gov/scripts/cder/daf/index.cfm?event=overview.process&varApplNo=050138,Verified - verbatim from official Drugs@FDA database extract,Official Drugs@FDA Submissions 1938-1964: Appl 050138 SUPPL 53 status AP date 1964-06-03 00:00:00 class 3 priority 
NDA015230,015230,HIKMA,ORIG,1,AP,1964-06-04 00:00:00,12,PRIORITY,1964,data/raw/drugsatfda_data_files_1938_1964/Submissions_1938_1964.txt,https://www.accessdata.fda.gov/scripts/cder/daf/index.cfm?event=overview.process&varApplNo=015230,Verified - verbatim from official Drugs@FDA database extract,Official Drugs@FDA Submissions 1938-1964: Appl 015230 ORIG 1 status AP date 1964-06-04 00:00:00 class 12 priority PRIORITY
NDA013684,013684,BAXTER HLTHCARE,ORIG,1,AP,1964-06-08 00:00:00,15,STANDARD,1964,data/raw/drugsatfda_data_files_1938_1964/Submissions_1938_1964.txt,https://www.accessdata.fda.gov/scripts/cder/daf/index.cfm?event=overview.process&varApplNo=013684,Verified - verbatim from official Drugs@FDA database extract,Official Drugs@FDA Submissions 1938-1964: Appl 013684 ORIG 1 status AP date 1964-06-08 00:00:00 class 15 priority STANDARD
NDA015229,015229,EPIC PHARMA LLC,ORIG,1,AP,1964-06-08 00:00:00,12,PRIORITY,1964,data/raw/drugsatfda_data_files_1938_1964/Submissions_1938_1964.txt,https://www.accessdata.fda.gov/scripts/cder/daf/index.cfm?event=overview.process&varApplNo=015229,Verified - verbatim from official Drugs@FDA database extract,Official Drugs@FDA Submissions 1938-1964: Appl 015229 ORIG 1 status AP date 1964-06-08 00:00:00 class 12 priority PRIORITY
NDA050262,050262,LEDERLE,SUPPL,30,AP,1964-06-09 00:00:00,3,,1964,data/raw/drugsatfda_data_files_1938_1964/Submissions_1938_1964.txt,https://www.accessdata.fda.gov/scripts/cder/daf/index.cfm?event=overview.process&varApplNo=050262,Verified - verbatim from official Drugs@FDA database extract,Official Drugs@FDA Submissions 1938-1964: Appl 050262 SUPPL 30 status AP date 1964-06-09 00:00:00 class 3 priority 
NDA050263,050263,LEDERLE,SUPPL,43,AP,1964-06-19 00:00:00,3,,1964,data/raw/drugsatfda_data_files_1938_1964/Submissions_1938_1964.txt,https://www.accessdata.fda.gov/scripts/cder/daf/index.cfm?event=overview.process&varApplNo=050263,Verified - verbatim from official Drugs@FDA database extract,Official Drugs@FDA Submissions 1938-1964: Appl 050263 SUPPL 43 status AP date 1964-06-19 00:00:00 class 3 priority 
NDA050081,050081,ALLERGAN,SUPPL,10,AP,1964-06-23 00:00:00,4,,1964,data/raw/drugsatfda_data_files_1938_1964/Submissions_1938_1964.txt,https://www.accessdata.fda.gov/scripts/cder/daf/index.cfm?event=overview.process&varApplNo=050081,Verified - verbatim from official Drugs@FDA database extract,Official Drugs@FDA Submissions 1938-1964: Appl 050081 SUPPL 10 status AP date 1964-06-23 00:00:00 class 4 priority 
NDA050257,050257,LEDERLE,SUPPL,24,AP,1964-06-23 00:00:00,3,,1964,data/raw/drugsatfda_data_files_1938_1964/Submissions_1938_1964.txt,https://www.accessdata.fda.gov/scripts/cder/daf/index.cfm?event=overview.process&varApplNo=050257,Verified - verbatim from official Drugs@FDA database extract,Official Drugs@FDA Submissions 1938-1964: Appl 050257 SUPPL 24 status AP date 1964-06-23 00:00:00 class 3 priority 
NDA050263,050263,LEDERLE,SUPPL,44,AP,1964-06-23 00:00:00,3,,1964,data/raw/drugsatfda_data_files_1938_1964/Submissions_1938_1964.txt,https://www.accessdata.fda.gov/scripts/cder/daf/index.cfm?event=overview.process&varApplNo=050263,Verified - verbatim from official Drugs@FDA database extract,Official Drugs@FDA Submissions 1938-1964: Appl 050263 SUPPL 44 status AP date 1964-06-23 00:00:00 class 3 priority 
NDA050051,050051,WYETH AYERST,SUPPL,10,AP,1964-06-24 00:00:00,4,,1964,data/raw/drugsatfda_data_files_1938_1964/Submissions_1938_1964.txt,https://www.accessdata.fda.gov/scripts/cder/daf/index.cfm?event=overview.process&varApplNo=050051,Verified - verbatim from official Drugs@FDA database extract,Official Drugs@FDA Submissions 1938-1964: Appl 050051 SUPPL 10 status AP date 1964-06-24 00:00:00 class 4 priority 
NDA050184,050184,,ORIG,1,AP,1964-06-24 00:00:00,,,1964,data/raw/drugsatfda_data_files_1938_1964/Submissions_1938_1964.txt,https://www.accessdata.fda.gov/scripts/cder/daf/index.cfm?event=overview.process&varApplNo=050184,Verified - verbatim from official Drugs@FDA database extract,Official Drugs@FDA Submissions 1938-1964: Appl 050184 ORIG 1 status AP date 1964-06-24 00:00:00 class  priority 
NDA060359,060359,AZURITY,ORIG,1,AP,1964-06-24 00:00:00,,,1964,data/raw/drugsatfda_data_files_1938_1964/Submissions_1938_1964.txt,https://www.accessdata.fda.gov/scripts/cder/daf/index.cfm?event=overview.process&varApplNo=060359,Verified - verbatim from official Drugs@FDA database extract,Official Drugs@FDA Submissions 1938-1964: Appl 060359 ORIG 1 status AP date 1964-06-24 00:00:00 class  priority 
NDA060431,060431,,ORIG,1,AP,1964-06-24 00:00:00,,,1964,data/raw/drugsatfda_data_files_1938_1964/Submissions_1938_1964.txt,https://www.accessdata.fda.gov/scripts/cder/daf/index.cfm?event=overview.process&varApplNo=060431,Verified - verbatim from official Drugs@FDA database extract,Official Drugs@FDA Submissions 1938-1964: Appl 060431 ORIG 1 status AP date 1964-06-24 00:00:00 class  priority 
NDA050182,050182,HOSPIRA,ORIG,1,AP,1964-06-25 00:00:00,19,UNKNOWN,1964,data/raw/drugsatfda_data_files_1938_1964/Submissions_1938_1964.txt,https://www.accessdata.fda.gov/scripts/cder/daf/index.cfm?event=overview.process&varApplNo=050182,Verified - verbatim from official Drugs@FDA database extract,Official Drugs@FDA Submissions 1938-1964: Appl 050182 ORIG 1 status AP date 1964-06-25 00:00:00 class 19 priority UNKNOWN
NDA050365,050365,,ORIG,1,AP,1964-06-29 00:00:00,,,1964,data/raw/drugsatfda_data_files_1938_1964/Submissions_1938_1964.txt,https://www.accessdata.fda.gov/scripts/cder/daf/index.cfm?event=overview.process&varApplNo=050365,Verified - verbatim from official Drugs@FDA database extract,Official Drugs@FDA Submissions 1938-1964: Appl 050365 ORIG 1 status AP date 1964-06-29 00:00:00 class  priority 
NDA050368,050368,DISTA,ORIG,1,AP,1964-06-29 00:00:00,,,1964,data/raw/drugsatfda_data_files_1938_1964/Submissions_1938_1964.txt,https://www.accessdata.fda.gov/scripts/cder/daf/index.cfm?event=overview.process&varApplNo=050368,Verified - verbatim from official Drugs@FDA database extract,Official Drugs@FDA Submissions 1938-1964: Appl 050368 ORIG 1 status AP date 1964-06-29 00:00:00 class  priority 
NDA060559,060559,,ORIG,1,AP,1964-06-29 00:00:00,,,1964,data/raw/drugsatfda_data_files_1938_1964/Submissions_1938_1964.txt,https://www.accessdata.fda.gov/scripts/cder/daf/index.cfm?event=overview.process&varApplNo=060559,Verified - verbatim from official Drugs@FDA database extract,Official Drugs@FDA Submissions 1938-1964: Appl 060559 ORIG 1 status AP date 1964-06-29 00:00:00 class  priority 
NDA060593,060593,SANALUZ,ORIG,1,AP,1964-06-29 00:00:00,,,1964,data/raw/drugsatfda_data_files_1938_1964/Submissions_1938_1964.txt,https://www.accessdata.fda.gov/scripts/cder/daf/index.cfm?event=overview.process&varApplNo=060593,Verified - verbatim from official Drugs@FDA database extract,Official Drugs@FDA Submissions 1938-1964: Appl 060593 ORIG 1 status AP date 1964-06-29 00:00:00 class  priority 
NDA060716,060716,HIKMA,ORIG,1,AP,1964-06-29 00:00:00,,,1964,data/raw/drugsatfda_data_files_1938_1964/Submissions_1938_1964.txt,https://www.accessdata.fda.gov/scripts/cder/daf/index.cfm?event=overview.process&varApplNo=060716,Verified - verbatim from official Drugs@FDA database extract,Official Drugs@FDA Submissions 1938-1964: Appl 060716 ORIG 1 status AP date 1964-06-29 00:00:00 class  priority 
NDA060573,060573,,ORIG,1,AP,1964-06-30 00:00:00,,,1964,data/raw/drugsatfda_data_files_1938_1964/Submissions_1938_1964.txt,https://www.accessdata.fda.gov/scripts/cder/daf/index.cfm?event=overview.process&varApplNo=060573,Verified - verbatim from official Drugs@FDA database extract,Official Drugs@FDA Submissions 1938-1964: Appl 060573 ORIG 1 status AP date 1964-06-30 00:00:00 class  priority 
NDA050165,050165,,SUPPL,12,AP,1964-07-07 00:00:00,3,,1964,data/raw/drugsatfda_data_files_1938_1964/Submissions_1938_1964.txt,https://www.accessdata.fda.gov/scripts/cder/daf/index.cfm?event=overview.process&varApplNo=050165,Verified - verbatim from official Drugs@FDA database extract,Official Drugs@FDA Submissions 1938-1964: Appl 050165 SUPPL 12 status AP date 1964-07-07 00:00:00 class 3 priority 
NDA060577,060577,DELCOR ASSET CORP,ORIG,1,AP,1964-07-08 00:00:00,,,1964,data/raw/drugsatfda_data_files_1938_1964/Submissions_1938_1964.txt,https://www.accessdata.fda.gov/scripts/cder/daf/index.cfm?event=overview.process&varApplNo=060577,Verified - verbatim from official Drugs@FDA database extract,Official Drugs@FDA Submissions 1938-1964: Appl 060577 ORIG 1 status AP date 1964-07-08 00:00:00 class  priority 
NDA050165,050165,,SUPPL,13,AP,1964-07-09 00:00:00,3,,1964,data/raw/drugsatfda_data_files_1938_1964/Submissions_1938_1964.txt,https://www.accessdata.fda.gov/scripts/cder/daf/index.cfm?event=overview.process&varApplNo=050165,Verified - verbatim from official Drugs@FDA database extract,Official Drugs@FDA Submissions 1938-1964: Appl 050165 SUPPL 13 status AP date 1964-07-09 00:00:00 class 3 priority 
NDA050170,050170,,SUPPL,16,AP,1964-07-09 00:00:00,3,,1964,data/raw/drugsatfda_data_files_1938_1964/Submissions_1938_1964.txt,https://www.accessdata.fda.gov/scripts/cder/daf/index.cfm?event=overview.process&varApplNo=050170,Verified - verbatim from official Drugs@FDA database extract,Official Drugs@FDA Submissions 1938-1964: Appl 050170 SUPPL 16 status AP date 1964-07-09 00:00:00 class 3 priority 
NDA050251,050251,,SUPPL,18,AP,1964-07-09 00:00:00,3,,1964,data/raw/drugsatfda_data_files_1938_1964/Submissions_1938_1964.txt,https://www.accessdata.fda.gov/scripts/cder/daf/index.cfm?event=overview.process&varApplNo=050251,Verified - verbatim from official Drugs@FDA database extract,Official Drugs@FDA Submissions 1938-1964: Appl 050251 SUPPL 18 status AP date 1964-07-09 00:00:00 class 3 priority 
NDA050141,050141,KING PHARMS LLC,SUPPL,84,AP,1964-07-13 00:00:00,3,,1964,data/raw/drugsatfda_data_files_1938_1964/Submissions_1938_1964.txt,https://www.accessdata.fda.gov/scripts/cder/daf/index.cfm?event=overview.process&varApplNo=050141,Verified - verbatim from official Drugs@FDA database extract,Official Drugs@FDA Submissions 1938-1964: Appl 050141 SUPPL 84 status AP date 1964-07-13 00:00:00 class 3 priority 
NDA050182,050182,HOSPIRA,SUPPL,1,AP,1964-07-13 00:00:00,3,,1964,data/raw/drugsatfda_data_files_1938_1964/Submissions_1938_1964.txt,https://www.accessdata.fda.gov/scripts/cder/daf/index.cfm?event=overview.process&varApplNo=050182,Verified - verbatim from official Drugs@FDA database extract,Official Drugs@FDA Submissions 1938-1964: Appl 050182 SUPPL 1 status AP date 1964-07-13 00:00:00 class 3 priority 
NDA050257,050257,LEDERLE,SUPPL,25,AP,1964-07-14 00:00:00,3,,1964,data/raw/drugsatfda_data_files_1938_1964/Submissions_1938_1964.txt,https://www.accessdata.fda.gov/scripts/cder/daf/index.cfm?event=overview.process&varApplNo=050257,Verified - verbatim from official Drugs@FDA database extract,Official Drugs@FDA Submissions 1938-1964: Appl 050257 SUPPL 25 status AP date 1964-07-14 00:00:00 class 3 priority 
NDA050218,050218,MONARCH PHARMS,SUPPL,15,AP,1964-07-15 00:00:00,3,,1964,data/raw/drugsatfda_data_files_1938_1964/Submissions_1938_1964.txt,https://www.accessdata.fda.gov/scripts/cder/daf/index.cfm?event=overview.process&varApplNo=050218,Verified - verbatim from official Drugs@FDA database extract,Official Drugs@FDA Submissions 1938-1964: Appl 050218 SUPPL 15 status AP date 1964-07-15 00:00:00 class 3 priority 
NDA050182,050182,HOSPIRA,SUPPL,3,AP,1964-07-17 00:00:00,3,,1964,data/raw/drugsatfda_data_files_1938_1964/Submissions_1938_1964.txt,https://www.accessdata.fda.gov/scripts/cder/daf/index.cfm?event=overview.process&varApplNo=050182,Verified - verbatim from official Drugs@FDA database extract,Official Drugs@FDA Submissions 1938-1964: Appl 050182 SUPPL 3 status AP date 1964-07-17 00:00:00 class 3 priority 
NDA050165,050165,,SUPPL,14,AP,1964-07-21 00:00:00,3,,1964,data/raw/drugsatfda_data_files_1938_1964/Submissions_1938_1964.txt,https://www.accessdata.fda.gov/scripts/cder/daf/index.cfm?event=overview.process&varApplNo=050165,Verified - verbatim from official Drugs@FDA database extract,Official Drugs@FDA Submissions 1938-1964: Appl 050165 SUPPL 14 status AP date 1964-07-21 00:00:00 class 3 priority 
NDA014243,014243,,ORIG,1,AP,1964-07-23 00:00:00,7,STANDARD,1964,data/raw/drugsatfda_data_files_1938_1964/Submissions_1938_1964.txt,https://www.accessdata.fda.gov/scripts/cder/daf/index.cfm?event=overview.process&varApplNo=014243,Verified - verbatim from official Drugs@FDA database extract,Official Drugs@FDA Submissions 1938-1964: Appl 014243 ORIG 1 status AP date 1964-07-23 00:00:00 class 7 priority STANDARD
NDA012697,012697,VALEANT PHARM INTL,ORIG,1,AP,1964-07-24 00:00:00,7,STANDARD,1964,data/raw/drugsatfda_data_files_1938_1964/Submissions_1938_1964.txt,https://www.accessdata.fda.gov/scripts/cder/daf/index.cfm?event=overview.process&varApplNo=012697,Verified - verbatim from official Drugs@FDA database extract,Official Drugs@FDA Submissions 1938-1964: Appl 012697 ORIG 1 status AP date 1964-07-24 00:00:00 class 7 priority STANDARD
NDA014738,014738,B BRAUN,ORIG,1,AP,1964-07-30 00:00:00,15,STANDARD,1964,data/raw/drugsatfda_data_files_1938_1964/Submissions_1938_1964.txt,https://www.accessdata.fda.gov/scripts/cder/daf/index.cfm?event=overview.process&varApplNo=014738,Verified - verbatim from official Drugs@FDA database extract,Official Drugs@FDA Submissions 1938-1964: Appl 014738 ORIG 1 status AP date 1964-07-30 00:00:00 class 15 priority STANDARD
NDA050051,050051,WYETH AYERST,SUPPL,7,AP,1964-08-04 00:00:00,3,,1964,data/raw/drugsatfda_data_files_1938_1964/Submissions_1938_1964.txt,https://www.accessdata.fda.gov/scripts/cder/daf/index.cfm?event=overview.process&varApplNo=050051,Verified - verbatim from official Drugs@FDA database extract,Official Drugs@FDA Submissions 1938-1964: Appl 050051 SUPPL 7 status AP date 1964-08-04 00:00:00 class 3 priority 
NDA050170,050170,,SUPPL,17,AP,1964-08-04 00:00:00,3,,1964,data/raw/drugsatfda_data_files_1938_1964/Submissions_1938_1964.txt,https://www.accessdata.fda.gov/scripts/cder/daf/index.cfm?event=overview.process&varApplNo=050170,Verified - verbatim from official Drugs@FDA database extract,Official Drugs@FDA Submissions 1938-1964: Appl 050170 SUPPL 17 status AP date 1964-08-04 00:00:00 class 3 priority 
NDA050182,050182,HOSPIRA,SUPPL,4,AP,1964-08-05 00:00:00,3,,1964,data/raw/drugsatfda_data_files_1938_1964/Submissions_1938_1964.txt,https://www.accessdata.fda.gov/scripts/cder/daf/index.cfm?event=overview.process&varApplNo=050182,Verified - verbatim from official Drugs@FDA database extract,Official Drugs@FDA Submissions 1938-1964: Appl 050182 SUPPL 4 status AP date 1964-08-05 00:00:00 class 3 priority 
NDA013174,013174,ADVANZ PHARMA,ORIG,1,AP,1964-08-10 00:00:00,7,PRIORITY,1964,data/raw/drugsatfda_data_files_1938_1964/Submissions_1938_1964.txt,https://www.accessdata.fda.gov/scripts/cder/daf/index.cfm?event=overview.process&varApplNo=013174,Verified - verbatim from official Drugs@FDA database extract,Official Drugs@FDA Submissions 1938-1964: Appl 013174 ORIG 1 status AP date 1964-08-10 00:00:00 class 7 priority PRIORITY
NDA050263,050263,LEDERLE,SUPPL,45,AP,1964-08-10 00:00:00,3,,1964,data/raw/drugsatfda_data_files_1938_1964/Submissions_1938_1964.txt,https://www.accessdata.fda.gov/scripts/cder/daf/index.cfm?event=overview.process&varApplNo=050263,Verified - verbatim from official Drugs@FDA database extract,Official Drugs@FDA Submissions 1938-1964: Appl 050263 SUPPL 45 status AP date 1964-08-10 00:00:00 class 3 priority 
NDA050276,050276,LEDERLE,SUPPL,27,AP,1964-08-12 00:00:00,3,,1964,data/raw/drugsatfda_data_files_1938_1964/Submissions_1938_1964.txt,https://www.accessdata.fda.gov/scripts/cder/daf/index.cfm?event=overview.process&varApplNo=050276,Verified - verbatim from official Drugs@FDA database extract,Official Drugs@FDA Submissions 1938-1964: Appl 050276 SUPPL 27 status AP date 1964-08-12 00:00:00 class 3 priority 
NDA050141,050141,KING PHARMS LLC,SUPPL,85,AP,1964-08-13 00:00:00,3,,1964,data/raw/drugsatfda_data_files_1938_1964/Submissions_1938_1964.txt,https://www.accessdata.fda.gov/scripts/cder/daf/index.cfm?event=overview.process&varApplNo=050141,Verified - verbatim from official Drugs@FDA database extract,Official Drugs@FDA Submissions 1938-1964: Appl 050141 SUPPL 85 status AP date 1964-08-13 00:00:00 class 3 priority 
NDA050262,050262,LEDERLE,SUPPL,31,AP,1964-08-13 00:00:00,3,,1964,data/raw/drugsatfda_data_files_1938_1964/Submissions_1938_1964.txt,https://www.accessdata.fda.gov/scripts/cder/daf/index.cfm?event=overview.process&varApplNo=050262,Verified - verbatim from official Drugs@FDA database extract,Official Drugs@FDA Submissions 1938-1964: Appl 050262 SUPPL 31 status AP date 1964-08-13 00:00:00 class 3 priority 
NDA050257,050257,LEDERLE,SUPPL,26,AP,1964-08-17 00:00:00,3,,1964,data/raw/drugsatfda_data_files_1938_1964/Submissions_1938_1964.txt,https://www.accessdata.fda.gov/scripts/cder/daf/index.cfm?event=overview.process&varApplNo=050257,Verified - verbatim from official Drugs@FDA database extract,Official Drugs@FDA Submissions 1938-1964: Appl 050257 SUPPL 26 status AP date 1964-08-17 00:00:00 class 3 priority 
NDA050263,050263,LEDERLE,SUPPL,46,AP,1964-08-18 00:00:00,3,,1964,data/raw/drugsatfda_data_files_1938_1964/Submissions_1938_1964.txt,https://www.accessdata.fda.gov/scripts/cder/daf/index.cfm?event=overview.process&varApplNo=050263,Verified - verbatim from official Drugs@FDA database extract,Official Drugs@FDA Submissions 1938-1964: Appl 050263 SUPPL 46 status AP date 1964-08-18 00:00:00 class 3 priority 
NDA050182,050182,HOSPIRA,SUPPL,5,AP,1964-08-20 00:00:00,3,,1964,data/raw/drugsatfda_data_files_1938_1964/Submissions_1938_1964.txt,https://www.accessdata.fda.gov/scripts/cder/daf/index.cfm?event=overview.process&varApplNo=050182,Verified - verbatim from official Drugs@FDA database extract,Official Drugs@FDA Submissions 1938-1964: Appl 050182 SUPPL 5 status AP date 1964-08-20 00:00:00 class 3 priority 
NDA050356,050356,PH HEALTH,SUPPL,10,AP,1964-08-20 00:00:00,4,,1964,data/raw/drugsatfda_data_files_1938_1964/Submissions_1938_1964.txt,https://www.accessdata.fda.gov/scripts/cder/daf/index.cfm?event=overview.process&varApplNo=050356,Verified - verbatim from official Drugs@FDA database extract,Official Drugs@FDA Submissions 1938-1964: Appl 050356 SUPPL 10 status AP date 1964-08-20 00:00:00 class 4 priority 
NDA015405,015405,,ORIG,1,AP,1964-08-27 00:00:00,,,1964,data/raw/drugsatfda_data_files_1938_1964/Submissions_1938_1964.txt,https://www.accessdata.fda.gov/scripts/cder/daf/index.cfm?event=overview.process&varApplNo=015405,Verified - verbatim from official Drugs@FDA database extract,Official Drugs@FDA Submissions 1938-1964: Appl 015405 ORIG 1 status AP date 1964-08-27 00:00:00 class  priority 
NDA050170,050170,,SUPPL,18,AP,1964-09-02 00:00:00,3,,1964,data/raw/drugsatfda_data_files_1938_1964/Submissions_1938_1964.txt,https://www.accessdata.fda.gov/scripts/cder/daf/index.cfm?event=overview.process&varApplNo=050170,Verified - verbatim from official Drugs@FDA database extract,Official Drugs@FDA Submissions 1938-1964: Appl 050170 SUPPL 18 status AP date 1964-09-02 00:00:00 class 3 priority 
NDA060304,060304,TEVA,ORIG,1,AP,1964-09-02 00:00:00,,,1964,data/raw/drugsatfda_data_files_1938_1964/Submissions_1938_1964.txt,https://www.accessdata.fda.gov/scripts/cder/daf/index.cfm?event=overview.process&varApplNo=060304,Verified - verbatim from official Drugs@FDA database extract,Official Drugs@FDA Submissions 1938-1964: Appl 060304 ORIG 1 status AP date 1964-09-02 00:00:00 class  priority 
NDA050339,050339,PHARMACIA AND UPJOHN,ORIG,1,AP,1964-09-04 00:00:00,19,UNKNOWN,1964,data/raw/drugsatfda_data_files_1938_1964/Submissions_1938_1964.txt,https://www.accessdata.fda.gov/scripts/cder/daf/index.cfm?event=overview.process&varApplNo=050339,Verified - verbatim from official Drugs@FDA database extract,Official Drugs@FDA Submissions 1938-1964: Appl 050339 ORIG 1 status AP date 1964-09-04 00:00:00 class 19 priority UNKNOWN
NDA050286,050286,PFIZER,ORIG,1,AP,1964-09-08 00:00:00,19,UNKNOWN,1964,data/raw/drugsatfda_data_files_1938_1964/Submissions_1938_1964.txt,https://www.accessdata.fda.gov/scripts/cder/daf/index.cfm?event=overview.process&varApplNo=050286,Verified - verbatim from official Drugs@FDA database extract,Official Drugs@FDA Submissions 1938-1964: Appl 050286 ORIG 1 status AP date 1964-09-08 00:00:00 class 19 priority UNKNOWN
NDA060568,060568,,ORIG,1,AP,1964-09-08 00:00:00,,,1964,data/raw/drugsatfda_data_files_1938_1964/Submissions_1938_1964.txt,https://www.accessdata.fda.gov/scripts/cder/daf/index.cfm?event=overview.process&varApplNo=060568,Verified - verbatim from official Drugs@FDA database extract,Official Drugs@FDA Submissions 1938-1964: Appl 060568 ORIG 1 status AP date 1964-09-08 00:00:00 class  priority 
NDA060578,060578,DELCOR ASSET CORP,ORIG,1,AP,1964-09-08 00:00:00,,,1964,data/raw/drugsatfda_data_files_1938_1964/Submissions_1938_1964.txt,https://www.accessdata.fda.gov/scripts/cder/daf/index.cfm?event=overview.process&varApplNo=060578,Verified - verbatim from official Drugs@FDA database extract,Official Drugs@FDA Submissions 1938-1964: Appl 060578 ORIG 1 status AP date 1964-09-08 00:00:00 class  priority 
NDA061007,061007,,ORIG,1,AP,1964-09-08 00:00:00,,,1964,data/raw/drugsatfda_data_files_1938_1964/Submissions_1938_1964.txt,https://www.accessdata.fda.gov/scripts/cder/daf/index.cfm?event=overview.process&varApplNo=061007,Verified - verbatim from official Drugs@FDA database extract,Official Drugs@FDA Submissions 1938-1964: Appl 061007 ORIG 1 status AP date 1964-09-08 00:00:00 class  priority 
NDA060567,060567,PFIZER,ORIG,1,AP,1964-09-15 00:00:00,,,1964,data/raw/drugsatfda_data_files_1938_1964/Submissions_1938_1964.txt,https://www.accessdata.fda.gov/scripts/cder/daf/index.cfm?event=overview.process&varApplNo=060567,Verified - verbatim from official Drugs@FDA database extract,Official Drugs@FDA Submissions 1938-1964: Appl 060567 ORIG 1 status AP date 1964-09-15 00:00:00 class  priority 
NDA060574,060574,DELCOR ASSET CORP,ORIG,1,AP,1964-09-16 00:00:00,,,1964,data/raw/drugsatfda_data_files_1938_1964/Submissions_1938_1964.txt,https://www.accessdata.fda.gov/scripts/cder/daf/index.cfm?event=overview.process&varApplNo=060574,Verified - verbatim from official Drugs@FDA database extract,Official Drugs@FDA Submissions 1938-1964: Appl 060574 ORIG 1 status AP date 1964-09-16 00:00:00 class  priority 
NDA050051,050051,WYETH AYERST,SUPPL,11,AP,1964-09-21 00:00:00,3,,1964,data/raw/drugsatfda_data_files_1938_1964/Submissions_1938_1964.txt,https://www.accessdata.fda.gov/scripts/cder/daf/index.cfm?event=overview.process&varApplNo=050051,Verified - verbatim from official Drugs@FDA database extract,Official Drugs@FDA Submissions 1938-1964: Appl 050051 SUPPL 11 status AP date 1964-09-21 00:00:00 class 3 priority 
NDA050182,050182,HOSPIRA,SUPPL,6,AP,1964-09-22 00:00:00,3,,1964,data/raw/drugsatfda_data_files_1938_1964/Submissions_1938_1964.txt,https://www.accessdata.fda.gov/scripts/cder/daf/index.cfm?event=overview.process&varApplNo=050182,Verified - verbatim from official Drugs@FDA database extract,Official Drugs@FDA Submissions 1938-1964: Appl 050182 SUPPL 6 status AP date 1964-09-22 00:00:00 class 3 priority 
NDA050261,050261,COREPHARMA,ORIG,1,AP,1964-09-22 00:00:00,,,1964,data/raw/drugsatfda_data_files_1938_1964/Submissions_1938_1964.txt,https://www.accessdata.fda.gov/scripts/cder/daf/index.cfm?event=overview.process&varApplNo=050261,Verified - verbatim from official Drugs@FDA database extract,Official Drugs@FDA Submissions 1938-1964: Appl 050261 ORIG 1 status AP date 1964-09-22 00:00:00 class  priority 
NDA050141,050141,KING PHARMS LLC,SUPPL,86,AP,1964-10-07 00:00:00,3,,1964,data/raw/drugsatfda_data_files_1938_1964/Submissions_1938_1964.txt,https://www.accessdata.fda.gov/scripts/cder/daf/index.cfm?event=overview.process&varApplNo=050141,Verified - verbatim from official Drugs@FDA database extract,Official Drugs@FDA Submissions 1938-1964: Appl 050141 SUPPL 86 status AP date 1964-10-07 00:00:00 class 3 priority 
NDA050339,050339,PHARMACIA AND UPJOHN,SUPPL,2,AP,1964-10-08 00:00:00,4,,1964,data/raw/drugsatfda_data_files_1938_1964/Submissions_1938_1964.txt,https://www.accessdata.fda.gov/scripts/cder/daf/index.cfm?event=overview.process&varApplNo=050339,Verified - verbatim from official Drugs@FDA database extract,Official Drugs@FDA Submissions 1938-1964: Appl 050339 SUPPL 2 status AP date 1964-10-08 00:00:00 class 4 priority 
NDA014087,014087,,ORIG,1,AP,1964-10-15 00:00:00,9,STANDARD,1964,data/raw/drugsatfda_data_files_1938_1964/Submissions_1938_1964.txt,https://www.accessdata.fda.gov/scripts/cder/daf/index.cfm?event=overview.process&varApplNo=014087,Verified - verbatim from official Drugs@FDA database extract,Official Drugs@FDA Submissions 1938-1964: Appl 014087 ORIG 1 status AP date 1964-10-15 00:00:00 class 9 priority STANDARD
NDA050141,050141,KING PHARMS LLC,SUPPL,87,AP,1964-10-15 00:00:00,3,,1964,data/raw/drugsatfda_data_files_1938_1964/Submissions_1938_1964.txt,https://www.accessdata.fda.gov/scripts/cder/daf/index.cfm?event=overview.process&varApplNo=050141,Verified - verbatim from official Drugs@FDA database extract,Official Drugs@FDA Submissions 1938-1964: Appl 050141 SUPPL 87 status AP date 1964-10-15 00:00:00 class 3 priority 
NDA050237,050237,BAYER PHARMS,ORIG,1,AP,1964-10-19 00:00:00,,,1964,data/raw/drugsatfda_data_files_1938_1964/Submissions_1938_1964.txt,https://www.accessdata.fda.gov/scripts/cder/daf/index.cfm?event=overview.process&varApplNo=050237,Verified - verbatim from official Drugs@FDA database extract,Official Drugs@FDA Submissions 1938-1964: Appl 050237 ORIG 1 status AP date 1964-10-19 00:00:00 class  priority 
NDA050138,050138,KING PHARMS LLC,SUPPL,54,AP,1964-10-21 00:00:00,3,,1964,data/raw/drugsatfda_data_files_1938_1964/Submissions_1938_1964.txt,https://www.accessdata.fda.gov/scripts/cder/daf/index.cfm?event=overview.process&varApplNo=050138,Verified - verbatim from official Drugs@FDA database extract,Official Drugs@FDA Submissions 1938-1964: Appl 050138 SUPPL 54 status AP date 1964-10-21 00:00:00 class 3 priority 
NDA060174,060174,FERRANTE,ORIG,1,AP,1964-10-22 00:00:00,,,1964,data/raw/drugsatfda_data_files_1938_1964/Submissions_1938_1964.txt,https://www.accessdata.fda.gov/scripts/cder/daf/index.cfm?event=overview.process&varApplNo=060174,Verified - verbatim from official Drugs@FDA database extract,Official Drugs@FDA Submissions 1938-1964: Appl 060174 ORIG 1 status AP date 1964-10-22 00:00:00 class  priority 
NDA050182,050182,HOSPIRA,SUPPL,15,AP,1964-10-26 00:00:00,3,,1964,data/raw/drugsatfda_data_files_1938_1964/Submissions_1938_1964.txt,https://www.accessdata.fda.gov/scripts/cder/daf/index.cfm?event=overview.process&varApplNo=050182,Verified - verbatim from official Drugs@FDA database extract,Official Drugs@FDA Submissions 1938-1964: Appl 050182 SUPPL 15 status AP date 1964-10-26 00:00:00 class 3 priority 
NDA050170,050170,,SUPPL,19,AP,1964-10-27 00:00:00,3,,1964,data/raw/drugsatfda_data_files_1938_1964/Submissions_1938_1964.txt,https://www.accessdata.fda.gov/scripts/cder/daf/index.cfm?event=overview.process&varApplNo=050170,Verified - verbatim from official Drugs@FDA database extract,Official Drugs@FDA Submissions 1938-1964: Appl 050170 SUPPL 19 status AP date 1964-10-27 00:00:00 class 3 priority 
NDA050170,050170,,SUPPL,20,AP,1964-10-27 00:00:00,3,,1964,data/raw/drugsatfda_data_files_1938_1964/Submissions_1938_1964.txt,https://www.accessdata.fda.gov/scripts/cder/daf/index.cfm?event=overview.process&varApplNo=050170,Verified - verbatim from official Drugs@FDA database extract,Official Drugs@FDA Submissions 1938-1964: Appl 050170 SUPPL 20 status AP date 1964-10-27 00:00:00 class 3 priority 
NDA050182,050182,HOSPIRA,SUPPL,16,AP,1964-10-27 00:00:00,3,,1964,data/raw/drugsatfda_data_files_1938_1964/Submissions_1938_1964.txt,https://www.accessdata.fda.gov/scripts/cder/daf/index.cfm?event=overview.process&varApplNo=050182,Verified - verbatim from official Drugs@FDA database extract,Official Drugs@FDA Submissions 1938-1964: Appl 050182 SUPPL 16 status AP date 1964-10-27 00:00:00 class 3 priority 
NDA050156,050156,PARKEDALE,SUPPL,17,AP,1964-11-05 00:00:00,4,,1964,data/raw/drugsatfda_data_files_1938_1964/Submissions_1938_1964.txt,https://www.accessdata.fda.gov/scripts/cder/daf/index.cfm?event=overview.process&varApplNo=050156,Verified - verbatim from official Drugs@FDA database extract,Official Drugs@FDA Submissions 1938-1964: Appl 050156 SUPPL 17 status AP date 1964-11-05 00:00:00 class 4 priority 
NDA014684,014684,LILLY,ORIG,1,AP,1964-11-06 00:00:00,7,STANDARD,1964,data/raw/drugsatfda_data_files_1938_1964/Submissions_1938_1964.txt,https://www.accessdata.fda.gov/scripts/cder/daf/index.cfm?event=overview.process&varApplNo=014684,Verified - verbatim from official Drugs@FDA database extract,Official Drugs@FDA Submissions 1938-1964: Appl 014684 ORIG 1 status AP date 1964-11-06 00:00:00 class 7 priority STANDARD
NDA014685,014685,RANBAXY,ORIG,1,AP,1964-11-06 00:00:00,12,STANDARD,1964,data/raw/drugsatfda_data_files_1938_1964/Submissions_1938_1964.txt,https://www.accessdata.fda.gov/scripts/cder/daf/index.cfm?event=overview.process&varApplNo=014685,Verified - verbatim from official Drugs@FDA database extract,Official Drugs@FDA Submissions 1938-1964: Appl 014685 ORIG 1 status AP date 1964-11-06 00:00:00 class 12 priority STANDARD
NDA050339,050339,PHARMACIA AND UPJOHN,SUPPL,3,AP,1964-11-06 00:00:00,3,,1964,data/raw/drugsatfda_data_files_1938_1964/Submissions_1938_1964.txt,https://www.accessdata.fda.gov/scripts/cder/daf/index.cfm?event=overview.process&varApplNo=050339,Verified - verbatim from official Drugs@FDA database extract,Official Drugs@FDA Submissions 1938-1964: Appl 050339 SUPPL 3 status AP date 1964-11-06 00:00:00 class 3 priority 
NDA060180,060180,STERISCIENCE,ORIG,1,AP,1964-11-06 00:00:00,,,1964,data/raw/drugsatfda_data_files_1938_1964/Submissions_1938_1964.txt,https://www.accessdata.fda.gov/scripts/cder/daf/index.cfm?event=overview.process&varApplNo=060180,Verified - verbatim from official Drugs@FDA database extract,Official Drugs@FDA Submissions 1938-1964: Appl 060180 ORIG 1 status AP date 1964-11-06 00:00:00 class  priority 
NDA050340,050340,,ORIG,1,AP,1964-11-12 00:00:00,19,UNKNOWN,1964,data/raw/drugsatfda_data_files_1938_1964/Submissions_1938_1964.txt,https://www.accessdata.fda.gov/scripts/cder/daf/index.cfm?event=overview.process&varApplNo=050340,Verified - verbatim from official Drugs@FDA database extract,Official Drugs@FDA Submissions 1938-1964: Appl 050340 ORIG 1 status AP date 1964-11-12 00:00:00 class 19 priority UNKNOWN
NDA060570,060570,APOTHECON,ORIG,1,AP,1964-11-12 00:00:00,,,1964,data/raw/drugsatfda_data_files_1938_1964/Submissions_1938_1964.txt,https://www.accessdata.fda.gov/scripts/cder/daf/index.cfm?event=overview.process&varApplNo=060570,Verified - verbatim from official Drugs@FDA database extract,Official Drugs@FDA Submissions 1938-1964: Appl 060570 ORIG 1 status AP date 1964-11-12 00:00:00 class  priority 
NDA014083,014083,,ORIG,1,AP,1964-11-15 00:00:00,15,STANDARD,1964,data/raw/drugsatfda_data_files_1938_1964/Submissions_1938_1964.txt,https://www.accessdata.fda.gov/scripts/cder/daf/index.cfm?event=overview.process&varApplNo=014083,Verified - verbatim from official Drugs@FDA database extract,Official Drugs@FDA Submissions 1938-1964: Appl 014083 ORIG 1 status AP date 1964-11-15 00:00:00 class 15 priority STANDARD
NDA050138,050138,KING PHARMS LLC,SUPPL,56,AP,1964-11-17 00:00:00,4,,1964,data/raw/drugsatfda_data_files_1938_1964/Submissions_1938_1964.txt,https://www.accessdata.fda.gov/scripts/cder/daf/index.cfm?event=overview.process&varApplNo=050138,Verified - verbatim from official Drugs@FDA database extract,Official Drugs@FDA Submissions 1938-1964: Appl 050138 SUPPL 56 status AP date 1964-11-17 00:00:00 class 4 priority 
NDA050141,050141,KING PHARMS LLC,SUPPL,88,AP,1964-11-17 00:00:00,3,,1964,data/raw/drugsatfda_data_files_1938_1964/Submissions_1938_1964.txt,https://www.accessdata.fda.gov/scripts/cder/daf/index.cfm?event=overview.process&varApplNo=050141,Verified - verbatim from official Drugs@FDA database extract,Official Drugs@FDA Submissions 1938-1964: Appl 050141 SUPPL 88 status AP date 1964-11-17 00:00:00 class 3 priority 
NDA050138,050138,KING PHARMS LLC,SUPPL,57,AP,1964-11-19 00:00:00,4,,1964,data/raw/drugsatfda_data_files_1938_1964/Submissions_1938_1964.txt,https://www.accessdata.fda.gov/scripts/cder/daf/index.cfm?event=overview.process&varApplNo=050138,Verified - verbatim from official Drugs@FDA database extract,Official Drugs@FDA Submissions 1938-1964: Appl 050138 SUPPL 57 status AP date 1964-11-19 00:00:00 class 4 priority 
NDA060173,060173,FERRANTE,ORIG,1,AP,1964-11-19 00:00:00,,,1964,data/raw/drugsatfda_data_files_1938_1964/Submissions_1938_1964.txt,https://www.accessdata.fda.gov/scripts/cder/daf/index.cfm?event=overview.process&varApplNo=060173,Verified - verbatim from official Drugs@FDA database extract,Official Drugs@FDA Submissions 1938-1964: Appl 060173 ORIG 1 status AP date 1964-11-19 00:00:00 class  priority 
NDA014399,014399,VALIDUS PHARMS,ORIG,1,AP,1964-11-20 00:00:00,9,STANDARD,1964,data/raw/drugsatfda_data_files_1938_1964/Submissions_1938_1964.txt,https://www.accessdata.fda.gov/scripts/cder/daf/index.cfm?event=overview.process&varApplNo=014399,Verified - verbatim from official Drugs@FDA database extract,Official Drugs@FDA Submissions 1938-1964: Appl 014399 ORIG 1 status AP date 1964-11-20 00:00:00 class 9 priority STANDARD
NDA050051,050051,WYETH AYERST,SUPPL,13,AP,1964-11-24 00:00:00,4,,1964,data/raw/drugsatfda_data_files_1938_1964/Submissions_1938_1964.txt,https://www.accessdata.fda.gov/scripts/cder/daf/index.cfm?event=overview.process&varApplNo=050051,Verified - verbatim from official Drugs@FDA database extract,Official Drugs@FDA Submissions 1938-1964: Appl 050051 SUPPL 13 status AP date 1964-11-24 00:00:00 class 4 priority 
NDA014694,014694,ASPEN GLOBAL INC,ORIG,1,AP,1964-12-04 00:00:00,9,STANDARD,1964,data/raw/drugsatfda_data_files_1938_1964/Submissions_1938_1964.txt,https://www.accessdata.fda.gov/scripts/cder/daf/index.cfm?event=overview.process&varApplNo=014694,Verified - verbatim from official Drugs@FDA database extract,Official Drugs@FDA Submissions 1938-1964: Appl 014694 ORIG 1 status AP date 1964-12-04 00:00:00 class 9 priority STANDARD
NDA015052,015052,,ORIG,1,AP,1964-12-07 00:00:00,,,1964,data/raw/drugsatfda_data_files_1938_1964/Submissions_1938_1964.txt,https://www.accessdata.fda.gov/scripts/cder/daf/index.cfm?event=overview.process&varApplNo=015052,Verified - verbatim from official Drugs@FDA database extract,Official Drugs@FDA Submissions 1938-1964: Appl 015052 ORIG 1 status AP date 1964-12-07 00:00:00 class  priority 
NDA050372,050372,,ORIG,1,AP,1964-12-07 00:00:00,,,1964,data/raw/drugsatfda_data_files_1938_1964/Submissions_1938_1964.txt,https://www.accessdata.fda.gov/scripts/cder/daf/index.cfm?event=overview.process&varApplNo=050372,Verified - verbatim from official Drugs@FDA database extract,Official Drugs@FDA Submissions 1938-1964: Appl 050372 ORIG 1 status AP date 1964-12-07 00:00:00 class  priority 
NDA060611,060611,PHARMACIA AND UPJOHN,ORIG,1,AP,1964-12-07 00:00:00,,,1964,data/raw/drugsatfda_data_files_1938_1964/Submissions_1938_1964.txt,https://www.accessdata.fda.gov/scripts/cder/daf/index.cfm?event=overview.process&varApplNo=060611,Verified - verbatim from official Drugs@FDA database extract,Official Drugs@FDA Submissions 1938-1964: Appl 060611 ORIG 1 status AP date 1964-12-07 00:00:00 class  priority 
NDA050682,050682,RECORDATI RARE,ORIG,1,AP,1964-12-10 00:00:00,7,PRIORITY,1964,data/raw/drugsatfda_data_files_1938_1964/Submissions_1938_1964.txt,https://www.accessdata.fda.gov/scripts/cder/daf/index.cfm?event=overview.process&varApplNo=050682,Verified - verbatim from official Drugs@FDA database extract,Official Drugs@FDA Submissions 1938-1964: Appl 050682 ORIG 1 status AP date 1964-12-10 00:00:00 class 7 priority PRIORITY
NDA015417,015417,WEST WARD,ORIG,1,AP,1964-12-12 00:00:00,15,STANDARD,1964,data/raw/drugsatfda_data_files_1938_1964/Submissions_1938_1964.txt,https://www.accessdata.fda.gov/scripts/cder/daf/index.cfm?event=overview.process&varApplNo=015417,Verified - verbatim from official Drugs@FDA database extract,Official Drugs@FDA Submissions 1938-1964: Appl 015417 ORIG 1 status AP date 1964-12-12 00:00:00 class 15 priority STANDARD
NDA050257,050257,LEDERLE,SUPPL,27,AP,1964-12-14 00:00:00,3,,1964,data/raw/drugsatfda_data_files_1938_1964/Submissions_1938_1964.txt,https://www.accessdata.fda.gov/scripts/cder/daf/index.cfm?event=overview.process&varApplNo=050257,Verified - verbatim from official Drugs@FDA database extract,Official Drugs@FDA Submissions 1938-1964: Appl 050257 SUPPL 27 status AP date 1964-12-14 00:00:00 class 3 priority 
NDA050257,050257,LEDERLE,SUPPL,28,AP,1964-12-14 00:00:00,3,,1964,data/raw/drugsatfda_data_files_1938_1964/Submissions_1938_1964.txt,https://www.accessdata.fda.gov/scripts/cder/daf/index.cfm?event=overview.process&varApplNo=050257,Verified - verbatim from official Drugs@FDA database extract,Official Drugs@FDA Submissions 1938-1964: Appl 050257 SUPPL 28 status AP date 1964-12-14 00:00:00 class 3 priority 
NDA050170,050170,,SUPPL,21,AP,1964-12-17 00:00:00,3,,1964,data/raw/drugsatfda_data_files_1938_1964/Submissions_1938_1964.txt,https://www.accessdata.fda.gov/scripts/cder/daf/index.cfm?event=overview.process&varApplNo=050170,Verified - verbatim from official Drugs@FDA database extract,Official Drugs@FDA Submissions 1938-1964: Appl 050170 SUPPL 21 status AP date 1964-12-17 00:00:00 class 3 priority 
NDA050169,050169,MONARCH PHARMS,ORIG,1,AP,1964-12-18 00:00:00,19,UNKNOWN,1964,data/raw/drugsatfda_data_files_1938_1964/Submissions_1938_1964.txt,https://www.accessdata.fda.gov/scripts/cder/daf/index.cfm?event=overview.process&varApplNo=050169,Verified - verbatim from official Drugs@FDA database extract,Official Drugs@FDA Submissions 1938-1964: Appl 050169 ORIG 1 status AP date 1964-12-18 00:00:00 class 19 priority UNKNOWN
NDA050168,050168,MONARCH PHARMS,SUPPL,17,AP,1964-12-22 00:00:00,3,,1964,data/raw/drugsatfda_data_files_1938_1964/Submissions_1938_1964.txt,https://www.accessdata.fda.gov/scripts/cder/daf/index.cfm?event=overview.process&varApplNo=050168,Verified - verbatim from official Drugs@FDA database extract,Official Drugs@FDA Submissions 1938-1964: Appl 050168 SUPPL 17 status AP date 1964-12-22 00:00:00 class 3 priority 
NDA013378,013378,LILLY,ORIG,1,AP,1964-12-23 00:00:00,7,PRIORITY,1964,data/raw/drugsatfda_data_files_1938_1964/Submissions_1938_1964.txt,https://www.accessdata.fda.gov/scripts/cder/daf/index.cfm?event=overview.process&varApplNo=013378,Verified - verbatim from official Drugs@FDA database extract,Official Drugs@FDA Submissions 1938-1964: Appl 013378 ORIG 1 status AP date 1964-12-23 00:00:00 class 7 priority PRIORITY
NDA050316,050316,PHARMACIA AND UPJOHN,ORIG,1,AP,1964-12-29 00:00:00,19,UNKNOWN,1964,data/raw/drugsatfda_data_files_1938_1964/Submissions_1938_1964.txt,https://www.accessdata.fda.gov/scripts/cder/daf/index.cfm?event=overview.process&varApplNo=050316,Verified - verbatim from official Drugs@FDA database extract,Official Drugs@FDA Submissions 1938-1964: Appl 050316 ORIG 1 status AP date 1964-12-29 00:00:00 class 19 priority UNKNOWN
NDA050317,050317,PFIZER,ORIG,1,AP,1964-12-29 00:00:00,19,UNKNOWN,1964,data/raw/drugsatfda_data_files_1938_1964/Submissions_1938_1964.txt,https://www.accessdata.fda.gov/scripts/cder/daf/index.cfm?event=overview.process&varApplNo=050317,Verified - verbatim from official Drugs@FDA database extract,Official Drugs@FDA Submissions 1938-1964: Appl 050317 ORIG 1 status AP date 1964-12-29 00:00:00 class 19 priority UNKNOWN
