crl_id,company_name,ticker,exchange,drug_name,indication,crl_date,reason_category,stock_reaction,source_url_1,source_url_2,verification_status,notes,us_investable_class,raw_company,application_number
C001,ITM Solucin GmbH,,,See FDA letter,See FDA CRL letter - indication in application,2026-08-07,Safety concerns,,"https://api.fda.gov/transparency/crl.json?search=company_name:""ITM Solucin GmbH""",https://www.accessdata.fda.gov/scripts/cder/daf/index.cfm?event=overview.process&varApplNo=218705,Verified - FLAGGED (sponsor/equity not yet resolved),"openFDA CRL transparency API: application NDA 218705, letter date 08/07/2026, company ITM Solucin GmbH. File: CRL_NDA218705_20260807.pdf. Reason: Safety concerns. Text excerpt: g U.S. FOOD & DRUG
Naty ADMINISTRATION

NDA 218705
COMPLETE RESPONSE

ITM Solucin GmbH

c/o Lumara Bio USA Inc.

Attention: Tinya Sow, MHA

US Agent, Director - US, Regulatory Lead
5 Vaughn Drive, Sui...",NOT US-INVESTABLE (UNVERIFIED),ITM Solucin GmbH,NDA 218705
C002,Apiject Systems Corp.,,,See FDA letter,See FDA CRL letter - indication in application,2026-07-21,Safety concerns,,"https://api.fda.gov/transparency/crl.json?search=company_name:""Apiject Systems Corp.""",https://www.accessdata.fda.gov/scripts/cder/daf/index.cfm?event=overview.process&varApplNo=219107,Verified - FLAGGED (sponsor/equity not yet resolved),"openFDA CRL transparency API: application NDA 219107, letter date 07/21/2026, company Apiject Systems Corp.. File: CRL_NDA219107_20260721.pdf. Reason: Safety concerns. Text excerpt: PN U.S. FOOD & DRUG

ADMINISTRATION

NDA 219107
COMPLETE RESPONSE

Apiject Systems Corp.

Attention: Ashley Dynan

Senior Director of Regulatory Affairs
2 High Ridge Park

Stamford, CT 06905

Dear Ash...",NOT US-INVESTABLE (UNVERIFIED),Apiject Systems Corp.,NDA 219107
C003,Elevar Therapeutics Inc.,,,See FDA letter,See FDA CRL letter - indication in application,2026-07-09,Safety concerns,,"https://api.fda.gov/transparency/crl.json?search=company_name:""Elevar Therapeutics Inc.""",https://www.accessdata.fda.gov/scripts/cder/daf/index.cfm?event=overview.process&varApplNo=216586,Verified - FLAGGED (sponsor/equity not yet resolved),"openFDA CRL transparency API: application NDA 216586, letter date 07/09/2026, company Elevar Therapeutics Inc.. File: CRL_NDA216586_20260709_Redacted.pdf. Reason: Safety concerns. Text excerpt: i Lk YN U.S. FOOD & DRUG

ADMINISTRATION

NDA 216586
COMPLETE RESPONSE

Elevar Therapeutics Inc.
ATTENTION: Young-Sil (Anna) Yim
Executive Director, Regulatory Affairs:
1 Bridge Plaza North, Suite 850...",NOT US-INVESTABLE (UNVERIFIED),Elevar Therapeutics Inc.,NDA 216586
C004,"Jiangsu Hengrui Pharmaceuticals Co., Ltd.",,,See FDA letter,See FDA CRL letter - indication in application,2026-07-09,Safety concerns,,"https://api.fda.gov/transparency/crl.json?search=company_name:""Jiangsu Hengrui Pharmaceuticals Co., Ltd.""",https://www.accessdata.fda.gov/scripts/cder/daf/index.cfm?event=overview.process&varApplNo=761308,Verified - FLAGGED (sponsor/equity not yet resolved),"openFDA CRL transparency API: application BLA 761308, letter date 07/09/2026, company Jiangsu Hengrui Pharmaceuticals Co., Ltd.. File: CRL_BLA761308_20260709_Redacted.pdf. Reason: Safety concerns. Text excerpt: ¢ yy U.S. FOOD & DRUG

ADMINISTRATION

BLA 761308
COMPLETE RESPONSE

Jiangsu Hengrui Pharmaceuticals Co., Ltd.
c/o Hengrui U.S.A., Inc.

Attention: Brahmaiah Kommanaboyina

US Agent

Head of U.S. Regu...",NOT US-INVESTABLE (UNVERIFIED),"Jiangsu Hengrui Pharmaceuticals Co., Ltd.",BLA 761308
C005,Ascelia Pharma AB,,,See FDA letter,See FDA CRL letter - indication in application,2026-07-02,Safety concerns,,"https://api.fda.gov/transparency/crl.json?search=company_name:""Ascelia Pharma AB""",https://www.accessdata.fda.gov/scripts/cder/daf/index.cfm?event=overview.process&varApplNo=220544,Verified - FLAGGED (sponsor/equity not yet resolved),"openFDA CRL transparency API: application NDA 220544, letter date 07/02/2026, company Ascelia Pharma AB. File: CRL_NDA220544_20260702_Redacted.pdf. Reason: Safety concerns. Text excerpt: ¢ yy U.S. FOOD & DRUG

ADMINISTRATION

NDA 220544
COMPLETE RESPONSE

Ascelia Pharma AB

c/o Syneos Health

Attention: Anju Mainra

Senior Director

Global Regulatory Affairs Solutions
1030 Sync Street...",NOT US-INVESTABLE (UNVERIFIED),Ascelia Pharma AB,NDA 220544
C006,Ipsen Biopharm Ltd.,,,See FDA letter,See FDA CRL letter - indication in application,2026-06-29,Safety concerns,,"https://api.fda.gov/transparency/crl.json?search=company_name:""Ipsen Biopharm Ltd.""",https://www.accessdata.fda.gov/scripts/cder/daf/index.cfm?event=overview.process&varApplNo=761311,Verified - FLAGGED (sponsor/equity not yet resolved),"openFDA CRL transparency API: application BLA 761311, letter date 06/29/2026, company Ipsen Biopharm Ltd.. File: CRL_BLA761311_20260629_Redacted.pdf. Reason: Safety concerns. Text excerpt: nN U.S. FOOD & DRUG

ADMINISTRATION

BLA 761311
COMPLETE RESPONSE

Ipsen Biopharm Ltd.

C/O Galderma Research and Development, Inc.
Attention: Chase Edwards

Director, Regulatory Affairs

2001 Ross Av...",NOT US-INVESTABLE (UNVERIFIED),Ipsen Biopharm Ltd.,BLA 761311
C007,Unicycive Therapeutics Inc.,,,See FDA letter,See FDA CRL letter - indication in application,2026-06-29,Safety concerns,,"https://api.fda.gov/transparency/crl.json?search=company_name:""Unicycive Therapeutics Inc.""",https://www.accessdata.fda.gov/scripts/cder/daf/index.cfm?event=overview.process&varApplNo=218607,Verified - FLAGGED (sponsor/equity not yet resolved),"openFDA CRL transparency API: application NDA 218607, letter date 06/29/2026, company Unicycive Therapeutics Inc.. File: CRL_NDA218607_20260629.pdf. Reason: Safety concerns. Text excerpt: ¢ yy U.S. FOOD & DRUG

ADMINISTRATION

NDA 218607
COMPLETE RESPONSE

Unicycive Therapeutics Inc.
Attention: Shalabh Gupta, MD, MPA
President & CEO

1975 W. El Camino Real, Suite 204
Mountain View, CA ...",NOT US-INVESTABLE (UNVERIFIED),Unicycive Therapeutics Inc.,NDA 218607
C008,"Evergreen Theragnostics, Inc.",,,Kit,See FDA CRL letter - indication in application,2026-06-26,CMC / Facility / GMP,,"https://api.fda.gov/transparency/crl.json?search=company_name:""Evergreen Theragnostics, Inc.""",https://www.accessdata.fda.gov/scripts/cder/daf/index.cfm?event=overview.process&varApplNo=216900,Verified - FLAGGED (sponsor/equity not yet resolved),"openFDA CRL transparency API: application NDA 216900, letter date 06/26/2026, company Evergreen Theragnostics, Inc.. File: CRL_NDA216900_20260626_Redacted.pdf. Reason: CMC / Facility / GMP. Text excerpt: PN U.S. FOOD & DRUG

ADMINISTRATION

NDA 216900
COMPLETE RESPONSE

Evergreen Theragnostics, Inc.

C/o Bourque Regulatory CMC, Inc.
Attention: Mr. Jeffrey Bourque

President, Bourque Regulatory CMC, In...",NOT US-INVESTABLE (UNVERIFIED),"Evergreen Theragnostics, Inc.",NDA 216900
C009,Swedish Orphan Biovitrum AB,,Nasdaq Stockholm,See FDA letter,See FDA CRL letter - indication in application,2026-06-26,Efficacy + Safety,,"https://api.fda.gov/transparency/crl.json?search=company_name:""Swedish Orphan Biovitrum AB (publ)""",https://www.accessdata.fda.gov/scripts/cder/daf/index.cfm?event=overview.process&varApplNo=761438,Verified - FLAGGED (sponsor/equity not yet resolved),"openFDA CRL transparency API: application BLA 761438, letter date 06/26/2026, company Swedish Orphan Biovitrum AB (publ). File: CRL_BLA761438_20260626_Redacted.pdf. Reason: Efficacy + Safety. Text excerpt: g U.S. FOOD & DRUG
x ADMINISTRATION

BLA 761438
COMPLETE RESPONSE

Swedish Orphan Biovitrum AB (publ)
Attention: Bao Le

US Regulatory Lead, Immunology
77 4th Avenue, 3 Floor

Waltham, MA 02451

Dear ...",NON-US LISTING ONLY,Swedish Orphan Biovitrum AB (publ),BLA 761438
C010,"Tanvex BioPharma USA, Inc.",,,See FDA letter,See FDA CRL letter - indication in application,2026-06-23,Safety concerns,,"https://api.fda.gov/transparency/crl.json?search=company_name:""Tanvex BioPharma USA, Inc.""",https://www.accessdata.fda.gov/scripts/cder/daf/index.cfm?event=overview.process&varApplNo=761266,Verified - FLAGGED (sponsor/equity not yet resolved),"openFDA CRL transparency API: application BLA 761266, letter date 06/23/2026, company Tanvex BioPharma USA, Inc.. File: CRL_BLA761266_20260623_Redacted.pdf. Reason: Safety concerns. Text excerpt: i Lk YN U.S. FOOD & DRUG

ADMINISTRATION

BLA 761266
COMPLETE RESPONSE

Tanvex BioPharma USA, Inc.
Attention: Bonnie J. Mills, PhD
10394 Pacific Center Court
San Diego, CA 92121

Dear Dr. Mills:

Plea...",NOT US-INVESTABLE (UNVERIFIED),"Tanvex BioPharma USA, Inc.",BLA 761266
C011,"Achieve Life Sciences, Inc.",,,See FDA letter,See FDA CRL letter - indication in application,2026-06-20,Safety concerns,,"https://api.fda.gov/transparency/crl.json?search=company_name:""Achieve Life Sciences, Inc.""",https://www.accessdata.fda.gov/scripts/cder/daf/index.cfm?event=overview.process&varApplNo=218995,Verified - FLAGGED (sponsor/equity not yet resolved),"openFDA CRL transparency API: application NDA 218995, letter date 06/20/2026, company Achieve Life Sciences, Inc.. File: CRL_NDA218995_20260620_Redacted.pdf. Reason: Safety concerns. Text excerpt: ADMINISTRATION

i Lk YN U.S. FOOD & DRUG

NDA 218995
COMPLETE RESPONSE

Achieve Life Sciences, Inc.
22722 29th Dr. SE, Suite 100
Bothell, WA 98021

Attention: | Sarah Telzrow
Vice President, Regulator...",NOT US-INVESTABLE (UNVERIFIED),"Achieve Life Sciences, Inc.",NDA 218995
C012,"Tris Pharma, Inc.",,,See FDA letter,See FDA CRL letter - indication in application,2026-06-15,Efficacy + Safety,,"https://api.fda.gov/transparency/crl.json?search=company_name:""Tris Pharma, Inc.""",https://www.accessdata.fda.gov/scripts/cder/daf/index.cfm?event=overview.process&varApplNo=220138,Verified - FLAGGED (sponsor/equity not yet resolved),"openFDA CRL transparency API: application NDA 220138, letter date 06/15/2026, company Tris Pharma, Inc.. File: CRL_NDA220138_20260615_Redacted.pdf. Reason: Efficacy + Safety. Text excerpt: i Lk YN U.S. FOOD & DRUG

ADMINISTRATION

NDA 220138
COMPLETE RESPONSE

Tris Pharma, Inc.

Attention: Rashmi Aravind

Senior Director of Regulatory Affairs
2033 Route 130

Suite #D

Monmouth Junction,...",NOT US-INVESTABLE (UNVERIFIED),"Tris Pharma, Inc.",NDA 220138
C013,"Bridge Regulatory Affairs, LLC",,,Camurus,See FDA CRL letter - indication in application,2026-06-10,Safety concerns,,"https://api.fda.gov/transparency/crl.json?search=company_name:""Bridge Regulatory Affairs, LLC""",https://www.accessdata.fda.gov/scripts/cder/daf/index.cfm?event=overview.process&varApplNo=218600,Verified - FLAGGED (sponsor/equity not yet resolved),"openFDA CRL transparency API: application NDA 218600, letter date 06/10/2026, company Bridge Regulatory Affairs, LLC. File: CRL_NDA218600_20260610_Redacted.pdf. Reason: Safety concerns. Text excerpt: ¢ yy U.S. FOOD & DRUG

ADMINISTRATION

NDA 218600
COMPLETE RESPONSE

Bridge Regulatory Affairs, LLC

U.S. Agent for Camurus AB
Attention: Bridgette Kunst, MA, RAC
148 Butler Road

Franklin Park, NJ 08...",NOT US-INVESTABLE (UNVERIFIED),"Bridge Regulatory Affairs, LLC",NDA 218600
C014,Xspray Pharma AB,,,See FDA letter,See FDA CRL letter - indication in application,2026-06-04,Efficacy + Safety,,"https://api.fda.gov/transparency/crl.json?search=company_name:""Xspray Pharma AB""",https://www.accessdata.fda.gov/scripts/cder/daf/index.cfm?event=overview.process&varApplNo=217644,Verified - FLAGGED (sponsor/equity not yet resolved),"openFDA CRL transparency API: application NDA 217644, letter date 06/04/2026, company Xspray Pharma AB. File: CRL_NDA217644_20260604_Redacted.pdf. Reason: Efficacy + Safety. Text excerpt: ¢ yy U.S. FOOD & DRUG

ADMINISTRATION

NDA 217644
COMPLETE RESPONSE

Xspray Pharma AB

c/o Lachman Consultant Services, Inc.
Attention: Jennifer Leaming

Principal Consultant

1600 Stewart Avenue, Sui...",NOT US-INVESTABLE (UNVERIFIED),Xspray Pharma AB,NDA 217644
C015,"Cingulate Therapeutics, LLC",,,See FDA letter,See FDA CRL letter - indication in application,2026-05-29,Safety concerns,,"https://api.fda.gov/transparency/crl.json?search=company_name:""Cingulate Therapeutics, LLC""",https://www.accessdata.fda.gov/scripts/cder/daf/index.cfm?event=overview.process&varApplNo=220283,Verified - FLAGGED (sponsor/equity not yet resolved),"openFDA CRL transparency API: application NDA 220283, letter date 05/29/2026, company Cingulate Therapeutics, LLC. File: CRL_NDA220283_20260529_Redacted.pdf. Reason: Safety concerns. Text excerpt: g U.S. FOOD & DRUG
Naty ADMINISTRATION

NDA 220283
COMPLETE RESPONSE

Cingulate Therapeutics, LLC

Attention: Kelly R. Koehn

Vice President, Clinical and Regulatory Operations
1901 W. 47"" Place

West...",NOT US-INVESTABLE (UNVERIFIED),"Cingulate Therapeutics, LLC",NDA 220283
C016,"Ocuvex Therapeutics, Inc.",,,See FDA letter,See FDA CRL letter - indication in application,2026-05-15,Safety concerns,,"https://api.fda.gov/transparency/crl.json?search=company_name:""Ocuvex Therapeutics, Inc.""",https://www.accessdata.fda.gov/scripts/cder/daf/index.cfm?event=overview.process&varApplNo=217363,Verified - FLAGGED (sponsor/equity not yet resolved),"openFDA CRL transparency API: application NDA 217363, letter date 05/15/2026, company Ocuvex Therapeutics, Inc.. File: CRL_NDA217363_20260515_Redacted.pdf. Reason: Safety concerns. Text excerpt: ¢ yy U.S. FOOD & DRUG

ADMINISTRATION

NDA 217363
COMPLETE RESPONSE

Ocuvex Therapeutics, Inc.
Attention: Anthony Amato

Chief Executive Officer
1 Bridge Plaza, Second Floor
Fort Lee, NJ 07024

Dear A...",NOT US-INVESTABLE (UNVERIFIED),"Ocuvex Therapeutics, Inc.",NDA 217363
C017,"Grace Therapeutics U.S., Inc.",,,See FDA letter,See FDA CRL letter - indication in application,2026-04-23,Safety concerns,,"https://api.fda.gov/transparency/crl.json?search=company_name:""Grace Therapeutics U.S., Inc.""",https://www.accessdata.fda.gov/scripts/cder/daf/index.cfm?event=overview.process&varApplNo=220304,Verified - FLAGGED (sponsor/equity not yet resolved),"openFDA CRL transparency API: application NDA 220304, letter date 04/23/2026, company Grace Therapeutics U.S., Inc.. File: CRL_NDA220304_20260423_Redacted.pdf. Reason: Safety concerns. Text excerpt: g U.S. FOOD & DRUG
Naty ADMINISTRATION

NDA 220304
COMPLETE RESPONSE

Grace Therapeutics U.S., Inc.

Attention: Amresh Kumar

Vice President of Program Management
103 Carnegie Center Drive, Suite 300
...",NOT US-INVESTABLE (UNVERIFIED),"Grace Therapeutics U.S., Inc.",NDA 220304
C004,AbbVie Inc.,ABBV,NYSE,See FDA letter,See FDA CRL letter - indication in application,2026-04-22,Safety concerns,,"https://api.fda.gov/transparency/crl.json?search=company_name:""AbbVie Inc.""",https://www.accessdata.fda.gov/scripts/cder/daf/index.cfm?event=overview.process&varApplNo=761459,Verified - openFDA CRL transparency API,"openFDA CRL transparency API: application BLA 761459, letter date 04/22/2026, company AbbVie Inc.. File: CRL_BLA761459_20260422.pdf. Reason: Safety concerns. Text excerpt: nN U.S. FOOD & DRUG

ADMINISTRATION

BLA 761459
COMPLETE RESPONSE

AbbVie Inc.

Attention: Felipe Martins

Associate Director, Regulatory Affairs
2525 Dupont Drive

Irvine, CA 92612

Dear Felipe Marti...",US-LISTED,AbbVie Inc.,BLA 761459
C019,"Eagle Pharmaceuticals, Inc.",,,Fulvestrant Injection,See FDA CRL letter - indication in application,2026-04-13,Safety concerns,,"https://api.fda.gov/transparency/crl.json?search=company_name:""Eagle Pharmaceuticals, Inc.""",https://www.accessdata.fda.gov/scripts/cder/daf/index.cfm?event=overview.process&varApplNo=220045,Verified - FLAGGED (sponsor/equity not yet resolved),"openFDA CRL transparency API: application NDA 220045, letter date 04/13/2026, company Eagle Pharmaceuticals, Inc.. File: CRL_NDA220045_20260413_Redacted.pdf. Reason: Safety concerns. Text excerpt: ¢ yy U.S. FOOD & DRUG

ADMINISTRATION

NDA 220045
COMPLETE RESPONSE

Eagle Pharmaceuticals, Inc.

Attention: Janis A. Picurro

Senior Vice President, Regulatory Affairs
50 Tice Boulevard, Suite 315

W...",NOT US-INVESTABLE (UNVERIFIED),"Eagle Pharmaceuticals, Inc.",NDA 220045
C020,"Replimune, Inc.",,,See FDA letter,See FDA CRL letter - indication in application,2026-04-10,Efficacy + Safety,,"https://api.fda.gov/transparency/crl.json?search=company_name:""Replimune, Inc.""",https://www.accessdata.fda.gov/scripts/cder/daf/index.cfm?event=overview.process&varApplNo=125827,Verified - FLAGGED (sponsor/equity not yet resolved),"openFDA CRL transparency API: application BL 125827, letter date 04/10/2026, company Replimune, Inc.. File: CRL_BLA125827_20260410.pdf. Reason: Efficacy + Safety. Text excerpt: i Lk Fy"" U.S. FOOD & DRUG

ADMINISTRATION

Our STN: BL 125827 COMPLETE RESPONSE
APRIL 10, 2026

Replimune, Inc.
Attention: Kari Jeschke
500 Unicorn Park Drive
Woburn, MA 01801

Dear Kari Jeschke:

Ple...",NOT US-INVESTABLE (UNVERIFIED),"Replimune, Inc.",BL 125827
C021,Telix Pharmaceuticals (US) Inc.,,,See FDA letter,See FDA CRL letter - indication in application,2026-04-10,Safety concerns,,"https://api.fda.gov/transparency/crl.json?search=company_name:""Telix Pharmaceuticals (US) Inc.""",https://www.accessdata.fda.gov/scripts/cder/daf/index.cfm?event=overview.process&varApplNo=761401,Verified - FLAGGED (sponsor/equity not yet resolved),"openFDA CRL transparency API: application BLA 761401, letter date 04/10/2026, company Telix Pharmaceuticals (US) Inc.. File: CRL_BLA761401_20260410.pdf. Reason: Safety concerns. Text excerpt: ADMINISTRATION

g By) U.S. FOOD & DRUG
ioe

BLA 761401

CORRECTED
COMPLETE RESPONSE

Telix Pharmaceuticals (US) Inc.
Attention: Yvonne Chow

Global Regulatory Affairs Manager
11700 Exit 5 Pkwy

Suite ...",NOT US-INVESTABLE (UNVERIFIED),Telix Pharmaceuticals (US) Inc.,BLA 761401
C022,"Aldeyra Therapeutics, Inc.",,,Reproxalap Ophthalmic Solution,See FDA CRL letter - indication in application,2026-03-16,Efficacy + Safety,,"https://api.fda.gov/transparency/crl.json?search=company_name:""Aldeyra Therapeutics, Inc.""",https://www.accessdata.fda.gov/scripts/cder/daf/index.cfm?event=overview.process&varApplNo=216442,Verified - FLAGGED (sponsor/equity not yet resolved),"openFDA CRL transparency API: application NDA 216442, letter date 03/16/2026, company Aldeyra Therapeutics, Inc.. File: CRL_NDA216442_20260316.pdf. Reason: Efficacy + Safety. Text excerpt: ADMINISTRATION

( Lg YN U.S. FOOD & DRUG

NDA 216442
COMPLETE RESPONSE

Aldeyra Therapeutics, Inc.
Attention: David Noskowitz

Regulatory Affairs Consultant
131 Hartwell Ave., Suite 320
Lexington, MA ...",NOT US-INVESTABLE (UNVERIFIED),"Aldeyra Therapeutics, Inc.",NDA 216442
C023,"Rosemont Pharmaceuticals Holdings, Inc.",,,See FDA letter,See FDA CRL letter - indication in application,2026-03-05,Safety concerns,,"https://api.fda.gov/transparency/crl.json?search=company_name:""Rosemont Pharmaceuticals Holdings, Inc.""",https://www.accessdata.fda.gov/scripts/cder/daf/index.cfm?event=overview.process&varApplNo=220140,Verified - FLAGGED (sponsor/equity not yet resolved),"openFDA CRL transparency API: application NDA 220140, letter date 03/05/2026, company Rosemont Pharmaceuticals Holdings, Inc.. File: CRL_NDA220140_20260305.pdf. Reason: Safety concerns. Text excerpt: i Lk YN U.S. FOOD & DRUG

ADMINISTRATION

NDA 220140
COMPLETE RESPONSE

Rosemont Pharmaceuticals Holdings, Inc.

c/o Hyloris Developments SA (an affiliate of Dermax)
Attention: Kristi Norris, PhD

VP,...",NOT US-INVESTABLE (UNVERIFIED),"Rosemont Pharmaceuticals Holdings, Inc.",NDA 220140
C006,Fresenius SE & Co. KGaA,FSNUY,OTC,See FDA letter,See FDA CRL letter - indication in application,2026-02-27,Safety concerns,,"https://api.fda.gov/transparency/crl.json?search=company_name:""Fresenius Kabi USA, LLC""",https://www.accessdata.fda.gov/scripts/cder/daf/index.cfm?event=overview.process&varApplNo=214610,Verified - openFDA CRL transparency API,"openFDA CRL transparency API: application NDA 214610, letter date 02/27/2026, company Fresenius Kabi USA, LLC. File: CRL_NDA214610_20260227.pdf. Reason: Safety concerns. Text excerpt: ¢ U.S. FOOD & DRUG
Sy ADMINISTRATION

NDA 214610
COMPLETE RESPONSE

Fresenius Kabi USA, LLC
Attention: Jennifer Gross, M.S.
Senior Regulatory Affairs Associate
Three Corporate Drive

Lake Zurich, IL 6...",US-LISTED (ADR),"Fresenius Kabi USA, LLC",NDA 214610
C025,Chiesi Farmaceutici S.p.A.,,,See FDA letter,See FDA CRL letter - indication in application,2026-02-27,Unspecified - see FDA letter,,"https://api.fda.gov/transparency/crl.json?search=company_name:""Chiesi Farmaceutici S.p.A""",https://api.fda.gov/transparency/crl.json,Verified - FLAGGED (sponsor/equity not yet resolved),"openFDA CRL transparency API: application , letter date 02/27/2026, company Chiesi Farmaceutici S.p.A. File: Under Review for Release. Reason: Unspecified - see FDA letter. Text excerpt: ...",PRIVATE / NO EQUITY,Chiesi Farmaceutici S.p.A,
C007,Fresenius SE & Co. KGaA,FSNUY,OTC,See FDA letter,See FDA CRL letter - indication in application,2026-02-27,Safety concerns,,"https://api.fda.gov/transparency/crl.json?search=company_name:""Fresenius Kabi USA, LLC""",https://www.accessdata.fda.gov/scripts/cder/daf/index.cfm?event=overview.process&varApplNo=215818,Verified - openFDA CRL transparency API,"openFDA CRL transparency API: application NDA 215818, letter date 02/27/2026, company Fresenius Kabi USA, LLC. File: CRL_NDA215818_20260227.pdf. Reason: Safety concerns. Text excerpt: ¢ U.S. FOOD & DRUG
Sy ADMINISTRATION

NDA 215818
COMPLETE RESPONSE

Fresenius Kabi USA, LLC
Attention: Jennifer Gross, MS
Senior Regulatory Affairs Associate
Three Corporate Drive

Lake Zurich, IL 600...",US-LISTED (ADR),"Fresenius Kabi USA, LLC",NDA 215818
C027,Ferring Pharmaceuticals,,,See FDA letter,See FDA CRL letter - indication in application,2026-02-27,Safety concerns,,"https://api.fda.gov/transparency/crl.json?search=company_name:""Ferring Pharmaceuticals Inc.""",https://www.accessdata.fda.gov/scripts/cder/daf/index.cfm?event=overview.process&varApplNo=761253,Verified - FLAGGED (sponsor/equity not yet resolved),"openFDA CRL transparency API: application BLA 761253, letter date 02/27/2026, company Ferring Pharmaceuticals Inc.. File: CRL_BLA761253_20260227.pdf. Reason: Safety concerns. Text excerpt: PrN U.S. FOOD & DRUG

ADMINISTRATION

BLA 761253
COMPLETE RESPONSE

Ferring Pharmaceuticals Inc.
Attention: Sangeeta Chavan Patil
Director, Regulatory Affairs

100 Interpace Parkway
Parsippany, NJ 070...",PRIVATE / NO EQUITY,Ferring Pharmaceuticals Inc.,BLA 761253
C028,"Amphastar Pharmaceuticals, Inc.",,,See FDA letter,See FDA CRL letter - indication in application,2026-02-26,Safety concerns,,"https://api.fda.gov/transparency/crl.json?search=company_name:""Amphastar Pharmaceuticals, Inc.""",https://www.accessdata.fda.gov/scripts/cder/daf/index.cfm?event=overview.process&varApplNo=761403,Verified - FLAGGED (sponsor/equity not yet resolved),"openFDA CRL transparency API: application BLA 761403, letter date 02/26/2026, company Amphastar Pharmaceuticals, Inc.. File: CRL_BLA761403_20260226.pdf. Reason: Safety concerns. Text excerpt: PN U.S. FOOD & DRUG

ADMINISTRATION

BLA 761403
COMPLETE RESPONSE

Amphastar Pharmaceuticals, Inc.

Attention: Magda Albedrop, RAC-Drugs

Senior Supervisor of the CMC and Submissions Group
Regulatory ...",NOT US-INVESTABLE (UNVERIFIED),"Amphastar Pharmaceuticals, Inc.",BLA 761403
C029,"Disc Medicine, Inc.",,,See FDA letter,See FDA CRL letter - indication in application,2026-02-13,Efficacy + Safety,,"https://api.fda.gov/transparency/crl.json?search=company_name:""Disc Medicine, Inc.""",https://www.accessdata.fda.gov/scripts/cder/daf/index.cfm?event=overview.process&varApplNo=220707,Verified - FLAGGED (sponsor/equity not yet resolved),"openFDA CRL transparency API: application NDA 220707, letter date 02/13/2026, company Disc Medicine, Inc.. File: CRL_NDA220707_20260213.pdf. Reason: Efficacy + Safety. Text excerpt: PN U.S. FOOD & DRUG

ADMINISTRATION

NDA 220707
COMPLETE RESPONSE

Disc Medicine, Inc.

Attention: Steve Caffé, MD
Chief Regulatory Officer

321 Arsenal Street, Suite 101
Watertown, MA 02472

Dear Dr....",NOT US-INVESTABLE (UNVERIFIED),"Disc Medicine, Inc.",NDA 220707
C030,"REGENXBIO, Inc.",,,See FDA letter,See FDA CRL letter - indication in application,2026-02-07,Efficacy + Safety,,"https://api.fda.gov/transparency/crl.json?search=company_name:""REGENXBIO, Inc.""",https://www.accessdata.fda.gov/scripts/cder/daf/index.cfm?event=overview.process&varApplNo=125840,Verified - FLAGGED (sponsor/equity not yet resolved),"openFDA CRL transparency API: application BL 125840, letter date 02/07/2026, company REGENXBIO, Inc.. File: CRL_BLA125840_20260207.pdf. Reason: Efficacy + Safety. Text excerpt: g YN U.S. FOOD & DRUG

ADMINISTRATION

Our STN: BL 125840/0 COMPLETE RESPONSE
February 7, 2026

REGENXBIO, Inc.

Attention: Steve Pakola, MD
9804 Medical Center Drive
Rockville, MD 20850

Dear Dr. Pak...",NOT US-INVESTABLE (UNVERIFIED),"REGENXBIO, Inc.",BL 125840
C031,Aquestive Therapeutics Inc.,,,See FDA letter,See FDA CRL letter - indication in application,2026-01-30,Efficacy + Safety,,"https://api.fda.gov/transparency/crl.json?search=company_name:""Aquestive Therapeutics Inc.""",https://www.accessdata.fda.gov/scripts/cder/daf/index.cfm?event=overview.process&varApplNo=219870,Verified - FLAGGED (sponsor/equity not yet resolved),"openFDA CRL transparency API: application NDA 219870, letter date 01/30/2026, company Aquestive Therapeutics Inc.. File: CRL_NDA219870_20260130.pdf. Reason: Efficacy + Safety. Text excerpt: ¢ YN U.S. FOOD & DRUG

ADMINISTRATION

NDA 219870
COMPLETE RESPONSE

Aquestive Therapeutics Inc.
Attention: Melina Cioffi, PharmD
Vice President, Regulatory Affairs
30 Technology Drive

Warren, NJ 070...",NOT US-INVESTABLE (UNVERIFIED),Aquestive Therapeutics Inc.,NDA 219870
C032,Corcept Therapeutics,,,See FDA letter,See FDA CRL letter - indication in application,2026-01-28,Efficacy + Safety,,"https://api.fda.gov/transparency/crl.json?search=company_name:""Corcept Therapeutics""",https://www.accessdata.fda.gov/scripts/cder/daf/index.cfm?event=overview.process&varApplNo=219398,Verified - FLAGGED (sponsor/equity not yet resolved),"openFDA CRL transparency API: application NDA 219398, letter date 01/28/2026, company Corcept Therapeutics. File: CRL_NDA219398_20260128.pdf. Reason: Efficacy + Safety. Text excerpt: ¢ IN U.S. FOOD & DRUG

ADMINISTRATION

NDA 219398
CORRECTED COMPLETE RESPONSE

Corcept Therapeutics

Attention: Christopher Golis

Vice President, Quality Assurance & Regulatory Affairs
101 Redwood Sh...",NOT US-INVESTABLE (UNVERIFIED),Corcept Therapeutics,NDA 219398
C033,Pierre Fabre Pharmaceuticals Inc.,,,See FDA letter,See FDA CRL letter - indication in application,2026-01-09,Efficacy + Safety,,"https://api.fda.gov/transparency/crl.json?search=company_name:""Pierre Fabre Pharmaceuticals Inc.""",https://www.accessdata.fda.gov/scripts/cder/daf/index.cfm?event=overview.process&varApplNo=125745,Verified - FLAGGED (sponsor/equity not yet resolved),"openFDA CRL transparency API: application BL 125745, letter date 01/09/2026, company Pierre Fabre Pharmaceuticals Inc.. File: CRL_BLA125745_20260109.pdf. Reason: Efficacy + Safety. Text excerpt: i Lg YN U.S. FOOD & DRUG

ADMINISTRATION

Our STN: BL 125745/0 COMPLETE RESPONSE
January 9, 2026

Pierre Fabre Pharmaceuticals Inc.
Attention: Lana Klionsky

500 Plaza Drive, Suite 701B
Secaucus, NJ 0...",NOT US-INVESTABLE (UNVERIFIED),Pierre Fabre Pharmaceuticals Inc.,BL 125745
C034,"Outlook Therapeutics, Inc.",,,See FDA letter,See FDA CRL letter - indication in application,2025-12-30,Efficacy + Safety,,"https://api.fda.gov/transparency/crl.json?search=company_name:""Outlook Therapeutics, Inc.""",https://www.accessdata.fda.gov/scripts/cder/daf/index.cfm?event=overview.process&varApplNo=761320,Verified - FLAGGED (sponsor/equity not yet resolved),"openFDA CRL transparency API: application BLA 761320, letter date 12/30/2025, company Outlook Therapeutics, Inc.. File: CRL_BLA761320_20251230.pdf. Reason: Efficacy + Safety. Text excerpt: ( Lg my U.S. FOOD & DRUG
Ny, ADMINISTRATION

BLA 761320
COMPLETE RESPONSE

Outlook Therapeutics, Inc.

Attention: Jennifer Kissner, PhD
Executive Vice President

111 South Wood Avenue

Unit #100

Isel...",NOT US-INVESTABLE (UNVERIFIED),"Outlook Therapeutics, Inc.",BLA 761320
C035,"Dr. Reddy’s Laboratories, Inc.",,,Dr,See FDA CRL letter - indication in application,2025-12-30,Safety concerns,,"https://api.fda.gov/transparency/crl.json?search=company_name:""Dr. Reddy’s Laboratories, Inc.""",https://www.accessdata.fda.gov/scripts/cder/daf/index.cfm?event=overview.process&varApplNo=761471,Verified - FLAGGED (sponsor/equity not yet resolved),"openFDA CRL transparency API: application BLA 761471, letter date 12/30/2025, company Dr. Reddy’s Laboratories, Inc.. File: CRL_BLA761471_20251230.pdf. Reason: Safety concerns. Text excerpt: ¢ yy U.S. FOOD & DRUG

ADMINISTRATION

BLA 761471
COMPLETE RESPONSE

Dr. Reddy’s Laboratories, Inc.

US Agent for Dr. Reddy’s Laboratories SA
Attention: Gerald Vasquez

Head RA - North America

600 Co...",NOT US-INVESTABLE (UNVERIFIED),"Dr. Reddy’s Laboratories, Inc.",BLA 761471
C010,Sanofi,SNY,NASDAQ,See FDA letter,See FDA CRL letter - indication in application,2025-12-23,Efficacy + Safety,,"https://api.fda.gov/transparency/crl.json?search=company_name:""Genzyme Corporation""",https://www.accessdata.fda.gov/scripts/cder/daf/index.cfm?event=overview.process&varApplNo=219624,Verified - openFDA CRL transparency API,"openFDA CRL transparency API: application NDA 219624, letter date 12/23/2025, company Genzyme Corporation. File: CRL_NDA219624_20251223.pdf. Reason: Efficacy + Safety. Text excerpt: i Lk YN U.S. FOOD & DRUG

ADMINISTRATION

NDA 219624
COMPLETE RESPONSE
Genzyme Corporation
Attention: Brant Hamel, PhD, RAC
Director, Regulatory Affairs
100 Morris St.
Morristown, NJ 07960
Dear Dr. Ha...",US-LISTED (ADR),Genzyme Corporation,NDA 219624
C037,"MedicaSafe, Inc.",,,See FDA letter,See FDA CRL letter - indication in application,2025-12-22,Safety concerns,,"https://api.fda.gov/transparency/crl.json?search=company_name:""MedicaSafe, Inc.""",https://www.accessdata.fda.gov/scripts/cder/daf/index.cfm?event=overview.process&varApplNo=220184,Verified - FLAGGED (sponsor/equity not yet resolved),"openFDA CRL transparency API: application NDA 220184, letter date 12/22/2025, company MedicaSafe, Inc.. File: CRL_NDA220184_20251222.pdf. Reason: Safety concerns. Text excerpt: a ¢ yy U.S. FOOD & DRUG
Se

ADMINISTRATION

NDA 220184
COMPLETE RESPONSE

MedicaSafe, Inc.
131 Varick Street, #901
New York, NY 10013
Attention: Malcolm Dell
VP of Product and Operations

Dear Malcolm...",NOT US-INVESTABLE (UNVERIFIED),"MedicaSafe, Inc.",NDA 220184
C038,GSK plc,,,Exdensur,See FDA CRL letter - indication in application,2025-12-16,Efficacy + Safety,,"https://api.fda.gov/transparency/crl.json?search=company_name:""GlaxoSmithKline LLC""",https://www.accessdata.fda.gov/scripts/cder/daf/index.cfm?event=overview.process&varApplNo=761458,Verified - FLAGGED (sponsor/equity not yet resolved),"openFDA CRL transparency API: application BLA 761458/Original 2; BLA 761458, letter date 12/16/2025, company GlaxoSmithKline LLC. File: CRL_BLA761458_20251216.pdf. Reason: Efficacy + Safety. Text excerpt: f ¢ PN U.S. FOOD & DRUG
“en

ADMINISTRATION

BLA 761458/Original 2
COMPLETE RESPONSE
GlaxoSmithKline LLC
Attention: David Colton
Director, Global Regulatory Affairs
200 Cambridge Park Drive
Cambridge,...",NOT US-INVESTABLE (UNVERIFIED),GlaxoSmithKline LLC,BLA 761458/Original 2; BLA 761458
C039,"LIB Therapeutics, Inc.",,,See FDA letter,See FDA CRL letter - indication in application,2025-12-12,Efficacy + Safety,,"https://api.fda.gov/transparency/crl.json?search=company_name:""LIB Therapeutics, Inc.""",https://www.accessdata.fda.gov/scripts/cder/daf/index.cfm?event=overview.process&varApplNo=761427,Verified - FLAGGED (sponsor/equity not yet resolved),"openFDA CRL transparency API: application BLA 761427/Original 2; BLA 761427, letter date 12/12/2025, company LIB Therapeutics, Inc.. File: CRL_BLA761427_20251212.pdf. Reason: Efficacy + Safety. Text excerpt: ADMINISTRATION

Lk FN U.S. FOOD & DRUG

BLA 761427/Original 2
COMPLETE RESPONSE

LIB Therapeutics, Inc.

Attention: Evan A. Stein, MD, PhD
Chief Executive and Scientific Officer
5375 Medpace Way

Cinc...",NOT US-INVESTABLE (UNVERIFIED),"LIB Therapeutics, Inc.",BLA 761427/Original 2; BLA 761427
C040,Sandoz Group AG,,SIX,See FDA letter,See FDA CRL letter - indication in application,2025-12-09,Safety concerns,,"https://api.fda.gov/transparency/crl.json?search=company_name:""Sandoz Inc.""",https://www.accessdata.fda.gov/scripts/cder/daf/index.cfm?event=overview.process&varApplNo=761271,Verified - FLAGGED (sponsor/equity not yet resolved),"openFDA CRL transparency API: application BLA 761271, letter date 12/09/2025, company Sandoz Inc.. File: CRL_BLA761271_20251209.pdf. Reason: Safety concerns. Text excerpt: ¢ aN U.S. FOOD & DRUG
So

ADMINISTRATION

BLA 761271
COMPLETE RESPONSE

Sandoz Inc.

Attention: Raheel Khan, MBA, RAC
Associate Director, Global Regulatory Affairs
100 College Road West

Princeton, NJ...",NON-US LISTING ONLY,Sandoz Inc.,BLA 761271
C041,Alvotech USA Inc.,,,See FDA letter,See FDA CRL letter - indication in application,2025-11-26,Safety concerns,,"https://api.fda.gov/transparency/crl.json?search=company_name:""Alvotech USA Inc.""",https://www.accessdata.fda.gov/scripts/cder/daf/index.cfm?event=overview.process&varApplNo=761461,Verified - FLAGGED (sponsor/equity not yet resolved),"openFDA CRL transparency API: application BLA 761461, letter date 11/26/2025, company Alvotech USA Inc.. File: CRL_BLA761461_20251126.pdf. Reason: Safety concerns. Text excerpt: i Lk YN U.S. FOOD & DRUG

ADMINISTRATION

BLA 761461
COMPLETE RESPONSE

Alvotech USA Inc.

c/o Cencora Global Consulting

Attention: Anusha Kesireddy

Manager, Regulatory Affairs

Cencora Global Consu...",NOT US-INVESTABLE (UNVERIFIED),Alvotech USA Inc.,BLA 761461
C042,Alvotech USA Inc.,,,See FDA letter,See FDA CRL letter - indication in application,2025-11-24,Safety concerns,,"https://api.fda.gov/transparency/crl.json?search=company_name:""Alvotech USA Inc.""",https://www.accessdata.fda.gov/scripts/cder/daf/index.cfm?event=overview.process&varApplNo=761435,Verified - FLAGGED (sponsor/equity not yet resolved),"openFDA CRL transparency API: application BLA 761435, letter date 11/24/2025, company Alvotech USA Inc.. File: CRL_BLA761435_20251124.pdf. Reason: Safety concerns. Text excerpt: Lk U.S. FOOD & DRUG
“a ADMINISTRATION

BLA 761435
COMPLETE RESPONSE

Alvotech USA Inc.

c/o Cencora Global Consulting Service

Attention: Anusha Kesireddy
Manager, Regulatory Affairs

1 West 1st Avenu...",NOT US-INVESTABLE (UNVERIFIED),Alvotech USA Inc.,BLA 761435
C043,Accord Healthcare Inc.,,,See FDA letter,See FDA CRL letter - indication in application,2025-11-06,Safety concerns,,"https://api.fda.gov/transparency/crl.json?search=company_name:""Accord Healthcare Inc.""",https://www.accessdata.fda.gov/scripts/cder/daf/index.cfm?event=overview.process&varApplNo=216987,Verified - FLAGGED (sponsor/equity not yet resolved),"openFDA CRL transparency API: application NDA 216987, letter date 11/06/2025, company Accord Healthcare Inc.. File: CRL_NDA216987_20251106.pdf. Reason: Safety concerns. Text excerpt: ADMINISTRATION

i Lk YN U.S. FOOD & DRUG

NDA 216987
COMPLETE RESPONSE

Accord Healthcare Inc.

Attention: Sabita Nair, RAC, ASQ-CPGP
Vice President-Regulatory Affairs

8041 Arco Corporate Drive, Suit...",NOT US-INVESTABLE (UNVERIFIED),Accord Healthcare Inc.,NDA 216987
C044,"Biohaven Therapeutics, Ltd.",,,See FDA letter,See FDA CRL letter - indication in application,2025-11-04,Efficacy + Safety,,"https://api.fda.gov/transparency/crl.json?search=company_name:""Biohaven Therapeutics, Ltd.""",https://www.accessdata.fda.gov/scripts/cder/daf/index.cfm?event=overview.process&varApplNo=210862,Verified - FLAGGED (sponsor/equity not yet resolved),"openFDA CRL transparency API: application NDA 210862, letter date 11/04/2025, company Biohaven Therapeutics, Ltd.. File: CRL_NDA210862_20251104.pdf. Reason: Efficacy + Safety. Text excerpt: ADMINISTRATION

¢ Fy U.S. FOOD & DRUG

NDA 210862
COMPLETE RESPONSE

Biohaven Therapeutics, Ltd.

c/o Biohaven Pharmaceuticals, Inc.
Attention: Marianne Frost, MA

Senior VP, Regulatory Affairs and Op...",NOT US-INVESTABLE (UNVERIFIED),"Biohaven Therapeutics, Ltd.",NDA 210862
C045,Alvotech USA Inc.,,,See FDA letter,See FDA CRL letter - indication in application,2025-10-31,Safety concerns,,"https://api.fda.gov/transparency/crl.json?search=company_name:""Alvotech USA Inc.""",https://www.accessdata.fda.gov/scripts/cder/daf/index.cfm?event=overview.process&varApplNo=761462,Verified - FLAGGED (sponsor/equity not yet resolved),"openFDA CRL transparency API: application BLA 761462, letter date 10/31/2025, company Alvotech USA Inc.. File: CRL_BLA761462_20251031.pdf. Reason: Safety concerns. Text excerpt: i Lk YN U.S. FOOD & DRUG

ADMINISTRATION

BLA 761462
COMPLETE RESPONSE

Alvotech USA Inc.

c/o Cencora Global Consulting

Attention: Anusha Kesireddy

Manager, Regulatory Affairs

Cencora Global Consu...",NOT US-INVESTABLE (UNVERIFIED),Alvotech USA Inc.,BLA 761462
C046,"Shanghai Auzone Biological Technology Co., Ltd.",,,See FDA letter,See FDA CRL letter - indication in application,2025-10-23,Safety concerns,,"https://api.fda.gov/transparency/crl.json?search=company_name:""Shanghai Auzone Biological Technology Co., Ltd.""",https://www.accessdata.fda.gov/scripts/cder/daf/index.cfm?event=overview.process&varApplNo=219846,Verified - FLAGGED (sponsor/equity not yet resolved),"openFDA CRL transparency API: application NDA 219846, letter date 10/23/2025, company Shanghai Auzone Biological Technology Co., Ltd.. File: CRL_NDA219846_20251023.pdf. Reason: Safety concerns. Text excerpt: ¢ IN U.S. FOOD & DRUG

ADMINISTRATION

NDA 219846
COMPLETE RESPONSE

Shanghai Auzone Biological Technology Co., Ltd.
c/o WuXi AppTec

Attention: Janet R Rea

Regulatory Consultant

23 Woodland Dr.

Ne...",NOT US-INVESTABLE (UNVERIFIED),"Shanghai Auzone Biological Technology Co., Ltd.",NDA 219846
C047,GSK plc,,,See FDA letter,See FDA CRL letter - indication in application,2025-10-23,Efficacy + Safety,,"https://api.fda.gov/transparency/crl.json?search=company_name:""GlaxoSmithKline LLC""",https://www.accessdata.fda.gov/scripts/cder/daf/index.cfm?event=overview.process&varApplNo=761440,Verified - FLAGGED (sponsor/equity not yet resolved),"openFDA CRL transparency API: application BLA 761440/Original 2; BLA 761440, letter date 10/23/2025, company GlaxoSmithKline LLC. File: CRL_BLA761440_20251023.pdf. Reason: Efficacy + Safety. Text excerpt: ( Lg my U.S. FOOD & DRUG
Ny, ADMINISTRATION

BLA 761440/Original 2
COMPLETE RESPONSE

GlaxoSmithKline LLC

Attention: Hayley Karpick, PharmD, RPh
Associate Director, Global Regulatory Affairs
1250 Sou...",NOT US-INVESTABLE (UNVERIFIED),GlaxoSmithKline LLC,BLA 761440/Original 2; BLA 761440
C048,SYDNEXIS Inc.,,,See FDA letter,See FDA CRL letter - indication in application,2025-10-22,Efficacy + Safety,,"https://api.fda.gov/transparency/crl.json?search=company_name:""SYDNEXIS Inc.""",https://www.accessdata.fda.gov/scripts/cder/daf/index.cfm?event=overview.process&varApplNo=219694,Verified - FLAGGED (sponsor/equity not yet resolved),"openFDA CRL transparency API: application NDA 219694, letter date 10/22/2025, company SYDNEXIS Inc.. File: CRL_NDA219694_20251022.pdf. Reason: Efficacy + Safety. Text excerpt: ¢ YN U.S. FOOD & DRUG

ADMINISTRATION

NDA 219694
COMPLETE RESPONSE

SYDNEXIS Inc.

Attention: Caryn Peterson
Regulatory Advisor

445 Marine View Ave, Suite 200

Del Mar, CA 92014-3951

Dear Caryn Pet...",NOT US-INVESTABLE (UNVERIFIED),SYDNEXIS Inc.,NDA 219694
C049,"NeuroDerm, Ltd.",,,See FDA letter,See FDA CRL letter - indication in application,2025-10-21,Safety concerns,,"https://api.fda.gov/transparency/crl.json?search=company_name:""NeuroDerm, Ltd.""",https://www.accessdata.fda.gov/scripts/cder/daf/index.cfm?event=overview.process&varApplNo=218317,Verified - FLAGGED (sponsor/equity not yet resolved),"openFDA CRL transparency API: application NDA 218317, letter date 10/21/2025, company NeuroDerm, Ltd.. File: CRL_NDA218317_20251021.pdf. Reason: Safety concerns. Text excerpt: ADMINISTRATION

f ¢ yy U.S. FOOD & DRUG

NDA 218317
COMPLETE RESPONSE

NeuroDerm, Ltd.

c/o: The ProPharma Group

Attention: Daniel Solorio

Senior Vice President, Regulatory Program Management
1129 2...",NOT US-INVESTABLE (UNVERIFIED),"NeuroDerm, Ltd.",NDA 218317
C050,Dr. Reddy’s Laboratories SA,,,See FDA letter,See FDA CRL letter - indication in application,2025-10-16,Safety concerns,,"https://api.fda.gov/transparency/crl.json?search=company_name:""Dr. Reddy’s Laboratories SA""",https://www.accessdata.fda.gov/scripts/cder/daf/index.cfm?event=overview.process&varApplNo=761376,Verified - FLAGGED (sponsor/equity not yet resolved),"openFDA CRL transparency API: application BLA 761376, letter date 10/16/2025, company Dr. Reddy’s Laboratories SA. File: CRL_BLA761376_20251016.pdf. Reason: Safety concerns. Text excerpt: ADMINISTRATION

i Lk YN U.S. FOOD & DRUG

BLA 761376
COMPLETE RESPONSE

Dr. Reddy’s Laboratories SA

c/o Parexel International

Attention: Ally Danta

Regulatory Affairs Consultant

541 Church at Nort...",NOT US-INVESTABLE (UNVERIFIED),Dr. Reddy’s Laboratories SA,BLA 761376
C011,AstraZeneca PLC,AZN,NASDAQ,See FDA letter,See FDA CRL letter - indication in application,2025-10-10,Clinical / Trial design,,"https://api.fda.gov/transparency/crl.json?search=company_name:""AstraZeneca Pharmaceuticals LP""",https://www.accessdata.fda.gov/scripts/cder/daf/index.cfm?event=overview.process&varApplNo=761451,Verified - openFDA CRL transparency API,"openFDA CRL transparency API: application BLA 761451, letter date 10/10/2025, company AstraZeneca Pharmaceuticals LP. File: CRL_BLA761451_20251010.pdf. Reason: Clinical / Trial design. Text excerpt: Cg YN U.S. FOOD & DRUG

ADMINISTRATION

BLA 761451
COMPLETE RESPONSE

AstraZeneca Pharmaceuticals LP
Attention: Osamah Al-Qaysi
Associate Regulatory Affairs Director
One Medimmune Way

Gaithersburg, M...",US-LISTED (ADR),AstraZeneca Pharmaceuticals LP,BLA 761451
C052,Xspray Pharma AB,,,See FDA letter,See FDA CRL letter - indication in application,2025-10-07,Safety concerns,,"https://api.fda.gov/transparency/crl.json?search=company_name:""Xspray Pharma AB""",https://www.accessdata.fda.gov/scripts/cder/daf/index.cfm?event=overview.process&varApplNo=216195,Verified - FLAGGED (sponsor/equity not yet resolved),"openFDA CRL transparency API: application NDA 216195, letter date 10/07/2025, company Xspray Pharma AB. File: CRL_NDA216195_20251007.pdf. Reason: Safety concerns. Text excerpt: ¢ PIN U.S. FOOD & DRUG

ADMINISTRATION

NDA 216195
COMPLETE RESPONSE

Xspray Pharma AB

c/o Lachman Consultant Services Inc.
Attention: Jennifer Leaming, MSRA, RAC
US Agent; Principal Consultant

1600...",NOT US-INVESTABLE (UNVERIFIED),Xspray Pharma AB,NDA 216195
C053,"Sentynl Therapeutics, Inc.",,,See FDA letter,See FDA CRL letter - indication in application,2025-09-30,Safety concerns,,"https://api.fda.gov/transparency/crl.json?search=company_name:""Sentynl Therapeutics, Inc.""",https://www.accessdata.fda.gov/scripts/cder/daf/index.cfm?event=overview.process&varApplNo=211241,Verified - FLAGGED (sponsor/equity not yet resolved),"openFDA CRL transparency API: application NDA 211241, letter date 09/30/2025, company Sentynl Therapeutics, Inc.. File: CRL_NDA211241_20250930.pdf. Reason: Safety concerns. Text excerpt: i Lk YN U.S. FOOD & DRUG

ADMINISTRATION

NDA 211241
COMPLETE RESPONSE

Sentynl Therapeutics, Inc.
Attention: Eileen P. Banaga

VP, Regulatory Affairs and Quality
420 Stevens Avenue, Suite 200
Solana ...",NOT US-INVESTABLE (UNVERIFIED),"Sentynl Therapeutics, Inc.",NDA 211241
C012,Biogen Inc.,BIIB,NASDAQ,Spinraza,See FDA CRL letter - indication in application,2025-09-22,Efficacy + Safety,,"https://api.fda.gov/transparency/crl.json?search=company_name:""Biogen, Inc.""",https://www.accessdata.fda.gov/scripts/cder/daf/index.cfm?event=overview.process&varApplNo=209531/S-016,Verified - openFDA CRL transparency API,"openFDA CRL transparency API: application NDA 209531/S-016, letter date 09/22/2025, company Biogen, Inc.. File: CRL_NDA209531_20250922.pdf. Reason: Efficacy + Safety. Text excerpt: ‘4 ¢ BN U.S. FOOD & DRUG

ADMINISTRATION

NDA 209531/S-016
COMPLETE RESPONSE

Biogen, Inc.

Attention: Charlene Wheeler, MSHS
Director, Global Regulatory Sciences
225 Binney Street

Cambridge, MA 0214...",US-LISTED,"Biogen, Inc.",NDA 209531/S-016
C055,"Scholar Rock, Inc.",,,See FDA letter,See FDA CRL letter - indication in application,2025-09-22,Safety concerns,,"https://api.fda.gov/transparency/crl.json?search=company_name:""Scholar Rock, Inc.""",https://www.accessdata.fda.gov/scripts/cder/daf/index.cfm?event=overview.process&varApplNo=761463,Verified - FLAGGED (sponsor/equity not yet resolved),"openFDA CRL transparency API: application BLA 761463, letter date 09/22/2025, company Scholar Rock, Inc.. File: CRL_BLA761463_20250922.pdf. Reason: Safety concerns. Text excerpt: . FOOD & DRUG

INISTRATION

BLA 761463

COMPLETE RESPONSE

Scholar Rock, Inc.

Attention:

Neda Aghajani Memar, PharmD

Senior Director, Global Regulatory Affairs
301 Binney Street, 3ra Floor
Cambridg...",NOT US-INVESTABLE (UNVERIFIED),"Scholar Rock, Inc.",BLA 761463
C056,Saol International Development Limited,,,See FDA letter,See FDA CRL letter - indication in application,2025-08-27,Safety concerns,,"https://api.fda.gov/transparency/crl.json?search=company_name:""Saol International Development Limited""",https://www.accessdata.fda.gov/scripts/cder/daf/index.cfm?event=overview.process&varApplNo=218679,Verified - FLAGGED (sponsor/equity not yet resolved),"openFDA CRL transparency API: application NDA 218679, letter date 08/27/2025, company Saol International Development Limited. File: CRL_NDA218679_20250827.pdf. Reason: Safety concerns. Text excerpt: ADMINISTRATION

i Lk YN U.S. FOOD & DRUG

NDA 218679
COMPLETE RESPONSE

Saol International Development Limited
% Saol Therapeutics Inc

Attention: Allison Lowry

Head of Regulatory

1000 Holcomb Woods...",NOT US-INVESTABLE (UNVERIFIED),Saol International Development Limited,NDA 218679
C057,"Vyluma, Inc.",,,See FDA letter,See FDA CRL letter - indication in application,2025-08-27,Efficacy + Safety,,"https://api.fda.gov/transparency/crl.json?search=company_name:""Vyluma, Inc.""",https://www.accessdata.fda.gov/scripts/cder/daf/index.cfm?event=overview.process&varApplNo=217711,Verified - FLAGGED (sponsor/equity not yet resolved),"openFDA CRL transparency API: application NDA 217711, letter date 08/27/2025, company Vyluma, Inc.. File: CRL_NDA 217711_20250827.pdf. Reason: Efficacy + Safety. Text excerpt: ind U.S. FOOD & DRUG

ADMINISTRATION

NDA 217711
COMPLETE RESPONSE

Vyluma, Inc.
c/o Nevakar Injectables, Inc.
Attention: Nithila Duraisamy
Vice President, Head of Regulatory Affairs
1019 US Highway 2...",NOT US-INVESTABLE (UNVERIFIED),"Vyluma, Inc.",NDA 217711
C058,"Outlook Therapeutics, Inc.",,,See FDA letter,See FDA CRL letter - indication in application,2025-08-27,Efficacy + Safety,,"https://api.fda.gov/transparency/crl.json?search=company_name:""Outlook Therapeutics, Inc.""",https://www.accessdata.fda.gov/scripts/cder/daf/index.cfm?event=overview.process&varApplNo=761320,Verified - FLAGGED (sponsor/equity not yet resolved),"openFDA CRL transparency API: application BLA 761320, letter date 08/27/2025, company Outlook Therapeutics, Inc.. File: CRL_BLA761320_20250827.pdf. Reason: Efficacy + Safety. Text excerpt: ( Lg my U.S. FOOD & DRUG
Ny, ADMINISTRATION

BLA 761320
COMPLETE RESPONSE

Outlook Therapeutics, Inc.
Attention: Jennifer Kissner, PhD
Senior Vice President, Clinical and Regulatory Affairs
111 South ...",NOT US-INVESTABLE (UNVERIFIED),"Outlook Therapeutics, Inc.",BLA 761320
C059,"PTC Therapeutics, Inc.",,,See FDA letter,See FDA CRL letter - indication in application,2025-08-18,Efficacy + Safety,,"https://api.fda.gov/transparency/crl.json?search=company_name:""PTC Therapeutics, Inc.""",https://www.accessdata.fda.gov/scripts/cder/daf/index.cfm?event=overview.process&varApplNo=220049,Verified - FLAGGED (sponsor/equity not yet resolved),"openFDA CRL transparency API: application NDA 220049, letter date 08/18/2025, company PTC Therapeutics, Inc.. File: CRL_NDA220049_20250818.pdf. Reason: Efficacy + Safety. Text excerpt: ADMINISTRATION

¢ YN U.S. FOOD & DRUG

NDA 220049
COMPLETE RESPONSE

PTC Therapeutics, Inc.

Attention: Aparna Geddam, MS
Director, Global Regulatory Strategy
500 Warren Corporate Center Drive
Warren,...",NOT US-INVESTABLE (UNVERIFIED),"PTC Therapeutics, Inc.",NDA 220049
C060,Immedica Pharma AB,,,See FDA letter,See FDA CRL letter - indication in application,2025-08-06,Efficacy + Safety,,"https://api.fda.gov/transparency/crl.json?search=company_name:""Immedica Pharma AB""",https://www.accessdata.fda.gov/scripts/cder/daf/index.cfm?event=overview.process&varApplNo=761211,Verified - FLAGGED (sponsor/equity not yet resolved),"openFDA CRL transparency API: application BLA 761211, letter date 08/06/2025, company Immedica Pharma AB. File: CRL_BLA761211_20250806.pdf. Reason: Efficacy + Safety. Text excerpt: ¢ IN U.S. FOOD & DRUG
Se

ADMINISTRATION

BLA 761211
COMPLETE RESPONSE

Immedica Pharma AB

% DLRC Inc.

Attention: Gregory Dombal
President

1 Broadway

Cambridge, MA 02142

Dear Gregory Dombal:
Plea...",NOT US-INVESTABLE (UNVERIFIED),Immedica Pharma AB,BLA 761211
C061,"Accord BioPharma, Inc.",,,See FDA letter,See FDA CRL letter - indication in application,2025-08-05,Safety concerns,,"https://api.fda.gov/transparency/crl.json?search=company_name:""Accord BioPharma, Inc.""",https://www.accessdata.fda.gov/scripts/cder/daf/index.cfm?event=overview.process&varApplNo=761147,Verified - FLAGGED (sponsor/equity not yet resolved),"openFDA CRL transparency API: application BLA 761147, letter date 08/05/2025, company Accord BioPharma, Inc.. File: CRL_BLA761147_20250805.pdf. Reason: Safety concerns. Text excerpt: i Lk YN U.S. FOOD & DRUG

ADMINISTRATION

BLA 761147
COMPLETE RESPONSE

Accord BioPharma, Inc.

Attention: Sabita Nair, RAC, ASQ-CPGP
Vice President, Regulatory Affairs

8041 Arco Corporate Drive

Sui...",NOT US-INVESTABLE (UNVERIFIED),"Accord BioPharma, Inc.",BLA 761147
C062,Conjupro Biotherapeutics Inc.,,,See FDA letter,See FDA CRL letter - indication in application,2025-07-30,Safety concerns,,"https://api.fda.gov/transparency/crl.json?search=company_name:""Conjupro Biotherapeutics Inc.""",https://www.accessdata.fda.gov/scripts/cder/daf/index.cfm?event=overview.process&varApplNo=218923,Verified - FLAGGED (sponsor/equity not yet resolved),"openFDA CRL transparency API: application NDA 218923, letter date 07/30/2025, company Conjupro Biotherapeutics Inc.. File: CRL_NDA218923_20250730.pdf. Reason: Safety concerns. Text excerpt: ¢ YN U.S. FOOD & DRUG

ADMINISTRATION

NDA 218923
COMPLETE RESPONSE

Conjupro Biotherapeutics Inc.

Attention: Xi-De Wang, Ph.D., RAC

Vice President, Regulatory Science & Compliance
302 Carnegie Cent...",NOT US-INVESTABLE (UNVERIFIED),Conjupro Biotherapeutics Inc.,NDA 218923
C063,"Teva Pharmaceuticals, Inc.",,,See FDA letter,See FDA CRL letter - indication in application,2025-07-30,Safety concerns,,"https://api.fda.gov/transparency/crl.json?search=company_name:""Teva Pharmaceuticals, Inc.""",https://www.accessdata.fda.gov/scripts/cder/daf/index.cfm?event=overview.process&varApplNo=761385,Verified - FLAGGED (sponsor/equity not yet resolved),"openFDA CRL transparency API: application BLA 761385, letter date 07/30/2025, company Teva Pharmaceuticals, Inc.. File: CRL_BLA761385_20250730.pdf. Reason: Safety concerns. Text excerpt: i Lk YN U.S. FOOD & DRUG

ADMINISTRATION

BLA 761385
COMPLETE RESPONSE

Teva Pharmaceuticals, Inc.

Attention: David DeCicco

Director, Global Biosimilar Regulatory Affairs
145 Brandywine Parkway

Wes...",NOT US-INVESTABLE (UNVERIFIED),"Teva Pharmaceuticals, Inc.",BLA 761385
C013,Regeneron Pharmaceuticals,REGN,NASDAQ,See FDA letter,See FDA CRL letter - indication in application,2025-07-30,Safety concerns,,"https://api.fda.gov/transparency/crl.json?search=company_name:""Regeneron Pharmaceuticals, Inc.""",https://www.accessdata.fda.gov/scripts/cder/daf/index.cfm?event=overview.process&varApplNo=761303,Verified - openFDA CRL transparency API,"openFDA CRL transparency API: application BLA 761303, letter date 07/30/2025, company Regeneron Pharmaceuticals, Inc.. File: CRL_BLA761303_20250730.pdf. Reason: Safety concerns. Text excerpt: i Lk YN U.S. FOOD & DRUG

ADMINISTRATION

BLA 761303
COMPLETE RESPONSE

Regeneron Pharmaceuticals, Inc.
Attention: Hsiao-Chi Lo, PhD
Director, Regulatory Affairs

777 Old Saw Mill River Road
Tarrytown...",US-LISTED,"Regeneron Pharmaceuticals, Inc.",BLA 761303
C065,Heritage Pharmaceuticals Inc. d/b/a/ Avet Pharmaceuticals Inc.,,,Emcure Pharmaceuticals Limited,See FDA CRL letter - indication in application,2025-07-28,CMC / Facility / GMP,,"https://api.fda.gov/transparency/crl.json?search=company_name:""Heritage Pharmaceuticals Inc. d/b/a/ Avet Pharmaceuticals Inc.""",https://www.accessdata.fda.gov/scripts/cder/daf/index.cfm?event=overview.process&varApplNo=205508,Verified - FLAGGED (sponsor/equity not yet resolved),"openFDA CRL transparency API: application NDA 205508, letter date 07/28/2025, company Heritage Pharmaceuticals Inc. d/b/a/ Avet Pharmaceuticals Inc.. File: CRL_NDA205508_20250728.pdf. Reason: CMC / Facility / GMP. Text excerpt: i Lk YN U.S. FOOD & DRUG

ADMINISTRATION

NDA 205508
COMPLETE RESPONSE

Heritage Pharmaceuticals Inc. d/b/a/ Avet Pharmaceuticals Inc.
U.S. Agent for Emcure Pharmaceuticals Limited, India
Attention: B...",NOT US-INVESTABLE (UNVERIFIED),Heritage Pharmaceuticals Inc. d/b/a/ Avet Pharmaceuticals Inc.,NDA 205508
C066,"Replimune, Inc.",,,See FDA letter,See FDA CRL letter - indication in application,2025-07-21,Efficacy + Safety,,"https://api.fda.gov/transparency/crl.json?search=company_name:""Replimune, Inc.""",https://www.accessdata.fda.gov/scripts/cder/daf/index.cfm?event=overview.process&varApplNo=125827,Verified - FLAGGED (sponsor/equity not yet resolved),"openFDA CRL transparency API: application BL 125827, letter date 07/21/2025, company Replimune, Inc.. File: CRL_BLA125827_20250721.pdf. Reason: Efficacy + Safety. Text excerpt: i Lg YN U.S. FOOD & DRUG

ADMINISTRATION

Our STN: BL 125827 COMPLETE RESPONSE
JULY 21, 2025

Replimune, Inc.
Attention: Kari Jeschke
500 Unicorn Park Drive
Woburn, MA 01801

Dear Kari Jeschke:

Pleas...",NOT US-INVESTABLE (UNVERIFIED),"Replimune, Inc.",BL 125827
C067,"Capricor, Inc.",,,See FDA letter,See FDA CRL letter - indication in application,2025-07-09,Insufficient efficacy evidence,,"https://api.fda.gov/transparency/crl.json?search=company_name:""Capricor, Inc.""",https://www.accessdata.fda.gov/scripts/cder/daf/index.cfm?event=overview.process&varApplNo=125842,Verified - FLAGGED (sponsor/equity not yet resolved),"openFDA CRL transparency API: application BL 125842, letter date 07/09/2025, company Capricor, Inc.. File: CRL_BLA125842_20250709.pdf. Reason: Insufficient efficacy evidence. Text excerpt: , Z@ (Bil us. Foon & pRue

ADMINISTRATION

Our STN: BL 125842/0 COMPLETE RESPONSE
JULY 9, 2025

Capricor, Inc.

Attention: Margaret Kayo, PhD, MBA
10865 Road to the Cure, Suite 150
San Diego, CA 92121...",NOT US-INVESTABLE (UNVERIFIED),"Capricor, Inc.",BL 125842
C068,Ultragenyx Pharmaceutical Inc.,,,See FDA letter,See FDA CRL letter - indication in application,2025-07-07,Efficacy + Safety,,"https://api.fda.gov/transparency/crl.json?search=company_name:""Ultragenyx Pharmaceutical Inc.""",https://www.accessdata.fda.gov/scripts/cder/daf/index.cfm?event=overview.process&varApplNo=125845,Verified - FLAGGED (sponsor/equity not yet resolved),"openFDA CRL transparency API: application BL 125845, letter date 07/07/2025, company Ultragenyx Pharmaceutical Inc.. File: CRL_BLA125845_20250707.pdf. Reason: Efficacy + Safety. Text excerpt: Our STN:

g YN U.S. FOOD & DRUG

ADMINISTRATION

BL 125845/0 COMPLETE RESPONSE
July 7, 2025

Ultragenyx Pharmaceutical Inc.

Attention:
5000 Mari
Brisbane,

Jad Adaimi
na Blvd.
CA 94005

Dear Jad Adai...",NOT US-INVESTABLE (UNVERIFIED),Ultragenyx Pharmaceutical Inc.,BL 125845
C069,Unicycive Therapeutics Inc.,,,See FDA letter,See FDA CRL letter - indication in application,2025-06-27,Safety concerns,,"https://api.fda.gov/transparency/crl.json?search=company_name:""Unicycive Therapeutics Inc.""",https://www.accessdata.fda.gov/scripts/cder/daf/index.cfm?event=overview.process&varApplNo=218607,Verified - FLAGGED (sponsor/equity not yet resolved),"openFDA CRL transparency API: application NDA 218607, letter date 06/27/2025, company Unicycive Therapeutics Inc.. File: CRL_NDA218607_20250627.pdf. Reason: Safety concerns. Text excerpt: ADMINISTRATION

i Lk YN U.S. FOOD & DRUG

NDA 218607
COMPLETE RESPONSE

Unicycive Therapeutics Inc.
Attention: Shalabh Gupta, MD, MPA
President and CEO

4300 El Camino Real, Suite 210
Los Altos CA 940...",NOT US-INVESTABLE (UNVERIFIED),Unicycive Therapeutics Inc.,NDA 218607
C070,Accord BioPharma Inc.,,,See FDA letter,See FDA CRL letter - indication in application,2025-06-26,Safety concerns,,"https://api.fda.gov/transparency/crl.json?search=company_name:""Accord BioPharma Inc.""",https://www.accessdata.fda.gov/scripts/cder/daf/index.cfm?event=overview.process&varApplNo=761027,Verified - FLAGGED (sponsor/equity not yet resolved),"openFDA CRL transparency API: application BLA 761027, letter date 06/26/2025, company Accord BioPharma Inc.. File: CRL_BLA761027_20250626.pdf. Reason: Safety concerns. Text excerpt: i Lk YN U.S. FOOD & DRUG

ADMINISTRATION

BLA 761027
COMPLETE RESPONSE

Accord BioPharma Inc.

Attention: Sabita Nair, RAC, ASQ-CPGP
Vice President - Regulatory Affairs

8041 Arco Corporate Drive

Sui...",NOT US-INVESTABLE (UNVERIFIED),Accord BioPharma Inc.,BLA 761027
C071,Sun Pharmaceutical Industries Limited,,,See FDA letter,See FDA CRL letter - indication in application,2025-06-25,Safety concerns,,"https://api.fda.gov/transparency/crl.json?search=company_name:""Sun Pharmaceutical Industries Limited""",https://www.accessdata.fda.gov/scripts/cder/daf/index.cfm?event=overview.process&varApplNo=215644,Verified - FLAGGED (sponsor/equity not yet resolved),"openFDA CRL transparency API: application NDA 215644, letter date 06/25/2025, company Sun Pharmaceutical Industries Limited. File: CRL_NDA215644_20250625.pdf. Reason: Safety concerns. Text excerpt: f ¢ yy U.S. FOOD & DRUG

ADMINISTRATION
Net

NDA 215644
COMPLETE RESPONSE

Sun Pharmaceutical Industries Limited
C/O: Sun Pharmaceutical Industries, Inc.
Attention: Umesh Pai, US Agent

2 Independence...",NOT US-INVESTABLE (UNVERIFIED),Sun Pharmaceutical Industries Limited,NDA 215644
C072,"Cipla USA, Inc.",,,Cipla Limited,See FDA CRL letter - indication in application,2025-06-20,Labeling / PI,,"https://api.fda.gov/transparency/crl.json?search=company_name:""Cipla USA, Inc.""",https://www.accessdata.fda.gov/scripts/cder/daf/index.cfm?event=overview.process&varApplNo=210168,Verified - FLAGGED (sponsor/equity not yet resolved),"openFDA CRL transparency API: application NDA 210168, letter date 06/20/2025, company Cipla USA, Inc.. File: CRL_NDA210168_20250620.pdf. Reason: Labeling / PI. Text excerpt: f ¢ yy U.S. FOOD & DRUG

ADMINISTRATION
Net

NDA 210168
COMPLETE RESPONSE

Cipla USA, Inc.

Attention: Michele Crawley

U.S. Agent for Cipla Limited, India
10 Independence Boulevard
Suite 300

Warren,...",NOT US-INVESTABLE (UNVERIFIED),"Cipla USA, Inc.",NDA 210168
C073,ResQ Pharma,,,See FDA letter,See FDA CRL letter - indication in application,2025-06-02,Efficacy + Safety,,"https://api.fda.gov/transparency/crl.json?search=company_name:""ResQ Pharma""",https://www.accessdata.fda.gov/scripts/cder/daf/index.cfm?event=overview.process&varApplNo=217382,Verified - FLAGGED (sponsor/equity not yet resolved),"openFDA CRL transparency API: application NDA 217382, letter date 06/02/2025, company ResQ Pharma. File: CRL_NDA217382_20250602.pdf. Reason: Efficacy + Safety. Text excerpt: i Lk YN U.S. FOOD & DRUG

ADMINISTRATION

NDA 217382
COMPLETE RESPONSE

ResQ Pharma

c/o Brij Strategic Consultations, LLC
610 Professional Dr., Suite 103
Gaithersburg, MD 20879

Attention: Mukesh Kum...",NOT US-INVESTABLE (UNVERIFIED),ResQ Pharma,NDA 217382
C074,"Chemo Research, S.L.",,,See FDA letter,See FDA CRL letter - indication in application,2025-05-29,Safety concerns,,"https://api.fda.gov/transparency/crl.json?search=company_name:""Chemo Research, S.L.""",https://www.accessdata.fda.gov/scripts/cder/daf/index.cfm?event=overview.process&varApplNo=219029,Verified - FLAGGED (sponsor/equity not yet resolved),"openFDA CRL transparency API: application NDA 219029, letter date 05/29/2025, company Chemo Research, S.L.. File: CRL_NDA219029_20250529.pdf. Reason: Safety concerns. Text excerpt: ADMINISTRATION

i Lk YN U.S. FOOD & DRUG

NDA 219029
COMPLETE RESPONSE

Chemo Research, S.L.

c/o Exeltis USA, Inc.

Attention: John Kim

Senior Vice President, Regulatory Affairs
180 Park Ave, Suite ...",NOT US-INVESTABLE (UNVERIFIED),"Chemo Research, S.L.",NDA 219029
C075,Stealth BioTherapeutics Inc.,,,See FDA letter,See FDA CRL letter - indication in application,2025-05-15,Efficacy + Safety,,"https://api.fda.gov/transparency/crl.json?search=company_name:""Stealth BioTherapeutics Inc.""",https://www.accessdata.fda.gov/scripts/cder/daf/index.cfm?event=overview.process&varApplNo=215244,Verified - FLAGGED (sponsor/equity not yet resolved),"openFDA CRL transparency API: application NDA 215244, letter date 05/15/2025, company Stealth BioTherapeutics Inc.. File: CRL_NDA215244_20250515.pdf. Reason: Efficacy + Safety. Text excerpt: i Lk YN U.S. FOOD & DRUG

ADMINISTRATION

NDA 215244
COMPLETE RESPONSE

Stealth BioTherapeutics Inc.
Attention: Jim Carr

Chief Clinical Development Officer
123 Highland Avenue, Suite 201
Needham, MA ...",NOT US-INVESTABLE (UNVERIFIED),Stealth BioTherapeutics Inc.,NDA 215244
C076,University of California San Francisco,,,Floretyrosine,See FDA CRL letter - indication in application,2025-04-25,Efficacy + Safety,,"https://api.fda.gov/transparency/crl.json?search=company_name:""University of California San Francisco""",https://www.accessdata.fda.gov/scripts/cder/daf/index.cfm?event=overview.process&varApplNo=218353,Verified - FLAGGED (sponsor/equity not yet resolved),"openFDA CRL transparency API: application NDA 218353, letter date 04/25/2025, company University of California San Francisco. File: CRL_NDA218353_20250425.pdf. Reason: Efficacy + Safety. Text excerpt: ADMINISTRATION

i Lk YN U.S. FOOD & DRUG

NDA 218353
COMPLETE RESPONSE

University of California San Francisco
Department of Radiology and Biomedical Imaging
Attention: Thomas A. Hope, MD

Professor i...",NOT US-INVESTABLE (UNVERIFIED),University of California San Francisco,NDA 218353
C077,Telix Pharmaceuticals (US) Inc.,,,See FDA letter,See FDA CRL letter - indication in application,2025-04-25,Efficacy + Safety,,"https://api.fda.gov/transparency/crl.json?search=company_name:""Telix Pharmaceuticals (US) Inc.""",https://www.accessdata.fda.gov/scripts/cder/daf/index.cfm?event=overview.process&varApplNo=218592,Verified - FLAGGED (sponsor/equity not yet resolved),"openFDA CRL transparency API: application NDA 218592, letter date 04/25/2025, company Telix Pharmaceuticals (US) Inc.. File: CRL_NDA218592_20250425.pdf. Reason: Efficacy + Safety. Text excerpt: ADMINISTRATION

¢ YN U.S. FOOD & DRUG

NDA 218592
COMPLETE RESPONSE

Telix Pharmaceuticals (US) Inc.
Attention: Lara Haddad RPh, RAC
Manager, Global Regulatory Affairs
11700 Exit 5 Pkwy Suite 200
Fish...",NOT US-INVESTABLE (UNVERIFIED),Telix Pharmaceuticals (US) Inc.,NDA 218592
C015,Fresenius SE & Co. KGaA,FSNUY,OTC,See FDA letter,See FDA CRL letter - indication in application,2025-04-25,Safety concerns,,"https://api.fda.gov/transparency/crl.json?search=company_name:""Fresenius Kabi USA, LLC""",https://www.accessdata.fda.gov/scripts/cder/daf/index.cfm?event=overview.process&varApplNo=215818,Verified - openFDA CRL transparency API,"openFDA CRL transparency API: application NDA 215818, letter date 04/25/2025, company Fresenius Kabi USA, LLC. File: CRL_NDA215818_20250425.pdf. Reason: Safety concerns. Text excerpt: ¢ IN U.S. FOOD & DRUG

ADMINISTRATION

NDA 215818
COMPLETE RESPONSE

Fresenius Kabi USA, LLC
Attention: Jennifer Gross, MS
Senior Regulatory Affairs Associate
Three Corporate Drive

Lake Zurich, IL 60...",US-LISTED (ADR),"Fresenius Kabi USA, LLC",NDA 215818
C079,"Aldeyra Therapeutics, Inc.",,,Reproxalap Ophthalmic Solution,See FDA CRL letter - indication in application,2025-04-02,Efficacy + Safety,,"https://api.fda.gov/transparency/crl.json?search=company_name:""Aldeyra Therapeutics, Inc.""",https://www.accessdata.fda.gov/scripts/cder/daf/index.cfm?event=overview.process&varApplNo=216442,Verified - FLAGGED (sponsor/equity not yet resolved),"openFDA CRL transparency API: application NDA 216442, letter date 04/02/2025, company Aldeyra Therapeutics, Inc.. File: CRL_NDA216442_20250402.pdf. Reason: Efficacy + Safety. Text excerpt: ( Lg my U.S. FOOD & DRUG
Ny, ADMINISTRATION

NDA 216442
COMPLETE RESPONSE

Aldeyra Therapeutics, Inc.
Attention: David Noskowitz
Regulatory Affairs Consultant
131 Hartwell Ave., Suite 320
Lexington, M...",NOT US-INVESTABLE (UNVERIFIED),"Aldeyra Therapeutics, Inc.",NDA 216442
C016,"Amneal Pharmaceuticals, Inc.",AMRX,NYSE,See FDA letter,See FDA CRL letter - indication in application,2025-04-02,Safety concerns,,"https://api.fda.gov/transparency/crl.json?search=company_name:""Amneal EU, Limited""",https://www.accessdata.fda.gov/scripts/cder/daf/index.cfm?event=overview.process&varApplNo=218345,Verified - openFDA CRL transparency API,"openFDA CRL transparency API: application NDA 218345, letter date 04/02/2025, company Amneal EU, Limited. File: CRL_NDA218345_20250402.pdf. Reason: Safety concerns. Text excerpt: i Lk YN U.S. FOOD & DRUG

ADMINISTRATION

NDA 218345
COMPLETE RESPONSE

Amneal EU, Limited

c/o: Amneal Pharmaceuticals of New York, LLC
Attention: Pamela Fitzpatrick

Senior Director, Specialty Regul...",US-LISTED,"Amneal EU, Limited",NDA 218345
C081,"Milestone Pharmaceuticals USA, Inc.",,,See FDA letter,See FDA CRL letter - indication in application,2025-03-27,Safety concerns,,"https://api.fda.gov/transparency/crl.json?search=company_name:""Milestone Pharmaceuticals USA, Inc.""",https://www.accessdata.fda.gov/scripts/cder/daf/index.cfm?event=overview.process&varApplNo=218571,Verified - FLAGGED (sponsor/equity not yet resolved),"openFDA CRL transparency API: application NDA 218571, letter date 03/27/2025, company Milestone Pharmaceuticals USA, Inc.. File: CRL_NDA218571_20250327.pdf. Reason: Safety concerns. Text excerpt: ¢ IN U.S. FOOD & DRUG

ADMINISTRATION
Net

NDA 218571
COMPLETE RESPONSE

Milestone Pharmaceuticals USA, Inc.
Attention: Joseph Oliveto

CEO

6210 Ardrey Kell Rd., Suite 650
Charlotte, NC 28277

Dear J...",NOT US-INVESTABLE (UNVERIFIED),"Milestone Pharmaceuticals USA, Inc.",NDA 218571
C082,"CELLTRION, Inc.",,,See FDA letter,See FDA CRL letter - indication in application,2025-03-26,Safety concerns,,"https://api.fda.gov/transparency/crl.json?search=company_name:""CELLTRION, Inc.""",https://www.accessdata.fda.gov/scripts/cder/daf/index.cfm?event=overview.process&varApplNo=761377,Verified - FLAGGED (sponsor/equity not yet resolved),"openFDA CRL transparency API: application BLA 761377, letter date 03/26/2025, company CELLTRION, Inc.. File: CRL_BLA761377_20250326.pdf. Reason: Safety concerns. Text excerpt: i Lk YN U.S. FOOD & DRUG

ADMINISTRATION

BLA 761377
COMPLETE RESPONSE

CELLTRION, Inc.
c/o Parexel International
Attention: Ally Danta

Regulatory Affairs Consultant
2520 Meridian Parkway, Suite 100
...",NOT US-INVESTABLE (UNVERIFIED),"CELLTRION, Inc.",BLA 761377
C083,"Elevar Therapeutics, Inc.",,,See FDA letter,See FDA CRL letter - indication in application,2025-03-20,Safety concerns,,"https://api.fda.gov/transparency/crl.json?search=company_name:""Elevar Therapeutics, Inc.""",https://www.accessdata.fda.gov/scripts/cder/daf/index.cfm?event=overview.process&varApplNo=216586,Verified - FLAGGED (sponsor/equity not yet resolved),"openFDA CRL transparency API: application NDA 216586, letter date 03/20/2025, company Elevar Therapeutics, Inc.. File: CRL_NDA216586_20250320.pdf. Reason: Safety concerns. Text excerpt: ind U.S. FOOD & DRUG

ADMINISTRATION

q

NDA 216586
COMPLETE RESPONSE

Elevar Therapeutics, Inc.
Attention: Young-Sil (Anna) Yim
Senior Director, Regulatory Affairs
One Bridge Plaza, Suite 850

Fort L...",NOT US-INVESTABLE (UNVERIFIED),"Elevar Therapeutics, Inc.",NDA 216586
C084,"Jiangsu Hengrui Pharmaceuticals Co., Ltd",,,See FDA letter,See FDA CRL letter - indication in application,2025-03-20,Safety concerns,,"https://api.fda.gov/transparency/crl.json?search=company_name:""Jiangsu Hengrui Pharmaceuticals Co., Ltd""",https://www.accessdata.fda.gov/scripts/cder/daf/index.cfm?event=overview.process&varApplNo=761308,Verified - FLAGGED (sponsor/equity not yet resolved),"openFDA CRL transparency API: application BLA 761308, letter date 03/20/2025, company Jiangsu Hengrui Pharmaceuticals Co., Ltd. File: CRL_BLA761308_20250320.pdf. Reason: Safety concerns. Text excerpt: i Lk YN U.S. FOOD & DRUG

ADMINISTRATION

BLA 761308
COMPLETE RESPONSE

Jiangsu Hengrui Pharmaceuticals Co., Ltd
Authorized Contact: Brahmaiah Kommanaboyina
U.S. Agent; Head of U.S. Regulatory Affairs...",NOT US-INVESTABLE (UNVERIFIED),"Jiangsu Hengrui Pharmaceuticals Co., Ltd",BLA 761308
C085,Accord BioPharma Inc.,,,See FDA letter,See FDA CRL letter - indication in application,2025-03-13,Safety concerns,,"https://api.fda.gov/transparency/crl.json?search=company_name:""Accord BioPharma Inc.""",https://www.accessdata.fda.gov/scripts/cder/daf/index.cfm?event=overview.process&varApplNo=761424,Verified - FLAGGED (sponsor/equity not yet resolved),"openFDA CRL transparency API: application BLA 761424, letter date 03/13/2025, company Accord BioPharma Inc.. File: CRL_BLA761424_20250313.pdf. Reason: Safety concerns. Text excerpt: ¢ IN U.S. FOOD & DRUG

ADMINISTRATION

BLA 761424
COMPLETE RESPONSE

Accord BioPharma Inc.

Attention: Sabita Nair

VP Regulatory Affairs

8041 Arco Corporate Drive, Suite 200
Raleigh, NC 27617

Dear ...",NOT US-INVESTABLE (UNVERIFIED),Accord BioPharma Inc.,BLA 761424
C086,Seikagaku Corporation,,,See FDA letter,See FDA CRL letter - indication in application,2025-03-11,Safety concerns,,"https://api.fda.gov/transparency/crl.json?search=company_name:""Seikagaku Corporation""",https://www.accessdata.fda.gov/scripts/cder/daf/index.cfm?event=overview.process&varApplNo=761393,Verified - FLAGGED (sponsor/equity not yet resolved),"openFDA CRL transparency API: application BLA 761393, letter date 03/11/2025, company Seikagaku Corporation. File: CRL_BLA761393_20250311.pdf. Reason: Safety concerns. Text excerpt: ¢ IN U.S. FOOD & DRUG

ADMINISTRATION
Net

BLA 761393
COMPLETE RESPONSE

Seikagaku Corporation

c/o PAREXEL International

2520 Meridian Parkway, Suite 100
Durham, NC 27713

Attention: Katherine Ferta...",NOT US-INVESTABLE (UNVERIFIED),Seikagaku Corporation,BLA 761393
C087,"Laurus Generics, Inc.",,,Laurus Labs Limited,See FDA CRL letter - indication in application,2025-03-10,Labeling / PI,,"https://api.fda.gov/transparency/crl.json?search=company_name:""Laurus Generics, Inc.""",https://www.accessdata.fda.gov/scripts/cder/daf/index.cfm?event=overview.process&varApplNo=217719,Verified - FLAGGED (sponsor/equity not yet resolved),"openFDA CRL transparency API: application NDA 217719, letter date 03/10/2025, company Laurus Generics, Inc.. File: CRL_NDA217719_20250310.pdf. Reason: Labeling / PI. Text excerpt: ¢ IN U.S. FOOD & DRUG

ADMINISTRATION
Net

NDA 217719
COMPLETE RESPONSE

Laurus Generics, Inc.

U.S. Agent for Laurus Labs Limited, India
Attention: Sharath Koripally

Senior Director RA, QA & PV

400...",NOT US-INVESTABLE (UNVERIFIED),"Laurus Generics, Inc.",NDA 217719
C088,"SFJ Pharmaceuticals, Inc.",,,See FDA letter,See FDA CRL letter - indication in application,2025-01-31,Safety concerns,,"https://api.fda.gov/transparency/crl.json?search=company_name:""SFJ Pharmaceuticals, Inc.""",https://www.accessdata.fda.gov/scripts/cder/daf/index.cfm?event=overview.process&varApplNo=761290,Verified - FLAGGED (sponsor/equity not yet resolved),"openFDA CRL transparency API: application BLA 761290, letter date 01/31/2025, company SFJ Pharmaceuticals, Inc.. File: CRL_BLA761290_20250131.pdf. Reason: Safety concerns. Text excerpt: a g PN U.S. FOOD & DRUG

ADMINISTRATION

BLA 761290
COMPLETE RESPONSE

SFJ Pharmaceuticals, Inc.
Attention: Michele LaRussa
SVP, Chief Regulatory Officer
109 Grey Bridge Row

Cary, NC 27513

Dear Mich...",NOT US-INVESTABLE (UNVERIFIED),"SFJ Pharmaceuticals, Inc.",BLA 761290
C017,Pfizer Inc.,PFE,NYSE,Diazepam Injection,See FDA CRL letter - indication in application,2025-01-17,Safety concerns,,"https://api.fda.gov/transparency/crl.json?search=company_name:""Hospira, Inc.""",https://www.accessdata.fda.gov/scripts/cder/daf/index.cfm?event=overview.process&varApplNo=219112,Verified - openFDA CRL transparency API,"openFDA CRL transparency API: application NDA 219112, letter date 01/17/2025, company Hospira, Inc.. File: CRL_NDA219112_20250117.pdf. Reason: Safety concerns. Text excerpt: a g PN U.S. FOOD & DRUG

ADMINISTRATION

NDA 219112
COMPLETE RESPONSE

Hospira, Inc.

Attention: Arman Nolledo
Regulatory Affairs Manager

275 N Field Dr, D-389 BLDG H2
Lake Forest, IL 60045

Dear Arm...",US-LISTED,"Hospira, Inc.",NDA 219112
C090,"Atara Biotherapeutics, Inc.",,,See FDA letter,See FDA CRL letter - indication in application,2025-01-15,CMC / Facility / GMP,,"https://api.fda.gov/transparency/crl.json?search=company_name:""Atara Biotherapeutics, Inc.""",https://www.accessdata.fda.gov/scripts/cder/daf/index.cfm?event=overview.process&varApplNo=125745,Verified - FLAGGED (sponsor/equity not yet resolved),"openFDA CRL transparency API: application BL 125745, letter date 01/15/2025, company Atara Biotherapeutics, Inc.. File: CRL_BLA125745_20250115.pdf. Reason: CMC / Facility / GMP. Text excerpt: ¢ U.S. FOOD & DRUG
‘ma ADMINISTRATION

Our STN: BL 125745/0 COMPLETE RESPONSE
January 15, 2025

Atara Biotherapeutics, Inc.

Attention: Jim Sesic

2380 Conejo Spectrum Street, Suite 200
Thousand Oaks,...",NOT US-INVESTABLE (UNVERIFIED),"Atara Biotherapeutics, Inc.",BL 125745
C091,"OWP Pharmaceuticals, Inc.",,,See FDA letter,See FDA CRL letter - indication in application,2025-01-03,Safety concerns,,"https://api.fda.gov/transparency/crl.json?search=company_name:""OWP Pharmaceuticals, Inc.""",https://www.accessdata.fda.gov/scripts/cder/daf/index.cfm?event=overview.process&varApplNo=218879,Verified - FLAGGED (sponsor/equity not yet resolved),"openFDA CRL transparency API: application NDA 218879, letter date 01/03/2025, company OWP Pharmaceuticals, Inc.. File: CRL_NDA218879_20250103.pdf. Reason: Safety concerns. Text excerpt: ee

ADMINISTRATION

¢ IN U.S. FOOD & DRUG

NDA 218879
COMPLETE RESPONSE

OWP Pharmaceuticals, Inc.
Attention: Paul Sudhakar
Director of Scientific Affairs
8827 Long St.

Lenexa, KS 66215

Dear Paul Su...",NOT US-INVESTABLE (UNVERIFIED),"OWP Pharmaceuticals, Inc.",NDA 218879
C092,"Tanvex BioPharma USA, Inc.",,,See FDA letter,See FDA CRL letter - indication in application,2025-01-03,Safety concerns,,"https://api.fda.gov/transparency/crl.json?search=company_name:""Tanvex BioPharma USA, Inc.""",https://www.accessdata.fda.gov/scripts/cder/daf/index.cfm?event=overview.process&varApplNo=761266,Verified - FLAGGED (sponsor/equity not yet resolved),"openFDA CRL transparency API: application BLA 761266, letter date 01/03/2025, company Tanvex BioPharma USA, Inc.. File: CRL_BLA761266_20250103.pdf. Reason: Safety concerns. Text excerpt: ADMINISTRATION

i Lk YN U.S. FOOD & DRUG

BLA 761266
COMPLETE RESPONSE

Tanvex BioPharma USA, Inc.
Attention: Bonnie Mills, PhD
Regulatory Consultant

2030 Main Street, Suite 600
Irvine, CA 92614

Dea...",NOT US-INVESTABLE (UNVERIFIED),"Tanvex BioPharma USA, Inc.",BLA 761266
C093,Hikma Pharmaceuticals PLC,,LSE,See FDA letter,See FDA CRL letter - indication in application,2024-12-23,Safety concerns,,"https://api.fda.gov/transparency/crl.json?search=company_name:""Hikma Pharmaceuticals USA Inc.""",https://www.accessdata.fda.gov/scripts/cder/daf/index.cfm?event=overview.process&varApplNo=219357,Verified - FLAGGED (sponsor/equity not yet resolved),"openFDA CRL transparency API: application NDA 219357, letter date 12/23/2024, company Hikma Pharmaceuticals USA Inc.. File: CRL_NDA219357_20241223.pdf. Reason: Safety concerns. Text excerpt: a g PN U.S. FOOD & DRUG

ADMINISTRATION

NDA 219357
COMPLETE RESPONSE

Hikma Pharmaceuticals USA Inc.
Attention: John Barton Kalis
Senior Director, Regulatory Affairs
2 Esterbrook Lane

Cherry Hill, N...",NON-US LISTING ONLY,Hikma Pharmaceuticals USA Inc.,NDA 219357
C094,"Lexicon Pharmaceuticals, Inc.",,,See FDA letter,See FDA CRL letter - indication in application,2024-12-20,Efficacy + Safety,,"https://api.fda.gov/transparency/crl.json?search=company_name:""Lexicon Pharmaceuticals, Inc.""",https://www.accessdata.fda.gov/scripts/cder/daf/index.cfm?event=overview.process&varApplNo=210934,Verified - FLAGGED (sponsor/equity not yet resolved),"openFDA CRL transparency API: application NDA 210934, letter date 12/20/2024, company Lexicon Pharmaceuticals, Inc.. File: CRL_NDA210934_20241220.pdf. Reason: Efficacy + Safety. Text excerpt: ADMINISTRATION

i Lk YN U.S. FOOD & DRUG

NDA 210934
COMPLETE RESPONSE

Lexicon Pharmaceuticals, Inc.

Attention: Thomas Noto

Senior Director, Regulatory Operations
2445 Technology Forest Blvd., 11th...",NOT US-INVESTABLE (UNVERIFIED),"Lexicon Pharmaceuticals, Inc.",NDA 210934
C095,"Zealand Pharma US, Inc.",,,See FDA letter,See FDA CRL letter - indication in application,2024-12-19,Efficacy + Safety,,"https://api.fda.gov/transparency/crl.json?search=company_name:""Zealand Pharma US, Inc.""",https://www.accessdata.fda.gov/scripts/cder/daf/index.cfm?event=overview.process&varApplNo=218828,Verified - FLAGGED (sponsor/equity not yet resolved),"openFDA CRL transparency API: application NDA 218828, letter date 12/19/2024, company Zealand Pharma US, Inc.. File: CRL_NDA218828_20241219.pdf. Reason: Efficacy + Safety. Text excerpt: i Lk YN U.S. FOOD & DRUG

ADMINISTRATION

NDA 218828
COMPLETE RESPONSE

Zealand Pharma US, Inc.

Attention: Christopher DeFusco, PhD
Head of US Regulatory Affairs

50 Milk Street, 16th Floor

Boston, ...",NOT US-INVESTABLE (UNVERIFIED),"Zealand Pharma US, Inc.",NDA 218828
C096,"CELLTRION, Inc.",,,Steqeyma,See FDA CRL letter - indication in application,2024-12-17,Safety concerns,,"https://api.fda.gov/transparency/crl.json?search=company_name:""CELLTRION, Inc.""",https://www.accessdata.fda.gov/scripts/cder/daf/index.cfm?event=overview.process&varApplNo=761338,Verified - FLAGGED (sponsor/equity not yet resolved),"openFDA CRL transparency API: application BLA 761338/Original 2; BLA 761338, letter date 12/17/2024, company CELLTRION, Inc.. File: 761338Orig1Orig2s000OtherActionLtrs.pdf. Reason: Safety concerns. Text excerpt: ¢ U.S. FOOD & DRUG
Ne ADMINISTRATION

BLA 761338/Original 2
PROVISIONAL DETERMINATION

CELLTRION, Inc.

c/o Parexel International
Attention: Ally Danta

Regulatory Affairs Consultant
2520 Meridian Par...",NOT US-INVESTABLE (UNVERIFIED),"CELLTRION, Inc.",BLA 761338/Original 2; BLA 761338
C097,"Janssen Biotech, Inc.",,,See FDA letter,See FDA CRL letter - indication in application,2024-12-13,Safety concerns,,"https://api.fda.gov/transparency/crl.json?search=company_name:""Janssen Biotech, Inc.""",https://www.accessdata.fda.gov/scripts/cder/daf/index.cfm?event=overview.process&varApplNo=761433,Verified - FLAGGED (sponsor/equity not yet resolved),"openFDA CRL transparency API: application BLA 761433, letter date 12/13/2024, company Janssen Biotech, Inc.. File: CRL_BLA761433_20241213.pdf. Reason: Safety concerns. Text excerpt: ADMINISTRATION

i Lk YN U.S. FOOD & DRUG

BLA 761433
COMPLETE RESPONSE

Janssen Biotech, Inc.

Attention: Yvonne Wu, Ph.D.

Associate Director, Global Regulatory Affairs
920 U.S. Route 202

Raritan, N...",NOT US-INVESTABLE (UNVERIFIED),"Janssen Biotech, Inc.",BLA 761433
C098,Meitheal Pharmaceuticals Inc.,,,See FDA letter,See FDA CRL letter - indication in application,2024-12-11,Safety concerns,,"https://api.fda.gov/transparency/crl.json?search=company_name:""Meitheal Pharmaceuticals Inc.""",https://www.accessdata.fda.gov/scripts/cder/daf/index.cfm?event=overview.process&varApplNo=212271,Verified - FLAGGED (sponsor/equity not yet resolved),"openFDA CRL transparency API: application NDA 212271, letter date 12/11/2024, company Meitheal Pharmaceuticals Inc.. File: CRL_NDA212271_20241211.pdf. Reason: Safety concerns. Text excerpt: i Lk YN U.S. FOOD & DRUG

ADMINISTRATION

NDA 212271
COMPLETE RESPONSE

Meitheal Pharmaceuticals Inc.
Attention: Roopang Shah
Director, Regulatory Affairs

8700 West Bryn Mawr, Suite 600S
Chicago, IL ...",NOT US-INVESTABLE (UNVERIFIED),Meitheal Pharmaceuticals Inc.,NDA 212271
C018,Fresenius SE & Co. KGaA,FSNUY,OTC,See FDA letter,See FDA CRL letter - indication in application,2024-12-11,Safety concerns,,"https://api.fda.gov/transparency/crl.json?search=company_name:""Fresenius Kabi USA, LLC""",https://www.accessdata.fda.gov/scripts/cder/daf/index.cfm?event=overview.process&varApplNo=214610,Verified - openFDA CRL transparency API,"openFDA CRL transparency API: application NDA 214610, letter date 12/11/2024, company Fresenius Kabi USA, LLC. File: CRL_NDA214610_20241211.pdf. Reason: Safety concerns. Text excerpt: ( ¢ yy U.S. FOOD & DRUG

ADMINISTRATION
ent

NDA 214610
COMPLETE RESPONSE

Fresenius Kabi USA, LLC
Attention: Jennifer Gross, M.S.
Senior Regulatory Affairs Associate
Three Corporate Drive

Lake Zuric...",US-LISTED (ADR),"Fresenius Kabi USA, LLC",NDA 214610
C100,Accord Healthcare Inc.,,,See FDA letter,See FDA CRL letter - indication in application,2024-12-05,Safety concerns,,"https://api.fda.gov/transparency/crl.json?search=company_name:""Accord Healthcare Inc.""",https://www.accessdata.fda.gov/scripts/cder/daf/index.cfm?event=overview.process&varApplNo=218762,Verified - FLAGGED (sponsor/equity not yet resolved),"openFDA CRL transparency API: application NDA 218762, letter date 12/05/2024, company Accord Healthcare Inc.. File: CRL_NDA218762_20241205.pdf. Reason: Safety concerns. Text excerpt: ¢ PIN U.S. FOOD & DRUG

ADMINISTRATION

NDA 218762
COMPLETE RESPONSE

Accord Healthcare Inc.

Attention: Sabita Nair, RAC, ASQ-CPGP.
Vice President — Regulatory Affairs

8041 Arco Corporate Drive, Sui...",NOT US-INVESTABLE (UNVERIFIED),Accord Healthcare Inc.,NDA 218762
C101,Sandoz Group AG,,SIX,See FDA letter,See FDA CRL letter - indication in application,2024-12-05,Safety concerns,,"https://api.fda.gov/transparency/crl.json?search=company_name:""Sandoz Inc.""",https://www.accessdata.fda.gov/scripts/cder/daf/index.cfm?event=overview.process&varApplNo=761271,Verified - FLAGGED (sponsor/equity not yet resolved),"openFDA CRL transparency API: application BLA 761271, letter date 12/05/2024, company Sandoz Inc.. File: CRL_BLA761271_20241205.pdf. Reason: Safety concerns. Text excerpt: Lk FON U.S. FOOD & DRUG

ADMINISTRATION

BLA 761271
COMPLETE RESPONSE

Sandoz Inc.

Attention: Raheel Khan, MBA, RAC
Associate Director

100 College Road West

Princeton, NJ 08540

Dear Raheel Khan,

...",NON-US LISTING ONLY,Sandoz Inc.,BLA 761271
C102,"Applied Therapeutics, Inc.",,,See FDA letter,See FDA CRL letter - indication in application,2024-11-27,Efficacy + Safety,,"https://api.fda.gov/transparency/crl.json?search=company_name:""Applied Therapeutics, Inc.""",https://www.accessdata.fda.gov/scripts/cder/daf/index.cfm?event=overview.process&varApplNo=219195,Verified - FLAGGED (sponsor/equity not yet resolved),"openFDA CRL transparency API: application NDA 219195, letter date 11/27/2024, company Applied Therapeutics, Inc.. File: CRL_NDA219195_20241127.pdf. Reason: Efficacy + Safety. Text excerpt: i Lk YN U.S. FOOD & DRUG

ADMINISTRATION

NDA 219195
COMPLETE RESPONSE

Applied Therapeutics, Inc.

% Quantum Regulatory Solutions, LLC
Attention: Mark A Ammann, PharmD
President

5047 West Main Stree...",NOT US-INVESTABLE (UNVERIFIED),"Applied Therapeutics, Inc.",NDA 219195
C103,Astellas Pharma Inc.,,TSE,See FDA letter,See FDA CRL letter - indication in application,2024-11-15,Efficacy + Safety,,"https://api.fda.gov/transparency/crl.json?search=company_name:""Astellas Pharma US, Inc""",https://www.accessdata.fda.gov/scripts/cder/daf/index.cfm?event=overview.process&varApplNo=217225/S-001,Verified - FLAGGED (sponsor/equity not yet resolved),"openFDA CRL transparency API: application NDA 217225/S-001, letter date 11/15/2024, company Astellas Pharma US, Inc. File: 217225-s001_OtherActionLtrs.pdf. Reason: Efficacy + Safety. Text excerpt: 4 YN U.S. FOOD & DRUG
i ADMINISTRATION

NDA 217225/S-001
COMPLETE RESPONSE

Astellas Pharma US, Inc
Attention: Carol Soo
Senior Director, Global Regulatory Affairs
2375 Waterview Drive
Northbrook, IL ...",NON-US LISTING ONLY,"Astellas Pharma US, Inc",NDA 217225/S-001
C104,Lupin Limited,,NSE/BSE,See FDA letter,See FDA CRL letter - indication in application,2024-11-14,Safety concerns,,"https://api.fda.gov/transparency/crl.json?search=company_name:""Lupin Limited (Biotech Division)""",https://www.accessdata.fda.gov/scripts/cder/daf/index.cfm?event=overview.process&varApplNo=761212,Verified - FLAGGED (sponsor/equity not yet resolved),"openFDA CRL transparency API: application BLA 761212, letter date 11/14/2024, company Lupin Limited (Biotech Division). File: CRL_BLA761212_20241114.pdf. Reason: Safety concerns. Text excerpt: i Lk YN U.S. FOOD & DRUG

ADMINISTRATION

BLA 761212
COMPLETE RESPONSE

Lupin Limited (Biotech Division)

c/o Lupin Pharmaceuticals, Inc.

Attention: Debashis Mohanty

Associate Director, Regulatory A...",NON-US LISTING ONLY,Lupin Limited (Biotech Division),BLA 761212
C105,Azurity Pharmaceuticals Inc.,,,See FDA letter,See FDA CRL letter - indication in application,2024-11-04,Safety concerns,,"https://api.fda.gov/transparency/crl.json?search=company_name:""Azurity Pharmaceuticals, Inc.""",https://www.accessdata.fda.gov/scripts/cder/daf/index.cfm?event=overview.process&varApplNo=219122,Verified - FLAGGED (sponsor/equity not yet resolved),"openFDA CRL transparency API: application NDA 219122, letter date 11/04/2024, company Azurity Pharmaceuticals, Inc.. File: 219122Orig1s000OtherActionLtrs.pdf. Reason: Safety concerns. Text excerpt: 4 YN U.S. FOOD & DRUG
i ADMINISTRATION

NDA 219122
COMPLETE RESPONSE

Azurity Pharmaceuticals, Inc.
Attention: Justin Kilby

Associate Director, Regulatory Affairs
8 Cabot Road, Suite 2000

Woburn, MA...",PRIVATE / NO EQUITY,"Azurity Pharmaceuticals, Inc.",NDA 219122
C106,Accord BioPharma Inc.,,,See FDA letter,See FDA CRL letter - indication in application,2024-10-29,Safety concerns,,"https://api.fda.gov/transparency/crl.json?search=company_name:""Accord BioPharma Inc.""",https://www.accessdata.fda.gov/scripts/cder/daf/index.cfm?event=overview.process&varApplNo=761147,Verified - FLAGGED (sponsor/equity not yet resolved),"openFDA CRL transparency API: application BLA 761147, letter date 10/29/2024, company Accord BioPharma Inc.. File: CRL_BLA761147_20241029.pdf. Reason: Safety concerns. Text excerpt: i Lk YN U.S. FOOD & DRUG

ADMINISTRATION

BLA 761147
COMPLETE RESPONSE

Accord BioPharma Inc.

Attention: Sabita Nair, RAC, ASQ-CPGP
VP - Regulatory Affairs

8041 Arco Corporate Drive, Suite 200
Ralei...",NOT US-INVESTABLE (UNVERIFIED),Accord BioPharma Inc.,BLA 761147
C107,Sun Pharmaceutical Industries Limited,,,See FDA letter,See FDA CRL letter - indication in application,2024-10-25,Safety concerns,,"https://api.fda.gov/transparency/crl.json?search=company_name:""Sun Pharmaceutical Industries Limited""",https://www.accessdata.fda.gov/scripts/cder/daf/index.cfm?event=overview.process&varApplNo=215644,Verified - FLAGGED (sponsor/equity not yet resolved),"openFDA CRL transparency API: application NDA 215644, letter date 10/25/2024, company Sun Pharmaceutical Industries Limited. File: CRL_NDA215644_20241025.pdf. Reason: Safety concerns. Text excerpt: ¢ YN U.S. FOOD & DRUG

ADMINISTRATION

NDA 215644
COMPLETE RESPONSE

Sun Pharmaceutical Industries Limited
C/O: Sun Pharmaceutical Industries, Inc.
Attention: Juan Grijalva

US Agent, Senior Manager

...",NOT US-INVESTABLE (UNVERIFIED),Sun Pharmaceutical Industries Limited,NDA 215644
C108,"Bridge Regulatory Affairs, LLC",,,Camurus,See FDA CRL letter - indication in application,2024-10-21,Safety concerns,,"https://api.fda.gov/transparency/crl.json?search=company_name:""Bridge Regulatory Affairs, LLC""",https://www.accessdata.fda.gov/scripts/cder/daf/index.cfm?event=overview.process&varApplNo=218600,Verified - FLAGGED (sponsor/equity not yet resolved),"openFDA CRL transparency API: application NDA 218600, letter date 10/21/2024, company Bridge Regulatory Affairs, LLC. File: CRL_NDA218600_20241021.pdf. Reason: Safety concerns. Text excerpt: i Lk YN U.S. FOOD & DRUG

ADMINISTRATION

NDA 218600
COMPLETE RESPONSE

Bridge Regulatory Affairs, LLC

U.S. Agent for Camurus AB
Attention: Bridgette Kunst, MA, RAC
148 Butler Road

Franklin Park, NJ...",NOT US-INVESTABLE (UNVERIFIED),"Bridge Regulatory Affairs, LLC",NDA 218600
C109,Hikma Pharmaceuticals PLC,,LSE,See FDA letter,See FDA CRL letter - indication in application,2024-10-21,Efficacy + Safety,,"https://api.fda.gov/transparency/crl.json?search=company_name:""Hikma Pharmaceuticals USA Inc.""",https://www.accessdata.fda.gov/scripts/cder/daf/index.cfm?event=overview.process&varApplNo=219045,Verified - FLAGGED (sponsor/equity not yet resolved),"openFDA CRL transparency API: application NDA 219045, letter date 10/21/2024, company Hikma Pharmaceuticals USA Inc.. File: CRL_NDA219045_20241021.pdf. Reason: Efficacy + Safety. Text excerpt: ¢ YN U.S. FOOD & DRUG

ADMINISTRATION

NDA 219045
COMPLETE RESPONSE

Hikma Pharmaceuticals USA Inc.
Attention: George Prestash IV
Associate Director, Regulatory Affairs
1809 Wilson Road

Columbus, OH ...",NON-US LISTING ONLY,Hikma Pharmaceuticals USA Inc.,NDA 219045
C110,"Conjupro Biotherapeutics, Inc.",,,See FDA letter,See FDA CRL letter - indication in application,2024-10-10,Safety concerns,,"https://api.fda.gov/transparency/crl.json?search=company_name:""Conjupro Biotherapeutics, Inc.""",https://www.accessdata.fda.gov/scripts/cder/daf/index.cfm?event=overview.process&varApplNo=218923,Verified - FLAGGED (sponsor/equity not yet resolved),"openFDA CRL transparency API: application NDA 218923, letter date 10/10/2024, company Conjupro Biotherapeutics, Inc.. File: CRL_NDA218923_20241010.pdf. Reason: Safety concerns. Text excerpt: i Lk YN U.S. FOOD & DRUG

ADMINISTRATION

NDA 218923

COMPLETE RESPONSE
Conjupro Biotherapeutics, Inc.
Attention: Xi-De Wang, Ph.D., RAC
Vice President, Regulatory Science and Compliance
302 Carnegie ...",NOT US-INVESTABLE (UNVERIFIED),"Conjupro Biotherapeutics, Inc.",NDA 218923
C111,"Zealand Pharma US, Inc.",,,See FDA letter,See FDA CRL letter - indication in application,2024-10-08,Efficacy + Safety,,"https://api.fda.gov/transparency/crl.json?search=company_name:""Zealand Pharma US, Inc.""",https://www.accessdata.fda.gov/scripts/cder/daf/index.cfm?event=overview.process&varApplNo=217724,Verified - FLAGGED (sponsor/equity not yet resolved),"openFDA CRL transparency API: application NDA 217724/Original 1; NDA 217724, letter date 10/08/2024, company Zealand Pharma US, Inc.. File: CRL_NDA217724_20241008.pdf. Reason: Efficacy + Safety. Text excerpt: ADMINISTRATION

o FN U.S. FOOD & DRUG
&

NDA 217724/Original 1
COMPLETE RESPONSE

Zealand Pharma US, Inc.

Attention: Christopher R. DeFusco, PhD
Head of US Regulatory Affairs

50 Milk Street, 16"" Flo...",NOT US-INVESTABLE (UNVERIFIED),"Zealand Pharma US, Inc.",NDA 217724/Original 1; NDA 217724
C112,CSL Behring LLC,,,See FDA letter,See FDA CRL letter - indication in application,2024-10-07,Safety concerns,,"https://api.fda.gov/transparency/crl.json?search=company_name:""CSL Behring LLC""",https://www.accessdata.fda.gov/scripts/cder/daf/index.cfm?event=overview.process&varApplNo=761367,Verified - FLAGGED (sponsor/equity not yet resolved),"openFDA CRL transparency API: application BLA 761367, letter date 10/07/2024, company CSL Behring LLC. File: 761367Orig1s000OtherActionLtrs.pdf. Reason: Safety concerns. Text excerpt: ¢ IN U.S. FOOD & DRUG

ADMINISTRATION

BLA 761367
COMPLETE RESPONSE

CSL Behring LLC

Attention: Loren Kohrs, MS, RAC

Associate Director, Global Regulatory Affairs
1020 First Avenue

P.O. Box 61501

...",NOT US-INVESTABLE (UNVERIFIED),CSL Behring LLC,BLA 761367
C113,Celltrion Inc.,,,See FDA letter,See FDA CRL letter - indication in application,2024-09-30,Safety concerns,,"https://api.fda.gov/transparency/crl.json?search=company_name:""Celltrion Inc.""",https://www.accessdata.fda.gov/scripts/cder/daf/index.cfm?event=overview.process&varApplNo=761338,Verified - FLAGGED (sponsor/equity not yet resolved),"openFDA CRL transparency API: application BLA 761338, letter date 09/30/2024, company Celltrion Inc.. File: 761338Orig1Orig2s000OtherActionLtrs.pdf. Reason: Safety concerns. Text excerpt: PrN U.S. FOOD & DRUG

ADMINISTRATION

BLA 761338
COMPLETE RESPONSE

Celltrion Inc.

c/o Parexel International
Attention: Ally Danta

Senior Associate

2520 Meridian Parkway, Suite 200
Durham, NC 27713...",NOT US-INVESTABLE (UNVERIFIED),Celltrion Inc.,BLA 761338
C019,Regeneron Pharmaceuticals,REGN,NASDAQ,See FDA letter,See FDA CRL letter - indication in application,2024-08-20,Safety concerns,,"https://api.fda.gov/transparency/crl.json?search=company_name:""Regeneron Pharmaceuticals, Inc.""",https://www.accessdata.fda.gov/scripts/cder/daf/index.cfm?event=overview.process&varApplNo=761400,Verified - openFDA CRL transparency API,"openFDA CRL transparency API: application BLA 761400, letter date 08/20/2024, company Regeneron Pharmaceuticals, Inc.. File: CRL_BLA761400_20240820.pdf. Reason: Safety concerns. Text excerpt: Cg YN U.S. FOOD & DRUG

ADMINISTRATION

BLA 761400
COMPLETE RESPONSE

Regeneron Pharmaceuticals, Inc.
Attention: Smita Abbi, PhD
Director, Regulatory Affairs

777 Old Saw Mill River Road
Tarrytown, NY...",US-LISTED,"Regeneron Pharmaceuticals, Inc.",BLA 761400
C115,Scienture Inc.,,,See FDA letter,See FDA CRL letter - indication in application,2024-08-19,Safety concerns,,"https://api.fda.gov/transparency/crl.json?search=company_name:""Scienture Inc.""",https://www.accessdata.fda.gov/scripts/cder/daf/index.cfm?event=overview.process&varApplNo=218772,Verified - FLAGGED (sponsor/equity not yet resolved),"openFDA CRL transparency API: application NDA 218772, letter date 08/19/2024, company Scienture Inc.. File: 218772_2025_Orig1s000OtherActionLtrs.pdf. Reason: Safety concerns. Text excerpt: ¢ U.S. FOOD & DRUG
Sy ADMINISTRATION

NDA 218772
COMPLETE RESPONSE

Scienture Inc.

Attention: Shreena Patel

Vice President, Regulatory Affairs and PM
20 Austin Boulevard

Commack, NY 11725

Dear Shr...",NOT US-INVESTABLE (UNVERIFIED),Scienture Inc.,NDA 218772
C116,"Antares Pharma, Inc.",,,See FDA letter,See FDA CRL letter - indication in application,2024-08-16,Safety concerns,,"https://api.fda.gov/transparency/crl.json?search=company_name:""Antares Pharma, Inc.""",https://www.accessdata.fda.gov/scripts/cder/daf/index.cfm?event=overview.process&varApplNo=218026,Verified - FLAGGED (sponsor/equity not yet resolved),"openFDA CRL transparency API: application NDA 218026, letter date 08/16/2024, company Antares Pharma, Inc.. File: CRL_NDA218026_20240816.pdf. Reason: Safety concerns. Text excerpt: i Lk YN U.S. FOOD & DRUG

ADMINISTRATION

NDA 218026
COMPLETE RESPONSE

Antares Pharma, Inc.

c/o Halozyme Therapeutics, Inc.
Attention: Nithila Duraisamy

Director, Regulatory Affairs

100 Princeton ...",NOT US-INVESTABLE (UNVERIFIED),"Antares Pharma, Inc.",NDA 218026
C117,Lykos Therapeutics,,,See FDA letter,See FDA CRL letter - indication in application,2024-08-08,Efficacy + Safety,,"https://api.fda.gov/transparency/crl.json?search=company_name:""Lykos Therapeutics""",https://www.accessdata.fda.gov/scripts/cder/daf/index.cfm?event=overview.process&varApplNo=215455,Verified - FLAGGED (sponsor/equity not yet resolved),"openFDA CRL transparency API: application NDA 215455, letter date 08/08/2024, company Lykos Therapeutics. File: CRL_NDA215455_20240808.pdf. Reason: Efficacy + Safety. Text excerpt: i Lk YN U.S. FOOD & DRUG

ADMINISTRATION

NDA 215455
COMPLETE RESPONSE

Lykos Therapeutics

Attention: Berra Yazar-Klosinski, PhD
Chief Scientific Officer

3141 Stevens Creek Blvd #40547
San Jose, CA ...",NOT US-INVESTABLE (UNVERIFIED),Lykos Therapeutics,NDA 215455
C118,RB Health (US) LLC,,,See FDA letter,See FDA CRL letter - indication in application,2024-07-26,Efficacy + Safety,,"https://api.fda.gov/transparency/crl.json?search=company_name:""RB Health (US) LLC""",https://www.accessdata.fda.gov/scripts/cder/daf/index.cfm?event=overview.process&varApplNo=217338,Verified - FLAGGED (sponsor/equity not yet resolved),"openFDA CRL transparency API: application NDA 217338, letter date 07/26/2024, company RB Health (US) LLC. File: CRL_NDA217338_20240726.pdf. Reason: Efficacy + Safety. Text excerpt: U.S. FOOD & DRUG

ADMINISTRATION

NDA 217338
COMPLETE RESPONSE

RB Health (US) LLC
Attention: Ebru Unver Kulak
Senior Regulatory Manager
399 Interpace Parkway
Parsippany, NJ 07054

Dear Ebru Unver Kul...",NOT US-INVESTABLE (UNVERIFIED),RB Health (US) LLC,NDA 217338
C119,Xspray Pharma AB,,,See FDA letter,See FDA CRL letter - indication in application,2024-07-25,Safety concerns,,"https://api.fda.gov/transparency/crl.json?search=company_name:""Xspray Pharma AB""",https://www.accessdata.fda.gov/scripts/cder/daf/index.cfm?event=overview.process&varApplNo=216195,Verified - FLAGGED (sponsor/equity not yet resolved),"openFDA CRL transparency API: application NDA 216195, letter date 07/25/2024, company Xspray Pharma AB. File: CRL_NDA216195_20240725.pdf. Reason: Safety concerns. Text excerpt: i Lk YN U.S. FOOD & DRUG

ADMINISTRATION

NDA 216195
COMPLETE RESPONSE

Xspray Pharma AB

c/o Lachman Consultant Services, Inc.
Attention: Jennifer Leaming

US Agent; Principal Consultant

1600 Stewar...",NOT US-INVESTABLE (UNVERIFIED),Xspray Pharma AB,NDA 216195
C120,Orexo AB,,,See FDA letter,See FDA CRL letter - indication in application,2024-07-15,Safety concerns,,"https://api.fda.gov/transparency/crl.json?search=company_name:""Orexo AB""",https://www.accessdata.fda.gov/scripts/cder/daf/index.cfm?event=overview.process&varApplNo=217433,Verified - FLAGGED (sponsor/equity not yet resolved),"openFDA CRL transparency API: application NDA 217433, letter date 07/15/2024, company Orexo AB. File: CRL_NDA217433_20240715.pdf. Reason: Safety concerns. Text excerpt: o FN U.S. FOOD & DRUG
&

ADMINISTRATION

NDA 217433
COMPLETE RESPONSE

Orexo AB

c/o DJA Global Pharmaceuticals, Inc.
325 Sentry Parkway

Building 5 West, Suite 200

Blue Bell, PA 19422

Attention: Da...",NOT US-INVESTABLE (UNVERIFIED),Orexo AB,NDA 217433
C121,"MEDRx USA, Inc.",,,See FDA letter,See FDA CRL letter - indication in application,2024-07-11,Safety concerns,,"https://api.fda.gov/transparency/crl.json?search=company_name:""MEDRx USA, Inc.""",https://www.accessdata.fda.gov/scripts/cder/daf/index.cfm?event=overview.process&varApplNo=215029,Verified - FLAGGED (sponsor/equity not yet resolved),"openFDA CRL transparency API: application NDA 215029, letter date 07/11/2024, company MEDRx USA, Inc.. File: CRL_NDA215029_20240711.pdf. Reason: Safety concerns. Text excerpt: f ¢ yy U.S. FOOD & DRUG

ADMINISTRATION
Net

NDA 215029
COMPLETE RESPONSE
MEDRx USA, Inc.
c/o Celerion, Inc.
621 Rose Street
Lincoln, NE 68502
Attention: Kate Reese, PharmD, RAC
Senior Director, Regul...",NOT US-INVESTABLE (UNVERIFIED),"MEDRx USA, Inc.",NDA 215029
C020,Novo Nordisk A/S,NVO,NYSE,See FDA letter,See FDA CRL letter - indication in application,2024-07-10,Safety concerns,,"https://api.fda.gov/transparency/crl.json?search=company_name:""Novo Nordisk Inc.""",https://www.accessdata.fda.gov/scripts/cder/daf/index.cfm?event=overview.process&varApplNo=761326,Verified - openFDA CRL transparency API,"openFDA CRL transparency API: application BLA 761326, letter date 07/10/2024, company Novo Nordisk Inc.. File: CRL_BLA761326_20240710.pdf. Reason: Safety concerns. Text excerpt: ( Lg IN U.S. FOOD & DRUG
~ ADMINISTRATION

BLA 761326/ Original 1
BLA 761326/ Original 2
COMPLETE RESPONSE

Novo Nordisk Inc.

Attention: Helen Chen, MSc, RAC
Director, Regulatory Affairs

800 Scudder...",US-LISTED (ADR),Novo Nordisk Inc.,BLA 761326
C123,"Samsung Bioepis Co., Ltd.",,,See FDA letter,See FDA CRL letter - indication in application,2024-07-04,Safety concerns,,"https://api.fda.gov/transparency/crl.json?search=company_name:""Samsung Bioepis Co., Ltd.""",https://www.accessdata.fda.gov/scripts/cder/daf/index.cfm?event=overview.process&varApplNo=761425,Verified - FLAGGED (sponsor/equity not yet resolved),"openFDA CRL transparency API: application BLA 761373/Original 2; BLA 761425/Original 2; BLA 761373; BLA 761425, letter date 07/04/2024, company Samsung Bioepis Co., Ltd.. File: 761373Orig2s000_761425Orig2s000OtherActionLtrs.pdf. Reason: Safety concerns. Text excerpt: ADMINISTRATION

g¢ Ey U.S. FOOD & DRUG

BLA 761373/Original 2
BLA 761425/Original 2
CORRECTED PROVISIONAL DETERMINATION

Samsung Bioepis Co., Ltd.

c/o ICON Clinical Research LLC

Attention: Wendy DeS...",NOT US-INVESTABLE (UNVERIFIED),"Samsung Bioepis Co., Ltd.",BLA 761373/Original 2; BLA 761425/Original 2; BLA 761373; BLA 761425
C021,"Amneal Pharmaceuticals, Inc.",AMRX,NYSE,See FDA letter,See FDA CRL letter - indication in application,2024-07-01,Safety concerns,,"https://api.fda.gov/transparency/crl.json?search=company_name:""Amneal EU, Ltd.""",https://www.accessdata.fda.gov/scripts/cder/daf/index.cfm?event=overview.process&varApplNo=218345,Verified - openFDA CRL transparency API,"openFDA CRL transparency API: application NDA 218345, letter date 07/01/2024, company Amneal EU, Ltd.. File: CRL_NDA218345_20240701.pdf. Reason: Safety concerns. Text excerpt: f ¢ yy U.S. FOOD & DRUG

ADMINISTRATION
Net

NDA 218345
COMPLETE RESPONSE

Amneal EU, Ltd.

c/o Amneal Pharmaceuticals of New York, LLC.
50 Horseblock Road

Brookhaven, NY 11719

Attention: | Candis E...",US-LISTED,"Amneal EU, Ltd.",NDA 218345
C125,"CELLTRION, Inc.",,,See FDA letter,See FDA CRL letter - indication in application,2024-06-27,Safety concerns,,"https://api.fda.gov/transparency/crl.json?search=company_name:""CELLTRION, Inc.""",https://www.accessdata.fda.gov/scripts/cder/daf/index.cfm?event=overview.process&varApplNo=761377,Verified - FLAGGED (sponsor/equity not yet resolved),"openFDA CRL transparency API: application BLA 761377, letter date 06/27/2024, company CELLTRION, Inc.. File: CRL_BLA761377_20240627.pdf. Reason: Safety concerns. Text excerpt: a g PN U.S. FOOD & DRUG

ADMINISTRATION

BLA 761377
COMPLETE RESPONSE

CELLTRION, Inc.

c/o Parexel International

Attention: Ally Danta
Senior Associate

2520 Meridian Parkway

Suite 200

Durham, NC ...",NOT US-INVESTABLE (UNVERIFIED),"CELLTRION, Inc.",BLA 761377
C126,"Daiichi Sankyo, Inc.",,,See FDA letter,See FDA CRL letter - indication in application,2024-06-26,Efficacy + Safety,,"https://api.fda.gov/transparency/crl.json?search=company_name:""Daiichi Sankyo, Inc.""",https://www.accessdata.fda.gov/scripts/cder/daf/index.cfm?event=overview.process&varApplNo=761366,Verified - FLAGGED (sponsor/equity not yet resolved),"openFDA CRL transparency API: application BLA 761366, letter date 06/26/2024, company Daiichi Sankyo, Inc.. File: CRL_BLA761366_20240626.pdf. Reason: Efficacy + Safety. Text excerpt: i Lk YN U.S. FOOD & DRUG

ADMINISTRATION

BLA 761366
COMPLETE RESPONSE

Daiichi Sankyo, Inc.

Attention: Anandika Dhaliwal, PhD, RAC
Associate Director, Regulatory Affairs
211 Mount Airy Road

Basking...",NOT US-INVESTABLE (UNVERIFIED),"Daiichi Sankyo, Inc.",BLA 761366
C022,AbbVie Inc.,ABBV,NYSE,Vyalev,See FDA CRL letter - indication in application,2024-06-18,Safety concerns,,"https://api.fda.gov/transparency/crl.json?search=company_name:""AbbVie Inc.""",https://www.accessdata.fda.gov/scripts/cder/daf/index.cfm?event=overview.process&varApplNo=216962,Verified - openFDA CRL transparency API,"openFDA CRL transparency API: application NDA 216962, letter date 06/18/2024, company AbbVie Inc.. File: 216962_2025_Orig1s000OtherActionLtrs.pdf. Reason: Safety concerns. Text excerpt: 4 YN U.S. FOOD & DRUG
i ADMINISTRATION

NDA 216962
COMPLETE RESPONSE

AbbVie Inc.

Attention: Grace Chun, PharmD
Associate Director, Regulatory Affairs
5 Giralda Farms

Madison, NJ 07940

Dear Dr. Chu...",US-LISTED,AbbVie Inc.,NDA 216962
C128,"Nanocopoeia, LLC",,,See FDA letter,See FDA CRL letter - indication in application,2024-06-14,Safety concerns,,"https://api.fda.gov/transparency/crl.json?search=company_name:""Nanocopoeia, LLC""",https://www.accessdata.fda.gov/scripts/cder/daf/index.cfm?event=overview.process&varApplNo=217379,Verified - FLAGGED (sponsor/equity not yet resolved),"openFDA CRL transparency API: application NDA 217379, letter date 06/14/2024, company Nanocopoeia, LLC. File: CRL_NDA217379_20240614.pdf. Reason: Safety concerns. Text excerpt: ¢ YN U.S. FOOD & DRUG

ADMINISTRATION

NDA 217379
COMPLETE RESPONSE

Nanocopoeia, LLC
Attention: Jennifer Pilate
Director, Regulatory Affairs
639 Campus Drive

New Brighton, MN 55112

Dear Jennifer Pi...",NOT US-INVESTABLE (UNVERIFIED),"Nanocopoeia, LLC",NDA 217379
C129,"Rocket Pharmaceuticals, Inc.",,,Rocket Pharmaceuticals,See FDA CRL letter - indication in application,2024-06-14,CMC / Facility / GMP,,"https://api.fda.gov/transparency/crl.json?search=company_name:""Rocket Pharmaceuticals, Inc.""",https://www.accessdata.fda.gov/scripts/cder/daf/index.cfm?event=overview.process&varApplNo=125806,Verified - FLAGGED (sponsor/equity not yet resolved),"openFDA CRL transparency API: application BL 125806, letter date 06/14/2024, company Rocket Pharmaceuticals, Inc.. File: CRL_BLA125806_20240614.pdf. Reason: CMC / Facility / GMP. Text excerpt: ADMINISTRATION

aa fy U.S. FOOD & DRUG

Our STN: BL 125806/0 COMPLETE RESPONSE
JUNE 14, 2024

Rocket Pharmaceuticals, Inc.
Attention: Sanchali Kasbekar, PharmD
9 Cedarbrook Drive

Cranbury, NJ 08512

...",NOT US-INVESTABLE (UNVERIFIED),"Rocket Pharmaceuticals, Inc.",BL 125806
C130,Bayer AG,,XETRA,See FDA letter,See FDA CRL letter - indication in application,2024-06-13,Safety concerns,,"https://api.fda.gov/transparency/crl.json?search=company_name:""Bayer HealthCare LLC""",https://www.accessdata.fda.gov/scripts/cder/daf/index.cfm?event=overview.process&varApplNo=218506,Verified - FLAGGED (sponsor/equity not yet resolved),"openFDA CRL transparency API: application NDA 218506, letter date 06/13/2024, company Bayer HealthCare LLC. File: CRL_NDA218506_20240613.pdf. Reason: Safety concerns. Text excerpt: ¢ en U.S. FOOD & DRUG

ADMINISTRATION

NDA 218506
COMPLETE RESPONSE

Bayer HealthCare LLC

Attention: Oliwier Nowak

Senior Manager Regulatory Affairs
100 Bayer Boulevard, P.O. Box 915
Whippany, NJ 07...",NON-US LISTING ONLY,Bayer HealthCare LLC,NDA 218506
C131,XTM Consulting LLC,,,See FDA letter,See FDA CRL letter - indication in application,2024-06-12,Safety concerns,,"https://api.fda.gov/transparency/crl.json?search=company_name:""XTM Consulting LLC""",https://www.accessdata.fda.gov/scripts/cder/daf/index.cfm?event=overview.process&varApplNo=218698,Verified - FLAGGED (sponsor/equity not yet resolved),"openFDA CRL transparency API: application NDA 218698, letter date 06/12/2024, company XTM Consulting LLC. File: CRL_NDA218698_20240612.pdf. Reason: Safety concerns. Text excerpt: a g PN U.S. FOOD & DRUG

ADMINISTRATION

NDA 218698
COMPLETE RESPONSE

XTM Consulting LLC

Attention: Eric Schumacher
President

30 Lafayette Ave. STE 1, #1071
Morristown, NJ 07960

Dear Eric Schumach...",NOT US-INVESTABLE (UNVERIFIED),XTM Consulting LLC,NDA 218698
C132,"NeuroDerm, Ltd.",,,See FDA letter,See FDA CRL letter - indication in application,2024-05-24,Safety concerns,,"https://api.fda.gov/transparency/crl.json?search=company_name:""NeuroDerm, Ltd.""",https://www.accessdata.fda.gov/scripts/cder/daf/index.cfm?event=overview.process&varApplNo=218317,Verified - FLAGGED (sponsor/equity not yet resolved),"openFDA CRL transparency API: application NDA 218317, letter date 05/24/2024, company NeuroDerm, Ltd.. File: CRL_NDA218317_20240524.pdf. Reason: Safety concerns. Text excerpt: i Lk YN U.S. FOOD & DRUG

ADMINISTRATION

NDA 218317
COMPLETE RESPONSE

NeuroDerm, Ltd.

c/o The ProPharma Group

Attention: Ayesha Adil

US Resident Agent

Director, Regulatory Program Management
112...",NOT US-INVESTABLE (UNVERIFIED),"NeuroDerm, Ltd.",NDA 218317
C133,"Elevar Therapeutics, Inc.",,,See FDA letter,See FDA CRL letter - indication in application,2024-05-16,Safety concerns,,"https://api.fda.gov/transparency/crl.json?search=company_name:""Elevar Therapeutics, Inc.""",https://www.accessdata.fda.gov/scripts/cder/daf/index.cfm?event=overview.process&varApplNo=216586,Verified - FLAGGED (sponsor/equity not yet resolved),"openFDA CRL transparency API: application NDA 216586, letter date 05/16/2024, company Elevar Therapeutics, Inc.. File: CRL_NDA216586_20240516.pdf. Reason: Safety concerns. Text excerpt: i Lk YN U.S. FOOD & DRUG

ADMINISTRATION

NDA 216586
COMPLETE RESPONSE

Elevar Therapeutics, Inc.

Attention: Donna Donigi Gale

Senior Director, Regulatory Affairs Clinical
One Bridge Plaza, Suite 85...",NOT US-INVESTABLE (UNVERIFIED),"Elevar Therapeutics, Inc.",NDA 216586
C134,"Jiangsu Hengrui Pharmaceuticals Co., Ltd.",,,See FDA letter,See FDA CRL letter - indication in application,2024-05-16,Safety concerns,,"https://api.fda.gov/transparency/crl.json?search=company_name:""Jiangsu Hengrui Pharmaceuticals Co., Ltd.""",https://www.accessdata.fda.gov/scripts/cder/daf/index.cfm?event=overview.process&varApplNo=761308,Verified - FLAGGED (sponsor/equity not yet resolved),"openFDA CRL transparency API: application BLA 761308, letter date 05/16/2024, company Jiangsu Hengrui Pharmaceuticals Co., Ltd.. File: CRL_BLA761308_20240516.pdf. Reason: Safety concerns. Text excerpt: ADMINISTRATION

i Lk YN U.S. FOOD & DRUG

BLA 761308
COMPLETE RESPONSE

Jiangsu Hengrui Pharmaceuticals Co., Ltd.

Attention: Brahmaiah Kommanaboyina, M.S., R.Ph., R.A.C.
U.S. Agent, Head of U.S. Regu...",NOT US-INVESTABLE (UNVERIFIED),"Jiangsu Hengrui Pharmaceuticals Co., Ltd.",BLA 761308
C135,Accord Healthcare Inc.,,,See FDA letter,See FDA CRL letter - indication in application,2024-05-10,Safety concerns,,"https://api.fda.gov/transparency/crl.json?search=company_name:""Accord Healthcare Inc.""",https://www.accessdata.fda.gov/scripts/cder/daf/index.cfm?event=overview.process&varApplNo=216987,Verified - FLAGGED (sponsor/equity not yet resolved),"openFDA CRL transparency API: application NDA 216987, letter date 05/10/2024, company Accord Healthcare Inc.. File: CRL_NDA216987_20240510.pdf. Reason: Safety concerns. Text excerpt: ADMINISTRATION

i Lk YN U.S. FOOD & DRUG

NDA 216987
COMPLETE RESPONSE

Accord Healthcare Inc.

Attention: Sabita Nair, RAC, ASQ-CPGP
Vice President-Regulatory Affairs

8041 Arco Corporate Drive, Suit...",NOT US-INVESTABLE (UNVERIFIED),Accord Healthcare Inc.,NDA 216987
C136,Dr. Reddy’s Laboratories SA,,,See FDA letter,See FDA CRL letter - indication in application,2024-04-19,Safety concerns,,"https://api.fda.gov/transparency/crl.json?search=company_name:""Dr. Reddy’s Laboratories SA""",https://www.accessdata.fda.gov/scripts/cder/daf/index.cfm?event=overview.process&varApplNo=761376,Verified - FLAGGED (sponsor/equity not yet resolved),"openFDA CRL transparency API: application BLA 761376, letter date 04/19/2024, company Dr. Reddy’s Laboratories SA. File: CRL_BLA761376_20240419.pdf. Reason: Safety concerns. Text excerpt: ¢ IN U.S. FOOD & DRUG

ADMINISTRATION
Net

BLA 761376
COMPLETE RESPONSE

Dr. Reddy’s Laboratories SA

c/o Parexel International

Attention: Sowmya Sony Janampally
Regulatory Affairs Consultant

2520 M...",NOT US-INVESTABLE (UNVERIFIED),Dr. Reddy’s Laboratories SA,BLA 761376
C137,Xbrane Biopharma AB,,,See FDA letter,See FDA CRL letter - indication in application,2024-04-19,Safety concerns,,"https://api.fda.gov/transparency/crl.json?search=company_name:""Xbrane Biopharma AB""",https://www.accessdata.fda.gov/scripts/cder/daf/index.cfm?event=overview.process&varApplNo=761187,Verified - FLAGGED (sponsor/equity not yet resolved),"openFDA CRL transparency API: application BLA 761187, letter date 04/19/2024, company Xbrane Biopharma AB. File: CRL_BLA761187_20240419.pdf. Reason: Safety concerns. Text excerpt: a g PN U.S. FOOD & DRUG

ADMINISTRATION

BLA 761187
COMPLETE RESPONSE

Xbrane Biopharma AB
c/o Novotech Drug Development Consulting
Attention: Michael Strauss, PhD
Senior Director
2905 Wilderness Plac...",NOT US-INVESTABLE (UNVERIFIED),Xbrane Biopharma AB,BLA 761187
C138,Accord Healthcare Inc.,,,See FDA letter,See FDA CRL letter - indication in application,2024-04-17,Safety concerns,,"https://api.fda.gov/transparency/crl.json?search=company_name:""Accord Healthcare Inc.""",https://www.accessdata.fda.gov/scripts/cder/daf/index.cfm?event=overview.process&varApplNo=218762,Verified - FLAGGED (sponsor/equity not yet resolved),"openFDA CRL transparency API: application NDA 218762, letter date 04/17/2024, company Accord Healthcare Inc.. File: CRL_NDA218762_20240417.pdf. Reason: Safety concerns. Text excerpt: ¢ IN U.S. FOOD & DRUG

ADMINISTRATION
ent

NDA 218762
COMPLETE RESPONSE

Accord Healthcare Inc.

Attention: Sabita Nair, RAC, ASQ-CPGP.
Vice President — Regulatory Affairs
1009 Slater Road, Suite 210-...",NOT US-INVESTABLE (UNVERIFIED),Accord Healthcare Inc.,NDA 218762
C139,"Abeona Therapeutics, Inc.",,,See FDA letter,See FDA CRL letter - indication in application,2024-04-16,CMC / Facility / GMP,,"https://api.fda.gov/transparency/crl.json?search=company_name:""Abeona Therapeutics, Inc.""",https://www.accessdata.fda.gov/scripts/cder/daf/index.cfm?event=overview.process&varApplNo=125807,Verified - FLAGGED (sponsor/equity not yet resolved),"openFDA CRL transparency API: application BL 125807, letter date 04/16/2024, company Abeona Therapeutics, Inc.. File: CRL_BLA125807_20240416.pdf. Reason: CMC / Facility / GMP. Text excerpt: ¢ U.S. FOOD & DRUG
‘ma ADMINISTRATION

Our STN: BL 125807/0 COMPLETE RESPONSE
April 16, 2024

Abeona Therapeutics, Inc.
Attention: Carl Denny

Vice President, Regulatory Affairs
6555 Carnegie Ave, 4th...",NOT US-INVESTABLE (UNVERIFIED),"Abeona Therapeutics, Inc.",BL 125807
C140,Gan & Lee Pharmaceuticals,,,See FDA letter,See FDA CRL letter - indication in application,2024-04-12,Safety concerns,,"https://api.fda.gov/transparency/crl.json?search=company_name:""Gan & Lee Pharmaceuticals""",https://www.accessdata.fda.gov/scripts/cder/daf/index.cfm?event=overview.process&varApplNo=761356,Verified - FLAGGED (sponsor/equity not yet resolved),"openFDA CRL transparency API: application BLA 761356, letter date 04/12/2024, company Gan & Lee Pharmaceuticals. File: CRL_BLA761356_20240412.pdf. Reason: Safety concerns. Text excerpt: a g PN U.S. FOOD & DRUG

ADMINISTRATION

BLA 761356
COMPLETE RESPONSE

Gan & Lee Pharmaceuticals

C/O Gan & Lee Pharmaceuticals USA Corporation
Attention: Vanessa Brewer-Yizar

Senior Manager, Global ...",NOT US-INVESTABLE (UNVERIFIED),Gan & Lee Pharmaceuticals,BLA 761356
C141,Accord BioPharma Inc.,,,See FDA letter,See FDA CRL letter - indication in application,2024-04-05,Safety concerns,,"https://api.fda.gov/transparency/crl.json?search=company_name:""Accord BioPharma Inc.""",https://www.accessdata.fda.gov/scripts/cder/daf/index.cfm?event=overview.process&varApplNo=761147,Verified - FLAGGED (sponsor/equity not yet resolved),"openFDA CRL transparency API: application BLA 761147, letter date 04/05/2024, company Accord BioPharma Inc.. File: CRL_BLA761147_20240405.pdf. Reason: Safety concerns. Text excerpt: o FN U.S. FOOD & DRUG
&

ADMINISTRATION

BLA 761147
COMPLETE RESPONSE

Accord BioPharma Inc.

Attention: Sabita Nair, RAC, ASQ-CPGP
VP - Regulatory Affairs

8041 Arco Corporate Drive, Suite 200
Raleig...",NOT US-INVESTABLE (UNVERIFIED),Accord BioPharma Inc.,BLA 761147
C142,Fidelity BioPharma Co.,,,Ontralfy,See FDA CRL letter - indication in application,2024-03-29,Safety concerns,,"https://api.fda.gov/transparency/crl.json?search=company_name:""Fidelity BioPharma Co.""",https://www.accessdata.fda.gov/scripts/cder/daf/index.cfm?event=overview.process&varApplNo=216190,Verified - FLAGGED (sponsor/equity not yet resolved),"openFDA CRL transparency API: application NDA 216190, letter date 03/29/2024, company Fidelity BioPharma Co.. File: 216190Orig1s000OtherActionLtrs.pdf. Reason: Safety concerns. Text excerpt: i Lk YN U.S. FOOD & DRUG

ADMINISTRATION

NDA 216190
COMPLETE RESPONSE

Fidelity BioPharma Co.

Attention: Song Lin, Chief Executive Officer
157 Church Street, Suite 1915

New Haven, CT 06510

Dear So...",NOT US-INVESTABLE (UNVERIFIED),Fidelity BioPharma Co.,NDA 216190
C143,Baxter Healthcare Corporation,,,See FDA letter,See FDA CRL letter - indication in application,2024-03-29,Safety concerns,,"https://api.fda.gov/transparency/crl.json?search=company_name:""Baxter Healthcare Corporation""",https://www.accessdata.fda.gov/scripts/cder/daf/index.cfm?event=overview.process&varApplNo=218224,Verified - FLAGGED (sponsor/equity not yet resolved),"openFDA CRL transparency API: application NDA 218224, letter date 03/29/2024, company Baxter Healthcare Corporation. File: CRL_NDA218524_20240329.pdf. Reason: Safety concerns. Text excerpt: ADMINISTRATION

a g PN U.S. FOOD & DRUG

NDA 218224
COMPLETE RESPONSE

Baxter Healthcare Corporation
Attention: Ravi Bhalodia
Manager, Regulatory Affairs
One Baxter Parkway
Deerfield, IL 60015

Dear R...",NOT US-INVESTABLE (UNVERIFIED),Baxter Healthcare Corporation,NDA 218224
C144,Baxter Healthcare Corporation,,,See FDA letter,See FDA CRL letter - indication in application,2024-03-27,Safety concerns,,"https://api.fda.gov/transparency/crl.json?search=company_name:""Baxter Healthcare Corporation""",https://www.accessdata.fda.gov/scripts/cder/daf/index.cfm?event=overview.process&varApplNo=218408,Verified - FLAGGED (sponsor/equity not yet resolved),"openFDA CRL transparency API: application NDA 218408, letter date 03/27/2024, company Baxter Healthcare Corporation. File: CRL_NDA218408_20240327.pdf. Reason: Safety concerns. Text excerpt: a g PN U.S. FOOD & DRUG

ADMINISTRATION

NDA 218408
COMPLETE RESPONSE

Baxter Healthcare Corporation
Attention: Ravi Bhalodia
Manager, Regulatory Affairs
One Baxter Parkway
Deerfield, IL 60015

Dear R...",NOT US-INVESTABLE (UNVERIFIED),Baxter Healthcare Corporation,NDA 218408
C145,Gan & Lee Pharmaceuticals,,,See FDA letter,See FDA CRL letter - indication in application,2024-03-26,Safety concerns,,"https://api.fda.gov/transparency/crl.json?search=company_name:""Gan & Lee Pharmaceuticals""",https://www.accessdata.fda.gov/scripts/cder/daf/index.cfm?event=overview.process&varApplNo=761357,Verified - FLAGGED (sponsor/equity not yet resolved),"openFDA CRL transparency API: application BLA 761357, letter date 03/26/2024, company Gan & Lee Pharmaceuticals. File: CRL_BLA761357_20240326.pdf. Reason: Safety concerns. Text excerpt: a g PN U.S. FOOD & DRUG

ADMINISTRATION

BLA 761357
COMPLETE RESPONSE

Gan & Lee Pharmaceuticals

C/O Gan & Lee Pharmaceuticals USA Corporation
Attention: Vanessa Brewer-Yizar

Senior Manager, Global ...",NOT US-INVESTABLE (UNVERIFIED),Gan & Lee Pharmaceuticals,BLA 761357
C023,Regeneron Pharmaceuticals,REGN,NASDAQ,See FDA letter,See FDA CRL letter - indication in application,2024-03-22,Safety concerns,,"https://api.fda.gov/transparency/crl.json?search=company_name:""Regeneron Pharmaceuticals, Inc.""",https://www.accessdata.fda.gov/scripts/cder/daf/index.cfm?event=overview.process&varApplNo=1,Verified - openFDA CRL transparency API,"openFDA CRL transparency API: application BLA 761303/Original 1, letter date 03/22/2024, company Regeneron Pharmaceuticals, Inc.. File: CRL_BLA761303Original1_20240322.pdf. Reason: Safety concerns. Text excerpt: ADMINISTRATION

¢ IN U.S. FOOD & DRUG
Se

BLA 761303/Original 1
COMPLETE RESPONSE

Regeneron Pharmaceuticals, Inc.
Attention: Hsiao-Chi Lo, PhD
Director, Regulatory Affairs

777 Old Saw Mill River Roa...",US-LISTED,"Regeneron Pharmaceuticals, Inc.",BLA 761303/Original 1
C024,Regeneron Pharmaceuticals,REGN,NASDAQ,See FDA letter,See FDA CRL letter - indication in application,2024-03-22,Safety concerns,,"https://api.fda.gov/transparency/crl.json?search=company_name:""Regeneron Pharmaceuticals, Inc.""",https://www.accessdata.fda.gov/scripts/cder/daf/index.cfm?event=overview.process&varApplNo=2,Verified - openFDA CRL transparency API,"openFDA CRL transparency API: application BLA 761303/Original 2, letter date 03/22/2024, company Regeneron Pharmaceuticals, Inc.. File: CRL_BLA761303Original2_20240322.pdf. Reason: Safety concerns. Text excerpt: ADMINISTRATION

o FN U.S. FOOD & DRUG
&

BLA 761303/Original 2
COMPLETE RESPONSE

Regeneron Pharmaceuticals, Inc.
Attention: Hsiao-Chi Lo, PhD
Director, Regulatory Affairs

777 Old Saw Mill River Road...",US-LISTED,"Regeneron Pharmaceuticals, Inc.",BLA 761303/Original 2
C148,"Cipla USA, Inc.",,,Cipla Limited,See FDA CRL letter - indication in application,2024-03-22,CMC / Facility / GMP,,"https://api.fda.gov/transparency/crl.json?search=company_name:""Cipla USA, Inc.""",https://www.accessdata.fda.gov/scripts/cder/daf/index.cfm?event=overview.process&varApplNo=210168,Verified - FLAGGED (sponsor/equity not yet resolved),"openFDA CRL transparency API: application NDA 210168, letter date 03/22/2024, company Cipla USA, Inc.. File: CRL_NDA210168_20240322.pdf. Reason: CMC / Facility / GMP. Text excerpt: ¢ IN U.S. FOOD & DRUG
Se

ADMINISTRATION

NDA 210168
COMPLETE RESPONSE

Cipla USA, Inc.

Attention: Michele Crawley

U.S. Agent for Cipla Limited, India
10 Independence Boulevard

Suite 300

Warren, N...",NOT US-INVESTABLE (UNVERIFIED),"Cipla USA, Inc.",NDA 210168
C149,Mapi Pharma Ltd.,,,See FDA letter,See FDA CRL letter - indication in application,2024-03-08,Efficacy + Safety,,"https://api.fda.gov/transparency/crl.json?search=company_name:""Mapi Pharma Ltd.""",https://www.accessdata.fda.gov/scripts/cder/daf/index.cfm?event=overview.process&varApplNo=218223,Verified - FLAGGED (sponsor/equity not yet resolved),"openFDA CRL transparency API: application NDA 218223, letter date 03/08/2024, company Mapi Pharma Ltd.. File: CRL_NDA218223_20240308.pdf. Reason: Efficacy + Safety. Text excerpt: ¢ IN U.S. FOOD & DRUG

ADMINISTRATION
Net

NDA 218223
COMPLETE RESPONSE

Mapi Pharma Ltd.

c/o ProPharma Group

Attention: Sarah Waleszczak, MS

Senior Consultant, Regulatory Program Management
1129 T...",NOT US-INVESTABLE (UNVERIFIED),Mapi Pharma Ltd.,NDA 218223
C150,Accord Healthcare Inc.,,,Bendamustine Hydrochloride,See FDA CRL letter - indication in application,2024-03-07,Safety concerns,,"https://api.fda.gov/transparency/crl.json?search=company_name:""Accord Healthcare Inc.""",https://www.accessdata.fda.gov/scripts/cder/daf/index.cfm?event=overview.process&varApplNo=215749,Verified - FLAGGED (sponsor/equity not yet resolved),"openFDA CRL transparency API: application NDA 215749, letter date 03/07/2024, company Accord Healthcare Inc.. File: CRL_NDA215749_20240307.pdf. Reason: Safety concerns. Text excerpt: ¢ PIN U.S. FOOD & DRUG

ADMINISTRATION

NDA 215749
COMPLETE RESPONSE

Accord Healthcare Inc.

Attention: Sabita Nair, RAC, ASQ-CPGP.
Vice President - Regulatory Affairs

8041 Arco Corporate Drive, Sui...",NOT US-INVESTABLE (UNVERIFIED),Accord Healthcare Inc.,NDA 215749
C151,"Minerva Neurosciences, Inc",,,See FDA letter,See FDA CRL letter - indication in application,2024-02-26,Efficacy + Safety,,"https://api.fda.gov/transparency/crl.json?search=company_name:""Minerva Neurosciences, Inc""",https://www.accessdata.fda.gov/scripts/cder/daf/index.cfm?event=overview.process&varApplNo=217002,Verified - FLAGGED (sponsor/equity not yet resolved),"openFDA CRL transparency API: application NDA 217002, letter date 02/26/2024, company Minerva Neurosciences, Inc. File: CRL_NDA217002_20240226.pdf. Reason: Efficacy + Safety. Text excerpt: ADMINISTRATION

i Lk YN U.S. FOOD & DRUG

NDA 217002
COMPLETE RESPONSE

Minerva Neurosciences, Inc

Attention: Ramana Kuchibhatla, PhD

Senior Vice President and Head of Research & Development
1500 Di...",NOT US-INVESTABLE (UNVERIFIED),"Minerva Neurosciences, Inc",NDA 217002
C152,"Venatorx Pharmaceuticals, Inc.",,,See FDA letter,See FDA CRL letter - indication in application,2024-02-22,Safety concerns,,"https://api.fda.gov/transparency/crl.json?search=company_name:""Venatorx Pharmaceuticals, Inc.""",https://www.accessdata.fda.gov/scripts/cder/daf/index.cfm?event=overview.process&varApplNo=217556,Verified - FLAGGED (sponsor/equity not yet resolved),"openFDA CRL transparency API: application NDA 217556, letter date 02/22/2024, company Venatorx Pharmaceuticals, Inc.. File: CRL_NDA217556_20240222.pdf. Reason: Safety concerns. Text excerpt: ¢ IN U.S. FOOD & DRUG

ADMINISTRATION
Net

NDA 217556
COMPLETE RESPONSE

Venatorx Pharmaceuticals, Inc.

Attention: Chitrananda Abeygunawardana, PhD.
Vice President, Regulatory Affairs

74 E. Swedesfo...",NOT US-INVESTABLE (UNVERIFIED),"Venatorx Pharmaceuticals, Inc.",NDA 217556
C153,"Xeris Pharmaceuticals, Inc.",,,Gvoke,See FDA CRL letter - indication in application,2024-02-09,Efficacy + Safety,,"https://api.fda.gov/transparency/crl.json?search=company_name:""Xeris Pharmaceuticals, Inc.""",https://www.accessdata.fda.gov/scripts/cder/daf/index.cfm?event=overview.process&varApplNo=212097/S-012,Verified - FLAGGED (sponsor/equity not yet resolved),"openFDA CRL transparency API: application NDA 212097/S-012, letter date 02/09/2024, company Xeris Pharmaceuticals, Inc.. File: 212097-s012_OtherActionLtrs.pdf. Reason: Efficacy + Safety. Text excerpt: ADMINISTRATION

i Lk YN U.S. FOOD & DRUG

NDA 212097/S-012
COMPLETE RESPONSE

Xeris Pharmaceuticals, Inc.

Attention: Michele Yelmene

Vice President, Global Regulatory Affairs & Operations
1375 West ...",NOT US-INVESTABLE (UNVERIFIED),"Xeris Pharmaceuticals, Inc.",NDA 212097/S-012
C154,Accord Healthcare Inc.,,,Epinephrine,See FDA CRL letter - indication in application,2024-01-30,Safety concerns,,"https://api.fda.gov/transparency/crl.json?search=company_name:""Accord Healthcare Inc.""",https://www.accessdata.fda.gov/scripts/cder/daf/index.cfm?event=overview.process&varApplNo=218470,Verified - FLAGGED (sponsor/equity not yet resolved),"openFDA CRL transparency API: application NDA 218470, letter date 01/30/2024, company Accord Healthcare Inc.. File: CRL_NDA218470_20240130.pdf. Reason: Safety concerns. Text excerpt: Cg PY U.S. FOOD & DRUG

ADMINISTRATION

NDA 218470
COMPLETE RESPONSE

Accord Healthcare Inc.

Attention: Sabita Nair, RAC, ASQ-CPGP.
Vice President - Regulatory Affairs

8041 Arco Corporate Drive, Sui...",NOT US-INVESTABLE (UNVERIFIED),Accord Healthcare Inc.,NDA 218470
C155,AFT Pharmaceuticals Ltd,,,See FDA letter,See FDA CRL letter - indication in application,2024-01-25,Safety concerns,,"https://api.fda.gov/transparency/crl.json?search=company_name:""AFT Pharmaceuticals Ltd""",https://www.accessdata.fda.gov/scripts/cder/daf/index.cfm?event=overview.process&varApplNo=218528,Verified - FLAGGED (sponsor/equity not yet resolved),"openFDA CRL transparency API: application NDA 218528, letter date 01/25/2024, company AFT Pharmaceuticals Ltd. File: CRL_NDA218528_20240125.pdf. Reason: Safety concerns. Text excerpt: ¢ IN U.S. FOOD & DRUG

ADMINISTRATION
Net

NDA 218528
COMPLETE RESPONSE

AFT Pharmaceuticals Ltd

c/o: Chesapeake Regulatory Group, Inc
Attention: David Zuchero, MS, JD

6574 River Clyde Drive

Highla...",NOT US-INVESTABLE (UNVERIFIED),AFT Pharmaceuticals Ltd,NDA 218528
C156,"Defender Pharmaceuticals, Inc",,,See FDA letter,See FDA CRL letter - indication in application,2024-01-25,Efficacy + Safety,,"https://api.fda.gov/transparency/crl.json?search=company_name:""Defender Pharmaceuticals, Inc""",https://www.accessdata.fda.gov/scripts/cder/daf/index.cfm?event=overview.process&varApplNo=214315,Verified - FLAGGED (sponsor/equity not yet resolved),"openFDA CRL transparency API: application NDA 214315, letter date 01/25/2024, company Defender Pharmaceuticals, Inc. File: CRL_NDA214315_20240125.pdf. Reason: Efficacy + Safety. Text excerpt: ( g en U.S. FOOD & DRUG

ADMINISTRATION

NDA 214315
COMPLETE RESPONSE

Defender Pharmaceuticals, Inc

Attention: Lisa McNeil

Vice President, Quality & Regulatory Affairs
12935 N Outer Forty Drive

Su...",NOT US-INVESTABLE (UNVERIFIED),"Defender Pharmaceuticals, Inc",NDA 214315
C157,Hikma Pharmaceuticals PLC,,LSE,See FDA letter,See FDA CRL letter - indication in application,2024-01-23,Efficacy + Safety,,"https://api.fda.gov/transparency/crl.json?search=company_name:""Hikma Pharmaceuticals USA, Inc.""",https://www.accessdata.fda.gov/scripts/cder/daf/index.cfm?event=overview.process&varApplNo=218258,Verified - FLAGGED (sponsor/equity not yet resolved),"openFDA CRL transparency API: application NDA 218258, letter date 01/23/2024, company Hikma Pharmaceuticals USA, Inc.. File: CRL_NDA218258_20240123.pdf. Reason: Efficacy + Safety. Text excerpt: 4 YN U.S. FOOD & DRUG
i ADMINISTRATION

NDA 218258
COMPLETE RESPONSE

Hikma Pharmaceuticals USA, Inc.
Attention: Amy Schutte

Senior Director, Regulatory Affairs
2 Esterbrook Lane

Cherry Hill, NJ. 08...",NON-US LISTING ONLY,"Hikma Pharmaceuticals USA, Inc.",NDA 218258
C158,"Akeso Biopharma Co., Ltd.",,,See FDA letter,See FDA CRL letter - indication in application,2024-01-19,Safety concerns,,"https://api.fda.gov/transparency/crl.json?search=company_name:""Akeso Biopharma Co., Ltd.""",https://www.accessdata.fda.gov/scripts/cder/daf/index.cfm?event=overview.process&varApplNo=761258,Verified - FLAGGED (sponsor/equity not yet resolved),"openFDA CRL transparency API: application BLA 761258, letter date 01/19/2024, company Akeso Biopharma Co., Ltd.. File: 761258_2025_Orig1s000OtherActionLtrs.pdf. Reason: Safety concerns. Text excerpt: 4 YN U.S. FOOD & DRUG
i ADMINISTRATION

BLA 761258
COMPLETE RESPONSE

Akeso Biopharma Co., Ltd.

c/o Akesobio, Inc.

Attention: Liang Liu (U.S. Agent)
81 Belhaven Avenue

Daly City, CA 94015

Dear Lia...",NOT US-INVESTABLE (UNVERIFIED),"Akeso Biopharma Co., Ltd.",BLA 761258
C159,BendaRx USA Corporation,,,See FDA letter,See FDA CRL letter - indication in application,2024-01-17,Safety concerns,,"https://api.fda.gov/transparency/crl.json?search=company_name:""BendaRx USA Corporation""",https://www.accessdata.fda.gov/scripts/cder/daf/index.cfm?event=overview.process&varApplNo=215291,Verified - FLAGGED (sponsor/equity not yet resolved),"openFDA CRL transparency API: application NDA 215291, letter date 01/17/2024, company BendaRx USA Corporation. File: CRL_NDA215291_20240117.pdf. Reason: Safety concerns. Text excerpt: i Lk YN U.S. FOOD & DRUG

ADMINISTRATION

NDA 215291
COMPLETE RESPONSE

BendaRx USA Corporation
Attention: Martin Noél, MBA
Chief Executive Officer
2000 Duke Street, Suite 375
Alexandria, VA 22314

De...",NOT US-INVESTABLE (UNVERIFIED),BendaRx USA Corporation,NDA 215291
C160,"SQ Innovation, Inc.",,,See FDA letter,See FDA CRL letter - indication in application,2024-01-12,Safety concerns,,"https://api.fda.gov/transparency/crl.json?search=company_name:""SQ Innovation, Inc.""",https://www.accessdata.fda.gov/scripts/cder/daf/index.cfm?event=overview.process&varApplNo=217294,Verified - FLAGGED (sponsor/equity not yet resolved),"openFDA CRL transparency API: application NDA 217294, letter date 01/12/2024, company SQ Innovation, Inc.. File: CRL_NDA217294_20240112.pdf. Reason: Safety concerns. Text excerpt: f ¢ yy U.S. FOOD & DRUG
“OS

ADMINISTRATION

NDA 217294
COMPLETE RESPONSE

SQ Innovation, Inc.

Attention: Pieter Muntendam, MD
President

20 Burlington Mall Road

Suite 200

Burlington, MA 01803

Dea...",NOT US-INVESTABLE (UNVERIFIED),"SQ Innovation, Inc.",NDA 217294
C161,Astellas Pharma Inc.,,TSE,See FDA letter,See FDA CRL letter - indication in application,2024-01-04,Safety concerns,,"https://api.fda.gov/transparency/crl.json?search=company_name:""Astellas Pharma US, Inc.""",https://www.accessdata.fda.gov/scripts/cder/daf/index.cfm?event=overview.process&varApplNo=761365,Verified - FLAGGED (sponsor/equity not yet resolved),"openFDA CRL transparency API: application BLA 761365, letter date 01/04/2024, company Astellas Pharma US, Inc.. File: 761365_2024_Orig1s000OtherActionLtrs.pdf. Reason: Safety concerns. Text excerpt: i Lk YN U.S. FOOD & DRUG

ADMINISTRATION

BLA 761365
COMPLETE RESPONSE

Astellas Pharma US, Inc.

Attention: Sarah Groenendal, M.S., RAC
Associate Director, Regulatory Affairs
Astellas Pharma Global D...",NON-US LISTING ONLY,"Astellas Pharma US, Inc.",BLA 761365
C162,"CooperSurgical, Inc.",,,Paragard,See FDA CRL letter - indication in application,2023-12-18,Efficacy + Safety,,"https://api.fda.gov/transparency/crl.json?search=company_name:""CooperSurgical, Inc.""",https://www.accessdata.fda.gov/scripts/cder/daf/index.cfm?event=overview.process&varApplNo=018680/S-074,Verified - FLAGGED (sponsor/equity not yet resolved),"openFDA CRL transparency API: application NDA 018680/S-074, letter date 12/18/2023, company CooperSurgical, Inc.. File: 018680-s074_OtherActionLtrs.pdf. Reason: Efficacy + Safety. Text excerpt: 4 YN U.S. FOOD & DRUG
i ADMINISTRATION

NDA 018680/S-074
COMPLETE RESPONSE

CooperSurgical, Inc.

Attention: Regina Shih

Vice President, Global Regulatory and Clinical Affairs
75 Corporate Drive

Tru...",NOT US-INVESTABLE (UNVERIFIED),"CooperSurgical, Inc.",NDA 018680/S-074
C163,"Checkpoint Therapeutics, Incorporated",,,See FDA letter,See FDA CRL letter - indication in application,2023-12-15,Safety concerns,,"https://api.fda.gov/transparency/crl.json?search=company_name:""Checkpoint Therapeutics, Incorporated""",https://www.accessdata.fda.gov/scripts/cder/daf/index.cfm?event=overview.process&varApplNo=761297,Verified - FLAGGED (sponsor/equity not yet resolved),"openFDA CRL transparency API: application BLA 761297, letter date 12/15/2023, company Checkpoint Therapeutics, Incorporated. File: 761297_2025_Orig1s000OtherActionLtrs.pdf. Reason: Safety concerns. Text excerpt: 4 YN U.S. FOOD & DRUG
i ADMINISTRATION

BLA 761297
COMPLETE RESPONSE

Checkpoint Therapeutics, Incorporated

Attention: Lauren Neighbours, PhD, RAC

Senior Vice President, Product Development and Regu...",NOT US-INVESTABLE (UNVERIFIED),"Checkpoint Therapeutics, Incorporated",BLA 761297
C164,Alvotech USA Inc.,,,Alvotech,See FDA CRL letter - indication in application,2023-10-11,Safety concerns,,"https://api.fda.gov/transparency/crl.json?search=company_name:""Alvotech USA Inc.""",https://www.accessdata.fda.gov/scripts/cder/daf/index.cfm?event=overview.process&varApplNo=761343,Verified - FLAGGED (sponsor/equity not yet resolved),"openFDA CRL transparency API: application BLA 761343, letter date 10/11/2023, company Alvotech USA Inc.. File: 761343_2024_Orig1s000OtherActionLtrs.pdf. Reason: Safety concerns. Text excerpt: 4 YN U.S. FOOD & DRUG
i ADMINISTRATION

BLA 761343
COMPLETE RESPONSE

Alvotech USA Inc.

c/o PharmaLex US Corporation
1 West 1st Avenue
Conshohocken, PA 19428

Attention: Sheela J. Mitta
US Regulatory...",NOT US-INVESTABLE (UNVERIFIED),Alvotech USA Inc.,BLA 761343
C165,"Galderma R&D, LLC",,,See FDA letter,See FDA CRL letter - indication in application,2023-09-29,Safety concerns,,"https://api.fda.gov/transparency/crl.json?search=company_name:""Galderma R&D, LLC""",https://www.accessdata.fda.gov/scripts/cder/daf/index.cfm?event=overview.process&varApplNo=761311,Verified - FLAGGED (sponsor/equity not yet resolved),"openFDA CRL transparency API: application BLA 761311, letter date 09/29/2023, company Galderma R&D, LLC. File: CRL_BLA761311_20230929_Redacted.pdf. Reason: Safety concerns. Text excerpt: U.S. FOOD & DRUG

ADMINISTRATION

BLA 761311
COMPLETE RESPONSE

Galderma R&D, LLC
Attention: Chase Edwards
Director, Regulatory Affairs
2001 Ross Avenue

Dallas, TX 75201

Dear Chase Edwards:

Please ...",NOT US-INVESTABLE (UNVERIFIED),"Galderma R&D, LLC",BLA 761311
C025,Eli Lilly and Company,LLY,NYSE,See FDA letter,See FDA CRL letter - indication in application,2023-09-28,Safety concerns,,"https://api.fda.gov/transparency/crl.json?search=company_name:""Eli Lilly and Company""",https://www.accessdata.fda.gov/scripts/cder/daf/index.cfm?event=overview.process&varApplNo=761306,Verified - openFDA CRL transparency API,"openFDA CRL transparency API: application BLA 761306, letter date 09/28/2023, company Eli Lilly and Company. File: 761306_2024_Orig1s000OtherActionLtrs.pdf. Reason: Safety concerns. Text excerpt: g YN U.S. FOOD & DRUG

ADMINISTRATION

BLA 761306

COMPLETE RESPONSE

Eli Lilly and Company
Attention: Ana M. Vaz.
Associate VP, GRA-NA
Lilly Corporate Center
Indianapolis, IN 46285

Dear Ana Vaz:

Pl...",US-LISTED,Eli Lilly and Company,BLA 761306
C167,Botanix SB Inc.,,,See FDA letter,See FDA CRL letter - indication in application,2023-09-22,Efficacy + Safety,,"https://api.fda.gov/transparency/crl.json?search=company_name:""Botanix SB Inc.""",https://www.accessdata.fda.gov/scripts/cder/daf/index.cfm?event=overview.process&varApplNo=217347,Verified - FLAGGED (sponsor/equity not yet resolved),"openFDA CRL transparency API: application NDA 217347, letter date 09/22/2023, company Botanix SB Inc.. File: 217347_2024_Orig1s000OtherActionLtrs.pdf. Reason: Efficacy + Safety. Text excerpt: ¢ Py U.S. FOOD & DRUG

ADMINISTRATION

NDA 217347
COMPLETE RESPONSE

Botanix SB Inc.

Attention: Matthew Callahan
Board Director

3602 Horizon Drive, Suite 160
King of Prussia, PA 19406

Dear Matthew ...",NOT US-INVESTABLE (UNVERIFIED),Botanix SB Inc.,NDA 217347
C168,"ARS Pharmaceuticals, Inc.",,,Neffy,See FDA CRL letter - indication in application,2023-09-19,Efficacy + Safety,,"https://api.fda.gov/transparency/crl.json?search=company_name:""ARS Pharmaceuticals, Inc.""",https://www.accessdata.fda.gov/scripts/cder/daf/index.cfm?event=overview.process&varApplNo=214697,Verified - FLAGGED (sponsor/equity not yet resolved),"openFDA CRL transparency API: application NDA 214697, letter date 09/19/2023, company ARS Pharmaceuticals, Inc.. File: 214697_2025_Orig1s000OtherActionLtrs.pdf. Reason: Efficacy + Safety. Text excerpt: ¢ YN U.S. FOOD & DRUG

ADMINISTRATION

NDA 214697
COMPLETE RESPONSE

ARS Pharmaceuticals, Inc.
C/O Pacific Link Consulting
11682 El Camino Real
Suite 120

San Diego, CA 92130

Attention: Richard Lowen...",NOT US-INVESTABLE (UNVERIFIED),"ARS Pharmaceuticals, Inc.",NDA 214697
C169,Shilpa Medicare Limited,,,See FDA letter,See FDA CRL letter - indication in application,2023-08-01,Safety concerns,,"https://api.fda.gov/transparency/crl.json?search=company_name:""Shilpa Medicare Limited""",https://www.accessdata.fda.gov/scripts/cder/daf/index.cfm?event=overview.process&varApplNo=212782,Verified - FLAGGED (sponsor/equity not yet resolved),"openFDA CRL transparency API: application NDA 212782, letter date 08/01/2023, company Shilpa Medicare Limited. File: 212782Orig1s000OtherActionLtrs.pdf. Reason: Safety concerns. Text excerpt: i Lk YN U.S. FOOD & DRUG

ADMINISTRATION

NDA 212782
COMPLETE RESPONSE

Shilpa Medicare Limited

c/o Shilpa Pharma Inc.

Attention: Krishna Chaithanya Konagalla
Director, Regulatory Affairs

1980 S. E...",NOT US-INVESTABLE (UNVERIFIED),Shilpa Medicare Limited,NDA 212782
C170,"Mesoblast, Inc.",,,See FDA letter,See FDA CRL letter - indication in application,2023-08-01,Insufficient efficacy evidence,,"https://api.fda.gov/transparency/crl.json?search=company_name:""Mesoblast, Inc.""",https://www.accessdata.fda.gov/scripts/cder/daf/index.cfm?event=overview.process&varApplNo=125706,Verified - FLAGGED (sponsor/equity not yet resolved),"openFDA CRL transparency API: application BL 125706, letter date 08/01/2023, company Mesoblast, Inc.. File: CRL_BLA125706_20230801.pdf. Reason: Insufficient efficacy evidence. Text excerpt: ¢ U.S. FOOD & DRUG
a ADMINISTRATION

Our STN: BL 125706/0 COMPLETE RESPONSE
August 1, 2023

Mesoblast, Inc.

Attention: Susan T. Sukovich
505 Fifth Avenue 3¢ Floor
New York, NY 10017

Dear Ms. Sukovic...",NOT US-INVESTABLE (UNVERIFIED),"Mesoblast, Inc.",BL 125706
C171,"Citius Pharmaceuticals, Inc.",,,Lymphir,See FDA CRL letter - indication in application,2023-07-28,Safety concerns,,"https://api.fda.gov/transparency/crl.json?search=company_name:""Citius Pharmaceuticals, Inc.""",https://www.accessdata.fda.gov/scripts/cder/daf/index.cfm?event=overview.process&varApplNo=761312,Verified - FLAGGED (sponsor/equity not yet resolved),"openFDA CRL transparency API: application BLA 761312, letter date 07/28/2023, company Citius Pharmaceuticals, Inc.. File: 761312Orig1s000OtherActionLtrs.pdf. Reason: Safety concerns. Text excerpt: ¢ YN U.S. FOOD & DRUG

ADMINISTRATION
ne

BLA 761312
COMPLETE RESPONSE

Citius Pharmaceuticals, Inc.
Attention: Catherine Kessler
Executive VP, Regulatory Affairs
11 Commerce Dr., 1‘ Floor
Cranford, N...",NOT US-INVESTABLE (UNVERIFIED),"Citius Pharmaceuticals, Inc.",BLA 761312
C172,"Laboratorios Farmacéuticos ROVI, S.A.",,,Risvan,See FDA CRL letter - indication in application,2023-07-27,Safety concerns,,"https://api.fda.gov/transparency/crl.json?search=company_name:""Laboratorios Farmacéuticos ROVI, S.A.""",https://www.accessdata.fda.gov/scripts/cder/daf/index.cfm?event=overview.process&varApplNo=214835,Verified - FLAGGED (sponsor/equity not yet resolved),"openFDA CRL transparency API: application NDA 214835, letter date 07/27/2023, company Laboratorios Farmacéuticos ROVI, S.A.. File: Pages from 214835Orig1s000_ORIGINAL_APPROVAL_PACKAGE.pdf. Reason: Safety concerns. Text excerpt: g YN U.S. FOOD & DRUG

ADMINISTRATION

NDA 214835
COMPLETE RESPONSE

Laboratorios Farmacéuticos ROVI, S.A.
c/o PharmaLex

Attention: Anna Perelka

Associate Director, Regulatory Affairs
1700 District ...",NOT US-INVESTABLE (UNVERIFIED),"Laboratorios Farmacéuticos ROVI, S.A.",NDA 214835
C173,"Impax Laboratories, LLC",,,Crexont,See FDA CRL letter - indication in application,2023-06-30,Safety concerns,,"https://api.fda.gov/transparency/crl.json?search=company_name:""Impax Laboratories, LLC""",https://www.accessdata.fda.gov/scripts/cder/daf/index.cfm?event=overview.process&varApplNo=217186,Verified - FLAGGED (sponsor/equity not yet resolved),"openFDA CRL transparency API: application NDA 217186, letter date 06/30/2023, company Impax Laboratories, LLC. File: 217186Orig1s000OtherActionLtrs.pdf. Reason: Safety concerns. Text excerpt: g YN U.S. FOOD & DRUG

ADMINISTRATION

NDA 217186
COMPLETE RESPONSE

Impax Laboratories, LLC
Attention: Candis Edwards

SVP Specialty Regulatory Affairs
400 Crossing Blvd. Third Floor
Bridgewater NJ 0...",NOT US-INVESTABLE (UNVERIFIED),"Impax Laboratories, LLC",NDA 217186
C174,"Alvotech USA, Inc.",,,See FDA letter,See FDA CRL letter - indication in application,2023-06-28,Safety concerns,,"https://api.fda.gov/transparency/crl.json?search=company_name:""Alvotech USA, Inc.""",https://www.accessdata.fda.gov/scripts/cder/daf/index.cfm?event=overview.process&varApplNo=761299,Verified - FLAGGED (sponsor/equity not yet resolved),"openFDA CRL transparency API: application BLA 761299, letter date 06/28/2023, company Alvotech USA, Inc.. File: 761299_2024_Orig1s000OtherActionLtrs.pdf. Reason: Safety concerns. Text excerpt: ¢ YN U.S. FOOD & DRUG

ADMINISTRATION

BLA 761299
COMPLETE RESPONSE

Alvotech USA, Inc.

c/o PharmaLex US Corporation
c/o AmerisourceBergen

1 West 1st Avenue
Conshohocken, PA 19428

Attention: Sheela...",NOT US-INVESTABLE (UNVERIFIED),"Alvotech USA, Inc.",BLA 761299
C026,Regeneron Pharmaceuticals,REGN,NASDAQ,Eylea,See FDA CRL letter - indication in application,2023-06-27,Safety concerns,,"https://api.fda.gov/transparency/crl.json?search=company_name:""Regeneron Pharmaceuticals, Inc.""",https://www.accessdata.fda.gov/scripts/cder/daf/index.cfm?event=overview.process&varApplNo=761355,Verified - openFDA CRL transparency API,"openFDA CRL transparency API: application BLA 761355, letter date 06/27/2023, company Regeneron Pharmaceuticals, Inc.. File: 761355_2024_Orig1s000OtherActionLtrs.pdf. Reason: Safety concerns. Text excerpt: g YN U.S. FOOD & DRUG

ADMINISTRATION

BLA 761355
COMPLETE RESPONSE

Regeneron Pharmaceuticals, Inc.

Attention: Donato Forlenza, PharmD, MBa
Senior Director, Regulatory Affairs

777 Old Saw Mill Rive...",US-LISTED,"Regeneron Pharmaceuticals, Inc.",BLA 761355
C176,AOP Orphan Pharmaceuticals GmbH,,,See FDA letter,See FDA CRL letter - indication in application,2023-05-31,Safety concerns,,"https://api.fda.gov/transparency/crl.json?search=company_name:""AOP Orphan Pharmaceuticals GmbH""",https://www.accessdata.fda.gov/scripts/cder/daf/index.cfm?event=overview.process&varApplNo=217202,Verified - FLAGGED (sponsor/equity not yet resolved),"openFDA CRL transparency API: application NDA 217202, letter date 05/31/2023, company AOP Orphan Pharmaceuticals GmbH. File: 217202_2024_Orig1s000OtherActionLtrs.pdf. Reason: Safety concerns. Text excerpt: g EY U.S. FOOD & DRUG

ADMINISTRATION
—

NDA 217202
COMPLETE RESPONSE

AOP Orphan Pharmaceuticals GmbH

c/o Strategic Drug Development Services, LLC
Attention: Scott A. Oglesby, PhD

US Agent

6518 Gr...",NOT US-INVESTABLE (UNVERIFIED),AOP Orphan Pharmaceuticals GmbH,NDA 217202
C027,Fresenius SE & Co. KGaA,FSNUY,OTC,See FDA letter,See FDA CRL letter - indication in application,2023-05-31,Safety concerns,,"https://api.fda.gov/transparency/crl.json?search=company_name:""Fresenius Kabi USA, LLC""",https://www.accessdata.fda.gov/scripts/cder/daf/index.cfm?event=overview.process&varApplNo=761275,Verified - openFDA CRL transparency API,"openFDA CRL transparency API: application BLA 761275, letter date 05/31/2023, company Fresenius Kabi USA, LLC. File: 761275_2024_Orig1s000OtherActionLtrs.pdf. Reason: Safety concerns. Text excerpt: ¢ Py U.S. FOOD & DRUG

ADMINISTRATION

BLA 761275
COMPLETE RESPONSE

Fresenius Kabi USA, LLC
Three Corporate Drive
Lake Zurich, Illinois 60047

Attention: — Brittany Duke, PhD
Associate Director, Regu...",US-LISTED (ADR),"Fresenius Kabi USA, LLC",BLA 761275
C178,Galephar Pharmaceutical Research Inc.,,,Legubeti,See FDA CRL letter - indication in application,2023-05-05,Safety concerns,,"https://api.fda.gov/transparency/crl.json?search=company_name:""Galephar Pharmaceutical Research Inc.""",https://www.accessdata.fda.gov/scripts/cder/daf/index.cfm?event=overview.process&varApplNo=215040,Verified - FLAGGED (sponsor/equity not yet resolved),"openFDA CRL transparency API: application NDA 215040, letter date 05/05/2023, company Galephar Pharmaceutical Research Inc.. File: 215040_2024_Orig1s000OtherActionLtrs.pdf. Reason: Safety concerns. Text excerpt: g YN U.S. FOOD & DRUG

ADMINISTRATION

NDA 215040
COMPLETE RESPONSE

Galephar Pharmaceutical Research Inc.
Attention: Britta Martinez

Director Regulatory Affairs

Carr 925 Km 6.1 Bo Junquito

HC-04 B...",NOT US-INVESTABLE (UNVERIFIED),Galephar Pharmaceutical Research Inc.,NDA 215040
C179,Ascendis Pharma Bone Diseases A/S,,,See FDA letter,See FDA CRL letter - indication in application,2023-04-28,Efficacy + Safety,,"https://api.fda.gov/transparency/crl.json?search=company_name:""Ascendis Pharma Bone Diseases A/S""",https://www.accessdata.fda.gov/scripts/cder/daf/index.cfm?event=overview.process&varApplNo=216490,Verified - FLAGGED (sponsor/equity not yet resolved),"openFDA CRL transparency API: application NDA 216490, letter date 04/28/2023, company Ascendis Pharma Bone Diseases A/S. File: 216490_2024_Orig1s000OtherActionLtrs.pdf. Reason: Efficacy + Safety. Text excerpt: ¢ YN U.S. FOOD & DRUG

ADMINISTRATION

NDA 216490
COMPLETE RESPONSE

Ascendis Pharma Bone Diseases A/S
c/o Ascendis Pharma, Inc.

Attention: Stephanie Chan, MS
Director, Regulatory Affairs

1000 Page ...",NOT US-INVESTABLE (UNVERIFIED),Ascendis Pharma Bone Diseases A/S,NDA 216490
C028,Novo Nordisk A/S,NVO,NYSE,See FDA letter,See FDA CRL letter - indication in application,2023-04-24,Efficacy + Safety,,"https://api.fda.gov/transparency/crl.json?search=company_name:""Novo Nordisk""",https://www.accessdata.fda.gov/scripts/cder/daf/index.cfm?event=overview.process&varApplNo=761315,Verified - openFDA CRL transparency API,"openFDA CRL transparency API: application BLA 761315, letter date 04/24/2023, company Novo Nordisk. File: 761315_2025_Orig1s000OtherActionLtrs.pdf. Reason: Efficacy + Safety. Text excerpt: iPyN U.S. FOOD & DRUG

ADMINISTRATION

BLA 761315
COMPLETE RESPONSE

Novo Nordisk

Attention: Ge (Larry) Bai
Director, Regulatory Affairs
P. O. Box 846

800 Scudders Mill Road
Plainsboro, NJ 08536

De...",US-LISTED (ADR),Novo Nordisk,BLA 761315
C181,"Hugel, Inc",,,Hugel,See FDA CRL letter - indication in application,2023-04-12,Safety concerns,,"https://api.fda.gov/transparency/crl.json?search=company_name:""Hugel, Inc""",https://www.accessdata.fda.gov/scripts/cder/daf/index.cfm?event=overview.process&varApplNo=761225,Verified - FLAGGED (sponsor/equity not yet resolved),"openFDA CRL transparency API: application BLA 761225, letter date 04/12/2023, company Hugel, Inc. File: 761225_2024_Orig1s000OtherActionLtrs.pdf. Reason: Safety concerns. Text excerpt: g YN U.S. FOOD & DRUG

ADMINISTRATION

BLA 761225
COMPLETE RESPONSE

Hugel, Inc

c/o Strategic Drug Development Services, LLC
Attention: Scott A. Oglesby, PhD

Authorized U.S. Agent for Hugel, Inc

65...",NOT US-INVESTABLE (UNVERIFIED),"Hugel, Inc",BLA 761225
C029,Eli Lilly and Company,LLY,NYSE,See FDA letter,See FDA CRL letter - indication in application,2023-03-30,Safety concerns,,"https://api.fda.gov/transparency/crl.json?search=company_name:""Eli Lilly and Company""",https://www.accessdata.fda.gov/scripts/cder/daf/index.cfm?event=overview.process&varApplNo=761279,Verified - openFDA CRL transparency API,"openFDA CRL transparency API: application BLA 761279, letter date 03/30/2023, company Eli Lilly and Company. File: 761279_2023_Orig1s000OtherActionLtrs.pdf. Reason: Safety concerns. Text excerpt: ¢ YN U.S. FOOD & DRUG

ADMINISTRATION

BLA 761279
COMPLETE RESPONSE

Eli Lilly and Company

Attention: Conrad J. Wong, Ph.D.

Senior Director

Global Regulatory Affairs — North America
Lilly Corporate...",US-LISTED,Eli Lilly and Company,BLA 761279
C030,AbbVie Inc.,ABBV,NYSE,Vyalev,See FDA CRL letter - indication in application,2023-03-17,Safety concerns,,"https://api.fda.gov/transparency/crl.json?search=company_name:""AbbVie Inc.""",https://www.accessdata.fda.gov/scripts/cder/daf/index.cfm?event=overview.process&varApplNo=216962,Verified - openFDA CRL transparency API,"openFDA CRL transparency API: application NDA 216962, letter date 03/17/2023, company AbbVie Inc.. File: 216962_2025_Orig1s000OtherActionLtrs.pdf. Reason: Safety concerns. Text excerpt: g YN U.S. FOOD & DRUG

ADMINISTRATION

NDA 216962
COMPLETE RESPONSE

AbbVie Inc.

Attention: Grace Chun, PharmD
Associate Director, Regulatory Affairs
5 Giralda Farms

Madison, NJ 07940

Dear Dr. Chun...",US-LISTED,AbbVie Inc.,NDA 216962
C184,Zydus Worldwide DMCC,,,See FDA letter,See FDA CRL letter - indication in application,2023-03-03,Safety concerns,,"https://api.fda.gov/transparency/crl.json?search=company_name:""Zydus Worldwide DMCC""",https://www.accessdata.fda.gov/scripts/cder/daf/index.cfm?event=overview.process&varApplNo=211566,Verified - FLAGGED (sponsor/equity not yet resolved),"openFDA CRL transparency API: application NDA 211566, letter date 03/03/2023, company Zydus Worldwide DMCC. File: 211566_2024_Orig1s000OtherActionLtrs.pdf. Reason: Safety concerns. Text excerpt: f ¢ yy U.S. FOOD & DRUG

ADMINISTRATION
Net

NDA 211566
COMPLETE RESPONSE

Zydus Worldwide DMCC

c/o Zydus Pharmaceuticals (USA) Inc.

Attention: Srinivas Gurram

Senior Vice President- Head of Regula...",NOT US-INVESTABLE (UNVERIFIED),Zydus Worldwide DMCC,NDA 211566
C185,"Tanvex BioPharma USA, Inc.",,,See FDA letter,See FDA CRL letter - indication in application,2023-02-14,Safety concerns,,"https://api.fda.gov/transparency/crl.json?search=company_name:""Tanvex BioPharma USA, Inc.""",https://www.accessdata.fda.gov/scripts/cder/daf/index.cfm?event=overview.process&varApplNo=761126,Verified - FLAGGED (sponsor/equity not yet resolved),"openFDA CRL transparency API: application BLA 761126, letter date 02/14/2023, company Tanvex BioPharma USA, Inc.. File: 761126_2025_Orig1s000OtherActionLtrs.pdf. Reason: Safety concerns. Text excerpt: g YN U.S. FOOD & DRUG

ADMINISTRATION

BLA 761126
COMPLETE RESPONSE

Tanvex BioPharma USA, Inc.

Attention: Bonnie J. Mills, PhD

Vice-President, Clinical Development & Regulatory Affairs
2030 Main St...",NOT US-INVESTABLE (UNVERIFIED),"Tanvex BioPharma USA, Inc.",BLA 761126
C186,"Phathom Pharmaceuticals, Inc.",,,Voquezna,See FDA CRL letter - indication in application,2023-02-07,Safety concerns,,"https://api.fda.gov/transparency/crl.json?search=company_name:""Phathom Pharmaceuticals, Inc.""",https://www.accessdata.fda.gov/scripts/cder/daf/index.cfm?event=overview.process&varApplNo=215151,Verified - FLAGGED (sponsor/equity not yet resolved),"openFDA CRL transparency API: application NDA 215151, letter date 02/07/2023, company Phathom Pharmaceuticals, Inc.. File: 215151_2024_Orig1s000OtherActionLtrs.pdf. Reason: Safety concerns. Text excerpt: ¢ YN U.S. FOOD & DRUG

ADMINISTRATION

NDA 215151
COMPLETE RESPONSE

Phathom Pharmaceuticals, Inc.
Attention: Esha Desai, MS, RAC
Director, Regulatory Affairs

2150 East Lake Cook Road, Suite 800
Buff...",NOT US-INVESTABLE (UNVERIFIED),"Phathom Pharmaceuticals, Inc.",NDA 215151
C187,"StemCyte, Inc.",,,See FDA letter,See FDA CRL letter - indication in application,2023-01-20,Safety concerns,,"https://api.fda.gov/transparency/crl.json?search=company_name:""StemCyte, Inc.""",https://www.accessdata.fda.gov/scripts/cder/daf/index.cfm?event=overview.process&varApplNo=125764,Verified - FLAGGED (sponsor/equity not yet resolved),"openFDA CRL transparency API: application BL 125764, letter date 01/20/2023, company StemCyte, Inc.. File: CRL_BLA125764_20230120.pdf. Reason: Safety concerns. Text excerpt: ¢ U.S. FOOD & DRUG
‘ma ADMINISTRATION

Our STN: BL 125764/0 COMPLETE RESPONSE
January 20, 2023

StemCyte, Inc.
Attention: (1b) (6)

(b) (6)

Dear Dr. (6) (6)

Please refer to your Biologics License Ap...",NOT US-INVESTABLE (UNVERIFIED),"StemCyte, Inc.",BL 125764
C031,Eli Lilly and Company,LLY,NYSE,Kisunla,See FDA CRL letter - indication in application,2023-01-18,Safety concerns,,"https://api.fda.gov/transparency/crl.json?search=company_name:""Eli Lilly and Company""",https://www.accessdata.fda.gov/scripts/cder/daf/index.cfm?event=overview.process&varApplNo=761248,Verified - openFDA CRL transparency API,"openFDA CRL transparency API: application BLA 761248, letter date 01/18/2023, company Eli Lilly and Company. File: 761248_2024_Orig1s000OtherActionLtrs.pdf. Reason: Safety concerns. Text excerpt: ¢ YN U.S. FOOD & DRUG

ADMINISTRATION

BLA 761248
COMPLETE RESPONSE

Eli Lilly and Company

Attention: Angela Murff-Maxey

Senior Director, Global Regulatory Affairs - NA
Lilly Corporate Center

Drop ...",US-LISTED,Eli Lilly and Company,BLA 761248
C032,Viatris Inc,VTRS,NASDAQ,Mylan Laboratories Limited,See FDA CRL letter - indication in application,2023-01-13,Safety concerns,,"https://api.fda.gov/transparency/crl.json?search=company_name:""Mylan Pharmaceuticals Inc., a Viatris Company""",https://www.accessdata.fda.gov/scripts/cder/daf/index.cfm?event=overview.process&varApplNo=204311,Verified - openFDA CRL transparency API,"openFDA CRL transparency API: application NDA 204311, letter date 01/13/2023, company Mylan Pharmaceuticals Inc., a Viatris Company. File: 204311_2024_Orig1s000OtherActionLtrs.pdf. Reason: Safety concerns. Text excerpt: iPyN U.S. FOOD & DRUG

ADMINISTRATION

NDA 204311
COMPLETE RESPONSE

Mylan Pharmaceuticals Inc., a Viatris Company

U.S. Agent for Mylan Laboratories Limited, a Viatris Company, India
Attention: Beth ...",US-LISTED,"Mylan Pharmaceuticals Inc., a Viatris Company",NDA 204311
C190,"Almatica Pharma, LLC",,,See FDA letter,See FDA CRL letter - indication in application,2023-01-13,Safety concerns,,"https://api.fda.gov/transparency/crl.json?search=company_name:""Almatica Pharma, LLC""",https://www.accessdata.fda.gov/scripts/cder/daf/index.cfm?event=overview.process&varApplNo=215721,Verified - FLAGGED (sponsor/equity not yet resolved),"openFDA CRL transparency API: application NDA 215721, letter date 01/13/2023, company Almatica Pharma, LLC. File: 215721_2024_Orig1s000OtherActionLtrs.pdf. Reason: Safety concerns. Text excerpt: ny U.S. FOOD & DRUG

ADMINISTRATION

NDA 215721
COMPLETE RESPONSE

Almatica Pharma, LLC

Attention: Michelle R. Ryder

Vice President, Regulatory Affairs
44 Whippany Rd, Suite 300
Morristown, NJ 07960...",NOT US-INVESTABLE (UNVERIFIED),"Almatica Pharma, LLC",NDA 215721
C191,Liqmeds Worldwide Limited,,,See FDA letter,See FDA CRL letter - indication in application,2023-01-06,Safety concerns,,"https://api.fda.gov/transparency/crl.json?search=company_name:""Liqmeds Worldwide Limited""",https://www.accessdata.fda.gov/scripts/cder/daf/index.cfm?event=overview.process&varApplNo=216482,Verified - FLAGGED (sponsor/equity not yet resolved),"openFDA CRL transparency API: application NDA 216482, letter date 01/06/2023, company Liqmeds Worldwide Limited. File: 216482_2024_Orig1s000OtherActionLtrs.pdf. Reason: Safety concerns. Text excerpt: ¢ YN U.S. FOOD & DRUG

ADMINISTRATION

NDA 216482
COMPLETE RESPONSE

Liqmeds Worldwide Limited

c/o MA Pharmaceutical Consulting, Inc.
384 Silver Sage Lane

St. Augustine, FL 32095

Attention: Shehla ...",NOT US-INVESTABLE (UNVERIFIED),Liqmeds Worldwide Limited,NDA 216482
C192,lpsen Biopharmaceuticals Inc.,,,See FDA letter,See FDA CRL letter - indication in application,2022-12-23,Efficacy + Safety,,"https://api.fda.gov/transparency/crl.json?search=company_name:""lpsen Biopharmaceuticals Inc.""",https://www.accessdata.fda.gov/scripts/cder/daf/index.cfm?event=overview.process&varApplNo=215559,Verified - FLAGGED (sponsor/equity not yet resolved),"openFDA CRL transparency API: application NDA 215559, letter date 12/23/2022, company lpsen Biopharmaceuticals Inc.. File: 215559_2023_Orig1s000OtherActionLtrs.pdf. Reason: Efficacy + Safety. Text excerpt: iPyN U.S. FOOD & DRUG

ADMINISTRATION

NDA 215559
COMPLETE RESPONSE

lpsen Biopharmaceuticals Inc.

Attention: Andrew Sansone, MS

Vice President, Regulatory Affairs, Quality & Safety, North America
O...",NOT US-INVESTABLE (UNVERIFIED),lpsen Biopharmaceuticals Inc.,NDA 215559
C193,"Alvotech USA, Inc.",,,See FDA letter,See FDA CRL letter - indication in application,2022-12-20,Safety concerns,,"https://api.fda.gov/transparency/crl.json?search=company_name:""Alvotech USA, Inc.""",https://www.accessdata.fda.gov/scripts/cder/daf/index.cfm?event=overview.process&varApplNo=761299,Verified - FLAGGED (sponsor/equity not yet resolved),"openFDA CRL transparency API: application BLA 761299, letter date 12/20/2022, company Alvotech USA, Inc.. File: 761299_2024_Orig1s000OtherActionLtrs.pdf. Reason: Safety concerns. Text excerpt: (¢ YN U.S. FOOD & DRUG

ADMINISTRATION

BLA 761299
COMPLETE RESPONSE

Alvotech USA, Inc.
1201 Wilson Blvd. Ste. 2130
Arlington, VA 22209

Attention: Brian DiPaolo
Head of Global Regulatory, CMC

Dear ...",NOT US-INVESTABLE (UNVERIFIED),"Alvotech USA, Inc.",BLA 761299
C194,"Celitrion, Inc.",,,See FDA letter,See FDA CRL letter - indication in application,2022-11-23,Safety concerns,,"https://api.fda.gov/transparency/crl.json?search=company_name:""Celitrion, Inc.""",https://www.accessdata.fda.gov/scripts/cder/daf/index.cfm?event=overview.process&varApplNo=761219,Verified - FLAGGED (sponsor/equity not yet resolved),"openFDA CRL transparency API: application BLA 761219, letter date 11/23/2022, company Celitrion, Inc.. File: 761219_2023_Orig1s000OtherActionLtrs.pdf. Reason: Safety concerns. Text excerpt: ¢ YN U.S. FOOD & DRUG

ADMINISTRATION

BLA 761219
COMPLETE RESPONSE

Celitrion, Inc.

c/o Parexel International

2520 Meridian Parkway Suite 200
Durham, NC 27713

Attention: Ryan Zettle, PharmD, MBA
M...",NOT US-INVESTABLE (UNVERIFIED),"Celitrion, Inc.",BLA 761219
C195,Spes Pharmaceuticals Inc.,,,See FDA letter,See FDA CRL letter - indication in application,2022-10-19,Safety concerns,,"https://api.fda.gov/transparency/crl.json?search=company_name:""Spes Pharmaceuticals Inc.""",https://www.accessdata.fda.gov/scripts/cder/daf/index.cfm?event=overview.process&varApplNo=216686,Verified - FLAGGED (sponsor/equity not yet resolved),"openFDA CRL transparency API: application NDA 216686, letter date 10/19/2022, company Spes Pharmaceuticals Inc.. File: 216686_2023_Orig1s000OtherActionLtrs.pdf. Reason: Safety concerns. Text excerpt: ¢ YN U.S. FOOD & DRUG

ADMINISTRATION

NDA 216686
COMPLETE RESPONSE

Spes Pharmaceuticals Inc.
Attention: Jianwei Yu, PhD
President, CEO and CSO
675 US Highway 1, Suite 118
North Brunswick, NJ 08902

...",NOT US-INVESTABLE (UNVERIFIED),Spes Pharmaceuticals Inc.,NDA 216686
C196,CorMedix Inc.,,,See FDA letter,See FDA CRL letter - indication in application,2022-08-04,Safety concerns,,"https://api.fda.gov/transparency/crl.json?search=company_name:""CorMedix Inc.""",https://www.accessdata.fda.gov/scripts/cder/daf/index.cfm?event=overview.process&varApplNo=214520,Verified - FLAGGED (sponsor/equity not yet resolved),"openFDA CRL transparency API: application NDA 214520, letter date 08/04/2022, company CorMedix Inc.. File: 214520_2023_Orig1s000OtherActionLtrs.pdf. Reason: Safety concerns. Text excerpt: g YN U.S. FOOD & DRUG

ADMINISTRATION

NDA 214520
COMPLETE RESPONSE

CorMedix Inc.

Attention: Phoebe Mounts, PhD, Esq.
Executive Vice President and General Counsel
5825 Bellanca Drive

Elkridge, MD 2...",NOT US-INVESTABLE (UNVERIFIED),CorMedix Inc.,NDA 214520
C197,"Laboratorios Farmaceuticos Rovi, S.A.",,,Risvan,See FDA CRL letter - indication in application,2022-07-15,Efficacy + Safety,,"https://api.fda.gov/transparency/crl.json?search=company_name:""Laboratorios Farmaceuticos Rovi, S.A.""",https://www.accessdata.fda.gov/scripts/cder/daf/index.cfm?event=overview.process&varApplNo=214835,Verified - FLAGGED (sponsor/equity not yet resolved),"openFDA CRL transparency API: application NDA 214835, letter date 07/15/2022, company Laboratorios Farmaceuticos Rovi, S.A.. File: Pages from 214835Orig1s000_ORIGINAL_APPROVAL_PACKAGE.pdf. Reason: Efficacy + Safety. Text excerpt: g YN U.S. FOOD & DRUG

ADMINISTRATION

NDA 214835
COMPLETE RESPONSE

Laboratorios Farmaceuticos Rovi, S.A.

c/o PharmaLex

Attention: Nick Palmer

Senior Manager, Consulting and Scientific Affairs
170...",NOT US-INVESTABLE (UNVERIFIED),"Laboratorios Farmaceuticos Rovi, S.A.",NDA 214835
C198,AFT Pharmaceuticals Ltd.,,,Combogesic,See FDA CRL letter - indication in application,2022-06-30,Safety concerns,,"https://api.fda.gov/transparency/crl.json?search=company_name:""AFT Pharmaceuticals Ltd.""",https://www.accessdata.fda.gov/scripts/cder/daf/index.cfm?event=overview.process&varApplNo=215320,Verified - FLAGGED (sponsor/equity not yet resolved),"openFDA CRL transparency API: application NDA 215320, letter date 06/30/2022, company AFT Pharmaceuticals Ltd.. File: 215320_2024_Orig1s000OtherActionLtrs.pdf. Reason: Safety concerns. Text excerpt: g YN U.S. FOOD & DRUG

ADMINISTRATION

NDA 215320
COMPLETE RESPONSE

AFT Pharmaceuticals Ltd.

c/o Chesapeake Regulatory Group, Inc.
6574 River Clyde Drive

Highland, MD 20777

Attention: | David Zuch...",NOT US-INVESTABLE (UNVERIFIED),AFT Pharmaceuticals Ltd.,NDA 215320
C199,Acer Therapeutics Inc.,,,See FDA letter,See FDA CRL letter - indication in application,2022-06-15,Safety concerns,,"https://api.fda.gov/transparency/crl.json?search=company_name:""Acer Therapeutics Inc.""",https://www.accessdata.fda.gov/scripts/cder/daf/index.cfm?event=overview.process&varApplNo=214860,Verified - FLAGGED (sponsor/equity not yet resolved),"openFDA CRL transparency API: application NDA 214860, letter date 06/15/2022, company Acer Therapeutics Inc.. File: 214860_2023_Orig1s000OtherActionLtrs.pdf. Reason: Safety concerns. Text excerpt: g YN U.S. FOOD & DRUG

ADMINISTRATION

NDA 214860
COMPLETE RESPONSE

Acer Therapeutics Inc.

Attention: Renée M. Carroll, MS, RAC
Vice President, Head of Regulatory Affairs
One Gateway Center, Suite 3...",NOT US-INVESTABLE (UNVERIFIED),Acer Therapeutics Inc.,NDA 214860
C200,Braintree Laboratories Inc.,,,Suflave,See FDA CRL letter - indication in application,2022-06-06,Safety concerns,,"https://api.fda.gov/transparency/crl.json?search=company_name:""Braintree Laboratories, Inc.""",https://www.accessdata.fda.gov/scripts/cder/daf/index.cfm?event=overview.process&varApplNo=215344,Verified - FLAGGED (sponsor/equity not yet resolved),"openFDA CRL transparency API: application NDA 215344, letter date 06/06/2022, company Braintree Laboratories, Inc.. File: 215344_2024_Orig1s000OtherActionLtrs.pdf. Reason: Safety concerns. Text excerpt: ¢ YN U.S. FOOD & DRUG

ADMINISTRATION

NDA 215344
COMPLETE RESPONSE

Braintree Laboratories, Inc.
Attention: Vivian Caballero

Vice President, Regulatory Affairs
60 Columbian Street West

P.O. Box 850...",PRIVATE / NO EQUITY,"Braintree Laboratories, Inc.",NDA 215344
C201,Verrica Pharmaceuticals Inc.,,,See FDA letter,See FDA CRL letter - indication in application,2022-05-23,Safety concerns,,"https://api.fda.gov/transparency/crl.json?search=company_name:""Verrica Pharmaceuticals Inc.""",https://www.accessdata.fda.gov/scripts/cder/daf/index.cfm?event=overview.process&varApplNo=212905,Verified - FLAGGED (sponsor/equity not yet resolved),"openFDA CRL transparency API: application NDA 212905, letter date 05/23/2022, company Verrica Pharmaceuticals Inc.. File: 212905_2024_Orig1s000OtherActionLtrs.pdf. Reason: Safety concerns. Text excerpt: ADMINISTRATION

i Lk YN U.S. FOOD & DRUG

NDA 212905
COMPLETE RESPONSE

Verrica Pharmaceuticals Inc.
Attention: Misty M. D’Ottavio, RN
Executive Director, Regulatory Affairs
44 West Gay Street, Suite ...",NOT US-INVESTABLE (UNVERIFIED),Verrica Pharmaceuticals Inc.,NDA 212905
C202,"UGB, Inc.",,,See FDA letter,See FDA CRL letter - indication in application,2022-05-12,Safety concerns,,"https://api.fda.gov/transparency/crl.json?search=company_name:""UGB, Inc.""",https://www.accessdata.fda.gov/scripts/cder/daf/index.cfm?event=overview.process&varApplNo=761151,Verified - FLAGGED (sponsor/equity not yet resolved),"openFDA CRL transparency API: application BLA 761151, letter date 05/12/2022, company UGB, Inc.. File: 761151_2023_Orig1s000OtherActionLtrs.pdf. Reason: Safety concerns. Text excerpt: g YN U.S. FOOD & DRUG

ADMINISTRATION

BLA 761151
COMPLETE RESPONSE

UGB, Inc.

Attention: Leo DiNapoli, PhD, RAC
Director, Regulatory Affairs

1950 Lake Park Drive

Building 2100

Smyrna, GA 30080

D...",NOT US-INVESTABLE (UNVERIFIED),"UGB, Inc.",BLA 761151
C203,"Coherus BioSciences, Inc.",,,See FDA letter,See FDA CRL letter - indication in application,2022-04-29,Efficacy + Safety,,"https://api.fda.gov/transparency/crl.json?search=company_name:""Coherus BioSciences, Inc.""",https://www.accessdata.fda.gov/scripts/cder/daf/index.cfm?event=overview.process&varApplNo=761240,Verified - FLAGGED (sponsor/equity not yet resolved),"openFDA CRL transparency API: application BLA 761240, letter date 04/29/2022, company Coherus BioSciences, Inc.. File: 761240_2023_Orig1s000OtherActionLtrs.pdf. Reason: Efficacy + Safety. Text excerpt: ADMINISTRATION

¢ Py U.S. FOOD & DRUG

BLA 761240
COMPLETE RESPONSE

Coherus BioSciences, Inc.

c/o DataRevive USA LLC
Attention: Herbert W. Hutman, M.D.
President

30 West Gude Drive, Suite 280
Rockv...",NOT US-INVESTABLE (UNVERIFIED),"Coherus BioSciences, Inc.",BLA 761240
C204,CMP Development LLC,,,See FDA letter,See FDA CRL letter - indication in application,2022-04-28,Safety concerns,,"https://api.fda.gov/transparency/crl.json?search=company_name:""CMP Development LLC""",https://www.accessdata.fda.gov/scripts/cder/daf/index.cfm?event=overview.process&varApplNo=214952,Verified - FLAGGED (sponsor/equity not yet resolved),"openFDA CRL transparency API: application NDA 214952, letter date 04/28/2022, company CMP Development LLC. File: 214952_2024_Orig1s000OtherActionLtrs.pdf. Reason: Safety concerns. Text excerpt: g YN U.S. FOOD & DRUG

ADMINISTRATION

NDA 214952
COMPLETE RESPONSE

CMP Development LLC
Attention: Ellen Chrismon
Regulatory Affairs Manager
P.O. Box 147

8026 US Highway 264A
Farmville, NC 27828

De...",NOT US-INVESTABLE (UNVERIFIED),CMP Development LLC,NDA 214952
C205,Dr. Reddy’s Laboratories Limited,,,Cyclophosphamide Injection,See FDA CRL letter - indication in application,2022-04-18,Safety concerns,,"https://api.fda.gov/transparency/crl.json?search=company_name:""Dr. Reddy’s Laboratories Limited""",https://www.accessdata.fda.gov/scripts/cder/daf/index.cfm?event=overview.process&varApplNo=210852,Verified - FLAGGED (sponsor/equity not yet resolved),"openFDA CRL transparency API: application NDA 210852, letter date 04/18/2022, company Dr. Reddy’s Laboratories Limited. File: 210852_2024_Orig1s000OtherActionLtrs.pdf. Reason: Safety concerns. Text excerpt: g YN U.S. FOOD & DRUG

ADMINISTRATION

NDA 210852
COMPLETE RESPONSE

Dr. Reddy’s Laboratories Limited
c/o Dr. Reddy’s Laboratories, Inc.
Attention: Jaya Lakshmi Ayyagari
Sr. Director, Regulatory Affai...",NOT US-INVESTABLE (UNVERIFIED),Dr. Reddy’s Laboratories Limited,NDA 210852
C206,"Teva Neuroscience, Inc.",,,See FDA letter,See FDA CRL letter - indication in application,2022-04-15,Efficacy + Safety,,"https://api.fda.gov/transparency/crl.json?search=company_name:""Teva Neuroscience, Inc.""",https://www.accessdata.fda.gov/scripts/cder/daf/index.cfm?event=overview.process&varApplNo=213586,Verified - FLAGGED (sponsor/equity not yet resolved),"openFDA CRL transparency API: application NDA 213586, letter date 04/15/2022, company Teva Neuroscience, Inc.. File: 213586_2024_Orig1s000OtherActionLtrs.pdf. Reason: Efficacy + Safety. Text excerpt: ¢ Py U.S. FOOD & DRUG

ADMINISTRATION

NDA 213586
COMPLETE RESPONSE

Teva Neuroscience, Inc.
Attention: Levana Volovsky
Director, Regulatory Affairs
145 Brandywine Parkway
West Chester, PA 19380

Dear...",NOT US-INVESTABLE (UNVERIFIED),"Teva Neuroscience, Inc.",NDA 213586
C207,Shilpa Medicare Limited,,,Pemetrexed Injection,See FDA CRL letter - indication in application,2022-04-14,Safety concerns,,"https://api.fda.gov/transparency/crl.json?search=company_name:""Shilpa Medicare Limited""",https://www.accessdata.fda.gov/scripts/cder/daf/index.cfm?event=overview.process&varApplNo=215179,Verified - FLAGGED (sponsor/equity not yet resolved),"openFDA CRL transparency API: application NDA 215179, letter date 04/14/2022, company Shilpa Medicare Limited. File: 215179_2024_Orig1s000OtherActionLtrs.pdf. Reason: Safety concerns. Text excerpt: g YN U.S. FOOD & DRUG

ADMINISTRATION

NDA 215179
COMPLETE RESPONSE

Shilpa Medicare Limited

Attention: Krishna Chaithanya Konagalla
Director, Regulatory Affairs

1980 S. Easton Road, Ste. 220
Doyles...",NOT US-INVESTABLE (UNVERIFIED),Shilpa Medicare Limited,NDA 215179
C208,"Hugel, Inc",,,Hugel,See FDA CRL letter - indication in application,2022-03-31,Safety concerns,,"https://api.fda.gov/transparency/crl.json?search=company_name:""Hugel, Inc""",https://www.accessdata.fda.gov/scripts/cder/daf/index.cfm?event=overview.process&varApplNo=761225,Verified - FLAGGED (sponsor/equity not yet resolved),"openFDA CRL transparency API: application BLA 761225, letter date 03/31/2022, company Hugel, Inc. File: 761225_2024_Orig1s000OtherActionLtrs.pdf. Reason: Safety concerns. Text excerpt: ADMINISTRATION

f ¢ yy U.S. FOOD & DRUG

BLA 761225
COMPLETE RESPONSE

Hugel, Inc

c/o Strategic Drug Development Services, LLC
Attention: Scott A. Oglesby, PhD

Authorized U.S. Agent for Hugel, Inc

...",NOT US-INVESTABLE (UNVERIFIED),"Hugel, Inc",BLA 761225
C209,"Akebia Therapeutics, Inc.",,,See FDA letter,See FDA CRL letter - indication in application,2022-03-29,Efficacy + Safety,,"https://api.fda.gov/transparency/crl.json?search=company_name:""Akebia Therapeutics, Inc.""",https://www.accessdata.fda.gov/scripts/cder/daf/index.cfm?event=overview.process&varApplNo=215192,Verified - FLAGGED (sponsor/equity not yet resolved),"openFDA CRL transparency API: application NDA 215192, letter date 03/29/2022, company Akebia Therapeutics, Inc.. File: 215192_2024_Orig1s000OtherActionLtrs.pdf. Reason: Efficacy + Safety. Text excerpt: g YN U.S. FOOD & DRUG

ADMINISTRATION

NDA 215192
COMPLETE RESPONSE

Akebia Therapeutics, Inc.

Attention: Debleena Sengupta, PhD, RAC
Senior Director, Regulatory Affairs

245 First Street, Suite 1400...",NOT US-INVESTABLE (UNVERIFIED),"Akebia Therapeutics, Inc.",NDA 215192
C033,"Gilead Sciences, Inc.",GILD,NASDAQ,See FDA letter,See FDA CRL letter - indication in application,2022-02-28,Efficacy + Safety,,"https://api.fda.gov/transparency/crl.json?search=company_name:""Gilead Sciences, Inc.""",https://www.accessdata.fda.gov/scripts/cder/daf/index.cfm?event=overview.process&varApplNo=215974,Verified - openFDA CRL transparency API,"openFDA CRL transparency API: application NDA 215974, letter date 02/28/2022, company Gilead Sciences, Inc.. File: 215973,215974Orig1s000OtherActionLtrs.pdf. Reason: Efficacy + Safety. Text excerpt: g YN U.S. FOOD & DRUG

ADMINISTRATION

NDA 215974
COMPLETE RESPONSE

Gilead Sciences, Inc.

Attention: Grace Gill, PharmD
Associate Director, Regulatory Affairs
333 Lakeside Drive

Foster City, CA 944...",US-LISTED,"Gilead Sciences, Inc.",NDA 215974
C034,"Gilead Sciences, Inc.",GILD,NASDAQ,See FDA letter,See FDA CRL letter - indication in application,2022-02-28,Efficacy + Safety,,"https://api.fda.gov/transparency/crl.json?search=company_name:""Gilead Sciences, Inc.""",https://www.accessdata.fda.gov/scripts/cder/daf/index.cfm?event=overview.process&varApplNo=215973,Verified - openFDA CRL transparency API,"openFDA CRL transparency API: application NDA 215973, letter date 02/28/2022, company Gilead Sciences, Inc.. File: 215973,215974Orig1s000OtherActionLtrs.pdf. Reason: Efficacy + Safety. Text excerpt: g YN U.S. FOOD & DRUG

ADMINISTRATION

NDA 215973
COMPLETE RESPONSE

Gilead Sciences, Inc.

Attention: Grace Gill, PharmD
Associate Director, Regulatory Affairs
333 Lakeside Drive

Foster City, CA 944...",US-LISTED,"Gilead Sciences, Inc.",NDA 215973
C212,Amryt Pharmaceuticals DAC,,,See FDA letter,See FDA CRL letter - indication in application,2022-02-26,Safety concerns,,"https://api.fda.gov/transparency/crl.json?search=company_name:""Amryt Pharmaceuticals DAC""",https://www.accessdata.fda.gov/scripts/cder/daf/index.cfm?event=overview.process&varApplNo=215064,Verified - FLAGGED (sponsor/equity not yet resolved),"openFDA CRL transparency API: application NDA 215064, letter date 02/26/2022, company Amryt Pharmaceuticals DAC. File: 215064_2024_Orig1s000OtherActionLtrs.pdf. Reason: Safety concerns. Text excerpt: g YN U.S. FOOD & DRUG

ADMINISTRATION

NDA 215064
COMPLETE RESPONSE

Amryt Pharmaceuticals DAC

c/o Biologics Consulting Group, Inc
Attention: Norman Baylor, PhD
President & CEO

1555 King Street Suit...",NOT US-INVESTABLE (UNVERIFIED),Amryt Pharmaceuticals DAC,NDA 215064
C213,Green Cross Corporation,,,See FDA letter,See FDA CRL letter - indication in application,2022-02-25,Efficacy + Safety,,"https://api.fda.gov/transparency/crl.json?search=company_name:""Green Cross Corporation""",https://www.accessdata.fda.gov/scripts/cder/daf/index.cfm?event=overview.process&varApplNo=125743,Verified - FLAGGED (sponsor/equity not yet resolved),"openFDA CRL transparency API: application BL 125743, letter date 02/25/2022, company Green Cross Corporation. File: CRL_BLA125743_20220225.pdf. Reason: Efficacy + Safety. Text excerpt: g fi U.S. FOOD & DRUG
‘ ADMINISTRATION

Our STN: BL 125743/0 COMPLETE RESPONSE
February 25, 2022

Green Cross Corporation

Attention: (b) (4)

Dear! (b) (4)

Please refer to your Biologics License App...",NOT US-INVESTABLE (UNVERIFIED),Green Cross Corporation,BL 125743
C214,"Shandong Luye Pharmaceutical Co., Ltd.",,,Rykindo,See FDA CRL letter - indication in application,2022-02-18,Safety concerns,,"https://api.fda.gov/transparency/crl.json?search=company_name:""Shandong Luye Pharmaceutical Co., Ltd.""",https://www.accessdata.fda.gov/scripts/cder/daf/index.cfm?event=overview.process&varApplNo=212849,Verified - FLAGGED (sponsor/equity not yet resolved),"openFDA CRL transparency API: application NDA 212849, letter date 02/18/2022, company Shandong Luye Pharmaceutical Co., Ltd.. File: 212849_2024_Orig1s000OtherActionLtrs.pdf. Reason: Safety concerns. Text excerpt: g YN U.S. FOOD & DRUG

ADMINISTRATION

NDA 212849
COMPLETE RESPONSE

Shandong Luye Pharmaceutical Co., Ltd.
Attention: Qi Cheng, PhD

Associate Director of Global Regulatory Affairs
502 Carnegie Cente...",NOT US-INVESTABLE (UNVERIFIED),"Shandong Luye Pharmaceutical Co., Ltd.",NDA 212849
C215,Mallinckrodt Pharmaceuticals Ireland Ltd,,,See FDA letter,See FDA CRL letter - indication in application,2022-02-18,Safety concerns,,"https://api.fda.gov/transparency/crl.json?search=company_name:""Mallinckrodt Pharmaceuticals Ireland Ltd""",https://www.accessdata.fda.gov/scripts/cder/daf/index.cfm?event=overview.process&varApplNo=022231,Verified - FLAGGED (sponsor/equity not yet resolved),"openFDA CRL transparency API: application NDA 022231, letter date 02/18/2022, company Mallinckrodt Pharmaceuticals Ireland Ltd. File: 022231Orig1s000OtherActionLtrs.pdf. Reason: Safety concerns. Text excerpt: ¢ YN U.S. FOOD & DRUG

ADMINISTRATION

NDA 022231
COMPLETE RESPONSE

Mallinckrodt Pharmaceuticals Ireland Ltd

c/o Mallinckrodt Hospital Products Inc.

Attention: Sheryl Raukete, B.Pharm (Hons)
Execut...",NOT US-INVESTABLE (UNVERIFIED),Mallinckrodt Pharmaceuticals Ireland Ltd,NDA 022231
C035,Pfizer Inc.,PFE,NYSE,See FDA letter,See FDA CRL letter - indication in application,2022-01-21,Efficacy + Safety,,"https://api.fda.gov/transparency/crl.json?search=company_name:""Pfizer Ireland Pharmaceuticals""",https://www.accessdata.fda.gov/scripts/cder/daf/index.cfm?event=overview.process&varApplNo=761184,Verified - openFDA CRL transparency API,"openFDA CRL transparency API: application BLA 761184, letter date 01/21/2022, company Pfizer Ireland Pharmaceuticals. File: 761184_2023_Orig1s000OtherActionLtrs.pdf. Reason: Efficacy + Safety. Text excerpt: g YN U.S. FOOD & DRUG

ADMINISTRATION

BLA 761184
COMPLETE RESPONSE

Pfizer Ireland Pharmaceuticals

C/O Pfizer Inc.

Attention: Gurunandan Mavinkurve, MS, RPh, US Agent
Director, Global Regulator Aff...",US-LISTED,Pfizer Ireland Pharmaceuticals,BLA 761184
C217,Therakind Limited,,,Jylamvo,See FDA CRL letter - indication in application,2021-12-22,Efficacy + Safety,,"https://api.fda.gov/transparency/crl.json?search=company_name:""Therakind Limited""",https://www.accessdata.fda.gov/scripts/cder/daf/index.cfm?event=overview.process&varApplNo=212479,Verified - FLAGGED (sponsor/equity not yet resolved),"openFDA CRL transparency API: application NDA 212479, letter date 12/22/2021, company Therakind Limited. File: 212479Orig1,Orig2,Orig3,Orig4s000OtherActionLtrs.pdf. Reason: Efficacy + Safety. Text excerpt: ¢ YN U.S. FOOD & DRUG

ADMINISTRATION

NDA 212479
COMPLETE RESPONSE

Therakind Limited

c/o Poppyridge LLC
22345 Bracketts Road
Shorewood, MN 55331

Attention: Dayton T. Reardan, PhD, RAC
US Agent of ...",NOT US-INVESTABLE (UNVERIFIED),Therakind Limited,NDA 212479
C036,Takeda Pharmaceutical,TAK,NYSE,Eohilia,See FDA CRL letter - indication in application,2021-12-17,Efficacy + Safety,,"https://api.fda.gov/transparency/crl.json?search=company_name:""Takeda Pharmaceuticals U.S.A., Inc.""",https://www.accessdata.fda.gov/scripts/cder/daf/index.cfm?event=overview.process&varApplNo=213976,Verified - openFDA CRL transparency API,"openFDA CRL transparency API: application NDA 213976, letter date 12/17/2021, company Takeda Pharmaceuticals U.S.A., Inc.. File: 213976_2024_Orig1s000OtherActionLtrs.pdf. Reason: Efficacy + Safety. Text excerpt: ¢ YN U.S. FOOD & DRUG

ADMINISTRATION

NDA 213976
COMPLETE RESPONSE

Takeda Pharmaceuticals U.S.A., Inc.
Attention: Matthew Wang, Pharm.D.
Director, Global Regulatory Affairs
40 Landsdowne Street

Cam...",US-LISTED (ADR),"Takeda Pharmaceuticals U.S.A., Inc.",NDA 213976
C037,Eli Lilly and Company,LLY,NYSE,Rezvoglar,See FDA CRL letter - indication in application,2021-12-17,Safety concerns,,"https://api.fda.gov/transparency/crl.json?search=company_name:""Eli Lilly and Company""",https://www.accessdata.fda.gov/scripts/cder/daf/index.cfm?event=overview.process&varApplNo=761215,Verified - openFDA CRL transparency API,"openFDA CRL transparency API: application BLA 761215/Original 2; BLA 761215, letter date 12/17/2021, company Eli Lilly and Company. File: 761215Orig2s000OtherActionLtrs.pdf. Reason: Safety concerns. Text excerpt: g YN U.S. FOOD & DRUG

ADMINISTRATION

BLA 761215/Original 2
COMPLETE RESPONSE

Eli Lilly and Company

Attention: Ingrid Hensley, PhD

Advisor, Global Regulatory Affairs- North America, Diabetes
Lilly...",US-LISTED,Eli Lilly and Company,BLA 761215/Original 2; BLA 761215
C220,Braeburn Inc.,,,See FDA letter,See FDA CRL letter - indication in application,2021-12-15,Safety concerns,,"https://api.fda.gov/transparency/crl.json?search=company_name:""Braeburn Inc.""",https://www.accessdata.fda.gov/scripts/cder/daf/index.cfm?event=overview.process&varApplNo=210136,Verified - FLAGGED (sponsor/equity not yet resolved),"openFDA CRL transparency API: application NDA 210136, letter date 12/15/2021, company Braeburn Inc.. File: 210136_2024_Orig1s000OtherActionLtrs.pdf. Reason: Safety concerns. Text excerpt: g YN U.S. FOOD & DRUG

ADMINISTRATION

NDA 210136
COMPLETE RESPONSE

Braeburn Inc.

450 Plymouth Road

Suite 400

Plymouth Meeting, PA 19462

Attention: | Susan Franks, MS
Senior Vice President of Reg...",NOT US-INVESTABLE (UNVERIFIED),Braeburn Inc.,NDA 210136
C221,"Fennec Pharmaceuticals, Inc.",,,See FDA letter,See FDA CRL letter - indication in application,2021-11-26,Safety concerns,,"https://api.fda.gov/transparency/crl.json?search=company_name:""Fennec Pharmaceuticals, Inc.""",https://www.accessdata.fda.gov/scripts/cder/daf/index.cfm?event=overview.process&varApplNo=212937,Verified - FLAGGED (sponsor/equity not yet resolved),"openFDA CRL transparency API: application NDA 212937, letter date 11/26/2021, company Fennec Pharmaceuticals, Inc.. File: 212937_2023_Orig1s000OtherActionLtrs.pdf. Reason: Safety concerns. Text excerpt: i Lk YN U.S. FOOD & DRUG

ADMINISTRATION

NDA 212937
COMPLETE RESPONSE

Fennec Pharmaceuticals, Inc.
Attention: Robert McCormack, Ph.D.
Regulatory Affairs Agent

PO Box 13628

68 T.W. Alexander Drive
...",NOT US-INVESTABLE (UNVERIFIED),"Fennec Pharmaceuticals, Inc.",NDA 212937
C222,"Celitrion, Inc.",,,See FDA letter,See FDA CRL letter - indication in application,2021-11-24,Safety concerns,,"https://api.fda.gov/transparency/crl.json?search=company_name:""Celitrion, Inc.""",https://www.accessdata.fda.gov/scripts/cder/daf/index.cfm?event=overview.process&varApplNo=761219,Verified - FLAGGED (sponsor/equity not yet resolved),"openFDA CRL transparency API: application BLA 761219, letter date 11/24/2021, company Celitrion, Inc.. File: 761219_2023_Orig1s000OtherActionLtrs.pdf. Reason: Safety concerns. Text excerpt: ¢ YN U.S. FOOD & DRUG

ADMINISTRATION

BLA 761219
COMPLETE RESPONSE

Celitrion, Inc.

c/o Parexel International
2520 Meridian Parkway
Suite 200

Durham, NC 27713

Attention: Ryan Zettle, PharmD, MBA
M...",NOT US-INVESTABLE (UNVERIFIED),"Celitrion, Inc.",BLA 761219
C223,Bio-Thera Solutions Ltd.,,,See FDA letter,See FDA CRL letter - indication in application,2021-11-19,Safety concerns,,"https://api.fda.gov/transparency/crl.json?search=company_name:""Bio-Thera Solutions Ltd.""",https://www.accessdata.fda.gov/scripts/cder/daf/index.cfm?event=overview.process&varApplNo=761198,Verified - FLAGGED (sponsor/equity not yet resolved),"openFDA CRL transparency API: application BLA 761198, letter date 11/19/2021, company Bio-Thera Solutions Ltd.. File: 761198_2024_Orig1s000OtherActionLtrs.pdf. Reason: Safety concerns. Text excerpt: g YN U.S. FOOD & DRUG

ADMINISTRATION

BLA 761198
COMPLETE RESPONSE

Bio-Thera Solutions Ltd.

Attention: Lan Mu, Ph.D., RAC

Vice President Global Regulatory Affairs
34 Vanderveer Drive

Basking Ridg...",NOT US-INVESTABLE (UNVERIFIED),Bio-Thera Solutions Ltd.,BLA 761198
C224,Santen Pharmaceutical Co. Ltd.,,TSE,Omlonti,See FDA CRL letter - indication in application,2021-11-09,Safety concerns,,"https://api.fda.gov/transparency/crl.json?search=company_name:""Santen, Inc.""",https://www.accessdata.fda.gov/scripts/cder/daf/index.cfm?event=overview.process&varApplNo=215092,Verified - FLAGGED (sponsor/equity not yet resolved),"openFDA CRL transparency API: application NDA 215092, letter date 11/09/2021, company Santen, Inc.. File: 215092_2022_Orig1s000OtherActionLtrs.pdf. Reason: Safety concerns. Text excerpt: g YN U.S. FOOD & DRUG

ADMINISTRATION

NDA 215092
COMPLETE RESPONSE

Santen, Inc.
Attention: Raul Brena, RAC
Global Regulatory Affairs Manager
6401 Hollis Street, Suite 125
Emeryville, CA 94608

Dear ...",NON-US LISTING ONLY,"Santen, Inc.",NDA 215092
C225,"Eyenovia, Inc.",,,See FDA letter,See FDA CRL letter - indication in application,2021-10-22,Safety concerns,,"https://api.fda.gov/transparency/crl.json?search=company_name:""Eyenovia, Inc.""",https://www.accessdata.fda.gov/scripts/cder/daf/index.cfm?event=overview.process&varApplNo=215352,Verified - FLAGGED (sponsor/equity not yet resolved),"openFDA CRL transparency API: application NDA 215352, letter date 10/22/2021, company Eyenovia, Inc.. File: 215352_2023_Orig1s000OtherActionLtrs.pdf. Reason: Safety concerns. Text excerpt: ADMINISTRATION

¢ YN U.S. FOOD & DRUG

NDA 215352
COMPLETE RESPONSE

Eyenovia, Inc.
Attention: Ms. Ginger Clasby

Vice President, Clinical and Regulatory Affairs
295 Madison Avenue
Suite 2400
New York...",NOT US-INVESTABLE (UNVERIFIED),"Eyenovia, Inc.",NDA 215352
C226,"Marius Pharmaceuticals, LLC",,,See FDA letter,See FDA CRL letter - indication in application,2021-10-22,Efficacy + Safety,,"https://api.fda.gov/transparency/crl.json?search=company_name:""Marius Pharmaceuticals, LLC""",https://www.accessdata.fda.gov/scripts/cder/daf/index.cfm?event=overview.process&varApplNo=213953,Verified - FLAGGED (sponsor/equity not yet resolved),"openFDA CRL transparency API: application NDA 213953, letter date 10/22/2021, company Marius Pharmaceuticals, LLC. File: 213953_2022_Orig1s000OtherActionLtrs.pdf. Reason: Efficacy + Safety. Text excerpt: g YN U.S. FOOD & DRUG

ADMINISTRATION

NDA 213953
COMPLETE RESPONSE

Marius Pharmaceuticals, LLC
Attention: Om Dhingra, CEO
8601 Six Forks Road, Suite 630
Raleigh, NC 27615

Dear Mr. Dhingra:

Please ...",NOT US-INVESTABLE (UNVERIFIED),"Marius Pharmaceuticals, LLC",NDA 213953
C227,Omeros Corporation,,,See FDA letter,See FDA CRL letter - indication in application,2021-10-15,Efficacy + Safety,,"https://api.fda.gov/transparency/crl.json?search=company_name:""Omeros Corporation""",https://www.accessdata.fda.gov/scripts/cder/daf/index.cfm?event=overview.process&varApplNo=761152,Verified - FLAGGED (sponsor/equity not yet resolved),"openFDA CRL transparency API: application BLA 761152, letter date 10/15/2021, company Omeros Corporation. File: CRL_BLA761152_20211015.pdf. Reason: Efficacy + Safety. Text excerpt: g YN U.S. FOOD & DRUG

ADMINISTRATION

BLA 761152
COMPLETE RESPONSE
Omeros Corporation
Attention: Catherine Melfi, Ph.D.
Vice President, Regulatory Affairs & Quality Systems
Chief Regulatory Officer
2...",NOT US-INVESTABLE (UNVERIFIED),Omeros Corporation,BLA 761152
C038,United Therapeutics Corporation,UTHR,NASDAQ,See FDA letter,See FDA CRL letter - indication in application,2021-10-15,Safety concerns,,"https://api.fda.gov/transparency/crl.json?search=company_name:""United Therapeutics Corp.""",https://www.accessdata.fda.gov/scripts/cder/daf/index.cfm?event=overview.process&varApplNo=214324,Verified - openFDA CRL transparency API,"openFDA CRL transparency API: application NDA 214324, letter date 10/15/2021, company United Therapeutics Corp.. File: 214324_2022_Orig1s000OtherActionLtrs.pdf. Reason: Safety concerns. Text excerpt: g YN U.S. FOOD & DRUG

ADMINISTRATION

NDA 214324
COMPLETE RESPONSE

United Therapeutics Corp.

Attention: Sarah Gemberling, PhD, RAC
Manager, Regulatory Affairs

55 TW Alexander Drive, PO Box 14186
R...",US-LISTED,United Therapeutics Corp.,NDA 214324
C229,"Revance Therapeutics, Inc.",,,See FDA letter,See FDA CRL letter - indication in application,2021-10-14,Safety concerns,,"https://api.fda.gov/transparency/crl.json?search=company_name:""Revance Therapeutics, Inc.""",https://www.accessdata.fda.gov/scripts/cder/daf/index.cfm?event=overview.process&varApplNo=761127,Verified - FLAGGED (sponsor/equity not yet resolved),"openFDA CRL transparency API: application BLA 761127, letter date 10/14/2021, company Revance Therapeutics, Inc.. File: 761127_2022_Orig1s000OtherActionLtrs.pdf. Reason: Safety concerns. Text excerpt: g YN U.S. FOOD & DRUG

ADMINISTRATION

BLA 761127
COMPLETE RESPONSE

Revance Therapeutics, Inc.

Attention: Michelle R. Frazier, PhD

Vice President Global Regulatory Affairs
7555 Gateway Boulevard

N...",NOT US-INVESTABLE (UNVERIFIED),"Revance Therapeutics, Inc.",BLA 761127
C230,Polarean Inc.,,,Xenoview,See FDA CRL letter - indication in application,2021-10-05,Safety concerns,,"https://api.fda.gov/transparency/crl.json?search=company_name:""Polarean Inc.""",https://www.accessdata.fda.gov/scripts/cder/daf/index.cfm?event=overview.process&varApplNo=214375,Verified - FLAGGED (sponsor/equity not yet resolved),"openFDA CRL transparency API: application NDA 214375, letter date 10/05/2021, company Polarean Inc.. File: 214375_2023_Orig1s000OtherActionLtrs.pdf. Reason: Safety concerns. Text excerpt: ¢ YN U.S. FOOD & DRUG

ADMINISTRATION

NDA 214375
COMPLETE RESPONSE

Polarean Inc.

Attention: Jason Mercer, PhD, RAC.
Authorized US Agent

Product Development Champion
c/o Facet Life Sciences

215 E ...",NOT US-INVESTABLE (UNVERIFIED),Polarean Inc.,NDA 214375
C231,"Laboratorios Farmaceuticos Rovi, S.A.",,,See FDA letter,See FDA CRL letter - indication in application,2021-09-24,Safety concerns,,"https://api.fda.gov/transparency/crl.json?search=company_name:""Laboratorios Farmaceuticos Rovi, S.A.""",https://www.accessdata.fda.gov/scripts/cder/daf/index.cfm?event=overview.process&varApplNo=214835,Verified - FLAGGED (sponsor/equity not yet resolved),"openFDA CRL transparency API: application NDA 214835, letter date 09/24/2021, company Laboratorios Farmaceuticos Rovi, S.A.. File: Pages from 214835Orig1s000_ORIGINAL_APPROVAL_PACKAGE.pdf. Reason: Safety concerns. Text excerpt: ¢ YN U.S. FOOD & DRUG

ADMINISTRATION

NDA 214835
COMPLETE RESPONSE

Laboratorios Farmaceuticos Rovi, S.A.

c/o PharmaLex

Attention: Nick Palmer

Senior Manager, Consulting and Scientific Affairs
170...",NOT US-INVESTABLE (UNVERIFIED),"Laboratorios Farmaceuticos Rovi, S.A.",NDA 214835
C232,Verrica Pharmaceuticals Inc.,,,See FDA letter,See FDA CRL letter - indication in application,2021-09-16,Safety concerns,,"https://api.fda.gov/transparency/crl.json?search=company_name:""Verrica Pharmaceuticals Inc.""",https://www.accessdata.fda.gov/scripts/cder/daf/index.cfm?event=overview.process&varApplNo=212905,Verified - FLAGGED (sponsor/equity not yet resolved),"openFDA CRL transparency API: application NDA 212905, letter date 09/16/2021, company Verrica Pharmaceuticals Inc.. File: 212905_2024_Orig1s000OtherActionLtrs.pdf. Reason: Safety concerns. Text excerpt: PN U.S. FOOD & DRUG

ADMINISTRATION

NDA 212905
COMPLETE RESPONSE

Verrica Pharmaceuticals Inc.

Attention: Bradley Catalone, PhD, MBA
Head of Drug Development

44 West Gay Street, Suite 400

West Che...",NOT US-INVESTABLE (UNVERIFIED),Verrica Pharmaceuticals Inc.,NDA 212905
C233,HQ Specialty Pharma Corporation,,,Meropenem,See FDA CRL letter - indication in application,2021-09-14,Safety concerns,,"https://api.fda.gov/transparency/crl.json?search=company_name:""HQ Specialty Pharma Corporation""",https://www.accessdata.fda.gov/scripts/cder/daf/index.cfm?event=overview.process&varApplNo=215212,Verified - FLAGGED (sponsor/equity not yet resolved),"openFDA CRL transparency API: application NDA 215212, letter date 09/14/2021, company HQ Specialty Pharma Corporation. File: 215212_2024_Orig1s000OtherActionLtrs.pdf. Reason: Safety concerns. Text excerpt: g YN U.S. FOOD & DRUG

ADMINISTRATION

NDA 215212
COMPLETE RESPONSE

HQ Specialty Pharma Corporation
Attention: Stephanie Boffa

Vice President Regulatory Affairs
120 Route 17 North, Suite 130
Paramus...",NOT US-INVESTABLE (UNVERIFIED),HQ Specialty Pharma Corporation,NDA 215212
C234,Zydus Worldwide DMCC,,,Sitagliptin Tablets,See FDA CRL letter - indication in application,2021-09-02,Safety concerns,,"https://api.fda.gov/transparency/crl.json?search=company_name:""Zydus Worldwide DMCC""",https://www.accessdata.fda.gov/scripts/cder/daf/index.cfm?event=overview.process&varApplNo=211566,Verified - FLAGGED (sponsor/equity not yet resolved),"openFDA CRL transparency API: application NDA 211566, letter date 09/02/2021, company Zydus Worldwide DMCC. File: 211566_2024_Orig1s000OtherActionLtrs.pdf. Reason: Safety concerns. Text excerpt: g By U.S. FOOD & DRUG

ADMINISTRATION

NDA 211566
TENTATIVE APPROVAL

Zydus Worldwide DMCC

c/o Zydus Pharmaceuticals (USA) Inc.
Attention: Srinivas Gurram

VP & Head of RA and QA — North America
73-B...",NOT US-INVESTABLE (UNVERIFIED),Zydus Worldwide DMCC,NDA 211566
C235,Zhejiang Novus Pharmaceuticals Co. Ltd.,,,Vancomycin Hydrochloride,See FDA CRL letter - indication in application,2021-08-25,Safety concerns,,"https://api.fda.gov/transparency/crl.json?search=company_name:""Zhejiang Novus Pharmaceuticals Co. Ltd.""",https://www.accessdata.fda.gov/scripts/cder/daf/index.cfm?event=overview.process&varApplNo=210274,Verified - FLAGGED (sponsor/equity not yet resolved),"openFDA CRL transparency API: application NDA 210274, letter date 08/25/2021, company Zhejiang Novus Pharmaceuticals Co. Ltd.. File: 210274_2023_Orig1s000OtherActionLtrs.pdf. Reason: Safety concerns. Text excerpt: ¢ YN U.S. FOOD & DRUG

ADMINISTRATION

NDA 210274
COMPLETE RESPONSE

Zhejiang Novus Pharmaceuticals Co. Ltd.
c/o NSF Health Sciences

Attention: Andy Papas, PhD, MBA
Vice-President and US Agent

2001 ...",NOT US-INVESTABLE (UNVERIFIED),Zhejiang Novus Pharmaceuticals Co. Ltd.,NDA 210274
C236,CellTrans Inc.,,,Donislecel,See FDA CRL letter - indication in application,2021-08-18,CMC / Facility / GMP,,"https://api.fda.gov/transparency/crl.json?search=company_name:""CellTrans Inc.""",https://www.accessdata.fda.gov/scripts/cder/daf/index.cfm?event=overview.process&varApplNo=125734,Verified - FLAGGED (sponsor/equity not yet resolved),"openFDA CRL transparency API: application BL 125734, letter date 08/18/2021, company CellTrans Inc.. File: CRL_BLA125734_20210818.pdf. Reason: CMC / Facility / GMP. Text excerpt: ¢ U.S. FOOD & DRUG
‘ma ADMINISTRATION

Our STN: BL 125734/0 COMPLETE RESPONSE
August 18, 2021

CellTrans Inc.

Attention: Jose Oberholzer, MD, MHCM, FACS
2201 W. Campbell Park Drive, Suite 23
Chicago,...",NOT US-INVESTABLE (UNVERIFIED),CellTrans Inc.,BL 125734
C237,"Kashiv BioSciences, LLC",,,See FDA letter,See FDA CRL letter - indication in application,2021-08-11,Safety concerns,,"https://api.fda.gov/transparency/crl.json?search=company_name:""Kashiv BioSciences, LLC""",https://www.accessdata.fda.gov/scripts/cder/daf/index.cfm?event=overview.process&varApplNo=761084,Verified - FLAGGED (sponsor/equity not yet resolved),"openFDA CRL transparency API: application BLA 761084, letter date 08/11/2021, company Kashiv BioSciences, LLC. File: 761084_2022_Orig1s000OtherActionLtrs.pdf. Reason: Safety concerns. Text excerpt: g YN U.S. FOOD & DRUG

ADMINISTRATION

BLA 761084
COMPLETE RESPONSE

Kashiv BioSciences, LLC

Attention: John Pakulski

Senior VP, Global Regulatory Affairs
20 New England Avenue
Piscataway, NJ 08854
...",NOT US-INVESTABLE (UNVERIFIED),"Kashiv BioSciences, LLC",BLA 761084
C238,LLC,,,See FDA letter,See FDA CRL letter - indication in application,2021-08-05,Safety concerns,,"https://api.fda.gov/transparency/crl.json?search=company_name:""LLC""",https://www.accessdata.fda.gov/scripts/cder/daf/index.cfm?event=overview.process&varApplNo=214952,Verified - FLAGGED (sponsor/equity not yet resolved),"openFDA CRL transparency API: application NDA 214952, letter date 08/05/2021, company LLC. File: 214952_2024_Orig1s000OtherActionLtrs.pdf. Reason: Safety concerns. Text excerpt: g YN U.S. FOOD & DRUG

ADMINISTRATION

NDA 214952

CMP Development

COMPLETE RESPONSE

LLC

Attention: Ellen Barkley
Regulatory Affairs Manager

P.O. Box 147

8026 US Highway 264A

Farmville, NC 2782
...",NOT US-INVESTABLE (UNVERIFIED),LLC,NDA 214952
C239,"Spectrum Pharmaceuticals, Inc.",,,See FDA letter,See FDA CRL letter - indication in application,2021-08-03,Safety concerns,,"https://api.fda.gov/transparency/crl.json?search=company_name:""Spectrum Pharmaceuticals, Inc.""",https://www.accessdata.fda.gov/scripts/cder/daf/index.cfm?event=overview.process&varApplNo=761148,Verified - FLAGGED (sponsor/equity not yet resolved),"openFDA CRL transparency API: application BLA 761148, letter date 08/03/2021, company Spectrum Pharmaceuticals, Inc.. File: 761148_2022_Orig1s000OtherActionLtrs.pdf. Reason: Safety concerns. Text excerpt: ¢ Py U.S. FOOD & DRUG

ADMINISTRATION

BLA 761148
COMPLETE RESPONSE

Spectrum Pharmaceuticals, Inc.
Attention: Anil K. Hiteshi, RAC

Vice President, Global Regulatory Affairs
157 Technology Drive

Irv...",NOT US-INVESTABLE (UNVERIFIED),"Spectrum Pharmaceuticals, Inc.",BLA 761148
C240,"Kashiv BioSciences, LLC",,,See FDA letter,See FDA CRL letter - indication in application,2021-08-02,Safety concerns,,"https://api.fda.gov/transparency/crl.json?search=company_name:""Kashiv BioSciences, LLC""",https://www.accessdata.fda.gov/scripts/cder/daf/index.cfm?event=overview.process&varApplNo=761082,Verified - FLAGGED (sponsor/equity not yet resolved),"openFDA CRL transparency API: application BLA 761082, letter date 08/02/2021, company Kashiv BioSciences, LLC. File: 761082_2022_Orig1s000OtherActionLtrs.pdf. Reason: Safety concerns. Text excerpt: (¢ Py U.S. FOOD & DRUG
a ADMINISTRATION

BLA 761082
COMPLETE RESPONSE

Kashiv BioSciences, LLC

Attention: John Pakulski

Senior VP, Global Regulatory Affairs
20 New England Avenue
Piscataway, NJ 0885...",NOT US-INVESTABLE (UNVERIFIED),"Kashiv BioSciences, LLC",BLA 761082
C241,medac Gesellschaft fur klinische Spezialpraparate mbH,,,See FDA letter,See FDA CRL letter - indication in application,2021-07-30,Efficacy + Safety,,"https://api.fda.gov/transparency/crl.json?search=company_name:""medac Gesellschaft fur klinische Spezialpraparate mbH""",https://www.accessdata.fda.gov/scripts/cder/daf/index.cfm?event=overview.process&varApplNo=214759,Verified - FLAGGED (sponsor/equity not yet resolved),"openFDA CRL transparency API: application NDA 214759, letter date 07/30/2021, company medac Gesellschaft fur klinische Spezialpraparate mbH. File: 214759_2025_Orig1s000OtherActionLtrs.pdf. Reason: Efficacy + Safety. Text excerpt: g YN U.S. FOOD & DRUG

ADMINISTRATION

NDA 214759
COMPLETE RESPONSE

medac Gesellschaft fur klinische Spezialpraparate mbH

c/o Clinipace Inc.

Attention: Frank Schmidberger

US Agent, Senior Manager,...",NOT US-INVESTABLE (UNVERIFIED),medac Gesellschaft fur klinische Spezialpraparate mbH,NDA 214759
C242,"Ardelyx, Inc.",,,See FDA letter,See FDA CRL letter - indication in application,2021-07-28,Efficacy + Safety,,"https://api.fda.gov/transparency/crl.json?search=company_name:""Ardelyx, Inc.""",https://www.accessdata.fda.gov/scripts/cder/daf/index.cfm?event=overview.process&varApplNo=213931,Verified - FLAGGED (sponsor/equity not yet resolved),"openFDA CRL transparency API: application NDA 213931, letter date 07/28/2021, company Ardelyx, Inc.. File: 213931_2024_Orig1s000OtherActionLtrs.pdf. Reason: Efficacy + Safety. Text excerpt: g YN U.S. FOOD & DRUG

ADMINISTRATION

NDA 213931
COMPLETE RESPONSE

Ardelyx, Inc.

Attention: Robert C. Blanks, MS, RAC
Chief Regulatory and Quality Officer
34175 Ardenwood Blvd.

Fremont, CA 94555

...",NOT US-INVESTABLE (UNVERIFIED),"Ardelyx, Inc.",NDA 213931
C243,lterum Therapeutics U.S. Ltd.,,,See FDA letter,See FDA CRL letter - indication in application,2021-07-23,Safety concerns,,"https://api.fda.gov/transparency/crl.json?search=company_name:""lterum Therapeutics U.S. Ltd.""",https://www.accessdata.fda.gov/scripts/cder/daf/index.cfm?event=overview.process&varApplNo=213972,Verified - FLAGGED (sponsor/equity not yet resolved),"openFDA CRL transparency API: application NDA 213972, letter date 07/23/2021, company lterum Therapeutics U.S. Ltd.. File: 213972_2024_Orig1s000OtherActionLtrs.pdf. Reason: Safety concerns. Text excerpt: iPyN U.S. FOOD & DRUG

ADMINISTRATION

NDA 213972
COMPLETE RESPONSE

lterum Therapeutics U.S. Ltd.

c/o Iterum Therapeutics Ltd. USA

Attention: Steven |. Aronin, M.D.

Senior Vice President and Head ...",NOT US-INVESTABLE (UNVERIFIED),lterum Therapeutics U.S. Ltd.,NDA 213972
C244,"Provention Bio, Inc.",,,See FDA letter,See FDA CRL letter - indication in application,2021-07-02,Efficacy + Safety,,"https://api.fda.gov/transparency/crl.json?search=company_name:""Provention Bio, Inc.""",https://www.accessdata.fda.gov/scripts/cder/daf/index.cfm?event=overview.process&varApplNo=761183,Verified - FLAGGED (sponsor/equity not yet resolved),"openFDA CRL transparency API: application BLA 761183, letter date 07/02/2021, company Provention Bio, Inc.. File: 761183_2023_Orig1s000OtherActionLtrs.pdf. Reason: Efficacy + Safety. Text excerpt: ¢ Py U.S. FOOD & DRUG

ADMINISTRATION

BLA 761183
COMPLETE RESPONSE

Provention Bio, Inc.

Attention: Sharon Rowland, PhD, RAC
SVP Regulatory Affairs

308 Foster Knoll Drive

Joppa, MD 21085

Dear Dr....",NOT US-INVESTABLE (UNVERIFIED),"Provention Bio, Inc.",BLA 761183
C245,"MediWound, Ltd.",,,See FDA letter,See FDA CRL letter - indication in application,2021-06-25,Efficacy + Safety,,"https://api.fda.gov/transparency/crl.json?search=company_name:""MediWound, Ltd.""",https://www.accessdata.fda.gov/scripts/cder/daf/index.cfm?event=overview.process&varApplNo=761192,Verified - FLAGGED (sponsor/equity not yet resolved),"openFDA CRL transparency API: application BLA 761192, letter date 06/25/2021, company MediWound, Ltd.. File: 761192_2023_Orig1s000OtherActionLtrs.pdf. Reason: Efficacy + Safety. Text excerpt: ¢ Py U.S. FOOD & DRUG

ADMINISTRATION

BLA 761192
COMPLETE RESPONSE

MediWound, Ltd.

c/o Vericel Corporation
Attention: Michael Halpin
Chief Operating Officer
64 Sidney Street
Cambridge, MA 02139

De...",NOT US-INVESTABLE (UNVERIFIED),"MediWound, Ltd.",BLA 761192
C246,Cyclomedica Australia Pty Ltd.,,,Technegas,See FDA CRL letter - indication in application,2021-06-25,Safety concerns,,"https://api.fda.gov/transparency/crl.json?search=company_name:""Cyclomedica Australia Pty Ltd.""",https://www.accessdata.fda.gov/scripts/cder/daf/index.cfm?event=overview.process&varApplNo=022335,Verified - FLAGGED (sponsor/equity not yet resolved),"openFDA CRL transparency API: application NDA 022335, letter date 06/25/2021, company Cyclomedica Australia Pty Ltd.. File: 022335Orig1s000OtherActionLtrs.pdf. Reason: Safety concerns. Text excerpt: iPyN U.S. FOOD & DRUG

ADMINISTRATION

NDA 022335
COMPLETE RESPONSE

Cyclomedica Australia Pty Ltd.
Attention: Karen Wolfe-Kerker,

Vice President, Regulatory Affairs
Certus International, Inc

1422 E...",NOT US-INVESTABLE (UNVERIFIED),Cyclomedica Australia Pty Ltd.,NDA 022335
C247,Shilpa Medicare Limited,,,Pemetrexed Injection,See FDA CRL letter - indication in application,2021-06-24,Safety concerns,,"https://api.fda.gov/transparency/crl.json?search=company_name:""Shilpa Medicare Limited""",https://www.accessdata.fda.gov/scripts/cder/daf/index.cfm?event=overview.process&varApplNo=215179,Verified - FLAGGED (sponsor/equity not yet resolved),"openFDA CRL transparency API: application NDA 215179, letter date 06/24/2021, company Shilpa Medicare Limited. File: 215179_2024_Orig1s000OtherActionLtrs.pdf. Reason: Safety concerns. Text excerpt: g YN U.S. FOOD & DRUG

ADMINISTRATION

NDA 215179
COMPLETE RESPONSE

Shilpa Medicare Limited

C/O Shilpa Pharma Inc.

Attention: Krishna Chaithanya Konagalla
Director-Regulatory Affairs

1980 South Ea...",NOT US-INVESTABLE (UNVERIFIED),Shilpa Medicare Limited,NDA 215179
C248,Orphazyme A/S,,,See FDA letter,See FDA CRL letter - indication in application,2021-06-17,Efficacy + Safety,,"https://api.fda.gov/transparency/crl.json?search=company_name:""Orphazyme A/S""",https://www.accessdata.fda.gov/scripts/cder/daf/index.cfm?event=overview.process&varApplNo=214927,Verified - FLAGGED (sponsor/equity not yet resolved),"openFDA CRL transparency API: application NDA 214927, letter date 06/17/2021, company Orphazyme A/S. File: 214927_2024_Orig1s000OtherActionLtrs.pdf. Reason: Efficacy + Safety. Text excerpt: a SERVIC,
” Gy

SERVICES

j 4 DEPARTMENT OF HEALTH & HUMAN Public Health Service

Food and Drug Administration
Rockville, MD 20857

NDA 214927
COMPLETE RESPONSE

Orphazyme A/S

c/o Orphazyme US Inc.

...",NOT US-INVESTABLE (UNVERIFIED),Orphazyme A/S,NDA 214927
C249,"Nevakar, Inc.",,,Norepinephrine Bitartrate,See FDA CRL letter - indication in application,2021-06-14,Safety concerns,,"https://api.fda.gov/transparency/crl.json?search=company_name:""Nevakar, Inc.""",https://www.accessdata.fda.gov/scripts/cder/daf/index.cfm?event=overview.process&varApplNo=214628,Verified - FLAGGED (sponsor/equity not yet resolved),"openFDA CRL transparency API: application NDA 214628, letter date 06/14/2021, company Nevakar, Inc.. File: 214628_2022_Orig1s000OtherActionLtrs.pdf. Reason: Safety concerns. Text excerpt: g U.S. FOOD & DRUG
SS ADMINISTRATION

NDA 214628
COMPLETE RESPONSE

Nevakar, Inc.

Attention: Elizabeth da Silva, PhD
Senior Vice President, Regulatory Affairs
NJ Center of Excellence

1019 US Highway...",NOT US-INVESTABLE (UNVERIFIED),"Nevakar, Inc.",NDA 214628
C250,Azurity Pharmaceuticals Inc.,,,Zonisade,See FDA CRL letter - indication in application,2021-05-28,Safety concerns,,"https://api.fda.gov/transparency/crl.json?search=company_name:""Azurity Pharmaceuticals, Inc.""",https://www.accessdata.fda.gov/scripts/cder/daf/index.cfm?event=overview.process&varApplNo=214273,Verified - FLAGGED (sponsor/equity not yet resolved),"openFDA CRL transparency API: application NDA 214273, letter date 05/28/2021, company Azurity Pharmaceuticals, Inc.. File: 214273_2023_Orig1s000OtherActionLtrs.pdf. Reason: Safety concerns. Text excerpt: g YN U.S. FOOD & DRUG

ADMINISTRATION

NDA 214273
COMPLETE RESPONSE

Azurity Pharmaceuticals, Inc.

Attention: Bharathi Devarakonda, Ph.D., RAC

Senior Vice President, Product Development & Regulatory...",PRIVATE / NO EQUITY,"Azurity Pharmaceuticals, Inc.",NDA 214273
C251,"Tanvex BioPharma USA, Inc.",,,See FDA letter,See FDA CRL letter - indication in application,2021-05-20,Safety concerns,,"https://api.fda.gov/transparency/crl.json?search=company_name:""Tanvex BioPharma USA, Inc.""",https://www.accessdata.fda.gov/scripts/cder/daf/index.cfm?event=overview.process&varApplNo=761126,Verified - FLAGGED (sponsor/equity not yet resolved),"openFDA CRL transparency API: application BLA 761126, letter date 05/20/2021, company Tanvex BioPharma USA, Inc.. File: 761126_2025_Orig1s000OtherActionLtrs.pdf. Reason: Safety concerns. Text excerpt: g YN U.S. FOOD & DRUG

ADMINISTRATION

BLA 761126
COMPLETE RESPONSE

Tanvex BioPharma USA, Inc.

Attention: Bonnie J. Mills, PhD

Vice-President, Clinical Development & Regulatory Affairs
2030 Main St...",NOT US-INVESTABLE (UNVERIFIED),"Tanvex BioPharma USA, Inc.",BLA 761126
C252,"Accord Healthcare, Inc.",,,Carmustine,See FDA CRL letter - indication in application,2021-04-30,Safety concerns,,"https://api.fda.gov/transparency/crl.json?search=company_name:""Accord Healthcare, Inc.""",https://www.accessdata.fda.gov/scripts/cder/daf/index.cfm?event=overview.process&varApplNo=215000,Verified - FLAGGED (sponsor/equity not yet resolved),"openFDA CRL transparency API: application NDA 215000, letter date 04/30/2021, company Accord Healthcare, Inc.. File: 215000_2022_Orig1s000OtherActionLtrs.pdf. Reason: Safety concerns. Text excerpt: ¢ EY U.S. FOOD & DRUG

ADMINISTRATION
Non

NDA 215000
COMPLETE RESPONSE

Accord Healthcare, Inc.

Attention: Sabita Nair, RAC, ASQ-CPGP
Vice President, Regulatory Affairs

1009 Slater Road, Suite 210-...",NOT US-INVESTABLE (UNVERIFIED),"Accord Healthcare, Inc.",NDA 215000
C253,Baxter Healthcare Corporation,,,Injection,See FDA CRL letter - indication in application,2021-04-29,Safety concerns,,"https://api.fda.gov/transparency/crl.json?search=company_name:""Baxter Healthcare Corporation""",https://www.accessdata.fda.gov/scripts/cder/daf/index.cfm?event=overview.process&varApplNo=213645,Verified - FLAGGED (sponsor/equity not yet resolved),"openFDA CRL transparency API: application NDA 213645, letter date 04/29/2021, company Baxter Healthcare Corporation. File: 213645_2022_Orig1s000OtherActionLtrs.pdf. Reason: Safety concerns. Text excerpt: g fy U.S. FOOD & DRUG

“wl ADMINISTRATION

NDA 213645
COMPLETE RESPONSE

Baxter Healthcare Corporation
Attention: Hiren Gadhiya, RAC
Manager, Global Regulatory Affairs
1 Baxter Parkway

Deerfield, IL ...",NOT US-INVESTABLE (UNVERIFIED),Baxter Healthcare Corporation,NDA 213645
C254,Chiesi Farmaceutici S.p.A.,,,See FDA letter,See FDA CRL letter - indication in application,2021-04-27,Safety concerns,,"https://api.fda.gov/transparency/crl.json?search=company_name:""Chiesi USA""",https://www.accessdata.fda.gov/scripts/cder/daf/index.cfm?event=overview.process&varApplNo=761161,Verified - FLAGGED (sponsor/equity not yet resolved),"openFDA CRL transparency API: application BLA 761161, letter date 04/27/2021, company Chiesi USA. File: 761161_2023_Orig1s000OtherActionLtrs.pdf. Reason: Safety concerns. Text excerpt: m4 YN U.S. FOOD & DRUG

ADMINISTRATION

BLA 761161
COMPLETE RESPONSE

Chiesi USA

Attention: Matt Medlin, PhD, RAC

Sr. Manager, US Regulatory Affairs R&D
175 Regency Woods Place, Suite 600
Cary, NC 2...",PRIVATE / NO EQUITY,Chiesi USA,BLA 761161
C255,LEO Pharma A/S,,,See FDA letter,See FDA CRL letter - indication in application,2021-04-23,Safety concerns,,"https://api.fda.gov/transparency/crl.json?search=company_name:""LEO Pharma A/S""",https://www.accessdata.fda.gov/scripts/cder/daf/index.cfm?event=overview.process&varApplNo=761180,Verified - FLAGGED (sponsor/equity not yet resolved),"openFDA CRL transparency API: application BLA 761180, letter date 04/23/2021, company LEO Pharma A/S. File: 761180_2022_Orig1s000OtherActionLtrs.pdf. Reason: Safety concerns. Text excerpt: ¢ RYN U.S. FOOD & DRUG

ADMINISTRATION

BLA 761180
COMPLETE RESPONSE

LEO Pharma A/S

c/o LEO Pharma Inc.

Attention: Encarnacion Suarez, PharmD
Senior Director, US Regulatory Affairs

7 Girlada Farms...",NOT US-INVESTABLE (UNVERIFIED),LEO Pharma A/S,BLA 761180
C256,CMP Development LLC,,,See FDA letter,See FDA CRL letter - indication in application,2021-04-22,Safety concerns,,"https://api.fda.gov/transparency/crl.json?search=company_name:""CMP Development LLC""",https://www.accessdata.fda.gov/scripts/cder/daf/index.cfm?event=overview.process&varApplNo=214439,Verified - FLAGGED (sponsor/equity not yet resolved),"openFDA CRL transparency API: application NDA 214439, letter date 04/22/2021, company CMP Development LLC. File: 214439_2022_Orig1s000OtherActionLtrs.pdf. Reason: Safety concerns. Text excerpt: ¢ YN U.S. FOOD & DRUG

ADMINISTRATION

NDA 214439
COMPLETE RESPONSE

CMP Development LLC
Attention: Ellen Barkley
Regulatory Affairs Manager
P.O. Box 147

8026 US Highway 264A
Farmville, NC 27828

Dea...",NOT US-INVESTABLE (UNVERIFIED),CMP Development LLC,NDA 214439
C257,PharmaEssentia Corporation,,,See FDA letter,See FDA CRL letter - indication in application,2021-03-12,Safety concerns,,"https://api.fda.gov/transparency/crl.json?search=company_name:""PharmaEssentia Corporation""",https://www.accessdata.fda.gov/scripts/cder/daf/index.cfm?event=overview.process&varApplNo=761166,Verified - FLAGGED (sponsor/equity not yet resolved),"openFDA CRL transparency API: application BLA 761166, letter date 03/12/2021, company PharmaEssentia Corporation. File: 761166_2021_Orig1s000OtherActionLtrs.pdf. Reason: Safety concerns. Text excerpt: C ee U.S. FOOD & DRUG

ADMINISTRATION

BLA 761166
COMPLETE RESPONSE

PharmaEssentia Corporation

Attention: Craig Zimmerman, PhD

Vice President Medical and Drug Development
35 Corporate Drive, Suite ...",NOT US-INVESTABLE (UNVERIFIED),PharmaEssentia Corporation,BLA 761166
C258,CorMedix Inc.,,,Defencath,See FDA CRL letter - indication in application,2021-02-26,Safety concerns,,"https://api.fda.gov/transparency/crl.json?search=company_name:""CorMedix Inc.""",https://www.accessdata.fda.gov/scripts/cder/daf/index.cfm?event=overview.process&varApplNo=214520,Verified - FLAGGED (sponsor/equity not yet resolved),"openFDA CRL transparency API: application NDA 214520, letter date 02/26/2021, company CorMedix Inc.. File: 214520_2023_Orig1s000OtherActionLtrs.pdf. Reason: Safety concerns. Text excerpt: ¢ YN U.S. FOOD & DRUG

ADMINISTRATION

NDA 214520
COMPLETE RESPONSE

CorMedix Inc.

Attention: Phoebe Mounts, PhD, Esq.
Executive Vice President and General Counsel
5825 Bellanca Drive

Elkridge, MD 2...",NOT US-INVESTABLE (UNVERIFIED),CorMedix Inc.,NDA 214520
C259,CMP Development LLC,,,See FDA letter,See FDA CRL letter - indication in application,2021-02-23,Safety concerns,,"https://api.fda.gov/transparency/crl.json?search=company_name:""CMP Development LLC""",https://www.accessdata.fda.gov/scripts/cder/daf/index.cfm?event=overview.process&varApplNo=214522,Verified - FLAGGED (sponsor/equity not yet resolved),"openFDA CRL transparency API: application NDA 214522, letter date 02/23/2021, company CMP Development LLC. File: 214522_2023_Orig1s000OtherActionLtrs.pdf. Reason: Safety concerns. Text excerpt: ADMINISTRATION

i Lk YN U.S. FOOD & DRUG

NDA 214522

COMPLETE RESPONSE

CMP Development LLC
Attention: Ellen Barkley
Regulatory Affairs Manager
P.O. Box 147

8026 US Highway 264A
Farmville, NC 27828
...",NOT US-INVESTABLE (UNVERIFIED),CMP Development LLC,NDA 214522
C260,Novitium Pharma LLC,,,Hydroxychloroquine Sulfate Tablets,See FDA CRL letter - indication in application,2021-02-12,Safety concerns,,"https://api.fda.gov/transparency/crl.json?search=company_name:""Novitium Pharma LLC""",https://www.accessdata.fda.gov/scripts/cder/daf/index.cfm?event=overview.process&varApplNo=214581,Verified - FLAGGED (sponsor/equity not yet resolved),"openFDA CRL transparency API: application NDA 214581, letter date 02/12/2021, company Novitium Pharma LLC. File: 214581_2022_Orig1s000OtherActionLtrs.pdf. Reason: Safety concerns. Text excerpt: ¢ EY U.S. FOOD & DRUG

ADMINISTRATION
ne

NDA214581
COMPLETE RESPONSE

Novitium Pharma LLC
70 Lake Drive
East Windsor, NJ 08520

Attention: Muthusamy Shanmugam
Founder and President

Dear Mr. Shanmuga...",NOT US-INVESTABLE (UNVERIFIED),Novitium Pharma LLC,NDA 214581
C261,Azurity Pharmaceuticals Inc.,,,See FDA letter,See FDA CRL letter - indication in application,2021-01-28,Safety concerns,,"https://api.fda.gov/transparency/crl.json?search=company_name:""Azurity Pharmaceuticals, Inc.""",https://www.accessdata.fda.gov/scripts/cder/daf/index.cfm?event=overview.process&varApplNo=213593,Verified - FLAGGED (sponsor/equity not yet resolved),"openFDA CRL transparency API: application NDA 213593, letter date 01/28/2021, company Azurity Pharmaceuticals, Inc.. File: 213593_2023_Orig1s000OtherActionLtrs.pdf. Reason: Safety concerns. Text excerpt: g YN U.S. FOOD & DRUG

ADMINISTRATION

NDA 213593
COMPLETE RESPONSE

Azurity Pharmaceuticals, Inc.
Attention: Michael C. Beckloff
Chief Development Officer
7300 W. 110"" St, Ste 950
Overland Park, KS 6...",PRIVATE / NO EQUITY,"Azurity Pharmaceuticals, Inc.",NDA 213593
C262,"Emory Partners, LLC",,,Dyanavel,See FDA CRL letter - indication in application,2021-01-21,Safety concerns,,"https://api.fda.gov/transparency/crl.json?search=company_name:""Emory Partners, LLC""",https://www.accessdata.fda.gov/scripts/cder/daf/index.cfm?event=overview.process&varApplNo=210526,Verified - FLAGGED (sponsor/equity not yet resolved),"openFDA CRL transparency API: application NDA 210526, letter date 01/21/2021, company Emory Partners, LLC. File: 210526_2022_Orig1s000OtherActionLtrs.pdf. Reason: Safety concerns. Text excerpt: C ee U.S. FOOD & DRUG

ADMINISTRATION

NDA 210526
COMPLETE RESPONSE

Emory Partners, LLC
Attention: Norma J. Cappetti
Regulatory Agent

2031 Route 130

Monmouth Junction, NJ 08852

Dear Ms. Cappetti:
...",NOT US-INVESTABLE (UNVERIFIED),"Emory Partners, LLC",NDA 210526
C263,HQ Specialty Pharma Corporation,,,Cefazolin,See FDA CRL letter - indication in application,2021-01-08,Safety concerns,,"https://api.fda.gov/transparency/crl.json?search=company_name:""HQ Specialty Pharma Corporation""",https://www.accessdata.fda.gov/scripts/cder/daf/index.cfm?event=overview.process&varApplNo=211413,Verified - FLAGGED (sponsor/equity not yet resolved),"openFDA CRL transparency API: application NDA 211413, letter date 01/08/2021, company HQ Specialty Pharma Corporation. File: 211413_2024_Orig1s000OtherActionLtrs.pdf. Reason: Safety concerns. Text excerpt: g YN U.S. FOOD & DRUG

ADMINISTRATION

NDA 211413
COMPLETE RESPONSE

HQ Specialty Pharma Corporation
Attention: Stephanie Boffa

Vice President Regulatory

120 Route 17 North, Suite 130
Paramus, NJ 07...",NOT US-INVESTABLE (UNVERIFIED),HQ Specialty Pharma Corporation,NDA 211413
C264,"Kashiv BioSciences, LLC",,,See FDA letter,See FDA CRL letter - indication in application,2020-12-22,Safety concerns,,"https://api.fda.gov/transparency/crl.json?search=company_name:""Kashiv BioSciences, LLC""",https://www.accessdata.fda.gov/scripts/cder/daf/index.cfm?event=overview.process&varApplNo=761082,Verified - FLAGGED (sponsor/equity not yet resolved),"openFDA CRL transparency API: application BLA 761082, letter date 12/22/2020, company Kashiv BioSciences, LLC. File: 761082_2022_Orig1s000OtherActionLtrs.pdf. Reason: Safety concerns. Text excerpt: g fy U.S. FOOD & DRUG
a ADMINISTRATION

BLA 761082
COMPLETE RESPONSE

Kashiv BioSciences, LLC

Attention: John Pakulski

Senior VP, Global Regulatory Affairs
20 New England Avenue
Piscataway, NJ 08854...",NOT US-INVESTABLE (UNVERIFIED),"Kashiv BioSciences, LLC",BLA 761082
C265,InnoPharma Licensing LLC,,,Acetaminophen Injection,See FDA CRL letter - indication in application,2020-12-22,Safety concerns,,"https://api.fda.gov/transparency/crl.json?search=company_name:""InnoPharma Licensing LLC""",https://www.accessdata.fda.gov/scripts/cder/daf/index.cfm?event=overview.process&varApplNo=206968,Verified - FLAGGED (sponsor/equity not yet resolved),"openFDA CRL transparency API: application NDA 206968, letter date 12/22/2020, company InnoPharma Licensing LLC. File: 206968_2023_Orig1s000OtherActionLtrs.pdf. Reason: Safety concerns. Text excerpt: g YN U.S. FOOD & DRUG

ADMINISTRATION

NDA 206968
COMPLETE RESPONSE

InnoPharma Licensing LLC
275 North Field Dr

Bldg H1-3S

Lake Forest, IL 60045

Attention: Arman Nolledo
Manager, Regulatory Affair...",NOT US-INVESTABLE (UNVERIFIED),InnoPharma Licensing LLC,NDA 206968
C039,Novartis AG,NVS,NYSE,See FDA letter,See FDA CRL letter - indication in application,2020-12-18,Safety concerns,,"https://api.fda.gov/transparency/crl.json?search=company_name:""Novartis Pharmaceuticals Corporation""",https://www.accessdata.fda.gov/scripts/cder/daf/index.cfm?event=overview.process&varApplNo=214012,Verified - openFDA CRL transparency API,"openFDA CRL transparency API: application NDA 214012, letter date 12/18/2020, company Novartis Pharmaceuticals Corporation. File: 214012_2022_Orig1s000OtherActionLtrs.pdf. Reason: Safety concerns. Text excerpt: iPyN U.S. FOOD & DRUG

ADMINISTRATION

NDA 214012
COMPLETE RESPONSE

Novartis Pharmaceuticals Corporation
Attention: Andrew Friedman, PharmD
Senior VP, Regulatory Affairs

One Health Plaza

East Hanov...",US-LISTED (ADR),Novartis Pharmaceuticals Corporation,NDA 214012
C267,"scPharmaceuticals Services, Inc",,,Furoscix,See FDA CRL letter - indication in application,2020-12-03,Efficacy + Safety,,"https://api.fda.gov/transparency/crl.json?search=company_name:""scPharmaceuticals Services, Inc""",https://www.accessdata.fda.gov/scripts/cder/daf/index.cfm?event=overview.process&varApplNo=209988,Verified - FLAGGED (sponsor/equity not yet resolved),"openFDA CRL transparency API: application NDA 209988, letter date 12/03/2020, company scPharmaceuticals Services, Inc. File: 209988_2023_Orig1s000OtherActionLtrs.pdf. Reason: Efficacy + Safety. Text excerpt: g YN U.S. FOOD & DRUG

ADMINISTRATION

NDA 209988
COMPLETE RESPONSE

scPharmaceuticals Services, Inc

Attention: Eric Kendig, PhD

Director, Regulatory Strategy

c/o: Camargo Pharmaceuticals Services,...",NOT US-INVESTABLE (UNVERIFIED),"scPharmaceuticals Services, Inc",NDA 209988
C268,Braeburn Inc.,,,See FDA letter,See FDA CRL letter - indication in application,2020-12-01,Safety concerns,,"https://api.fda.gov/transparency/crl.json?search=company_name:""Braeburn Inc.""",https://www.accessdata.fda.gov/scripts/cder/daf/index.cfm?event=overview.process&varApplNo=210136,Verified - FLAGGED (sponsor/equity not yet resolved),"openFDA CRL transparency API: application NDA 210136, letter date 12/01/2020, company Braeburn Inc.. File: 210136_2024_Orig1s000OtherActionLtrs.pdf. Reason: Safety concerns. Text excerpt: i 4 Py U.S. FOOD & DRUG

ADMINISTRATION

NDA 210136
COMPLETE RESPONSE

Braeburn Inc.
450 Plymouth Road, Suite 400
Plymouth Meeting, PA 19462-1644

Attention: | Susan Franks, MS
Senior Vice President, ...",NOT US-INVESTABLE (UNVERIFIED),Braeburn Inc.,NDA 210136
C269,Zhejiang Novus Pharmaceuticals Co. Ltd.,,,Vancomycin Hydrochloride,See FDA CRL letter - indication in application,2020-11-27,Safety concerns,,"https://api.fda.gov/transparency/crl.json?search=company_name:""Zhejiang Novus Pharmaceuticals Co. Ltd.""",https://www.accessdata.fda.gov/scripts/cder/daf/index.cfm?event=overview.process&varApplNo=210274,Verified - FLAGGED (sponsor/equity not yet resolved),"openFDA CRL transparency API: application NDA 210274, letter date 11/27/2020, company Zhejiang Novus Pharmaceuticals Co. Ltd.. File: 210274_2023_Orig1s000OtherActionLtrs.pdf. Reason: Safety concerns. Text excerpt: U.S. FOOD & DRUG

ADMINISTRATION

NDA 210274
COMPLETE RESPONSE

Zhejiang Novus Pharmaceuticals Co. Ltd.
c/o NSF Health Sciences

Attention: Andy Papas, PhD, MBA
Vice-President, Regulatory Affairs

200...",NOT US-INVESTABLE (UNVERIFIED),Zhejiang Novus Pharmaceuticals Co. Ltd.,NDA 210274
C270,Roche Holding AG,,SIX,See FDA letter,See FDA CRL letter - indication in application,2020-11-23,Efficacy + Safety,,"https://api.fda.gov/transparency/crl.json?search=company_name:""Genentech, Incorporated""",https://www.accessdata.fda.gov/scripts/cder/daf/index.cfm?event=overview.process&varApplNo=210854/S-09,Verified - FLAGGED (sponsor/equity not yet resolved),"openFDA CRL transparency API: application NDA 214410/Original 2; NDA 210854/S-05; NDA 210854/S-09, letter date 11/23/2020, company Genentech, Incorporated. File: 214410Orig2s000OtherActionLtrs.pdf. Reason: Efficacy + Safety. Text excerpt: ¢ YN U.S. FOOD & DRUG

ADMINISTRATION

NDA 214410/Original 2
NDA 210854/S-05
NDA 210854/S-09
COMPLETE RESPONSE

Genentech, Incorporated

Attention: Sabina Zimmerman, PhD
US Regulatory Lead

1 DNA Way
...",NON-US LISTING ONLY,"Genentech, Incorporated",NDA 214410/Original 2; NDA 210854/S-05; NDA 210854/S-09
C271,"Alkermes, Inc.",,,Lybalvi,See FDA CRL letter - indication in application,2020-11-13,Safety concerns,,"https://api.fda.gov/transparency/crl.json?search=company_name:""Alkermes, Inc.""",https://www.accessdata.fda.gov/scripts/cder/daf/index.cfm?event=overview.process&varApplNo=2,Verified - FLAGGED (sponsor/equity not yet resolved),"openFDA CRL transparency API: application NDA 213378/Original 1; NDA 213378/Original 2, letter date 11/13/2020, company Alkermes, Inc.. File: 213378Orig1Orig2s000OtherActionLtrs.pdf. Reason: Safety concerns. Text excerpt: iPyN U.S. FOOD & DRUG

ADMINISTRATION

NDA 213378/Original 1
NDA 213378/Original 2
COMPLETE RESPONSE

Alkermes, Inc.

Attention: Lauren DiPetrillo, PhD
Director, Regulatory Affairs

852 Winter Street
...",NOT US-INVESTABLE (UNVERIFIED),"Alkermes, Inc.",NDA 213378/Original 1; NDA 213378/Original 2
C272,Adamis Pharmaceuticals Corporation,,,Naloxone,See FDA CRL letter - indication in application,2020-11-13,Safety concerns,,"https://api.fda.gov/transparency/crl.json?search=company_name:""Adamis Pharmaceuticals Corporation""",https://www.accessdata.fda.gov/scripts/cder/daf/index.cfm?event=overview.process&varApplNo=212854,Verified - FLAGGED (sponsor/equity not yet resolved),"openFDA CRL transparency API: application NDA 212854, letter date 11/13/2020, company Adamis Pharmaceuticals Corporation. File: 212854_2022_Orig1s000OtherActionLtrs.pdf. Reason: Safety concerns. Text excerpt: g YN U.S. FOOD & DRUG

ADMINISTRATION

NDA 212854
COMPLETE RESPONSE

Adamis Pharmaceuticals Corporation
c/o Target Health LLC

261 Madison Avenue, 24"" fir.

New York, NY 10016

Attention: | Adam Harri...",NOT US-INVESTABLE (UNVERIFIED),Adamis Pharmaceuticals Corporation,NDA 212854
C273,"Bioverativ USA, Inc.",,,See FDA letter,See FDA CRL letter - indication in application,2020-11-13,Safety concerns,,"https://api.fda.gov/transparency/crl.json?search=company_name:""Bioverativ USA, Inc.""",https://www.accessdata.fda.gov/scripts/cder/daf/index.cfm?event=overview.process&varApplNo=761164,Verified - FLAGGED (sponsor/equity not yet resolved),"openFDA CRL transparency API: application BLA 761164, letter date 11/13/2020, company Bioverativ USA, Inc.. File: 761164_2022_Orig1s000OtherActionLtrs.pdf. Reason: Safety concerns. Text excerpt: m4 YN U.S. FOOD & DRUG

ADMINISTRATION

BLA 761164
COMPLETE RESPONSE

Bioverativ USA, Inc.

Attention: Cristina Di Ramio, PharmD, RPh
Global Regulatory Team Lead

225 Second Ave

Waltham, MA 02451

De...",NOT US-INVESTABLE (UNVERIFIED),"Bioverativ USA, Inc.",BLA 761164
C040,Sanofi,SNY,NASDAQ,Fexinidazole,See FDA CRL letter - indication in application,2020-11-12,Safety concerns,,"https://api.fda.gov/transparency/crl.json?search=company_name:""sanofi-aventis U.S. LLC""",https://www.accessdata.fda.gov/scripts/cder/daf/index.cfm?event=overview.process&varApplNo=214429,Verified - openFDA CRL transparency API,"openFDA CRL transparency API: application NDA 214429, letter date 11/12/2020, company sanofi-aventis U.S. LLC. File: 214429_2021_Orig1s000OtherActionLtrs.pdf. Reason: Safety concerns. Text excerpt: ¢ YN U.S. FOOD & DRUG

ADMINISTRATION

NDA 214429
COMPLETE RESPONSE

sanofi-aventis U.S. LLC

A SANOFI COMPANY

Attention: Michael Macalush, MS

Director, North America and Global Regulatory Affairs
5...",US-LISTED (ADR),sanofi-aventis U.S. LLC,NDA 214429
C275,"Supernus Pharmaceuticals, Inc.",,,See FDA letter,See FDA CRL letter - indication in application,2020-11-06,CMC / Facility / GMP,,"https://api.fda.gov/transparency/crl.json?search=company_name:""Supernus Pharmaceuticals, Inc.""",https://www.accessdata.fda.gov/scripts/cder/daf/index.cfm?event=overview.process&varApplNo=211964,Verified - FLAGGED (sponsor/equity not yet resolved),"openFDA CRL transparency API: application NDA 211964, letter date 11/06/2020, company Supernus Pharmaceuticals, Inc.. File: 211964_2021_Orig1s000OtherActionLtrs.pdf. Reason: CMC / Facility / GMP. Text excerpt: ¢ YN U.S. FOOD & DRUG

ADMINISTRATION

NDA 211964
COMPLETE RESPONSE

Supernus Pharmaceuticals, Inc.
Attention: Tami Martin, RN, Esq.
Vice President, Regulatory Affairs
1550 East Gude Drive

Rockville,...",NOT US-INVESTABLE (UNVERIFIED),"Supernus Pharmaceuticals, Inc.",NDA 211964
C276,"AFT Pharmaceuticals, Inc.",,,Combogesic,See FDA CRL letter - indication in application,2020-11-06,Safety concerns,,"https://api.fda.gov/transparency/crl.json?search=company_name:""AFT Pharmaceuticals, Inc.""",https://www.accessdata.fda.gov/scripts/cder/daf/index.cfm?event=overview.process&varApplNo=209471,Verified - FLAGGED (sponsor/equity not yet resolved),"openFDA CRL transparency API: application NDA 209471, letter date 11/06/2020, company AFT Pharmaceuticals, Inc.. File: 209471_2024_Orig1s000OtherActionLtrs.pdf. Reason: Safety concerns. Text excerpt: ADMINISTRATION

i Lk YN U.S. FOOD & DRUG

NDA 209471
COMPLETE RESPONSE

AFT Pharmaceuticals, Inc.

c/o Chesapeake Regulatory Group, Inc.
6574 River Clyde Drive

Highland, MD 20777

Attention: David Zu...",NOT US-INVESTABLE (UNVERIFIED),"AFT Pharmaceuticals, Inc.",NDA 209471
C277,Dr. Reddy’s Laboratories Limited,,,Cyclophosphamide Injection,See FDA CRL letter - indication in application,2020-11-06,Safety concerns,,"https://api.fda.gov/transparency/crl.json?search=company_name:""Dr. Reddy’s Laboratories Limited""",https://www.accessdata.fda.gov/scripts/cder/daf/index.cfm?event=overview.process&varApplNo=210852,Verified - FLAGGED (sponsor/equity not yet resolved),"openFDA CRL transparency API: application NDA 210852, letter date 11/06/2020, company Dr. Reddy’s Laboratories Limited. File: 210852_2024_Orig1s000OtherActionLtrs.pdf. Reason: Safety concerns. Text excerpt: ¢ YN U.S. FOOD & DRUG

ADMINISTRATION

NDA 210852
COMPLETE RESPONSE

Dr. Reddy’s Laboratories Limited
c/o Dr. Reddy’s Laboratories, Inc.
Attention: Jaya Lakshmi Ayyagari
Sr. Director, Regulatory Affai...",NOT US-INVESTABLE (UNVERIFIED),Dr. Reddy’s Laboratories Limited,NDA 210852
C278,CMP Development LLC,,,See FDA letter,See FDA CRL letter - indication in application,2020-10-16,Efficacy + Safety,,"https://api.fda.gov/transparency/crl.json?search=company_name:""CMP Development LLC""",https://www.accessdata.fda.gov/scripts/cder/daf/index.cfm?event=overview.process&varApplNo=213260,Verified - FLAGGED (sponsor/equity not yet resolved),"openFDA CRL transparency API: application NDA 213260, letter date 10/16/2020, company CMP Development LLC. File: 213260_2023_Orig1s000OtherActionLtrs.pdf. Reason: Efficacy + Safety. Text excerpt: ¢ YN U.S. FOOD & DRUG

ADMINISTRATION

NDA 213260
COMPLETE RESPONSE

CMP Development LLC
Attention: Ellen Barkley
Regulatory Affairs Manager
P.O. Box 147

8026 US Highway 264A
Farmville, NC 27828

Dea...",NOT US-INVESTABLE (UNVERIFIED),CMP Development LLC,NDA 213260
C279,Mallinckrodt Hospital Products IP Limited,,,Terlivaz,See FDA CRL letter - indication in application,2020-09-11,Efficacy + Safety,,"https://api.fda.gov/transparency/crl.json?search=company_name:""Mallinckrodt Hospital Products IP Limited""",https://www.accessdata.fda.gov/scripts/cder/daf/index.cfm?event=overview.process&varApplNo=022231,Verified - FLAGGED (sponsor/equity not yet resolved),"openFDA CRL transparency API: application NDA 022231, letter date 09/11/2020, company Mallinckrodt Hospital Products IP Limited. File: 022231Orig1s000OtherActionLtrs.pdf. Reason: Efficacy + Safety. Text excerpt: ¢ Py U.S. FOOD & DRUG

ADMINISTRATION

NDA 22231
COMPLETE RESPONSE

Mallinckrodt Hospital Products IP Limited
Attention: James Burgess

Associate Director, Regulatory Affairs
1425 US Route 206

Bedmin...",NOT US-INVESTABLE (UNVERIFIED),Mallinckrodt Hospital Products IP Limited,NDA 022231
C280,"Nobelpharma Co., Ltd.",,,See FDA letter,See FDA CRL letter - indication in application,2020-08-13,Safety concerns,,"https://api.fda.gov/transparency/crl.json?search=company_name:""Nobelpharma Co., Ltd.""",https://www.accessdata.fda.gov/scripts/cder/daf/index.cfm?event=overview.process&varApplNo=213478,Verified - FLAGGED (sponsor/equity not yet resolved),"openFDA CRL transparency API: application NDA 213478, letter date 08/13/2020, company Nobelpharma Co., Ltd.. File: 213478_2022_Orig1s000OtherActionLtrs.pdf. Reason: Safety concerns. Text excerpt: i Lk YN U.S. FOOD & DRUG

ADMINISTRATION

NDA 213478
COMPLETE RESPONSE

Nobelpharma Co., Ltd.

c/o Dunn Regulatory Associates, LLC
Attention: Dana Dunn

2709 Silkwood Court

Oakton, VA 22124

Dear Ms....",NOT US-INVESTABLE (UNVERIFIED),"Nobelpharma Co., Ltd.",NDA 213478
C281,"Fennec Pharmaceuticals, Inc.",,,See FDA letter,See FDA CRL letter - indication in application,2020-08-10,Safety concerns,,"https://api.fda.gov/transparency/crl.json?search=company_name:""Fennec Pharmaceuticals, Inc.""",https://www.accessdata.fda.gov/scripts/cder/daf/index.cfm?event=overview.process&varApplNo=212937,Verified - FLAGGED (sponsor/equity not yet resolved),"openFDA CRL transparency API: application NDA 212937, letter date 08/10/2020, company Fennec Pharmaceuticals, Inc.. File: 212937_2023_Orig1s000OtherActionLtrs.pdf. Reason: Safety concerns. Text excerpt: i 4 Py U.S. FOOD & DRUG

ADMINISTRATION

NDA 212937
COMPLETE RESPONSE

Fennec Pharmaceuticals, Inc.
Attention: Anne McKay

Regulatory Affairs Agent

P.O. Box 13628

68 T.W. Alexander Drive

Research T...",NOT US-INVESTABLE (UNVERIFIED),"Fennec Pharmaceuticals, Inc.",NDA 212937
C282,DBV Technologies S.A.,,,Peanut,See FDA CRL letter - indication in application,2020-08-03,Efficacy + Safety,,"https://api.fda.gov/transparency/crl.json?search=company_name:""DBV Technologies S.A.""",https://www.accessdata.fda.gov/scripts/cder/daf/index.cfm?event=overview.process&varApplNo=125713,Verified - FLAGGED (sponsor/equity not yet resolved),"openFDA CRL transparency API: application BL 125713, letter date 08/03/2020, company DBV Technologies S.A.. File: CRL_BLA125713_20200803.pdf. Reason: Efficacy + Safety. Text excerpt: ¢ U.S. FOOD & DRUG
""on ADMINISTRATION

Our STN: BL 125713 COMPLETE RESPONSE

DBV Technologies S.A. August 3, 2020
Attention: Pharis Mohideen, M.D.

25 Deforest Avenue

Summit, NJ 07901

Dear Dr. Mohid...",NOT US-INVESTABLE (UNVERIFIED),DBV Technologies S.A.,BL 125713
C283,"Corium, Inc.",,,See FDA letter,See FDA CRL letter - indication in application,2020-07-23,Safety concerns,,"https://api.fda.gov/transparency/crl.json?search=company_name:""Corium, Inc.""",https://www.accessdata.fda.gov/scripts/cder/daf/index.cfm?event=overview.process&varApplNo=212304,Verified - FLAGGED (sponsor/equity not yet resolved),"openFDA CRL transparency API: application NDA 212304, letter date 07/23/2020, company Corium, Inc.. File: 212304_2022_Orig1s000OtherActionLtrs.pdf. Reason: Safety concerns. Text excerpt: i Lk YN U.S. FOOD & DRUG

ADMINISTRATION

NDA 212304
COMPLETE RESPONSE

Corium, Inc.

Attention: a

Dear Dr. a:

Please refer to your New Drug Application (NDA) dated September 30, 2019, received
Sept...",NOT US-INVESTABLE (UNVERIFIED),"Corium, Inc.",NDA 212304
C284,Verrica Pharmaceuticals Inc.,,,See FDA letter,See FDA CRL letter - indication in application,2020-07-13,Safety concerns,,"https://api.fda.gov/transparency/crl.json?search=company_name:""Verrica Pharmaceuticals Inc.""",https://www.accessdata.fda.gov/scripts/cder/daf/index.cfm?event=overview.process&varApplNo=212905,Verified - FLAGGED (sponsor/equity not yet resolved),"openFDA CRL transparency API: application NDA 212905, letter date 07/13/2020, company Verrica Pharmaceuticals Inc.. File: 212905_2024_Orig1s000OtherActionLtrs.pdf. Reason: Safety concerns. Text excerpt: ADMINISTRATION

g YN U.S. FOOD & DRUG

NDA 212905
COMPLETE RESPONSE

Verrica Pharmaceuticals Inc.
Attention: Patti Neall

Executive Director, Regulatory Affairs
10 N. High Street, Suite 200

West Ches...",NOT US-INVESTABLE (UNVERIFIED),Verrica Pharmaceuticals Inc.,NDA 212905
C285,"Heron Therapeutics, Inc.",,,Zynrelef,See FDA CRL letter - indication in application,2020-06-26,Safety concerns,,"https://api.fda.gov/transparency/crl.json?search=company_name:""Heron Therapeutics, Inc.""",https://www.accessdata.fda.gov/scripts/cder/daf/index.cfm?event=overview.process&varApplNo=211988,Verified - FLAGGED (sponsor/equity not yet resolved),"openFDA CRL transparency API: application NDA 211988, letter date 06/26/2020, company Heron Therapeutics, Inc.. File: 211988_2022_Orig1s000OtherActionLtrs.pdf. Reason: Safety concerns. Text excerpt: iPyN U.S. FOOD & DRUG

ADMINISTRATION

NDA 211988
COMPLETE RESPONSE

Heron Therapeutics, Inc.
4242 Campus Point Court, Suite 200
San Diego, CA 92121

Attention: Kimberly J. Manhard
Executive Vice Pres...",NOT US-INVESTABLE (UNVERIFIED),"Heron Therapeutics, Inc.",NDA 211988
C286,"Esteve Pharmaceuticals, S.A.",,,Esteve Pharmaceuticals,See FDA CRL letter - indication in application,2020-06-15,Safety concerns,,"https://api.fda.gov/transparency/crl.json?search=company_name:""Esteve Pharmaceuticals, S.A.""",https://www.accessdata.fda.gov/scripts/cder/daf/index.cfm?event=overview.process&varApplNo=213426,Verified - FLAGGED (sponsor/equity not yet resolved),"openFDA CRL transparency API: application NDA 213426, letter date 06/15/2020, company Esteve Pharmaceuticals, S.A.. File: 213426_2022_Orig1s000OtherActionLtrs.pdf. Reason: Safety concerns. Text excerpt: ¢ YN U.S. FOOD & DRUG

ADMINISTRATION

NDA 213426
COMPLETE RESPONSE

Esteve Pharmaceuticals, S.A.
c/o Esteve Pharmaceuticals, LLC
909 Davis Street, Suite 500
Evanston, IL 60201

Attention: | Rebecca N...",NOT US-INVESTABLE (UNVERIFIED),"Esteve Pharmaceuticals, S.A.",NDA 213426
C287,"Althera Life Sciences, LLC",,,See FDA letter,See FDA CRL letter - indication in application,2020-05-26,Efficacy + Safety,,"https://api.fda.gov/transparency/crl.json?search=company_name:""Althera Life Sciences, LLC""",https://www.accessdata.fda.gov/scripts/cder/daf/index.cfm?event=overview.process&varApplNo=213072,Verified - FLAGGED (sponsor/equity not yet resolved),"openFDA CRL transparency API: application NDA 213072, letter date 05/26/2020, company Althera Life Sciences, LLC. File: 213072_2021_Orig1s000OtherActionLtrs.pdf. Reason: Efficacy + Safety. Text excerpt: ADMINISTRATION

é g fy U.S. FOOD & DRUG

NDA 213072
COMPLETE RESPONSE

Althera Life Sciences, LLC
Attention: James Medley

Senior Advisor, Regulatory Affairs
89 Headquarters Plaza, Ste 1448
Morristown...",NOT US-INVESTABLE (UNVERIFIED),"Althera Life Sciences, LLC",NDA 213072
C288,Dr. Reddy’s Laboratories Limited,,,Cyclophosphamide Injection,See FDA CRL letter - indication in application,2020-05-21,Safety concerns,,"https://api.fda.gov/transparency/crl.json?search=company_name:""Dr. Reddy’s Laboratories Limited""",https://www.accessdata.fda.gov/scripts/cder/daf/index.cfm?event=overview.process&varApplNo=210852,Verified - FLAGGED (sponsor/equity not yet resolved),"openFDA CRL transparency API: application NDA 210852, letter date 05/21/2020, company Dr. Reddy’s Laboratories Limited. File: 210852_2024_Orig1s000OtherActionLtrs.pdf. Reason: Safety concerns. Text excerpt: m4 YN U.S. FOOD & DRUG

ADMINISTRATION

NDA 210852
COMPLETE RESPONSE

Dr. Reddy’s Laboratories Limited

c/o Dr. Reddy's Laboratories, Inc.

Attention: Srinivasa Rao, PharmD

Vice President and Head, R...",NOT US-INVESTABLE (UNVERIFIED),Dr. Reddy’s Laboratories Limited,NDA 210852
C289,"Par Sterile Products, LLC",,,Micafungin,See FDA CRL letter - indication in application,2020-05-18,Efficacy + Safety,,"https://api.fda.gov/transparency/crl.json?search=company_name:""Par Sterile Products, LLC""",https://www.accessdata.fda.gov/scripts/cder/daf/index.cfm?event=overview.process&varApplNo=212156,Verified - FLAGGED (sponsor/equity not yet resolved),"openFDA CRL transparency API: application NDA 212156, letter date 05/18/2020, company Par Sterile Products, LLC. File: 212156_2021_Orig1s000OtherActionLtrs.pdf. Reason: Efficacy + Safety. Text excerpt: U.S. FOOD & DRUG

ADMINISTRATION

NDA 212156
COMPLETE RESPONSE

Par Sterile Products, LLC

Attention: Carla English

Associate Director, Regulatory Affairs
Six Ram Ridge Road

Chestnut Ridge, NY 10977...",NOT US-INVESTABLE (UNVERIFIED),"Par Sterile Products, LLC",NDA 212156
C290,"B. Braun Medical, Inc.",,,Acetaminophen,See FDA CRL letter - indication in application,2020-04-24,Safety concerns,,"https://api.fda.gov/transparency/crl.json?search=company_name:""B. Braun Medical, Inc.""",https://www.accessdata.fda.gov/scripts/cder/daf/index.cfm?event=overview.process&varApplNo=204957,Verified - FLAGGED (sponsor/equity not yet resolved),"openFDA CRL transparency API: application NDA 204957, letter date 04/24/2020, company B. Braun Medical, Inc.. File: 204957_2021_Orig1s000OtherActionLtrs.pdf. Reason: Safety concerns. Text excerpt: iPyN U.S. FOOD & DRUG

ADMINISTRATION

NDA 204957
COMPLETE RESPONSE

B. Braun Medical, Inc.
901 Marcon Blvd.
Allentown, PA 18109

Attention: Cindy Katsempris
Director, Regulatory Affairs

Dear Ms. Kat...",NOT US-INVESTABLE (UNVERIFIED),"B. Braun Medical, Inc.",NDA 204957
C291,IntelGenx Corp.,,,Riza,See FDA CRL letter - indication in application,2020-03-24,Safety concerns,,"https://api.fda.gov/transparency/crl.json?search=company_name:""IntelGenx Corp.""",https://www.accessdata.fda.gov/scripts/cder/daf/index.cfm?event=overview.process&varApplNo=205394,Verified - FLAGGED (sponsor/equity not yet resolved),"openFDA CRL transparency API: application NDA 205394, letter date 03/24/2020, company IntelGenx Corp.. File: 205394_2023_Orig1s000OtherActionLtrs.pdf. Reason: Safety concerns. Text excerpt: -?_
\
&

iPr U.S. FOOD & DRUG

ADMINISTRATION

NDA 205394
COMPLETE RESPONSE

IntelGenx Corp.

Attention: Ross C. D’Emanuele
50 South Sixth Street, Suite 1500
Minneapolis, MN 55402-1498

Dear Dr. D’Ema...",NOT US-INVESTABLE (UNVERIFIED),IntelGenx Corp.,NDA 205394
C292,"Xellia Pharmaceuticals, ApS",,,Vancomycin Injection,See FDA CRL letter - indication in application,2020-03-20,Safety concerns,,"https://api.fda.gov/transparency/crl.json?search=company_name:""Xellia Pharmaceuticals, ApS""",https://www.accessdata.fda.gov/scripts/cder/daf/index.cfm?event=overview.process&varApplNo=213895,Verified - FLAGGED (sponsor/equity not yet resolved),"openFDA CRL transparency API: application NDA 213895, letter date 03/20/2020, company Xellia Pharmaceuticals, ApS. File: 213895_2022_Orig1s000OtherActionLtrs.pdf. Reason: Safety concerns. Text excerpt: iPyN U.S. FOOD & DRUG

ADMINISTRATION

NDA 213895
COMPLETE RESPONSE

Xellia Pharmaceuticals, ApS

c/o Xellia Pharmaceuticals USA, LLC
Attention: Edward Eichmann
Director, Regulatory Affairs

8841 Wadf...",NOT US-INVESTABLE (UNVERIFIED),"Xellia Pharmaceuticals, ApS",NDA 213895
C293,Braintree Laboratories Inc.,,,See FDA letter,See FDA CRL letter - indication in application,2020-03-13,Safety concerns,,"https://api.fda.gov/transparency/crl.json?search=company_name:""Braintree Laboratories, Inc.""",https://www.accessdata.fda.gov/scripts/cder/daf/index.cfm?event=overview.process&varApplNo=213135,Verified - FLAGGED (sponsor/equity not yet resolved),"openFDA CRL transparency API: application NDA 213135, letter date 03/13/2020, company Braintree Laboratories, Inc.. File: 213135_2020_Orig1s000OtherActionLtrs.pdf. Reason: Safety concerns. Text excerpt: g fy U.S. FOOD & DRUG

ADMINISTRATION

NDA 213135
COMPLETE RESPONSE

Braintree Laboratories, Inc.

Attention: Vivian A. Caballero

Vice President, Regulatory Affairs

60 Columbian Street West P.O. Box...",PRIVATE / NO EQUITY,"Braintree Laboratories, Inc.",NDA 213135
C294,Shilpa Medicare Limited,,,Bortezomib,See FDA CRL letter - indication in application,2020-03-10,Safety concerns,,"https://api.fda.gov/transparency/crl.json?search=company_name:""Shilpa Medicare Limited""",https://www.accessdata.fda.gov/scripts/cder/daf/index.cfm?event=overview.process&varApplNo=212782,Verified - FLAGGED (sponsor/equity not yet resolved),"openFDA CRL transparency API: application NDA 212782, letter date 03/10/2020, company Shilpa Medicare Limited. File: 212782Orig1s000OtherActionLtrs.pdf. Reason: Safety concerns. Text excerpt: ADMINISTRATION

¢ PWN U.S. FOOD & DRUG

NDA 212782
COMPLETE RESPONSE

Shilpa Medicare Limited

c/o Shilpa Pharma Inc.

Attention: Krishna Chaithanya Konagalla
Director, Regulatory Affairs

1980 S. Eas...",NOT US-INVESTABLE (UNVERIFIED),Shilpa Medicare Limited,NDA 212782
C295,Hikma Pharmaceuticals PLC,,LSE,See FDA letter,See FDA CRL letter - indication in application,2020-02-28,Safety concerns,,"https://api.fda.gov/transparency/crl.json?search=company_name:""Hikma Pharmaceuticals USA Inc.""",https://www.accessdata.fda.gov/scripts/cder/daf/index.cfm?event=overview.process&varApplNo=212045,Verified - FLAGGED (sponsor/equity not yet resolved),"openFDA CRL transparency API: application NDA 212045, letter date 02/28/2020, company Hikma Pharmaceuticals USA Inc.. File: 212045_2021_Orig1s000OtherActionLtrs.pdf. Reason: Safety concerns. Text excerpt: U.S. FOOD & DRUG

ADMINISTRATION

NDA 212045
COMPLETE RESPONSE

Hikma Pharmaceuticals USA Inc.
1809 Wilson Road
Columbus, OH 43228

Attention: — Jerald Andry, MS
Senior Director, Drug Regulatory Affai...",NON-US LISTING ONLY,Hikma Pharmaceuticals USA Inc.,NDA 212045
C296,Recordati S.p.A.,,Borsa Italiana,Cystadrops,See FDA CRL letter - indication in application,2020-01-28,Safety concerns,,"https://api.fda.gov/transparency/crl.json?search=company_name:""Recordati Rare Diseases Inc.""",https://www.accessdata.fda.gov/scripts/cder/daf/index.cfm?event=overview.process&varApplNo=211302,Verified - FLAGGED (sponsor/equity not yet resolved),"openFDA CRL transparency API: application NDA 211302, letter date 01/28/2020, company Recordati Rare Diseases Inc.. File: 211302_2020_Orig1s000OtherActionLtrs.pdf. Reason: Safety concerns. Text excerpt: g¢ RYN U.S. FOOD & DRUG

ADMINISTRATION

NDA 211302
COMPLETE RESPONSE

Recordati Rare Diseases Inc.
c/o Intertek Surveying Services
Attention: Jennifer Tillman

U.S. Agent
16441 Space Center Blvd, Sui...",NON-US LISTING ONLY,Recordati Rare Diseases Inc.,NDA 211302
C297,"Shandong Luye Pharmaceutical Co., Ltd.",,,Rykindo,See FDA CRL letter - indication in application,2020-01-28,Efficacy + Safety,,"https://api.fda.gov/transparency/crl.json?search=company_name:""Shandong Luye Pharmaceutical Co., Ltd.""",https://www.accessdata.fda.gov/scripts/cder/daf/index.cfm?event=overview.process&varApplNo=212849,Verified - FLAGGED (sponsor/equity not yet resolved),"openFDA CRL transparency API: application NDA 212849, letter date 01/28/2020, company Shandong Luye Pharmaceutical Co., Ltd.. File: 212849_2024_Orig1s000OtherActionLtrs.pdf. Reason: Efficacy + Safety. Text excerpt: ¢ YN U.S. FOOD & DRUG

ADMINISTRATION

NDA 212849
COMPLETE RESPONSE

Shandong Luye Pharmaceutical Co., Ltd.
Attention: Li Wan, PhD, RAC

Director, Head of Global Regulatory Affairs
502 Carnegie Center...",NOT US-INVESTABLE (UNVERIFIED),"Shandong Luye Pharmaceutical Co., Ltd.",NDA 212849
C298,"Ingenus Pharmaceuticals, LLC",,,Cyclophosphamide Injection,See FDA CRL letter - indication in application,2020-01-14,Safety concerns,,"https://api.fda.gov/transparency/crl.json?search=company_name:""Ingenus Pharmaceuticals, LLC""",https://www.accessdata.fda.gov/scripts/cder/daf/index.cfm?event=overview.process&varApplNo=212501,Verified - FLAGGED (sponsor/equity not yet resolved),"openFDA CRL transparency API: application NDA 212501, letter date 01/14/2020, company Ingenus Pharmaceuticals, LLC. File: 212501_2021_Orig1s000OtherActionLtrs.pdf. Reason: Safety concerns. Text excerpt: ¢ YN U.S. FOOD & DRUG

ADMINISTRATION

NDA 212501
COMPLETE RESPONSE

Ingenus Pharmaceuticals, LLC

c/o Ricon Pharma, LLC

Attention: Mukteeshwar Gande, Chief Scientific Officer
100 Ford Road, Suite #9...",NOT US-INVESTABLE (UNVERIFIED),"Ingenus Pharmaceuticals, LLC",NDA 212501
C299,Sarfez Pharmaceuticals Inc.,,,See FDA letter,See FDA CRL letter - indication in application,2020-01-10,Safety concerns,,"https://api.fda.gov/transparency/crl.json?search=company_name:""Sarfez Pharmaceuticals Inc.""",https://www.accessdata.fda.gov/scripts/cder/daf/index.cfm?event=overview.process&varApplNo=213218,Verified - FLAGGED (sponsor/equity not yet resolved),"openFDA CRL transparency API: application NDA 213218, letter date 01/10/2020, company Sarfez Pharmaceuticals Inc.. File: 213218_2022_Orig1s000OtherActionLtrs.pdf. Reason: Safety concerns. Text excerpt: ¢ NN U.S. FOOD & DRUG

Ets, ADMINISTRATION

NDA 213218
COMPLETE RESPONSE

Sarfez Pharmaceuticals Inc.

Attention: Salim Shah, PhD, JD
Director, Regulatory Affairs

8000 Tower Crescent Drive, Suite 135...",NOT US-INVESTABLE (UNVERIFIED),Sarfez Pharmaceuticals Inc.,NDA 213218
C300,HQ Specialty Pharma Corporation,,,Cefazolin,See FDA CRL letter - indication in application,2019-12-26,Safety concerns,,"https://api.fda.gov/transparency/crl.json?search=company_name:""HQ Specialty Pharma Corporation""",https://www.accessdata.fda.gov/scripts/cder/daf/index.cfm?event=overview.process&varApplNo=211413,Verified - FLAGGED (sponsor/equity not yet resolved),"openFDA CRL transparency API: application NDA 211413, letter date 12/26/2019, company HQ Specialty Pharma Corporation. File: 211413_2024_Orig1s000OtherActionLtrs.pdf. Reason: Safety concerns. Text excerpt: i Lk YN U.S. FOOD & DRUG

ADMINISTRATION

NDA 211413
COMPLETE RESPONSE

HQ Specialty Pharma Corporation
Attention: Stephanie Boffa

Vice President Regulatory

120 Route 17 North

Paramus, NJ 07652

De...",NOT US-INVESTABLE (UNVERIFIED),HQ Specialty Pharma Corporation,NDA 211413
C301,"Sedor Pharmaceuticals, LLC",,,Sesquient,See FDA CRL letter - indication in application,2019-12-20,Safety concerns,,"https://api.fda.gov/transparency/crl.json?search=company_name:""Sedor Pharmaceuticals, LLC""",https://www.accessdata.fda.gov/scripts/cder/daf/index.cfm?event=overview.process&varApplNo=210864,Verified - FLAGGED (sponsor/equity not yet resolved),"openFDA CRL transparency API: application NDA 210864, letter date 12/20/2019, company Sedor Pharmaceuticals, LLC. File: 210864_2021_Orig1s000OtherActionLtrs.pdf. Reason: Safety concerns. Text excerpt: iPyN U.S. FOOD & DRUG

ADMINISTRATION

NDA 210864
COMPLETE RESPONSE

Sedor Pharmaceuticals, LLC

Attention: Rick Lampe

Director of Regulatory Affairs & Quality Assurance
1800 East Lancaster Avenue, S...",NOT US-INVESTABLE (UNVERIFIED),"Sedor Pharmaceuticals, LLC",NDA 210864
C302,ViiV Healthcare Company,,,See FDA letter,See FDA CRL letter - indication in application,2019-12-19,Safety concerns,,"https://api.fda.gov/transparency/crl.json?search=company_name:""ViiV Healthcare Company""",https://www.accessdata.fda.gov/scripts/cder/daf/index.cfm?event=overview.process&varApplNo=212888,Verified - FLAGGED (sponsor/equity not yet resolved),"openFDA CRL transparency API: application NDA 212888, letter date 12/19/2019, company ViiV Healthcare Company. File: 212887Orig1s000,212888Orig1s000OtherActionLtrs.pdf. Reason: Safety concerns. Text excerpt: iPyN U.S. FOOD & DRUG

ADMINISTRATION

NDA 212888
COMPLETE RESPONSE

ViiV Healthcare Company

Attention: Beth Austin, PhD

Senior Director, Global Regulatory Affairs
5 Moore Drive, P.O. Box 13398
Rese...",NOT US-INVESTABLE (UNVERIFIED),ViiV Healthcare Company,NDA 212888
C303,ViiV Healthcare Company,,,See FDA letter,See FDA CRL letter - indication in application,2019-12-19,Safety concerns,,"https://api.fda.gov/transparency/crl.json?search=company_name:""ViiV Healthcare Company""",https://www.accessdata.fda.gov/scripts/cder/daf/index.cfm?event=overview.process&varApplNo=212887,Verified - FLAGGED (sponsor/equity not yet resolved),"openFDA CRL transparency API: application NDA 212887, letter date 12/19/2019, company ViiV Healthcare Company. File: 212887Orig1s000,212888Orig1s000OtherActionLtrs.pdf. Reason: Safety concerns. Text excerpt: g fy U.S. FOOD & DRUG

ADMINISTRATION

NDA 212887
COMPLETE RESPONSE

ViiV Healthcare Company

Attention: Beth Austin, PhD

Senior Director, Global Regulatory Affairs
5 Moore Drive, P.O. Box 13398
Rese...",NOT US-INVESTABLE (UNVERIFIED),ViiV Healthcare Company,NDA 212887
C041,Takeda Pharmaceutical,TAK,NYSE,See FDA letter,See FDA CRL letter - indication in application,2019-12-17,Safety concerns,,"https://api.fda.gov/transparency/crl.json?search=company_name:""Takeda Pharmaceuticals, U.S.A., Inc.""",https://www.accessdata.fda.gov/scripts/cder/daf/index.cfm?event=overview.process&varApplNo=761133,Verified - openFDA CRL transparency API,"openFDA CRL transparency API: application BLA 761133, letter date 12/17/2019, company Takeda Pharmaceuticals, U.S.A., Inc.. File: 761133_2024_Orig1s000OtherActionLtrs.pdf. Reason: Safety concerns. Text excerpt: g EY U.S. FOOD & DRUG

ADMINISTRATION
“non

BLA 761133
COMPLETE RESPONSE

Takeda Pharmaceuticals, U.S.A., Inc.
Attention: Mayuresh Gadre

Senior Manager

Global Regulatory Affairs Development, Gl
40 L...",US-LISTED (ADR),"Takeda Pharmaceuticals, U.S.A., Inc.",BLA 761133
C305,Adamis Pharmaceuticals Corporation,,,Naloxone,See FDA CRL letter - indication in application,2019-11-22,Safety concerns,,"https://api.fda.gov/transparency/crl.json?search=company_name:""Adamis Pharmaceuticals Corporation""",https://www.accessdata.fda.gov/scripts/cder/daf/index.cfm?event=overview.process&varApplNo=212854,Verified - FLAGGED (sponsor/equity not yet resolved),"openFDA CRL transparency API: application NDA 212854, letter date 11/22/2019, company Adamis Pharmaceuticals Corporation. File: 212854_2022_Orig1s000OtherActionLtrs.pdf. Reason: Safety concerns. Text excerpt: g YN U.S. FOOD & DRUG

ADMINISTRATION

NDA 212854
COMPLETE RESPONSE

Adamis Pharmaceuticals Corporation
c/o Target Health Inc.

261 Madison Avenue, 24th floor
New York, NY 10016

Attention: | Adam Har...",NOT US-INVESTABLE (UNVERIFIED),Adamis Pharmaceuticals Corporation,NDA 212854
C306,Dr. Reddy’s Laboratories Limited,,,Cyclophosphamide Injection,See FDA CRL letter - indication in application,2019-11-20,Safety concerns,,"https://api.fda.gov/transparency/crl.json?search=company_name:""Dr. Reddy’s Laboratories Limited""",https://www.accessdata.fda.gov/scripts/cder/daf/index.cfm?event=overview.process&varApplNo=210852,Verified - FLAGGED (sponsor/equity not yet resolved),"openFDA CRL transparency API: application NDA 210852, letter date 11/20/2019, company Dr. Reddy’s Laboratories Limited. File: 210852_2024_Orig1s000OtherActionLtrs.pdf. Reason: Safety concerns. Text excerpt: ¢ YN U.S. FOOD & DRUG

ADMINISTRATION

NDA 210852
COMPLETE RESPONSE

Dr. Reddy’s Laboratories Limited

c/o Dr. Reddy’s Laboratories, Inc.
Attention: Srinivasa Rao, PharmD

Vice President and Head Regu...",NOT US-INVESTABLE (UNVERIFIED),Dr. Reddy’s Laboratories Limited,NDA 210852
C307,CLASS 2 RESUBMISSION,,,Romidepsin Injection,See FDA CRL letter - indication in application,2019-11-04,Safety concerns,,"https://api.fda.gov/transparency/crl.json?search=company_name:""CLASS 2 RESUBMISSION""",https://www.accessdata.fda.gov/scripts/cder/daf/index.cfm?event=overview.process&varApplNo=208574,Verified - FLAGGED (sponsor/equity not yet resolved),"openFDA CRL transparency API: application NDA 208574, letter date 11/04/2019, company CLASS 2 RESUBMISSION. File: 208574Orig1s000,Orig2s000OtherActionLtrs.pdf. Reason: Safety concerns. Text excerpt: g fy U.S. FOOD & DRUG

ADMINISTRATION

NDA 208574
COMPLETE RESPONSE

CLASS 2 RESUBMISSION

Teva Pharmaceuticals USA Inc.

Attention: Scott Tomsky

Vice President, Regulatory Affairs, US Generics
425 P...",NOT US-INVESTABLE (UNVERIFIED),CLASS 2 RESUBMISSION,NDA 208574
C308,"Clearside Biomedical, Inc.",,,See FDA letter,See FDA CRL letter - indication in application,2019-10-18,Efficacy + Safety,,"https://api.fda.gov/transparency/crl.json?search=company_name:""Clearside Biomedical, Inc.""",https://www.accessdata.fda.gov/scripts/cder/daf/index.cfm?event=overview.process&varApplNo=211950,Verified - FLAGGED (sponsor/equity not yet resolved),"openFDA CRL transparency API: application NDA 211950, letter date 10/18/2019, company Clearside Biomedical, Inc.. File: 211950_2022_Orig1s000OtherActionLtrs.pdf. Reason: Efficacy + Safety. Text excerpt: g YN U.S. FOOD & DRUG

ADMINISTRATION

NDA 211950
COMPLETE RESPONSE

Clearside Biomedical, Inc.

Attention: Barbara Bauschka

Senior Director, Regulatory Operations
900 North Point Parkway

Suite 200
...",NOT US-INVESTABLE (UNVERIFIED),"Clearside Biomedical, Inc.",NDA 211950
C309,AuroMedics Pharma LLC,,,Cyclophosphamide Injection,See FDA CRL letter - indication in application,2019-10-01,Safety concerns,,"https://api.fda.gov/transparency/crl.json?search=company_name:""AuroMedics Pharma LLC""",https://www.accessdata.fda.gov/scripts/cder/daf/index.cfm?event=overview.process&varApplNo=210735,Verified - FLAGGED (sponsor/equity not yet resolved),"openFDA CRL transparency API: application NDA 210735, letter date 10/01/2019, company AuroMedics Pharma LLC. File: 210735_2022_Orig1s000OtherActionLtrs.pdf. Reason: Safety concerns. Text excerpt: ¢ YN U.S. FOOD & DRUG

ADMINISTRATION

NDA 210735
COMPLETE RESPONSE

AuroMedics Pharma LLC
Attention: Vincent P. Andolina
Vice President, Regulatory Affairs
279 Princeton-Hightstown Road
East Windsor,...",NOT US-INVESTABLE (UNVERIFIED),AuroMedics Pharma LLC,NDA 210735
C042,AstraZeneca PLC,AZN,NASDAQ,Breztri Aerosphere,See FDA CRL letter - indication in application,2019-09-30,Efficacy + Safety,,"https://api.fda.gov/transparency/crl.json?search=company_name:""AstraZeneca AB""",https://www.accessdata.fda.gov/scripts/cder/daf/index.cfm?event=overview.process&varApplNo=212122,Verified - openFDA CRL transparency API,"openFDA CRL transparency API: application NDA 212122, letter date 09/30/2019, company AstraZeneca AB. File: 212122_2021_Orig1s000OtherActionLtrs.pdf. Reason: Efficacy + Safety. Text excerpt: ¢ RYN U.S. FOOD & DRUG

ADMINISTRATION

NDA 212122
COMPLETE RESPONSE

AstraZeneca AB

c/o AstraZeneca Pharmaceuticals
1800 Concord Pike

Wilmington, DE 19803

Attention: Monique Small, PharmD
Director...",US-LISTED (ADR),AstraZeneca AB,NDA 212122
C311,"Tanvex BioPharma USA, Inc.",,,See FDA letter,See FDA CRL letter - indication in application,2019-09-24,Efficacy + Safety,,"https://api.fda.gov/transparency/crl.json?search=company_name:""Tanvex BioPharma USA, Inc.""",https://www.accessdata.fda.gov/scripts/cder/daf/index.cfm?event=overview.process&varApplNo=761126,Verified - FLAGGED (sponsor/equity not yet resolved),"openFDA CRL transparency API: application BLA 761126, letter date 09/24/2019, company Tanvex BioPharma USA, Inc.. File: 761126_2025_Orig1s000OtherActionLtrs.pdf. Reason: Efficacy + Safety. Text excerpt: g YN U.S. FOOD & DRUG

ADMINISTRATION

BLA 761126
COMPLETE RESPONSE

Tanvex BioPharma USA, Inc.

Attention: Bonnie J. Mills, PhD

Vice-President, Clinical Development & Regulatory Affairs
2030 Main St...",NOT US-INVESTABLE (UNVERIFIED),"Tanvex BioPharma USA, Inc.",BLA 761126
C312,Mylan GmbH,,,See FDA letter,See FDA CRL letter - indication in application,2019-08-28,Safety concerns,,"https://api.fda.gov/transparency/crl.json?search=company_name:""Mylan GmbH""",https://www.accessdata.fda.gov/scripts/cder/daf/index.cfm?event=overview.process&varApplNo=210605,Verified - FLAGGED (sponsor/equity not yet resolved),"openFDA CRL transparency API: application NDA 210605, letter date 08/28/2019, company Mylan GmbH. File: 210605_2020_Orig1s000OtherActionLtrs.pdf. Reason: Safety concerns. Text excerpt: g fy U.S. FOOD & DRUG

ADMINISTRATION

NDA 210605
COMPLETE RESPONSE

Mylan GmbH

Attention: Suzanne Kiani

Senior Director, Regulatory Science, Biologics
781 Chestnut Ridge Road

P.O. Box 4310

Morgan...",NOT US-INVESTABLE (UNVERIFIED),Mylan GmbH,NDA 210605
C043,Sarepta Therapeutics,SRPT,NASDAQ,Vyondys,See FDA CRL letter - indication in application,2019-08-19,Safety concerns,,"https://api.fda.gov/transparency/crl.json?search=company_name:""Sarepta Therapeutics, Inc.""",https://www.accessdata.fda.gov/scripts/cder/daf/index.cfm?event=overview.process&varApplNo=211970,Verified - openFDA CRL transparency API,"openFDA CRL transparency API: application NDA 211970, letter date 08/19/2019, company Sarepta Therapeutics, Inc.. File: 211970_2019_Orig1s000OtherActionLtrs.pdf. Reason: Safety concerns. Text excerpt: (¢ GN U.S. FOOD & DRUG

ADMINISTRATION

NDA 211970
COMPLETE RESPONSE

Sarepta Therapeutics, Inc.
Attention: Patrick O’Malley
Executive Director, Regulatory Affairs
215 First Street, Suite 415
Cambridg...",US-LISTED,"Sarepta Therapeutics, Inc.",NDA 211970
C314,Bioprojet Pharma,,,Wakix,See FDA CRL letter - indication in application,2019-08-14,Safety concerns,,"https://api.fda.gov/transparency/crl.json?search=company_name:""Bioprojet Pharma""",https://www.accessdata.fda.gov/scripts/cder/daf/index.cfm?event=overview.process&varApplNo=211150,Verified - FLAGGED (sponsor/equity not yet resolved),"openFDA CRL transparency API: application NDA 211150/Original 2; NDA 211150, letter date 08/14/2019, company Bioprojet Pharma. File: 211150Orig2s000OtherActionLtrs.pdf. Reason: Safety concerns. Text excerpt: (¢ YN U.S. FOOD & DRUG

ADMINISTRATION

NDA 211150/Original 2
COMPLETE RESPONSE

Bioprojet Pharma

c/o Harmony Biosciences, LLC
Attention: Michele A. Roy, RN, MS
VP, Regulatory Affairs

630 W Germanto...",NOT US-INVESTABLE (UNVERIFIED),Bioprojet Pharma,NDA 211150/Original 2; NDA 211150
C315,"Kala Pharmaceuticals, Inc.",,,Eysuvis,See FDA CRL letter - indication in application,2019-08-07,Efficacy + Safety,,"https://api.fda.gov/transparency/crl.json?search=company_name:""Kala Pharmaceuticals, Inc.""",https://www.accessdata.fda.gov/scripts/cder/daf/index.cfm?event=overview.process&varApplNo=210933,Verified - FLAGGED (sponsor/equity not yet resolved),"openFDA CRL transparency API: application NDA 210933, letter date 08/07/2019, company Kala Pharmaceuticals, Inc.. File: 210933_2021_Orig1s000OtherActionLtrs.pdf. Reason: Efficacy + Safety. Text excerpt: iP U.S. FOOD & DRUG

ADMINISTRATION

NDA 210933
COMPLETE RESPONSE

Kala Pharmaceuticals, Inc.
Attention: Patrick Foster
Senior Director, Regulatory Affairs
490 Arsenal Way
Suite 120
Watertown, MA 0247...",NOT US-INVESTABLE (UNVERIFIED),"Kala Pharmaceuticals, Inc.",NDA 210933
C316,Mylan Pharmaceuticals Inc.,,,Mylan Laboratories Limited,See FDA CRL letter - indication in application,2019-08-06,CMC / Facility / GMP,,"https://api.fda.gov/transparency/crl.json?search=company_name:""Mylan Pharmaceuticals Inc.""",https://www.accessdata.fda.gov/scripts/cder/daf/index.cfm?event=overview.process&varApplNo=204311,Verified - FLAGGED (sponsor/equity not yet resolved),"openFDA CRL transparency API: application NDA 204311, letter date 08/06/2019, company Mylan Pharmaceuticals Inc.. File: 204311_2024_Orig1s000OtherActionLtrs.pdf. Reason: CMC / Facility / GMP. Text excerpt: iPyN U.S. FOOD & DRUG

ADMINISTRATION

NDA 204311
COMPLETE RESPONSE

Mylan Pharmaceuticals Inc.

U.S. Agent for Mylan Laboratories Limited, India
Attention: Shane Shupe, Director, Regulatory Affairs
7...",NOT US-INVESTABLE (UNVERIFIED),Mylan Pharmaceuticals Inc.,NDA 204311
C044,Bausch Health Companies Inc.,BHC,NYSE,See FDA letter,See FDA CRL letter - indication in application,2019-07-19,Safety concerns,,"https://api.fda.gov/transparency/crl.json?search=company_name:""Bausch Health Ireland Limited""",https://www.accessdata.fda.gov/scripts/cder/daf/index.cfm?event=overview.process&varApplNo=211039,Verified - openFDA CRL transparency API,"openFDA CRL transparency API: application NDA 211039, letter date 07/19/2019, company Bausch Health Ireland Limited. File: 211039_2020_Orig1s000OtherActionLtrs.pdf. Reason: Safety concerns. Text excerpt: (¢ Fy U.S. FOOD & DRUG
a ADMINISTRATION

NDA 211039
COMPLETE RESPONSE

Bausch Health Ireland Limited
c/o Paragon BioTeck Inc.
Attention: Patrick Witham
President and CEO
4640 SW Macadam Avenue, Suite ...",US-LISTED,Bausch Health Ireland Limited,NDA 211039
C318,"Ricon Pharma, LLC",,,Ingenus Pharmaceuticals,See FDA CRL letter - indication in application,2019-07-18,CMC / Facility / GMP,,"https://api.fda.gov/transparency/crl.json?search=company_name:""Ricon Pharma, LLC""",https://www.accessdata.fda.gov/scripts/cder/daf/index.cfm?event=overview.process&varApplNo=212501,Verified - FLAGGED (sponsor/equity not yet resolved),"openFDA CRL transparency API: application NDA 212501, letter date 07/18/2019, company Ricon Pharma, LLC. File: 212501_2021_Orig1s000OtherActionLtrs.pdf. Reason: CMC / Facility / GMP. Text excerpt: ¢ YN U.S. FOOD & DRUG

ADMINISTRATION

NDA 212501
COMPLETE RESPONSE

Ricon Pharma, LLC

Agent for Ingenus Pharmaceuticals, LLC

Attention: Mukteeshwar Gande, Chief Scientific Officer
100 Ford Road, Su...",NOT US-INVESTABLE (UNVERIFIED),"Ricon Pharma, LLC",NDA 212501
C319,"Glenmark Pharmaceuticals, Inc.",,,See FDA letter,See FDA CRL letter - indication in application,2019-06-20,Safety concerns,,"https://api.fda.gov/transparency/crl.json?search=company_name:""Glenmark Pharmaceuticals, Inc.""",https://www.accessdata.fda.gov/scripts/cder/daf/index.cfm?event=overview.process&varApplNo=211746,Verified - FLAGGED (sponsor/equity not yet resolved),"openFDA CRL transparency API: application NDA 211746, letter date 06/20/2019, company Glenmark Pharmaceuticals, Inc.. File: 211746_2023_Orig1s000OtherActionLtrs.pdf. Reason: Safety concerns. Text excerpt: g YN U.S. FOOD & DRUG

ADMINISTRATION

NDA 211746
COMPLETE RESPONSE

Glenmark Pharmaceuticals, Inc.
750 Corporate Drive
Mahwah, NJ 07430

Attention: | Ed Lee, Senior Director
Regulatory Affairs — Inno...",NOT US-INVESTABLE (UNVERIFIED),"Glenmark Pharmaceuticals, Inc.",NDA 211746
C320,Chiesi Farmaceutici S.p.A.,,,See FDA letter,See FDA CRL letter - indication in application,2019-06-19,Safety concerns,,"https://api.fda.gov/transparency/crl.json?search=company_name:""Chiesi USA, Inc.""",https://www.accessdata.fda.gov/scripts/cder/daf/index.cfm?event=overview.process&varApplNo=202049,Verified - FLAGGED (sponsor/equity not yet resolved),"openFDA CRL transparency API: application NDA 202049, letter date 06/19/2019, company Chiesi USA, Inc.. File: 202049_2021_Orig1s000OtherActionLtrs.pdf. Reason: Safety concerns. Text excerpt: iPyN U.S. FOOD & DRUG

ADMINISTRATION

NDA 202049
COMPLETE RESPONSE

Chiesi USA, Inc.
175 Regency Woods Place, Suite 600
Cary, NC 27518

Attention: Vicki Gunto, PhD
US Head of Regulatory Affairs, R&D-...",PRIVATE / NO EQUITY,"Chiesi USA, Inc.",NDA 202049
C321,"Kashiv BioSciences, LLC",,,Theragrastim,See FDA CRL letter - indication in application,2019-06-11,Efficacy + Safety,,"https://api.fda.gov/transparency/crl.json?search=company_name:""Kashiv BioSciences, LLC""",https://www.accessdata.fda.gov/scripts/cder/daf/index.cfm?event=overview.process&varApplNo=761082,Verified - FLAGGED (sponsor/equity not yet resolved),"openFDA CRL transparency API: application BLA 761082, letter date 06/11/2019, company Kashiv BioSciences, LLC. File: 761082_2022_Orig1s000OtherActionLtrs.pdf. Reason: Efficacy + Safety. Text excerpt: (¢ ay U.S. FOOD & DRUG
x. ADMINISTRATION

BLA 761082
COMPLETE RESPONSE

Kashiv BioSciences, LLC

Attention: John Pakulski

Senior, Vice President, Global Regulatory Affairs
20 New England Avenue

Pisc...",NOT US-INVESTABLE (UNVERIFIED),"Kashiv BioSciences, LLC",BLA 761082
C322,Mylan Laboratories Limited,,,Acetaminophen,See FDA CRL letter - indication in application,2019-06-06,Safety concerns,,"https://api.fda.gov/transparency/crl.json?search=company_name:""Mylan Laboratories Limited""",https://www.accessdata.fda.gov/scripts/cder/daf/index.cfm?event=overview.process&varApplNo=206610,Verified - FLAGGED (sponsor/equity not yet resolved),"openFDA CRL transparency API: application NDA 206610, letter date 06/06/2019, company Mylan Laboratories Limited. File: 206610_2021_Orig1s000OtherActionLtrs.pdf. Reason: Safety concerns. Text excerpt: Lk U.S. FOOD & DRUG
a ADMINISTRATION

NDA 206610
COMPLETE RESPONSE
Mylan Laboratories Limited
c/o Mylan Pharmaceuticals Inc.
781 Chestnut Ridge Road
Morgantown, WV 26505

Attention: Shane Shupe
Direct...",NOT US-INVESTABLE (UNVERIFIED),Mylan Laboratories Limited,NDA 206610
C323,"Dr. Reddy’s Laboratories, Inc",,,Dr,See FDA CRL letter - indication in application,2019-05-03,CMC / Facility / GMP,,"https://api.fda.gov/transparency/crl.json?search=company_name:""Dr. Reddy’s Laboratories, Inc""",https://www.accessdata.fda.gov/scripts/cder/daf/index.cfm?event=overview.process&varApplNo=210852,Verified - FLAGGED (sponsor/equity not yet resolved),"openFDA CRL transparency API: application NDA 210852, letter date 05/03/2019, company Dr. Reddy’s Laboratories, Inc. File: 210852_2024_Orig1s000OtherActionLtrs.pdf. Reason: CMC / Facility / GMP. Text excerpt: sume,
ry

i SR DEPARTMENT OF HEALTH AND HUMAN SERVICES

nat Food and Drug Administration
Silver Spring, MD 20993

NDA 210852
COMPLETE RESPONSE

Dr. Reddy’s Laboratories, Inc

Attention: Srinivasa Rao,...",NOT US-INVESTABLE (UNVERIFIED),"Dr. Reddy’s Laboratories, Inc",NDA 210852
C324,Acacia Pharma Ltd,,,See FDA letter,See FDA CRL letter - indication in application,2019-05-02,Safety concerns,,"https://api.fda.gov/transparency/crl.json?search=company_name:""Acacia Pharma Ltd""",https://www.accessdata.fda.gov/scripts/cder/daf/index.cfm?event=overview.process&varApplNo=209510,Verified - FLAGGED (sponsor/equity not yet resolved),"openFDA CRL transparency API: application NDA 209510, letter date 05/02/2019, company Acacia Pharma Ltd. File: 209510_2020_Orig1s000OtherActionLtrs.pdf. Reason: Safety concerns. Text excerpt: sume,
ey

i SR DEPARTMENT OF HEALTH AND HUMAN SERVICES
rea

Net

Food and Drug Administration
Silver Spring MD 20993

NDA 209510
COMPLETE RESPONSE

Acacia Pharma Ltd

C/O Acacia Pharma, Inc.

Attentio...",NOT US-INVESTABLE (UNVERIFIED),Acacia Pharma Ltd,NDA 209510
C325,"Heron Therapeutics, Inc.",,,Bupivaca,See FDA CRL letter - indication in application,2019-04-30,Safety concerns,,"https://api.fda.gov/transparency/crl.json?search=company_name:""Heron Therapeutics, Inc.""",https://www.accessdata.fda.gov/scripts/cder/daf/index.cfm?event=overview.process&varApplNo=211988,Verified - FLAGGED (sponsor/equity not yet resolved),"openFDA CRL transparency API: application NDA 211988, letter date 04/30/2019, company Heron Therapeutics, Inc.. File: 211988_2022_Orig1s000OtherActionLtrs.pdf. Reason: Safety concerns. Text excerpt: ent,

*y
4 DEPARTMENT OF HEALTH AND HUMAN SERVICES

Z
i
%
a. Food and Drug Administration

Silver Spring MD 20993

NDA 211988
COMPLETE RESPONSE

Heron Therapeutics, Inc.
4242 Campus Point Court, Suite...",NOT US-INVESTABLE (UNVERIFIED),"Heron Therapeutics, Inc.",NDA 211988
C326,"Evoke Pharma, Inc.",,,Gimoti,See FDA CRL letter - indication in application,2019-04-01,Efficacy + Safety,,"https://api.fda.gov/transparency/crl.json?search=company_name:""Evoke Pharma, Inc.""",https://www.accessdata.fda.gov/scripts/cder/daf/index.cfm?event=overview.process&varApplNo=209388,Verified - FLAGGED (sponsor/equity not yet resolved),"openFDA CRL transparency API: application NDA 209388, letter date 04/01/2019, company Evoke Pharma, Inc.. File: 209388_2021_Orig1s000OtherActionLtrs.pdf. Reason: Efficacy + Safety. Text excerpt: Poin

>
i Gans OF HEALTH AND HUMAN SERVICES

Food and Drug Administration
Silver Spring MD 20993

NDA 209388
COMPLETE RESPONSE

Evoke Pharma, Inc.

Attention: Marilyn R. Carlson, DMD, MD
Chief Medical...",NOT US-INVESTABLE (UNVERIFIED),"Evoke Pharma, Inc.",NDA 209388
C327,"Proximagen, LLC",,,See FDA letter,See FDA CRL letter - indication in application,2019-03-29,CMC / Facility / GMP,,"https://api.fda.gov/transparency/crl.json?search=company_name:""Proximagen, LLC""",https://www.accessdata.fda.gov/scripts/cder/daf/index.cfm?event=overview.process&varApplNo=211321,Verified - FLAGGED (sponsor/equity not yet resolved),"openFDA CRL transparency API: application NDA 211321, letter date 03/29/2019, company Proximagen, LLC. File: 211321_2019_Orig1s000OtherActionLtrs.pdf. Reason: CMC / Facility / GMP. Text excerpt: Poin

>
i Gans OF HEALTH AND HUMAN SERVICES

Food and Drug Administration
Silver Spring MD 20993

NDA 211321
COMPLETE RESPONSE

Proximagen, LLC

Attention: Encarnacion Suarez, PharmD

Director, Global...",NOT US-INVESTABLE (UNVERIFIED),"Proximagen, LLC",NDA 211321
C328,IntelGenx Corp.,,,Rizaport,See FDA CRL letter - indication in application,2019-03-28,Safety concerns,,"https://api.fda.gov/transparency/crl.json?search=company_name:""IntelGenx Corp.""",https://www.accessdata.fda.gov/scripts/cder/daf/index.cfm?event=overview.process&varApplNo=205394,Verified - FLAGGED (sponsor/equity not yet resolved),"openFDA CRL transparency API: application NDA 205394, letter date 03/28/2019, company IntelGenx Corp.. File: 205394_2023_Orig1s000OtherActionLtrs.pdf. Reason: Safety concerns. Text excerpt: Fn

i € DEPARTMENT OF HEALTH AND HUMAN SERVICES
Prin Food and Drug Administration
Silver Spring MD 20993
NDA 205-394
COMPLETE RESPONSE
IntelGenx Corp.

Attention: Ross C. D'Emanuele
50 South Sixth Str...",NOT US-INVESTABLE (UNVERIFIED),IntelGenx Corp.,NDA 205394
C329,"Fera Pharmaceuticals, LLC",,,Avaclyr,See FDA CRL letter - indication in application,2019-03-28,Other - see FDA letter,,"https://api.fda.gov/transparency/crl.json?search=company_name:""Fera Pharmaceuticals, LLC""",https://www.accessdata.fda.gov/scripts/cder/daf/index.cfm?event=overview.process&varApplNo=202408,Verified - FLAGGED (sponsor/equity not yet resolved),"openFDA CRL transparency API: application NDA 202408, letter date 03/28/2019, company Fera Pharmaceuticals, LLC. File: 202408_2019_Orig1s000OtherActionLtrs.pdf. Reason: Other - see FDA letter. Text excerpt: pute

Mie

OAL

Cversxses OF HEALTH AND HUMAN SERVICES

a.

NDA 202408

Food and Drug Administration
Silver Spring MD 20993

RESCIND COMPLETE RESPONSE

Fera Pharmaceuticals, LLC
Attention: John D’ Ang...",NOT US-INVESTABLE (UNVERIFIED),"Fera Pharmaceuticals, LLC",NDA 202408
C330,"B. Braun Medical, Inc.",,,Acetaminophen Inject,See FDA CRL letter - indication in application,2019-03-27,Safety concerns,,"https://api.fda.gov/transparency/crl.json?search=company_name:""B. Braun Medical, Inc.""",https://www.accessdata.fda.gov/scripts/cder/daf/index.cfm?event=overview.process&varApplNo=204957,Verified - FLAGGED (sponsor/equity not yet resolved),"openFDA CRL transparency API: application NDA 204957, letter date 03/27/2019, company B. Braun Medical, Inc.. File: 204957_2021_Orig1s000OtherActionLtrs.pdf. Reason: Safety concerns. Text excerpt: pute

Mie

OAL

Cversxses OF HEALTH AND HUMAN SERVICES

a.

Food and Drug Administration
Silver Spring MD 20993

NDA 204957
COMPLETE RESPONSE

B. Braun Medical, Inc.
901 Marcon Blvd.
Allentown, PA 181...",NOT US-INVESTABLE (UNVERIFIED),"B. Braun Medical, Inc.",NDA 204957
C331,"Sedor Pharmaceuticals, LLC",,,See FDA letter,See FDA CRL letter - indication in application,2019-03-22,Safety concerns,,"https://api.fda.gov/transparency/crl.json?search=company_name:""Sedor Pharmaceuticals, LLC""",https://www.accessdata.fda.gov/scripts/cder/daf/index.cfm?event=overview.process&varApplNo=210864,Verified - FLAGGED (sponsor/equity not yet resolved),"openFDA CRL transparency API: application NDA 210864, letter date 03/22/2019, company Sedor Pharmaceuticals, LLC. File: 210864_2021_Orig1s000OtherActionLtrs.pdf. Reason: Safety concerns. Text excerpt: pute

Mie

OAL

Cversxses OF HEALTH AND HUMAN SERVICES

a.

Food and Drug Administration
Silver Spring MD 20993

NDA 210864
COMPLETE RESPONSE

Sedor Pharmaceuticals, LLC

Attention: Rick Lampe

Direct...",NOT US-INVESTABLE (UNVERIFIED),"Sedor Pharmaceuticals, LLC",NDA 210864
C332,Recro Pharma Inc.,,,Meloxicam Injection,See FDA CRL letter - indication in application,2019-03-22,Efficacy + Safety,,"https://api.fda.gov/transparency/crl.json?search=company_name:""Recro Pharma Inc.""",https://www.accessdata.fda.gov/scripts/cder/daf/index.cfm?event=overview.process&varApplNo=210583,Verified - FLAGGED (sponsor/equity not yet resolved),"openFDA CRL transparency API: application NDA 210583, letter date 03/22/2019, company Recro Pharma Inc.. File: 210583_2020_Orig1s000OtherActionLtrs.pdf. Reason: Efficacy + Safety. Text excerpt: -_

(Gorse OF HEALTH AND HUMAN SERVICES

Food and Drug Administration
Silver Spring, MD 20993

NDA 210583
COMPLETE RESPONSE

Recro Pharma Inc.
490 Lapp Road
Malvern, PA 19355

Attention: Diane P. Myer...",NOT US-INVESTABLE (UNVERIFIED),Recro Pharma Inc.,NDA 210583
C333,Sunovion Pharmaceuticals Inc.,,,See FDA letter,See FDA CRL letter - indication in application,2019-01-29,Safety concerns,,"https://api.fda.gov/transparency/crl.json?search=company_name:""Sunovion Pharmaceuticals Inc.""",https://www.accessdata.fda.gov/scripts/cder/daf/index.cfm?event=overview.process&varApplNo=210875,Verified - FLAGGED (sponsor/equity not yet resolved),"openFDA CRL transparency API: application NDA 210875, letter date 01/29/2019, company Sunovion Pharmaceuticals Inc.. File: 210875_2020_Orig1s000OtherActionLtrs.pdf. Reason: Safety concerns. Text excerpt: sce,
” %y

i € DEPARTMENT OF HEALTH AND HUMAN SERVICES

a.

Food and Drug Administration
Silver Spring MD 20993

NDA 210875
COMPLETE RESPONSE

Sunovion Pharmaceuticals Inc.
Attention: Sonya A. Roeloff...",NOT US-INVESTABLE (UNVERIFIED),Sunovion Pharmaceuticals Inc.,NDA 210875
C334,"Vero Biotech, LLC",,,See FDA letter,See FDA CRL letter - indication in application,2019-01-23,Safety concerns,,"https://api.fda.gov/transparency/crl.json?search=company_name:""Vero Biotech, LLC""",https://www.accessdata.fda.gov/scripts/cder/daf/index.cfm?event=overview.process&varApplNo=202860,Verified - FLAGGED (sponsor/equity not yet resolved),"openFDA CRL transparency API: application NDA 202860, letter date 01/23/2019, company Vero Biotech, LLC. File: 202860_2019_Orig1s000OtherActionLtrs.pdf. Reason: Safety concerns. Text excerpt: pute

Mie

OAL

(Gas OF HEALTH AND HUMAN SERVICES

a.

Food and Drug Administration
Silver Spring MD 20993

NDA 202860
COMPLETE RESPONSE

Vero Biotech, LLC

Attention: Alfred W. Schweikert, PhD, RAC
V...",NOT US-INVESTABLE (UNVERIFIED),"Vero Biotech, LLC",NDA 202860
C335,"Immunomedics, Inc",,,See FDA letter,See FDA CRL letter - indication in application,2019-01-17,Efficacy + Safety,,"https://api.fda.gov/transparency/crl.json?search=company_name:""Immunomedics, Inc""",https://www.accessdata.fda.gov/scripts/cder/daf/index.cfm?event=overview.process&varApplNo=761115,Verified - FLAGGED (sponsor/equity not yet resolved),"openFDA CRL transparency API: application BLA 761115, letter date 01/17/2019, company Immunomedics, Inc. File: 761115_2020_Orig1s000OtherActionLtrs.pdf. Reason: Efficacy + Safety. Text excerpt: eM,
”
i DEPARTMENT OF HEALTH AND HUMAN SERVICES
SS Food and Drug Administration

Silver Spring MD 20993

BLA 761115
COMPLETE RESPONSE

Immunomedics, Inc

Attention: Diane Whiteley

Vice President, Reg...",NOT US-INVESTABLE (UNVERIFIED),"Immunomedics, Inc",BLA 761115
C336,AuroMedics Pharma LLC,,,See FDA letter,See FDA CRL letter - indication in application,2019-01-15,Safety concerns,,"https://api.fda.gov/transparency/crl.json?search=company_name:""AuroMedics Pharma LLC""",https://www.accessdata.fda.gov/scripts/cder/daf/index.cfm?event=overview.process&varApplNo=210735,Verified - FLAGGED (sponsor/equity not yet resolved),"openFDA CRL transparency API: application NDA 210735, letter date 01/15/2019, company AuroMedics Pharma LLC. File: 210735_2022_Orig1s000OtherActionLtrs.pdf. Reason: Safety concerns. Text excerpt: on,

me

¢ DEPARTMENT OF HEALTH AND HUMAN SERVICES

Food and Drug Administration
Silver Spring MD 20993

NDA 210735
COMPLETE RESPONSE

AuroMedics Pharma LLC
Attention: Vincent P. Andolina
Vice Preside...",NOT US-INVESTABLE (UNVERIFIED),AuroMedics Pharma LLC,NDA 210735
C337,Braeburn Pharmaceuticals Inc.,,,See FDA letter,See FDA CRL letter - indication in application,2018-12-21,Safety concerns,,"https://api.fda.gov/transparency/crl.json?search=company_name:""Braeburn Pharmaceuticals Inc.""",https://www.accessdata.fda.gov/scripts/cder/daf/index.cfm?event=overview.process&varApplNo=210136,Verified - FLAGGED (sponsor/equity not yet resolved),"openFDA CRL transparency API: application NDA 210136, letter date 12/21/2018, company Braeburn Pharmaceuticals Inc.. File: 210136_2024_Orig1s000OtherActionLtrs.pdf. Reason: Safety concerns. Text excerpt: Py
i Gans OF HEALTH AND HUMAN SERVICES

Food and Drug Administration
Silver Spring, MD 20993

NDA 210136
TENTATIVE APPROVAL

Braeburn Pharmaceuticals Inc.
47 Hulfish Street

Suite 441

Princeton, NJ 0...",NOT US-INVESTABLE (UNVERIFIED),Braeburn Pharmaceuticals Inc.,NDA 210136
C338,"International Medication Systems, Limited",,,See FDA letter,See FDA CRL letter - indication in application,2018-12-12,Safety concerns,,"https://api.fda.gov/transparency/crl.json?search=company_name:""International Medication Systems, Limited""",https://www.accessdata.fda.gov/scripts/cder/daf/index.cfm?event=overview.process&varApplNo=211363,Verified - FLAGGED (sponsor/equity not yet resolved),"openFDA CRL transparency API: application NDA 211363, letter date 12/12/2018, company International Medication Systems, Limited. File: 211363_2023_Orig1s000OtherActionLtrs.pdf. Reason: Safety concerns. Text excerpt: mtg,

Wa DEPARTMENT OF HEALTH AND HUMAN SERVICES

or tA,

""aa Food and Drug Administration
Silver Spring MD 20993

NDA 211363
COMPLETE RESPONSE

International Medication Systems, Limited
Attention: Gi...",NOT US-INVESTABLE (UNVERIFIED),"International Medication Systems, Limited",NDA 211363
C339,Innocoll Pharmaceuticals,,,See FDA letter,See FDA CRL letter - indication in application,2018-11-30,Safety concerns,,"https://api.fda.gov/transparency/crl.json?search=company_name:""Innocoll Pharmaceuticals""",https://www.accessdata.fda.gov/scripts/cder/daf/index.cfm?event=overview.process&varApplNo=209511,Verified - FLAGGED (sponsor/equity not yet resolved),"openFDA CRL transparency API: application NDA 209511, letter date 11/30/2018, company Innocoll Pharmaceuticals. File: 209511_2021_Orig1s000OtherActionLtrs.pdf. Reason: Safety concerns. Text excerpt: fy
i LG rvoses OF HEALTH AND HUMAN SERVICES

Food and Drug Administration
Silver Spring MD 20993

NDA 209511
COMPLETE RESPONSE

Innocoll Pharmaceuticals
c/o The Weinberg Group
3803 West Chester Pike
N...",NOT US-INVESTABLE (UNVERIFIED),Innocoll Pharmaceuticals,NDA 209511
C340,Valeant Pharmaceuticals Ireland,,,See FDA letter,See FDA CRL letter - indication in application,2018-11-20,Safety concerns,,"https://api.fda.gov/transparency/crl.json?search=company_name:""Valeant Pharmaceuticals Ireland""",https://www.accessdata.fda.gov/scripts/cder/daf/index.cfm?event=overview.process&varApplNo=210821,Verified - FLAGGED (sponsor/equity not yet resolved),"openFDA CRL transparency API: application NDA 210821, letter date 11/20/2018, company Valeant Pharmaceuticals Ireland. File: 210821_2019_Orig1s000OtherActionLtrs.pdf. Reason: Safety concerns. Text excerpt: pute

Mie

OAL

Cversxses OF HEALTH AND HUMAN SERVICES

a.

Food and Drug Administration
Silver Spring MD 20993

NDA 210821
COMPLETE RESPONSE

Valeant Pharmaceuticals Ireland
c/o Paragon BioTeck Inc.
...",NOT US-INVESTABLE (UNVERIFIED),Valeant Pharmaceuticals Ireland,NDA 210821
C341,InnoPharma Licensing LLC,,,Acetaminop,See FDA CRL letter - indication in application,2018-11-09,Safety concerns,,"https://api.fda.gov/transparency/crl.json?search=company_name:""InnoPharma Licensing LLC""",https://www.accessdata.fda.gov/scripts/cder/daf/index.cfm?event=overview.process&varApplNo=206968,Verified - FLAGGED (sponsor/equity not yet resolved),"openFDA CRL transparency API: application NDA 206968, letter date 11/09/2018, company InnoPharma Licensing LLC. File: 206968_2023_Orig1s000OtherActionLtrs.pdf. Reason: Safety concerns. Text excerpt: ser,
GO ” y

>
i SC DEPARTMENT OF HEALTH AND HUMAN SERVICES

%
“amt Food and Drug Administration
Silver Spring MD 20993

NDA 206968
COMPLETE RESPONSE
InnoPharma Licensing LLC
100 Route 206 North
PPK3/...",NOT US-INVESTABLE (UNVERIFIED),InnoPharma Licensing LLC,NDA 206968
C342,"Trevena, Inc.",,,Oliceridine,See FDA CRL letter - indication in application,2018-11-02,Safety concerns,,"https://api.fda.gov/transparency/crl.json?search=company_name:""Trevena, Inc.""",https://www.accessdata.fda.gov/scripts/cder/daf/index.cfm?event=overview.process&varApplNo=210730,Verified - FLAGGED (sponsor/equity not yet resolved),"openFDA CRL transparency API: application NDA 210730, letter date 11/02/2018, company Trevena, Inc.. File: 210730_2020_Orig1s000OtherActionLtrs.pdf. Reason: Safety concerns. Text excerpt: pute

Mie

OAL

Cversxses OF HEALTH AND HUMAN SERVICES

a.

Food and Drug Administration
Silver Spring MD 20993

NDA 210730
COMPLETE RESPONSE

Trevena, Inc.
955 Chesterbrook Blvd. Suite 200
Chesterbro...",NOT US-INVESTABLE (UNVERIFIED),"Trevena, Inc.",NDA 210730
C343,HQ Specialty Pharma Corporation,,,See FDA letter,See FDA CRL letter - indication in application,2018-10-19,Safety concerns,,"https://api.fda.gov/transparency/crl.json?search=company_name:""HQ Specialty Pharma Corporation""",https://www.accessdata.fda.gov/scripts/cder/daf/index.cfm?event=overview.process&varApplNo=211413,Verified - FLAGGED (sponsor/equity not yet resolved),"openFDA CRL transparency API: application NDA 211413, letter date 10/19/2018, company HQ Specialty Pharma Corporation. File: 211413_2024_Orig1s000OtherActionLtrs.pdf. Reason: Safety concerns. Text excerpt: suey,

oA MEANY,

ey
SO DEPARTMENT OF HEALTH AND HUMAN SERVICES

Food and Drug Administration
Silver Spring MD 20993

NDA 211413
COMPLETE RESPONSE

HQ Specialty Pharma Corporation
Attention: Jeanne Sq...",NOT US-INVESTABLE (UNVERIFIED),HQ Specialty Pharma Corporation,NDA 211413
C344,Acacia Pharma Ltd,,,See FDA letter,See FDA CRL letter - indication in application,2018-10-05,Safety concerns,,"https://api.fda.gov/transparency/crl.json?search=company_name:""Acacia Pharma Ltd""",https://www.accessdata.fda.gov/scripts/cder/daf/index.cfm?event=overview.process&varApplNo=209510,Verified - FLAGGED (sponsor/equity not yet resolved),"openFDA CRL transparency API: application NDA 209510, letter date 10/05/2018, company Acacia Pharma Ltd. File: 209510_2020_Orig1s000OtherActionLtrs.pdf. Reason: Safety concerns. Text excerpt: wo

sy

? “%y
i 4 DEPARTMENT OF HEALTH AND HUMAN SERVICES
‘Waa

Food and Drug Administration
Silver Spring, MD 20993

NDA 209510
COMPLETE RESPONSE

Acacia Pharma Ltd

C/o Acacia Pharma Inc.
Attention:...",NOT US-INVESTABLE (UNVERIFIED),Acacia Pharma Ltd,NDA 209510
C345,"AB Pharmaceuticals, LLC",,,Macleods Pharmaceuticals Limited,See FDA CRL letter - indication in application,2018-09-12,CMC / Facility / GMP,,"https://api.fda.gov/transparency/crl.json?search=company_name:""AB Pharmaceuticals, LLC""",https://www.accessdata.fda.gov/scripts/cder/daf/index.cfm?event=overview.process&varApplNo=210649,Verified - FLAGGED (sponsor/equity not yet resolved),"openFDA CRL transparency API: application NDA 210649, letter date 09/12/2018, company AB Pharmaceuticals, LLC. File: 210649_2019_Orig1s000OtherActionLtrs.pdf. Reason: CMC / Facility / GMP. Text excerpt: pute

Mie

OAL

€ DEPARTMENT OF HEALTH AND HUMAN SERVICES

a.

Food and Drug Administration
Silver Spring MD 20993

NDA 210649
COMPLETE RESPONSE

AB Pharmaceuticals, LLC

U.S. Agent for Macleods Pharm...",NOT US-INVESTABLE (UNVERIFIED),"AB Pharmaceuticals, LLC",NDA 210649
C346,Daiichi Sankyo Inc.,,,See FDA letter,See FDA CRL letter - indication in application,2018-08-24,CMC / Facility / GMP,,"https://api.fda.gov/transparency/crl.json?search=company_name:""Daiichi Sankyo Inc.""",https://www.accessdata.fda.gov/scripts/cder/daf/index.cfm?event=overview.process&varApplNo=210895,Verified - FLAGGED (sponsor/equity not yet resolved),"openFDA CRL transparency API: application NDA 210895, letter date 08/24/2018, company Daiichi Sankyo Inc.. File: 210895_2019_Orig1s000OtherActionLtrs.pdf. Reason: CMC / Facility / GMP. Text excerpt: pute

Mie

OAL

(@ DEPARTMENT OF HEALTH AND HUMAN SERVICES

at Food and Drug Administration

Silver Spring MD 20993

NDA 210895
COMPLETE RESPONSE

Daiichi Sankyo Inc.

Attention: Linda Nelson, PhD
Dir...",NOT US-INVESTABLE (UNVERIFIED),Daiichi Sankyo Inc.,NDA 210895
C347,"Tris Pharma, Inc.",,,See FDA letter,See FDA CRL letter - indication in application,2018-07-25,Safety concerns,,"https://api.fda.gov/transparency/crl.json?search=company_name:""Tris Pharma, Inc.""",https://www.accessdata.fda.gov/scripts/cder/daf/index.cfm?event=overview.process&varApplNo=210526,Verified - FLAGGED (sponsor/equity not yet resolved),"openFDA CRL transparency API: application NDA 210526, letter date 07/25/2018, company Tris Pharma, Inc.. File: 210526_2022_Orig1s000OtherActionLtrs.pdf. Reason: Safety concerns. Text excerpt: pute

Mie

OAL

€ DEPARTMENT OF HEALTH AND HUMAN SERVICES

a.

Food and Drug Administration
Silver Spring, MD 20993

NDA 210526
COMPLETE RESPONSE

Tris Pharma, Inc.

Attention: Norma J. Cappetti

Vice...",NOT US-INVESTABLE (UNVERIFIED),"Tris Pharma, Inc.",NDA 210526
C348,"Dr. Reddy’s Laboratories, Inc",,,Dr,See FDA CRL letter - indication in application,2018-07-24,Safety concerns,,"https://api.fda.gov/transparency/crl.json?search=company_name:""Dr. Reddy’s Laboratories, Inc""",https://www.accessdata.fda.gov/scripts/cder/daf/index.cfm?event=overview.process&varApplNo=210852,Verified - FLAGGED (sponsor/equity not yet resolved),"openFDA CRL transparency API: application NDA 210852, letter date 07/24/2018, company Dr. Reddy’s Laboratories, Inc. File: 210852_2024_Orig1s000OtherActionLtrs.pdf. Reason: Safety concerns. Text excerpt: ser,
GO ” y

>
i SC DEPARTMENT OF HEALTH AND HUMAN SERVICES

%
“eet Food and Drug Administration
Silver Spring MD 20993

NDA 210852
COMPLETE RESPONSE

Dr. Reddy’s Laboratories, Inc

Attention: Sriniva...",NOT US-INVESTABLE (UNVERIFIED),"Dr. Reddy’s Laboratories, Inc",NDA 210852
C349,Lannett Company Inc.,,,Cocaine Hydrochloride,See FDA CRL letter - indication in application,2018-07-20,Safety concerns,,"https://api.fda.gov/transparency/crl.json?search=company_name:""Lannett Holdings, Inc.""",https://www.accessdata.fda.gov/scripts/cder/daf/index.cfm?event=overview.process&varApplNo=209575,Verified - FLAGGED (sponsor/equity not yet resolved),"openFDA CRL transparency API: application NDA 209575, letter date 07/20/2018, company Lannett Holdings, Inc.. File: 209575_2020_Orig1s000OtherActionLtrs.pdf. Reason: Safety concerns. Text excerpt: some

3
i LC DEPARTMENT OF HEALTH AND HUMAN SERVICES
2 oe

Food and Drug Administration
Silver Spring MD 20993

NDA 209575
COMPLETE RESPONSE

Lannett Holdings, Inc.
13200 Townsend Road
Philadelphia, P...",FORMERLY US-LISTED (DELISTED/ACQUIRED),"Lannett Holdings, Inc.",NDA 209575
C350,"Actavis LLC, an indirect, wholly-owned subsidiary of Teva Pharmaceuticals U.S.A. Inc.",,,See FDA letter,See FDA CRL letter - indication in application,2018-06-26,Safety concerns,,"https://api.fda.gov/transparency/crl.json?search=company_name:""Actavis LLC, an indirect, wholly-owned subsidiary of Teva Pharmaceuticals U.S.A. Inc.""",https://www.accessdata.fda.gov/scripts/cder/daf/index.cfm?event=overview.process&varApplNo=208419,Verified - FLAGGED (sponsor/equity not yet resolved),"openFDA CRL transparency API: application NDA 208419, letter date 06/26/2018, company Actavis LLC, an indirect, wholly-owned subsidiary of Teva Pharmaceuticals U.S.A. Inc.. File: 208419_2021_Orig1s000OtherActionLtrs.pdf. Reason: Safety concerns. Text excerpt: 9

>

i Ga OF HEALTH AND HUMAN SERVICES

Food and Drug Administration
Silver Spring MD 20993

NDA 208419
COMPLETE RESPONSE

Actavis LLC, an indirect, wholly-owned subsidiary of Teva Pharmaceuticals U....",NOT US-INVESTABLE (UNVERIFIED),"Actavis LLC, an indirect, wholly-owned subsidiary of Teva Pharmaceuticals U.S.A. Inc.",NDA 208419
C351,"Metacel Pharmaceuticals, LLC",,,Ozobax,See FDA CRL letter - indication in application,2018-06-25,Clinical / Trial design,,"https://api.fda.gov/transparency/crl.json?search=company_name:""Metacel Pharmaceuticals, LLC""",https://www.accessdata.fda.gov/scripts/cder/daf/index.cfm?event=overview.process&varApplNo=208193,Verified - FLAGGED (sponsor/equity not yet resolved),"openFDA CRL transparency API: application NDA 208193, letter date 06/25/2018, company Metacel Pharmaceuticals, LLC. File: 208193_2019_Orig1s000OtherActionLtrs.pdf. Reason: Clinical / Trial design. Text excerpt: ra
i CGeomwoes OF HEALTH AND HUMAN SERVICES

Food and Drug Administration
Silver Spring MD 20993

NDA 208193
COMPLETE RESPONSE

Metacel Pharmaceuticals, LLC

Attention: Jeff Bryant, Chief Operating Of...",NOT US-INVESTABLE (UNVERIFIED),"Metacel Pharmaceuticals, LLC",NDA 208193
C352,"Dow Pharmaceutical Sciences, Inc.",,,See FDA letter,See FDA CRL letter - indication in application,2018-06-15,Safety concerns,,"https://api.fda.gov/transparency/crl.json?search=company_name:""Dow Pharmaceutical Sciences, Inc.""",https://www.accessdata.fda.gov/scripts/cder/daf/index.cfm?event=overview.process&varApplNo=209354,Verified - FLAGGED (sponsor/equity not yet resolved),"openFDA CRL transparency API: application NDA 209354, letter date 06/15/2018, company Dow Pharmaceutical Sciences, Inc.. File: 209354_2019_Orig1s000OtherActionLtrs.pdf. Reason: Safety concerns. Text excerpt: pute,

Mie

OAL

4 DEPARTMENT OF HEALTH AND HUMAN SERVICES

Food and Drug Administration
Silver Spring MD 20993

NDA 209354
COMPLETE RESPONSE

Dow Pharmaceutical Sciences, Inc.

c/o Valeant Pharmaceut...",NOT US-INVESTABLE (UNVERIFIED),"Dow Pharmaceutical Sciences, Inc.",NDA 209354
C353,Zhejiang Novus Pharmaceuticals Co. Ltd.,,,See FDA letter,See FDA CRL letter - indication in application,2018-06-15,Safety concerns,,"https://api.fda.gov/transparency/crl.json?search=company_name:""Zhejiang Novus Pharmaceuticals Co. Ltd.""",https://www.accessdata.fda.gov/scripts/cder/daf/index.cfm?event=overview.process&varApplNo=210274,Verified - FLAGGED (sponsor/equity not yet resolved),"openFDA CRL transparency API: application NDA 210274, letter date 06/15/2018, company Zhejiang Novus Pharmaceuticals Co. Ltd.. File: 210274_2023_Orig1s000OtherActionLtrs.pdf. Reason: Safety concerns. Text excerpt: rs,

i SA DEPARTMENT OF HEALTH AND HUMAN SERVICES
Sone Food and Drug Administration
Silver Spring, MD 20993
NDA 210274

COMPLETE RESPONSE

Zhejiang Novus Pharmaceuticals Co. Ltd.

c/o NSF Health Scien...",NOT US-INVESTABLE (UNVERIFIED),Zhejiang Novus Pharmaceuticals Co. Ltd.,NDA 210274
C354,"scPharmaceuticals, Inc.",,,See FDA letter,See FDA CRL letter - indication in application,2018-06-11,Safety concerns,,"https://api.fda.gov/transparency/crl.json?search=company_name:""scPharmaceuticals, Inc.""",https://www.accessdata.fda.gov/scripts/cder/daf/index.cfm?event=overview.process&varApplNo=209988,Verified - FLAGGED (sponsor/equity not yet resolved),"openFDA CRL transparency API: application NDA 209988, letter date 06/11/2018, company scPharmaceuticals, Inc.. File: 209988_2023_Orig1s000OtherActionLtrs.pdf. Reason: Safety concerns. Text excerpt: ser,
GO ” y

>
i SC DEPARTMENT OF HEALTH AND HUMAN SERVICES

%
“eet Food and Drug Administration
Silver Spring MD 20993

NDA 209988
COMPLETE RESPONSE

scPharmaceuticals, Inc.

Attention: Sanjay Sehgal...",NOT US-INVESTABLE (UNVERIFIED),"scPharmaceuticals, Inc.",NDA 209988
C045,Amgen Inc.,AMGN,NASDAQ,Kanjinti,See FDA CRL letter - indication in application,2018-05-25,Safety concerns,,"https://api.fda.gov/transparency/crl.json?search=company_name:""Amgen Inc.""",https://www.accessdata.fda.gov/scripts/cder/daf/index.cfm?event=overview.process&varApplNo=761073,Verified - openFDA CRL transparency API,"openFDA CRL transparency API: application BLA 761073, letter date 05/25/2018, company Amgen Inc.. File: 761073_2019_Orig1s000OtherActionLtrs.pdf. Reason: Safety concerns. Text excerpt: 9

>

i Ga OF HEALTH AND HUMAN SERVICES

Food and Drug Administration
Silver Spring MD 20993

BLA 761073
COMPLETE RESPONSE

Amgen Inc.

Attention: Jennifer Khiem

Manager, Global Biosimilars Regulator...",US-LISTED,Amgen Inc.,BLA 761073
C356,Recro Pharma Inc.,,,See FDA letter,See FDA CRL letter - indication in application,2018-05-23,Safety concerns,,"https://api.fda.gov/transparency/crl.json?search=company_name:""Recro Pharma Inc.""",https://www.accessdata.fda.gov/scripts/cder/daf/index.cfm?event=overview.process&varApplNo=210583,Verified - FLAGGED (sponsor/equity not yet resolved),"openFDA CRL transparency API: application NDA 210583, letter date 05/23/2018, company Recro Pharma Inc.. File: 210583_2020_Orig1s000OtherActionLtrs.pdf. Reason: Safety concerns. Text excerpt: 9

>

i Ga OF HEALTH AND HUMAN SERVICES

Food and Drug Administration
Silver Spring MD 20993

NDA 210583
COMPLETE RESPONSE

Recro Pharma Inc.
490 Lapp Road
Malvern, PA 19355

Attention: Diane P. Myers...",NOT US-INVESTABLE (UNVERIFIED),Recro Pharma Inc.,NDA 210583
C357,Mylan GmbH,,,See FDA letter,See FDA CRL letter - indication in application,2018-05-17,Efficacy + Safety,,"https://api.fda.gov/transparency/crl.json?search=company_name:""Mylan GmbH""",https://www.accessdata.fda.gov/scripts/cder/daf/index.cfm?event=overview.process&varApplNo=210605,Verified - FLAGGED (sponsor/equity not yet resolved),"openFDA CRL transparency API: application NDA 210605, letter date 05/17/2018, company Mylan GmbH. File: 210605_2020_Orig1s000OtherActionLtrs.pdf. Reason: Efficacy + Safety. Text excerpt: pute

Mie

OAL

€ DEPARTMENT OF HEALTH AND HUMAN SERVICES

a.

Food and Drug Administration
Silver Spring MD 20993

NDA 210605
COMPLETE RESPONSE

Mylan GmbH

Attention: Suzanne Kiani

Senior Director,...",NOT US-INVESTABLE (UNVERIFIED),Mylan GmbH,NDA 210605
C358,"Evolus, Inc.",,,See FDA letter,See FDA CRL letter - indication in application,2018-05-15,Safety concerns,,"https://api.fda.gov/transparency/crl.json?search=company_name:""Evolus, Inc.""",https://www.accessdata.fda.gov/scripts/cder/daf/index.cfm?event=overview.process&varApplNo=761085,Verified - FLAGGED (sponsor/equity not yet resolved),"openFDA CRL transparency API: application BLA 761085, letter date 05/15/2018, company Evolus, Inc.. File: 761085_2019_Orig1s000OtherActionLtrs.pdf. Reason: Safety concerns. Text excerpt: pute

€ DEPARTMENT OF HEALTH AND HUMAN SERVICES

Mie

OAL

at Food and Drug Administration
Silver Spring MD 20993
BLA 761085
COMPLETE RESPONSE
Evolus, Inc.

Attention: Adelbert Stagg, PhD
Vice Preside...",NOT US-INVESTABLE (UNVERIFIED),"Evolus, Inc.",BLA 761085
C359,"Adello Biologics, LLC",,,See FDA letter,See FDA CRL letter - indication in application,2018-05-10,Safety concerns,,"https://api.fda.gov/transparency/crl.json?search=company_name:""Adello Biologics, LLC""",https://www.accessdata.fda.gov/scripts/cder/daf/index.cfm?event=overview.process&varApplNo=761082,Verified - FLAGGED (sponsor/equity not yet resolved),"openFDA CRL transparency API: application BLA 761082, letter date 05/10/2018, company Adello Biologics, LLC. File: 761082_2022_Orig1s000OtherActionLtrs.pdf. Reason: Safety concerns. Text excerpt: 9

>

i Ga OF HEALTH AND HUMAN SERVICES

Food and Drug Administration
Silver Spring MD 20993

BLA 761082
COMPLETE RESPONSE

Adello Biologics, LLC

Attention: Joel Brittain, PhD

Senior Associate, Glob...",NOT US-INVESTABLE (UNVERIFIED),"Adello Biologics, LLC",BLA 761082
C360,AuroMedics Pharma LLC,,,See FDA letter,See FDA CRL letter - indication in application,2018-04-26,Safety concerns,,"https://api.fda.gov/transparency/crl.json?search=company_name:""AuroMedics Pharma LLC""",https://www.accessdata.fda.gov/scripts/cder/daf/index.cfm?event=overview.process&varApplNo=210735,Verified - FLAGGED (sponsor/equity not yet resolved),"openFDA CRL transparency API: application NDA 210735, letter date 04/26/2018, company AuroMedics Pharma LLC. File: 210735_2022_Orig1s000OtherActionLtrs.pdf. Reason: Safety concerns. Text excerpt: on,

me

¢ DEPARTMENT OF HEALTH AND HUMAN SERVICES

Food and Drug Administration
Silver Spring MD 20993

NDA 210735
COMPLETE RESPONSE

AuroMedics Pharma LLC
Attention: Vincent P. Andolina
Vice Preside...",NOT US-INVESTABLE (UNVERIFIED),AuroMedics Pharma LLC,NDA 210735
C046,Pfizer Inc.,PFE,NYSE,Trazimera,See FDA CRL letter - indication in application,2018-04-20,Safety concerns,,"https://api.fda.gov/transparency/crl.json?search=company_name:""Pfizer Inc.""",https://www.accessdata.fda.gov/scripts/cder/daf/index.cfm?event=overview.process&varApplNo=761081,Verified - openFDA CRL transparency API,"openFDA CRL transparency API: application BLA 761081, letter date 04/20/2018, company Pfizer Inc.. File: 761081_2019_Orig1s000OtherActionLtrs.pdf. Reason: Safety concerns. Text excerpt: pute

Mie

OAL

€ DEPARTMENT OF HEALTH AND HUMAN SERVICES

a.

Food and Drug Administration
Silver Spring MD 20993

BLA 761081
COMPLETE RESPONSE

Pfizer Inc.

Attention: Scott C. Anderson, MS

Directo...",US-LISTED,Pfizer Inc.,BLA 761081
C362,"CELLTRION, Inc.",,,See FDA letter,See FDA CRL letter - indication in application,2018-03-30,Safety concerns,,"https://api.fda.gov/transparency/crl.json?search=company_name:""CELLTRION, Inc.""",https://www.accessdata.fda.gov/scripts/cder/daf/index.cfm?event=overview.process&varApplNo=761091,Verified - FLAGGED (sponsor/equity not yet resolved),"openFDA CRL transparency API: application BLA 761091, letter date 03/30/2018, company CELLTRION, Inc.. File: 761091_2018_Orig1s000OtherActionLtrs.pdf. Reason: Safety concerns. Text excerpt: pute,

Mie

OAL

4 DEPARTMENT OF HEALTH AND HUMAN SERVICES

Food and Drug Administration
Silver Spring MD 20993

BLA 761091
COMPLETE RESPONSE

CELLTRION, Inc.

c/o PAREXEL International
Attention: Lot...",NOT US-INVESTABLE (UNVERIFIED),"CELLTRION, Inc.",BLA 761091
C363,"Samsung Bioepis Co., Ltd.",,,See FDA letter,See FDA CRL letter - indication in application,2018-03-23,Safety concerns,,"https://api.fda.gov/transparency/crl.json?search=company_name:""Samsung Bioepis Co., Ltd.""",https://www.accessdata.fda.gov/scripts/cder/daf/index.cfm?event=overview.process&varApplNo=761066,Verified - FLAGGED (sponsor/equity not yet resolved),"openFDA CRL transparency API: application BLA 761066, letter date 03/23/2018, company Samsung Bioepis Co., Ltd.. File: 761066_2019_Orig1s000OtherActionLtrs.pdf. Reason: Safety concerns. Text excerpt: Poin

>
i Gans OF HEALTH AND HUMAN SERVICES

Food and Drug Administration
Silver Spring MD 20993

BLA 761066
COMPLETE RESPONSE

Samsung Bioepis Co., Ltd.

c/o Biologics Consulting Group, Inc.
400 N. W...",NOT US-INVESTABLE (UNVERIFIED),"Samsung Bioepis Co., Ltd.",BLA 761066
C364,"Clarus Therapeutics, Inc.",,,See FDA letter,See FDA CRL letter - indication in application,2018-03-22,Efficacy + Safety,,"https://api.fda.gov/transparency/crl.json?search=company_name:""Clarus Therapeutics, Inc.""",https://www.accessdata.fda.gov/scripts/cder/daf/index.cfm?event=overview.process&varApplNo=206089,Verified - FLAGGED (sponsor/equity not yet resolved),"openFDA CRL transparency API: application NDA 206089, letter date 03/22/2018, company Clarus Therapeutics, Inc.. File: 206089_2019_Orig1s000OtherActionLtrs.pdf. Reason: Efficacy + Safety. Text excerpt: suing,
ey

i St DEPARTMENT OF HEALTH AND HUMAN SERVICES

aaa Food and Drug Administration
Silver Spring MD 20993

NDA 206089
COMPLETE RESPONSE

Clarus Therapeutics, Inc.
Attention: Robert E. Dudley, P...",NOT US-INVESTABLE (UNVERIFIED),"Clarus Therapeutics, Inc.",NDA 206089
C047,Pfizer Inc.,PFE,NYSE,See FDA letter,See FDA CRL letter - indication in application,2018-03-19,Safety concerns,,"https://api.fda.gov/transparency/crl.json?search=company_name:""Hospira, Inc.""",https://www.accessdata.fda.gov/scripts/cder/daf/index.cfm?event=overview.process&varApplNo=210282,Verified - openFDA CRL transparency API,"openFDA CRL transparency API: application NDA 210282, letter date 03/19/2018, company Hospira, Inc.. File: 210282_2022_Orig1s000OtherActionLtrs.pdf. Reason: Safety concerns. Text excerpt: ser,
GO ” y

>
i SC DEPARTMENT OF HEALTH AND HUMAN SERVICES

%
“amt Food and Drug Administration
Silver Spring MD 20993

NDA 210282
COMPLETE RESPONSE

Hospira, Inc.

Attention: Kristina McIntyre

Seni...",US-LISTED,"Hospira, Inc.",NDA 210282
C366,"AB Pharmaceuticals, LLC",,,Macleods Pharmaceuticals Limited,See FDA CRL letter - indication in application,2018-03-13,CMC / Facility / GMP,,"https://api.fda.gov/transparency/crl.json?search=company_name:""AB Pharmaceuticals, LLC""",https://www.accessdata.fda.gov/scripts/cder/daf/index.cfm?event=overview.process&varApplNo=210649,Verified - FLAGGED (sponsor/equity not yet resolved),"openFDA CRL transparency API: application NDA 210649, letter date 03/13/2018, company AB Pharmaceuticals, LLC. File: 210649_2019_Orig1s000OtherActionLtrs.pdf. Reason: CMC / Facility / GMP. Text excerpt: pute

Mie

OAL

€ DEPARTMENT OF HEALTH AND HUMAN SERVICES

a.

Food and Drug Administration
Silver Spring MD 20993

NDA 210649
COMPLETE RESPONSE

AB Pharmaceuticals, LLC

U.S. Agent for Macleods Pharm...",NOT US-INVESTABLE (UNVERIFIED),"AB Pharmaceuticals, LLC",NDA 210649
C367,"CELLTRION, Inc.",,,See FDA letter,See FDA CRL letter - indication in application,2018-02-28,Safety concerns,,"https://api.fda.gov/transparency/crl.json?search=company_name:""CELLTRION, Inc.""",https://www.accessdata.fda.gov/scripts/cder/daf/index.cfm?event=overview.process&varApplNo=761088,Verified - FLAGGED (sponsor/equity not yet resolved),"openFDA CRL transparency API: application BLA 761088, letter date 02/28/2018, company CELLTRION, Inc.. File: 761088_2018_Orig1s000OtherActionLtrs.pdf. Reason: Safety concerns. Text excerpt: pute,

Mie

OAL

4 DEPARTMENT OF HEALTH AND HUMAN SERVICES

Food and Drug Administration
Silver Spring MD 20993

BLA 761088
COMPLETE RESPONSE

CELLTRION, Inc.

c/o PAREXEL International Corporation
At...",NOT US-INVESTABLE (UNVERIFIED),"CELLTRION, Inc.",BLA 761088
C048,Pfizer Inc.,PFE,NYSE,See FDA letter,See FDA CRL letter - indication in application,2018-02-22,Safety concerns,,"https://api.fda.gov/transparency/crl.json?search=company_name:""Hospira, Inc.""",https://www.accessdata.fda.gov/scripts/cder/daf/index.cfm?event=overview.process&varApplNo=209191,Verified - openFDA CRL transparency API,"openFDA CRL transparency API: application NDA 209191, letter date 02/22/2018, company Hospira, Inc.. File: 209191_2018_Orig1s000OtherActionLtrs.pdf. Reason: Safety concerns. Text excerpt: pute

Mie

OAL

€ DEPARTMENT OF HEALTH AND HUMAN SERVICES

a.

Food and Drug Administration
Silver Spring MD 20993

NDA 209191
COMPLETE RESPONSE

Hospira, Inc.

Attention: Pamela Cabrera, PharmD

Seni...",US-LISTED,"Hospira, Inc.",NDA 209191
C369,Braeburn Pharmaceuticals Inc.,,,See FDA letter,See FDA CRL letter - indication in application,2018-01-19,Efficacy + Safety,,"https://api.fda.gov/transparency/crl.json?search=company_name:""Braeburn Pharmaceuticals Inc.""",https://www.accessdata.fda.gov/scripts/cder/daf/index.cfm?event=overview.process&varApplNo=210136,Verified - FLAGGED (sponsor/equity not yet resolved),"openFDA CRL transparency API: application NDA 210136, letter date 01/19/2018, company Braeburn Pharmaceuticals Inc.. File: 210136_2024_Orig1s000OtherActionLtrs.pdf. Reason: Efficacy + Safety. Text excerpt: Qn

S
g

i SA DEPARTMENT OF HEALTH AND HUMAN SERVICES
is

ana Food and Drug Administration
Silver Spring MD 20993

NDA 210136
COMPLETE RESPONSE

Braeburn Pharmaceuticals Inc.
47 Hulfish Street

Suite ...",NOT US-INVESTABLE (UNVERIFIED),Braeburn Pharmaceuticals Inc.,NDA 210136
C370,"AFT Pharmaceuticals, Ltd.",,,See FDA letter,See FDA CRL letter - indication in application,2017-12-22,Efficacy + Safety,,"https://api.fda.gov/transparency/crl.json?search=company_name:""AFT Pharmaceuticals, Ltd.""",https://www.accessdata.fda.gov/scripts/cder/daf/index.cfm?event=overview.process&varApplNo=209471,Verified - FLAGGED (sponsor/equity not yet resolved),"openFDA CRL transparency API: application NDA 209471, letter date 12/22/2017, company AFT Pharmaceuticals, Ltd.. File: 209471_2024_Orig1s000OtherActionLtrs.pdf. Reason: Efficacy + Safety. Text excerpt: ser,
GO ” y

>
i SC DEPARTMENT OF HEALTH AND HUMAN SERVICES

%
“eet Food and Drug Administration
Silver Spring MD 20993

NDA 209471
COMPLETE RESPONSE

AFT Pharmaceuticals, Ltd.

c/o Chesapeake Regulat...",NOT US-INVESTABLE (UNVERIFIED),"AFT Pharmaceuticals, Ltd.",NDA 209471
C371,"Agile Therapeutics, Inc.",,,See FDA letter,See FDA CRL letter - indication in application,2017-12-21,Efficacy + Safety,,"https://api.fda.gov/transparency/crl.json?search=company_name:""Agile Therapeutics, Inc.""",https://www.accessdata.fda.gov/scripts/cder/daf/index.cfm?event=overview.process&varApplNo=204017,Verified - FLAGGED (sponsor/equity not yet resolved),"openFDA CRL transparency API: application NDA 204017, letter date 12/21/2017, company Agile Therapeutics, Inc.. File: 204017_2020_Orig1s000OtherActionLtrs.pdf. Reason: Efficacy + Safety. Text excerpt: pute

Mie

OAL

€ DEPARTMENT OF HEALTH AND HUMAN SERVICES

a.

Food and Drug Administration
Silver Spring MD 20993

NDA 204017
COMPLETE RESPONSE

Agile Therapeutics, Inc.

Attention: Mark B. Carroll

...",NOT US-INVESTABLE (UNVERIFIED),"Agile Therapeutics, Inc.",NDA 204017
C372,Mylan Laboratories Limited,,,See FDA letter,See FDA CRL letter - indication in application,2017-12-06,Safety concerns,,"https://api.fda.gov/transparency/crl.json?search=company_name:""Mylan Laboratories Limited""",https://www.accessdata.fda.gov/scripts/cder/daf/index.cfm?event=overview.process&varApplNo=206610,Verified - FLAGGED (sponsor/equity not yet resolved),"openFDA CRL transparency API: application NDA 206610, letter date 12/06/2017, company Mylan Laboratories Limited. File: 206610_2021_Orig1s000OtherActionLtrs.pdf. Reason: Safety concerns. Text excerpt: si,
:

i ¢ DEPARTMENT OF HEALTH AND HUMAN SERVICES

""ena Food and Drug Administration

Silver Spring MD 20993

NDA 206610
COMPLETE RESPONSE
Mylan Laboratories Limited
c/o Mylan Pharmaceuticals Inc.
81...",NOT US-INVESTABLE (UNVERIFIED),Mylan Laboratories Limited,NDA 206610
C049,Pfizer Inc.,PFE,NYSE,See FDA letter,See FDA CRL letter - indication in application,2017-11-03,Safety concerns,,"https://api.fda.gov/transparency/crl.json?search=company_name:""Hospira, Inc.""",https://www.accessdata.fda.gov/scripts/cder/daf/index.cfm?event=overview.process&varApplNo=209191,Verified - openFDA CRL transparency API,"openFDA CRL transparency API: application NDA 209191, letter date 11/03/2017, company Hospira, Inc.. File: 209191_2018_Orig1s000OtherActionLtrs.pdf. Reason: Safety concerns. Text excerpt: pute

Mie

OAL

€ DEPARTMENT OF HEALTH AND HUMAN SERVICES

a.

Food and Drug Administration
Silver Spring MD 20993

NDA 209191
COMPLETE RESPONSE

Hospira, Inc.

Attention: Pamela Cabrera, PharmD

Seni...",US-LISTED,"Hospira, Inc.",NDA 209191
C374,"Teva Pharmaceuticals USA, Inc.",,,See FDA letter,See FDA CRL letter - indication in application,2017-10-26,Safety concerns,,"https://api.fda.gov/transparency/crl.json?search=company_name:""Teva Pharmaceuticals USA, Inc.""",https://www.accessdata.fda.gov/scripts/cder/daf/index.cfm?event=overview.process&varApplNo=210063,Verified - FLAGGED (sponsor/equity not yet resolved),"openFDA CRL transparency API: application NDA 210063, letter date 10/26/2017, company Teva Pharmaceuticals USA, Inc.. File: 210063_2019_Orig1s000OtherActionLtrs.pdf. Reason: Safety concerns. Text excerpt: pute,

Mie

OAL

4 DEPARTMENT OF HEALTH AND HUMAN SERVICES

Food and Drug Administration
Silver Spring MD 20993

NDA 210063

COMPLETE RESPONSE
Teva Pharmaceuticals USA, Inc.
Attention: Joann Stavole, ...",NOT US-INVESTABLE (UNVERIFIED),"Teva Pharmaceuticals USA, Inc.",NDA 210063
C375,"Antares Pharma, Inc.",,,See FDA letter,See FDA CRL letter - indication in application,2017-10-20,Safety concerns,,"https://api.fda.gov/transparency/crl.json?search=company_name:""Antares Pharma, Inc.""",https://www.accessdata.fda.gov/scripts/cder/daf/index.cfm?event=overview.process&varApplNo=209863,Verified - FLAGGED (sponsor/equity not yet resolved),"openFDA CRL transparency API: application NDA 209863, letter date 10/20/2017, company Antares Pharma, Inc.. File: 209863_2019_Orig1s000OtherActionLtrs.pdf. Reason: Safety concerns. Text excerpt: pute

Mie

OAL

€ DEPARTMENT OF HEALTH AND HUMAN SERVICES

a.

Food and Drug Administration
Silver Spring MD 20993

NDA 209863
COMPLETE RESPONSE

Antares Pharma, Inc.

Attention: Nader Fotouhi, Ph.D.
...",NOT US-INVESTABLE (UNVERIFIED),"Antares Pharma, Inc.",NDA 209863
C376,"AcelRx Pharmaceuticals, Inc.",,,See FDA letter,See FDA CRL letter - indication in application,2017-10-11,Safety concerns,,"https://api.fda.gov/transparency/crl.json?search=company_name:""AcelRx Pharmaceuticals, Inc.""",https://www.accessdata.fda.gov/scripts/cder/daf/index.cfm?event=overview.process&varApplNo=209128,Verified - FLAGGED (sponsor/equity not yet resolved),"openFDA CRL transparency API: application NDA 209128, letter date 10/11/2017, company AcelRx Pharmaceuticals, Inc.. File: 209128Orig1s000OtherActionLtr.pdf. Reason: Safety concerns. Text excerpt: pute,

Mie

OAL

4 DEPARTMENT OF HEALTH AND HUMAN SERVICES

Food and Drug Administration
Silver Spring MD 20993

NDA 209128
COMPLETE RESPONSE

AcelRx Pharmaceuticals, Inc.
351 Galveston Drive
Redwood ...",NOT US-INVESTABLE (UNVERIFIED),"AcelRx Pharmaceuticals, Inc.",NDA 209128
C377,"B. Braun Medical, Inc.",,,Acetaminophen Injection,See FDA CRL letter - indication in application,2017-09-28,Safety concerns,,"https://api.fda.gov/transparency/crl.json?search=company_name:""B. Braun Medical, Inc.""",https://www.accessdata.fda.gov/scripts/cder/daf/index.cfm?event=overview.process&varApplNo=204957,Verified - FLAGGED (sponsor/equity not yet resolved),"openFDA CRL transparency API: application NDA 204957, letter date 09/28/2017, company B. Braun Medical, Inc.. File: 204957_2021_Orig1s000OtherActionLtrs.pdf. Reason: Safety concerns. Text excerpt: pute,

Mie

OAL

4 DEPARTMENT OF HEALTH AND HUMAN SERVICES

Food and Drug Administration
Silver Spring MD 20993

NDA 204957
COMPLETE RESPONSE

B. Braun Medical, Inc.
901 Marcon Blvd.
Allentown, PA 181...",NOT US-INVESTABLE (UNVERIFIED),"B. Braun Medical, Inc.",NDA 204957
C378,"Actavis, L.L.C.",,,See FDA letter,See FDA CRL letter - indication in application,2017-09-26,Safety concerns,,"https://api.fda.gov/transparency/crl.json?search=company_name:""Actavis, L.L.C.""",https://www.accessdata.fda.gov/scripts/cder/daf/index.cfm?event=overview.process&varApplNo=208419,Verified - FLAGGED (sponsor/equity not yet resolved),"openFDA CRL transparency API: application NDA 208419, letter date 09/26/2017, company Actavis, L.L.C.. File: 208419_2021_Orig1s000OtherActionLtrs.pdf. Reason: Safety concerns. Text excerpt: oo
i ae OF HEALTH AND HUMAN SERVICES
hg Food and Drug Administration

Silver Spring MD 20993

NDA 208419
COMPLETE RESPONSE

Actavis, L.L.C.

Attention: Joann Stavole, M.S., R.A.C.
Senior Director, Reg...",NOT US-INVESTABLE (UNVERIFIED),"Actavis, L.L.C.",NDA 208419
C379,3M Health Care (Infection Prevention Division),,,See FDA letter,See FDA CRL letter - indication in application,2017-09-01,Safety concerns,,"https://api.fda.gov/transparency/crl.json?search=company_name:""3M Health Care (Infection Prevention Division)""",https://www.accessdata.fda.gov/scripts/cder/daf/index.cfm?event=overview.process&varApplNo=208288,Verified - FLAGGED (sponsor/equity not yet resolved),"openFDA CRL transparency API: application NDA 208288, letter date 09/01/2017, company 3M Health Care (Infection Prevention Division). File: 208288_2018_Orig1s000OtherActionLtrs.pdf. Reason: Safety concerns. Text excerpt: some

3
i LC DEPARTMENT OF HEALTH AND HUMAN SERVICES
2 oe

Food and Drug Administration
Silver Spring MD 20993

NDA 208288
COMPLETE RESPONSE

3M Health Care (Infection Prevention Division)
Attention: ...",NOT US-INVESTABLE (UNVERIFIED),3M Health Care (Infection Prevention Division),NDA 208288
C380,Astellas Pharma Inc.,,TSE,See FDA letter,See FDA CRL letter - indication in application,2017-08-28,Safety concerns,,"https://api.fda.gov/transparency/crl.json?search=company_name:""Astellas Pharma US, Inc.""",https://www.accessdata.fda.gov/scripts/cder/daf/index.cfm?event=overview.process&varApplNo=209529,Verified - FLAGGED (sponsor/equity not yet resolved),"openFDA CRL transparency API: application NDA 209529, letter date 08/28/2017, company Astellas Pharma US, Inc.. File: 209529_2020_Orig1s000OtherActionLtrs.pdf. Reason: Safety concerns. Text excerpt: mg,

i

sottbinny

Gama OF HEALTH AND HUMAN SERVICES

Food and Drug Administration
Silver Spring MD 20993

NDA 209529
COMPLETE RESPONSE

Astellas Pharma US, Inc.

Attention: Jennifer M. LaMora
Associa...",NON-US LISTING ONLY,"Astellas Pharma US, Inc.",NDA 209529
C381,"Ironshore Pharmaceuticals & Development, Inc.",,,See FDA letter,See FDA CRL letter - indication in application,2017-07-28,Safety concerns,,"https://api.fda.gov/transparency/crl.json?search=company_name:""Ironshore Pharmaceuticals & Development, Inc.""",https://www.accessdata.fda.gov/scripts/cder/daf/index.cfm?event=overview.process&varApplNo=209311,Verified - FLAGGED (sponsor/equity not yet resolved),"openFDA CRL transparency API: application NDA 209311, letter date 07/28/2017, company Ironshore Pharmaceuticals & Development, Inc.. File: 209311_2018_Orig1s000OtherActionLtrs.pdf. Reason: Safety concerns. Text excerpt: pute,

Mie

OAL

4 DEPARTMENT OF HEALTH AND HUMAN SERVICES

Food and Drug Administration
Silver Spring MD 20993

NDA 209311
COMPLETE RESPONSE

Ironshore Pharmaceuticals & Development, Inc.
C/O Baker B...",NOT US-INVESTABLE (UNVERIFIED),"Ironshore Pharmaceuticals & Development, Inc.",NDA 209311
C050,Amgen Inc.,AMGN,NASDAQ,See FDA letter,See FDA CRL letter - indication in application,2017-07-13,Efficacy + Safety,,"https://api.fda.gov/transparency/crl.json?search=company_name:""Amgen Inc.""",https://www.accessdata.fda.gov/scripts/cder/daf/index.cfm?event=overview.process&varApplNo=761062,Verified - openFDA CRL transparency API,"openFDA CRL transparency API: application BLA 761062, letter date 07/13/2017, company Amgen Inc.. File: 761062_2019_Orig1s000OtherActionLtrs.pdf. Reason: Efficacy + Safety. Text excerpt: pute,

Mie

OAL

4 DEPARTMENT OF HEALTH AND HUMAN SERVICES

Food and Drug Administration
Silver Spring MD 20993

BLA 761062
COMPLETE RESPONSE

Amgen Inc.

Attention: Julia Zhu, Pharm.D., RAC
Manager, ...",US-LISTED,Amgen Inc.,BLA 761062
C383,"Ocular Therapeutix, Inc.",,,See FDA letter,See FDA CRL letter - indication in application,2017-07-10,Safety concerns,,"https://api.fda.gov/transparency/crl.json?search=company_name:""Ocular Therapeutix, Inc.""",https://www.accessdata.fda.gov/scripts/cder/daf/index.cfm?event=overview.process&varApplNo=208742,Verified - FLAGGED (sponsor/equity not yet resolved),"openFDA CRL transparency API: application NDA 208742, letter date 07/10/2017, company Ocular Therapeutix, Inc.. File: 208742_2018_Orig1s000OtherActionLtrs.pdf. Reason: Safety concerns. Text excerpt: sence

OAL
Mie

€ DEPARTMENT OF HEALTH AND HUMAN SERVICES

a.

Food and Drug Administration
Silver Spring MD 20993

NDA 208742
COMPLETE RESPONSE

Ocular Therapeutix, Inc.
Attention: Eric P. Ankerud, J...",NOT US-INVESTABLE (UNVERIFIED),"Ocular Therapeutix, Inc.",NDA 208742
C384,"Coherus BioSciences, Inc.",,,See FDA letter,See FDA CRL letter - indication in application,2017-06-09,Efficacy + Safety,,"https://api.fda.gov/transparency/crl.json?search=company_name:""Coherus BioSciences, Inc.""",https://www.accessdata.fda.gov/scripts/cder/daf/index.cfm?event=overview.process&varApplNo=761039,Verified - FLAGGED (sponsor/equity not yet resolved),"openFDA CRL transparency API: application BLA 761039, letter date 06/09/2017, company Coherus BioSciences, Inc.. File: 761039_2018_Orig1s000OtherActionLtrs.pdf. Reason: Efficacy + Safety. Text excerpt: sae,
- “y

OAL

€ DEPARTMENT OF HEALTH AND HUMAN SERVICES

a.

Food and Drug Administration
Silver Spring MD 20993

BLA 761039
COMPLETE RESPONSE

Coherus BioSciences, Inc.

Attention: Eva Kras

Execut...",NOT US-INVESTABLE (UNVERIFIED),"Coherus BioSciences, Inc.",BLA 761039
C385,Teva Pharmaceuticals USA Inc.,,,See FDA letter,See FDA CRL letter - indication in application,2017-06-02,Safety concerns,,"https://api.fda.gov/transparency/crl.json?search=company_name:""Teva Pharmaceuticals USA Inc.""",https://www.accessdata.fda.gov/scripts/cder/daf/index.cfm?event=overview.process&varApplNo=208574,Verified - FLAGGED (sponsor/equity not yet resolved),"openFDA CRL transparency API: application NDA 208574, letter date 06/02/2017, company Teva Pharmaceuticals USA Inc.. File: 208574Orig1s000,Orig2s000OtherActionLtrs.pdf. Reason: Safety concerns. Text excerpt: pute,

Mie

OAL

4 DEPARTMENT OF HEALTH AND HUMAN SERVICES

Food and Drug Administration
Silver Spring MD 20993

NDA 208574
COMPLETE RESPONSE

Teva Pharmaceuticals USA Inc.

Joann Stavole

Senior Dire...",NOT US-INVESTABLE (UNVERIFIED),Teva Pharmaceuticals USA Inc.,NDA 208574
C051,United Therapeutics Corporation,UTHR,NASDAQ,See FDA letter,See FDA CRL letter - indication in application,2017-06-02,Safety concerns,,"https://api.fda.gov/transparency/crl.json?search=company_name:""United Therapeutics Corporation""",https://www.accessdata.fda.gov/scripts/cder/daf/index.cfm?event=overview.process&varApplNo=208276,Verified - openFDA CRL transparency API,"openFDA CRL transparency API: application NDA 208276, letter date 06/02/2017, company United Therapeutics Corporation. File: 208276_2018_Orig1s000OtherActionLtrs.pdf. Reason: Safety concerns. Text excerpt: some

3
i LC DEPARTMENT OF HEALTH AND HUMAN SERVICES
2 oe

Food and Drug Administration
Silver Spring MD 20993

NDA 208276
COMPLETE RESPONSE

United Therapeutics Corporation

Attention: Rex Mauthe, MB...",US-LISTED,United Therapeutics Corporation,NDA 208276
C387,Sun Pharmaceutical Industries Limited,,,Sun Pharmaceutical Industries Limited,See FDA CRL letter - indication in application,2017-05-23,Efficacy + Safety,,"https://api.fda.gov/transparency/crl.json?search=company_name:""Sun Pharmaceutical Industries Limited""",https://www.accessdata.fda.gov/scripts/cder/daf/index.cfm?event=overview.process&varApplNo=208313,Verified - FLAGGED (sponsor/equity not yet resolved),"openFDA CRL transparency API: application NDA 208313, letter date 05/23/2017, company Sun Pharmaceutical Industries Limited. File: 208313_2018_Orig1s000OtherActionLtrs.pdf. Reason: Efficacy + Safety. Text excerpt: pute,

Mie

OAL

4 DEPARTMENT OF HEALTH AND HUMAN SERVICES

Food and Drug Administration
Silver Spring MD 20993

NDA 208313
COMPLETE RESPONSE

Sun Pharmaceutical Industries Limited

Attention: Karin A...",NOT US-INVESTABLE (UNVERIFIED),Sun Pharmaceutical Industries Limited,NDA 208313
C388,"TherapeuticsMD, Inc.",,,See FDA letter,See FDA CRL letter - indication in application,2017-05-05,Efficacy + Safety,,"https://api.fda.gov/transparency/crl.json?search=company_name:""TherapeuticsMD, Inc.""",https://www.accessdata.fda.gov/scripts/cder/daf/index.cfm?event=overview.process&varApplNo=208564,Verified - FLAGGED (sponsor/equity not yet resolved),"openFDA CRL transparency API: application NDA 208564, letter date 05/05/2017, company TherapeuticsMD, Inc.. File: 208564_2018_Orig1s000OtherActionLtrs.pdf. Reason: Efficacy + Safety. Text excerpt: sence

OAL
Mie

4 DEPARTMENT OF HEALTH AND HUMAN SERVICES

Food and Drug Administration
Silver Spring MD 20993

NDA 208564

COMPLETE RESPONSE

TherapeuticsMD, Inc.

Attention: Valerie Ahmuty

Vice Pre...",NOT US-INVESTABLE (UNVERIFIED),"TherapeuticsMD, Inc.",NDA 208564
C052,Pfizer Inc.,PFE,NYSE,See FDA letter,See FDA CRL letter - indication in application,2017-04-26,Safety concerns,,"https://api.fda.gov/transparency/crl.json?search=company_name:""Hospira, Inc.""",https://www.accessdata.fda.gov/scripts/cder/daf/index.cfm?event=overview.process&varApplNo=209191,Verified - openFDA CRL transparency API,"openFDA CRL transparency API: application NDA 209191, letter date 04/26/2017, company Hospira, Inc.. File: 209191_2018_Orig1s000OtherActionLtrs.pdf. Reason: Safety concerns. Text excerpt: mg,

i

sottbinny

Gama OF HEALTH AND HUMAN SERVICES

Food and Drug Administration
Silver Spring MD 20993

NDA 209191
TENTATIVE APPROVAL

Hospira, Inc.

Attention: Pamela Cabrera, PharmD

Senior Assoc...",US-LISTED,"Hospira, Inc.",NDA 209191
C390,IBSA Institut Biochimique SA,,,See FDA letter,See FDA CRL letter - indication in application,2017-03-24,Efficacy + Safety,,"https://api.fda.gov/transparency/crl.json?search=company_name:""Institut Biochimique SA (IBSA)""",https://www.accessdata.fda.gov/scripts/cder/daf/index.cfm?event=overview.process&varApplNo=206976,Verified - FLAGGED (sponsor/equity not yet resolved),"openFDA CRL transparency API: application NDA 206976, letter date 03/24/2017, company Institut Biochimique SA (IBSA). File: 206976_2018_Orig1s000OtherActionLtrs.pdf. Reason: Efficacy + Safety. Text excerpt: ens

St DEPARTMENT OF HEALTH AND HUMAN SERVICES

%
et Food and Drug Administration

Silver Spring MD 20993

NDA 206976
COMPLETE RESPONSE

Institut Biochimique SA (IBSA)
c/o Clarence E. Jones

4249 Via...",PRIVATE / NO EQUITY,Institut Biochimique SA (IBSA),NDA 206976
C391,Sun Pharma Advanced Research Company Limited,,,See FDA letter,See FDA CRL letter - indication in application,2017-03-22,CMC / Facility / GMP,,"https://api.fda.gov/transparency/crl.json?search=company_name:""Sun Pharma Advanced Research Company Limited""",https://www.accessdata.fda.gov/scripts/cder/daf/index.cfm?event=overview.process&varApplNo=204417,Verified - FLAGGED (sponsor/equity not yet resolved),"openFDA CRL transparency API: application NDA 204417, letter date 03/22/2017, company Sun Pharma Advanced Research Company Limited. File: 204417Orig1s000OtherActionLtr.pdf. Reason: CMC / Facility / GMP. Text excerpt: ws

i St DEPARTMENT OF HEALTH AND HUMAN SERVICES

eet Food and Drug Administration

Silver Spring MD 20993

NDA 204417
COMPLETE RESPONSE

Sun Pharma Advanced Research Company Limited
c/o Salamandra, L...",NOT US-INVESTABLE (UNVERIFIED),Sun Pharma Advanced Research Company Limited,NDA 204417
C392,"Amphastar Pharmaceuticals, Inc.",,,Nalo,See FDA CRL letter - indication in application,2017-02-17,Safety concerns,,"https://api.fda.gov/transparency/crl.json?search=company_name:""Amphastar Pharmaceuticals, Inc.""",https://www.accessdata.fda.gov/scripts/cder/daf/index.cfm?event=overview.process&varApplNo=208969,Verified - FLAGGED (sponsor/equity not yet resolved),"openFDA CRL transparency API: application NDA 208969, letter date 02/17/2017, company Amphastar Pharmaceuticals, Inc.. File: 208969_2023_Orig1s000OtherActionLtrs.pdf. Reason: Safety concerns. Text excerpt: ae
3

i ¢ DEPARTMENT OF HEALTH AND HUMAN SERVICES

ne Food and Drug Administration

Silver Spring MD 20993

NDA 208969
COMPLETE RESPONSE

Amphastar Pharmaceuticals, Inc.
11570 6th Street
Rancho Cucamo...",NOT US-INVESTABLE (UNVERIFIED),"Amphastar Pharmaceuticals, Inc.",NDA 208969
C393,Mylan Laboratories Limited,,,See FDA letter,See FDA CRL letter - indication in application,2017-02-01,Safety concerns,,"https://api.fda.gov/transparency/crl.json?search=company_name:""Mylan Laboratories Limited""",https://www.accessdata.fda.gov/scripts/cder/daf/index.cfm?event=overview.process&varApplNo=206610,Verified - FLAGGED (sponsor/equity not yet resolved),"openFDA CRL transparency API: application NDA 206610, letter date 02/01/2017, company Mylan Laboratories Limited. File: 206610_2021_Orig1s000OtherActionLtrs.pdf. Reason: Safety concerns. Text excerpt: ety

i 4 DEPARTMENT OF HEALTH AND HUMAN SERVICES

Food and Drug Administration
Silver Spring MD 20993

NDA 206610
COMPLETE RESPONSE
Mylan Laboratories Limited
c/o Mylan Pharmaceuticals Inc.
81 Chestnu...",NOT US-INVESTABLE (UNVERIFIED),Mylan Laboratories Limited,NDA 206610
C394,"Metacel Pharmaceuticals, LLC",,,Ozobax,See FDA CRL letter - indication in application,2017-01-11,CMC / Facility / GMP,,"https://api.fda.gov/transparency/crl.json?search=company_name:""Metacel Pharmaceuticals, LLC""",https://www.accessdata.fda.gov/scripts/cder/daf/index.cfm?event=overview.process&varApplNo=208193,Verified - FLAGGED (sponsor/equity not yet resolved),"openFDA CRL transparency API: application NDA 208193, letter date 01/11/2017, company Metacel Pharmaceuticals, LLC. File: 208193_2019_Orig1s000OtherActionLtrs.pdf. Reason: CMC / Facility / GMP. Text excerpt: pute,

Mie

OAL

4 DEPARTMENT OF HEALTH AND HUMAN SERVICES

NDA 208193

Food and Drug Administration
Silver Spring MD 20993

COMPLETE RESPONSE

Metacel Pharmaceuticals, LLC
Attention: Jeff Bryant

Chi...",NOT US-INVESTABLE (UNVERIFIED),"Metacel Pharmaceuticals, LLC",NDA 208193
C395,"Armstrong Pharmaceuticals, Inc.",,,See FDA letter,See FDA CRL letter - indication in application,2016-12-23,Efficacy + Safety,,"https://api.fda.gov/transparency/crl.json?search=company_name:""Armstrong Pharmaceuticals, Inc.""",https://www.accessdata.fda.gov/scripts/cder/daf/index.cfm?event=overview.process&varApplNo=205920,Verified - FLAGGED (sponsor/equity not yet resolved),"openFDA CRL transparency API: application NDA 205920, letter date 12/23/2016, company Armstrong Pharmaceuticals, Inc.. File: 205920_2018_Orig1s000OtherActionLtrs.pdf. Reason: Efficacy + Safety. Text excerpt: some

3
i LC DEPARTMENT OF HEALTH AND HUMAN SERVICES
2 oe

Food and Drug Administration
Silver Spring MD 20993

NDA 205920
COMPLETE RESPONSE

Armstrong Pharmaceuticals, Inc.
Attention: Gisela Sharp

S...",NOT US-INVESTABLE (UNVERIFIED),"Armstrong Pharmaceuticals, Inc.",NDA 205920
C396,Sun Pharma Advanced Research Company Limited,,,Xelpros,See FDA CRL letter - indication in application,2016-12-19,Safety concerns,,"https://api.fda.gov/transparency/crl.json?search=company_name:""Sun Pharma Advanced Research Company Limited""",https://www.accessdata.fda.gov/scripts/cder/daf/index.cfm?event=overview.process&varApplNo=206185,Verified - FLAGGED (sponsor/equity not yet resolved),"openFDA CRL transparency API: application NDA 206185, letter date 12/19/2016, company Sun Pharma Advanced Research Company Limited. File: 206185_2018_Orig1s000OtherActionLtrs.pdf. Reason: Safety concerns. Text excerpt: pute,

Mie

OAL

4 DEPARTMENT OF HEALTH AND HUMAN SERVICES

NDA 206185

Food and Drug Administration
Silver Spring MD 20993

COMPLETE RESPONSE

Sun Pharma Advanced Research Company Limited
c/o Ora, In...",NOT US-INVESTABLE (UNVERIFIED),Sun Pharma Advanced Research Company Limited,NDA 206185
C397,Ferring Pharmaceuticals,,,See FDA letter,See FDA CRL letter - indication in application,2016-11-23,Efficacy + Safety,,"https://api.fda.gov/transparency/crl.json?search=company_name:""Ferring Pharmaceuticals, Inc.""",https://www.accessdata.fda.gov/scripts/cder/daf/index.cfm?event=overview.process&varApplNo=201110,Verified - FLAGGED (sponsor/equity not yet resolved),"openFDA CRL transparency API: application NDA 201110, letter date 11/23/2016, company Ferring Pharmaceuticals, Inc.. File: 201110_2020_Orig1s000OtherActionLtrs.pdf. Reason: Efficacy + Safety. Text excerpt: pute,

Mie

OAL

Wa DEPARTMENT OF HEALTH AND HUMAN SERVICES

a Food and Drug Administration

Silver Spring MD 20993

NDA 201110
COMPLETE RESPONSE

Ferring Pharmaceuticals, Inc.
Attention: Giselle Rose...",PRIVATE / NO EQUITY,"Ferring Pharmaceuticals, Inc.",NDA 201110
C398,InnoPharma Licensing LLC,,,Acetaminophe,See FDA CRL letter - indication in application,2016-11-15,Safety concerns,,"https://api.fda.gov/transparency/crl.json?search=company_name:""InnoPharma Licensing LLC""",https://www.accessdata.fda.gov/scripts/cder/daf/index.cfm?event=overview.process&varApplNo=206968,Verified - FLAGGED (sponsor/equity not yet resolved),"openFDA CRL transparency API: application NDA 206968, letter date 11/15/2016, company InnoPharma Licensing LLC. File: 206968_2023_Orig1s000OtherActionLtrs.pdf. Reason: Safety concerns. Text excerpt: ser,
GO ” y

>
i SC DEPARTMENT OF HEALTH AND HUMAN SERVICES

%
“amt Food and Drug Administration
Silver Spring MD 20993
NDA 206968
COMPLETE RESPONSE
InnoPharma Licensing LLC

10 Knightsbridge Road
Pis...",NOT US-INVESTABLE (UNVERIFIED),InnoPharma Licensing LLC,NDA 206968
C053,United Therapeutics Corporation,UTHR,NASDAQ,See FDA letter,See FDA CRL letter - indication in application,2016-10-07,Safety concerns,,"https://api.fda.gov/transparency/crl.json?search=company_name:""United Therapeutics Corporation""",https://www.accessdata.fda.gov/scripts/cder/daf/index.cfm?event=overview.process&varApplNo=208276,Verified - openFDA CRL transparency API,"openFDA CRL transparency API: application NDA 208276, letter date 10/07/2016, company United Therapeutics Corporation. File: 208276_2018_Orig1s000OtherActionLtrs.pdf. Reason: Safety concerns. Text excerpt: some

3
i LC DEPARTMENT OF HEALTH AND HUMAN SERVICES
2 oe

Food and Drug Administration
Silver Spring MD 20993

NDA 208276
COMPLETE RESPONSE

United Therapeutics Corporation

Attention: Rex Mauthe, MB...",US-LISTED,United Therapeutics Corporation,NDA 208276
C400,Teva Pharmaceuticals USA,,,See FDA letter,See FDA CRL letter - indication in application,2016-09-30,Safety concerns,,"https://api.fda.gov/transparency/crl.json?search=company_name:""Teva Pharmaceuticals USA""",https://www.accessdata.fda.gov/scripts/cder/daf/index.cfm?event=overview.process&varApplNo=208042,Verified - FLAGGED (sponsor/equity not yet resolved),"openFDA CRL transparency API: application NDA 208042, letter date 09/30/2016, company Teva Pharmaceuticals USA. File: 208042_2018_Orig1s000OtherActionLtrs.pdf. Reason: Safety concerns. Text excerpt: pute,

Mie

OAL

4 DEPARTMENT OF HEALTH AND HUMAN SERVICES

NDA 208042

Food and Drug Administration
Silver Spring MD 20993

COMPLETE RESPONSE

Teva Pharmaceuticals USA
425 Privet Road
Horsham, PA 190...",NOT US-INVESTABLE (UNVERIFIED),Teva Pharmaceuticals USA,NDA 208042
C401,Feinstein Institutes for Medical Research,,,Medical Research,See FDA CRL letter - indication in application,2016-09-15,Safety concerns,,"https://api.fda.gov/transparency/crl.json?search=company_name:""The Feinstein Institute for Medical Research""",https://www.accessdata.fda.gov/scripts/cder/daf/index.cfm?event=overview.process&varApplNo=200655,Verified - FLAGGED (sponsor/equity not yet resolved),"openFDA CRL transparency API: application NDA 200655, letter date 09/15/2016, company The Feinstein Institute for Medical Research. File: 200655_2019_Orig1s000OtherActionLtrs.pdf. Reason: Safety concerns. Text excerpt: mg,

St DEPARTMENT OF HEALTH AND HUMAN SERVICES

i

sottbinny

at Food and Drug Administration
Silver Spring MD 20993

NDA 200655
COMPLETE RESPONSE

The Feinstein Institute for Medical Research
Attent...",PRIVATE / NO EQUITY,The Feinstein Institute for Medical Research,NDA 200655
C402,"Dr. Reddy’s Laboratories, SA",,,Xeglyze,See FDA CRL letter - indication in application,2016-08-30,Safety concerns,,"https://api.fda.gov/transparency/crl.json?search=company_name:""Dr. Reddy’s Laboratories, SA""",https://www.accessdata.fda.gov/scripts/cder/daf/index.cfm?event=overview.process&varApplNo=206966,Verified - FLAGGED (sponsor/equity not yet resolved),"openFDA CRL transparency API: application NDA 206966, letter date 08/30/2016, company Dr. Reddy’s Laboratories, SA. File: 206966_2020_Orig1s000OtherActionLtrs.pdf. Reason: Safety concerns. Text excerpt: pute,

Mie

OAL

4 DEPARTMENT OF HEALTH AND HUMAN SERVICES

NDA 206966

Food and Drug Administration
Silver Spring MD 20993

COMPLETE RESPONSE

Dr. Reddy’s Laboratories, SA
Attention: Hari Nagaradona,...",NOT US-INVESTABLE (UNVERIFIED),"Dr. Reddy’s Laboratories, SA",NDA 206966
C403,"Ocular Therapeutix, Inc.",,,See FDA letter,See FDA CRL letter - indication in application,2016-07-21,Safety concerns,,"https://api.fda.gov/transparency/crl.json?search=company_name:""Ocular Therapeutix, Inc.""",https://www.accessdata.fda.gov/scripts/cder/daf/index.cfm?event=overview.process&varApplNo=208742,Verified - FLAGGED (sponsor/equity not yet resolved),"openFDA CRL transparency API: application NDA 208742, letter date 07/21/2016, company Ocular Therapeutix, Inc.. File: 208742_2018_Orig1s000OtherActionLtrs.pdf. Reason: Safety concerns. Text excerpt: pute,

Mie

OAL

4 DEPARTMENT OF HEALTH AND HUMAN SERVICES

NDA 208742

Food and Drug Administration
Silver Spring MD 20993

COMPLETE RESPONSE

Ocular Therapeutix, Inc.
Attention: Erik P. Ankerud, JD
...",NOT US-INVESTABLE (UNVERIFIED),"Ocular Therapeutix, Inc.",NDA 208742
C404,Sandoz Group AG,,SIX,See FDA letter,See FDA CRL letter - indication in application,2016-06-24,Safety concerns,,"https://api.fda.gov/transparency/crl.json?search=company_name:""Sandoz Inc.""",https://www.accessdata.fda.gov/scripts/cder/daf/index.cfm?event=overview.process&varApplNo=761045,Verified - FLAGGED (sponsor/equity not yet resolved),"openFDA CRL transparency API: application BLA 761045, letter date 06/24/2016, company Sandoz Inc.. File: 761045_2019_Orig1s000OtherActionLtrs.pdf. Reason: Safety concerns. Text excerpt: sae,
- “y

OAL

€ DEPARTMENT OF HEALTH AND HUMAN SERVICES

a.

BLA 761045

Food and Drug Administration
Silver Spring MD 20993

COMPLETE RESPONSE

Sandoz Inc.

Attention: Jordanis Joy, PharmD
Regulato...",NON-US LISTING ONLY,Sandoz Inc.,BLA 761045
C405,"Fera Pharmaceuticals, LLC",,,See FDA letter,See FDA CRL letter - indication in application,2016-06-24,Safety concerns,,"https://api.fda.gov/transparency/crl.json?search=company_name:""Fera Pharmaceuticals, LLC""",https://www.accessdata.fda.gov/scripts/cder/daf/index.cfm?event=overview.process&varApplNo=202408,Verified - FLAGGED (sponsor/equity not yet resolved),"openFDA CRL transparency API: application NDA 202408, letter date 06/24/2016, company Fera Pharmaceuticals, LLC. File: 202408_2019_Orig1s000OtherActionLtrs.pdf. Reason: Safety concerns. Text excerpt: pute,

Mie

OAL

4 DEPARTMENT OF HEALTH AND HUMAN SERVICES

NDA 202408

Food and Drug Administration
Silver Spring MD 20993

COMPLETE RESPONSE

Fera Pharmaceuticals, LLC
Attention: John D’Angelo, M.S....",NOT US-INVESTABLE (UNVERIFIED),"Fera Pharmaceuticals, LLC",NDA 202408
C406,"Salamandra, LLC",,,Sun Pharma Global,See FDA CRL letter - indication in application,2016-06-22,Safety concerns,,"https://api.fda.gov/transparency/crl.json?search=company_name:""Salamandra, LLC""",https://www.accessdata.fda.gov/scripts/cder/daf/index.cfm?event=overview.process&varApplNo=208647,Verified - FLAGGED (sponsor/equity not yet resolved),"openFDA CRL transparency API: application NDA 208647, letter date 06/22/2016, company Salamandra, LLC. File: 208647_2018_Orig1s000OtherActionLtrs.pdf. Reason: Safety concerns. Text excerpt: some

3
i LC DEPARTMENT OF HEALTH AND HUMAN SERVICES
2 oe

Food and Drug Administration
Silver Spring MD 20993

NDA 208647
COMPLETE RESPONSE

Salamandra, LLC

Attention: Karin A. Kook, Ph.D.

U.S. Age...",NOT US-INVESTABLE (UNVERIFIED),"Salamandra, LLC",NDA 208647
C407,Teva Pharmaceuticals USA,,,Romidepsin In,See FDA CRL letter - indication in application,2016-06-01,Safety concerns,,"https://api.fda.gov/transparency/crl.json?search=company_name:""Teva Pharmaceuticals USA""",https://www.accessdata.fda.gov/scripts/cder/daf/index.cfm?event=overview.process&varApplNo=208574,Verified - FLAGGED (sponsor/equity not yet resolved),"openFDA CRL transparency API: application NDA 208574, letter date 06/01/2016, company Teva Pharmaceuticals USA. File: 208574Orig1s000,Orig2s000OtherActionLtrs.pdf. Reason: Safety concerns. Text excerpt: gm

i ( DEPARTMENT OF HEALTH AND HUMAN SERVICES

Food and Drug Administration
Silver Spring MD 20993

NDA 208574
COMPLETE RESPONSE

Teva Pharmaceuticals USA

Attention: Cory Wohlbach

Director, Regula...",NOT US-INVESTABLE (UNVERIFIED),Teva Pharmaceuticals USA,NDA 208574
C408,"Teva Pharmaceuticals, Inc.",,,See FDA letter,See FDA CRL letter - indication in application,2016-05-27,Safety concerns,,"https://api.fda.gov/transparency/crl.json?search=company_name:""Teva Pharmaceuticals, Inc.""",https://www.accessdata.fda.gov/scripts/cder/daf/index.cfm?event=overview.process&varApplNo=208082,Verified - FLAGGED (sponsor/equity not yet resolved),"openFDA CRL transparency API: application NDA 208082, letter date 05/27/2016, company Teva Pharmaceuticals, Inc.. File: CRL_NDA208082_20160527.pdf. Reason: Safety concerns. Text excerpt: pute,

Mie

OAL

4 DEPARTMENT OF HEALTH AND HUMAN SERVICES

Food and Drug Administration
Silver Spring MD 20993

NDA 208082

COMPLETE RESPONSE

Teva Pharmaceuticals, Inc.
Attention: Christine Schultei...",NOT US-INVESTABLE (UNVERIFIED),"Teva Pharmaceuticals, Inc.",NDA 208082
C409,"Scilex Pharmaceuticals, Inc.",,,See FDA letter,See FDA CRL letter - indication in application,2016-05-10,Efficacy + Safety,,"https://api.fda.gov/transparency/crl.json?search=company_name:""Scilex Pharmaceuticals, Inc.""",https://www.accessdata.fda.gov/scripts/cder/daf/index.cfm?event=overview.process&varApplNo=207962,Verified - FLAGGED (sponsor/equity not yet resolved),"openFDA CRL transparency API: application NDA 207962, letter date 05/10/2016, company Scilex Pharmaceuticals, Inc.. File: 207962_2018_Orig1s000OtherActionLtrs.pdf. Reason: Efficacy + Safety. Text excerpt: pute,

Mie

OAL

4 DEPARTMENT OF HEALTH AND HUMAN SERVICES

NDA 207962

Food and Drug Administration
Silver Spring MD 20993

COMPLETE RESPONSE

Scilex Pharmaceuticals, Inc.
c/o Clinipace Worldwide

48...",NOT US-INVESTABLE (UNVERIFIED),"Scilex Pharmaceuticals, Inc.",NDA 207962
C410,3M Health Care (Infection Prevention Division),,,See FDA letter,See FDA CRL letter - indication in application,2016-05-06,Efficacy + Safety,,"https://api.fda.gov/transparency/crl.json?search=company_name:""3M Health Care (Infection Prevention Division)""",https://www.accessdata.fda.gov/scripts/cder/daf/index.cfm?event=overview.process&varApplNo=208288,Verified - FLAGGED (sponsor/equity not yet resolved),"openFDA CRL transparency API: application NDA 208288, letter date 05/06/2016, company 3M Health Care (Infection Prevention Division). File: 208288_2018_Orig1s000OtherActionLtrs.pdf. Reason: Efficacy + Safety. Text excerpt: seat,

%

- y
i Wa DEPARTMENT OF HEALTH AND HUMAN SERVICES
ey,

“vena Food and Drug Administration
Silver Spring MD 20993

NDA 208288
COMPLETE RESPONSE

3M Health Care (Infection Prevention Division)
...",NOT US-INVESTABLE (UNVERIFIED),3M Health Care (Infection Prevention Division),NDA 208288
C411,"Dr. Reddy’s Laboratories, Limited-",,,See FDA letter,See FDA CRL letter - indication in application,2016-05-04,Efficacy + Safety,,"https://api.fda.gov/transparency/crl.json?search=company_name:""Dr. Reddy’s Laboratories, Limited-""",https://www.accessdata.fda.gov/scripts/cder/daf/index.cfm?event=overview.process&varApplNo=206927,Verified - FLAGGED (sponsor/equity not yet resolved),"openFDA CRL transparency API: application NDA 206927/Original 1; NDA 206927, letter date 05/04/2016, company Dr. Reddy’s Laboratories, Limited-. File: 206927_2019_Orig1s000OtherActionLtrs.pdf. Reason: Efficacy + Safety. Text excerpt: pute,

Mie

OAL

4 DEPARTMENT OF HEALTH AND HUMAN SERVICES

NDA 206927/Original 1
(14)

Food and Drug Administration
Silver Spring MD 20993

COMPLETE RESPONSE

Dr. Reddy’s Laboratories, Limited-

c/o ...",NOT US-INVESTABLE (UNVERIFIED),"Dr. Reddy’s Laboratories, Limited-",NDA 206927/Original 1; NDA 206927
C412,"Evofem, Inc.",,,Amphora,See FDA CRL letter - indication in application,2016-04-28,Efficacy + Safety,,"https://api.fda.gov/transparency/crl.json?search=company_name:""Evofem, Inc.""",https://www.accessdata.fda.gov/scripts/cder/daf/index.cfm?event=overview.process&varApplNo=208352,Verified - FLAGGED (sponsor/equity not yet resolved),"openFDA CRL transparency API: application NDA 208352, letter date 04/28/2016, company Evofem, Inc.. File: 208352_2020_Orig1s000OtherActionLtrs.pdf. Reason: Efficacy + Safety. Text excerpt: poten,

Mie

OAL

4 DEPARTMENT OF HEALTH AND HUMAN SERVICES

NDA 208352

Food and Drug Administration
Silver Spring MD 20993

COMPLETE RESPONSE

Evofem, Inc.

Attention: John Fair

Chief Operating Off...",NOT US-INVESTABLE (UNVERIFIED),"Evofem, Inc.",NDA 208352
C413,Camargo Pharmaceutical Services,,,Chiasma,See FDA CRL letter - indication in application,2016-04-15,Efficacy + Safety,,"https://api.fda.gov/transparency/crl.json?search=company_name:""Camargo Pharmaceutical Services""",https://www.accessdata.fda.gov/scripts/cder/daf/index.cfm?event=overview.process&varApplNo=208232,Verified - FLAGGED (sponsor/equity not yet resolved),"openFDA CRL transparency API: application NDA 208232, letter date 04/15/2016, company Camargo Pharmaceutical Services. File: 208232_2020_Orig1s000OtherActionLtrs.pdf. Reason: Efficacy + Safety. Text excerpt: ey

St DEPARTMENT OF HEALTH AND HUMAN SERVICES

%
ot Food and Drug Administration

Silver Spring MD 20993

NDA 208232
COMPLETE RESPONSE

Camargo Pharmaceutical Services

Authorized Agent for Chiasma, ...",NOT US-INVESTABLE (UNVERIFIED),Camargo Pharmaceutical Services,NDA 208232
C414,Mylan Laboratories Limited,,,See FDA letter,See FDA CRL letter - indication in application,2016-03-10,Safety concerns,,"https://api.fda.gov/transparency/crl.json?search=company_name:""Mylan Laboratories Limited""",https://www.accessdata.fda.gov/scripts/cder/daf/index.cfm?event=overview.process&varApplNo=206610,Verified - FLAGGED (sponsor/equity not yet resolved),"openFDA CRL transparency API: application NDA 206610, letter date 03/10/2016, company Mylan Laboratories Limited. File: 206610_2021_Orig1s000OtherActionLtrs.pdf. Reason: Safety concerns. Text excerpt: oman

s
i SE DEPARTMENT OF HEALTH AND HUMAN SERVICES

emt Food and Drug Administration
Silver Spring MD 20993

NDA 206610

COMPLETE RESPONSE
Mylan Laboratories Limited
c/o Mylan Pharmaceuticals Inc.
7...",NOT US-INVESTABLE (UNVERIFIED),Mylan Laboratories Limited,NDA 206610
C415,"Belcher Pharmaceuticals, LLC.",,,See FDA letter,See FDA CRL letter - indication in application,2015-12-09,Safety concerns,,"https://api.fda.gov/transparency/crl.json?search=company_name:""Belcher Pharmaceuticals, LLC.""",https://www.accessdata.fda.gov/scripts/cder/daf/index.cfm?event=overview.process&varApplNo=207987,Verified - FLAGGED (sponsor/equity not yet resolved),"openFDA CRL transparency API: application NDA 207987, letter date 12/09/2015, company Belcher Pharmaceuticals, LLC.. File: 207987_2018_Orig1s000OtherActionLtrs.pdf. Reason: Safety concerns. Text excerpt: mg,

i

St DEPARTMENT OF HEALTH AND HUMAN SERVICES

sottbinny

at Food and Drug Administration
Silver Spring MD 20993

NDA 207987
COMPLETE RESPONSE

Belcher Pharmaceuticals, LLC.
Attention: Mihir Tane...",NOT US-INVESTABLE (UNVERIFIED),"Belcher Pharmaceuticals, LLC.",NDA 207987
C416,Sun Pharmaceutical Industries Limited,,,Sun Pharmaceutical Industries Limited,See FDA CRL letter - indication in application,2015-11-24,Safety concerns,,"https://api.fda.gov/transparency/crl.json?search=company_name:""Sun Pharmaceutical Industries Limited""",https://www.accessdata.fda.gov/scripts/cder/daf/index.cfm?event=overview.process&varApplNo=208313,Verified - FLAGGED (sponsor/equity not yet resolved),"openFDA CRL transparency API: application NDA 208313, letter date 11/24/2015, company Sun Pharmaceutical Industries Limited. File: 208313_2018_Orig1s000OtherActionLtrs.pdf. Reason: Safety concerns. Text excerpt: pute

Gas OF HEALTH AND HUMAN SERVICES

NDA 208313

Mie

oF MALT

Food and Drug Administration
Silver Spring MD 20993

COMPLETE RESPONSE

Sun Pharmaceutical Industries Limited

Attention: Karin A. Koo...",NOT US-INVESTABLE (UNVERIFIED),Sun Pharmaceutical Industries Limited,NDA 208313
C417,Sun Pharma Advanced Research Company Limited,,,See FDA letter,See FDA CRL letter - indication in application,2015-09-23,CMC / Facility / GMP,,"https://api.fda.gov/transparency/crl.json?search=company_name:""Sun Pharma Advanced Research Company Limited""",https://www.accessdata.fda.gov/scripts/cder/daf/index.cfm?event=overview.process&varApplNo=204417,Verified - FLAGGED (sponsor/equity not yet resolved),"openFDA CRL transparency API: application NDA 204417, letter date 09/23/2015, company Sun Pharma Advanced Research Company Limited. File: 204417Orig1s000OtherActionLtr.pdf. Reason: CMC / Facility / GMP. Text excerpt: pute,

Mie

OAL

4 DEPARTMENT OF HEALTH AND HUMAN SERVICES

a. Food and Drug Administration

Silver Spring MD 20993

NDA 204417
COMPLETE RESPONSE

Sun Pharma Advanced Research Company Limited
c/o Sala...",NOT US-INVESTABLE (UNVERIFIED),Sun Pharma Advanced Research Company Limited,NDA 204417
C054,Amgen Inc.,AMGN,NASDAQ,Repatha,See FDA CRL letter - indication in application,2015-08-27,Safety concerns,,"https://api.fda.gov/transparency/crl.json?search=company_name:""Amgen, Inc.""",https://www.accessdata.fda.gov/scripts/cder/daf/index.cfm?event=overview.process&varApplNo=125522,Verified - openFDA CRL transparency API,"openFDA CRL transparency API: application BLA 125522, letter date 08/27/2015, company Amgen, Inc.. File: 125522Orig2s000OtherActionLtrs.pdf. Reason: Safety concerns. Text excerpt: poten,

4 DEPARTMENT OF HEALTH AND HUMAN SERVICES

Mie

OAL

Food and Drug Administration
Silver Spring MD 20993

BLA 125522/ Original 2

COMPLETE RESPONSE

Amgen, Inc.

Attention: Marc Kubasak, PhD

...",US-LISTED,"Amgen, Inc.",BLA 125522
C419,Sun Pharma Advanced Research Company Limited,,,See FDA letter,See FDA CRL letter - indication in application,2015-07-30,Safety concerns,,"https://api.fda.gov/transparency/crl.json?search=company_name:""Sun Pharma Advanced Research Company Limited""",https://www.accessdata.fda.gov/scripts/cder/daf/index.cfm?event=overview.process&varApplNo=206185,Verified - FLAGGED (sponsor/equity not yet resolved),"openFDA CRL transparency API: application NDA 206185, letter date 07/30/2015, company Sun Pharma Advanced Research Company Limited. File: 206185_2018_Orig1s000OtherActionLtrs.pdf. Reason: Safety concerns. Text excerpt: a

omttinng

ca

Emre OF HEALTH AND HUMAN SERVICES
vot

Food and Drug Administration
Silver Spring MD 20993

NDA 206185
COMPLETE RESPONSE

Sun Pharma Advanced Research Company Limited
c/o Ora, Inc.
At...",NOT US-INVESTABLE (UNVERIFIED),Sun Pharma Advanced Research Company Limited,NDA 206185
C420,ELC Group,,,See FDA letter,See FDA CRL letter - indication in application,2015-05-29,Efficacy + Safety,,"https://api.fda.gov/transparency/crl.json?search=company_name:""ELC Group""",https://www.accessdata.fda.gov/scripts/cder/daf/index.cfm?event=overview.process&varApplNo=205054,Verified - FLAGGED (sponsor/equity not yet resolved),"openFDA CRL transparency API: application NDA 205054, letter date 05/29/2015, company ELC Group. File: 205054Orig1s000OtherActionLtr.pdf. Reason: Efficacy + Safety. Text excerpt: ,

ty
: SA DEPARTMENT OF HEALTH AND HUMAN SERVICES
""ena Food and Drug Administration
Silver Spring MD 20993
NDA 205054
COMPLETE RESPONSE
ELC Group

Attention: Julia Valentine

US Agent for GP Pharm, S...",NOT US-INVESTABLE (UNVERIFIED),ELC Group,NDA 205054
C421,nnoPharma Licensing LLC,,,Acetaminophen,See FDA CRL letter - indication in application,2015-02-27,Safety concerns,,"https://api.fda.gov/transparency/crl.json?search=company_name:""nnoPharma Licensing LLC""",https://www.accessdata.fda.gov/scripts/cder/daf/index.cfm?event=overview.process&varApplNo=206968,Verified - FLAGGED (sponsor/equity not yet resolved),"openFDA CRL transparency API: application NDA 206968, letter date 02/27/2015, company nnoPharma Licensing LLC. File: 206968_2023_Orig1s000OtherActionLtrs.pdf. Reason: Safety concerns. Text excerpt: seca,
; eng

RS
i Se DEPARTMENT OF HEALTH AND HUMAN SERVICES

%,
“eat Food and Drug Administration
Silver Spring MD 20993

NDA 206968
COMPLETE RESPONSE

nnoPharma Licensing LLC
0 Knightsbridge Road
Pi...",NOT US-INVESTABLE (UNVERIFIED),nnoPharma Licensing LLC,NDA 206968
C422,"Mylan Pharmaceuticals, Inc.",,,See FDA letter,See FDA CRL letter - indication in application,2015-02-27,Safety concerns,,"https://api.fda.gov/transparency/crl.json?search=company_name:""Mylan Pharmaceuticals, Inc.""",https://www.accessdata.fda.gov/scripts/cder/daf/index.cfm?event=overview.process&varApplNo=206610,Verified - FLAGGED (sponsor/equity not yet resolved),"openFDA CRL transparency API: application NDA 206610, letter date 02/27/2015, company Mylan Pharmaceuticals, Inc.. File: 206610_2021_Orig1s000OtherActionLtrs.pdf. Reason: Safety concerns. Text excerpt: ety

i eC DEPARTMENT OF HEALTH AND HUMAN SERVICES

Food and Drug Administration
Silver Spring MD 20993

NDA 206610
COMPLETE RESPONSE
Mylan Pharmaceuticals, Inc.
781 Chestnut Ridge Road
Morgantown, WV ...",NOT US-INVESTABLE (UNVERIFIED),"Mylan Pharmaceuticals, Inc.",NDA 206610
C423,Ferring Pharmaceuticals,,,Nocdurna,See FDA CRL letter - indication in application,2015-01-30,Efficacy + Safety,,"https://api.fda.gov/transparency/crl.json?search=company_name:""Ferring Pharmaceuticals Inc.""",https://www.accessdata.fda.gov/scripts/cder/daf/index.cfm?event=overview.process&varApplNo=022517,Verified - FLAGGED (sponsor/equity not yet resolved),"openFDA CRL transparency API: application NDA 022517, letter date 01/30/2015, company Ferring Pharmaceuticals Inc.. File: 022517Orig1s000OtherActionLtrs.pdf. Reason: Efficacy + Safety. Text excerpt: pute,

Mie

OAL

4 DEPARTMENT OF HEALTH AND HUMAN SERVICES

NDA 022517

Food and Drug Administration
Silver Spring MD 20993

COMPLETE RESPONSE

Ferring Pharmaceuticals Inc.

Attention: Brenda Marczi, ...",PRIVATE / NO EQUITY,Ferring Pharmaceuticals Inc.,NDA 022517
C424,"Dr. Reddy’s Laboratories, Limited-",,,See FDA letter,See FDA CRL letter - indication in application,2014-12-17,Safety concerns,,"https://api.fda.gov/transparency/crl.json?search=company_name:""Dr. Reddy’s Laboratories, Limited-""",https://www.accessdata.fda.gov/scripts/cder/daf/index.cfm?event=overview.process&varApplNo=206927,Verified - FLAGGED (sponsor/equity not yet resolved),"openFDA CRL transparency API: application NDA 206927/Original 1; NDA 206927, letter date 12/17/2014, company Dr. Reddy’s Laboratories, Limited-. File: 206927_2019_Orig1s000OtherActionLtrs.pdf. Reason: Safety concerns. Text excerpt: pute,

Mie

OAL

4 DEPARTMENT OF HEALTH AND HUMAN SERVICES

NDA 206927/Original 1
(o)(4)

Food and Drug Administration
Silver Spring MD 20993

COMPLETE RESPONSE

Dr. Reddy’s Laboratories, Limited-

c/...",NOT US-INVESTABLE (UNVERIFIED),"Dr. Reddy’s Laboratories, Limited-",NDA 206927/Original 1; NDA 206927
C425,Sun Pharma Advanced Research Company Limited,,,See FDA letter,See FDA CRL letter - indication in application,2014-11-24,Safety concerns,,"https://api.fda.gov/transparency/crl.json?search=company_name:""Sun Pharma Advanced Research Company Limited""",https://www.accessdata.fda.gov/scripts/cder/daf/index.cfm?event=overview.process&varApplNo=206185,Verified - FLAGGED (sponsor/equity not yet resolved),"openFDA CRL transparency API: application NDA 206185, letter date 11/24/2014, company Sun Pharma Advanced Research Company Limited. File: 206185_2018_Orig1s000OtherActionLtrs.pdf. Reason: Safety concerns. Text excerpt: a

omttinng

ca

Ge OF HEALTH AND HUMAN SERVICES
vot

Food and Drug Administration
Silver Spring MD 20993

NDA 206185
COMPLETE RESPONSE

Sun Pharma Advanced Research Company Limited
c/o Ora, Inc.
Atte...",NOT US-INVESTABLE (UNVERIFIED),Sun Pharma Advanced Research Company Limited,NDA 206185
C426,"Clarus Therapeutics, Inc.",,,See FDA letter,See FDA CRL letter - indication in application,2014-11-03,Efficacy + Safety,,"https://api.fda.gov/transparency/crl.json?search=company_name:""Clarus Therapeutics, Inc.""",https://www.accessdata.fda.gov/scripts/cder/daf/index.cfm?event=overview.process&varApplNo=206089,Verified - FLAGGED (sponsor/equity not yet resolved),"openFDA CRL transparency API: application NDA 206089, letter date 11/03/2014, company Clarus Therapeutics, Inc.. File: 206089_2019_Orig1s000OtherActionLtrs.pdf. Reason: Efficacy + Safety. Text excerpt: pute,

Mie

OAL

4 DEPARTMENT OF HEALTH AND HUMAN SERVICES

NDA 206089

Food and Drug Administration
Silver Spring MD 20993

COMPLETE RESPONSE

Clarus Therapeutics, Inc.
Attention: Robert E. Dudley, P...",NOT US-INVESTABLE (UNVERIFIED),"Clarus Therapeutics, Inc.",NDA 206089
C427,Mylan Pharmaceuticals Inc.,,,Mylan Laboratories Limited,See FDA CRL letter - indication in application,2014-10-23,Safety concerns,,"https://api.fda.gov/transparency/crl.json?search=company_name:""Mylan Pharmaceuticals Inc.""",https://www.accessdata.fda.gov/scripts/cder/daf/index.cfm?event=overview.process&varApplNo=204311,Verified - FLAGGED (sponsor/equity not yet resolved),"openFDA CRL transparency API: application NDA 204311, letter date 10/23/2014, company Mylan Pharmaceuticals Inc.. File: 204311_2024_Orig1s000OtherActionLtrs.pdf. Reason: Safety concerns. Text excerpt: suing,
ey

i St DEPARTMENT OF HEALTH AND HUMAN SERVICES

at Food and Drug Administration
Silver Spring MD 20993

NDA 204311 TENTATIVE APPROVAL

Mylan Pharmaceuticals Inc.

Attention: Shane Shupe, Seni...",NOT US-INVESTABLE (UNVERIFIED),Mylan Pharmaceuticals Inc.,NDA 204311
C428,Armstrong Pharmaceuticals,,,See FDA letter,See FDA CRL letter - indication in application,2014-05-22,Safety concerns,,"https://api.fda.gov/transparency/crl.json?search=company_name:""Armstrong Pharmaceuticals""",https://www.accessdata.fda.gov/scripts/cder/daf/index.cfm?event=overview.process&varApplNo=205920,Verified - FLAGGED (sponsor/equity not yet resolved),"openFDA CRL transparency API: application NDA 205920, letter date 05/22/2014, company Armstrong Pharmaceuticals. File: 205920_2018_Orig1s000OtherActionLtrs.pdf. Reason: Safety concerns. Text excerpt: pm

ort

=
Wa DEPARTMENT OF HEALTH AND HUMAN SERVICES
is

Waa Food and Drug Administration
Silver Spring MD 20993

NDA 205920
COMPLETE RESPONSE

Armstrong Pharmaceuticals
Attention: Stephen A. Campbel...",NOT US-INVESTABLE (UNVERIFIED),Armstrong Pharmaceuticals,NDA 205920
C429,"Fera Pharmaceuticals, LLC",,,See FDA letter,See FDA CRL letter - indication in application,2014-03-31,Efficacy + Safety,,"https://api.fda.gov/transparency/crl.json?search=company_name:""Fera Pharmaceuticals, LLC""",https://www.accessdata.fda.gov/scripts/cder/daf/index.cfm?event=overview.process&varApplNo=202408,Verified - FLAGGED (sponsor/equity not yet resolved),"openFDA CRL transparency API: application NDA 202408, letter date 03/31/2014, company Fera Pharmaceuticals, LLC. File: 202408_2019_Orig1s000OtherActionLtrs.pdf. Reason: Efficacy + Safety. Text excerpt: sence

OAL
Mie

4 DEPARTMENT OF HEALTH AND HUMAN SERVICES

Food and Drug Administration
Silver Spring MD 20993

NDA 202408
COMPLETE RESPONSE

Fera Pharmaceuticals, LLC
Attention: John D’ Angelo, M.S.,...",NOT US-INVESTABLE (UNVERIFIED),"Fera Pharmaceuticals, LLC",NDA 202408
C430,DURECT Corporation,,,See FDA letter,See FDA CRL letter - indication in application,2014-02-12,Efficacy + Safety,,"https://api.fda.gov/transparency/crl.json?search=company_name:""DURECT Corporation""",https://www.accessdata.fda.gov/scripts/cder/daf/index.cfm?event=overview.process&varApplNo=204803,Verified - FLAGGED (sponsor/equity not yet resolved),"openFDA CRL transparency API: application NDA 204803, letter date 02/12/2014, company DURECT Corporation. File: 204803_2022_Orig1s000OtherActionLtrs.pdf. Reason: Efficacy + Safety. Text excerpt: pute,

Mie

OAL

4 DEPARTMENT OF HEALTH AND HUMAN SERVICES

NDA 204803

Food and Drug Administration
Silver Spring MD 20993

COMPLETE RESPONSE

DURECT Corporation
10260 Bubb Road
Cupertino, CA 95014

...",NOT US-INVESTABLE (UNVERIFIED),DURECT Corporation,NDA 204803
C431,RedHill Biopharma Ltd.,,,See FDA letter,See FDA CRL letter - indication in application,2014-01-31,CMC / Facility / GMP,,"https://api.fda.gov/transparency/crl.json?search=company_name:""RedHill Biopharma Ltd.""",https://www.accessdata.fda.gov/scripts/cder/daf/index.cfm?event=overview.process&varApplNo=205394,Verified - FLAGGED (sponsor/equity not yet resolved),"openFDA CRL transparency API: application NDA 205394, letter date 01/31/2014, company RedHill Biopharma Ltd.. File: 205394_2023_Orig1s000OtherActionLtrs.pdf. Reason: CMC / Facility / GMP. Text excerpt: ey

i DEPARTMENT OF HEALTH AND HUMAN SERVICES
om Food and Drug Administration
Silver Spring MD 20993
NDA 205-394
COMPLETE RESPONSE
RedHill Biopharma Ltd.

Reza Fathi, Ph.D.

Senior VP Research and Dev...",NOT US-INVESTABLE (UNVERIFIED),RedHill Biopharma Ltd.,NDA 205394
C432,"NorthStar Medical Radioisotopes, LLC",,,See FDA letter,See FDA CRL letter - indication in application,2013-11-04,Safety concerns,,"https://api.fda.gov/transparency/crl.json?search=company_name:""NorthStar Medical Radioisotopes, LLC""",https://www.accessdata.fda.gov/scripts/cder/daf/index.cfm?event=overview.process&varApplNo=202158,Verified - FLAGGED (sponsor/equity not yet resolved),"openFDA CRL transparency API: application NDA 202158, letter date 11/04/2013, company NorthStar Medical Radioisotopes, LLC. File: 202158_2018_Orig1s000OtherActionLtrs.pdf. Reason: Safety concerns. Text excerpt: oman

(Gi DEPARTMENT OF HEALTH AND HUMAN SERVICES

Yen Food and Drug Administration
Silver Spring MD 20993

NDA 202158
COMPLETE RESPONSE

NorthStar Medical Radioisotopes, LLC
Attention: Scott D. Moffa...",NOT US-INVESTABLE (UNVERIFIED),"NorthStar Medical Radioisotopes, LLC",NDA 202158
C433,"Thomas Chaly, Ph.D., FAIC",,,Medical Research,See FDA CRL letter - indication in application,2013-10-22,Efficacy + Safety,,"https://api.fda.gov/transparency/crl.json?search=company_name:""Thomas Chaly, Ph.D., FAIC""",https://www.accessdata.fda.gov/scripts/cder/daf/index.cfm?event=overview.process&varApplNo=200655,Verified - FLAGGED (sponsor/equity not yet resolved),"openFDA CRL transparency API: application NDA 200655, letter date 10/22/2013, company Thomas Chaly, Ph.D., FAIC. File: 200655_2019_Orig1s000OtherActionLtrs.pdf. Reason: Efficacy + Safety. Text excerpt: sec,
; Can

>
i Se DEPARTMENT OF HEALTH AND HUMAN SERVICES

%
eat Food and Drug Administration
Silver Spring MD 20993

NDA 200655
COMPLETE RESPONSE

Thomas Chaly, Ph.D., FAIC

The Feinstein Institute ...",NOT US-INVESTABLE (UNVERIFIED),"Thomas Chaly, Ph.D., FAIC",NDA 200655
C434,"Delcath Systems, Incorporated",,,See FDA letter,See FDA CRL letter - indication in application,2013-09-12,Efficacy + Safety,,"https://api.fda.gov/transparency/crl.json?search=company_name:""Delcath Systems, Incorporated""",https://www.accessdata.fda.gov/scripts/cder/daf/index.cfm?event=overview.process&varApplNo=201848,Verified - FLAGGED (sponsor/equity not yet resolved),"openFDA CRL transparency API: application NDA 201848, letter date 09/12/2013, company Delcath Systems, Incorporated. File: 201848_2024_Orig1s000OtherActionLtrs.pdf. Reason: Efficacy + Safety. Text excerpt: seca,
; eng

RS
i Se DEPARTMENT OF HEALTH AND HUMAN SERVICES

%,
“eat Food and Drug Administration
Silver Spring MD 20993

NDA 201848
COMPLETE RESPONSE

Delcath Systems, Incorporated

Attention: John ...",NOT US-INVESTABLE (UNVERIFIED),"Delcath Systems, Incorporated",NDA 201848
C435,"Agile Therapeutics, Inc.",,,Twirla,See FDA CRL letter - indication in application,2013-07-17,Insufficient efficacy evidence,,"https://api.fda.gov/transparency/crl.json?search=company_name:""Agile Therapeutics, Inc.""",https://www.accessdata.fda.gov/scripts/cder/daf/index.cfm?event=overview.process&varApplNo=204017,Verified - FLAGGED (sponsor/equity not yet resolved),"openFDA CRL transparency API: application NDA 204017, letter date 07/17/2013, company Agile Therapeutics, Inc.. File: 204017_2020_Orig1s000OtherActionLtrs.pdf. Reason: Insufficient efficacy evidence. Text excerpt: presi,

s ty
i Gane OF HEALTH AND HUMAN SERVICES

me: Food and Drug Administration

Silver Spring MD 20993

NDA 204017
ACKNOWLEDGE INCOMPLETE RESPONSE

Agile Therapeutics, Inc.

Attention: Gracelyn De...",NOT US-INVESTABLE (UNVERIFIED),"Agile Therapeutics, Inc.",NDA 204017
C055,Merck & Co.,MRK,NYSE,See FDA letter,See FDA CRL letter - indication in application,2013-06-28,Efficacy + Safety,,"https://api.fda.gov/transparency/crl.json?search=company_name:""Merck & Co., Inc.""",https://www.accessdata.fda.gov/scripts/cder/daf/index.cfm?event=overview.process&varApplNo=204569,Verified - openFDA CRL transparency API,"openFDA CRL transparency API: application NDA 204569, letter date 06/28/2013, company Merck & Co., Inc.. File: CRL_NDA204569_20130628.pdf. Reason: Efficacy + Safety. Text excerpt: suing,
ey

i St DEPARTMENT OF HEALTH AND HUMAN SERVICES

et Food and Drug Administration
Silver Spring MD 20993

NDA 204569
COMPLETE RESPONSE

Merck & Co., Inc.

126 Lincoln Avenue

P.O. Box 2000, RY ...",US-LISTED,"Merck & Co., Inc.",NDA 204569
C437,GeNO LLC,,,See FDA letter,See FDA CRL letter - indication in application,2013-06-28,Safety concerns,,"https://api.fda.gov/transparency/crl.json?search=company_name:""GeNO LLC""",https://www.accessdata.fda.gov/scripts/cder/daf/index.cfm?event=overview.process&varApplNo=202860,Verified - FLAGGED (sponsor/equity not yet resolved),"openFDA CRL transparency API: application NDA 202860, letter date 06/28/2013, company GeNO LLC. File: 202860_2019_Orig1s000OtherActionLtrs.pdf. Reason: Safety concerns. Text excerpt: |

SE DEPARTMENT OF HEALTH AND HUMAN SERVICES

Mtn,

Pron Food and Drug Administration
Silver Spring MD 20993

NDA 202860
COMPLETE RESPONSE

GeNO LLC

Attention: David Fine, Ph.D.
President

2941 Oxbo...",NOT US-INVESTABLE (UNVERIFIED),GeNO LLC,NDA 202860
C438,"AVEO Pharmaceuticals, Inc.",,,See FDA letter,See FDA CRL letter - indication in application,2013-06-06,Safety concerns,,"https://api.fda.gov/transparency/crl.json?search=company_name:""AVEO Pharmaceuticals, Inc.""",https://www.accessdata.fda.gov/scripts/cder/daf/index.cfm?event=overview.process&varApplNo=204408,Verified - FLAGGED (sponsor/equity not yet resolved),"openFDA CRL transparency API: application NDA 204408, letter date 06/06/2013, company AVEO Pharmaceuticals, Inc.. File: 212904Orig1s000OtherActionLtrs.pdf. Reason: Safety concerns. Text excerpt: ma,

3

i Ga OF HEALTH AND HUMAN SERVICES

Food and Drug Administration
Silver Spring MD 20993

NDA 204408
COMPLETE RESPONSE

AVEO Pharmaceuticals, Inc.
Attention: Margaret M. Taleff
Vice President, R...",NOT US-INVESTABLE (UNVERIFIED),"AVEO Pharmaceuticals, Inc.",NDA 204408
C439,"Roxane Laboratories, Inc.",,,See FDA letter,See FDA CRL letter - indication in application,2013-05-03,Safety concerns,,"https://api.fda.gov/transparency/crl.json?search=company_name:""Roxane Laboratories, Inc.""",https://www.accessdata.fda.gov/scripts/cder/daf/index.cfm?event=overview.process&varApplNo=203856,Verified - FLAGGED (sponsor/equity not yet resolved),"openFDA CRL transparency API: application NDA 203856, letter date 05/03/2013, company Roxane Laboratories, Inc.. File: CRL_NDA203856_20130503.pdf. Reason: Safety concerns. Text excerpt: presi,

s ty
i Ga OF HEALTH AND HUMAN SERVICES

NDA 203856

Food and Drug Administration
Silver Spring MD 20993

COMPLETE RESPONSE

Roxane Laboratories, Inc.

Attention: Randall Wilson

Vice President...",NOT US-INVESTABLE (UNVERIFIED),"Roxane Laboratories, Inc.",NDA 203856
C440,Sun Pharma Global FZE,,,See FDA letter,See FDA CRL letter - indication in application,2013-03-29,Efficacy + Safety,,"https://api.fda.gov/transparency/crl.json?search=company_name:""Sun Pharma Global FZE""",https://www.accessdata.fda.gov/scripts/cder/daf/index.cfm?event=overview.process&varApplNo=204417,Verified - FLAGGED (sponsor/equity not yet resolved),"openFDA CRL transparency API: application NDA 204417, letter date 03/29/2013, company Sun Pharma Global FZE. File: 204417Orig1s000OtherActionLtr.pdf. Reason: Efficacy + Safety. Text excerpt: presi,

s ty
i Ga OF HEALTH AND HUMAN SERVICES

NDA 204417

Food and Drug Administration
Silver Spring MD 20993

COMPLETE RESPONSE

Sun Pharma Global FZE
c/o Salamandra, LLC

One Bethesda Center 4800
...",NOT US-INVESTABLE (UNVERIFIED),Sun Pharma Global FZE,NDA 204417
C441,Pharmaxis Ltd.,,,See FDA letter,See FDA CRL letter - indication in application,2013-03-18,Efficacy + Safety,,"https://api.fda.gov/transparency/crl.json?search=company_name:""Pharmaxis Ltd.""",https://www.accessdata.fda.gov/scripts/cder/daf/index.cfm?event=overview.process&varApplNo=202049,Verified - FLAGGED (sponsor/equity not yet resolved),"openFDA CRL transparency API: application NDA 202049, letter date 03/18/2013, company Pharmaxis Ltd.. File: 202049_2021_Orig1s000OtherActionLtrs.pdf. Reason: Efficacy + Safety. Text excerpt: seca,
; eng

RS
i Se DEPARTMENT OF HEALTH AND HUMAN SERVICES

%,
“eat Food and Drug Administration
Silver Spring MD 20993

NDA 202049
COMPLETE RESPONSE

Pharmaxis Ltd.
E. Uwchlan Avenue, Suite 405
Ext...",NOT US-INVESTABLE (UNVERIFIED),Pharmaxis Ltd.,NDA 202049
C442,"Agile Therapeutics, Inc.",,,See FDA letter,See FDA CRL letter - indication in application,2013-02-13,Efficacy + Safety,,"https://api.fda.gov/transparency/crl.json?search=company_name:""Agile Therapeutics, Inc.""",https://www.accessdata.fda.gov/scripts/cder/daf/index.cfm?event=overview.process&varApplNo=204017,Verified - FLAGGED (sponsor/equity not yet resolved),"openFDA CRL transparency API: application NDA 204017, letter date 02/13/2013, company Agile Therapeutics, Inc.. File: 204017_2020_Orig1s000OtherActionLtrs.pdf. Reason: Efficacy + Safety. Text excerpt: presi,

s ty
i Ga OF HEALTH AND HUMAN SERVICES

NDA 204017

Food and Drug Administration
Silver Spring MD 20993

COMPLETE RESPONSE

Agile Therapeutics, Inc.

Attention: Marie Foegh, M.D., Dr. Sc.

Chi...",NOT US-INVESTABLE (UNVERIFIED),"Agile Therapeutics, Inc.",NDA 204017
C443,Ferring Pharmaceuticals,,,See FDA letter,See FDA CRL letter - indication in application,2013-01-30,Efficacy + Safety,,"https://api.fda.gov/transparency/crl.json?search=company_name:""Ferring Pharmaceuticals Inc.""",https://www.accessdata.fda.gov/scripts/cder/daf/index.cfm?event=overview.process&varApplNo=022517,Verified - FLAGGED (sponsor/equity not yet resolved),"openFDA CRL transparency API: application NDA 022517, letter date 01/30/2013, company Ferring Pharmaceuticals Inc.. File: 022517Orig1s000OtherActionLtrs.pdf. Reason: Efficacy + Safety. Text excerpt: presi,

s ty
i Ga OF HEALTH AND HUMAN SERVICES

NDA 022517

Food and Drug Administration
Silver Spring MD 20993

COMPLETE RESPONSE

Ferring Pharmaceuticals Inc.
Attention: Laura Cooper
Director, Regul...",PRIVATE / NO EQUITY,Ferring Pharmaceuticals Inc.,NDA 022517
C444,Otsuka Holdings Co. Ltd.,,TSE,See FDA letter,See FDA CRL letter - indication in application,2012-07-26,CMC / Facility / GMP,,"https://api.fda.gov/transparency/crl.json?search=company_name:""Otsuka Pharmaceutical Company, Ltd.""",https://www.accessdata.fda.gov/scripts/cder/daf/index.cfm?event=overview.process&varApplNo=202971,Verified - FLAGGED (sponsor/equity not yet resolved),"openFDA CRL transparency API: application NDA 202971, letter date 07/26/2012, company Otsuka Pharmaceutical Company, Ltd.. File: CRL_NDA202971_20120726.pdf. Reason: CMC / Facility / GMP. Text excerpt: seca,
; eng

RS
i Se DEPARTMENT OF HEALTH AND HUMAN SERVICES

%,
“eat Food and Drug Administration
Silver Spring MD 20993

NDA 202971
COMPLETE RESPONSE

Otsuka Pharmaceutical Company, Ltd.

c/o Otsuka...",NON-US LISTING ONLY,"Otsuka Pharmaceutical Company, Ltd.",NDA 202971
C445,GeNO LLC,,,See FDA letter,See FDA CRL letter - indication in application,2012-05-18,CMC / Facility / GMP,,"https://api.fda.gov/transparency/crl.json?search=company_name:""GeNO LLC""",https://www.accessdata.fda.gov/scripts/cder/daf/index.cfm?event=overview.process&varApplNo=202860,Verified - FLAGGED (sponsor/equity not yet resolved),"openFDA CRL transparency API: application NDA 202860, letter date 05/18/2012, company GeNO LLC. File: 202860_2019_Orig1s000OtherActionLtrs.pdf. Reason: CMC / Facility / GMP. Text excerpt: ys

é

SE DEPARTMENT OF HEALTH AND HUMAN SERVICES

Mtn,

“ene

Food and Drug Administration
Silver Spring MD 20993

NDA 202860

REFUSAL TO FILE
GeNO LLC
Attention: Ruth E. Stevens, PhaD, MBA
9825 Kenw...",NOT US-INVESTABLE (UNVERIFIED),GeNO LLC,NDA 202860
C446,"Chelsea Therapeutics, Inc.",,,See FDA letter,See FDA CRL letter - indication in application,2012-03-28,Efficacy + Safety,,"https://api.fda.gov/transparency/crl.json?search=company_name:""Chelsea Therapeutics, Inc.""",https://www.accessdata.fda.gov/scripts/cder/daf/index.cfm?event=overview.process&varApplNo=203202,Verified - FLAGGED (sponsor/equity not yet resolved),"openFDA CRL transparency API: application NDA 203202, letter date 03/28/2012, company Chelsea Therapeutics, Inc.. File: CRL_NDA203202_20120328.pdf. Reason: Efficacy + Safety. Text excerpt: seca,
; eng

RS
i Se DEPARTMENT OF HEALTH AND HUMAN SERVICES

%,
“eat Food and Drug Administration
Silver Spring MD 20993

NDA 203202
COMPLETE RESPONSE

Chelsea Therapeutics, Inc.
Attention: Rex Horto...",NOT US-INVESTABLE (UNVERIFIED),"Chelsea Therapeutics, Inc.",NDA 203202
C056,Bristol-Myers Squibb Company,BMY,NYSE,See FDA letter,See FDA CRL letter - indication in application,2012-01-17,Safety concerns,,"https://api.fda.gov/transparency/crl.json?search=company_name:""Bristol-Myers Squibb""",https://www.accessdata.fda.gov/scripts/cder/daf/index.cfm?event=overview.process&varApplNo=202293,Verified - openFDA CRL transparency API,"openFDA CRL transparency API: application NDA 202293, letter date 01/17/2012, company Bristol-Myers Squibb. File: CRL_NDA202293_20120117.pdf. Reason: Safety concerns. Text excerpt: pune,

s ty

i Covers OF HEALTH AND HUMAN SERVICES

Noe

Food and Drug Administration
Silver Spring MD 20993

NDA 202293
COMPLETE RESPONSE

Bristol-Myers Squibb

Attention: Amy A. Jennings, Ph.D.
Dire...",US-LISTED,Bristol-Myers Squibb,NDA 202293
C448,"Teva Women’s Health, Inc.",,,See FDA letter,See FDA CRL letter - indication in application,2011-02-28,Efficacy + Safety,,"https://api.fda.gov/transparency/crl.json?search=company_name:""Teva Women’s Health, Inc.""",https://www.accessdata.fda.gov/scripts/cder/daf/index.cfm?event=overview.process&varApplNo=201110,Verified - FLAGGED (sponsor/equity not yet resolved),"openFDA CRL transparency API: application NDA 201110, letter date 02/28/2011, company Teva Women’s Health, Inc.. File: 201110_2020_Orig1s000OtherActionLtrs.pdf. Reason: Efficacy + Safety. Text excerpt: pune,

s ty

i Covers OF HEALTH AND HUMAN SERVICES

Noe

Food and Drug Administration
Silver Spring MD 20993

NDA 201110
COMPLETE RESPONSE

Teva Women’s Health, Inc.
Attention: Jennifer Norman, R.Ph.
...",NOT US-INVESTABLE (UNVERIFIED),"Teva Women’s Health, Inc.",NDA 201110
C449,Merck KGaA,,XETRA,See FDA letter,See FDA CRL letter - indication in application,2011-02-28,Safety concerns,,"https://api.fda.gov/transparency/crl.json?search=company_name:""EMD Serono, Inc.""",https://www.accessdata.fda.gov/scripts/cder/daf/index.cfm?event=overview.process&varApplNo=022561,Verified - FLAGGED (sponsor/equity not yet resolved),"openFDA CRL transparency API: application NDA 022561, letter date 02/28/2011, company EMD Serono, Inc.. File: 022561Orig1s000OtherActionLtrs.pdf. Reason: Safety concerns. Text excerpt: seca,
; eng

RS
i Se DEPARTMENT OF HEALTH AND HUMAN SERVICES

%,
“eat Food and Drug Administration
Silver Spring MD 20993

NDA 022561
COMPLETE RESPONSE

EMD Serono, Inc.
Attention: Dr. DiRoma
Vice Pre...",NON-US LISTING ONLY,"EMD Serono, Inc.",NDA 022561
C450,Ferring Pharmaceuticals,,,See FDA letter,See FDA CRL letter - indication in application,2010-04-22,Efficacy + Safety,,"https://api.fda.gov/transparency/crl.json?search=company_name:""Ferring Pharmaceuticals Inc.""",https://www.accessdata.fda.gov/scripts/cder/daf/index.cfm?event=overview.process&varApplNo=022517,Verified - FLAGGED (sponsor/equity not yet resolved),"openFDA CRL transparency API: application NDA 022517, letter date 04/22/2010, company Ferring Pharmaceuticals Inc.. File: 022517Orig1s000OtherActionLtrs.pdf. Reason: Efficacy + Safety. Text excerpt: presi,

s ty
i 4 DEPARTMENT OF HEALTH AND HUMAN SERVICES

Food and Drug Administration
Silver Spring MD 20993

NDA 22-517 COMPLETE RESPONSE

Ferring Pharmaceuticals Inc.
Attention: John C. Kim, R.Ph.,...",PRIVATE / NO EQUITY,Ferring Pharmaceuticals Inc.,NDA 022517
C451,Cadence Pharmaceuticals,,,See FDA letter,See FDA CRL letter - indication in application,2010-02-10,Safety concerns,,"https://api.fda.gov/transparency/crl.json?search=company_name:""Cadence Pharmaceuticals""",https://www.accessdata.fda.gov/scripts/cder/daf/index.cfm?event=overview.process&varApplNo=022450,Verified - FLAGGED (sponsor/equity not yet resolved),"openFDA CRL transparency API: application NDA 022450, letter date 02/10/2010, company Cadence Pharmaceuticals. File: 022450Orig1s000OtherActionLtrs.pdf. Reason: Safety concerns. Text excerpt: presi,

s ty
i 4 DEPARTMENT OF HEALTH AND HUMAN SERVICES

Food and Drug Administration
Silver Spring, MD 20993

NDA 022450 COMPLETE RESPONSE

Cadence Pharmaceuticals
21481 High Bluff Drive, Suite 200
...",NOT US-INVESTABLE (UNVERIFIED),Cadence Pharmaceuticals,NDA 022450
C452,"Orphan Therapeutics, LLC",,,Lucassin,See FDA CRL letter - indication in application,2009-11-04,Efficacy + Safety,,"https://api.fda.gov/transparency/crl.json?search=company_name:""Orphan Therapeutics, LLC""",https://www.accessdata.fda.gov/scripts/cder/daf/index.cfm?event=overview.process&varApplNo=022231,Verified - FLAGGED (sponsor/equity not yet resolved),"openFDA CRL transparency API: application NDA 022231, letter date 11/04/2009, company Orphan Therapeutics, LLC. File: 022231Orig1s000OtherActionLtrs.pdf. Reason: Efficacy + Safety. Text excerpt: prensa,

s
i 4 DEPARTMENT OF HEALTH AND HUMAN SERVICES

Food and Drug Administration
Silver Spring MD 20993

NDA 022231 COMPLETE RESPONSE

Orphan Therapeutics, LLC
Attention: Candice Teuber, PharmD.
3...",NOT US-INVESTABLE (UNVERIFIED),"Orphan Therapeutics, LLC",NDA 022231
C453,"King Pharmaceuticals, Inc.",,,See FDA letter,See FDA CRL letter - indication in application,2009-05-15,Safety concerns,,"https://api.fda.gov/transparency/crl.json?search=company_name:""King Pharmaceuticals, Inc.""",https://www.accessdata.fda.gov/scripts/cder/daf/index.cfm?event=overview.process&varApplNo=022377,Verified - FLAGGED (sponsor/equity not yet resolved),"openFDA CRL transparency API: application NDA 022377, letter date 05/15/2009, company King Pharmaceuticals, Inc.. File: CRL_NDA022377_20090515.pdf. Reason: Safety concerns. Text excerpt: ps ERE

op EALTy,
6 6
%

s

Nerve

& DEPARTMENT OF HEALTH & HUMAN SERVICES Public Health Service

Food and Drug Administration
Rockville, MD 20857

NDA 22-377

King Pharmaceuticals, Inc.
Attention: Mr...",NOT US-INVESTABLE (UNVERIFIED),"King Pharmaceuticals, Inc.",NDA 022377
C454,"Kyowa Pharmaceutical, Inc.",,,See FDA letter,See FDA CRL letter - indication in application,2008-02-25,Clinical / Trial design,,"https://api.fda.gov/transparency/crl.json?search=company_name:""Kyowa Pharmaceutical, Inc.""",https://www.accessdata.fda.gov/scripts/cder/daf/index.cfm?event=overview.process&varApplNo=022075,Verified - FLAGGED (sponsor/equity not yet resolved),"openFDA CRL transparency API: application NDA 022075, letter date 02/25/2008, company Kyowa Pharmaceutical, Inc.. File: 022075Orig1s000OtherActionLtrs.pdf. Reason: Clinical / Trial design. Text excerpt: Pomenrs
s ty

€ DEPARTMENT OF HEALTH & HUMAN SERVICES Public Health Service

Food and Drug Administration
Rockville, MD 20857

NDA 22-075

Kyowa Pharmaceutical, Inc.
Attention: Lieselotte Bloss, DVM
D...",NOT US-INVESTABLE (UNVERIFIED),"Kyowa Pharmaceutical, Inc.",NDA 022075
C455,"Fabre-Kramer Pharmaceuticals, Inc.",,,Gepirone,See FDA CRL letter - indication in application,2007-11-02,Insufficient efficacy evidence,,"https://api.fda.gov/transparency/crl.json?search=company_name:""Fabre-Kramer Pharmaceuticals, Inc.""",https://www.accessdata.fda.gov/scripts/cder/daf/index.cfm?event=overview.process&varApplNo=021164,Verified - FLAGGED (sponsor/equity not yet resolved),"openFDA CRL transparency API: application NDA 021164, letter date 11/02/2007, company Fabre-Kramer Pharmaceuticals, Inc.. File: 021164Orig1s000OtherActionLtrs.pdf. Reason: Insufficient efficacy evidence. Text excerpt: Pomenrs
s ty

€ DEPARTMENT OF HEALTH & HUMAN SERVICES Public Health Service

Food and Drug Administration
Rockville, MD 20857

NDA 21-164

Fabre-Kramer Pharmaceuticals, Inc.

Attention: Stephen J. Kra...",NOT US-INVESTABLE (UNVERIFIED),"Fabre-Kramer Pharmaceuticals, Inc.",NDA 021164
C057,Organon & Co.,OGN,NYSE,Gepirone,See FDA CRL letter - indication in application,2004-06-23,Efficacy + Safety,,"https://api.fda.gov/transparency/crl.json?search=company_name:""Organon, Inc.""",https://www.accessdata.fda.gov/scripts/cder/daf/index.cfm?event=overview.process&varApplNo=021164,Verified - openFDA CRL transparency API,"openFDA CRL transparency API: application NDA 021164, letter date 06/23/2004, company Organon, Inc.. File: 021164Orig1s000OtherActionLtrs.pdf. Reason: Efficacy + Safety. Text excerpt: nets |

4 DEPARTMENT OF HEALTH & HUMAN SERVICES Public Health Service

BEAL
oF BEAL,
“ 44,

Food and Drug Administration
Rockville, MD 20857

NDA 21-164

Organon, Inc.

Attention: Edna Gilvary, Ph.D.
...",US-LISTED,"Organon, Inc.",NDA 021164
C058,Organon & Co.,OGN,NYSE,Gepirone,See FDA CRL letter - indication in application,2002-03-15,Efficacy + Safety,,"https://api.fda.gov/transparency/crl.json?search=company_name:""Organon, Inc.""",https://www.accessdata.fda.gov/scripts/cder/daf/index.cfm?event=overview.process&varApplNo=021164,Verified - openFDA CRL transparency API,"openFDA CRL transparency API: application NDA 021164, letter date 03/15/2002, company Organon, Inc.. File: 021164Orig1s000OtherActionLtrs.pdf. Reason: Efficacy + Safety. Text excerpt: 4 DEPARTMENT OF HEALTH & HUMAN SERVICES Public Health Service

Food and Drug Administration
Rockville, MD 20857

NDA 21-164

Organon, Inc.

Attention: Edna Gilvary, Ph.D.
Regulatory Scientist II

375 ...",US-LISTED,"Organon, Inc.",NDA 021164
