action_id,year,appl_no,application_number,action_class,action_date,submission_type,submission_no,submission_status,submission_class_code_id,submission_class_code,submission_class_code_description,review_priority,nme_comparable,holder_drugsatfda_verbatim,first_product_brand,first_product_ingredients,first_product_strength,first_product_form_route,n_products_published,marketing_status_openfda,fr_safety_determination_marker,products_with_fr_marker,suppl_actions_1965_1979,suppl_actions_in_year,official_docs_rows,appletter_url_count,review_doc_url_count,pre96_review_url_count,first_appletter_url,first_pre96_review_url,first_label_url,tracked_decision_id,verified_decision_row,crosscheck_record_id,openfda_payload_file,drugsatfda_url,openfda_url,evidence_source_file,evidence_source_line,evidence_manifest_sha256,verification_status,notes
PRE1980ACT-1978-001,1978,008961,,KIND_UNRESOLVED,1978-10-16,ORIG,1,AP,12,TYPE 3,Type 3 - New Dosage Form,STANDARD,FALSE,,,,,,0,,FALSE,0,0,0,0,0,0,0,,,,,,FULldb-1978-UNRES21,,https://www.accessdata.fda.gov/scripts/cder/daf/index.cfm?event=overview.process&varApplNo=008961,,data/raw/drugsatfda_data_files_2026_09/Submissions_1965_1979.txt,519,eb7003d97b6b24023b5fde542a5ba7ca4292259d9f323a1530d387a6e0091311,"Verified row, application type not published (KIND_UNRESOLVED) - review candidate only","v23 2026-09-20: row read verbatim from the committed official Drugs@FDA Submissions extract (1965-1979 window) at the cited line number; the file re-hashes to the runner manifest SHA-256. ApplNo is absent from the unfiltered Applications table, so no NDA/ANDA/BLA type can be asserted; the openFDA payloads do not carry it either. This is a review candidate, never an approval row in the NME decision table. Cross-check record FULldb-1978-UNRES21."
PRE1980ACT-1978-002,1978,012043,,KIND_UNRESOLVED,1978-10-16,ORIG,1,AP,8,TYPE 1/4,Type 1 - New Molecular Entity and Type 4 - New Combination,STANDARD,TRUE (UNRESOLVED APPLICATION TYPE),,,,,,0,,FALSE,0,0,0,0,0,0,0,,,,,,FULldb-1978-UNRES22,,https://www.accessdata.fda.gov/scripts/cder/daf/index.cfm?event=overview.process&varApplNo=012043,,data/raw/drugsatfda_data_files_2026_09/Submissions_1965_1979.txt,1244,eb7003d97b6b24023b5fde542a5ba7ca4292259d9f323a1530d387a6e0091311,"Verified row, application type not published (KIND_UNRESOLVED) - review candidate only","v23 2026-09-20: row read verbatim from the committed official Drugs@FDA Submissions extract (1965-1979 window) at the cited line number; the file re-hashes to the runner manifest SHA-256. ApplNo is absent from the unfiltered Applications table, so no NDA/ANDA/BLA type can be asserted; the openFDA payloads do not carry it either. This is a review candidate, never an approval row in the NME decision table. Cross-check record FULldb-1978-UNRES22."
PRE1980ACT-1978-003,1978,012622,,KIND_UNRESOLVED,1978-07-14,ORIG,1,AP,14,TYPE 4,Type 4 - New Combination,STANDARD,FALSE,,,,,,0,,FALSE,0,0,0,0,0,0,0,,,,,,FULldb-1978-UNRES16,,https://www.accessdata.fda.gov/scripts/cder/daf/index.cfm?event=overview.process&varApplNo=012622,,data/raw/drugsatfda_data_files_2026_09/Submissions_1965_1979.txt,1479,eb7003d97b6b24023b5fde542a5ba7ca4292259d9f323a1530d387a6e0091311,"Verified row, application type not published (KIND_UNRESOLVED) - review candidate only","v23 2026-09-20: row read verbatim from the committed official Drugs@FDA Submissions extract (1965-1979 window) at the cited line number; the file re-hashes to the runner manifest SHA-256. ApplNo is absent from the unfiltered Applications table, so no NDA/ANDA/BLA type can be asserted; the openFDA payloads do not carry it either. This is a review candidate, never an approval row in the NME decision table. Cross-check record FULldb-1978-UNRES16."
PRE1980ACT-1978-004,1978,016741,NDA016741,TRACKED_NDA_ORIGINAL,1978-02-16,ORIG,1,AP,15,TYPE 5,Type 5 - New Formulation or New Manufacturer,STANDARD,FALSE,B BRAUN,SORBITOL 3.3% IN PLASTIC CONTAINER,SORBITOL,3.3GM/100ML,SOLUTION;IRRIGATION,1,Prescription,FALSE,0,8,3,1,1,0,0,http://www.accessdata.fda.gov/drugsatfda_docs/appletter/2003/16741slr035ltr.pdf,,,none (not a Type 1/1-4 original approval),,,data/raw/openfda_orig_decisions_1975_1979/decisions_1978.json,https://www.accessdata.fda.gov/scripts/cder/daf/index.cfm?event=overview.process&varApplNo=016741,https://api.fda.gov/drug/drugsfda.json?search=application_number:%22NDA016741%22,data/raw/drugsatfda_data_files_2026_09/Submissions_1965_1979.txt,3459,eb7003d97b6b24023b5fde542a5ba7ca4292259d9f323a1530d387a6e0091311,Verified (verbatim Drugs@FDA submission row; line number cited),"v23 2026-09-20: row read verbatim from the committed official Drugs@FDA Submissions extract (1965-1979 window) at the cited line number; the file re-hashes to the runner manifest SHA-256. Application type, holder and product facts come from the committed Drugs@FDA Applications/Products extracts. Holder is the CURRENT Drugs@FDA applicant of record, never asserted as the 1977-1979 applicant; no indication is recorded because the official extract publishes none. Supplement counts are approval actions (status AP) inside the committed 1965-1979 window only and understate lifetime post-approval activity."
PRE1980ACT-1978-005,1978,016772,NDA016772,TRACKED_NDA_ORIGINAL,1978-02-10,ORIG,1,AP,15,TYPE 5,Type 5 - New Formulation or New Manufacturer,STANDARD,FALSE,B BRAUN,RESECTISOL IN PLASTIC CONTAINER,MANNITOL,5GM/100ML,SOLUTION;IRRIGATION,1,Discontinued,FALSE,0,7,2,0,0,0,0,,,,none (not a Type 1/1-4 original approval),,,data/raw/openfda_orig_decisions_1975_1979/decisions_1978.json,https://www.accessdata.fda.gov/scripts/cder/daf/index.cfm?event=overview.process&varApplNo=016772,https://api.fda.gov/drug/drugsfda.json?search=application_number:%22NDA016772%22,data/raw/drugsatfda_data_files_2026_09/Submissions_1965_1979.txt,3523,eb7003d97b6b24023b5fde542a5ba7ca4292259d9f323a1530d387a6e0091311,Verified (verbatim Drugs@FDA submission row; line number cited),"v23 2026-09-20: row read verbatim from the committed official Drugs@FDA Submissions extract (1965-1979 window) at the cited line number; the file re-hashes to the runner manifest SHA-256. Application type, holder and product facts come from the committed Drugs@FDA Applications/Products extracts. Holder is the CURRENT Drugs@FDA applicant of record, never asserted as the 1977-1979 applicant; no indication is recorded because the official extract publishes none. Supplement counts are approval actions (status AP) inside the committed 1965-1979 window only and understate lifetime post-approval activity."
PRE1980ACT-1978-006,1978,016784,NDA016784,TRACKED_NDA_ORIGINAL,1978-02-06,ORIG,1,AP,15,TYPE 5,Type 5 - New Formulation or New Manufacturer,STANDARD,FALSE,B BRAUN,GLYCINE 1.5% IN PLASTIC CONTAINER,GLYCINE,1.5GM/100ML,SOLUTION;IRRIGATION,1,Prescription,FALSE,0,7,2,1,0,0,0,,,http://www.accessdata.fda.gov/drugsatfda_docs/label/2014/016784s035lbl.pdf,none (not a Type 1/1-4 original approval),,,data/raw/openfda_orig_decisions_1975_1979/decisions_1978.json,https://www.accessdata.fda.gov/scripts/cder/daf/index.cfm?event=overview.process&varApplNo=016784,https://api.fda.gov/drug/drugsfda.json?search=application_number:%22NDA016784%22,data/raw/drugsatfda_data_files_2026_09/Submissions_1965_1979.txt,3573,eb7003d97b6b24023b5fde542a5ba7ca4292259d9f323a1530d387a6e0091311,Verified (verbatim Drugs@FDA submission row; line number cited),"v23 2026-09-20: row read verbatim from the committed official Drugs@FDA Submissions extract (1965-1979 window) at the cited line number; the file re-hashes to the runner manifest SHA-256. Application type, holder and product facts come from the committed Drugs@FDA Applications/Products extracts. Holder is the CURRENT Drugs@FDA applicant of record, never asserted as the 1977-1979 applicant; no indication is recorded because the official extract publishes none. Supplement counts are approval actions (status AP) inside the committed 1965-1979 window only and understate lifetime post-approval activity."
PRE1980ACT-1979-001,1979,016792,NDA016792,TRACKED_NDA_ORIGINAL,1979-06-12,ORIG,1,AP,7,TYPE 1,Type 1 - New Molecular Entity,STANDARD,TRUE,TEVA WOMENS,SURMONTIL,TRIMIPRAMINE MALEATE,EQ 25MG BASE **Federal Register determination that product was not discontinued or withdrawn for safety or effectiveness reasons**,CAPSULE;ORAL,3,Discontinued,TRUE,3,0,0,14,4,4,0,http://www.accessdata.fda.gov/drugsatfda_docs/appletter/2005/16792s024ltr.pdf,,http://www.accessdata.fda.gov/drugsatfda_docs/label/2005/16792s024lbl.pdf,PRE1980-1979-06,PRE1980-1979-06,,data/raw/openfda_orig_decisions_1975_1979/decisions_1979.json,https://www.accessdata.fda.gov/scripts/cder/daf/index.cfm?event=overview.process&varApplNo=016792,https://api.fda.gov/drug/drugsfda.json?search=application_number:%22NDA016792%22,data/raw/drugsatfda_data_files_2026_09/Submissions_1965_1979.txt,3586,eb7003d97b6b24023b5fde542a5ba7ca4292259d9f323a1530d387a6e0091311,Verified (verbatim Drugs@FDA submission row; line number cited),"v23 2026-09-20: row read verbatim from the committed official Drugs@FDA Submissions extract (1965-1979 window) at the cited line number; the file re-hashes to the runner manifest SHA-256. Application type, holder and product facts come from the committed Drugs@FDA Applications/Products extracts. Holder is the CURRENT Drugs@FDA applicant of record, never asserted as the 1977-1979 applicant; no indication is recorded because the official extract publishes none. Supplement counts are approval actions (status AP) inside the committed 1965-1979 window only and understate lifetime post-approval activity."
PRE1980ACT-1978-007,1978,016818,NDA016818,TRACKED_NDA_ORIGINAL,1978-09-27,ORIG,1,AP,12,TYPE 3,Type 3 - New Dosage Form,STANDARD,FALSE,ROERIG,EMETE-CON,BENZQUINAMIDE HYDROCHLORIDE,EQ 100MG BASE,SUPPOSITORY;RECTAL,1,Discontinued,FALSE,0,0,0,0,0,0,0,,,,none (not a Type 1/1-4 original approval),,,data/raw/openfda_orig_decisions_1975_1979/decisions_1978.json,https://www.accessdata.fda.gov/scripts/cder/daf/index.cfm?event=overview.process&varApplNo=016818,https://api.fda.gov/drug/drugsfda.json?search=application_number:%22NDA016818%22,data/raw/drugsatfda_data_files_2026_09/Submissions_1965_1979.txt,3639,eb7003d97b6b24023b5fde542a5ba7ca4292259d9f323a1530d387a6e0091311,Verified (verbatim Drugs@FDA submission row; line number cited),"v23 2026-09-20: row read verbatim from the committed official Drugs@FDA Submissions extract (1965-1979 window) at the cited line number; the file re-hashes to the runner manifest SHA-256. Application type, holder and product facts come from the committed Drugs@FDA Applications/Products extracts. Holder is the CURRENT Drugs@FDA applicant of record, never asserted as the 1977-1979 applicant; no indication is recorded because the official extract publishes none. Supplement counts are approval actions (status AP) inside the committed 1965-1979 window only and understate lifetime post-approval activity."
PRE1980ACT-1977-001,1977,016949,NDA016949,TRACKED_NDA_ORIGINAL,1977-12-23,ORIG,1,AP,14,TYPE 4,Type 4 - New Combination,STANDARD,FALSE,CHARTWELL RX,LIMBITROL,AMITRIPTYLINE HYDROCHLORIDE; CHLORDIAZEPOXIDE,EQ 12.5MG BASE;5MG **Federal Register determination that product was not discontinued or withdrawn for safety or effectiveness reasons**,TABLET;ORAL,2,Discontinued,TRUE,2,6,0,19,9,0,0,http://www.accessdata.fda.gov/drugsatfda_docs/appletter/2001/16949s33ltr.pdf,,http://www.accessdata.fda.gov/drugsatfda_docs/label/2016/016949s039lbl.pdf,none (not a Type 1/1-4 original approval),,,data/raw/openfda_orig_decisions_1975_1979/decisions_1977.json,https://www.accessdata.fda.gov/scripts/cder/daf/index.cfm?event=overview.process&varApplNo=016949,https://api.fda.gov/drug/drugsfda.json?search=application_number:%22NDA016949%22,data/raw/drugsatfda_data_files_2026_09/Submissions_1965_1979.txt,3928,eb7003d97b6b24023b5fde542a5ba7ca4292259d9f323a1530d387a6e0091311,Verified (verbatim Drugs@FDA submission row; line number cited),"v23 2026-09-20: row read verbatim from the committed official Drugs@FDA Submissions extract (1965-1979 window) at the cited line number; the file re-hashes to the runner manifest SHA-256. Application type, holder and product facts come from the committed Drugs@FDA Applications/Products extracts. Holder is the CURRENT Drugs@FDA applicant of record, never asserted as the 1977-1979 applicant; no indication is recorded because the official extract publishes none. Supplement counts are approval actions (status AP) inside the committed 1965-1979 window only and understate lifetime post-approval activity."
PRE1980ACT-1978-008,1978,017362,NDA017362,TRACKED_NDA_ORIGINAL,1978-05-11,ORIG,1,AP,15,TYPE 5,Type 5 - New Formulation or New Manufacturer,STANDARD,FALSE,ACTAVIS LABS UT INC,PROGESTERONE,PROGESTERONE,50MG/ML **Federal Register determination that product was not discontinued or withdrawn for safety or effectiveness reasons**,INJECTABLE;INJECTION,1,Discontinued,TRUE,1,51,42,4,2,0,0,http://www.accessdata.fda.gov/drugsatfda_docs/appletter/2007/017362s104_ltr.pdf,,http://www.accessdata.fda.gov/drugsatfda_docs/label/2007/017362s104lbl.pdf,none (not a Type 1/1-4 original approval),,,data/raw/openfda_orig_decisions_1975_1979/decisions_1978.json,https://www.accessdata.fda.gov/scripts/cder/daf/index.cfm?event=overview.process&varApplNo=017362,https://api.fda.gov/drug/drugsfda.json?search=application_number:%22NDA017362%22,data/raw/drugsatfda_data_files_2026_09/Submissions_1965_1979.txt,4582,eb7003d97b6b24023b5fde542a5ba7ca4292259d9f323a1530d387a6e0091311,Verified (verbatim Drugs@FDA submission row; line number cited),"v23 2026-09-20: row read verbatim from the committed official Drugs@FDA Submissions extract (1965-1979 window) at the cited line number; the file re-hashes to the runner manifest SHA-256. Application type, holder and product facts come from the committed Drugs@FDA Applications/Products extracts. Holder is the CURRENT Drugs@FDA applicant of record, never asserted as the 1977-1979 applicant; no indication is recorded because the official extract publishes none. Supplement counts are approval actions (status AP) inside the committed 1965-1979 window only and understate lifetime post-approval activity."
PRE1980ACT-1977-002,1977,017364,NDA017364,TRACKED_NDA_ORIGINAL,1977-09-07,ORIG,1,AP,15,TYPE 5,Type 5 - New Formulation or New Manufacturer,STANDARD,FALSE,MEDPOINTE PHARM HLC,AQUATENSEN,METHYCLOTHIAZIDE,5MG,TABLET;ORAL,1,Discontinued,FALSE,0,1,0,0,0,0,0,,,,none (not a Type 1/1-4 original approval),,,data/raw/openfda_orig_decisions_1975_1979/decisions_1977.json,https://www.accessdata.fda.gov/scripts/cder/daf/index.cfm?event=overview.process&varApplNo=017364,https://api.fda.gov/drug/drugsfda.json?search=application_number:%22NDA017364%22,data/raw/drugsatfda_data_files_2026_09/Submissions_1965_1979.txt,4625,eb7003d97b6b24023b5fde542a5ba7ca4292259d9f323a1530d387a6e0091311,Verified (verbatim Drugs@FDA submission row; line number cited),"v23 2026-09-20: row read verbatim from the committed official Drugs@FDA Submissions extract (1965-1979 window) at the cited line number; the file re-hashes to the runner manifest SHA-256. Application type, holder and product facts come from the committed Drugs@FDA Applications/Products extracts. Holder is the CURRENT Drugs@FDA applicant of record, never asserted as the 1977-1979 applicant; no indication is recorded because the official extract publishes none. Supplement counts are approval actions (status AP) inside the committed 1965-1979 window only and understate lifetime post-approval activity."
PRE1980ACT-1979-002,1979,017378,NDA017378,TRACKED_NDA_ORIGINAL,1979-02-02,ORIG,1,AP,15,TYPE 5,Type 5 - New Formulation or New Manufacturer,STANDARD,FALSE,BAXTER HLTHCARE,PLASMA-LYTE 148 IN WATER IN PLASTIC CONTAINER,MAGNESIUM CHLORIDE; POTASSIUM CHLORIDE; SODIUM ACETATE; SODIUM CHLORIDE; SODIUM GLUCONATE,30MG/100ML;37MG/100ML;368MG/100ML;526MG/100ML;502MG/100ML,INJECTABLE;INJECTION,2,Prescription,FALSE,0,2,2,7,4,0,0,http://www.accessdata.fda.gov/drugsatfda_docs/appletter/2002/16677s124ltr.pdf,,"http://www.accessdata.fda.gov/drugsatfda_docs/label/2009/017451s060,017378s065lbl.pdf",none (not a Type 1/1-4 original approval),,,data/raw/openfda_orig_decisions_1975_1979/decisions_1979.json,https://www.accessdata.fda.gov/scripts/cder/daf/index.cfm?event=overview.process&varApplNo=017378,https://api.fda.gov/drug/drugsfda.json?search=application_number:%22NDA017378%22,data/raw/drugsatfda_data_files_2026_09/Submissions_1965_1979.txt,4708,eb7003d97b6b24023b5fde542a5ba7ca4292259d9f323a1530d387a6e0091311,Verified (verbatim Drugs@FDA submission row; line number cited),"v23 2026-09-20: row read verbatim from the committed official Drugs@FDA Submissions extract (1965-1979 window) at the cited line number; the file re-hashes to the runner manifest SHA-256. Application type, holder and product facts come from the committed Drugs@FDA Applications/Products extracts. Holder is the CURRENT Drugs@FDA applicant of record, never asserted as the 1977-1979 applicant; no indication is recorded because the official extract publishes none. Supplement counts are approval actions (status AP) inside the committed 1965-1979 window only and understate lifetime post-approval activity."
PRE1980ACT-1979-003,1979,017385,NDA017385,TRACKED_NDA_ORIGINAL,1979-02-01,ORIG,1,AP,15,TYPE 5,Type 5 - New Formulation or New Manufacturer,STANDARD,FALSE,BAXTER HLTHCARE,PLASMA-LYTE 56 AND DEXTROSE 5% IN PLASTIC CONTAINER,DEXTROSE; MAGNESIUM ACETATE TETRAHYDRATE; POTASSIUM ACETATE; SODIUM CHLORIDE,5GM/100ML;32MG/100ML;128MG/100ML;234MG/100ML,INJECTABLE;INJECTION,1,Discontinued,FALSE,0,2,2,7,4,0,0,http://www.accessdata.fda.gov/drugsatfda_docs/appletter/2016/017385Orig1s062ltr.pdf,,"http://www.accessdata.fda.gov/drugsatfda_docs/label/2013/017378s068,017385s059lbl.pdf",none (not a Type 1/1-4 original approval),,,data/raw/openfda_orig_decisions_1975_1979/decisions_1979.json,https://www.accessdata.fda.gov/scripts/cder/daf/index.cfm?event=overview.process&varApplNo=017385,https://api.fda.gov/drug/drugsfda.json?search=application_number:%22NDA017385%22,data/raw/drugsatfda_data_files_2026_09/Submissions_1965_1979.txt,4726,eb7003d97b6b24023b5fde542a5ba7ca4292259d9f323a1530d387a6e0091311,Verified (verbatim Drugs@FDA submission row; line number cited),"v23 2026-09-20: row read verbatim from the committed official Drugs@FDA Submissions extract (1965-1979 window) at the cited line number; the file re-hashes to the runner manifest SHA-256. Application type, holder and product facts come from the committed Drugs@FDA Applications/Products extracts. Holder is the CURRENT Drugs@FDA applicant of record, never asserted as the 1977-1979 applicant; no indication is recorded because the official extract publishes none. Supplement counts are approval actions (status AP) inside the committed 1965-1979 window only and understate lifetime post-approval activity."
PRE1980ACT-1979-004,1979,017390,NDA017390,TRACKED_NDA_ORIGINAL,1979-02-01,ORIG,1,AP,15,TYPE 5,Type 5 - New Formulation or New Manufacturer,STANDARD,FALSE,BAXTER HLTHCARE,PLASMA-LYTE M AND DEXTROSE 5% IN PLASTIC CONTAINER,CALCIUM CHLORIDE; DEXTROSE; MAGNESIUM CHLORIDE; POTASSIUM CHLORIDE; SODIUM ACETATE; SODIUM CHLORIDE; SODIUM LACTATE,37MG/100ML;5GM/100ML;30MG/100ML;119MG/100ML;161MG/100ML;94MG/100ML;138MG/100ML **Federal Register determination that product was not discontinued or withdrawn for safety or effectiveness reasons**,INJECTABLE;INJECTION,1,Discontinued,TRUE,1,2,2,0,0,0,0,,,,none (not a Type 1/1-4 original approval),,,data/raw/openfda_orig_decisions_1975_1979/decisions_1979.json,https://www.accessdata.fda.gov/scripts/cder/daf/index.cfm?event=overview.process&varApplNo=017390,https://api.fda.gov/drug/drugsfda.json?search=application_number:%22NDA017390%22,data/raw/drugsatfda_data_files_2026_09/Submissions_1965_1979.txt,4738,eb7003d97b6b24023b5fde542a5ba7ca4292259d9f323a1530d387a6e0091311,Verified (verbatim Drugs@FDA submission row; line number cited),"v23 2026-09-20: row read verbatim from the committed official Drugs@FDA Submissions extract (1965-1979 window) at the cited line number; the file re-hashes to the runner manifest SHA-256. Application type, holder and product facts come from the committed Drugs@FDA Applications/Products extracts. Holder is the CURRENT Drugs@FDA applicant of record, never asserted as the 1977-1979 applicant; no indication is recorded because the official extract publishes none. Supplement counts are approval actions (status AP) inside the committed 1965-1979 window only and understate lifetime post-approval activity."
PRE1980ACT-1978-009,1978,017412,NDA017412,TRACKED_NDA_ORIGINAL,1978-02-03,ORIG,1,AP,15,TYPE 5,Type 5 - New Formulation or New Manufacturer,STANDARD,FALSE,HUNTINGTON LABS,GERMA-MEDICA,HEXACHLOROPHENE,1%,SOLUTION;TOPICAL,2,Discontinued,FALSE,0,1,1,0,0,0,0,,,,none (not a Type 1/1-4 original approval),,,data/raw/openfda_orig_decisions_1975_1979/decisions_1978.json,https://www.accessdata.fda.gov/scripts/cder/daf/index.cfm?event=overview.process&varApplNo=017412,https://api.fda.gov/drug/drugsfda.json?search=application_number:%22NDA017412%22,data/raw/drugsatfda_data_files_2026_09/Submissions_1965_1979.txt,4765,eb7003d97b6b24023b5fde542a5ba7ca4292259d9f323a1530d387a6e0091311,Verified (verbatim Drugs@FDA submission row; line number cited),"v23 2026-09-20: row read verbatim from the committed official Drugs@FDA Submissions extract (1965-1979 window) at the cited line number; the file re-hashes to the runner manifest SHA-256. Application type, holder and product facts come from the committed Drugs@FDA Applications/Products extracts. Holder is the CURRENT Drugs@FDA applicant of record, never asserted as the 1977-1979 applicant; no indication is recorded because the official extract publishes none. Supplement counts are approval actions (status AP) inside the committed 1965-1979 window only and understate lifetime post-approval activity."
PRE1980ACT-1977-003,1977,017413,NDA017413,TRACKED_NDA_ORIGINAL,1977-02-22,ORIG,1,AP,15,TYPE 5,Type 5 - New Formulation or New Manufacturer,STANDARD,FALSE,3M,SCRUBTEAM SURGICAL SPONGEBRUSH,HEXACHLOROPHENE,330MG,SPONGE;TOPICAL,1,Discontinued,FALSE,0,1,0,0,0,0,0,,,,none (not a Type 1/1-4 original approval),,,data/raw/openfda_orig_decisions_1975_1979/decisions_1977.json,https://www.accessdata.fda.gov/scripts/cder/daf/index.cfm?event=overview.process&varApplNo=017413,https://api.fda.gov/drug/drugsfda.json?search=application_number:%22NDA017413%22,data/raw/drugsatfda_data_files_2026_09/Submissions_1965_1979.txt,4768,eb7003d97b6b24023b5fde542a5ba7ca4292259d9f323a1530d387a6e0091311,Verified (verbatim Drugs@FDA submission row; line number cited),"v23 2026-09-20: row read verbatim from the committed official Drugs@FDA Submissions extract (1965-1979 window) at the cited line number; the file re-hashes to the runner manifest SHA-256. Application type, holder and product facts come from the committed Drugs@FDA Applications/Products extracts. Holder is the CURRENT Drugs@FDA applicant of record, never asserted as the 1977-1979 applicant; no indication is recorded because the official extract publishes none. Supplement counts are approval actions (status AP) inside the committed 1965-1979 window only and understate lifetime post-approval activity."
PRE1980ACT-1977-004,1977,017422,NDA017422,TRACKED_NDA_ORIGINAL,1977-03-07,ORIG,1,AP,7,TYPE 1,Type 1 - New Molecular Entity,STANDARD,TRUE,AVET LIFESCIENCES,BICNU,CARMUSTINE,100MG/VIAL,INJECTABLE;INJECTION,1,Prescription,FALSE,0,4,1,17,8,3,0,http://www.accessdata.fda.gov/drugsatfda_docs/appletter/2003/17422slr035ltr.pdf,,http://www.accessdata.fda.gov/drugsatfda_docs/label/2007/017422s037lbl.pdf,PRE1980-1977-04,PRE1980-1977-04,,data/raw/openfda_orig_decisions_1975_1979/decisions_1977.json,https://www.accessdata.fda.gov/scripts/cder/daf/index.cfm?event=overview.process&varApplNo=017422,https://api.fda.gov/drug/drugsfda.json?search=application_number:%22NDA017422%22,data/raw/drugsatfda_data_files_2026_09/Submissions_1965_1979.txt,4774,eb7003d97b6b24023b5fde542a5ba7ca4292259d9f323a1530d387a6e0091311,Verified (verbatim Drugs@FDA submission row; line number cited),"v23 2026-09-20: row read verbatim from the committed official Drugs@FDA Submissions extract (1965-1979 window) at the cited line number; the file re-hashes to the runner manifest SHA-256. Application type, holder and product facts come from the committed Drugs@FDA Applications/Products extracts. Holder is the CURRENT Drugs@FDA applicant of record, never asserted as the 1977-1979 applicant; no indication is recorded because the official extract publishes none. Supplement counts are approval actions (status AP) inside the committed 1965-1979 window only and understate lifetime post-approval activity."
PRE1980ACT-1978-010,1978,017433,NDA017433,TRACKED_NDA_ORIGINAL,1978-10-12,ORIG,1,AP,15,TYPE 5,Type 5 - New Formulation or New Manufacturer,STANDARD,FALSE,DAVIS AND GECK,PRE-OP,HEXACHLOROPHENE,480MG,SPONGE;TOPICAL,2,Prescription,FALSE,0,0,0,0,0,0,0,,,,none (not a Type 1/1-4 original approval),,,data/raw/openfda_orig_decisions_1975_1979/decisions_1978.json,https://www.accessdata.fda.gov/scripts/cder/daf/index.cfm?event=overview.process&varApplNo=017433,https://api.fda.gov/drug/drugsfda.json?search=application_number:%22NDA017433%22,data/raw/drugsatfda_data_files_2026_09/Submissions_1965_1979.txt,4847,eb7003d97b6b24023b5fde542a5ba7ca4292259d9f323a1530d387a6e0091311,Verified (verbatim Drugs@FDA submission row; line number cited),"v23 2026-09-20: row read verbatim from the committed official Drugs@FDA Submissions extract (1965-1979 window) at the cited line number; the file re-hashes to the runner manifest SHA-256. Application type, holder and product facts come from the committed Drugs@FDA Applications/Products extracts. Holder is the CURRENT Drugs@FDA applicant of record, never asserted as the 1977-1979 applicant; no indication is recorded because the official extract publishes none. Supplement counts are approval actions (status AP) inside the committed 1965-1979 window only and understate lifetime post-approval activity."
PRE1980ACT-1979-005,1979,017438,NDA017438,TRACKED_NDA_ORIGINAL,1979-02-01,ORIG,1,AP,15,TYPE 5,Type 5 - New Formulation or New Manufacturer,STANDARD,FALSE,BAXTER HLTHCARE,PLASMA-LYTE R IN PLASTIC CONTAINER,CALCIUM CHLORIDE; MAGNESIUM CHLORIDE; POTASSIUM CHLORIDE; SODIUM ACETATE; SODIUM CHLORIDE; SODIUM LACTATE,36.8MG/100ML;30.5MG/100ML;74.6MG/100ML;640MG/100ML;496MG/100ML;89.6MG/100ML,INJECTABLE;INJECTION,1,Discontinued,FALSE,0,1,1,1,1,0,0,http://www.accessdata.fda.gov/drugsatfda_docs/appletter/2002/16677s124ltr.pdf,,,none (not a Type 1/1-4 original approval),,,data/raw/openfda_orig_decisions_1975_1979/decisions_1979.json,https://www.accessdata.fda.gov/scripts/cder/daf/index.cfm?event=overview.process&varApplNo=017438,https://api.fda.gov/drug/drugsfda.json?search=application_number:%22NDA017438%22,data/raw/drugsatfda_data_files_2026_09/Submissions_1965_1979.txt,4852,eb7003d97b6b24023b5fde542a5ba7ca4292259d9f323a1530d387a6e0091311,Verified (verbatim Drugs@FDA submission row; line number cited),"v23 2026-09-20: row read verbatim from the committed official Drugs@FDA Submissions extract (1965-1979 window) at the cited line number; the file re-hashes to the runner manifest SHA-256. Application type, holder and product facts come from the committed Drugs@FDA Applications/Products extracts. Holder is the CURRENT Drugs@FDA applicant of record, never asserted as the 1977-1979 applicant; no indication is recorded because the official extract publishes none. Supplement counts are approval actions (status AP) inside the committed 1965-1979 window only and understate lifetime post-approval activity."
PRE1980ACT-1977-005,1977,017446,NDA017446,TRACKED_NDA_ORIGINAL,1977-08-01,ORIG,1,AP,15,TYPE 5,Type 5 - New Formulation or New Manufacturer,STANDARD,FALSE,SANOFI AVENTIS US,PHISO-SCRUB,HEXACHLOROPHENE,3%,SPONGE;TOPICAL,1,Discontinued,FALSE,0,0,0,0,0,0,0,,,,none (not a Type 1/1-4 original approval),,,data/raw/openfda_orig_decisions_1975_1979/decisions_1977.json,https://www.accessdata.fda.gov/scripts/cder/daf/index.cfm?event=overview.process&varApplNo=017446,https://api.fda.gov/drug/drugsfda.json?search=application_number:%22NDA017446%22,data/raw/drugsatfda_data_files_2026_09/Submissions_1965_1979.txt,5004,eb7003d97b6b24023b5fde542a5ba7ca4292259d9f323a1530d387a6e0091311,Verified (verbatim Drugs@FDA submission row; line number cited),"v23 2026-09-20: row read verbatim from the committed official Drugs@FDA Submissions extract (1965-1979 window) at the cited line number; the file re-hashes to the runner manifest SHA-256. Application type, holder and product facts come from the committed Drugs@FDA Applications/Products extracts. Holder is the CURRENT Drugs@FDA applicant of record, never asserted as the 1977-1979 applicant; no indication is recorded because the official extract publishes none. Supplement counts are approval actions (status AP) inside the committed 1965-1979 window only and understate lifetime post-approval activity."
PRE1980ACT-1977-006,1977,017447,NDA017447,TRACKED_NDA_ORIGINAL,1977-09-01,ORIG,1,AP,7,TYPE 1,Type 1 - New Molecular Entity,PRIORITY,TRUE,PFIZER,NORPACE,DISOPYRAMIDE PHOSPHATE,EQ 100MG BASE,CAPSULE;ORAL,2,Prescription,FALSE,0,6,0,0,0,0,0,,,,PRE1980-1977-11,PRE1980-1977-11,,data/raw/openfda_orig_decisions_1975_1979/decisions_1977.json,https://www.accessdata.fda.gov/scripts/cder/daf/index.cfm?event=overview.process&varApplNo=017447,https://api.fda.gov/drug/drugsfda.json?search=application_number:%22NDA017447%22,data/raw/drugsatfda_data_files_2026_09/Submissions_1965_1979.txt,5011,eb7003d97b6b24023b5fde542a5ba7ca4292259d9f323a1530d387a6e0091311,Verified (verbatim Drugs@FDA submission row; line number cited),"v23 2026-09-20: row read verbatim from the committed official Drugs@FDA Submissions extract (1965-1979 window) at the cited line number; the file re-hashes to the runner manifest SHA-256. Application type, holder and product facts come from the committed Drugs@FDA Applications/Products extracts. Holder is the CURRENT Drugs@FDA applicant of record, never asserted as the 1977-1979 applicant; no indication is recorded because the official extract publishes none. Supplement counts are approval actions (status AP) inside the committed 1965-1979 window only and understate lifetime post-approval activity."
PRE1980ACT-1979-006,1979,017451,NDA017451,TRACKED_NDA_ORIGINAL,1979-02-02,ORIG,1,AP,15,TYPE 5,Type 5 - New Formulation or New Manufacturer,STANDARD,FALSE,BAXTER HLTHCARE,PLASMA-LYTE 148 AND DEXTROSE 5% IN PLASTIC CONTAINER,DEXTROSE; MAGNESIUM CHLORIDE; POTASSIUM CHLORIDE; SODIUM ACETATE; SODIUM CHLORIDE; SODIUM GLUCONATE,5GM/100ML;30MG/100ML;37MG/100ML;368MG/100ML;526MG/100ML;502MG/100ML,INJECTABLE;INJECTION,1,Discontinued,FALSE,0,2,2,4,2,0,0,"http://www.accessdata.fda.gov/drugsatfda_docs/appletter/2005/013684s092,016677s139,et al_ltr.pdf",,"http://www.accessdata.fda.gov/drugsatfda_docs/label/2005/013684s092,016677s139,et al_lbl.pdf",none (not a Type 1/1-4 original approval),,,data/raw/openfda_orig_decisions_1975_1979/decisions_1979.json,https://www.accessdata.fda.gov/scripts/cder/daf/index.cfm?event=overview.process&varApplNo=017451,https://api.fda.gov/drug/drugsfda.json?search=application_number:%22NDA017451%22,data/raw/drugsatfda_data_files_2026_09/Submissions_1965_1979.txt,5027,eb7003d97b6b24023b5fde542a5ba7ca4292259d9f323a1530d387a6e0091311,Verified (verbatim Drugs@FDA submission row; line number cited),"v23 2026-09-20: row read verbatim from the committed official Drugs@FDA Submissions extract (1965-1979 window) at the cited line number; the file re-hashes to the runner manifest SHA-256. Application type, holder and product facts come from the committed Drugs@FDA Applications/Products extracts. Holder is the CURRENT Drugs@FDA applicant of record, never asserted as the 1977-1979 applicant; no indication is recorded because the official extract publishes none. Supplement counts are approval actions (status AP) inside the committed 1965-1979 window only and understate lifetime post-approval activity."
PRE1980ACT-1978-011,1978,017464,NDA017464,TRACKED_NDA_ORIGINAL,1978-02-08,ORIG,1,AP,15,TYPE 5,Type 5 - New Formulation or New Manufacturer,STANDARD,FALSE,B BRAUN,SODIUM CHLORIDE 0.9% IN PLASTIC CONTAINER,SODIUM CHLORIDE,900MG/100ML,INJECTABLE;INJECTION,1,Prescription,FALSE,0,7,4,0,0,0,0,,,,none (not a Type 1/1-4 original approval),,,data/raw/openfda_orig_decisions_1975_1979/decisions_1978.json,https://www.accessdata.fda.gov/scripts/cder/daf/index.cfm?event=overview.process&varApplNo=017464,https://api.fda.gov/drug/drugsfda.json?search=application_number:%22NDA017464%22,data/raw/drugsatfda_data_files_2026_09/Submissions_1965_1979.txt,5080,eb7003d97b6b24023b5fde542a5ba7ca4292259d9f323a1530d387a6e0091311,Verified (verbatim Drugs@FDA submission row; line number cited),"v23 2026-09-20: row read verbatim from the committed official Drugs@FDA Submissions extract (1965-1979 window) at the cited line number; the file re-hashes to the runner manifest SHA-256. Application type, holder and product facts come from the committed Drugs@FDA Applications/Products extracts. Holder is the CURRENT Drugs@FDA applicant of record, never asserted as the 1977-1979 applicant; no indication is recorded because the official extract publishes none. Supplement counts are approval actions (status AP) inside the committed 1965-1979 window only and understate lifetime post-approval activity."
PRE1980ACT-1979-007,1979,017484,NDA017484,TRACKED_NDA_ORIGINAL,1979-02-02,ORIG,1,AP,15,TYPE 5,Type 5 - New Formulation or New Manufacturer,STANDARD,FALSE,BAXTER HLTHCARE,DEXTROSE 5% AND ELECTROLYTE NO. 48 IN PLASTIC CONTAINER,"DEXTROSE; MAGNESIUM CHLORIDE; POTASSIUM CHLORIDE; POTASSIUM PHOSPHATE, MONOBASIC; SODIUM CHLORIDE; SODIUM LACTATE",5GM/100ML;31MG/100ML;141MG/100ML;20MG/100ML;12MG/100ML;260MG/100ML,INJECTABLE;INJECTION,1,Prescription,FALSE,0,2,2,7,4,0,0,http://www.accessdata.fda.gov/drugsatfda_docs/appletter/2005/017484s061ltr.pdf,,http://www.accessdata.fda.gov/drugsatfda_docs/label/2005/017484s061lbl.pdf,none (not a Type 1/1-4 original approval),,,data/raw/openfda_orig_decisions_1975_1979/decisions_1979.json,https://www.accessdata.fda.gov/scripts/cder/daf/index.cfm?event=overview.process&varApplNo=017484,https://api.fda.gov/drug/drugsfda.json?search=application_number:%22NDA017484%22,data/raw/drugsatfda_data_files_2026_09/Submissions_1965_1979.txt,5185,eb7003d97b6b24023b5fde542a5ba7ca4292259d9f323a1530d387a6e0091311,Verified (verbatim Drugs@FDA submission row; line number cited),"v23 2026-09-20: row read verbatim from the committed official Drugs@FDA Submissions extract (1965-1979 window) at the cited line number; the file re-hashes to the runner manifest SHA-256. Application type, holder and product facts come from the committed Drugs@FDA Applications/Products extracts. Holder is the CURRENT Drugs@FDA applicant of record, never asserted as the 1977-1979 applicant; no indication is recorded because the official extract publishes none. Supplement counts are approval actions (status AP) inside the committed 1965-1979 window only and understate lifetime post-approval activity."
PRE1980ACT-1978-012,1978,017510,NDA017510,TRACKED_NDA_ORIGINAL,1978-02-08,ORIG,1,AP,15,TYPE 5,Type 5 - New Formulation or New Manufacturer,STANDARD,FALSE,B BRAUN,DEXTROSE 5% IN LACTATED RINGER'S IN PLASTIC CONTAINER,CALCIUM CHLORIDE; DEXTROSE; POTASSIUM CHLORIDE; SODIUM CHLORIDE; SODIUM LACTATE,20MG/100ML;5GM/100ML;30MG/100ML;600MG/100ML;310MG/100ML,INJECTABLE;INJECTION,1,Discontinued,FALSE,0,8,4,0,0,0,0,,,,none (not a Type 1/1-4 original approval),,,data/raw/openfda_orig_decisions_1975_1979/decisions_1978.json,https://www.accessdata.fda.gov/scripts/cder/daf/index.cfm?event=overview.process&varApplNo=017510,https://api.fda.gov/drug/drugsfda.json?search=application_number:%22NDA017510%22,data/raw/drugsatfda_data_files_2026_09/Submissions_1965_1979.txt,5307,eb7003d97b6b24023b5fde542a5ba7ca4292259d9f323a1530d387a6e0091311,Verified (verbatim Drugs@FDA submission row; line number cited),"v23 2026-09-20: row read verbatim from the committed official Drugs@FDA Submissions extract (1965-1979 window) at the cited line number; the file re-hashes to the runner manifest SHA-256. Application type, holder and product facts come from the committed Drugs@FDA Applications/Products extracts. Holder is the CURRENT Drugs@FDA applicant of record, never asserted as the 1977-1979 applicant; no indication is recorded because the official extract publishes none. Supplement counts are approval actions (status AP) inside the committed 1965-1979 window only and understate lifetime post-approval activity."
PRE1980ACT-1978-013,1978,017512,NDA017512,TRACKED_NDA_ORIGINAL,1978-09-27,ORIG,1,AP,15,TYPE 5,Type 5 - New Formulation or New Manufacturer,STANDARD,FALSE,VANTIVE US HLTHCARE,DIANEAL 137 W/ DEXTROSE 1.5% IN PLASTIC CONTAINER,CALCIUM CHLORIDE; DEXTROSE; MAGNESIUM CHLORIDE; SODIUM CHLORIDE; SODIUM LACTATE,25.7MG/100ML;1.5GM/100ML;15.2MG/100ML;567MG/100ML;392MG/100ML,SOLUTION;INTRAPERITONEAL,15,Prescription,FALSE,0,3,1,22,15,0,0,"http://www.accessdata.fda.gov/drugsatfda_docs/appletter/2005/017512s104,106,020163s012,013,020183s011,012ltr.pdf",,http://www.accessdata.fda.gov/drugsatfda_docs/label/2008/017512s108lbl.pdf,none (not a Type 1/1-4 original approval),,,data/raw/openfda_orig_decisions_1975_1979/decisions_1978.json,https://www.accessdata.fda.gov/scripts/cder/daf/index.cfm?event=overview.process&varApplNo=017512,https://api.fda.gov/drug/drugsfda.json?search=application_number:%22NDA017512%22,data/raw/drugsatfda_data_files_2026_09/Submissions_1965_1979.txt,5317,eb7003d97b6b24023b5fde542a5ba7ca4292259d9f323a1530d387a6e0091311,Verified (verbatim Drugs@FDA submission row; line number cited),"v23 2026-09-20: row read verbatim from the committed official Drugs@FDA Submissions extract (1965-1979 window) at the cited line number; the file re-hashes to the runner manifest SHA-256. Application type, holder and product facts come from the committed Drugs@FDA Applications/Products extracts. Holder is the CURRENT Drugs@FDA applicant of record, never asserted as the 1977-1979 applicant; no indication is recorded because the official extract publishes none. Supplement counts are approval actions (status AP) inside the committed 1965-1979 window only and understate lifetime post-approval activity."
PRE1980ACT-1979-008,1979,017521,NDA017521,TRACKED_NDA_ORIGINAL,1979-08-28,ORIG,1,AP,15,TYPE 5,Type 5 - New Formulation or New Manufacturer,STANDARD,FALSE,BAXTER HLTHCARE,DEXTROSE 50% IN PLASTIC CONTAINER,DEXTROSE,50GM/100ML **Federal Register determination that product was not discontinued or withdrawn for safety or effectiveness reasons**,INJECTABLE;INJECTION,6,Discontinued,TRUE,6,0,0,8,4,2,0,http://www.accessdata.fda.gov/drugsatfda_docs/appletter/2002/17521slr062ltr.pdf,,http://www.accessdata.fda.gov/drugsatfda_docs/label/2014/017521s068lbl.pdf,none (not a Type 1/1-4 original approval),,,data/raw/openfda_orig_decisions_1975_1979/decisions_1979.json,https://www.accessdata.fda.gov/scripts/cder/daf/index.cfm?event=overview.process&varApplNo=017521,https://api.fda.gov/drug/drugsfda.json?search=application_number:%22NDA017521%22,data/raw/drugsatfda_data_files_2026_09/Submissions_1965_1979.txt,5371,eb7003d97b6b24023b5fde542a5ba7ca4292259d9f323a1530d387a6e0091311,Verified (verbatim Drugs@FDA submission row; line number cited),"v23 2026-09-20: row read verbatim from the committed official Drugs@FDA Submissions extract (1965-1979 window) at the cited line number; the file re-hashes to the runner manifest SHA-256. Application type, holder and product facts come from the committed Drugs@FDA Applications/Products extracts. Holder is the CURRENT Drugs@FDA applicant of record, never asserted as the 1977-1979 applicant; no indication is recorded because the official extract publishes none. Supplement counts are approval actions (status AP) inside the committed 1965-1979 window only and understate lifetime post-approval activity."
PRE1980ACT-1977-007,1977,017535,NDA017535,TRACKED_NDA_ORIGINAL,1977-02-01,ORIG,1,AP,7,TYPE 1,Type 1 - New Molecular Entity,PRIORITY,TRUE,SANOFI AVENTIS US,LORELCO,PROBUCOL,250MG,TABLET;ORAL,2,Discontinued,FALSE,0,3,0,0,0,0,0,,,,PRE1980-1977-01,PRE1980-1977-01,,data/raw/openfda_orig_decisions_1975_1979/decisions_1977.json,https://www.accessdata.fda.gov/scripts/cder/daf/index.cfm?event=overview.process&varApplNo=017535,https://api.fda.gov/drug/drugsfda.json?search=application_number:%22NDA017535%22,data/raw/drugsatfda_data_files_2026_09/Submissions_1965_1979.txt,5430,eb7003d97b6b24023b5fde542a5ba7ca4292259d9f323a1530d387a6e0091311,Verified (verbatim Drugs@FDA submission row; line number cited),"v23 2026-09-20: row read verbatim from the committed official Drugs@FDA Submissions extract (1965-1979 window) at the cited line number; the file re-hashes to the runner manifest SHA-256. Application type, holder and product facts come from the committed Drugs@FDA Applications/Products extracts. Holder is the CURRENT Drugs@FDA applicant of record, never asserted as the 1977-1979 applicant; no indication is recorded because the official extract publishes none. Supplement counts are approval actions (status AP) inside the committed 1965-1979 window only and understate lifetime post-approval activity."
PRE1980ACT-1978-014,1978,017554,,KIND_UNRESOLVED,1978-06-30,ORIG,1,AP,15,TYPE 5,Type 5 - New Formulation or New Manufacturer,STANDARD,FALSE,,,,,,0,,FALSE,0,2,2,0,0,0,0,,,,,,FULldb-1978-UNRES12,,https://www.accessdata.fda.gov/scripts/cder/daf/index.cfm?event=overview.process&varApplNo=017554,,data/raw/drugsatfda_data_files_2026_09/Submissions_1965_1979.txt,5474,eb7003d97b6b24023b5fde542a5ba7ca4292259d9f323a1530d387a6e0091311,"Verified row, application type not published (KIND_UNRESOLVED) - review candidate only","v23 2026-09-20: row read verbatim from the committed official Drugs@FDA Submissions extract (1965-1979 window) at the cited line number; the file re-hashes to the runner manifest SHA-256. ApplNo is absent from the unfiltered Applications table, so no NDA/ANDA/BLA type can be asserted; the openFDA payloads do not carry it either. This is a review candidate, never an approval row in the NME decision table. Cross-check record FULldb-1978-UNRES12."
PRE1980ACT-1977-008,1977,017563,NDA017563,TRACKED_NDA_ORIGINAL,1977-04-04,ORIG,1,AP,7,TYPE 1,Type 1 - New Molecular Entity,PRIORITY,TRUE,PFIZER,FLAVORED COLESTID,COLESTIPOL HYDROCHLORIDE,5GM/PACKET,GRANULE;ORAL,4,Prescription,FALSE,0,3,1,3,2,0,0,"http://www.accessdata.fda.gov/drugsatfda_docs/appletter/2014/017563Orig1s023,20222Orig1s005ltr.pdf",,"http://www.accessdata.fda.gov/drugsatfda_docs/label/2014/017563s023,020222s005lbl.pdf",PRE1980-1977-06,PRE1980-1977-06,,data/raw/openfda_orig_decisions_1975_1979/decisions_1977.json,https://www.accessdata.fda.gov/scripts/cder/daf/index.cfm?event=overview.process&varApplNo=017563,https://api.fda.gov/drug/drugsfda.json?search=application_number:%22NDA017563%22,data/raw/drugsatfda_data_files_2026_09/Submissions_1965_1979.txt,5531,eb7003d97b6b24023b5fde542a5ba7ca4292259d9f323a1530d387a6e0091311,Verified (verbatim Drugs@FDA submission row; line number cited),"v23 2026-09-20: row read verbatim from the committed official Drugs@FDA Submissions extract (1965-1979 window) at the cited line number; the file re-hashes to the runner manifest SHA-256. Application type, holder and product facts come from the committed Drugs@FDA Applications/Products extracts. Holder is the CURRENT Drugs@FDA applicant of record, never asserted as the 1977-1979 applicant; no indication is recorded because the official extract publishes none. Supplement counts are approval actions (status AP) inside the committed 1965-1979 window only and understate lifetime post-approval activity."
PRE1980ACT-1977-009,1977,017601,NDA017601,TRACKED_NDA_ORIGINAL,1977-03-29,ORIG,1,AP,7,TYPE 1,Type 1 - New Molecular Entity,STANDARD,TRUE,SCHERING,OPTIMINE,AZATADINE MALEATE,1MG,TABLET;ORAL,1,Discontinued,FALSE,0,2,0,1,1,0,0,http://www.accessdata.fda.gov/drugsatfda_docs/appletter/2002/17601slr020LTR.pdf,,,PRE1980-1977-05,PRE1980-1977-05,,data/raw/openfda_orig_decisions_1975_1979/decisions_1977.json,https://www.accessdata.fda.gov/scripts/cder/daf/index.cfm?event=overview.process&varApplNo=017601,https://api.fda.gov/drug/drugsfda.json?search=application_number:%22NDA017601%22,data/raw/drugsatfda_data_files_2026_09/Submissions_1965_1979.txt,5740,eb7003d97b6b24023b5fde542a5ba7ca4292259d9f323a1530d387a6e0091311,Verified (verbatim Drugs@FDA submission row; line number cited),"v23 2026-09-20: row read verbatim from the committed official Drugs@FDA Submissions extract (1965-1979 window) at the cited line number; the file re-hashes to the runner manifest SHA-256. Application type, holder and product facts come from the committed Drugs@FDA Applications/Products extracts. Holder is the CURRENT Drugs@FDA applicant of record, never asserted as the 1977-1979 applicant; no indication is recorded because the official extract publishes none. Supplement counts are approval actions (status AP) inside the committed 1965-1979 window only and understate lifetime post-approval activity."
PRE1980ACT-1979-009,1979,017624,NDA017624,TRACKED_NDA_ORIGINAL,1979-12-18,ORIG,1,AP,7,TYPE 1,Type 1 - New Molecular Entity,PRIORITY,TRUE,BAXTER HLTHCARE,FORANE,ISOFLURANE,99.9%,LIQUID;INHALATION,1,Prescription,FALSE,0,0,0,12,6,0,0,http://www.accessdata.fda.gov/drugsatfda_docs/appletter/2010/017624s036ltr.pdf,,http://www.accessdata.fda.gov/drugsatfda_docs/label/2010/017624s036lbl.pdf,PRE1980-1979-12,PRE1980-1979-12,,data/raw/openfda_orig_decisions_1975_1979/decisions_1979.json,https://www.accessdata.fda.gov/scripts/cder/daf/index.cfm?event=overview.process&varApplNo=017624,https://api.fda.gov/drug/drugsfda.json?search=application_number:%22NDA017624%22,data/raw/drugsatfda_data_files_2026_09/Submissions_1965_1979.txt,5981,eb7003d97b6b24023b5fde542a5ba7ca4292259d9f323a1530d387a6e0091311,Verified (verbatim Drugs@FDA submission row; line number cited),"v23 2026-09-20: row read verbatim from the committed official Drugs@FDA Submissions extract (1965-1979 window) at the cited line number; the file re-hashes to the runner manifest SHA-256. Application type, holder and product facts come from the committed Drugs@FDA Applications/Products extracts. Holder is the CURRENT Drugs@FDA applicant of record, never asserted as the 1977-1979 applicant; no indication is recorded because the official extract publishes none. Supplement counts are approval actions (status AP) inside the committed 1965-1979 window only and understate lifetime post-approval activity."
PRE1980ACT-1979-010,1979,017634,NDA017634,TRACKED_NDA_ORIGINAL,1979-02-01,ORIG,1,AP,15,TYPE 5,Type 5 - New Formulation or New Manufacturer,STANDARD,FALSE,BAXTER HLTHCARE,DEXTROSE 5% AND POTASSIUM CHLORIDE 0.15% IN PLASTIC CONTAINER,DEXTROSE; POTASSIUM CHLORIDE,5GM/100ML;150MG/100ML,INJECTABLE;INJECTION,4,Prescription,FALSE,0,1,1,13,7,0,0,http://www.accessdata.fda.gov/drugsatfda_docs/appletter/2005/017634s064ltr.pdf,,http://www.accessdata.fda.gov/drugsatfda_docs/label/2005/017634s064lbl.pdf,none (not a Type 1/1-4 original approval),,,data/raw/openfda_orig_decisions_1975_1979/decisions_1979.json,https://www.accessdata.fda.gov/scripts/cder/daf/index.cfm?event=overview.process&varApplNo=017634,https://api.fda.gov/drug/drugsfda.json?search=application_number:%22NDA017634%22,data/raw/drugsatfda_data_files_2026_09/Submissions_1965_1979.txt,6007,eb7003d97b6b24023b5fde542a5ba7ca4292259d9f323a1530d387a6e0091311,Verified (verbatim Drugs@FDA submission row; line number cited),"v23 2026-09-20: row read verbatim from the committed official Drugs@FDA Submissions extract (1965-1979 window) at the cited line number; the file re-hashes to the runner manifest SHA-256. Application type, holder and product facts come from the committed Drugs@FDA Applications/Products extracts. Holder is the CURRENT Drugs@FDA applicant of record, never asserted as the 1977-1979 applicant; no indication is recorded because the official extract publishes none. Supplement counts are approval actions (status AP) inside the committed 1965-1979 window only and understate lifetime post-approval activity."
PRE1980ACT-1978-015,1978,017637,NDA017637,TRACKED_NDA_ORIGINAL,1978-02-08,ORIG,1,AP,15,TYPE 5,Type 5 - New Formulation or New Manufacturer,STANDARD,FALSE,OTSUKA ICU MEDCL,PHYSIOSOL IN PLASTIC CONTAINER,MAGNESIUM CHLORIDE; POTASSIUM CHLORIDE; SODIUM ACETATE; SODIUM CHLORIDE; SODIUM GLUCONATE,30MG/100ML;37MG/100ML;222MG/100ML;526MG/100ML;502MG/100ML,SOLUTION;IRRIGATION,1,Prescription,FALSE,0,13,7,0,0,0,0,,,,none (not a Type 1/1-4 original approval),,,data/raw/openfda_orig_decisions_1975_1979/decisions_1978.json,https://www.accessdata.fda.gov/scripts/cder/daf/index.cfm?event=overview.process&varApplNo=017637,https://api.fda.gov/drug/drugsfda.json?search=application_number:%22NDA017637%22,data/raw/drugsatfda_data_files_2026_09/Submissions_1965_1979.txt,6047,eb7003d97b6b24023b5fde542a5ba7ca4292259d9f323a1530d387a6e0091311,Verified (verbatim Drugs@FDA submission row; line number cited),"v23 2026-09-20: row read verbatim from the committed official Drugs@FDA Submissions extract (1965-1979 window) at the cited line number; the file re-hashes to the runner manifest SHA-256. Application type, holder and product facts come from the committed Drugs@FDA Applications/Products extracts. Holder is the CURRENT Drugs@FDA applicant of record, never asserted as the 1977-1979 applicant; no indication is recorded because the official extract publishes none. Supplement counts are approval actions (status AP) inside the committed 1965-1979 window only and understate lifetime post-approval activity."
PRE1980ACT-1979-011,1979,017648,NDA017648,TRACKED_NDA_ORIGINAL,1979-02-02,ORIG,1,AP,15,TYPE 5,Type 5 - New Formulation or New Manufacturer,STANDARD,FALSE,BAXTER HLTHCARE,POTASSIUM CHLORIDE 0.15% IN SODIUM CHLORIDE 0.9%,POTASSIUM CHLORIDE; SODIUM CHLORIDE,150MG/100ML;900MG/100ML,INJECTABLE;INJECTION,5,Discontinued,FALSE,0,2,2,8,5,0,0,http://www.accessdata.fda.gov/drugsatfda_docs/appletter/2005/017648s064ltr.pdf,,http://www.accessdata.fda.gov/drugsatfda_docs/label/2005/017648s064lbl.pdf,none (not a Type 1/1-4 original approval),,,data/raw/openfda_orig_decisions_1975_1979/decisions_1979.json,https://www.accessdata.fda.gov/scripts/cder/daf/index.cfm?event=overview.process&varApplNo=017648,https://api.fda.gov/drug/drugsfda.json?search=application_number:%22NDA017648%22,data/raw/drugsatfda_data_files_2026_09/Submissions_1965_1979.txt,6114,eb7003d97b6b24023b5fde542a5ba7ca4292259d9f323a1530d387a6e0091311,Verified (verbatim Drugs@FDA submission row; line number cited),"v23 2026-09-20: row read verbatim from the committed official Drugs@FDA Submissions extract (1965-1979 window) at the cited line number; the file re-hashes to the runner manifest SHA-256. Application type, holder and product facts come from the committed Drugs@FDA Applications/Products extracts. Holder is the CURRENT Drugs@FDA applicant of record, never asserted as the 1977-1979 applicant; no indication is recorded because the official extract publishes none. Supplement counts are approval actions (status AP) inside the committed 1965-1979 window only and understate lifetime post-approval activity."
PRE1980ACT-1978-016,1978,017651,NDA017651,TRACKED_NDA_ORIGINAL,1978-02-10,ORIG,1,AP,15,TYPE 5,Type 5 - New Formulation or New Manufacturer,STANDARD,FALSE,FRESENIUS KABI USA,HEPARIN SODIUM,HEPARIN SODIUM,"10,000 UNITS/ML",INJECTABLE;INJECTION,4,Discontinued,FALSE,0,9,1,15,9,1,1,http://www.accessdata.fda.gov/drugsatfda_docs/appletter/2009/017651s046ltr.pdf,http://www.accessdata.fda.gov/drugsatfda_docs/nda/pre96/017651_ORIGINAL APPROVAL_PACKAGE.pdf,"http://www.accessdata.fda.gov/drugsatfda_docs/label/2010/017029s120,017651s048lbl.pdf",none (not a Type 1/1-4 original approval),,,data/raw/openfda_orig_decisions_1975_1979/decisions_1978.json,https://www.accessdata.fda.gov/scripts/cder/daf/index.cfm?event=overview.process&varApplNo=017651,https://api.fda.gov/drug/drugsfda.json?search=application_number:%22NDA017651%22,data/raw/drugsatfda_data_files_2026_09/Submissions_1965_1979.txt,6126,eb7003d97b6b24023b5fde542a5ba7ca4292259d9f323a1530d387a6e0091311,Verified (verbatim Drugs@FDA submission row; line number cited),"v23 2026-09-20: row read verbatim from the committed official Drugs@FDA Submissions extract (1965-1979 window) at the cited line number; the file re-hashes to the runner manifest SHA-256. Application type, holder and product facts come from the committed Drugs@FDA Applications/Products extracts. Holder is the CURRENT Drugs@FDA applicant of record, never asserted as the 1977-1979 applicant; no indication is recorded because the official extract publishes none. Supplement counts are approval actions (status AP) inside the committed 1965-1979 window only and understate lifetime post-approval activity."
PRE1980ACT-1978-017,1978,017655,NDA017655,TRACKED_NDA_ORIGINAL,1978-05-01,ORIG,1,AP,15,TYPE 5,Type 5 - New Formulation or New Manufacturer,STANDARD,FALSE,GE HEALTHCARE,NEOSCAN,GALLIUM CITRATE GA-67,2mCi/ML,INJECTABLE;INJECTION,1,Discontinued,FALSE,0,1,0,0,0,0,0,,,,none (not a Type 1/1-4 original approval),,,data/raw/openfda_orig_decisions_1975_1979/decisions_1978.json,https://www.accessdata.fda.gov/scripts/cder/daf/index.cfm?event=overview.process&varApplNo=017655,https://api.fda.gov/drug/drugsfda.json?search=application_number:%22NDA017655%22,data/raw/drugsatfda_data_files_2026_09/Submissions_1965_1979.txt,6145,eb7003d97b6b24023b5fde542a5ba7ca4292259d9f323a1530d387a6e0091311,Verified (verbatim Drugs@FDA submission row; line number cited),"v23 2026-09-20: row read verbatim from the committed official Drugs@FDA Submissions extract (1965-1979 window) at the cited line number; the file re-hashes to the runner manifest SHA-256. Application type, holder and product facts come from the committed Drugs@FDA Applications/Products extracts. Holder is the CURRENT Drugs@FDA applicant of record, never asserted as the 1977-1979 applicant; no indication is recorded because the official extract publishes none. Supplement counts are approval actions (status AP) inside the committed 1965-1979 window only and understate lifetime post-approval activity."
PRE1980ACT-1977-010,1977,017661,NDA017661,TRACKED_NDA_ORIGINAL,1977-02-25,ORIG,1,AP,7,TYPE 1,Type 1 - New Molecular Entity,STANDARD,TRUE,NOVARTIS,TAVIST,CLEMASTINE FUMARATE,2.68MG **Federal Register determination that product was not discontinued or withdrawn for safety or effectiveness reasons**,TABLET;ORAL,3,Discontinued,TRUE,1,14,0,0,0,0,0,,,,PRE1980-1977-02,PRE1980-1977-02,,data/raw/openfda_orig_decisions_1975_1979/decisions_1977.json,https://www.accessdata.fda.gov/scripts/cder/daf/index.cfm?event=overview.process&varApplNo=017661,https://api.fda.gov/drug/drugsfda.json?search=application_number:%22NDA017661%22,data/raw/drugsatfda_data_files_2026_09/Submissions_1965_1979.txt,6189,eb7003d97b6b24023b5fde542a5ba7ca4292259d9f323a1530d387a6e0091311,Verified (verbatim Drugs@FDA submission row; line number cited),"v23 2026-09-20: row read verbatim from the committed official Drugs@FDA Submissions extract (1965-1979 window) at the cited line number; the file re-hashes to the runner manifest SHA-256. Application type, holder and product facts come from the committed Drugs@FDA Applications/Products extracts. Holder is the CURRENT Drugs@FDA applicant of record, never asserted as the 1977-1979 applicant; no indication is recorded because the official extract publishes none. Supplement counts are approval actions (status AP) inside the committed 1965-1979 window only and understate lifetime post-approval activity."
PRE1980ACT-1977-011,1977,017667,NDA017667,TRACKED_NDA_ORIGINAL,1977-04-01,ORIG,1,AP,15,TYPE 5,Type 5 - New Formulation or New Manufacturer,STANDARD,FALSE,GE HEALTHCARE,MPI STANNOUS DIPHOSPHONATE,TECHNETIUM TC-99M ETIDRONATE KIT,N/A,INJECTABLE;INJECTION,1,Discontinued,FALSE,0,1,0,0,0,0,0,,,,none (not a Type 1/1-4 original approval),,,data/raw/openfda_orig_decisions_1975_1979/decisions_1977.json,https://www.accessdata.fda.gov/scripts/cder/daf/index.cfm?event=overview.process&varApplNo=017667,https://api.fda.gov/drug/drugsfda.json?search=application_number:%22NDA017667%22,data/raw/drugsatfda_data_files_2026_09/Submissions_1965_1979.txt,6191,eb7003d97b6b24023b5fde542a5ba7ca4292259d9f323a1530d387a6e0091311,Verified (verbatim Drugs@FDA submission row; line number cited),"v23 2026-09-20: row read verbatim from the committed official Drugs@FDA Submissions extract (1965-1979 window) at the cited line number; the file re-hashes to the runner manifest SHA-256. Application type, holder and product facts come from the committed Drugs@FDA Applications/Products extracts. Holder is the CURRENT Drugs@FDA applicant of record, never asserted as the 1977-1979 applicant; no indication is recorded because the official extract publishes none. Supplement counts are approval actions (status AP) inside the committed 1965-1979 window only and understate lifetime post-approval activity."
PRE1980ACT-1977-012,1977,017688,NDA017688,TRACKED_NDA_ORIGINAL,1977-03-08,ORIG,1,AP,12,TYPE 3,Type 3 - New Dosage Form,STANDARD,FALSE,SANOFI AVENTIS US,LASIX,FUROSEMIDE,10MG/ML,SOLUTION;ORAL,1,Discontinued,FALSE,0,4,0,0,0,0,0,,,,none (not a Type 1/1-4 original approval),,,data/raw/openfda_orig_decisions_1975_1979/decisions_1977.json,https://www.accessdata.fda.gov/scripts/cder/daf/index.cfm?event=overview.process&varApplNo=017688,https://api.fda.gov/drug/drugsfda.json?search=application_number:%22NDA017688%22,data/raw/drugsatfda_data_files_2026_09/Submissions_1965_1979.txt,6284,eb7003d97b6b24023b5fde542a5ba7ca4292259d9f323a1530d387a6e0091311,Verified (verbatim Drugs@FDA submission row; line number cited),"v23 2026-09-20: row read verbatim from the committed official Drugs@FDA Submissions extract (1965-1979 window) at the cited line number; the file re-hashes to the runner manifest SHA-256. Application type, holder and product facts come from the committed Drugs@FDA Applications/Products extracts. Holder is the CURRENT Drugs@FDA applicant of record, never asserted as the 1977-1979 applicant; no indication is recorded because the official extract publishes none. Supplement counts are approval actions (status AP) inside the committed 1965-1979 window only and understate lifetime post-approval activity."
PRE1980ACT-1977-013,1977,017689,,KIND_UNRESOLVED,1977-06-17,ORIG,1,AP,,,,STANDARD,FALSE,,,,,,0,,FALSE,0,0,0,0,0,0,0,,,,,,FULldb-1977-UNRES09,,https://www.accessdata.fda.gov/scripts/cder/daf/index.cfm?event=overview.process&varApplNo=017689,,data/raw/drugsatfda_data_files_2026_09/Submissions_1965_1979.txt,6285,eb7003d97b6b24023b5fde542a5ba7ca4292259d9f323a1530d387a6e0091311,"Verified row, application type not published (KIND_UNRESOLVED) - review candidate only","v23 2026-09-20: row read verbatim from the committed official Drugs@FDA Submissions extract (1965-1979 window) at the cited line number; the file re-hashes to the runner manifest SHA-256. ApplNo is absent from the unfiltered Applications table, so no NDA/ANDA/BLA type can be asserted; the openFDA payloads do not carry it either. This is a review candidate, never an approval row in the NME decision table. Cross-check record FULldb-1977-UNRES09."
PRE1980ACT-1977-014,1977,017695,,KIND_UNRESOLVED,1977-04-08,ORIG,1,AP,15,TYPE 5,Type 5 - New Formulation or New Manufacturer,STANDARD,FALSE,,,,,,0,,FALSE,0,0,0,0,0,0,0,,,,,,FULldb-1977-UNRES07,,https://www.accessdata.fda.gov/scripts/cder/daf/index.cfm?event=overview.process&varApplNo=017695,,data/raw/drugsatfda_data_files_2026_09/Submissions_1965_1979.txt,6315,eb7003d97b6b24023b5fde542a5ba7ca4292259d9f323a1530d387a6e0091311,"Verified row, application type not published (KIND_UNRESOLVED) - review candidate only","v23 2026-09-20: row read verbatim from the committed official Drugs@FDA Submissions extract (1965-1979 window) at the cited line number; the file re-hashes to the runner manifest SHA-256. ApplNo is absent from the unfiltered Applications table, so no NDA/ANDA/BLA type can be asserted; the openFDA payloads do not carry it either. This is a review candidate, never an approval row in the NME decision table. Cross-check record FULldb-1977-UNRES07."
PRE1980ACT-1977-015,1977,017700,NDA017700,TRACKED_NDA_ORIGINAL,1977-12-16,ORIG,1,AP,15,TYPE 5,Type 5 - New Formulation or New Manufacturer,STANDARD,FALSE,GE HEALTHCARE,GALLIUM CITRATE GA 67,GALLIUM CITRATE GA-67,1mCi/ML,INJECTABLE;INJECTION,1,Discontinued,FALSE,0,3,0,0,0,0,0,,,,none (not a Type 1/1-4 original approval),,,data/raw/openfda_orig_decisions_1975_1979/decisions_1977.json,https://www.accessdata.fda.gov/scripts/cder/daf/index.cfm?event=overview.process&varApplNo=017700,https://api.fda.gov/drug/drugsfda.json?search=application_number:%22NDA017700%22,data/raw/drugsatfda_data_files_2026_09/Submissions_1965_1979.txt,6323,eb7003d97b6b24023b5fde542a5ba7ca4292259d9f323a1530d387a6e0091311,Verified (verbatim Drugs@FDA submission row; line number cited),"v23 2026-09-20: row read verbatim from the committed official Drugs@FDA Submissions extract (1965-1979 window) at the cited line number; the file re-hashes to the runner manifest SHA-256. Application type, holder and product facts come from the committed Drugs@FDA Applications/Products extracts. Holder is the CURRENT Drugs@FDA applicant of record, never asserted as the 1977-1979 applicant; no indication is recorded because the official extract publishes none. Supplement counts are approval actions (status AP) inside the committed 1965-1979 window only and understate lifetime post-approval activity."
PRE1980ACT-1977-016,1977,017704,,KIND_UNRESOLVED,1977-06-16,ORIG,1,AP,,,,,FALSE,,,,,,0,,FALSE,0,1,1,0,0,0,0,,,,,,FULldb-1977-UNRES08,,https://www.accessdata.fda.gov/scripts/cder/daf/index.cfm?event=overview.process&varApplNo=017704,,data/raw/drugsatfda_data_files_2026_09/Submissions_1965_1979.txt,6334,eb7003d97b6b24023b5fde542a5ba7ca4292259d9f323a1530d387a6e0091311,"Verified row, application type not published (KIND_UNRESOLVED) - review candidate only","v23 2026-09-20: row read verbatim from the committed official Drugs@FDA Submissions extract (1965-1979 window) at the cited line number; the file re-hashes to the runner manifest SHA-256. ApplNo is absent from the unfiltered Applications table, so no NDA/ANDA/BLA type can be asserted; the openFDA payloads do not carry it either. This is a review candidate, never an approval row in the NME decision table. Cross-check record FULldb-1977-UNRES08."
PRE1980ACT-1977-017,1977,017710,NDA017710,TRACKED_NDA_ORIGINAL,1977-06-09,ORIG,1,AP,12,TYPE 3,Type 3 - New Dosage Form,STANDARD,FALSE,DISTA,NALFON,FENOPROFEN CALCIUM,EQ 600MG BASE **Federal Register determination that product was not discontinued or withdrawn for safety or effectiveness reasons**,TABLET;ORAL,1,Discontinued,TRUE,1,0,0,0,0,0,0,,,,none (not a Type 1/1-4 original approval),,,data/raw/openfda_orig_decisions_1975_1979/decisions_1977.json,https://www.accessdata.fda.gov/scripts/cder/daf/index.cfm?event=overview.process&varApplNo=017710,https://api.fda.gov/drug/drugsfda.json?search=application_number:%22NDA017710%22,data/raw/drugsatfda_data_files_2026_09/Submissions_1965_1979.txt,6336,eb7003d97b6b24023b5fde542a5ba7ca4292259d9f323a1530d387a6e0091311,Verified (verbatim Drugs@FDA submission row; line number cited),"v23 2026-09-20: row read verbatim from the committed official Drugs@FDA Submissions extract (1965-1979 window) at the cited line number; the file re-hashes to the runner manifest SHA-256. Application type, holder and product facts come from the committed Drugs@FDA Applications/Products extracts. Holder is the CURRENT Drugs@FDA applicant of record, never asserted as the 1977-1979 applicant; no indication is recorded because the official extract publishes none. Supplement counts are approval actions (status AP) inside the committed 1965-1979 window only and understate lifetime post-approval activity."
PRE1980ACT-1977-018,1977,017719,,KIND_UNRESOLVED,1977-09-10,ORIG,1,AP,9,TYPE 2,Type 2 - New Active Ingredient,PRIORITY,FALSE,,,,,,0,,FALSE,0,0,0,0,0,0,0,,,,,,FULldb-1977-UNRES23,,https://www.accessdata.fda.gov/scripts/cder/daf/index.cfm?event=overview.process&varApplNo=017719,,data/raw/drugsatfda_data_files_2026_09/Submissions_1965_1979.txt,6360,eb7003d97b6b24023b5fde542a5ba7ca4292259d9f323a1530d387a6e0091311,"Verified row, application type not published (KIND_UNRESOLVED) - review candidate only","v23 2026-09-20: row read verbatim from the committed official Drugs@FDA Submissions extract (1965-1979 window) at the cited line number; the file re-hashes to the runner manifest SHA-256. ApplNo is absent from the unfiltered Applications table, so no NDA/ANDA/BLA type can be asserted; the openFDA payloads do not carry it either. This is a review candidate, never an approval row in the NME decision table. Cross-check record FULldb-1977-UNRES23."
PRE1980ACT-1977-019,1977,017722,,KIND_UNRESOLVED,1977-12-16,ORIG,1,AP,,,,,FALSE,,,,,,0,,FALSE,0,0,0,0,0,0,0,,,,,,FULldb-1977-UNRES32,,https://www.accessdata.fda.gov/scripts/cder/daf/index.cfm?event=overview.process&varApplNo=017722,,data/raw/drugsatfda_data_files_2026_09/Submissions_1965_1979.txt,6364,eb7003d97b6b24023b5fde542a5ba7ca4292259d9f323a1530d387a6e0091311,"Verified row, application type not published (KIND_UNRESOLVED) - review candidate only","v23 2026-09-20: row read verbatim from the committed official Drugs@FDA Submissions extract (1965-1979 window) at the cited line number; the file re-hashes to the runner manifest SHA-256. ApplNo is absent from the unfiltered Applications table, so no NDA/ANDA/BLA type can be asserted; the openFDA payloads do not carry it either. This is a review candidate, never an approval row in the NME decision table. Cross-check record FULldb-1977-UNRES32."
PRE1980ACT-1977-020,1977,017725,NDA017725,TRACKED_NDA_ORIGINAL,1977-12-30,ORIG,1,AP,15,TYPE 5,Type 5 - New Formulation or New Manufacturer,STANDARD,FALSE,MALLINCKRODT,SODIUM PERTECHNETATE TC 99M,TECHNETIUM TC-99M SODIUM PERTECHNETATE,10-60mCi/ML **Federal Register determination that product was not discontinued or withdrawn for safety or effectiveness reasons**,"SOLUTION;INJECTION, ORAL",1,Discontinued,TRUE,1,2,0,0,0,0,0,,,,none (not a Type 1/1-4 original approval),,,data/raw/openfda_orig_decisions_1975_1979/decisions_1977.json,https://www.accessdata.fda.gov/scripts/cder/daf/index.cfm?event=overview.process&varApplNo=017725,https://api.fda.gov/drug/drugsfda.json?search=application_number:%22NDA017725%22,data/raw/drugsatfda_data_files_2026_09/Submissions_1965_1979.txt,6367,eb7003d97b6b24023b5fde542a5ba7ca4292259d9f323a1530d387a6e0091311,Verified (verbatim Drugs@FDA submission row; line number cited),"v23 2026-09-20: row read verbatim from the committed official Drugs@FDA Submissions extract (1965-1979 window) at the cited line number; the file re-hashes to the runner manifest SHA-256. Application type, holder and product facts come from the committed Drugs@FDA Applications/Products extracts. Holder is the CURRENT Drugs@FDA applicant of record, never asserted as the 1977-1979 applicant; no indication is recorded because the official extract publishes none. Supplement counts are approval actions (status AP) inside the committed 1965-1979 window only and understate lifetime post-approval activity."
PRE1980ACT-1977-021,1977,017730,,KIND_UNRESOLVED,1977-04-01,ORIG,1,AP,12,TYPE 3,Type 3 - New Dosage Form,STANDARD,FALSE,,,,,,0,,FALSE,0,2,2,0,0,0,0,,,,,,FULldb-1977-UNRES06,,https://www.accessdata.fda.gov/scripts/cder/daf/index.cfm?event=overview.process&varApplNo=017730,,data/raw/drugsatfda_data_files_2026_09/Submissions_1965_1979.txt,6368,eb7003d97b6b24023b5fde542a5ba7ca4292259d9f323a1530d387a6e0091311,"Verified row, application type not published (KIND_UNRESOLVED) - review candidate only","v23 2026-09-20: row read verbatim from the committed official Drugs@FDA Submissions extract (1965-1979 window) at the cited line number; the file re-hashes to the runner manifest SHA-256. ApplNo is absent from the unfiltered Applications table, so no NDA/ANDA/BLA type can be asserted; the openFDA payloads do not carry it either. This is a review candidate, never an approval row in the NME decision table. Cross-check record FULldb-1977-UNRES06."
PRE1980ACT-1977-022,1977,017734,,KIND_UNRESOLVED,1977-08-12,ORIG,1,AP,,,,,FALSE,,,,,,0,,FALSE,0,1,0,0,0,0,0,,,,,,FULldb-1977-UNRES17,,https://www.accessdata.fda.gov/scripts/cder/daf/index.cfm?event=overview.process&varApplNo=017734,,data/raw/drugsatfda_data_files_2026_09/Submissions_1965_1979.txt,6376,eb7003d97b6b24023b5fde542a5ba7ca4292259d9f323a1530d387a6e0091311,"Verified row, application type not published (KIND_UNRESOLVED) - review candidate only","v23 2026-09-20: row read verbatim from the committed official Drugs@FDA Submissions extract (1965-1979 window) at the cited line number; the file re-hashes to the runner manifest SHA-256. ApplNo is absent from the unfiltered Applications table, so no NDA/ANDA/BLA type can be asserted; the openFDA payloads do not carry it either. This is a review candidate, never an approval row in the NME decision table. Cross-check record FULldb-1977-UNRES17."
PRE1980ACT-1977-023,1977,017741,NDA017741,TRACKED_NDA_ORIGINAL,1977-09-14,ORIG,1,AP,7,TYPE 1,Type 1 - New Molecular Entity,STANDARD,TRUE,PFIZER,FLORONE,DIFLORASONE DIACETATE,0.05% **Federal Register determination that product was not discontinued or withdrawn for safety or effectiveness reasons**,CREAM;TOPICAL,1,Discontinued,TRUE,1,4,0,6,3,0,0,http://www.accessdata.fda.gov/drugsatfda_docs/appletter/2003/17741slr022ltr.pdf,,http://www.accessdata.fda.gov/drugsatfda_docs/label/2003/17741slr021lbl.pdf,PRE1980-1977-13,PRE1980-1977-13,,data/raw/openfda_orig_decisions_1975_1979/decisions_1977.json,https://www.accessdata.fda.gov/scripts/cder/daf/index.cfm?event=overview.process&varApplNo=017741,https://api.fda.gov/drug/drugsfda.json?search=application_number:%22NDA017741%22,data/raw/drugsatfda_data_files_2026_09/Submissions_1965_1979.txt,6401,eb7003d97b6b24023b5fde542a5ba7ca4292259d9f323a1530d387a6e0091311,Verified (verbatim Drugs@FDA submission row; line number cited),"v23 2026-09-20: row read verbatim from the committed official Drugs@FDA Submissions extract (1965-1979 window) at the cited line number; the file re-hashes to the runner manifest SHA-256. Application type, holder and product facts come from the committed Drugs@FDA Applications/Products extracts. Holder is the CURRENT Drugs@FDA applicant of record, never asserted as the 1977-1979 applicant; no indication is recorded because the official extract publishes none. Supplement counts are approval actions (status AP) inside the committed 1965-1979 window only and understate lifetime post-approval activity."
PRE1980ACT-1978-018,1978,017744,NDA017744,TRACKED_NDA_ORIGINAL,1978-07-14,ORIG,1,AP,8,TYPE 1/4,Type 1 - New Molecular Entity and Type 4 - New Combination,STANDARD,TRUE,LEGACY,MOTOFEN HALF-STRENGTH,ATROPINE SULFATE; DIFENOXIN HYDROCHLORIDE,0.025MG;0.5MG,TABLET;ORAL,2,Discontinued,FALSE,0,0,0,2,1,0,0,http://www.accessdata.fda.gov/drugsatfda_docs/appletter/2017/017744Orig1s026ltr.pdf,,http://www.accessdata.fda.gov/drugsatfda_docs/label/2017/017744s026lbl.pdf,PRE1980-1978-08,PRE1980-1978-08,,data/raw/openfda_orig_decisions_1975_1979/decisions_1978.json,https://www.accessdata.fda.gov/scripts/cder/daf/index.cfm?event=overview.process&varApplNo=017744,https://api.fda.gov/drug/drugsfda.json?search=application_number:%22NDA017744%22,data/raw/drugsatfda_data_files_2026_09/Submissions_1965_1979.txt,6411,eb7003d97b6b24023b5fde542a5ba7ca4292259d9f323a1530d387a6e0091311,Verified (verbatim Drugs@FDA submission row; line number cited),"v23 2026-09-20: row read verbatim from the committed official Drugs@FDA Submissions extract (1965-1979 window) at the cited line number; the file re-hashes to the runner manifest SHA-256. Application type, holder and product facts come from the committed Drugs@FDA Applications/Products extracts. Holder is the CURRENT Drugs@FDA applicant of record, never asserted as the 1977-1979 applicant; no indication is recorded because the official extract publishes none. Supplement counts are approval actions (status AP) inside the committed 1965-1979 window only and understate lifetime post-approval activity."
PRE1980ACT-1977-024,1977,017752,,KIND_UNRESOLVED,1977-03-31,ORIG,1,AP,,,,,FALSE,,,,,,0,,FALSE,0,0,0,0,0,0,0,,,,,,FULldb-1977-UNRES05,,https://www.accessdata.fda.gov/scripts/cder/daf/index.cfm?event=overview.process&varApplNo=017752,,data/raw/drugsatfda_data_files_2026_09/Submissions_1965_1979.txt,6420,eb7003d97b6b24023b5fde542a5ba7ca4292259d9f323a1530d387a6e0091311,"Verified row, application type not published (KIND_UNRESOLVED) - review candidate only","v23 2026-09-20: row read verbatim from the committed official Drugs@FDA Submissions extract (1965-1979 window) at the cited line number; the file re-hashes to the runner manifest SHA-256. ApplNo is absent from the unfiltered Applications table, so no NDA/ANDA/BLA type can be asserted; the openFDA payloads do not carry it either. This is a review candidate, never an approval row in the NME decision table. Cross-check record FULldb-1977-UNRES05."
PRE1980ACT-1977-025,1977,017765,NDA017765,TRACKED_NDA_ORIGINAL,1977-08-22,ORIG,1,AP,7,TYPE 1,Type 1 - New Molecular Entity,STANDARD,TRUE,LEGACY,CLODERM,CLOCORTOLONE PIVALATE,0.1%,CREAM;TOPICAL,1,Prescription,FALSE,0,2,1,2,1,0,0,http://www.accessdata.fda.gov/drugsatfda_docs/appletter/2003/17765scp024ltr.pdf,,http://www.accessdata.fda.gov/drugsatfda_docs/label/2003/17765scp024_cloderm_lbl.pdf,PRE1980-1977-08,PRE1980-1977-08,,data/raw/openfda_orig_decisions_1975_1979/decisions_1977.json,https://www.accessdata.fda.gov/scripts/cder/daf/index.cfm?event=overview.process&varApplNo=017765,https://api.fda.gov/drug/drugsfda.json?search=application_number:%22NDA017765%22,data/raw/drugsatfda_data_files_2026_09/Submissions_1965_1979.txt,6442,eb7003d97b6b24023b5fde542a5ba7ca4292259d9f323a1530d387a6e0091311,Verified (verbatim Drugs@FDA submission row; line number cited),"v23 2026-09-20: row read verbatim from the committed official Drugs@FDA Submissions extract (1965-1979 window) at the cited line number; the file re-hashes to the runner manifest SHA-256. Application type, holder and product facts come from the committed Drugs@FDA Applications/Products extracts. Holder is the CURRENT Drugs@FDA applicant of record, never asserted as the 1977-1979 applicant; no indication is recorded because the official extract publishes none. Supplement counts are approval actions (status AP) inside the committed 1965-1979 window only and understate lifetime post-approval activity."
PRE1980ACT-1978-019,1978,017766,NDA017766,TRACKED_NDA_ORIGINAL,1978-02-24,ORIG,1,AP,15,TYPE 5,Type 5 - New Formulation or New Manufacturer,STANDARD,FALSE,B BRAUN,NEPHRAMINE 5.4%,AMINO ACIDS,5.4% (5.4GM/100ML),INJECTABLE;INJECTION,1,Discontinued,FALSE,0,5,1,5,3,0,0,http://www.accessdata.fda.gov/drugsatfda_docs/appletter/2002/17766s028ltr.pdf,,http://www.accessdata.fda.gov/drugsatfda_docs/label/2004/17766scs029_nephramine_lbl.pdf,none (not a Type 1/1-4 original approval),,,data/raw/openfda_orig_decisions_1975_1979/decisions_1978.json,https://www.accessdata.fda.gov/scripts/cder/daf/index.cfm?event=overview.process&varApplNo=017766,https://api.fda.gov/drug/drugsfda.json?search=application_number:%22NDA017766%22,data/raw/drugsatfda_data_files_2026_09/Submissions_1965_1979.txt,6448,eb7003d97b6b24023b5fde542a5ba7ca4292259d9f323a1530d387a6e0091311,Verified (verbatim Drugs@FDA submission row; line number cited),"v23 2026-09-20: row read verbatim from the committed official Drugs@FDA Submissions extract (1965-1979 window) at the cited line number; the file re-hashes to the runner manifest SHA-256. Application type, holder and product facts come from the committed Drugs@FDA Applications/Products extracts. Holder is the CURRENT Drugs@FDA applicant of record, never asserted as the 1977-1979 applicant; no indication is recorded because the official extract publishes none. Supplement counts are approval actions (status AP) inside the committed 1965-1979 window only and understate lifetime post-approval activity."
PRE1980ACT-1978-020,1978,017769,NDA017769,TRACKED_NDA_ORIGINAL,1978-04-17,ORIG,1,AP,12,TYPE 3,Type 3 - New Dosage Form,STANDARD,FALSE,SANOFI AVENTIS US,CALCIMAR,CALCITONIN SALMON,200 IU/ML **Federal Register determination that product was not discontinued or withdrawn for safety or effectiveness reasons**,INJECTABLE;INJECTION,1,Discontinued,TRUE,1,5,1,0,0,0,0,,,,none (not a Type 1/1-4 original approval),,,data/raw/openfda_orig_decisions_1975_1979/decisions_1978.json,https://www.accessdata.fda.gov/scripts/cder/daf/index.cfm?event=overview.process&varApplNo=017769,https://api.fda.gov/drug/drugsfda.json?search=application_number:%22NDA017769%22,data/raw/drugsatfda_data_files_2026_09/Submissions_1965_1979.txt,6461,eb7003d97b6b24023b5fde542a5ba7ca4292259d9f323a1530d387a6e0091311,Verified (verbatim Drugs@FDA submission row; line number cited),"v23 2026-09-20: row read verbatim from the committed official Drugs@FDA Submissions extract (1965-1979 window) at the cited line number; the file re-hashes to the runner manifest SHA-256. Application type, holder and product facts come from the committed Drugs@FDA Applications/Products extracts. Holder is the CURRENT Drugs@FDA applicant of record, never asserted as the 1977-1979 applicant; no indication is recorded because the official extract publishes none. Supplement counts are approval actions (status AP) inside the committed 1965-1979 window only and understate lifetime post-approval activity."
PRE1980ACT-1978-021,1978,017780,NDA017780,TRACKED_NDA_ORIGINAL,1978-04-21,ORIG,1,AP,15,TYPE 5,Type 5 - New Formulation or New Manufacturer,STANDARD,FALSE,PHARM SPEC,HEPARIN SODIUM,HEPARIN SODIUM,"1,000 UNITS/ML",INJECTABLE;INJECTION,5,Discontinued,FALSE,0,2,0,0,0,0,0,,,,none (not a Type 1/1-4 original approval),,,data/raw/openfda_orig_decisions_1975_1979/decisions_1978.json,https://www.accessdata.fda.gov/scripts/cder/daf/index.cfm?event=overview.process&varApplNo=017780,https://api.fda.gov/drug/drugsfda.json?search=application_number:%22NDA017780%22,data/raw/drugsatfda_data_files_2026_09/Submissions_1965_1979.txt,6467,eb7003d97b6b24023b5fde542a5ba7ca4292259d9f323a1530d387a6e0091311,Verified (verbatim Drugs@FDA submission row; line number cited),"v23 2026-09-20: row read verbatim from the committed official Drugs@FDA Submissions extract (1965-1979 window) at the cited line number; the file re-hashes to the runner manifest SHA-256. Application type, holder and product facts come from the committed Drugs@FDA Applications/Products extracts. Holder is the CURRENT Drugs@FDA applicant of record, never asserted as the 1977-1979 applicant; no indication is recorded because the official extract publishes none. Supplement counts are approval actions (status AP) inside the committed 1965-1979 window only and understate lifetime post-approval activity."
PRE1980ACT-1977-026,1977,017781,NDA017781,TRACKED_NDA_ORIGINAL,1977-02-01,ORIG,1,AP,12,TYPE 3,Type 3 - New Dosage Form,STANDARD,FALSE,SCHERING,DIPROSONE,BETAMETHASONE DIPROPIONATE,EQ 0.05% BASE **Federal Register determination that product was not discontinued or withdrawn for safety or effectiveness reasons**,LOTION;TOPICAL,1,Discontinued,TRUE,1,1,0,6,2,2,0,http://www.accessdata.fda.gov/drugsatfda_docs/appletter/2001/17781s15ltr.pdf,,http://www.accessdata.fda.gov/drugsatfda_docs/label/2001/17781s15lbl.pdf,none (not a Type 1/1-4 original approval),,,data/raw/openfda_orig_decisions_1975_1979/decisions_1977.json,https://www.accessdata.fda.gov/scripts/cder/daf/index.cfm?event=overview.process&varApplNo=017781,https://api.fda.gov/drug/drugsfda.json?search=application_number:%22NDA017781%22,data/raw/drugsatfda_data_files_2026_09/Submissions_1965_1979.txt,6471,eb7003d97b6b24023b5fde542a5ba7ca4292259d9f323a1530d387a6e0091311,Verified (verbatim Drugs@FDA submission row; line number cited),"v23 2026-09-20: row read verbatim from the committed official Drugs@FDA Submissions extract (1965-1979 window) at the cited line number; the file re-hashes to the runner manifest SHA-256. Application type, holder and product facts come from the committed Drugs@FDA Applications/Products extracts. Holder is the CURRENT Drugs@FDA applicant of record, never asserted as the 1977-1979 applicant; no indication is recorded because the official extract publishes none. Supplement counts are approval actions (status AP) inside the committed 1965-1979 window only and understate lifetime post-approval activity."
PRE1980ACT-1978-022,1978,017788,NDA017788,TRACKED_NDA_ORIGINAL,1978-04-04,ORIG,1,AP,7,TYPE 1,Type 1 - New Molecular Entity,STANDARD,TRUE,MYLAN INSTITUTIONAL,RIMSO-50,DIMETHYL SULFOXIDE,50%,SOLUTION;INTRAVESICAL,1,Prescription,FALSE,0,0,0,0,0,0,0,,,,PRE1980-1978-05,PRE1980-1978-05,,data/raw/openfda_orig_decisions_1975_1979/decisions_1978.json,https://www.accessdata.fda.gov/scripts/cder/daf/index.cfm?event=overview.process&varApplNo=017788,https://api.fda.gov/drug/drugsfda.json?search=application_number:%22NDA017788%22,data/raw/drugsatfda_data_files_2026_09/Submissions_1965_1979.txt,6479,eb7003d97b6b24023b5fde542a5ba7ca4292259d9f323a1530d387a6e0091311,Verified (verbatim Drugs@FDA submission row; line number cited),"v23 2026-09-20: row read verbatim from the committed official Drugs@FDA Submissions extract (1965-1979 window) at the cited line number; the file re-hashes to the runner manifest SHA-256. Application type, holder and product facts come from the committed Drugs@FDA Applications/Products extracts. Holder is the CURRENT Drugs@FDA applicant of record, never asserted as the 1977-1979 applicant; no indication is recorded because the official extract publishes none. Supplement counts are approval actions (status AP) inside the committed 1965-1979 window only and understate lifetime post-approval activity."
PRE1980ACT-1977-027,1977,017794,NDA017794,TRACKED_NDA_ORIGINAL,1977-09-30,ORIG,1,AP,7,TYPE 1,Type 1 - New Molecular Entity,STANDARD,TRUE,BAUSCH,ATIVAN,LORAZEPAM,0.5MG,TABLET;ORAL,3,Prescription,FALSE,0,2,0,10,4,0,0,http://www.accessdata.fda.gov/drugsatfda_docs/appletter/2007/017794s035_LTR.pdf,,http://www.accessdata.fda.gov/drugsatfda_docs/label/2007/017794s034s035lbl.pdf,PRE1980-1977-14,PRE1980-1977-14,,data/raw/openfda_orig_decisions_1975_1979/decisions_1977.json,https://www.accessdata.fda.gov/scripts/cder/daf/index.cfm?event=overview.process&varApplNo=017794,https://api.fda.gov/drug/drugsfda.json?search=application_number:%22NDA017794%22,data/raw/drugsatfda_data_files_2026_09/Submissions_1965_1979.txt,6500,eb7003d97b6b24023b5fde542a5ba7ca4292259d9f323a1530d387a6e0091311,Verified (verbatim Drugs@FDA submission row; line number cited),"v23 2026-09-20: row read verbatim from the committed official Drugs@FDA Submissions extract (1965-1979 window) at the cited line number; the file re-hashes to the runner manifest SHA-256. Application type, holder and product facts come from the committed Drugs@FDA Applications/Products extracts. Holder is the CURRENT Drugs@FDA applicant of record, never asserted as the 1977-1979 applicant; no indication is recorded because the official extract publishes none. Supplement counts are approval actions (status AP) inside the committed 1965-1979 window only and understate lifetime post-approval activity."
PRE1980ACT-1977-028,1977,017799,NDA017799,TRACKED_NDA_ORIGINAL,1977-04-12,ORIG,1,AP,15,TYPE 5,Type 5 - New Formulation or New Manufacturer,STANDARD,FALSE,OTSUKA ICU MEDCL,DEXTROSE 5% AND SODIUM CHLORIDE 0.3% IN PLASTIC CONTAINER,DEXTROSE; SODIUM CHLORIDE,5GM/100ML;300MG/100ML,INJECTABLE;INJECTION,1,Prescription,FALSE,0,28,2,0,0,0,0,,,,none (not a Type 1/1-4 original approval),,,data/raw/openfda_orig_decisions_1975_1979/decisions_1977.json,https://www.accessdata.fda.gov/scripts/cder/daf/index.cfm?event=overview.process&varApplNo=017799,https://api.fda.gov/drug/drugsfda.json?search=application_number:%22NDA017799%22,data/raw/drugsatfda_data_files_2026_09/Submissions_1965_1979.txt,6501,eb7003d97b6b24023b5fde542a5ba7ca4292259d9f323a1530d387a6e0091311,Verified (verbatim Drugs@FDA submission row; line number cited),"v23 2026-09-20: row read verbatim from the committed official Drugs@FDA Submissions extract (1965-1979 window) at the cited line number; the file re-hashes to the runner manifest SHA-256. Application type, holder and product facts come from the committed Drugs@FDA Applications/Products extracts. Holder is the CURRENT Drugs@FDA applicant of record, never asserted as the 1977-1979 applicant; no indication is recorded because the official extract publishes none. Supplement counts are approval actions (status AP) inside the committed 1965-1979 window only and understate lifetime post-approval activity."
PRE1980ACT-1977-029,1977,017806,NDA017806,TRACKED_NDA_ORIGINAL,1977-12-16,ORIG,1,AP,7,TYPE 1,Type 1 - New Molecular Entity,PRIORITY,TRUE,LANTHEUS MEDCL,THALLOUS CHLORIDE TL 201,THALLOUS CHLORIDE TL-201,1mCi/ML **Federal Register determination that product was not discontinued or withdrawn for safety or effectiveness reasons**,INJECTABLE;INJECTION,2,Discontinued,TRUE,2,6,0,2,1,0,0,http://www.accessdata.fda.gov/drugsatfda_docs/appletter/2011/017806s025ltr.pdf,,http://www.accessdata.fda.gov/drugsatfda_docs/label/2011/017806s025lbl.pdf,PRE1980-1977-16,PRE1980-1977-16,,data/raw/openfda_orig_decisions_1975_1979/decisions_1977.json,https://www.accessdata.fda.gov/scripts/cder/daf/index.cfm?event=overview.process&varApplNo=017806,https://api.fda.gov/drug/drugsfda.json?search=application_number:%22NDA017806%22,data/raw/drugsatfda_data_files_2026_09/Submissions_1965_1979.txt,6556,eb7003d97b6b24023b5fde542a5ba7ca4292259d9f323a1530d387a6e0091311,Verified (verbatim Drugs@FDA submission row; line number cited),"v23 2026-09-20: row read verbatim from the committed official Drugs@FDA Submissions extract (1965-1979 window) at the cited line number; the file re-hashes to the runner manifest SHA-256. Application type, holder and product facts come from the committed Drugs@FDA Applications/Products extracts. Holder is the CURRENT Drugs@FDA applicant of record, never asserted as the 1977-1979 applicant; no indication is recorded because the official extract publishes none. Supplement counts are approval actions (status AP) inside the committed 1965-1979 window only and understate lifetime post-approval activity."
PRE1980ACT-1977-030,1977,017810,NDA017810,TRACKED_NDA_ORIGINAL,1977-08-23,ORIG,1,AP,7,TYPE 1,Type 1 - New Molecular Entity,PRIORITY,TRUE,PFIZER,PROSTIN E2,DINOPROSTONE,20MG,SUPPOSITORY;VAGINAL,1,Discontinued,FALSE,0,3,0,2,1,0,0,http://www.accessdata.fda.gov/drugsatfda_docs/appletter/2017/017810Orig1s019ltr.pdf,,http://www.accessdata.fda.gov/drugsatfda_docs/label/2017/017810s019lbl.pdf,PRE1980-1977-09,PRE1980-1977-09,,data/raw/openfda_orig_decisions_1975_1979/decisions_1977.json,https://www.accessdata.fda.gov/scripts/cder/daf/index.cfm?event=overview.process&varApplNo=017810,https://api.fda.gov/drug/drugsfda.json?search=application_number:%22NDA017810%22,data/raw/drugsatfda_data_files_2026_09/Submissions_1965_1979.txt,6573,eb7003d97b6b24023b5fde542a5ba7ca4292259d9f323a1530d387a6e0091311,Verified (verbatim Drugs@FDA submission row; line number cited),"v23 2026-09-20: row read verbatim from the committed official Drugs@FDA Submissions extract (1965-1979 window) at the cited line number; the file re-hashes to the runner manifest SHA-256. Application type, holder and product facts come from the committed Drugs@FDA Applications/Products extracts. Holder is the CURRENT Drugs@FDA applicant of record, never asserted as the 1977-1979 applicant; no indication is recorded because the official extract publishes none. Supplement counts are approval actions (status AP) inside the committed 1965-1979 window only and understate lifetime post-approval activity."
PRE1980ACT-1977-031,1977,017818,NDA017818,TRACKED_NDA_ORIGINAL,1977-06-15,ORIG,1,AP,12,TYPE 3,Type 3 - New Dosage Form,STANDARD,FALSE,WESTWOOD SQUIBB,HALOG,HALCINONIDE,0.025%,CREAM;TOPICAL,1,Discontinued,FALSE,0,0,0,0,0,0,0,,,,none (not a Type 1/1-4 original approval),,,data/raw/openfda_orig_decisions_1975_1979/decisions_1977.json,https://www.accessdata.fda.gov/scripts/cder/daf/index.cfm?event=overview.process&varApplNo=017818,https://api.fda.gov/drug/drugsfda.json?search=application_number:%22NDA017818%22,data/raw/drugsatfda_data_files_2026_09/Submissions_1965_1979.txt,6574,eb7003d97b6b24023b5fde542a5ba7ca4292259d9f323a1530d387a6e0091311,Verified (verbatim Drugs@FDA submission row; line number cited),"v23 2026-09-20: row read verbatim from the committed official Drugs@FDA Submissions extract (1965-1979 window) at the cited line number; the file re-hashes to the runner manifest SHA-256. Application type, holder and product facts come from the committed Drugs@FDA Applications/Products extracts. Holder is the CURRENT Drugs@FDA applicant of record, never asserted as the 1977-1979 applicant; no indication is recorded because the official extract publishes none. Supplement counts are approval actions (status AP) inside the committed 1965-1979 window only and understate lifetime post-approval activity."
PRE1980ACT-1978-023,1978,017820,NDA017820,TRACKED_NDA_ORIGINAL,1978-07-18,ORIG,1,AP,7,TYPE 1,Type 1 - New Molecular Entity,PRIORITY,TRUE,LILLY,DOBUTREX,DOBUTAMINE HYDROCHLORIDE,EQ 12.5MG BASE/ML **Federal Register determination that product was not discontinued or withdrawn for safety or effectiveness reasons**,INJECTABLE;INJECTION,1,Discontinued,TRUE,1,2,2,3,1,2,0,http://www.accessdata.fda.gov/drugsatfda_docs/appletter/2002/17820slr037ltr.pdf,,,PRE1980-1978-09,PRE1980-1978-09,,data/raw/openfda_orig_decisions_1975_1979/decisions_1978.json,https://www.accessdata.fda.gov/scripts/cder/daf/index.cfm?event=overview.process&varApplNo=017820,https://api.fda.gov/drug/drugsfda.json?search=application_number:%22NDA017820%22,data/raw/drugsatfda_data_files_2026_09/Submissions_1965_1979.txt,6577,eb7003d97b6b24023b5fde542a5ba7ca4292259d9f323a1530d387a6e0091311,Verified (verbatim Drugs@FDA submission row; line number cited),"v23 2026-09-20: row read verbatim from the committed official Drugs@FDA Submissions extract (1965-1979 window) at the cited line number; the file re-hashes to the runner manifest SHA-256. Application type, holder and product facts come from the committed Drugs@FDA Applications/Products extracts. Holder is the CURRENT Drugs@FDA applicant of record, never asserted as the 1977-1979 applicant; no indication is recorded because the official extract publishes none. Supplement counts are approval actions (status AP) inside the committed 1965-1979 window only and understate lifetime post-approval activity."
PRE1980ACT-1977-032,1977,017821,NDA017821,TRACKED_NDA_ORIGINAL,1977-08-26,ORIG,1,AP,7,TYPE 1,Type 1 - New Molecular Entity,PRIORITY,TRUE,JANSSEN RES AND DEV,FLEXERIL,CYCLOBENZAPRINE HYDROCHLORIDE,5MG **Federal Register determination that product was not discontinued or withdrawn for safety or effectiveness reasons**,TABLET;ORAL,2,Discontinued,TRUE,2,4,0,5,2,1,0,http://www.accessdata.fda.gov/drugsatfda_docs/appletter/2003/17821se8-045ltr.pdf,,http://www.accessdata.fda.gov/drugsatfda_docs/label/2003/017821s045lbl.pdf,PRE1980-1977-10,PRE1980-1977-10,,data/raw/openfda_orig_decisions_1975_1979/decisions_1977.json,https://www.accessdata.fda.gov/scripts/cder/daf/index.cfm?event=overview.process&varApplNo=017821,https://api.fda.gov/drug/drugsfda.json?search=application_number:%22NDA017821%22,data/raw/drugsatfda_data_files_2026_09/Submissions_1965_1979.txt,6582,eb7003d97b6b24023b5fde542a5ba7ca4292259d9f323a1530d387a6e0091311,Verified (verbatim Drugs@FDA submission row; line number cited),"v23 2026-09-20: row read verbatim from the committed official Drugs@FDA Submissions extract (1965-1979 window) at the cited line number; the file re-hashes to the runner manifest SHA-256. Application type, holder and product facts come from the committed Drugs@FDA Applications/Products extracts. Holder is the CURRENT Drugs@FDA applicant of record, never asserted as the 1977-1979 applicant; no indication is recorded because the official extract publishes none. Supplement counts are approval actions (status AP) inside the committed 1965-1979 window only and understate lifetime post-approval activity."
PRE1980ACT-1977-033,1977,017823,NDA017823,TRACKED_NDA_ORIGINAL,1977-05-04,ORIG,1,AP,12,TYPE 3,Type 3 - New Dosage Form,STANDARD,FALSE,SUN PHARM INDS INC,HALOG,HALCINONIDE,0.1%,SOLUTION;TOPICAL,1,Prescription,FALSE,0,5,1,4,2,0,0,http://www.accessdata.fda.gov/drugsatfda_docs/appletter/2004/17823s023ltr.pdf,,http://www.accessdata.fda.gov/drugsatfda_docs/label/2004/17823s023lbl.pdf,none (not a Type 1/1-4 original approval),,,data/raw/openfda_orig_decisions_1975_1979/decisions_1977.json,https://www.accessdata.fda.gov/scripts/cder/daf/index.cfm?event=overview.process&varApplNo=017823,https://api.fda.gov/drug/drugsfda.json?search=application_number:%22NDA017823%22,data/raw/drugsatfda_data_files_2026_09/Submissions_1965_1979.txt,6588,eb7003d97b6b24023b5fde542a5ba7ca4292259d9f323a1530d387a6e0091311,Verified (verbatim Drugs@FDA submission row; line number cited),"v23 2026-09-20: row read verbatim from the committed official Drugs@FDA Submissions extract (1965-1979 window) at the cited line number; the file re-hashes to the runner manifest SHA-256. Application type, holder and product facts come from the committed Drugs@FDA Applications/Products extracts. Holder is the CURRENT Drugs@FDA applicant of record, never asserted as the 1977-1979 applicant; no indication is recorded because the official extract publishes none. Supplement counts are approval actions (status AP) inside the committed 1965-1979 window only and understate lifetime post-approval activity."
PRE1980ACT-1977-034,1977,017824,NDA017824,TRACKED_NDA_ORIGINAL,1977-06-15,ORIG,1,AP,12,TYPE 3,Type 3 - New Dosage Form,STANDARD,FALSE,SUN PHARM INDS INC,HALOG,HALCINONIDE,0.1%,OINTMENT;TOPICAL,1,Discontinued,FALSE,0,10,3,2,1,0,0,http://www.accessdata.fda.gov/drugsatfda_docs/appletter/2004/17824s024ltr.pdf,,http://www.accessdata.fda.gov/drugsatfda_docs/label/2004/17824s024lbl.pdf,none (not a Type 1/1-4 original approval),,,data/raw/openfda_orig_decisions_1975_1979/decisions_1977.json,https://www.accessdata.fda.gov/scripts/cder/daf/index.cfm?event=overview.process&varApplNo=017824,https://api.fda.gov/drug/drugsfda.json?search=application_number:%22NDA017824%22,data/raw/drugsatfda_data_files_2026_09/Submissions_1965_1979.txt,6599,eb7003d97b6b24023b5fde542a5ba7ca4292259d9f323a1530d387a6e0091311,Verified (verbatim Drugs@FDA submission row; line number cited),"v23 2026-09-20: row read verbatim from the committed official Drugs@FDA Submissions extract (1965-1979 window) at the cited line number; the file re-hashes to the runner manifest SHA-256. Application type, holder and product facts come from the committed Drugs@FDA Applications/Products extracts. Holder is the CURRENT Drugs@FDA applicant of record, never asserted as the 1977-1979 applicant; no indication is recorded because the official extract publishes none. Supplement counts are approval actions (status AP) inside the committed 1965-1979 window only and understate lifetime post-approval activity."
PRE1980ACT-1977-035,1977,017830,NDA017830,TRACKED_NDA_ORIGINAL,1977-04-25,ORIG,1,AP,12,TYPE 3,Type 3 - New Dosage Form,PRIORITY,FALSE,ATON,LODOSYN,CARBIDOPA,25MG,TABLET;ORAL,1,Prescription,FALSE,0,1,1,12,6,0,0,"http://www.accessdata.fda.gov/drugsatfda_docs/appletter/2014/017830Orig1s014,016,017,018,019,030ltr.pdf",,http://www.accessdata.fda.gov/drugsatfda_docs/label/2014/017830s014s016s017s018s019s030lbl.pdf,none (not a Type 1/1-4 original approval),,,data/raw/openfda_orig_decisions_1975_1979/decisions_1977.json,https://www.accessdata.fda.gov/scripts/cder/daf/index.cfm?event=overview.process&varApplNo=017830,https://api.fda.gov/drug/drugsfda.json?search=application_number:%22NDA017830%22,data/raw/drugsatfda_data_files_2026_09/Submissions_1965_1979.txt,6609,eb7003d97b6b24023b5fde542a5ba7ca4292259d9f323a1530d387a6e0091311,Verified (verbatim Drugs@FDA submission row; line number cited),"v23 2026-09-20: row read verbatim from the committed official Drugs@FDA Submissions extract (1965-1979 window) at the cited line number; the file re-hashes to the runner manifest SHA-256. Application type, holder and product facts come from the committed Drugs@FDA Applications/Products extracts. Holder is the CURRENT Drugs@FDA applicant of record, never asserted as the 1977-1979 applicant; no indication is recorded because the official extract publishes none. Supplement counts are approval actions (status AP) inside the committed 1965-1979 window only and understate lifetime post-approval activity."
PRE1980ACT-1977-036,1977,017831,NDA017831,TRACKED_NDA_ORIGINAL,1977-09-01,ORIG,1,AP,7,TYPE 1,Type 1 - New Molecular Entity,PRIORITY,TRUE,APIL,DIDRONEL,ETIDRONATE DISODIUM,200MG **Federal Register determination that product was not discontinued or withdrawn for safety or effectiveness reasons**,TABLET;ORAL,2,Discontinued,TRUE,2,6,0,15,7,1,0,http://www.accessdata.fda.gov/drugsatfda_docs/appletter/2004/17831slr053ltr.pdf,,http://www.accessdata.fda.gov/drugsatfda_docs/label/2006/017831s054lbl.pdf,PRE1980-1977-12,PRE1980-1977-12,,data/raw/openfda_orig_decisions_1975_1979/decisions_1977.json,https://www.accessdata.fda.gov/scripts/cder/daf/index.cfm?event=overview.process&varApplNo=017831,https://api.fda.gov/drug/drugsfda.json?search=application_number:%22NDA017831%22,data/raw/drugsatfda_data_files_2026_09/Submissions_1965_1979.txt,6616,eb7003d97b6b24023b5fde542a5ba7ca4292259d9f323a1530d387a6e0091311,Verified (verbatim Drugs@FDA submission row; line number cited),"v23 2026-09-20: row read verbatim from the committed official Drugs@FDA Submissions extract (1965-1979 window) at the cited line number; the file re-hashes to the runner manifest SHA-256. Application type, holder and product facts come from the committed Drugs@FDA Applications/Products extracts. Holder is the CURRENT Drugs@FDA applicant of record, never asserted as the 1977-1979 applicant; no indication is recorded because the official extract publishes none. Supplement counts are approval actions (status AP) inside the committed 1965-1979 window only and understate lifetime post-approval activity."
PRE1980ACT-1977-037,1977,017851,NDA017851,TRACKED_NDA_ORIGINAL,1977-11-22,ORIG,1,AP,7,TYPE 1,Type 1 - New Molecular Entity,PRIORITY,TRUE,NOVARTIS,LIORESAL,BACLOFEN,10MG **Federal Register determination that product was not discontinued or withdrawn for safety or effectiveness reasons**,TABLET;ORAL,2,Discontinued,TRUE,2,6,0,0,0,0,0,,,,PRE1980-1977-15,PRE1980-1977-15,,data/raw/openfda_orig_decisions_1975_1979/decisions_1977.json,https://www.accessdata.fda.gov/scripts/cder/daf/index.cfm?event=overview.process&varApplNo=017851,https://api.fda.gov/drug/drugsfda.json?search=application_number:%22NDA017851%22,data/raw/drugsatfda_data_files_2026_09/Submissions_1965_1979.txt,6665,eb7003d97b6b24023b5fde542a5ba7ca4292259d9f323a1530d387a6e0091311,Verified (verbatim Drugs@FDA submission row; line number cited),"v23 2026-09-20: row read verbatim from the committed official Drugs@FDA Submissions extract (1965-1979 window) at the cited line number; the file re-hashes to the runner manifest SHA-256. Application type, holder and product facts come from the committed Drugs@FDA Applications/Products extracts. Holder is the CURRENT Drugs@FDA applicant of record, never asserted as the 1977-1979 applicant; no indication is recorded because the official extract publishes none. Supplement counts are approval actions (status AP) inside the committed 1965-1979 window only and understate lifetime post-approval activity."
PRE1980ACT-1977-038,1977,017855,,KIND_UNRESOLVED,1977-02-18,ORIG,1,AP,,,,,FALSE,,,,,,0,,FALSE,0,0,0,0,0,0,0,,,,,,FULldb-1977-UNRES03,,https://www.accessdata.fda.gov/scripts/cder/daf/index.cfm?event=overview.process&varApplNo=017855,,data/raw/drugsatfda_data_files_2026_09/Submissions_1965_1979.txt,6666,eb7003d97b6b24023b5fde542a5ba7ca4292259d9f323a1530d387a6e0091311,"Verified row, application type not published (KIND_UNRESOLVED) - review candidate only","v23 2026-09-20: row read verbatim from the committed official Drugs@FDA Submissions extract (1965-1979 window) at the cited line number; the file re-hashes to the runner manifest SHA-256. ApplNo is absent from the unfiltered Applications table, so no NDA/ANDA/BLA type can be asserted; the openFDA payloads do not carry it either. This is a review candidate, never an approval row in the NME decision table. Cross-check record FULldb-1977-UNRES03."
PRE1980ACT-1977-039,1977,017856,NDA017856,TRACKED_NDA_ORIGINAL,1977-02-28,ORIG,1,AP,7,TYPE 1,Type 1 - New Molecular Entity,STANDARD,TRUE,TARO,TOPICORT,DESOXIMETASONE,0.25% **Federal Register determination that product was not discontinued or withdrawn for safety or effectiveness reasons**,CREAM;TOPICAL,1,Discontinued,TRUE,1,8,1,2,1,0,0,"http://www.accessdata.fda.gov/drugsatfda_docs/appletter/2004/17856slr024,18309slr013ltr.pdf",,"http://www.accessdata.fda.gov/drugsatfda_docs/label/2004/17856slr024,18309slr013_topicort_lbl.pdf",PRE1980-1977-03,PRE1980-1977-03,,data/raw/openfda_orig_decisions_1975_1979/decisions_1977.json,https://www.accessdata.fda.gov/scripts/cder/daf/index.cfm?event=overview.process&varApplNo=017856,https://api.fda.gov/drug/drugsfda.json?search=application_number:%22NDA017856%22,data/raw/drugsatfda_data_files_2026_09/Submissions_1965_1979.txt,6675,eb7003d97b6b24023b5fde542a5ba7ca4292259d9f323a1530d387a6e0091311,Verified (verbatim Drugs@FDA submission row; line number cited),"v23 2026-09-20: row read verbatim from the committed official Drugs@FDA Submissions extract (1965-1979 window) at the cited line number; the file re-hashes to the runner manifest SHA-256. Application type, holder and product facts come from the committed Drugs@FDA Applications/Products extracts. Holder is the CURRENT Drugs@FDA applicant of record, never asserted as the 1977-1979 applicant; no indication is recorded because the official extract publishes none. Supplement counts are approval actions (status AP) inside the committed 1965-1979 window only and understate lifetime post-approval activity."
PRE1980ACT-1978-024,1978,017857,NDA017857,TRACKED_NDA_ORIGINAL,1978-08-22,ORIG,1,AP,7,TYPE 1,Type 1 - New Molecular Entity,PRIORITY,TRUE,APOTHECON,STADOL PRESERVATIVE FREE,BUTORPHANOL TARTRATE,1MG/ML **Federal Register determination that product was not discontinued or withdrawn for safety or effectiveness reasons**,INJECTABLE;INJECTION,3,Discontinued,TRUE,3,9,4,0,0,0,0,,,,PRE1980-1978-13,PRE1980-1978-13,,data/raw/openfda_orig_decisions_1975_1979/decisions_1978.json,https://www.accessdata.fda.gov/scripts/cder/daf/index.cfm?event=overview.process&varApplNo=017857,https://api.fda.gov/drug/drugsfda.json?search=application_number:%22NDA017857%22,data/raw/drugsatfda_data_files_2026_09/Submissions_1965_1979.txt,6685,eb7003d97b6b24023b5fde542a5ba7ca4292259d9f323a1530d387a6e0091311,Verified (verbatim Drugs@FDA submission row; line number cited),"v23 2026-09-20: row read verbatim from the committed official Drugs@FDA Submissions extract (1965-1979 window) at the cited line number; the file re-hashes to the runner manifest SHA-256. Application type, holder and product facts come from the committed Drugs@FDA Applications/Products extracts. Holder is the CURRENT Drugs@FDA applicant of record, never asserted as the 1977-1979 applicant; no indication is recorded because the official extract publishes none. Supplement counts are approval actions (status AP) inside the committed 1965-1979 window only and understate lifetime post-approval activity."
PRE1980ACT-1978-025,1978,017858,NDA017858,TRACKED_NDA_ORIGINAL,1978-04-17,ORIG,1,AP,15,TYPE 5,Type 5 - New Formulation or New Manufacturer,STANDARD,FALSE,SUN PHARM INDS INC,AN-SULFUR COLLOID,TECHNETIUM TC-99M SULFUR COLLOID KIT,N/A,"SOLUTION;INJECTION, ORAL",1,Prescription,FALSE,0,0,0,8,4,1,0,http://www.accessdata.fda.gov/drugsatfda_docs/appletter/2002/17858slr024ltr.pdf,,http://www.accessdata.fda.gov/drugsatfda_docs/label/2011/017858Orig1s034lbl.pdf,none (not a Type 1/1-4 original approval),,,data/raw/openfda_orig_decisions_1975_1979/decisions_1978.json,https://www.accessdata.fda.gov/scripts/cder/daf/index.cfm?event=overview.process&varApplNo=017858,https://api.fda.gov/drug/drugsfda.json?search=application_number:%22NDA017858%22,data/raw/drugsatfda_data_files_2026_09/Submissions_1965_1979.txt,6686,eb7003d97b6b24023b5fde542a5ba7ca4292259d9f323a1530d387a6e0091311,Verified (verbatim Drugs@FDA submission row; line number cited),"v23 2026-09-20: row read verbatim from the committed official Drugs@FDA Submissions extract (1965-1979 window) at the cited line number; the file re-hashes to the runner manifest SHA-256. Application type, holder and product facts come from the committed Drugs@FDA Applications/Products extracts. Holder is the CURRENT Drugs@FDA applicant of record, never asserted as the 1977-1979 applicant; no indication is recorded because the official extract publishes none. Supplement counts are approval actions (status AP) inside the committed 1965-1979 window only and understate lifetime post-approval activity."
PRE1980ACT-1979-012,1979,017862,NDA017862,TRACKED_NDA_ORIGINAL,1979-02-07,ORIG,1,AP,7,TYPE 1,Type 1 - New Molecular Entity,PRIORITY,TRUE,HIKMA,REGLAN,METOCLOPRAMIDE HYDROCHLORIDE,EQ 5MG BASE/ML **Federal Register determination that product was not discontinued or withdrawn for safety or effectiveness reasons**,INJECTABLE;INJECTION,2,Discontinued,TRUE,2,3,3,13,6,3,0,"http://www.accessdata.fda.gov/drugsatfda_docs/appletter/2004/17862slr050,051ltr.pdf",,http://www.accessdata.fda.gov/drugsatfda_docs/label/2009/017862s061lbl.pdf,PRE1980-1979-02,PRE1980-1979-02,,data/raw/openfda_orig_decisions_1975_1979/decisions_1979.json,https://www.accessdata.fda.gov/scripts/cder/daf/index.cfm?event=overview.process&varApplNo=017862,https://api.fda.gov/drug/drugsfda.json?search=application_number:%22NDA017862%22,data/raw/drugsatfda_data_files_2026_09/Submissions_1965_1979.txt,6687,eb7003d97b6b24023b5fde542a5ba7ca4292259d9f323a1530d387a6e0091311,Verified (verbatim Drugs@FDA submission row; line number cited),"v23 2026-09-20: row read verbatim from the committed official Drugs@FDA Submissions extract (1965-1979 window) at the cited line number; the file re-hashes to the runner manifest SHA-256. Application type, holder and product facts come from the committed Drugs@FDA Applications/Products extracts. Holder is the CURRENT Drugs@FDA applicant of record, never asserted as the 1977-1979 applicant; no indication is recorded because the official extract publishes none. Supplement counts are approval actions (status AP) inside the committed 1965-1979 window only and understate lifetime post-approval activity."
PRE1980ACT-1979-013,1979,017871,NDA017871,TRACKED_NDA_ORIGINAL,1979-10-03,ORIG,1,AP,7,TYPE 1,Type 1 - New Molecular Entity,PRIORITY,TRUE,BAUSCH,DEMSER,METYROSINE,250MG,CAPSULE;ORAL,1,Prescription,FALSE,0,0,0,1,1,0,0,http://www.accessdata.fda.gov/drugsatfda_docs/appletter/2003/17871slr011ltr.pdf,,,PRE1980-1979-08,PRE1980-1979-08,,data/raw/openfda_orig_decisions_1975_1979/decisions_1979.json,https://www.accessdata.fda.gov/scripts/cder/daf/index.cfm?event=overview.process&varApplNo=017871,https://api.fda.gov/drug/drugsfda.json?search=application_number:%22NDA017871%22,data/raw/drugsatfda_data_files_2026_09/Submissions_1965_1979.txt,6692,eb7003d97b6b24023b5fde542a5ba7ca4292259d9f323a1530d387a6e0091311,Verified (verbatim Drugs@FDA submission row; line number cited),"v23 2026-09-20: row read verbatim from the committed official Drugs@FDA Submissions extract (1965-1979 window) at the cited line number; the file re-hashes to the runner manifest SHA-256. Application type, holder and product facts come from the committed Drugs@FDA Applications/Products extracts. Holder is the CURRENT Drugs@FDA applicant of record, never asserted as the 1977-1979 applicant; no indication is recorded because the official extract publishes none. Supplement counts are approval actions (status AP) inside the committed 1965-1979 window only and understate lifetime post-approval activity."
PRE1980ACT-1979-014,1979,017874,NDA017874,TRACKED_NDA_ORIGINAL,1979-12-31,ORIG,1,AP,12,TYPE 3,Type 3 - New Dosage Form,STANDARD,FALSE,BAXTER HLTHCARE CORP,TRANSDERM SCOP,SCOPOLAMINE,1MG/72HR,SYSTEM;TRANSDERMAL,1,Prescription,FALSE,0,0,0,23,11,2,0,http://www.accessdata.fda.gov/drugsatfda_docs/appletter/2001/17874s18s27ltr.pdf,,http://www.accessdata.fda.gov/drugsatfda_docs/label/2001/017874s18s27lbl.pdf,none (not a Type 1/1-4 original approval),,,data/raw/openfda_orig_decisions_1975_1979/decisions_1979.json,https://www.accessdata.fda.gov/scripts/cder/daf/index.cfm?event=overview.process&varApplNo=017874,https://api.fda.gov/drug/drugsfda.json?search=application_number:%22NDA017874%22,data/raw/drugsatfda_data_files_2026_09/Submissions_1965_1979.txt,6693,eb7003d97b6b24023b5fde542a5ba7ca4292259d9f323a1530d387a6e0091311,Verified (verbatim Drugs@FDA submission row; line number cited),"v23 2026-09-20: row read verbatim from the committed official Drugs@FDA Submissions extract (1965-1979 window) at the cited line number; the file re-hashes to the runner manifest SHA-256. Application type, holder and product facts come from the committed Drugs@FDA Applications/Products extracts. Holder is the CURRENT Drugs@FDA applicant of record, never asserted as the 1977-1979 applicant; no indication is recorded because the official extract publishes none. Supplement counts are approval actions (status AP) inside the committed 1965-1979 window only and understate lifetime post-approval activity."
PRE1980ACT-1978-026,1978,017878,,KIND_UNRESOLVED,1978-01-30,ORIG,1,AP,,,,,FALSE,,,,,,0,,FALSE,0,0,0,0,0,0,0,,,,,,FULldb-1978-UNRES04,,https://www.accessdata.fda.gov/scripts/cder/daf/index.cfm?event=overview.process&varApplNo=017878,,data/raw/drugsatfda_data_files_2026_09/Submissions_1965_1979.txt,6704,eb7003d97b6b24023b5fde542a5ba7ca4292259d9f323a1530d387a6e0091311,"Verified row, application type not published (KIND_UNRESOLVED) - review candidate only","v23 2026-09-20: row read verbatim from the committed official Drugs@FDA Submissions extract (1965-1979 window) at the cited line number; the file re-hashes to the runner manifest SHA-256. ApplNo is absent from the unfiltered Applications table, so no NDA/ANDA/BLA type can be asserted; the openFDA payloads do not carry it either. This is a review candidate, never an approval row in the NME decision table. Cross-check record FULldb-1978-UNRES04."
PRE1980ACT-1979-015,1979,017884,NDA017884,TRACKED_NDA_ORIGINAL,1979-06-20,ORIG,1,AP,15,TYPE 5,Type 5 - New Formulation or New Manufacturer,STANDARD,FALSE,SANOFI AVENTIS US,CHRONULAC,LACTULOSE,10GM/15ML **Federal Register determination that product was not discontinued or withdrawn for safety or effectiveness reasons**,SOLUTION;ORAL,1,Discontinued,TRUE,1,4,4,0,0,0,0,,,,none (not a Type 1/1-4 original approval),,,data/raw/openfda_orig_decisions_1975_1979/decisions_1979.json,https://www.accessdata.fda.gov/scripts/cder/daf/index.cfm?event=overview.process&varApplNo=017884,https://api.fda.gov/drug/drugsfda.json?search=application_number:%22NDA017884%22,data/raw/drugsatfda_data_files_2026_09/Submissions_1965_1979.txt,6709,eb7003d97b6b24023b5fde542a5ba7ca4292259d9f323a1530d387a6e0091311,Verified (verbatim Drugs@FDA submission row; line number cited),"v23 2026-09-20: row read verbatim from the committed official Drugs@FDA Submissions extract (1965-1979 window) at the cited line number; the file re-hashes to the runner manifest SHA-256. Application type, holder and product facts come from the committed Drugs@FDA Applications/Products extracts. Holder is the CURRENT Drugs@FDA applicant of record, never asserted as the 1977-1979 applicant; no indication is recorded because the official extract publishes none. Supplement counts are approval actions (status AP) inside the committed 1965-1979 window only and understate lifetime post-approval activity."
PRE1980ACT-1978-027,1978,017902,NDA017902,TRACKED_NDA_ORIGINAL,1978-07-25,ORIG,1,AP,9,TYPE 2,Type 2 - New Active Ingredient,STANDARD,FALSE,BRACCO,RENOVUE-65,IODAMIDE MEGLUMINE,65%,INJECTABLE;INJECTION,1,Discontinued,FALSE,0,0,0,0,0,0,0,,,,none (not a Type 1/1-4 original approval),,,data/raw/openfda_orig_decisions_1975_1979/decisions_1978.json,https://www.accessdata.fda.gov/scripts/cder/daf/index.cfm?event=overview.process&varApplNo=017902,https://api.fda.gov/drug/drugsfda.json?search=application_number:%22NDA017902%22,data/raw/drugsatfda_data_files_2026_09/Submissions_1965_1979.txt,6720,eb7003d97b6b24023b5fde542a5ba7ca4292259d9f323a1530d387a6e0091311,Verified (verbatim Drugs@FDA submission row; line number cited),"v23 2026-09-20: row read verbatim from the committed official Drugs@FDA Submissions extract (1965-1979 window) at the cited line number; the file re-hashes to the runner manifest SHA-256. Application type, holder and product facts come from the committed Drugs@FDA Applications/Products extracts. Holder is the CURRENT Drugs@FDA applicant of record, never asserted as the 1977-1979 applicant; no indication is recorded because the official extract publishes none. Supplement counts are approval actions (status AP) inside the committed 1965-1979 window only and understate lifetime post-approval activity."
PRE1980ACT-1978-028,1978,017903,NDA017903,TRACKED_NDA_ORIGINAL,1978-07-25,ORIG,1,AP,12,TYPE 3,Type 3 - New Dosage Form,STANDARD,FALSE,BRACCO,RENOVUE-DIP,IODAMIDE MEGLUMINE,24%,INJECTABLE;INJECTION,1,Discontinued,FALSE,0,0,0,0,0,0,0,,,,none (not a Type 1/1-4 original approval),,,data/raw/openfda_orig_decisions_1975_1979/decisions_1978.json,https://www.accessdata.fda.gov/scripts/cder/daf/index.cfm?event=overview.process&varApplNo=017903,https://api.fda.gov/drug/drugsfda.json?search=application_number:%22NDA017903%22,data/raw/drugsatfda_data_files_2026_09/Submissions_1965_1979.txt,6721,eb7003d97b6b24023b5fde542a5ba7ca4292259d9f323a1530d387a6e0091311,Verified (verbatim Drugs@FDA submission row; line number cited),"v23 2026-09-20: row read verbatim from the committed official Drugs@FDA Submissions extract (1965-1979 window) at the cited line number; the file re-hashes to the runner manifest SHA-256. Application type, holder and product facts come from the committed Drugs@FDA Applications/Products extracts. Holder is the CURRENT Drugs@FDA applicant of record, never asserted as the 1977-1979 applicant; no indication is recorded because the official extract publishes none. Supplement counts are approval actions (status AP) inside the committed 1965-1979 window only and understate lifetime post-approval activity."
PRE1980ACT-1978-029,1978,017907,NDA017907,TRACKED_NDA_ORIGINAL,1978-05-25,ORIG,1,AP,7,TYPE 1,Type 1 - New Molecular Entity,STANDARD,TRUE,BRISTOL MYERS SQUIBB,GLUCOSCAN,TECHNETIUM TC-99M GLUCEPTATE KIT,N/A,INJECTABLE;INJECTION,1,Discontinued,FALSE,0,0,0,0,0,0,0,,,,PRE1980-1978-06,PRE1980-1978-06,,data/raw/openfda_orig_decisions_1975_1979/decisions_1978.json,https://www.accessdata.fda.gov/scripts/cder/daf/index.cfm?event=overview.process&varApplNo=017907,https://api.fda.gov/drug/drugsfda.json?search=application_number:%22NDA017907%22,data/raw/drugsatfda_data_files_2026_09/Submissions_1965_1979.txt,6722,eb7003d97b6b24023b5fde542a5ba7ca4292259d9f323a1530d387a6e0091311,Verified (verbatim Drugs@FDA submission row; line number cited),"v23 2026-09-20: row read verbatim from the committed official Drugs@FDA Submissions extract (1965-1979 window) at the cited line number; the file re-hashes to the runner manifest SHA-256. Application type, holder and product facts come from the committed Drugs@FDA Applications/Products extracts. Holder is the CURRENT Drugs@FDA applicant of record, never asserted as the 1977-1979 applicant; no indication is recorded because the official extract publishes none. Supplement counts are approval actions (status AP) inside the committed 1965-1979 window only and understate lifetime post-approval activity."
PRE1980ACT-1977-040,1977,017908,,KIND_UNRESOLVED,1977-02-10,ORIG,1,AP,,,,,FALSE,,,,,,0,,FALSE,0,1,1,0,0,0,0,,,,,,FULldb-1977-UNRES02,,https://www.accessdata.fda.gov/scripts/cder/daf/index.cfm?event=overview.process&varApplNo=017908,,data/raw/drugsatfda_data_files_2026_09/Submissions_1965_1979.txt,6723,eb7003d97b6b24023b5fde542a5ba7ca4292259d9f323a1530d387a6e0091311,"Verified row, application type not published (KIND_UNRESOLVED) - review candidate only","v23 2026-09-20: row read verbatim from the committed official Drugs@FDA Submissions extract (1965-1979 window) at the cited line number; the file re-hashes to the runner manifest SHA-256. ApplNo is absent from the unfiltered Applications table, so no NDA/ANDA/BLA type can be asserted; the openFDA payloads do not carry it either. This is a review candidate, never an approval row in the NME decision table. Cross-check record FULldb-1977-UNRES02."
PRE1980ACT-1978-030,1978,017911,NDA017911,TRACKED_NDA_ORIGINAL,1978-09-27,ORIG,1,AP,7,TYPE 1,Type 1 - New Molecular Entity,STANDARD,TRUE,MERCK,CLINORIL,SULINDAC,150MG **Federal Register determination that product was not discontinued or withdrawn for safety or effectiveness reasons**,TABLET;ORAL,2,Discontinued,TRUE,2,6,0,12,6,0,0,http://www.accessdata.fda.gov/drugsatfda_docs/appletter/2006/017911s065ltr.pdf,,http://www.accessdata.fda.gov/drugsatfda_docs/label/2006/017911s068lbl.pdf,PRE1980-1978-15,PRE1980-1978-15,,data/raw/openfda_orig_decisions_1975_1979/decisions_1978.json,https://www.accessdata.fda.gov/scripts/cder/daf/index.cfm?event=overview.process&varApplNo=017911,https://api.fda.gov/drug/drugsfda.json?search=application_number:%22NDA017911%22,data/raw/drugsatfda_data_files_2026_09/Submissions_1965_1979.txt,6725,eb7003d97b6b24023b5fde542a5ba7ca4292259d9f323a1530d387a6e0091311,Verified (verbatim Drugs@FDA submission row; line number cited),"v23 2026-09-20: row read verbatim from the committed official Drugs@FDA Submissions extract (1965-1979 window) at the cited line number; the file re-hashes to the runner manifest SHA-256. Application type, holder and product facts come from the committed Drugs@FDA Applications/Products extracts. Holder is the CURRENT Drugs@FDA applicant of record, never asserted as the 1977-1979 applicant; no indication is recorded because the official extract publishes none. Supplement counts are approval actions (status AP) inside the committed 1965-1979 window only and understate lifetime post-approval activity."
PRE1980ACT-1978-031,1978,017914,NDA017914,TRACKED_NDA_ORIGINAL,1978-02-21,ORIG,1,AP,12,TYPE 3,Type 3 - New Dosage Form,STANDARD,FALSE,BAYER PHARMS,TRIDESILON,"ACETIC ACID, GLACIAL; DESONIDE",2%;0.05%,SOLUTION/DROPS;OTIC,1,Discontinued,FALSE,0,0,0,0,0,0,0,,,,none (not a Type 1/1-4 original approval),,,data/raw/openfda_orig_decisions_1975_1979/decisions_1978.json,https://www.accessdata.fda.gov/scripts/cder/daf/index.cfm?event=overview.process&varApplNo=017914,https://api.fda.gov/drug/drugsfda.json?search=application_number:%22NDA017914%22,data/raw/drugsatfda_data_files_2026_09/Submissions_1965_1979.txt,6732,eb7003d97b6b24023b5fde542a5ba7ca4292259d9f323a1530d387a6e0091311,Verified (verbatim Drugs@FDA submission row; line number cited),"v23 2026-09-20: row read verbatim from the committed official Drugs@FDA Submissions extract (1965-1979 window) at the cited line number; the file re-hashes to the runner manifest SHA-256. Application type, holder and product facts come from the committed Drugs@FDA Applications/Products extracts. Holder is the CURRENT Drugs@FDA applicant of record, never asserted as the 1977-1979 applicant; no indication is recorded because the official extract publishes none. Supplement counts are approval actions (status AP) inside the committed 1965-1979 window only and understate lifetime post-approval activity."
PRE1980ACT-1977-041,1977,017919,NDA017919,TRACKED_NDA_ORIGINAL,1977-06-23,ORIG,1,AP,12,TYPE 3,Type 3 - New Dosage Form,STANDARD,FALSE,JANSSEN PHARMS,ORTHO-NOVUM 1/35-28,ETHINYL ESTRADIOL; NORETHINDRONE,0.035MG;1MG **Federal Register determination that product was not discontinued or withdrawn for safety or effectiveness reasons**,TABLET;ORAL-28,1,Discontinued,TRUE,1,13,1,11,6,0,0,"http://www.accessdata.fda.gov/drugsatfda_docs/appletter/2013/017735Orig1s114,017919Orig1s096,018985Orig1s060,019653Orig1s054,019697Orig1s050,020301Orig1s034ltr.pdf",,http://www.accessdata.fda.gov/drugsatfda_docs/label/2012/017735s107lbl.pdf,none (not a Type 1/1-4 original approval),,,data/raw/openfda_orig_decisions_1975_1979/decisions_1977.json,https://www.accessdata.fda.gov/scripts/cder/daf/index.cfm?event=overview.process&varApplNo=017919,https://api.fda.gov/drug/drugsfda.json?search=application_number:%22NDA017919%22,data/raw/drugsatfda_data_files_2026_09/Submissions_1965_1979.txt,6733,eb7003d97b6b24023b5fde542a5ba7ca4292259d9f323a1530d387a6e0091311,Verified (verbatim Drugs@FDA submission row; line number cited),"v23 2026-09-20: row read verbatim from the committed official Drugs@FDA Submissions extract (1965-1979 window) at the cited line number; the file re-hashes to the runner manifest SHA-256. Application type, holder and product facts come from the committed Drugs@FDA Applications/Products extracts. Holder is the CURRENT Drugs@FDA applicant of record, never asserted as the 1977-1979 applicant; no indication is recorded because the official extract publishes none. Supplement counts are approval actions (status AP) inside the committed 1965-1979 window only and understate lifetime post-approval activity."
PRE1980ACT-1977-042,1977,017920,NDA017920,TRACKED_NDA_ORIGINAL,1977-08-16,ORIG,1,AP,7,TYPE 1,Type 1 - New Molecular Entity,PRIORITY,TRUE,GLAXOSMITHKLINE,TAGAMET,CIMETIDINE,200MG **Federal Register determination that product was not discontinued or withdrawn for safety or effectiveness reasons**,TABLET;ORAL,4,Discontinued,TRUE,4,11,2,2,2,0,0,http://www.accessdata.fda.gov/drugsatfda_docs/appletter/2006/017920s095_ltr.pdf,,,PRE1980-1977-07,PRE1980-1977-07,,data/raw/openfda_orig_decisions_1975_1979/decisions_1977.json,https://www.accessdata.fda.gov/scripts/cder/daf/index.cfm?event=overview.process&varApplNo=017920,https://api.fda.gov/drug/drugsfda.json?search=application_number:%22NDA017920%22,data/raw/drugsatfda_data_files_2026_09/Submissions_1965_1979.txt,6747,eb7003d97b6b24023b5fde542a5ba7ca4292259d9f323a1530d387a6e0091311,Verified (verbatim Drugs@FDA submission row; line number cited),"v23 2026-09-20: row read verbatim from the committed official Drugs@FDA Submissions extract (1965-1979 window) at the cited line number; the file re-hashes to the runner manifest SHA-256. Application type, holder and product facts come from the committed Drugs@FDA Applications/Products extracts. Holder is the CURRENT Drugs@FDA applicant of record, never asserted as the 1977-1979 applicant; no indication is recorded because the official extract publishes none. Supplement counts are approval actions (status AP) inside the committed 1965-1979 window only and understate lifetime post-approval activity."
PRE1980ACT-1978-032,1978,017922,NDA017922,TRACKED_NDA_ORIGINAL,1978-02-21,ORIG,1,AP,7,TYPE 1,Type 1 - New Molecular Entity,PRIORITY,TRUE,FERRING PHARMS INC,DDAVP,DESMOPRESSIN ACETATE,0.01%,SOLUTION;NASAL,3,Discontinued,FALSE,2,0,0,10,5,0,0,"http://www.accessdata.fda.gov/drugsatfda_docs/appletter/2003/17922slr031,18938slr019,19955slr005ltr.pdf",,"http://www.accessdata.fda.gov/drugsatfda_docs/label/2007/017922s038,018938s027,019955s013lbl.pdf",PRE1980-1978-03,PRE1980-1978-03,,data/raw/openfda_orig_decisions_1975_1979/decisions_1978.json,https://www.accessdata.fda.gov/scripts/cder/daf/index.cfm?event=overview.process&varApplNo=017922,https://api.fda.gov/drug/drugsfda.json?search=application_number:%22NDA017922%22,data/raw/drugsatfda_data_files_2026_09/Submissions_1965_1979.txt,6759,eb7003d97b6b24023b5fde542a5ba7ca4292259d9f323a1530d387a6e0091311,Verified (verbatim Drugs@FDA submission row; line number cited),"v23 2026-09-20: row read verbatim from the committed official Drugs@FDA Submissions extract (1965-1979 window) at the cited line number; the file re-hashes to the runner manifest SHA-256. Application type, holder and product facts come from the committed Drugs@FDA Applications/Products extracts. Holder is the CURRENT Drugs@FDA applicant of record, never asserted as the 1977-1979 applicant; no indication is recorded because the official extract publishes none. Supplement counts are approval actions (status AP) inside the committed 1965-1979 window only and understate lifetime post-approval activity."
PRE1980ACT-1978-033,1978,017923,NDA017923,TRACKED_NDA_ORIGINAL,1978-10-18,ORIG,1,AP,12,TYPE 3,Type 3 - New Dosage Form,STANDARD,FALSE,NOVARTIS,MELLARIL-S,THIORIDAZINE,EQ 25MG HYDROCHLORIDE/5ML **Federal Register determination that product was not discontinued or withdrawn for safety or effectiveness reasons**,SUSPENSION;ORAL,2,Discontinued,TRUE,2,4,0,1,1,0,0,http://www.accessdata.fda.gov/drugsatfda_docs/appletter/2001/17923S49LTR.PDF,,,none (not a Type 1/1-4 original approval),,,data/raw/openfda_orig_decisions_1975_1979/decisions_1978.json,https://www.accessdata.fda.gov/scripts/cder/daf/index.cfm?event=overview.process&varApplNo=017923,https://api.fda.gov/drug/drugsfda.json?search=application_number:%22NDA017923%22,data/raw/drugsatfda_data_files_2026_09/Submissions_1965_1979.txt,6760,eb7003d97b6b24023b5fde542a5ba7ca4292259d9f323a1530d387a6e0091311,Verified (verbatim Drugs@FDA submission row; line number cited),"v23 2026-09-20: row read verbatim from the committed official Drugs@FDA Submissions extract (1965-1979 window) at the cited line number; the file re-hashes to the runner manifest SHA-256. Application type, holder and product facts come from the committed Drugs@FDA Applications/Products extracts. Holder is the CURRENT Drugs@FDA applicant of record, never asserted as the 1977-1979 applicant; no indication is recorded because the official extract publishes none. Supplement counts are approval actions (status AP) inside the committed 1965-1979 window only and understate lifetime post-approval activity."
PRE1980ACT-1977-043,1977,017924,NDA017924,TRACKED_NDA_ORIGINAL,1977-08-16,ORIG,1,AP,9,TYPE 2,Type 2 - New Active Ingredient,PRIORITY,FALSE,GLAXOSMITHKLINE,TAGAMET,CIMETIDINE HYDROCHLORIDE,EQ 300MG BASE/5ML **Federal Register determination that product was not discontinued or withdrawn for safety or effectiveness reasons**,SOLUTION;ORAL,1,Discontinued,TRUE,1,0,0,0,0,0,0,,,,none (not a Type 1/1-4 original approval),,,data/raw/openfda_orig_decisions_1975_1979/decisions_1977.json,https://www.accessdata.fda.gov/scripts/cder/daf/index.cfm?event=overview.process&varApplNo=017924,https://api.fda.gov/drug/drugsfda.json?search=application_number:%22NDA017924%22,data/raw/drugsatfda_data_files_2026_09/Submissions_1965_1979.txt,6765,eb7003d97b6b24023b5fde542a5ba7ca4292259d9f323a1530d387a6e0091311,Verified (verbatim Drugs@FDA submission row; line number cited),"v23 2026-09-20: row read verbatim from the committed official Drugs@FDA Submissions extract (1965-1979 window) at the cited line number; the file re-hashes to the runner manifest SHA-256. Application type, holder and product facts come from the committed Drugs@FDA Applications/Products extracts. Holder is the CURRENT Drugs@FDA applicant of record, never asserted as the 1977-1979 applicant; no indication is recorded because the official extract publishes none. Supplement counts are approval actions (status AP) inside the committed 1965-1979 window only and understate lifetime post-approval activity."
PRE1980ACT-1979-016,1979,017938,NDA017938,TRACKED_NDA_ORIGINAL,1979-12-28,ORIG,1,AP,12,TYPE 3,Type 3 - New Dosage Form,STANDARD,FALSE,ENDO PHARMS,MOBAN,MOLINDONE HYDROCHLORIDE,20MG/ML,CONCENTRATE;ORAL,1,Discontinued,FALSE,0,0,0,1,1,0,0,http://www.accessdata.fda.gov/drugsatfda_docs/appletter/2001/17111s55ltr.pdf,,,none (not a Type 1/1-4 original approval),,,data/raw/openfda_orig_decisions_1975_1979/decisions_1979.json,https://www.accessdata.fda.gov/scripts/cder/daf/index.cfm?event=overview.process&varApplNo=017938,https://api.fda.gov/drug/drugsfda.json?search=application_number:%22NDA017938%22,data/raw/drugsatfda_data_files_2026_09/Submissions_1965_1979.txt,6769,eb7003d97b6b24023b5fde542a5ba7ca4292259d9f323a1530d387a6e0091311,Verified (verbatim Drugs@FDA submission row; line number cited),"v23 2026-09-20: row read verbatim from the committed official Drugs@FDA Submissions extract (1965-1979 window) at the cited line number; the file re-hashes to the runner manifest SHA-256. Application type, holder and product facts come from the committed Drugs@FDA Applications/Products extracts. Holder is the CURRENT Drugs@FDA applicant of record, never asserted as the 1977-1979 applicant; no indication is recorded because the official extract publishes none. Supplement counts are approval actions (status AP) inside the committed 1965-1979 window only and understate lifetime post-approval activity."
PRE1980ACT-1977-044,1977,017939,NDA017939,TRACKED_NDA_ORIGINAL,1977-08-16,ORIG,1,AP,12,TYPE 3,Type 3 - New Dosage Form,PRIORITY,FALSE,GLAXOSMITHKLINE,TAGAMET,CIMETIDINE HYDROCHLORIDE,EQ 300MG BASE/2ML **Federal Register determination that product was not discontinued or withdrawn for safety or effectiveness reasons**,INJECTABLE;INJECTION,1,Discontinued,TRUE,1,13,2,0,0,0,0,,,,none (not a Type 1/1-4 original approval),,,data/raw/openfda_orig_decisions_1975_1979/decisions_1977.json,https://www.accessdata.fda.gov/scripts/cder/daf/index.cfm?event=overview.process&varApplNo=017939,https://api.fda.gov/drug/drugsfda.json?search=application_number:%22NDA017939%22,data/raw/drugsatfda_data_files_2026_09/Submissions_1965_1979.txt,6770,eb7003d97b6b24023b5fde542a5ba7ca4292259d9f323a1530d387a6e0091311,Verified (verbatim Drugs@FDA submission row; line number cited),"v23 2026-09-20: row read verbatim from the committed official Drugs@FDA Submissions extract (1965-1979 window) at the cited line number; the file re-hashes to the runner manifest SHA-256. Application type, holder and product facts come from the committed Drugs@FDA Applications/Products extracts. Holder is the CURRENT Drugs@FDA applicant of record, never asserted as the 1977-1979 applicant; no indication is recorded because the official extract publishes none. Supplement counts are approval actions (status AP) inside the committed 1965-1979 window only and understate lifetime post-approval activity."
PRE1980ACT-1977-045,1977,017945,,KIND_UNRESOLVED,1977-10-11,ORIG,1,AP,,,,,FALSE,,,,,,0,,FALSE,0,0,0,0,0,0,0,,,,,,FULldb-1977-UNRES26,,https://www.accessdata.fda.gov/scripts/cder/daf/index.cfm?event=overview.process&varApplNo=017945,,data/raw/drugsatfda_data_files_2026_09/Submissions_1965_1979.txt,6784,eb7003d97b6b24023b5fde542a5ba7ca4292259d9f323a1530d387a6e0091311,"Verified row, application type not published (KIND_UNRESOLVED) - review candidate only","v23 2026-09-20: row read verbatim from the committed official Drugs@FDA Submissions extract (1965-1979 window) at the cited line number; the file re-hashes to the runner manifest SHA-256. ApplNo is absent from the unfiltered Applications table, so no NDA/ANDA/BLA type can be asserted; the openFDA payloads do not carry it either. This is a review candidate, never an approval row in the NME decision table. Cross-check record FULldb-1977-UNRES26."
PRE1980ACT-1977-046,1977,017947,,KIND_UNRESOLVED,1977-01-05,ORIG,1,AP,15,TYPE 5,Type 5 - New Formulation or New Manufacturer,STANDARD,FALSE,,,,,,0,,FALSE,0,0,0,0,0,0,0,,,,,,FULldb-1977-UNRES01,,https://www.accessdata.fda.gov/scripts/cder/daf/index.cfm?event=overview.process&varApplNo=017947,,data/raw/drugsatfda_data_files_2026_09/Submissions_1965_1979.txt,6785,eb7003d97b6b24023b5fde542a5ba7ca4292259d9f323a1530d387a6e0091311,"Verified row, application type not published (KIND_UNRESOLVED) - review candidate only","v23 2026-09-20: row read verbatim from the committed official Drugs@FDA Submissions extract (1965-1979 window) at the cited line number; the file re-hashes to the runner manifest SHA-256. ApplNo is absent from the unfiltered Applications table, so no NDA/ANDA/BLA type can be asserted; the openFDA payloads do not carry it either. This is a review candidate, never an approval row in the NME decision table. Cross-check record FULldb-1977-UNRES01."
PRE1980ACT-1978-034,1978,017948,NDA017948,TRACKED_NDA_ORIGINAL,1978-02-21,ORIG,1,AP,15,TYPE 5,Type 5 - New Formulation or New Manufacturer,STANDARD,FALSE,GD SEARLE LLC,NORMINEST FE,ETHINYL ESTRADIOL;NORETHINDRONE; FERROUS FUMARATE,0.035MG;0.5MG;75MG,TABLET;ORAL,1,Prescription,FALSE,0,4,3,8,4,1,0,"http://www.accessdata.fda.gov/drugsatfda_docs/appletter/2017/018926Orig1s011,017948Orig1s044ltr.pdf",,"http://www.accessdata.fda.gov/drugsatfda_docs/label/2017/018926s011,017948s044lbl.pdf",none (not a Type 1/1-4 original approval),,,data/raw/openfda_orig_decisions_1975_1979/decisions_1978.json,https://www.accessdata.fda.gov/scripts/cder/daf/index.cfm?event=overview.process&varApplNo=017948,https://api.fda.gov/drug/drugsfda.json?search=application_number:%22NDA017948%22,data/raw/drugsatfda_data_files_2026_09/Submissions_1965_1979.txt,6790,eb7003d97b6b24023b5fde542a5ba7ca4292259d9f323a1530d387a6e0091311,Verified (verbatim Drugs@FDA submission row; line number cited),"v23 2026-09-20: row read verbatim from the committed official Drugs@FDA Submissions extract (1965-1979 window) at the cited line number; the file re-hashes to the runner manifest SHA-256. Application type, holder and product facts come from the committed Drugs@FDA Applications/Products extracts. Holder is the CURRENT Drugs@FDA applicant of record, never asserted as the 1977-1979 applicant; no indication is recorded because the official extract publishes none. Supplement counts are approval actions (status AP) inside the committed 1965-1979 window only and understate lifetime post-approval activity."
PRE1980ACT-1978-035,1978,017950,NDA017950,TRACKED_NDA_ORIGINAL,1978-03-17,ORIG,1,AP,9,TYPE 2,Type 2 - New Active Ingredient,STANDARD,FALSE,SUN PHARM INDS INC,WESTCORT,HYDROCORTISONE VALERATE,0.2% **Federal Register determination that product was not discontinued or withdrawn for safety or effectiveness reasons**,CREAM;TOPICAL,1,Discontinued,TRUE,1,3,1,2,1,0,0,http://www.accessdata.fda.gov/drugsatfda_docs/appletter/2003/17950slr021ltr.pdf,,http://www.accessdata.fda.gov/drugsatfda_docs/label/2003/17950slr021_westcort_lbl.pdf,none (not a Type 1/1-4 original approval),,,data/raw/openfda_orig_decisions_1975_1979/decisions_1978.json,https://www.accessdata.fda.gov/scripts/cder/daf/index.cfm?event=overview.process&varApplNo=017950,https://api.fda.gov/drug/drugsfda.json?search=application_number:%22NDA017950%22,data/raw/drugsatfda_data_files_2026_09/Submissions_1965_1979.txt,6794,eb7003d97b6b24023b5fde542a5ba7ca4292259d9f323a1530d387a6e0091311,Verified (verbatim Drugs@FDA submission row; line number cited),"v23 2026-09-20: row read verbatim from the committed official Drugs@FDA Submissions extract (1965-1979 window) at the cited line number; the file re-hashes to the runner manifest SHA-256. Application type, holder and product facts come from the committed Drugs@FDA Applications/Products extracts. Holder is the CURRENT Drugs@FDA applicant of record, never asserted as the 1977-1979 applicant; no indication is recorded because the official extract publishes none. Supplement counts are approval actions (status AP) inside the committed 1965-1979 window only and understate lifetime post-approval activity."
PRE1980ACT-1978-036,1978,017951,,KIND_UNRESOLVED,1978-04-27,ORIG,1,AP,,,,,FALSE,,,,,,0,,FALSE,0,1,1,0,0,0,0,,,,,,FULldb-1978-UNRES08,,https://www.accessdata.fda.gov/scripts/cder/daf/index.cfm?event=overview.process&varApplNo=017951,,data/raw/drugsatfda_data_files_2026_09/Submissions_1965_1979.txt,6795,eb7003d97b6b24023b5fde542a5ba7ca4292259d9f323a1530d387a6e0091311,"Verified row, application type not published (KIND_UNRESOLVED) - review candidate only","v23 2026-09-20: row read verbatim from the committed official Drugs@FDA Submissions extract (1965-1979 window) at the cited line number; the file re-hashes to the runner manifest SHA-256. ApplNo is absent from the unfiltered Applications table, so no NDA/ANDA/BLA type can be asserted; the openFDA payloads do not carry it either. This is a review candidate, never an approval row in the NME decision table. Cross-check record FULldb-1978-UNRES08."
PRE1980ACT-1978-037,1978,017955,NDA017955,TRACKED_NDA_ORIGINAL,1978-10-17,ORIG,1,AP,12,TYPE 3,Type 3 - New Dosage Form,STANDARD,FALSE,BAUSCH,RETIN-A,TRETINOIN,0.01%,GEL;TOPICAL,1,Prescription,FALSE,0,2,0,6,3,0,0,http://www.accessdata.fda.gov/drugsatfda_docs/appletter/2002/16921s021ltr.pdf,,http://www.accessdata.fda.gov/drugsatfda_docs/label/2002/16921s21s22s25lbl.pdf,none (not a Type 1/1-4 original approval),,,data/raw/openfda_orig_decisions_1975_1979/decisions_1978.json,https://www.accessdata.fda.gov/scripts/cder/daf/index.cfm?event=overview.process&varApplNo=017955,https://api.fda.gov/drug/drugsfda.json?search=application_number:%22NDA017955%22,data/raw/drugsatfda_data_files_2026_09/Submissions_1965_1979.txt,6799,eb7003d97b6b24023b5fde542a5ba7ca4292259d9f323a1530d387a6e0091311,Verified (verbatim Drugs@FDA submission row; line number cited),"v23 2026-09-20: row read verbatim from the committed official Drugs@FDA Submissions extract (1965-1979 window) at the cited line number; the file re-hashes to the runner manifest SHA-256. Application type, holder and product facts come from the committed Drugs@FDA Applications/Products extracts. Holder is the CURRENT Drugs@FDA applicant of record, never asserted as the 1977-1979 applicant; no indication is recorded because the official extract publishes none. Supplement counts are approval actions (status AP) inside the committed 1965-1979 window only and understate lifetime post-approval activity."
PRE1980ACT-1977-047,1977,017956,NDA017956,TRACKED_NDA_ORIGINAL,1977-05-25,ORIG,1,AP,15,TYPE 5,Type 5 - New Formulation or New Manufacturer,STANDARD,FALSE,3M,TEPANIL TEN-TAB,DIETHYLPROPION HYDROCHLORIDE,75MG,"TABLET, EXTENDED RELEASE;ORAL",1,Discontinued,FALSE,0,1,0,0,0,0,0,,,,none (not a Type 1/1-4 original approval),,,data/raw/openfda_orig_decisions_1975_1979/decisions_1977.json,https://www.accessdata.fda.gov/scripts/cder/daf/index.cfm?event=overview.process&varApplNo=017956,https://api.fda.gov/drug/drugsfda.json?search=application_number:%22NDA017956%22,data/raw/drugsatfda_data_files_2026_09/Submissions_1965_1979.txt,6801,eb7003d97b6b24023b5fde542a5ba7ca4292259d9f323a1530d387a6e0091311,Verified (verbatim Drugs@FDA submission row; line number cited),"v23 2026-09-20: row read verbatim from the committed official Drugs@FDA Submissions extract (1965-1979 window) at the cited line number; the file re-hashes to the runner manifest SHA-256. Application type, holder and product facts come from the committed Drugs@FDA Applications/Products extracts. Holder is the CURRENT Drugs@FDA applicant of record, never asserted as the 1977-1979 applicant; no indication is recorded because the official extract publishes none. Supplement counts are approval actions (status AP) inside the committed 1965-1979 window only and understate lifetime post-approval activity."
PRE1980ACT-1978-038,1978,017957,NDA017957,TRACKED_NDA_ORIGINAL,1978-01-03,ORIG,1,AP,12,TYPE 3,Type 3 - New Dosage Form,STANDARD,FALSE,HOSPIRA INC,VEINAMINE 8%,AMINO ACIDS; MAGNESIUM CHLORIDE; POTASSIUM ACETATE; POTASSIUM CHLORIDE; SODIUM ACETATE,8%;61MG/100ML;211MG/100ML;56MG/100ML;388MG/100ML,INJECTABLE;INJECTION,4,Discontinued,FALSE,0,3,0,2,2,0,0,http://www.accessdata.fda.gov/drugsatfda_docs/appletter/2003/17957slr032ltr.pdf,,,none (not a Type 1/1-4 original approval),,,data/raw/openfda_orig_decisions_1975_1979/decisions_1978.json,https://www.accessdata.fda.gov/scripts/cder/daf/index.cfm?event=overview.process&varApplNo=017957,https://api.fda.gov/drug/drugsfda.json?search=application_number:%22NDA017957%22,data/raw/drugsatfda_data_files_2026_09/Submissions_1965_1979.txt,6805,eb7003d97b6b24023b5fde542a5ba7ca4292259d9f323a1530d387a6e0091311,Verified (verbatim Drugs@FDA submission row; line number cited),"v23 2026-09-20: row read verbatim from the committed official Drugs@FDA Submissions extract (1965-1979 window) at the cited line number; the file re-hashes to the runner manifest SHA-256. Application type, holder and product facts come from the committed Drugs@FDA Applications/Products extracts. Holder is the CURRENT Drugs@FDA applicant of record, never asserted as the 1977-1979 applicant; no indication is recorded because the official extract publishes none. Supplement counts are approval actions (status AP) inside the committed 1965-1979 window only and understate lifetime post-approval activity."
PRE1980ACT-1978-039,1978,017962,NDA017962,TRACKED_NDA_ORIGINAL,1978-06-28,ORIG,1,AP,7,TYPE 1,Type 1 - New Molecular Entity,PRIORITY,TRUE,ESJAY PHARMA,PARLODEL,BROMOCRIPTINE MESYLATE,EQ 2.5MG BASE,TABLET;ORAL,2,Prescription,FALSE,0,3,0,18,8,2,0,"http://www.accessdata.fda.gov/drugsatfda_docs/appletter/2005/017962s063,064ltr.pdf",,"http://www.accessdata.fda.gov/drugsatfda_docs/label/2005/017962s063,064lbl.pdf",PRE1980-1978-07,PRE1980-1978-07,,data/raw/openfda_orig_decisions_1975_1979/decisions_1978.json,https://www.accessdata.fda.gov/scripts/cder/daf/index.cfm?event=overview.process&varApplNo=017962,https://api.fda.gov/drug/drugsfda.json?search=application_number:%22NDA017962%22,data/raw/drugsatfda_data_files_2026_09/Submissions_1965_1979.txt,6806,eb7003d97b6b24023b5fde542a5ba7ca4292259d9f323a1530d387a6e0091311,Verified (verbatim Drugs@FDA submission row; line number cited),"v23 2026-09-20: row read verbatim from the committed official Drugs@FDA Submissions extract (1965-1979 window) at the cited line number; the file re-hashes to the runner manifest SHA-256. Application type, holder and product facts come from the committed Drugs@FDA Applications/Products extracts. Holder is the CURRENT Drugs@FDA applicant of record, never asserted as the 1977-1979 applicant; no indication is recorded because the official extract publishes none. Supplement counts are approval actions (status AP) inside the committed 1965-1979 window only and understate lifetime post-approval activity."
PRE1980ACT-1978-040,1978,017963,NDA017963,TRACKED_NDA_ORIGINAL,1978-08-07,ORIG,1,AP,7,TYPE 1,Type 1 - New Molecular Entity,PRIORITY,TRUE,VALIDUS PHARMS,LOPRESSOR,METOPROLOL TARTRATE,50MG,TABLET;ORAL,2,Prescription,FALSE,0,10,0,16,9,0,0,"http://www.accessdata.fda.gov/drugsatfda_docs/appletter/2006/018704s018, 017963s059_ltr.pdf",,http://www.accessdata.fda.gov/drugsatfda_docs/label/2012/017963s067lbl.pdf,PRE1980-1978-10,PRE1980-1978-10,,data/raw/openfda_orig_decisions_1975_1979/decisions_1978.json,https://www.accessdata.fda.gov/scripts/cder/daf/index.cfm?event=overview.process&varApplNo=017963,https://api.fda.gov/drug/drugsfda.json?search=application_number:%22NDA017963%22,data/raw/drugsatfda_data_files_2026_09/Submissions_1965_1979.txt,6820,eb7003d97b6b24023b5fde542a5ba7ca4292259d9f323a1530d387a6e0091311,Verified (verbatim Drugs@FDA submission row; line number cited),"v23 2026-09-20: row read verbatim from the committed official Drugs@FDA Submissions extract (1965-1979 window) at the cited line number; the file re-hashes to the runner manifest SHA-256. Application type, holder and product facts come from the committed Drugs@FDA Applications/Products extracts. Holder is the CURRENT Drugs@FDA applicant of record, never asserted as the 1977-1979 applicant; no indication is recorded because the official extract publishes none. Supplement counts are approval actions (status AP) inside the committed 1965-1979 window only and understate lifetime post-approval activity."
PRE1980ACT-1977-048,1977,017970,NDA017970,TRACKED_NDA_ORIGINAL,1977-12-30,ORIG,1,AP,7,TYPE 1,Type 1 - New Molecular Entity,STANDARD,TRUE,ASTRAZENECA,NOLVADEX,TAMOXIFEN CITRATE,EQ 10MG BASE **Federal Register determination that product was not discontinued or withdrawn for safety or effectiveness reasons**,TABLET;ORAL,2,Discontinued,TRUE,2,5,0,33,12,8,1,http://www.accessdata.fda.gov/drugsatfda_docs/appletter/1998/17970s40.pdf,http://www.accessdata.fda.gov/drugsatfda_docs/nda/pre96/017970_S018_Nolvadex.pdf,http://www.accessdata.fda.gov/drugsatfda_docs/label/2002/17970s37s44s49lbl.pdf,PRE1980-1977-17,PRE1980-1977-17,,data/raw/openfda_orig_decisions_1975_1979/decisions_1977.json,https://www.accessdata.fda.gov/scripts/cder/daf/index.cfm?event=overview.process&varApplNo=017970,https://api.fda.gov/drug/drugsfda.json?search=application_number:%22NDA017970%22,data/raw/drugsatfda_data_files_2026_09/Submissions_1965_1979.txt,6826,eb7003d97b6b24023b5fde542a5ba7ca4292259d9f323a1530d387a6e0091311,Verified (verbatim Drugs@FDA submission row; line number cited),"v23 2026-09-20: row read verbatim from the committed official Drugs@FDA Submissions extract (1965-1979 window) at the cited line number; the file re-hashes to the runner manifest SHA-256. Application type, holder and product facts come from the committed Drugs@FDA Applications/Products extracts. Holder is the CURRENT Drugs@FDA applicant of record, never asserted as the 1977-1979 applicant; no indication is recorded because the official extract publishes none. Supplement counts are approval actions (status AP) inside the committed 1965-1979 window only and understate lifetime post-approval activity."
PRE1980ACT-1979-017,1979,017971,NDA017971,TRACKED_NDA_ORIGINAL,1979-02-26,ORIG,1,AP,15,TYPE 5,Type 5 - New Formulation or New Manufacturer,STANDARD,FALSE,JDS PHARMS,ESKALITH,LITHIUM CARBONATE,300MG,TABLET;ORAL,1,Discontinued,FALSE,0,1,1,2,1,0,0,"http://www.accessdata.fda.gov/drugsatfda_docs/appletter/2004/16860slr074,18152slr020ltr.pdf",,"http://www.accessdata.fda.gov/drugsatfda_docs/label/2004/16860slr074,18152slr020_eskalith_lbl.pdf",none (not a Type 1/1-4 original approval),,,data/raw/openfda_orig_decisions_1975_1979/decisions_1979.json,https://www.accessdata.fda.gov/scripts/cder/daf/index.cfm?event=overview.process&varApplNo=017971,https://api.fda.gov/drug/drugsfda.json?search=application_number:%22NDA017971%22,data/raw/drugsatfda_data_files_2026_09/Submissions_1965_1979.txt,6828,eb7003d97b6b24023b5fde542a5ba7ca4292259d9f323a1530d387a6e0091311,Verified (verbatim Drugs@FDA submission row; line number cited),"v23 2026-09-20: row read verbatim from the committed official Drugs@FDA Submissions extract (1965-1979 window) at the cited line number; the file re-hashes to the runner manifest SHA-256. Application type, holder and product facts come from the committed Drugs@FDA Applications/Products extracts. Holder is the CURRENT Drugs@FDA applicant of record, never asserted as the 1977-1979 applicant; no indication is recorded because the official extract publishes none. Supplement counts are approval actions (status AP) inside the committed 1965-1979 window only and understate lifetime post-approval activity."
PRE1980ACT-1977-049,1977,017972,NDA017972,TRACKED_NDA_ORIGINAL,1977-12-16,ORIG,1,AP,15,TYPE 5,Type 5 - New Formulation or New Manufacturer,STANDARD,FALSE,SUN PHARM INDS INC,OSTEOLITE,TECHNETIUM TC-99M MEDRONATE KIT,N/A,INJECTABLE;INJECTION,1,Discontinued,FALSE,0,3,0,3,2,0,0,"https://www.accessdata.fda.gov/drugsatfda_docs/appletter/2025/017972Orig1s017,018124Orig1s032,019039Orig1s022ltr.pdf",,"http://www.accessdata.fda.gov/drugsatfda_docs/label/2025/017972s017,018124s032,019039s022lbl.pdf",none (not a Type 1/1-4 original approval),,,data/raw/openfda_orig_decisions_1975_1979/decisions_1977.json,https://www.accessdata.fda.gov/scripts/cder/daf/index.cfm?event=overview.process&varApplNo=017972,https://api.fda.gov/drug/drugsfda.json?search=application_number:%22NDA017972%22,data/raw/drugsatfda_data_files_2026_09/Submissions_1965_1979.txt,6829,eb7003d97b6b24023b5fde542a5ba7ca4292259d9f323a1530d387a6e0091311,Verified (verbatim Drugs@FDA submission row; line number cited),"v23 2026-09-20: row read verbatim from the committed official Drugs@FDA Submissions extract (1965-1979 window) at the cited line number; the file re-hashes to the runner manifest SHA-256. Application type, holder and product facts come from the committed Drugs@FDA Applications/Products extracts. Holder is the CURRENT Drugs@FDA applicant of record, never asserted as the 1977-1979 applicant; no indication is recorded because the official extract publishes none. Supplement counts are approval actions (status AP) inside the committed 1965-1979 window only and understate lifetime post-approval activity."
PRE1980ACT-1977-050,1977,017974,,KIND_UNRESOLVED,1977-08-26,ORIG,1,AP,,,,,FALSE,,,,,,0,,FALSE,0,0,0,0,0,0,0,,,,,,FULldb-1977-UNRES20,,https://www.accessdata.fda.gov/scripts/cder/daf/index.cfm?event=overview.process&varApplNo=017974,,data/raw/drugsatfda_data_files_2026_09/Submissions_1965_1979.txt,6833,eb7003d97b6b24023b5fde542a5ba7ca4292259d9f323a1530d387a6e0091311,"Verified row, application type not published (KIND_UNRESOLVED) - review candidate only","v23 2026-09-20: row read verbatim from the committed official Drugs@FDA Submissions extract (1965-1979 window) at the cited line number; the file re-hashes to the runner manifest SHA-256. ApplNo is absent from the unfiltered Applications table, so no NDA/ANDA/BLA type can be asserted; the openFDA payloads do not carry it either. This is a review candidate, never an approval row in the NME decision table. Cross-check record FULldb-1977-UNRES20."
PRE1980ACT-1978-041,1978,017979,NDA017979,TRACKED_NDA_ORIGINAL,1978-12-21,ORIG,1,AP,15,TYPE 5,Type 5 - New Formulation or New Manufacturer,STANDARD,FALSE,ABRAXIS PHARM,HEPARIN SODIUM,HEPARIN SODIUM,"1,000 UNITS/ML",INJECTABLE;INJECTION,3,Discontinued,FALSE,0,7,0,0,0,0,0,,,,none (not a Type 1/1-4 original approval),,,data/raw/openfda_orig_decisions_1975_1979/decisions_1978.json,https://www.accessdata.fda.gov/scripts/cder/daf/index.cfm?event=overview.process&varApplNo=017979,https://api.fda.gov/drug/drugsfda.json?search=application_number:%22NDA017979%22,data/raw/drugsatfda_data_files_2026_09/Submissions_1965_1979.txt,6841,eb7003d97b6b24023b5fde542a5ba7ca4292259d9f323a1530d387a6e0091311,Verified (verbatim Drugs@FDA submission row; line number cited),"v23 2026-09-20: row read verbatim from the committed official Drugs@FDA Submissions extract (1965-1979 window) at the cited line number; the file re-hashes to the runner manifest SHA-256. Application type, holder and product facts come from the committed Drugs@FDA Applications/Products extracts. Holder is the CURRENT Drugs@FDA applicant of record, never asserted as the 1977-1979 applicant; no indication is recorded because the official extract publishes none. Supplement counts are approval actions (status AP) inside the committed 1965-1979 window only and understate lifetime post-approval activity."
PRE1980ACT-1978-042,1978,017982,NDA017982,TRACKED_NDA_ORIGINAL,1978-08-23,ORIG,1,AP,7,TYPE 1,Type 1 - New Molecular Entity,PRIORITY,TRUE,GE HEALTHCARE,AMIPAQUE,METRIZAMIDE,3.75GM/VIAL,INJECTABLE;INJECTION,4,Discontinued,FALSE,0,0,0,0,0,0,0,,,,PRE1980-1978-14,PRE1980-1978-14,,data/raw/openfda_orig_decisions_1975_1979/decisions_1978.json,https://www.accessdata.fda.gov/scripts/cder/daf/index.cfm?event=overview.process&varApplNo=017982,https://api.fda.gov/drug/drugsfda.json?search=application_number:%22NDA017982%22,data/raw/drugsatfda_data_files_2026_09/Submissions_1965_1979.txt,6842,eb7003d97b6b24023b5fde542a5ba7ca4292259d9f323a1530d387a6e0091311,Verified (verbatim Drugs@FDA submission row; line number cited),"v23 2026-09-20: row read verbatim from the committed official Drugs@FDA Submissions extract (1965-1979 window) at the cited line number; the file re-hashes to the runner manifest SHA-256. Application type, holder and product facts come from the committed Drugs@FDA Applications/Products extracts. Holder is the CURRENT Drugs@FDA applicant of record, never asserted as the 1977-1979 applicant; no indication is recorded because the official extract publishes none. Supplement counts are approval actions (status AP) inside the committed 1965-1979 window only and understate lifetime post-approval activity."
PRE1980ACT-1979-018,1979,017984,,KIND_UNRESOLVED,1979-08-08,ORIG,1,AP,,,,,FALSE,,,,,,0,,FALSE,0,0,0,0,0,0,0,,,,,,FULldb-1979-UNRES11,,https://www.accessdata.fda.gov/scripts/cder/daf/index.cfm?event=overview.process&varApplNo=017984,,data/raw/drugsatfda_data_files_2026_09/Submissions_1965_1979.txt,6843,eb7003d97b6b24023b5fde542a5ba7ca4292259d9f323a1530d387a6e0091311,"Verified row, application type not published (KIND_UNRESOLVED) - review candidate only","v23 2026-09-20: row read verbatim from the committed official Drugs@FDA Submissions extract (1965-1979 window) at the cited line number; the file re-hashes to the runner manifest SHA-256. ApplNo is absent from the unfiltered Applications table, so no NDA/ANDA/BLA type can be asserted; the openFDA payloads do not carry it either. This is a review candidate, never an approval row in the NME decision table. Cross-check record FULldb-1979-UNRES11."
PRE1980ACT-1979-019,1979,017989,NDA017989,TRACKED_NDA_ORIGINAL,1979-01-09,ORIG,1,AP,7,TYPE 1,Type 1 - New Molecular Entity,STANDARD,TRUE,PFIZER,HEMABATE,CARBOPROST TROMETHAMINE,EQ 0.25MG BASE/ML,INJECTABLE;INJECTION,1,Prescription,FALSE,0,0,0,2,1,0,0,http://www.accessdata.fda.gov/drugsatfda_docs/appletter/2013/017989Orig1s019ltr.pdf,,http://www.accessdata.fda.gov/drugsatfda_docs/label/2013/017989s019lbl.pdf,PRE1980-1979-01,PRE1980-1979-01,,data/raw/openfda_orig_decisions_1975_1979/decisions_1979.json,https://www.accessdata.fda.gov/scripts/cder/daf/index.cfm?event=overview.process&varApplNo=017989,https://api.fda.gov/drug/drugsfda.json?search=application_number:%22NDA017989%22,data/raw/drugsatfda_data_files_2026_09/Submissions_1965_1979.txt,6844,eb7003d97b6b24023b5fde542a5ba7ca4292259d9f323a1530d387a6e0091311,Verified (verbatim Drugs@FDA submission row; line number cited),"v23 2026-09-20: row read verbatim from the committed official Drugs@FDA Submissions extract (1965-1979 window) at the cited line number; the file re-hashes to the runner manifest SHA-256. Application type, holder and product facts come from the committed Drugs@FDA Applications/Products extracts. Holder is the CURRENT Drugs@FDA applicant of record, never asserted as the 1977-1979 applicant; no indication is recorded because the official extract publishes none. Supplement counts are approval actions (status AP) inside the committed 1965-1979 window only and understate lifetime post-approval activity."
PRE1980ACT-1977-051,1977,017993,NDA017993,TRACKED_NDA_ORIGINAL,1977-12-30,ORIG,1,AP,12,TYPE 3,Type 3 - New Dosage Form,STANDARD,FALSE,NOVARTIS,HYDERGINE,ERGOLOID MESYLATES,1MG **Federal Register determination that product was not discontinued or withdrawn for safety or effectiveness reasons**,TABLET;ORAL,2,Discontinued,TRUE,2,4,0,0,0,0,0,,,,none (not a Type 1/1-4 original approval),,,data/raw/openfda_orig_decisions_1975_1979/decisions_1977.json,https://www.accessdata.fda.gov/scripts/cder/daf/index.cfm?event=overview.process&varApplNo=017993,https://api.fda.gov/drug/drugsfda.json?search=application_number:%22NDA017993%22,data/raw/drugsatfda_data_files_2026_09/Submissions_1965_1979.txt,6849,eb7003d97b6b24023b5fde542a5ba7ca4292259d9f323a1530d387a6e0091311,Verified (verbatim Drugs@FDA submission row; line number cited),"v23 2026-09-20: row read verbatim from the committed official Drugs@FDA Submissions extract (1965-1979 window) at the cited line number; the file re-hashes to the runner manifest SHA-256. Application type, holder and product facts come from the committed Drugs@FDA Applications/Products extracts. Holder is the CURRENT Drugs@FDA applicant of record, never asserted as the 1977-1979 applicant; no indication is recorded because the official extract publishes none. Supplement counts are approval actions (status AP) inside the committed 1965-1979 window only and understate lifetime post-approval activity."
PRE1980ACT-1978-043,1978,017994,NDA017994,TRACKED_NDA_ORIGINAL,1978-03-01,ORIG,1,AP,12,TYPE 3,Type 3 - New Dosage Form,STANDARD,FALSE,PFIZER,PSORCON E,DIFLORASONE DIACETATE,0.05%,OINTMENT;TOPICAL,1,Discontinued,FALSE,0,7,1,4,2,0,0,http://www.accessdata.fda.gov/drugsatfda_docs/appletter/2003/17994slr022ltr.pdf,,http://www.accessdata.fda.gov/drugsatfda_docs/label/2003/17994slr022_psorcon_lbl.pdf,none (not a Type 1/1-4 original approval),,,data/raw/openfda_orig_decisions_1975_1979/decisions_1978.json,https://www.accessdata.fda.gov/scripts/cder/daf/index.cfm?event=overview.process&varApplNo=017994,https://api.fda.gov/drug/drugsfda.json?search=application_number:%22NDA017994%22,data/raw/drugsatfda_data_files_2026_09/Submissions_1965_1979.txt,6857,eb7003d97b6b24023b5fde542a5ba7ca4292259d9f323a1530d387a6e0091311,Verified (verbatim Drugs@FDA submission row; line number cited),"v23 2026-09-20: row read verbatim from the committed official Drugs@FDA Submissions extract (1965-1979 window) at the cited line number; the file re-hashes to the runner manifest SHA-256. Application type, holder and product facts come from the committed Drugs@FDA Applications/Products extracts. Holder is the CURRENT Drugs@FDA applicant of record, never asserted as the 1977-1979 applicant; no indication is recorded because the official extract publishes none. Supplement counts are approval actions (status AP) inside the committed 1965-1979 window only and understate lifetime post-approval activity."
PRE1980ACT-1978-044,1978,017995,NDA017995,TRACKED_NDA_ORIGINAL,1978-04-24,ORIG,1,AP,15,TYPE 5,Type 5 - New Formulation or New Manufacturer,STANDARD,FALSE,B BRAUN,DEXTROSE 60% IN PLASTIC CONTAINER,DEXTROSE,60GM/100ML,INJECTABLE;INJECTION,2,Discontinued,FALSE,0,0,0,0,0,0,0,,,,none (not a Type 1/1-4 original approval),,,data/raw/openfda_orig_decisions_1975_1979/decisions_1978.json,https://www.accessdata.fda.gov/scripts/cder/daf/index.cfm?event=overview.process&varApplNo=017995,https://api.fda.gov/drug/drugsfda.json?search=application_number:%22NDA017995%22,data/raw/drugsatfda_data_files_2026_09/Submissions_1965_1979.txt,6858,eb7003d97b6b24023b5fde542a5ba7ca4292259d9f323a1530d387a6e0091311,Verified (verbatim Drugs@FDA submission row; line number cited),"v23 2026-09-20: row read verbatim from the committed official Drugs@FDA Submissions extract (1965-1979 window) at the cited line number; the file re-hashes to the runner manifest SHA-256. Application type, holder and product facts come from the committed Drugs@FDA Applications/Products extracts. Holder is the CURRENT Drugs@FDA applicant of record, never asserted as the 1977-1979 applicant; no indication is recorded because the official extract publishes none. Supplement counts are approval actions (status AP) inside the committed 1965-1979 window only and understate lifetime post-approval activity."
PRE1980ACT-1978-045,1978,018001,,KIND_UNRESOLVED,1978-01-11,ORIG,1,AP,,,,,FALSE,,,,,,0,,FALSE,0,1,1,0,0,0,0,,,,,,FULldb-1978-UNRES02,,https://www.accessdata.fda.gov/scripts/cder/daf/index.cfm?event=overview.process&varApplNo=018001,,data/raw/drugsatfda_data_files_2026_09/Submissions_1965_1979.txt,6860,eb7003d97b6b24023b5fde542a5ba7ca4292259d9f323a1530d387a6e0091311,"Verified row, application type not published (KIND_UNRESOLVED) - review candidate only","v23 2026-09-20: row read verbatim from the committed official Drugs@FDA Submissions extract (1965-1979 window) at the cited line number; the file re-hashes to the runner manifest SHA-256. ApplNo is absent from the unfiltered Applications table, so no NDA/ANDA/BLA type can be asserted; the openFDA payloads do not carry it either. This is a review candidate, never an approval row in the NME decision table. Cross-check record FULldb-1978-UNRES02."
PRE1980ACT-1979-020,1979,018008,NDA018008,TRACKED_NDA_ORIGINAL,1979-02-02,ORIG,1,AP,15,TYPE 5,Type 5 - New Formulation or New Manufacturer,STANDARD,FALSE,BAXTER HLTHCARE,"DEXTROSE 5%, SODIUM CHLORIDE 0.45% AND POTASSIUM CHLORIDE 20MEQ (K) IN PLASTIC CONTAINER",DEXTROSE; POTASSIUM CHLORIDE; SODIUM CHLORIDE,5GM/100ML;300MG/100ML;450MG/100ML,INJECTABLE;INJECTION,10,Prescription,FALSE,0,2,2,10,6,0,0,"http://www.accessdata.fda.gov/drugsatfda_docs/appletter/2004/18008slr063,18037slr063,19308slr020ltr.pdf",,"http://www.accessdata.fda.gov/drugsatfda_docs/label/2005/013684s092,016677s139,et al_lbl.pdf",none (not a Type 1/1-4 original approval),,,data/raw/openfda_orig_decisions_1975_1979/decisions_1979.json,https://www.accessdata.fda.gov/scripts/cder/daf/index.cfm?event=overview.process&varApplNo=018008,https://api.fda.gov/drug/drugsfda.json?search=application_number:%22NDA018008%22,data/raw/drugsatfda_data_files_2026_09/Submissions_1965_1979.txt,6863,eb7003d97b6b24023b5fde542a5ba7ca4292259d9f323a1530d387a6e0091311,Verified (verbatim Drugs@FDA submission row; line number cited),"v23 2026-09-20: row read verbatim from the committed official Drugs@FDA Submissions extract (1965-1979 window) at the cited line number; the file re-hashes to the runner manifest SHA-256. Application type, holder and product facts come from the committed Drugs@FDA Applications/Products extracts. Holder is the CURRENT Drugs@FDA applicant of record, never asserted as the 1977-1979 applicant; no indication is recorded because the official extract publishes none. Supplement counts are approval actions (status AP) inside the committed 1965-1979 window only and understate lifetime post-approval activity."
PRE1980ACT-1977-052,1977,018012,NDA018012,TRACKED_NDA_ORIGINAL,1977-08-01,ORIG,1,AP,15,TYPE 5,Type 5 - New Formulation or New Manufacturer,STANDARD,FALSE,SPECGX LLC,PAMELOR,NORTRIPTYLINE HYDROCHLORIDE,EQ 10MG BASE/5ML,SOLUTION;ORAL,1,Discontinued,FALSE,0,2,0,14,5,1,0,"http://www.accessdata.fda.gov/drugsatfda_docs/appletter/2005/18012s026,18013s056ltr.pdf",,"http://www.accessdata.fda.gov/drugsatfda_docs/label/2005/18012s026,18013s056lbl.pdf",none (not a Type 1/1-4 original approval),,,data/raw/openfda_orig_decisions_1975_1979/decisions_1977.json,https://www.accessdata.fda.gov/scripts/cder/daf/index.cfm?event=overview.process&varApplNo=018012,https://api.fda.gov/drug/drugsfda.json?search=application_number:%22NDA018012%22,data/raw/drugsatfda_data_files_2026_09/Submissions_1965_1979.txt,6866,eb7003d97b6b24023b5fde542a5ba7ca4292259d9f323a1530d387a6e0091311,Verified (verbatim Drugs@FDA submission row; line number cited),"v23 2026-09-20: row read verbatim from the committed official Drugs@FDA Submissions extract (1965-1979 window) at the cited line number; the file re-hashes to the runner manifest SHA-256. Application type, holder and product facts come from the committed Drugs@FDA Applications/Products extracts. Holder is the CURRENT Drugs@FDA applicant of record, never asserted as the 1977-1979 applicant; no indication is recorded because the official extract publishes none. Supplement counts are approval actions (status AP) inside the committed 1965-1979 window only and understate lifetime post-approval activity."
PRE1980ACT-1977-053,1977,018013,NDA018013,TRACKED_NDA_ORIGINAL,1977-08-01,ORIG,1,AP,15,TYPE 5,Type 5 - New Formulation or New Manufacturer,STANDARD,FALSE,SPECGX LLC,PAMELOR,NORTRIPTYLINE HYDROCHLORIDE,EQ 10MG BASE,CAPSULE;ORAL,4,Discontinued,FALSE,0,4,0,15,6,1,0,"http://www.accessdata.fda.gov/drugsatfda_docs/appletter/2007/017090s74,18012s27,18013s58,19906s34ltr.pdf",,"http://www.accessdata.fda.gov/drugsatfda_docs/label/2005/18012s026,18013s056lbl.pdf",none (not a Type 1/1-4 original approval),,,data/raw/openfda_orig_decisions_1975_1979/decisions_1977.json,https://www.accessdata.fda.gov/scripts/cder/daf/index.cfm?event=overview.process&varApplNo=018013,https://api.fda.gov/drug/drugsfda.json?search=application_number:%22NDA018013%22,data/raw/drugsatfda_data_files_2026_09/Submissions_1965_1979.txt,6871,eb7003d97b6b24023b5fde542a5ba7ca4292259d9f323a1530d387a6e0091311,Verified (verbatim Drugs@FDA submission row; line number cited),"v23 2026-09-20: row read verbatim from the committed official Drugs@FDA Submissions extract (1965-1979 window) at the cited line number; the file re-hashes to the runner manifest SHA-256. Application type, holder and product facts come from the committed Drugs@FDA Applications/Products extracts. Holder is the CURRENT Drugs@FDA applicant of record, never asserted as the 1977-1979 applicant; no indication is recorded because the official extract publishes none. Supplement counts are approval actions (status AP) inside the committed 1965-1979 window only and understate lifetime post-approval activity."
PRE1980ACT-1979-021,1979,018016,NDA018016,TRACKED_NDA_ORIGINAL,1979-02-02,ORIG,1,AP,15,TYPE 5,Type 5 - New Formulation or New Manufacturer,STANDARD,FALSE,BAXTER HLTHCARE,SODIUM CHLORIDE 0.45% IN PLASTIC CONTAINER,SODIUM CHLORIDE,450MG/100ML,INJECTABLE;INJECTION,1,Prescription,FALSE,0,2,2,14,8,0,0,http://www.accessdata.fda.gov/drugsatfda_docs/appletter/2002/16677s124ltr.pdf,,http://www.accessdata.fda.gov/drugsatfda_docs/label/2005/018016s056lbl.pdf,none (not a Type 1/1-4 original approval),,,data/raw/openfda_orig_decisions_1975_1979/decisions_1979.json,https://www.accessdata.fda.gov/scripts/cder/daf/index.cfm?event=overview.process&varApplNo=018016,https://api.fda.gov/drug/drugsfda.json?search=application_number:%22NDA018016%22,data/raw/drugsatfda_data_files_2026_09/Submissions_1965_1979.txt,6872,eb7003d97b6b24023b5fde542a5ba7ca4292259d9f323a1530d387a6e0091311,Verified (verbatim Drugs@FDA submission row; line number cited),"v23 2026-09-20: row read verbatim from the committed official Drugs@FDA Submissions extract (1965-1979 window) at the cited line number; the file re-hashes to the runner manifest SHA-256. Application type, holder and product facts come from the committed Drugs@FDA Applications/Products extracts. Holder is the CURRENT Drugs@FDA applicant of record, never asserted as the 1977-1979 applicant; no indication is recorded because the official extract publishes none. Supplement counts are approval actions (status AP) inside the committed 1965-1979 window only and understate lifetime post-approval activity."
PRE1980ACT-1978-046,1978,018018,,KIND_UNRESOLVED,1978-06-30,ORIG,1,AP,,,,,FALSE,,,,,,0,,FALSE,0,0,0,0,0,0,0,,,,,,FULldb-1978-UNRES13,,https://www.accessdata.fda.gov/scripts/cder/daf/index.cfm?event=overview.process&varApplNo=018018,,data/raw/drugsatfda_data_files_2026_09/Submissions_1965_1979.txt,6875,eb7003d97b6b24023b5fde542a5ba7ca4292259d9f323a1530d387a6e0091311,"Verified row, application type not published (KIND_UNRESOLVED) - review candidate only","v23 2026-09-20: row read verbatim from the committed official Drugs@FDA Submissions extract (1965-1979 window) at the cited line number; the file re-hashes to the runner manifest SHA-256. ApplNo is absent from the unfiltered Applications table, so no NDA/ANDA/BLA type can be asserted; the openFDA payloads do not carry it either. This is a review candidate, never an approval row in the NME decision table. Cross-check record FULldb-1978-UNRES13."
PRE1980ACT-1978-047,1978,018020,,KIND_UNRESOLVED,1978-11-21,ORIG,1,AP,,,,,FALSE,,,,,,0,,FALSE,0,0,0,0,0,0,0,,,,,,FULldb-1978-UNRES23,,https://www.accessdata.fda.gov/scripts/cder/daf/index.cfm?event=overview.process&varApplNo=018020,,data/raw/drugsatfda_data_files_2026_09/Submissions_1965_1979.txt,6876,eb7003d97b6b24023b5fde542a5ba7ca4292259d9f323a1530d387a6e0091311,"Verified row, application type not published (KIND_UNRESOLVED) - review candidate only","v23 2026-09-20: row read verbatim from the committed official Drugs@FDA Submissions extract (1965-1979 window) at the cited line number; the file re-hashes to the runner manifest SHA-256. ApplNo is absent from the unfiltered Applications table, so no NDA/ANDA/BLA type can be asserted; the openFDA payloads do not carry it either. This is a review candidate, never an approval row in the NME decision table. Cross-check record FULldb-1978-UNRES23."
PRE1980ACT-1978-048,1978,018023,NDA018023,TRACKED_NDA_ORIGINAL,1978-02-21,ORIG,1,AP,,CLASS_ID_BLANK_NOT_IN_LOOKUP,,,FALSE,B BRAUN,LACTATED RINGER'S IN PLASTIC CONTAINER,CALCIUM CHLORIDE; POTASSIUM CHLORIDE; SODIUM CHLORIDE; SODIUM LACTATE,20MG/100ML;30MG/100ML;600MG/100ML;310MG/100ML,INJECTABLE;INJECTION,1,Discontinued,FALSE,0,8,3,0,0,0,0,,,,none (not a Type 1/1-4 original approval),,,data/raw/openfda_orig_decisions_1975_1979/decisions_1978.json,https://www.accessdata.fda.gov/scripts/cder/daf/index.cfm?event=overview.process&varApplNo=018023,https://api.fda.gov/drug/drugsfda.json?search=application_number:%22NDA018023%22,data/raw/drugsatfda_data_files_2026_09/Submissions_1965_1979.txt,6885,eb7003d97b6b24023b5fde542a5ba7ca4292259d9f323a1530d387a6e0091311,Verified (verbatim Drugs@FDA submission row; line number cited),"v23 2026-09-20: row read verbatim from the committed official Drugs@FDA Submissions extract (1965-1979 window) at the cited line number; the file re-hashes to the runner manifest SHA-256. Application type, holder and product facts come from the committed Drugs@FDA Applications/Products extracts. Holder is the CURRENT Drugs@FDA applicant of record, never asserted as the 1977-1979 applicant; no indication is recorded because the official extract publishes none. Supplement counts are approval actions (status AP) inside the committed 1965-1979 window only and understate lifetime post-approval activity."
PRE1980ACT-1979-022,1979,018024,NDA018024,TRACKED_NDA_ORIGINAL,1979-05-15,ORIG,1,AP,7,TYPE 1,Type 1 - New Molecular Entity,STANDARD,TRUE,PH HEALTH,NUBAIN,NALBUPHINE HYDROCHLORIDE,10MG/ML (10MG/ML) **Federal Register determination that product was not discontinued or withdrawn for safety or effectiveness reasons**,"SOLUTION;INTRAMUSCULAR, INTRAVENOUS, SUBCUTANEOUS",5,Discontinued,TRUE,5,1,1,13,6,2,0,http://www.accessdata.fda.gov/drugsatfda_docs/appletter/2003/18024slr036ltr.pdf,,http://www.accessdata.fda.gov/drugsatfda_docs/label/2005/018024s040lbl.pdf,PRE1980-1979-04,PRE1980-1979-04,,data/raw/openfda_orig_decisions_1975_1979/decisions_1979.json,https://www.accessdata.fda.gov/scripts/cder/daf/index.cfm?event=overview.process&varApplNo=018024,https://api.fda.gov/drug/drugsfda.json?search=application_number:%22NDA018024%22,data/raw/drugsatfda_data_files_2026_09/Submissions_1965_1979.txt,6887,eb7003d97b6b24023b5fde542a5ba7ca4292259d9f323a1530d387a6e0091311,Verified (verbatim Drugs@FDA submission row; line number cited),"v23 2026-09-20: row read verbatim from the committed official Drugs@FDA Submissions extract (1965-1979 window) at the cited line number; the file re-hashes to the runner manifest SHA-256. Application type, holder and product facts come from the committed Drugs@FDA Applications/Products extracts. Holder is the CURRENT Drugs@FDA applicant of record, never asserted as the 1977-1979 applicant; no indication is recorded because the official extract publishes none. Supplement counts are approval actions (status AP) inside the committed 1965-1979 window only and understate lifetime post-approval activity."
PRE1980ACT-1979-023,1979,018025,NDA018025,TRACKED_NDA_ORIGINAL,1979-01-10,ORIG,1,AP,,CLASS_ID_BLANK_NOT_IN_LOOKUP,,,FALSE,INTL MEDICATION,FUROSEMIDE,FUROSEMIDE,10MG/ML,INJECTABLE;INJECTION,1,Discontinued,FALSE,0,0,0,0,0,0,0,,,,none (not a Type 1/1-4 original approval),,,data/raw/openfda_orig_decisions_1975_1979/decisions_1979.json,https://www.accessdata.fda.gov/scripts/cder/daf/index.cfm?event=overview.process&varApplNo=018025,https://api.fda.gov/drug/drugsfda.json?search=application_number:%22NDA018025%22,data/raw/drugsatfda_data_files_2026_09/Submissions_1965_1979.txt,6888,eb7003d97b6b24023b5fde542a5ba7ca4292259d9f323a1530d387a6e0091311,Verified (verbatim Drugs@FDA submission row; line number cited),"v23 2026-09-20: row read verbatim from the committed official Drugs@FDA Submissions extract (1965-1979 window) at the cited line number; the file re-hashes to the runner manifest SHA-256. Application type, holder and product facts come from the committed Drugs@FDA Applications/Products extracts. Holder is the CURRENT Drugs@FDA applicant of record, never asserted as the 1977-1979 applicant; no indication is recorded because the official extract publishes none. Supplement counts are approval actions (status AP) inside the committed 1965-1979 window only and understate lifetime post-approval activity."
PRE1980ACT-1978-049,1978,018026,NDA018026,TRACKED_NDA_ORIGINAL,1978-02-08,ORIG,1,AP,,CLASS_ID_BLANK_NOT_IN_LOOKUP,,,FALSE,B BRAUN,DEXTROSE 5% AND SODIUM CHLORIDE 0.9% IN PLASTIC CONTAINER,DEXTROSE; SODIUM CHLORIDE,5GM/100ML;900MG/100ML,INJECTABLE;INJECTION,1,Discontinued,FALSE,0,7,4,0,0,0,0,,,,none (not a Type 1/1-4 original approval),,,data/raw/openfda_orig_decisions_1975_1979/decisions_1978.json,https://www.accessdata.fda.gov/scripts/cder/daf/index.cfm?event=overview.process&varApplNo=018026,https://api.fda.gov/drug/drugsfda.json?search=application_number:%22NDA018026%22,data/raw/drugsatfda_data_files_2026_09/Submissions_1965_1979.txt,6896,eb7003d97b6b24023b5fde542a5ba7ca4292259d9f323a1530d387a6e0091311,Verified (verbatim Drugs@FDA submission row; line number cited),"v23 2026-09-20: row read verbatim from the committed official Drugs@FDA Submissions extract (1965-1979 window) at the cited line number; the file re-hashes to the runner manifest SHA-256. Application type, holder and product facts come from the committed Drugs@FDA Applications/Products extracts. Holder is the CURRENT Drugs@FDA applicant of record, never asserted as the 1977-1979 applicant; no indication is recorded because the official extract publishes none. Supplement counts are approval actions (status AP) inside the committed 1965-1979 window only and understate lifetime post-approval activity."
PRE1980ACT-1979-024,1979,018027,NDA018027,TRACKED_NDA_ORIGINAL,1979-04-27,ORIG,1,AP,15,TYPE 5,Type 5 - New Formulation or New Manufacturer,STANDARD,FALSE,ANI PHARMS,LITHOBID,LITHIUM CARBONATE,300MG,"TABLET, EXTENDED RELEASE;ORAL",1,Prescription,FALSE,0,4,4,21,11,1,0,"http://www.accessdata.fda.gov/drugsatfda_docs/appletter/2002/18027slr040,046,049ltr.pdf",,http://www.accessdata.fda.gov/drugsatfda_docs/label/2002/18027s40s46s49lbl.pdf,none (not a Type 1/1-4 original approval),,,data/raw/openfda_orig_decisions_1975_1979/decisions_1979.json,https://www.accessdata.fda.gov/scripts/cder/daf/index.cfm?event=overview.process&varApplNo=018027,https://api.fda.gov/drug/drugsfda.json?search=application_number:%22NDA018027%22,data/raw/drugsatfda_data_files_2026_09/Submissions_1965_1979.txt,6901,eb7003d97b6b24023b5fde542a5ba7ca4292259d9f323a1530d387a6e0091311,Verified (verbatim Drugs@FDA submission row; line number cited),"v23 2026-09-20: row read verbatim from the committed official Drugs@FDA Submissions extract (1965-1979 window) at the cited line number; the file re-hashes to the runner manifest SHA-256. Application type, holder and product facts come from the committed Drugs@FDA Applications/Products extracts. Holder is the CURRENT Drugs@FDA applicant of record, never asserted as the 1977-1979 applicant; no indication is recorded because the official extract publishes none. Supplement counts are approval actions (status AP) inside the committed 1965-1979 window only and understate lifetime post-approval activity."
PRE1980ACT-1978-050,1978,018030,NDA018030,TRACKED_NDA_ORIGINAL,1978-02-24,ORIG,1,AP,15,TYPE 5,Type 5 - New Formulation or New Manufacturer,STANDARD,FALSE,B BRAUN,DEXTROSE 2.5% AND SODIUM CHLORIDE 0.45% IN PLASTIC CONTAINER,DEXTROSE; SODIUM CHLORIDE,2.5GM/100ML;450MG/100ML,INJECTABLE;INJECTION,5,Discontinued,FALSE,0,7,4,0,0,0,0,,,,none (not a Type 1/1-4 original approval),,,data/raw/openfda_orig_decisions_1975_1979/decisions_1978.json,https://www.accessdata.fda.gov/scripts/cder/daf/index.cfm?event=overview.process&varApplNo=018030,https://api.fda.gov/drug/drugsfda.json?search=application_number:%22NDA018030%22,data/raw/drugsatfda_data_files_2026_09/Submissions_1965_1979.txt,6909,eb7003d97b6b24023b5fde542a5ba7ca4292259d9f323a1530d387a6e0091311,Verified (verbatim Drugs@FDA submission row; line number cited),"v23 2026-09-20: row read verbatim from the committed official Drugs@FDA Submissions extract (1965-1979 window) at the cited line number; the file re-hashes to the runner manifest SHA-256. Application type, holder and product facts come from the committed Drugs@FDA Applications/Products extracts. Holder is the CURRENT Drugs@FDA applicant of record, never asserted as the 1977-1979 applicant; no indication is recorded because the official extract publishes none. Supplement counts are approval actions (status AP) inside the committed 1965-1979 window only and understate lifetime post-approval activity."
PRE1980ACT-1979-025,1979,018031,NDA018031,TRACKED_NDA_ORIGINAL,1979-06-15,ORIG,1,AP,14,TYPE 4,Type 4 - New Combination,STANDARD,FALSE,WYETH PHARMS INC,INDERIDE-40/25,HYDROCHLOROTHIAZIDE; PROPRANOLOL HYDROCHLORIDE,25MG;40MG **Federal Register determination that product was not discontinued or withdrawn for safety or effectiveness reasons**,TABLET;ORAL,2,Discontinued,TRUE,2,1,1,11,7,0,0,http://www.accessdata.fda.gov/drugsatfda_docs/appletter/2004/18031slr032ltr.pdf,,http://www.accessdata.fda.gov/drugsatfda_docs/label/2008/018031s035lbl.pdf,none (not a Type 1/1-4 original approval),,,data/raw/openfda_orig_decisions_1975_1979/decisions_1979.json,https://www.accessdata.fda.gov/scripts/cder/daf/index.cfm?event=overview.process&varApplNo=018031,https://api.fda.gov/drug/drugsfda.json?search=application_number:%22NDA018031%22,data/raw/drugsatfda_data_files_2026_09/Submissions_1965_1979.txt,6911,eb7003d97b6b24023b5fde542a5ba7ca4292259d9f323a1530d387a6e0091311,Verified (verbatim Drugs@FDA submission row; line number cited),"v23 2026-09-20: row read verbatim from the committed official Drugs@FDA Submissions extract (1965-1979 window) at the cited line number; the file re-hashes to the runner manifest SHA-256. Application type, holder and product facts come from the committed Drugs@FDA Applications/Products extracts. Holder is the CURRENT Drugs@FDA applicant of record, never asserted as the 1977-1979 applicant; no indication is recorded because the official extract publishes none. Supplement counts are approval actions (status AP) inside the committed 1965-1979 window only and understate lifetime post-approval activity."
PRE1980ACT-1978-051,1978,018033,,KIND_UNRESOLVED,1978-09-26,ORIG,1,AP,,,,,FALSE,,,,,,0,,FALSE,0,0,0,0,0,0,0,,,,,,FULldb-1978-UNRES20,,https://www.accessdata.fda.gov/scripts/cder/daf/index.cfm?event=overview.process&varApplNo=018033,,data/raw/drugsatfda_data_files_2026_09/Submissions_1965_1979.txt,6912,eb7003d97b6b24023b5fde542a5ba7ca4292259d9f323a1530d387a6e0091311,"Verified row, application type not published (KIND_UNRESOLVED) - review candidate only","v23 2026-09-20: row read verbatim from the committed official Drugs@FDA Submissions extract (1965-1979 window) at the cited line number; the file re-hashes to the runner manifest SHA-256. ApplNo is absent from the unfiltered Applications table, so no NDA/ANDA/BLA type can be asserted; the openFDA payloads do not carry it either. This is a review candidate, never an approval row in the NME decision table. Cross-check record FULldb-1978-UNRES20."
PRE1980ACT-1977-054,1977,018034,,KIND_UNRESOLVED,1977-03-01,ORIG,1,AP,12,TYPE 3,Type 3 - New Dosage Form,STANDARD,FALSE,,,,,,0,,FALSE,0,0,0,0,0,0,0,,,,,,FULldb-1977-UNRES04,,https://www.accessdata.fda.gov/scripts/cder/daf/index.cfm?event=overview.process&varApplNo=018034,,data/raw/drugsatfda_data_files_2026_09/Submissions_1965_1979.txt,6913,eb7003d97b6b24023b5fde542a5ba7ca4292259d9f323a1530d387a6e0091311,"Verified row, application type not published (KIND_UNRESOLVED) - review candidate only","v23 2026-09-20: row read verbatim from the committed official Drugs@FDA Submissions extract (1965-1979 window) at the cited line number; the file re-hashes to the runner manifest SHA-256. ApplNo is absent from the unfiltered Applications table, so no NDA/ANDA/BLA type can be asserted; the openFDA payloads do not carry it either. This is a review candidate, never an approval row in the NME decision table. Cross-check record FULldb-1977-UNRES04."
PRE1980ACT-1978-052,1978,018035,NDA018035,TRACKED_NDA_ORIGINAL,1978-11-28,ORIG,1,AP,15,TYPE 5,Type 5 - New Formulation or New Manufacturer,STANDARD,FALSE,JUBILANT,DRAXIMAGE MDP-10,TECHNETIUM TC-99M MEDRONATE,N/A,INJECTABLE;INJECTION,2,Discontinued,FALSE,0,2,0,11,6,1,1,http://www.accessdata.fda.gov/drugsatfda_docs/appletter/2002/18035scm017ltr.pdf,http://www.accessdata.fda.gov/drugsatfda_docs/nda/pre96/18-035_Technescan%20MDP.pdf,http://www.accessdata.fda.gov/drugsatfda_docs/label/2011/018035s032lbl.pdf,none (not a Type 1/1-4 original approval),,,data/raw/openfda_orig_decisions_1975_1979/decisions_1978.json,https://www.accessdata.fda.gov/scripts/cder/daf/index.cfm?event=overview.process&varApplNo=018035,https://api.fda.gov/drug/drugsfda.json?search=application_number:%22NDA018035%22,data/raw/drugsatfda_data_files_2026_09/Submissions_1965_1979.txt,6916,eb7003d97b6b24023b5fde542a5ba7ca4292259d9f323a1530d387a6e0091311,Verified (verbatim Drugs@FDA submission row; line number cited),"v23 2026-09-20: row read verbatim from the committed official Drugs@FDA Submissions extract (1965-1979 window) at the cited line number; the file re-hashes to the runner manifest SHA-256. Application type, holder and product facts come from the committed Drugs@FDA Applications/Products extracts. Holder is the CURRENT Drugs@FDA applicant of record, never asserted as the 1977-1979 applicant; no indication is recorded because the official extract publishes none. Supplement counts are approval actions (status AP) inside the committed 1965-1979 window only and understate lifetime post-approval activity."
PRE1980ACT-1979-026,1979,018037,NDA018037,TRACKED_NDA_ORIGINAL,1979-02-02,ORIG,1,AP,15,TYPE 5,Type 5 - New Formulation or New Manufacturer,STANDARD,FALSE,BAXTER HLTHCARE,"DEXTROSE 5%, SODIUM CHLORIDE 0.2% AND POTASSIUM CHLORIDE 20MEQ (K)",DEXTROSE; POTASSIUM CHLORIDE; SODIUM CHLORIDE,5GM/100ML;300MG/100ML;200MG/100ML,INJECTABLE;INJECTION,9,Prescription,FALSE,0,2,2,10,6,0,0,"http://www.accessdata.fda.gov/drugsatfda_docs/appletter/2003/18008slr059,18037slr059,19308slr017ltr.pdf",,"http://www.accessdata.fda.gov/drugsatfda_docs/label/2007/018008s066,018037s066,019308s023lbl.pdf",none (not a Type 1/1-4 original approval),,,data/raw/openfda_orig_decisions_1975_1979/decisions_1979.json,https://www.accessdata.fda.gov/scripts/cder/daf/index.cfm?event=overview.process&varApplNo=018037,https://api.fda.gov/drug/drugsfda.json?search=application_number:%22NDA018037%22,data/raw/drugsatfda_data_files_2026_09/Submissions_1965_1979.txt,6917,eb7003d97b6b24023b5fde542a5ba7ca4292259d9f323a1530d387a6e0091311,Verified (verbatim Drugs@FDA submission row; line number cited),"v23 2026-09-20: row read verbatim from the committed official Drugs@FDA Submissions extract (1965-1979 window) at the cited line number; the file re-hashes to the runner manifest SHA-256. Application type, holder and product facts come from the committed Drugs@FDA Applications/Products extracts. Holder is the CURRENT Drugs@FDA applicant of record, never asserted as the 1977-1979 applicant; no indication is recorded because the official extract publishes none. Supplement counts are approval actions (status AP) inside the committed 1965-1979 window only and understate lifetime post-approval activity."
PRE1980ACT-1979-027,1979,018039,NDA018039,TRACKED_NDA_ORIGINAL,1979-10-26,ORIG,1,AP,12,TYPE 3,Type 3 - New Dosage Form,STANDARD,FALSE,ACTAVIS LABS UT INC,LOXITANE IM,LOXAPINE HYDROCHLORIDE,EQ 50MG BASE/ML,INJECTABLE;INJECTION,1,Discontinued,FALSE,0,0,0,2,1,0,0,"http://www.accessdata.fda.gov/drugsatfda_docs/appletter/2017/017658Orig1s038,018039Orig1s024,017525Orig1s051ltr.pdf",,"http://www.accessdata.fda.gov/drugsatfda_docs/label/2017/017525s051,017658s038,018039s024lbl.pdf",none (not a Type 1/1-4 original approval),,,data/raw/openfda_orig_decisions_1975_1979/decisions_1979.json,https://www.accessdata.fda.gov/scripts/cder/daf/index.cfm?event=overview.process&varApplNo=018039,https://api.fda.gov/drug/drugsfda.json?search=application_number:%22NDA018039%22,data/raw/drugsatfda_data_files_2026_09/Submissions_1965_1979.txt,6920,eb7003d97b6b24023b5fde542a5ba7ca4292259d9f323a1530d387a6e0091311,Verified (verbatim Drugs@FDA submission row; line number cited),"v23 2026-09-20: row read verbatim from the committed official Drugs@FDA Submissions extract (1965-1979 window) at the cited line number; the file re-hashes to the runner manifest SHA-256. Application type, holder and product facts come from the committed Drugs@FDA Applications/Products extracts. Holder is the CURRENT Drugs@FDA applicant of record, never asserted as the 1977-1979 applicant; no indication is recorded because the official extract publishes none. Supplement counts are approval actions (status AP) inside the committed 1965-1979 window only and understate lifetime post-approval activity."
PRE1980ACT-1978-053,1978,018040,NDA018040,TRACKED_NDA_ORIGINAL,1978-10-04,ORIG,1,AP,12,TYPE 3,Type 3 - New Dosage Form,PRIORITY,FALSE,JANSSEN PHARMA,MONISTAT,MICONAZOLE,10MG/ML,INJECTABLE;INJECTION,1,Discontinued,FALSE,0,2,1,0,0,0,0,,,,none (not a Type 1/1-4 original approval),,,data/raw/openfda_orig_decisions_1975_1979/decisions_1978.json,https://www.accessdata.fda.gov/scripts/cder/daf/index.cfm?event=overview.process&varApplNo=018040,https://api.fda.gov/drug/drugsfda.json?search=application_number:%22NDA018040%22,data/raw/drugsatfda_data_files_2026_09/Submissions_1965_1979.txt,6923,eb7003d97b6b24023b5fde542a5ba7ca4292259d9f323a1530d387a6e0091311,Verified (verbatim Drugs@FDA submission row; line number cited),"v23 2026-09-20: row read verbatim from the committed official Drugs@FDA Submissions extract (1965-1979 window) at the cited line number; the file re-hashes to the runner manifest SHA-256. Application type, holder and product facts come from the committed Drugs@FDA Applications/Products extracts. Holder is the CURRENT Drugs@FDA applicant of record, never asserted as the 1977-1979 applicant; no indication is recorded because the official extract publishes none. Supplement counts are approval actions (status AP) inside the committed 1965-1979 window only and understate lifetime post-approval activity."
PRE1980ACT-1978-054,1978,018044,NDA018044,TRACKED_NDA_ORIGINAL,1978-08-17,ORIG,1,AP,7,TYPE 1,Type 1 - New Molecular Entity,PRIORITY,TRUE,ESJAY PHARMA,ROCALTROL,CALCITRIOL,0.25MCG,CAPSULE;ORAL,2,Prescription,FALSE,0,2,1,7,4,3,3,"http://www.accessdata.fda.gov/drugsatfda_docs/appletter/2004/18044slr032,21068slr002ltr.pdf",http://www.accessdata.fda.gov/drugsatfda_docs/nda/pre96/018044a_s018_s019_s024.pdf,,PRE1980-1978-11,PRE1980-1978-11,,data/raw/openfda_orig_decisions_1975_1979/decisions_1978.json,https://www.accessdata.fda.gov/scripts/cder/daf/index.cfm?event=overview.process&varApplNo=018044,https://api.fda.gov/drug/drugsfda.json?search=application_number:%22NDA018044%22,data/raw/drugsatfda_data_files_2026_09/Submissions_1965_1979.txt,6926,eb7003d97b6b24023b5fde542a5ba7ca4292259d9f323a1530d387a6e0091311,Verified (verbatim Drugs@FDA submission row; line number cited),"v23 2026-09-20: row read verbatim from the committed official Drugs@FDA Submissions extract (1965-1979 window) at the cited line number; the file re-hashes to the runner manifest SHA-256. Application type, holder and product facts come from the committed Drugs@FDA Applications/Products extracts. Holder is the CURRENT Drugs@FDA applicant of record, never asserted as the 1977-1979 applicant; no indication is recorded because the official extract publishes none. Supplement counts are approval actions (status AP) inside the committed 1965-1979 window only and understate lifetime post-approval activity."
PRE1980ACT-1978-055,1978,018046,NDA018046,TRACKED_NDA_ORIGINAL,1978-02-21,ORIG,1,AP,,CLASS_ID_BLANK_NOT_IN_LOOKUP,,,FALSE,B BRAUN,DEXTROSE 10% IN PLASTIC CONTAINER,DEXTROSE,10GM/100ML,INJECTABLE;INJECTION,1,Discontinued,FALSE,0,8,3,0,0,0,0,,,,none (not a Type 1/1-4 original approval),,,data/raw/openfda_orig_decisions_1975_1979/decisions_1978.json,https://www.accessdata.fda.gov/scripts/cder/daf/index.cfm?event=overview.process&varApplNo=018046,https://api.fda.gov/drug/drugsfda.json?search=application_number:%22NDA018046%22,data/raw/drugsatfda_data_files_2026_09/Submissions_1965_1979.txt,6935,eb7003d97b6b24023b5fde542a5ba7ca4292259d9f323a1530d387a6e0091311,Verified (verbatim Drugs@FDA submission row; line number cited),"v23 2026-09-20: row read verbatim from the committed official Drugs@FDA Submissions extract (1965-1979 window) at the cited line number; the file re-hashes to the runner manifest SHA-256. Application type, holder and product facts come from the committed Drugs@FDA Applications/Products extracts. Holder is the CURRENT Drugs@FDA applicant of record, never asserted as the 1977-1979 applicant; no indication is recorded because the official extract publishes none. Supplement counts are approval actions (status AP) inside the committed 1965-1979 window only and understate lifetime post-approval activity."
PRE1980ACT-1978-056,1978,018047,NDA018047,TRACKED_NDA_ORIGINAL,1978-02-21,ORIG,1,AP,,CLASS_ID_BLANK_NOT_IN_LOOKUP,,,FALSE,B BRAUN,DEXTROSE 10% AND SODIUM CHLORIDE 0.9% IN PLASTIC CONTAINER,DEXTROSE; SODIUM CHLORIDE,10GM/100ML;900MG/100ML,INJECTABLE;INJECTION,1,Discontinued,FALSE,0,6,3,0,0,0,0,,,,none (not a Type 1/1-4 original approval),,,data/raw/openfda_orig_decisions_1975_1979/decisions_1978.json,https://www.accessdata.fda.gov/scripts/cder/daf/index.cfm?event=overview.process&varApplNo=018047,https://api.fda.gov/drug/drugsfda.json?search=application_number:%22NDA018047%22,data/raw/drugsatfda_data_files_2026_09/Submissions_1965_1979.txt,6936,eb7003d97b6b24023b5fde542a5ba7ca4292259d9f323a1530d387a6e0091311,Verified (verbatim Drugs@FDA submission row; line number cited),"v23 2026-09-20: row read verbatim from the committed official Drugs@FDA Submissions extract (1965-1979 window) at the cited line number; the file re-hashes to the runner manifest SHA-256. Application type, holder and product facts come from the committed Drugs@FDA Applications/Products extracts. Holder is the CURRENT Drugs@FDA applicant of record, never asserted as the 1977-1979 applicant; no indication is recorded because the official extract publishes none. Supplement counts are approval actions (status AP) inside the committed 1965-1979 window only and understate lifetime post-approval activity."
PRE1980ACT-1978-057,1978,018049,,KIND_UNRESOLVED,1978-12-18,ORIG,1,AP,12,TYPE 3,Type 3 - New Dosage Form,STANDARD,FALSE,,,,,,0,,FALSE,0,2,0,0,0,0,0,,,,,,FULldb-1978-UNRES26,,https://www.accessdata.fda.gov/scripts/cder/daf/index.cfm?event=overview.process&varApplNo=018049,,data/raw/drugsatfda_data_files_2026_09/Submissions_1965_1979.txt,6945,eb7003d97b6b24023b5fde542a5ba7ca4292259d9f323a1530d387a6e0091311,"Verified row, application type not published (KIND_UNRESOLVED) - review candidate only","v23 2026-09-20: row read verbatim from the committed official Drugs@FDA Submissions extract (1965-1979 window) at the cited line number; the file re-hashes to the runner manifest SHA-256. ApplNo is absent from the unfiltered Applications table, so no NDA/ANDA/BLA type can be asserted; the openFDA payloads do not carry it either. This is a review candidate, never an approval row in the NME decision table. Cross-check record FULldb-1978-UNRES26."
PRE1980ACT-1978-058,1978,018052,NDA018052,TRACKED_NDA_ORIGINAL,1978-11-08,ORIG,1,AP,12,TYPE 3,Type 3 - New Dosage Form,STANDARD,FALSE,BAYER HEALTHCARE LLC,GYNE-LOTRIMIN,CLOTRIMAZOLE,1% **Federal Register determination that product was not discontinued or withdrawn for safety or effectiveness reasons**,CREAM;VAGINAL,1,Discontinued,TRUE,1,1,0,2,1,0,0,http://www.accessdata.fda.gov/drugsatfda_docs/appletter/2010/018052s032ltr.pdf,,http://www.accessdata.fda.gov/drugsatfda_docs/label/2010/018052Orig1s032lbl.pdf,none (not a Type 1/1-4 original approval),,,data/raw/openfda_orig_decisions_1975_1979/decisions_1978.json,https://www.accessdata.fda.gov/scripts/cder/daf/index.cfm?event=overview.process&varApplNo=018052,https://api.fda.gov/drug/drugsfda.json?search=application_number:%22NDA018052%22,data/raw/drugsatfda_data_files_2026_09/Submissions_1965_1979.txt,6947,eb7003d97b6b24023b5fde542a5ba7ca4292259d9f323a1530d387a6e0091311,Verified (verbatim Drugs@FDA submission row; line number cited),"v23 2026-09-20: row read verbatim from the committed official Drugs@FDA Submissions extract (1965-1979 window) at the cited line number; the file re-hashes to the runner manifest SHA-256. Application type, holder and product facts come from the committed Drugs@FDA Applications/Products extracts. Holder is the CURRENT Drugs@FDA applicant of record, never asserted as the 1977-1979 applicant; no indication is recorded because the official extract publishes none. Supplement counts are approval actions (status AP) inside the committed 1965-1979 window only and understate lifetime post-approval activity."
PRE1980ACT-1978-059,1978,018053,NDA018053,TRACKED_NDA_ORIGINAL,1978-04-17,ORIG,1,AP,,CLASS_ID_BLANK_NOT_IN_LOOKUP,,,FALSE,HOSPIRA,BUPIVACAINE HYDROCHLORIDE,BUPIVACAINE HYDROCHLORIDE,0.5%,INJECTABLE;INJECTION,3,Discontinued,FALSE,0,0,0,6,3,0,0,http://www.accessdata.fda.gov/drugsatfda_docs/appletter/2015/018053Orig1s055ltr.pdf,,http://www.accessdata.fda.gov/drugsatfda_docs/label/2015/018053s055lbl.pdf,none (not a Type 1/1-4 original approval),,,data/raw/openfda_orig_decisions_1975_1979/decisions_1978.json,https://www.accessdata.fda.gov/scripts/cder/daf/index.cfm?event=overview.process&varApplNo=018053,https://api.fda.gov/drug/drugsfda.json?search=application_number:%22NDA018053%22,data/raw/drugsatfda_data_files_2026_09/Submissions_1965_1979.txt,6948,eb7003d97b6b24023b5fde542a5ba7ca4292259d9f323a1530d387a6e0091311,Verified (verbatim Drugs@FDA submission row; line number cited),"v23 2026-09-20: row read verbatim from the committed official Drugs@FDA Submissions extract (1965-1979 window) at the cited line number; the file re-hashes to the runner manifest SHA-256. Application type, holder and product facts come from the committed Drugs@FDA Applications/Products extracts. Holder is the CURRENT Drugs@FDA applicant of record, never asserted as the 1977-1979 applicant; no indication is recorded because the official extract publishes none. Supplement counts are approval actions (status AP) inside the committed 1965-1979 window only and understate lifetime post-approval activity."
PRE1980ACT-1978-060,1978,018057,NDA018057,TRACKED_NDA_ORIGINAL,1978-12-19,ORIG,1,AP,7,TYPE 1,Type 1 - New Molecular Entity,STANDARD,TRUE,HQ SPCLT PHARMA,PLATINOL,CISPLATIN,10MG/VIAL,INJECTABLE;INJECTION,4,Discontinued,FALSE,0,3,0,12,6,0,0,http://www.accessdata.fda.gov/drugsatfda_docs/appletter/2002/18057slr076ltr.pdf,,http://www.accessdata.fda.gov/drugsatfda_docs/label/2010/018057s079lbl.pdf,PRE1980-1978-18,PRE1980-1978-18,,data/raw/openfda_orig_decisions_1975_1979/decisions_1978.json,https://www.accessdata.fda.gov/scripts/cder/daf/index.cfm?event=overview.process&varApplNo=018057,https://api.fda.gov/drug/drugsfda.json?search=application_number:%22NDA018057%22,data/raw/drugsatfda_data_files_2026_09/Submissions_1965_1979.txt,6952,eb7003d97b6b24023b5fde542a5ba7ca4292259d9f323a1530d387a6e0091311,Verified (verbatim Drugs@FDA submission row; line number cited),"v23 2026-09-20: row read verbatim from the committed official Drugs@FDA Submissions extract (1965-1979 window) at the cited line number; the file re-hashes to the runner manifest SHA-256. Application type, holder and product facts come from the committed Drugs@FDA Applications/Products extracts. Holder is the CURRENT Drugs@FDA applicant of record, never asserted as the 1977-1979 applicant; no indication is recorded because the official extract publishes none. Supplement counts are approval actions (status AP) inside the committed 1965-1979 window only and understate lifetime post-approval activity."
PRE1980ACT-1979-028,1979,018058,NDA018058,TRACKED_NDA_ORIGINAL,1979-02-01,ORIG,1,AP,15,TYPE 5,Type 5 - New Formulation or New Manufacturer,STANDARD,FALSE,CURIUM,GALLIUM CITRATE GA 67,GALLIUM CITRATE GA-67,2mCi/ML,INJECTABLE;INJECTION,1,Prescription,FALSE,0,0,0,0,0,0,0,,,,none (not a Type 1/1-4 original approval),,,data/raw/openfda_orig_decisions_1975_1979/decisions_1979.json,https://www.accessdata.fda.gov/scripts/cder/daf/index.cfm?event=overview.process&varApplNo=018058,https://api.fda.gov/drug/drugsfda.json?search=application_number:%22NDA018058%22,data/raw/drugsatfda_data_files_2026_09/Submissions_1965_1979.txt,6953,eb7003d97b6b24023b5fde542a5ba7ca4292259d9f323a1530d387a6e0091311,Verified (verbatim Drugs@FDA submission row; line number cited),"v23 2026-09-20: row read verbatim from the committed official Drugs@FDA Submissions extract (1965-1979 window) at the cited line number; the file re-hashes to the runner manifest SHA-256. Application type, holder and product facts come from the committed Drugs@FDA Applications/Products extracts. Holder is the CURRENT Drugs@FDA applicant of record, never asserted as the 1977-1979 applicant; no indication is recorded because the official extract publishes none. Supplement counts are approval actions (status AP) inside the committed 1965-1979 window only and understate lifetime post-approval activity."
PRE1980ACT-1978-061,1978,018060,NDA018060,TRACKED_NDA_ORIGINAL,1978-02-09,ORIG,1,AP,15,TYPE 5,Type 5 - New Formulation or New Manufacturer,STANDARD,FALSE,COSETTE,ACEPHEN,ACETAMINOPHEN,120MG,SUPPOSITORY;RECTAL,3,Discontinued,FALSE,0,30,17,5,3,1,0,http://www.accessdata.fda.gov/drugsatfda_docs/appletter/2010/018060s063ltr.pdf,,http://www.accessdata.fda.gov/drugsatfda_docs/label/2014/018060Orig1s066lbl.pdf,none (not a Type 1/1-4 original approval),,,data/raw/openfda_orig_decisions_1975_1979/decisions_1978.json,https://www.accessdata.fda.gov/scripts/cder/daf/index.cfm?event=overview.process&varApplNo=018060,https://api.fda.gov/drug/drugsfda.json?search=application_number:%22NDA018060%22,data/raw/drugsatfda_data_files_2026_09/Submissions_1965_1979.txt,6957,eb7003d97b6b24023b5fde542a5ba7ca4292259d9f323a1530d387a6e0091311,Verified (verbatim Drugs@FDA submission row; line number cited),"v23 2026-09-20: row read verbatim from the committed official Drugs@FDA Submissions extract (1965-1979 window) at the cited line number; the file re-hashes to the runner manifest SHA-256. Application type, holder and product facts come from the committed Drugs@FDA Applications/Products extracts. Holder is the CURRENT Drugs@FDA applicant of record, never asserted as the 1977-1979 applicant; no indication is recorded because the official extract publishes none. Supplement counts are approval actions (status AP) inside the committed 1965-1979 window only and understate lifetime post-approval activity."
PRE1980ACT-1979-029,1979,018063,NDA018063,TRACKED_NDA_ORIGINAL,1979-12-10,ORIG,1,AP,7,TYPE 1,Type 1 - New Molecular Entity,STANDARD,TRUE,USWM,CORGARD,NADOLOL,40MG **Federal Register determination that product was not discontinued or withdrawn for safety or effectiveness reasons**,TABLET;ORAL,5,Discontinued,TRUE,3,0,0,8,4,0,0,http://www.accessdata.fda.gov/drugsatfda_docs/appletter/2011/018063s062ltr.pdf,,http://www.accessdata.fda.gov/drugsatfda_docs/label/2008/018063s060lbl.pdf,PRE1980-1979-11,PRE1980-1979-11,,data/raw/openfda_orig_decisions_1975_1979/decisions_1979.json,https://www.accessdata.fda.gov/scripts/cder/daf/index.cfm?event=overview.process&varApplNo=018063,https://api.fda.gov/drug/drugsfda.json?search=application_number:%22NDA018063%22,data/raw/drugsatfda_data_files_2026_09/Submissions_1965_1979.txt,6985,eb7003d97b6b24023b5fde542a5ba7ca4292259d9f323a1530d387a6e0091311,Verified (verbatim Drugs@FDA submission row; line number cited),"v23 2026-09-20: row read verbatim from the committed official Drugs@FDA Submissions extract (1965-1979 window) at the cited line number; the file re-hashes to the runner manifest SHA-256. Application type, holder and product facts come from the committed Drugs@FDA Applications/Products extracts. Holder is the CURRENT Drugs@FDA applicant of record, never asserted as the 1977-1979 applicant; no indication is recorded because the official extract publishes none. Supplement counts are approval actions (status AP) inside the committed 1965-1979 window only and understate lifetime post-approval activity."
PRE1980ACT-1979-030,1979,018064,,KIND_UNRESOLVED,1979-12-10,ORIG,1,AP,16,TYPE 6,Type 6 - New Indication (no longer used),STANDARD,FALSE,,,,,,0,,FALSE,0,0,0,0,0,0,0,,,,,,FULldb-1979-UNRES17,,https://www.accessdata.fda.gov/scripts/cder/daf/index.cfm?event=overview.process&varApplNo=018064,,data/raw/drugsatfda_data_files_2026_09/Submissions_1965_1979.txt,6986,eb7003d97b6b24023b5fde542a5ba7ca4292259d9f323a1530d387a6e0091311,"Verified row, application type not published (KIND_UNRESOLVED) - review candidate only","v23 2026-09-20: row read verbatim from the committed official Drugs@FDA Submissions extract (1965-1979 window) at the cited line number; the file re-hashes to the runner manifest SHA-256. ApplNo is absent from the unfiltered Applications table, so no NDA/ANDA/BLA type can be asserted; the openFDA payloads do not carry it either. This is a review candidate, never an approval row in the NME decision table. Cross-check record FULldb-1979-UNRES17."
PRE1980ACT-1978-062,1978,018066,NDA018066,TRACKED_NDA_ORIGINAL,1978-10-18,ORIG,1,AP,15,TYPE 5,Type 5 - New Formulation or New Manufacturer,STANDARD,FALSE,CHATTEM,UNISOM,DOXYLAMINE SUCCINATE,25MG,TABLET;ORAL,1,Over-the-counter,FALSE,0,1,1,6,4,0,0,http://www.accessdata.fda.gov/drugsatfda_docs/appletter/2002/18066s011ltr.pdf,,http://www.accessdata.fda.gov/drugsatfda_docs/label/2013/018066Orig1s020lbl.pdf,none (not a Type 1/1-4 original approval),,,data/raw/openfda_orig_decisions_1975_1979/decisions_1978.json,https://www.accessdata.fda.gov/scripts/cder/daf/index.cfm?event=overview.process&varApplNo=018066,https://api.fda.gov/drug/drugsfda.json?search=application_number:%22NDA018066%22,data/raw/drugsatfda_data_files_2026_09/Submissions_1965_1979.txt,6987,eb7003d97b6b24023b5fde542a5ba7ca4292259d9f323a1530d387a6e0091311,Verified (verbatim Drugs@FDA submission row; line number cited),"v23 2026-09-20: row read verbatim from the committed official Drugs@FDA Submissions extract (1965-1979 window) at the cited line number; the file re-hashes to the runner manifest SHA-256. Application type, holder and product facts come from the committed Drugs@FDA Applications/Products extracts. Holder is the CURRENT Drugs@FDA applicant of record, never asserted as the 1977-1979 applicant; no indication is recorded because the official extract publishes none. Supplement counts are approval actions (status AP) inside the committed 1965-1979 window only and understate lifetime post-approval activity."
PRE1980ACT-1979-031,1979,018074,NDA018074,TRACKED_NDA_ORIGINAL,1979-04-16,ORIG,1,AP,15,TYPE 5,Type 5 - New Formulation or New Manufacturer,STANDARD,FALSE,ACERTIS PHARMS,PHENDIMETRAZINE TARTRATE,PHENDIMETRAZINE TARTRATE,105MG,"CAPSULE, EXTENDED RELEASE;ORAL",1,Prescription,FALSE,0,4,4,5,2,0,0,http://www.accessdata.fda.gov/drugsatfda_docs/appletter/2012/018074s034ltr.pdf,,http://www.accessdata.fda.gov/drugsatfda_docs/label/2012/018074s034lbl.pdf,none (not a Type 1/1-4 original approval),,,data/raw/openfda_orig_decisions_1975_1979/decisions_1979.json,https://www.accessdata.fda.gov/scripts/cder/daf/index.cfm?event=overview.process&varApplNo=018074,https://api.fda.gov/drug/drugsfda.json?search=application_number:%22NDA018074%22,data/raw/drugsatfda_data_files_2026_09/Submissions_1965_1979.txt,6993,eb7003d97b6b24023b5fde542a5ba7ca4292259d9f323a1530d387a6e0091311,Verified (verbatim Drugs@FDA submission row; line number cited),"v23 2026-09-20: row read verbatim from the committed official Drugs@FDA Submissions extract (1965-1979 window) at the cited line number; the file re-hashes to the runner manifest SHA-256. Application type, holder and product facts come from the committed Drugs@FDA Applications/Products extracts. Holder is the CURRENT Drugs@FDA applicant of record, never asserted as the 1977-1979 applicant; no indication is recorded because the official extract publishes none. Supplement counts are approval actions (status AP) inside the committed 1965-1979 window only and understate lifetime post-approval activity."
PRE1980ACT-1979-032,1979,018080,NDA018080,TRACKED_NDA_ORIGINAL,1979-08-28,ORIG,1,AP,15,TYPE 5,Type 5 - New Formulation or New Manufacturer,STANDARD,FALSE,OTSUKA ICU MEDCL,DEXTROSE 10% IN PLASTIC CONTAINER,DEXTROSE,10GM/100ML,INJECTABLE;INJECTION,1,Prescription,FALSE,0,3,3,2,1,0,0,"https://www.accessdata.fda.gov/drugsatfda_docs/appletter/2025/016367Orig1s231,018080Orig1s122ltr.pdf",,"http://www.accessdata.fda.gov/drugsatfda_docs/label/2025/016367s231,018080s122lbl.pdf",none (not a Type 1/1-4 original approval),,,data/raw/openfda_orig_decisions_1975_1979/decisions_1979.json,https://www.accessdata.fda.gov/scripts/cder/daf/index.cfm?event=overview.process&varApplNo=018080,https://api.fda.gov/drug/drugsfda.json?search=application_number:%22NDA018080%22,data/raw/drugsatfda_data_files_2026_09/Submissions_1965_1979.txt,6994,eb7003d97b6b24023b5fde542a5ba7ca4292259d9f323a1530d387a6e0091311,Verified (verbatim Drugs@FDA submission row; line number cited),"v23 2026-09-20: row read verbatim from the committed official Drugs@FDA Submissions extract (1965-1979 window) at the cited line number; the file re-hashes to the runner manifest SHA-256. Application type, holder and product facts come from the committed Drugs@FDA Applications/Products extracts. Holder is the CURRENT Drugs@FDA applicant of record, never asserted as the 1977-1979 applicant; no indication is recorded because the official extract publishes none. Supplement counts are approval actions (status AP) inside the committed 1965-1979 window only and understate lifetime post-approval activity."
PRE1980ACT-1978-063,1978,018081,NDA018081,TRACKED_NDA_ORIGINAL,1978-02-28,ORIG,1,AP,7,TYPE 1,Type 1 - New Molecular Entity,PRIORITY,TRUE,ABBVIE,DEPAKENE,VALPROIC ACID,250MG **Federal Register determination that product was not discontinued or withdrawn for safety or effectiveness reasons**,CAPSULE;ORAL,1,Discontinued,TRUE,1,3,0,50,24,0,0,"http://www.accessdata.fda.gov/drugsatfda_docs/appletter/2002/18081slr038,18082s024,18723s024,19680s015,20593s009,2116",,"http://www.accessdata.fda.gov/drugsatfda_docs/label/2014/018081s049,018082s034lbl.pdf",PRE1980-1978-04,PRE1980-1978-04,,data/raw/openfda_orig_decisions_1975_1979/decisions_1978.json,https://www.accessdata.fda.gov/scripts/cder/daf/index.cfm?event=overview.process&varApplNo=018081,https://api.fda.gov/drug/drugsfda.json?search=application_number:%22NDA018081%22,data/raw/drugsatfda_data_files_2026_09/Submissions_1965_1979.txt,6998,eb7003d97b6b24023b5fde542a5ba7ca4292259d9f323a1530d387a6e0091311,Verified (verbatim Drugs@FDA submission row; line number cited),"v23 2026-09-20: row read verbatim from the committed official Drugs@FDA Submissions extract (1965-1979 window) at the cited line number; the file re-hashes to the runner manifest SHA-256. Application type, holder and product facts come from the committed Drugs@FDA Applications/Products extracts. Holder is the CURRENT Drugs@FDA applicant of record, never asserted as the 1977-1979 applicant; no indication is recorded because the official extract publishes none. Supplement counts are approval actions (status AP) inside the committed 1965-1979 window only and understate lifetime post-approval activity."
PRE1980ACT-1978-064,1978,018082,NDA018082,TRACKED_NDA_ORIGINAL,1978-02-28,ORIG,1,AP,10,TYPE 2/3,Type 2 - New Active Ingredient and Type 3 - New Dosage Form,PRIORITY,FALSE,ABBVIE,DEPAKENE,VALPROIC ACID,250MG/5ML **Federal Register determination that product was not discontinued or withdrawn for safety or effectiveness reasons**,SYRUP;ORAL,1,Discontinued,TRUE,1,2,0,52,25,0,0,"http://www.accessdata.fda.gov/drugsatfda_docs/appletter/2002/18081slr038,18082s024,18723s024,19680s015,20593s009,2116",,http://www.accessdata.fda.gov/drugsatfda_docs/label/2011/018081s046_18082s031lbl.pdf,none (not a Type 1/1-4 original approval),,,data/raw/openfda_orig_decisions_1975_1979/decisions_1978.json,https://www.accessdata.fda.gov/scripts/cder/daf/index.cfm?event=overview.process&varApplNo=018082,https://api.fda.gov/drug/drugsfda.json?search=application_number:%22NDA018082%22,data/raw/drugsatfda_data_files_2026_09/Submissions_1965_1979.txt,7004,eb7003d97b6b24023b5fde542a5ba7ca4292259d9f323a1530d387a6e0091311,Verified (verbatim Drugs@FDA submission row; line number cited),"v23 2026-09-20: row read verbatim from the committed official Drugs@FDA Submissions extract (1965-1979 window) at the cited line number; the file re-hashes to the runner manifest SHA-256. Application type, holder and product facts come from the committed Drugs@FDA Applications/Products extracts. Holder is the CURRENT Drugs@FDA applicant of record, never asserted as the 1977-1979 applicant; no indication is recorded because the official extract publishes none. Supplement counts are approval actions (status AP) inside the committed 1965-1979 window only and understate lifetime post-approval activity."
PRE1980ACT-1979-033,1979,018084,NDA018084,TRACKED_NDA_ORIGINAL,1979-10-30,ORIG,1,AP,12,TYPE 3,Type 3 - New Dosage Form,STANDARD,FALSE,ORTHO MCNEIL JANSSEN,TOLECTIN DS,TOLMETIN SODIUM,EQ 400MG BASE **Federal Register determination that product was not discontinued or withdrawn for safety or effectiveness reasons**,CAPSULE;ORAL,1,Discontinued,TRUE,1,0,0,5,2,0,0,"http://www.accessdata.fda.gov/drugsatfda_docs/appletter/2006/018084s051,017628s067ltr.pdf",,"http://www.accessdata.fda.gov/drugsatfda_docs/label/2006/017628s067,018084s051lbl.pdf",none (not a Type 1/1-4 original approval),,,data/raw/openfda_orig_decisions_1975_1979/decisions_1979.json,https://www.accessdata.fda.gov/scripts/cder/daf/index.cfm?event=overview.process&varApplNo=018084,https://api.fda.gov/drug/drugsfda.json?search=application_number:%22NDA018084%22,data/raw/drugsatfda_data_files_2026_09/Submissions_1965_1979.txt,7005,eb7003d97b6b24023b5fde542a5ba7ca4292259d9f323a1530d387a6e0091311,Verified (verbatim Drugs@FDA submission row; line number cited),"v23 2026-09-20: row read verbatim from the committed official Drugs@FDA Submissions extract (1965-1979 window) at the cited line number; the file re-hashes to the runner manifest SHA-256. Application type, holder and product facts come from the committed Drugs@FDA Applications/Products extracts. Holder is the CURRENT Drugs@FDA applicant of record, never asserted as the 1977-1979 applicant; no indication is recorded because the official extract publishes none. Supplement counts are approval actions (status AP) inside the committed 1965-1979 window only and understate lifetime post-approval activity."
PRE1980ACT-1978-065,1978,018086,NDA018086,TRACKED_NDA_ORIGINAL,1978-08-17,ORIG,1,AP,7,TYPE 1,Type 1 - New Molecular Entity,PRIORITY,TRUE,BAUSCH AND LOMB INC,TIMOPTIC,TIMOLOL MALEATE,EQ 0.25% BASE,SOLUTION/DROPS;OPHTHALMIC,2,Prescription,FALSE,0,3,0,19,8,3,0,http://www.accessdata.fda.gov/drugsatfda_docs/appletter/2002/18086S54ltr.pdf,,http://www.accessdata.fda.gov/drugsatfda_docs/label/2001/18086S54lbl.pdf,PRE1980-1978-12,PRE1980-1978-12,,data/raw/openfda_orig_decisions_1975_1979/decisions_1978.json,https://www.accessdata.fda.gov/scripts/cder/daf/index.cfm?event=overview.process&varApplNo=018086,https://api.fda.gov/drug/drugsfda.json?search=application_number:%22NDA018086%22,data/raw/drugsatfda_data_files_2026_09/Submissions_1965_1979.txt,7006,eb7003d97b6b24023b5fde542a5ba7ca4292259d9f323a1530d387a6e0091311,Verified (verbatim Drugs@FDA submission row; line number cited),"v23 2026-09-20: row read verbatim from the committed official Drugs@FDA Submissions extract (1965-1979 window) at the cited line number; the file re-hashes to the runner manifest SHA-256. Application type, holder and product facts come from the committed Drugs@FDA Applications/Products extracts. Holder is the CURRENT Drugs@FDA applicant of record, never asserted as the 1977-1979 applicant; no indication is recorded because the official extract publishes none. Supplement counts are approval actions (status AP) inside the committed 1965-1979 window only and understate lifetime post-approval activity."
PRE1980ACT-1978-066,1978,018087,NDA018087,TRACKED_NDA_ORIGINAL,1978-07-18,ORIG,1,AP,15,TYPE 5,Type 5 - New Formulation or New Manufacturer,STANDARD,FALSE,FERRING,THYREL TRH,PROTIRELIN,0.5MG/ML,INJECTABLE;INJECTION,1,Discontinued,FALSE,0,1,0,0,0,0,0,,,,none (not a Type 1/1-4 original approval),,,data/raw/openfda_orig_decisions_1975_1979/decisions_1978.json,https://www.accessdata.fda.gov/scripts/cder/daf/index.cfm?event=overview.process&varApplNo=018087,https://api.fda.gov/drug/drugsfda.json?search=application_number:%22NDA018087%22,data/raw/drugsatfda_data_files_2026_09/Submissions_1965_1979.txt,7010,eb7003d97b6b24023b5fde542a5ba7ca4292259d9f323a1530d387a6e0091311,Verified (verbatim Drugs@FDA submission row; line number cited),"v23 2026-09-20: row read verbatim from the committed official Drugs@FDA Submissions extract (1965-1979 window) at the cited line number; the file re-hashes to the runner manifest SHA-256. Application type, holder and product facts come from the committed Drugs@FDA Applications/Products extracts. Holder is the CURRENT Drugs@FDA applicant of record, never asserted as the 1977-1979 applicant; no indication is recorded because the official extract publishes none. Supplement counts are approval actions (status AP) inside the committed 1965-1979 window only and understate lifetime post-approval activity."
PRE1980ACT-1979-034,1979,018090,NDA018090,TRACKED_NDA_ORIGINAL,1979-04-04,ORIG,1,AP,15,TYPE 5,Type 5 - New Formulation or New Manufacturer,STANDARD,FALSE,OTSUKA ICU MEDCL,SODIUM CHLORIDE 0.45% IN PLASTIC CONTAINER,SODIUM CHLORIDE,450MG/100ML,INJECTABLE;INJECTION,1,Prescription,FALSE,0,7,7,3,1,0,0,http://www.accessdata.fda.gov/drugsatfda_docs/appletter/2017/018090Orig1s116ltr.pdf,,https://www.accessdata.fda.gov/drugsatfda_docs/label/1999/018090s075lbl.pdf,none (not a Type 1/1-4 original approval),,,data/raw/openfda_orig_decisions_1975_1979/decisions_1979.json,https://www.accessdata.fda.gov/scripts/cder/daf/index.cfm?event=overview.process&varApplNo=018090,https://api.fda.gov/drug/drugsfda.json?search=application_number:%22NDA018090%22,data/raw/drugsatfda_data_files_2026_09/Submissions_1965_1979.txt,7012,eb7003d97b6b24023b5fde542a5ba7ca4292259d9f323a1530d387a6e0091311,Verified (verbatim Drugs@FDA submission row; line number cited),"v23 2026-09-20: row read verbatim from the committed official Drugs@FDA Submissions extract (1965-1979 window) at the cited line number; the file re-hashes to the runner manifest SHA-256. Application type, holder and product facts come from the committed Drugs@FDA Applications/Products extracts. Holder is the CURRENT Drugs@FDA applicant of record, never asserted as the 1977-1979 applicant; no indication is recorded because the official extract publishes none. Supplement counts are approval actions (status AP) inside the committed 1965-1979 window only and understate lifetime post-approval activity."
PRE1980ACT-1979-035,1979,018096,NDA018096,TRACKED_NDA_ORIGINAL,1979-08-17,ORIG,1,AP,15,TYPE 5,Type 5 - New Formulation or New Manufacturer,STANDARD,FALSE,HOSPIRA,DEXTROSE 2.5% AND SODIUM CHLORIDE 0.45% IN PLASTIC CONTAINER,DEXTROSE; SODIUM CHLORIDE,2.5GM/100ML;450MG/100ML,INJECTABLE;INJECTION,1,Discontinued,FALSE,0,4,4,0,0,0,0,,,,none (not a Type 1/1-4 original approval),,,data/raw/openfda_orig_decisions_1975_1979/decisions_1979.json,https://www.accessdata.fda.gov/scripts/cder/daf/index.cfm?event=overview.process&varApplNo=018096,https://api.fda.gov/drug/drugsfda.json?search=application_number:%22NDA018096%22,data/raw/drugsatfda_data_files_2026_09/Submissions_1965_1979.txt,7020,eb7003d97b6b24023b5fde542a5ba7ca4292259d9f323a1530d387a6e0091311,Verified (verbatim Drugs@FDA submission row; line number cited),"v23 2026-09-20: row read verbatim from the committed official Drugs@FDA Submissions extract (1965-1979 window) at the cited line number; the file re-hashes to the runner manifest SHA-256. Application type, holder and product facts come from the committed Drugs@FDA Applications/Products extracts. Holder is the CURRENT Drugs@FDA applicant of record, never asserted as the 1977-1979 applicant; no indication is recorded because the official extract publishes none. Supplement counts are approval actions (status AP) inside the committed 1965-1979 window only and understate lifetime post-approval activity."
PRE1980ACT-1977-055,1977,018102,NDA018102,TRACKED_NDA_ORIGINAL,1977-12-21,ORIG,1,AP,9,TYPE 2,Type 2 - New Active Ingredient,STANDARD,FALSE,PHARMACIA AND UPJOHN,MEDROL,METHYLPREDNISOLONE ACETATE,40MG/BOT,ENEMA;RECTAL,1,Discontinued,FALSE,0,0,0,0,0,0,0,,,,none (not a Type 1/1-4 original approval),,,data/raw/openfda_orig_decisions_1975_1979/decisions_1977.json,https://www.accessdata.fda.gov/scripts/cder/daf/index.cfm?event=overview.process&varApplNo=018102,https://api.fda.gov/drug/drugsfda.json?search=application_number:%22NDA018102%22,data/raw/drugsatfda_data_files_2026_09/Submissions_1965_1979.txt,7025,eb7003d97b6b24023b5fde542a5ba7ca4292259d9f323a1530d387a6e0091311,Verified (verbatim Drugs@FDA submission row; line number cited),"v23 2026-09-20: row read verbatim from the committed official Drugs@FDA Submissions extract (1965-1979 window) at the cited line number; the file re-hashes to the runner manifest SHA-256. Application type, holder and product facts come from the committed Drugs@FDA Applications/Products extracts. Holder is the CURRENT Drugs@FDA applicant of record, never asserted as the 1977-1979 applicant; no indication is recorded because the official extract publishes none. Supplement counts are approval actions (status AP) inside the committed 1965-1979 window only and understate lifetime post-approval activity."
PRE1980ACT-1979-036,1979,018116,NDA018116,TRACKED_NDA_ORIGINAL,1979-10-18,ORIG,1,AP,7,TYPE 1,Type 1 - New Molecular Entity,STANDARD,TRUE,ASTELLAS,CYCLOCORT,AMCINONIDE,0.025% **Federal Register determination that product was not discontinued or withdrawn for safety or effectiveness reasons**,CREAM;TOPICAL,2,Discontinued,TRUE,2,0,0,0,0,0,0,,,,PRE1980-1979-09,PRE1980-1979-09,,data/raw/openfda_orig_decisions_1975_1979/decisions_1979.json,https://www.accessdata.fda.gov/scripts/cder/daf/index.cfm?event=overview.process&varApplNo=018116,https://api.fda.gov/drug/drugsfda.json?search=application_number:%22NDA018116%22,data/raw/drugsatfda_data_files_2026_09/Submissions_1965_1979.txt,7026,eb7003d97b6b24023b5fde542a5ba7ca4292259d9f323a1530d387a6e0091311,Verified (verbatim Drugs@FDA submission row; line number cited),"v23 2026-09-20: row read verbatim from the committed official Drugs@FDA Submissions extract (1965-1979 window) at the cited line number; the file re-hashes to the runner manifest SHA-256. Application type, holder and product facts come from the committed Drugs@FDA Applications/Products extracts. Holder is the CURRENT Drugs@FDA applicant of record, never asserted as the 1977-1979 applicant; no indication is recorded because the official extract publishes none. Supplement counts are approval actions (status AP) inside the committed 1965-1979 window only and understate lifetime post-approval activity."
PRE1980ACT-1979-037,1979,018124,NDA018124,TRACKED_NDA_ORIGINAL,1979-08-29,ORIG,1,AP,15,TYPE 5,Type 5 - New Formulation or New Manufacturer,STANDARD,FALSE,SUN PHARM INDS INC,CIS-MDP,TECHNETIUM TC-99M MEDRONATE KIT,N/A,INJECTABLE;INJECTION,1,Prescription,FALSE,0,0,0,4,2,0,0,http://www.accessdata.fda.gov/drugsatfda_docs/appletter/2005/018124s013ltr.pdf,,http://www.accessdata.fda.gov/drugsatfda_docs/label/2005/018124s013lbl.pdf,none (not a Type 1/1-4 original approval),,,data/raw/openfda_orig_decisions_1975_1979/decisions_1979.json,https://www.accessdata.fda.gov/scripts/cder/daf/index.cfm?event=overview.process&varApplNo=018124,https://api.fda.gov/drug/drugsfda.json?search=application_number:%22NDA018124%22,data/raw/drugsatfda_data_files_2026_09/Submissions_1965_1979.txt,7027,eb7003d97b6b24023b5fde542a5ba7ca4292259d9f323a1530d387a6e0091311,Verified (verbatim Drugs@FDA submission row; line number cited),"v23 2026-09-20: row read verbatim from the committed official Drugs@FDA Submissions extract (1965-1979 window) at the cited line number; the file re-hashes to the runner manifest SHA-256. Application type, holder and product facts come from the committed Drugs@FDA Applications/Products extracts. Holder is the CURRENT Drugs@FDA applicant of record, never asserted as the 1977-1979 applicant; no indication is recorded because the official extract publishes none. Supplement counts are approval actions (status AP) inside the committed 1965-1979 window only and understate lifetime post-approval activity."
PRE1980ACT-1978-067,1978,018127,NDA018127,TRACKED_NDA_ORIGINAL,1978-07-05,ORIG,1,AP,12,TYPE 3,Type 3 - New Dosage Form,STANDARD,FALSE,WARNER CHILCOTT,OVCON-35,ETHINYL ESTRADIOL; NORETHINDRONE,0.035MG;0.4MG **Federal Register determination that product was not discontinued or withdrawn for safety or effectiveness reasons**,TABLET;ORAL-21,1,Discontinued,TRUE,1,3,0,0,0,0,0,,,,none (not a Type 1/1-4 original approval),,,data/raw/openfda_orig_decisions_1975_1979/decisions_1978.json,https://www.accessdata.fda.gov/scripts/cder/daf/index.cfm?event=overview.process&varApplNo=018127,https://api.fda.gov/drug/drugsfda.json?search=application_number:%22NDA018127%22,data/raw/drugsatfda_data_files_2026_09/Submissions_1965_1979.txt,7031,eb7003d97b6b24023b5fde542a5ba7ca4292259d9f323a1530d387a6e0091311,Verified (verbatim Drugs@FDA submission row; line number cited),"v23 2026-09-20: row read verbatim from the committed official Drugs@FDA Submissions extract (1965-1979 window) at the cited line number; the file re-hashes to the runner manifest SHA-256. Application type, holder and product facts come from the committed Drugs@FDA Applications/Products extracts. Holder is the CURRENT Drugs@FDA applicant of record, never asserted as the 1977-1979 applicant; no indication is recorded because the official extract publishes none. Supplement counts are approval actions (status AP) inside the committed 1965-1979 window only and understate lifetime post-approval activity."
PRE1980ACT-1978-068,1978,018128,NDA018128,TRACKED_NDA_ORIGINAL,1978-07-05,ORIG,1,AP,12,TYPE 3,Type 3 - New Dosage Form,STANDARD,FALSE,WARNER CHILCOTT,OVCON-50,ETHINYL ESTRADIOL; NORETHINDRONE,0.05MG;1MG,TABLET;ORAL-21,1,Discontinued,FALSE,0,3,0,0,0,0,0,,,,none (not a Type 1/1-4 original approval),,,data/raw/openfda_orig_decisions_1975_1979/decisions_1978.json,https://www.accessdata.fda.gov/scripts/cder/daf/index.cfm?event=overview.process&varApplNo=018128,https://api.fda.gov/drug/drugsfda.json?search=application_number:%22NDA018128%22,data/raw/drugsatfda_data_files_2026_09/Submissions_1965_1979.txt,7035,eb7003d97b6b24023b5fde542a5ba7ca4292259d9f323a1530d387a6e0091311,Verified (verbatim Drugs@FDA submission row; line number cited),"v23 2026-09-20: row read verbatim from the committed official Drugs@FDA Submissions extract (1965-1979 window) at the cited line number; the file re-hashes to the runner manifest SHA-256. Application type, holder and product facts come from the committed Drugs@FDA Applications/Products extracts. Holder is the CURRENT Drugs@FDA applicant of record, never asserted as the 1977-1979 applicant; no indication is recorded because the official extract publishes none. Supplement counts are approval actions (status AP) inside the committed 1965-1979 window only and understate lifetime post-approval activity."
PRE1980ACT-1979-038,1979,018141,NDA018141,TRACKED_NDA_ORIGINAL,1979-06-26,ORIG,1,AP,15,TYPE 5,Type 5 - New Formulation or New Manufacturer,STANDARD,FALSE,GE HEALTHCARE,TECHNETIUM TC 99M MPI MDP,TECHNETIUM TC-99M MEDRONATE KIT,N/A,INJECTABLE;INJECTION,2,Discontinued,FALSE,0,0,0,2,1,0,0,http://www.accessdata.fda.gov/drugsatfda_docs/appletter/2007/018141s029_ltr.pdf,,http://www.accessdata.fda.gov/drugsatfda_docs/label/2007/018141s029lbl.pdf,none (not a Type 1/1-4 original approval),,,data/raw/openfda_orig_decisions_1975_1979/decisions_1979.json,https://www.accessdata.fda.gov/scripts/cder/daf/index.cfm?event=overview.process&varApplNo=018141,https://api.fda.gov/drug/drugsfda.json?search=application_number:%22NDA018141%22,data/raw/drugsatfda_data_files_2026_09/Submissions_1965_1979.txt,7036,eb7003d97b6b24023b5fde542a5ba7ca4292259d9f323a1530d387a6e0091311,Verified (verbatim Drugs@FDA submission row; line number cited),"v23 2026-09-20: row read verbatim from the committed official Drugs@FDA Submissions extract (1965-1979 window) at the cited line number; the file re-hashes to the runner manifest SHA-256. Application type, holder and product facts come from the committed Drugs@FDA Applications/Products extracts. Holder is the CURRENT Drugs@FDA applicant of record, never asserted as the 1977-1979 applicant; no indication is recorded because the official extract publishes none. Supplement counts are approval actions (status AP) inside the committed 1965-1979 window only and understate lifetime post-approval activity."
PRE1980ACT-1979-039,1979,018144,NDA018144,TRACKED_NDA_ORIGINAL,1979-11-30,ORIG,1,AP,12,TYPE 3,Type 3 - New Dosage Form,STANDARD,FALSE,PARKE DAVIS,CENTRAX,PRAZEPAM,5MG,CAPSULE;ORAL,3,Discontinued,FALSE,0,0,0,0,0,0,0,,,,none (not a Type 1/1-4 original approval),,,data/raw/openfda_orig_decisions_1975_1979/decisions_1979.json,https://www.accessdata.fda.gov/scripts/cder/daf/index.cfm?event=overview.process&varApplNo=018144,https://api.fda.gov/drug/drugsfda.json?search=application_number:%22NDA018144%22,data/raw/drugsatfda_data_files_2026_09/Submissions_1965_1979.txt,7037,eb7003d97b6b24023b5fde542a5ba7ca4292259d9f323a1530d387a6e0091311,Verified (verbatim Drugs@FDA submission row; line number cited),"v23 2026-09-20: row read verbatim from the committed official Drugs@FDA Submissions extract (1965-1979 window) at the cited line number; the file re-hashes to the runner manifest SHA-256. Application type, holder and product facts come from the committed Drugs@FDA Applications/Products extracts. Holder is the CURRENT Drugs@FDA applicant of record, never asserted as the 1977-1979 applicant; no indication is recorded because the official extract publishes none. Supplement counts are approval actions (status AP) inside the committed 1965-1979 window only and understate lifetime post-approval activity."
PRE1980ACT-1979-040,1979,018150,NDA018150,TRACKED_NDA_ORIGINAL,1979-10-23,ORIG,1,AP,15,TYPE 5,Type 5 - New Formulation or New Manufacturer,STANDARD,FALSE,CURIUM,THALLOUS CHLORIDE TL 201,THALLOUS CHLORIDE TL-201,1mCi/ML,INJECTABLE;INJECTION,1,Prescription,FALSE,0,0,0,12,6,1,0,http://www.accessdata.fda.gov/drugsatfda_docs/appletter/2011/018150s025ltr.pdf,,http://www.accessdata.fda.gov/drugsatfda_docs/label/2004/18150s019lbl.pdf,none (not a Type 1/1-4 original approval),,,data/raw/openfda_orig_decisions_1975_1979/decisions_1979.json,https://www.accessdata.fda.gov/scripts/cder/daf/index.cfm?event=overview.process&varApplNo=018150,https://api.fda.gov/drug/drugsfda.json?search=application_number:%22NDA018150%22,data/raw/drugsatfda_data_files_2026_09/Submissions_1965_1979.txt,7038,eb7003d97b6b24023b5fde542a5ba7ca4292259d9f323a1530d387a6e0091311,Verified (verbatim Drugs@FDA submission row; line number cited),"v23 2026-09-20: row read verbatim from the committed official Drugs@FDA Submissions extract (1965-1979 window) at the cited line number; the file re-hashes to the runner manifest SHA-256. Application type, holder and product facts come from the committed Drugs@FDA Applications/Products extracts. Holder is the CURRENT Drugs@FDA applicant of record, never asserted as the 1977-1979 applicant; no indication is recorded because the official extract publishes none. Supplement counts are approval actions (status AP) inside the committed 1965-1979 window only and understate lifetime post-approval activity."
PRE1980ACT-1979-041,1979,018154,NDA018154,TRACKED_NDA_ORIGINAL,1979-10-18,ORIG,1,AP,7,TYPE 1,Type 1 - New Molecular Entity,PRIORITY,TRUE,PFIZER,LONITEN,MINOXIDIL,2.5MG **Federal Register determination that product was not discontinued or withdrawn for safety or effectiveness reasons**,TABLET;ORAL,2,Discontinued,TRUE,2,0,0,3,2,0,0,http://www.accessdata.fda.gov/drugsatfda_docs/appletter/2002/18154slr023ltr.pdf,,http://www.accessdata.fda.gov/drugsatfda_docs/label/2015/018154s026lbl.pdf,PRE1980-1979-10,PRE1980-1979-10,,data/raw/openfda_orig_decisions_1975_1979/decisions_1979.json,https://www.accessdata.fda.gov/scripts/cder/daf/index.cfm?event=overview.process&varApplNo=018154,https://api.fda.gov/drug/drugsfda.json?search=application_number:%22NDA018154%22,data/raw/drugsatfda_data_files_2026_09/Submissions_1965_1979.txt,7039,eb7003d97b6b24023b5fde542a5ba7ca4292259d9f323a1530d387a6e0091311,Verified (verbatim Drugs@FDA submission row; line number cited),"v23 2026-09-20: row read verbatim from the committed official Drugs@FDA Submissions extract (1965-1979 window) at the cited line number; the file re-hashes to the runner manifest SHA-256. Application type, holder and product facts come from the committed Drugs@FDA Applications/Products extracts. Holder is the CURRENT Drugs@FDA applicant of record, never asserted as the 1977-1979 applicant; no indication is recorded because the official extract publishes none. Supplement counts are approval actions (status AP) inside the committed 1965-1979 window only and understate lifetime post-approval activity."
PRE1980ACT-1979-042,1979,018156,NDA018156,TRACKED_NDA_ORIGINAL,1979-08-06,ORIG,1,AP,15,TYPE 5,Type 5 - New Formulation or New Manufacturer,STANDARD,FALSE,B BRAUN,RINGER'S IN PLASTIC CONTAINER,CALCIUM CHLORIDE; POTASSIUM CHLORIDE; SODIUM CHLORIDE,33MG/100ML;30MG/100ML;860MG/100ML,SOLUTION;IRRIGATION,1,Prescription,FALSE,0,2,2,0,0,0,0,,,,none (not a Type 1/1-4 original approval),,,data/raw/openfda_orig_decisions_1975_1979/decisions_1979.json,https://www.accessdata.fda.gov/scripts/cder/daf/index.cfm?event=overview.process&varApplNo=018156,https://api.fda.gov/drug/drugsfda.json?search=application_number:%22NDA018156%22,data/raw/drugsatfda_data_files_2026_09/Submissions_1965_1979.txt,7042,eb7003d97b6b24023b5fde542a5ba7ca4292259d9f323a1530d387a6e0091311,Verified (verbatim Drugs@FDA submission row; line number cited),"v23 2026-09-20: row read verbatim from the committed official Drugs@FDA Submissions extract (1965-1979 window) at the cited line number; the file re-hashes to the runner manifest SHA-256. Application type, holder and product facts come from the committed Drugs@FDA Applications/Products extracts. Holder is the CURRENT Drugs@FDA applicant of record, never asserted as the 1977-1979 applicant; no indication is recorded because the official extract publishes none. Supplement counts are approval actions (status AP) inside the committed 1965-1979 window only and understate lifetime post-approval activity."
PRE1980ACT-1979-043,1979,018161,NDA018161,TRACKED_NDA_ORIGINAL,1979-08-06,ORIG,1,AP,15,TYPE 5,Type 5 - New Formulation or New Manufacturer,STANDARD,FALSE,B BRAUN,ACETIC ACID 0.25% IN PLASTIC CONTAINER,"ACETIC ACID, GLACIAL",250MG/100ML,"SOLUTION;IRRIGATION, URETHRAL",1,Prescription,FALSE,0,3,3,0,0,0,0,,,,none (not a Type 1/1-4 original approval),,,data/raw/openfda_orig_decisions_1975_1979/decisions_1979.json,https://www.accessdata.fda.gov/scripts/cder/daf/index.cfm?event=overview.process&varApplNo=018161,https://api.fda.gov/drug/drugsfda.json?search=application_number:%22NDA018161%22,data/raw/drugsatfda_data_files_2026_09/Submissions_1965_1979.txt,7046,eb7003d97b6b24023b5fde542a5ba7ca4292259d9f323a1530d387a6e0091311,Verified (verbatim Drugs@FDA submission row; line number cited),"v23 2026-09-20: row read verbatim from the committed official Drugs@FDA Submissions extract (1965-1979 window) at the cited line number; the file re-hashes to the runner manifest SHA-256. Application type, holder and product facts come from the committed Drugs@FDA Applications/Products extracts. Holder is the CURRENT Drugs@FDA applicant of record, never asserted as the 1977-1979 applicant; no indication is recorded because the official extract publishes none. Supplement counts are approval actions (status AP) inside the committed 1965-1979 window only and understate lifetime post-approval activity."
PRE1980ACT-1979-044,1979,018181,NDA018181,TRACKED_NDA_ORIGINAL,1979-01-15,ORIG,1,AP,15,TYPE 5,Type 5 - New Formulation or New Manufacturer,STANDARD,FALSE,BAYER HLTHCARE,MYCELEX,CLOTRIMAZOLE,1% **Federal Register determination that product was not discontinued or withdrawn for safety or effectiveness reasons**,SOLUTION;TOPICAL,2,Over-the-counter,TRUE,1,0,0,0,0,0,0,,,,none (not a Type 1/1-4 original approval),,,data/raw/openfda_orig_decisions_1975_1979/decisions_1979.json,https://www.accessdata.fda.gov/scripts/cder/daf/index.cfm?event=overview.process&varApplNo=018181,https://api.fda.gov/drug/drugsfda.json?search=application_number:%22NDA018181%22,data/raw/drugsatfda_data_files_2026_09/Submissions_1965_1979.txt,7047,eb7003d97b6b24023b5fde542a5ba7ca4292259d9f323a1530d387a6e0091311,Verified (verbatim Drugs@FDA submission row; line number cited),"v23 2026-09-20: row read verbatim from the committed official Drugs@FDA Submissions extract (1965-1979 window) at the cited line number; the file re-hashes to the runner manifest SHA-256. Application type, holder and product facts come from the committed Drugs@FDA Applications/Products extracts. Holder is the CURRENT Drugs@FDA applicant of record, never asserted as the 1977-1979 applicant; no indication is recorded because the official extract publishes none. Supplement counts are approval actions (status AP) inside the committed 1965-1979 window only and understate lifetime post-approval activity."
PRE1980ACT-1979-045,1979,018182,NDA018182,TRACKED_NDA_ORIGINAL,1979-02-27,ORIG,1,AP,15,TYPE 5,Type 5 - New Formulation or New Manufacturer,STANDARD,FALSE,BAYER HEALTHCARE LLC,MYCELEX-7,CLOTRIMAZOLE,100MG,TABLET;VAGINAL,1,Discontinued,FALSE,0,0,0,0,0,0,0,,,,none (not a Type 1/1-4 original approval),,,data/raw/openfda_orig_decisions_1975_1979/decisions_1979.json,https://www.accessdata.fda.gov/scripts/cder/daf/index.cfm?event=overview.process&varApplNo=018182,https://api.fda.gov/drug/drugsfda.json?search=application_number:%22NDA018182%22,data/raw/drugsatfda_data_files_2026_09/Submissions_1965_1979.txt,7048,eb7003d97b6b24023b5fde542a5ba7ca4292259d9f323a1530d387a6e0091311,Verified (verbatim Drugs@FDA submission row; line number cited),"v23 2026-09-20: row read verbatim from the committed official Drugs@FDA Submissions extract (1965-1979 window) at the cited line number; the file re-hashes to the runner manifest SHA-256. Application type, holder and product facts come from the committed Drugs@FDA Applications/Products extracts. Holder is the CURRENT Drugs@FDA applicant of record, never asserted as the 1977-1979 applicant; no indication is recorded because the official extract publishes none. Supplement counts are approval actions (status AP) inside the committed 1965-1979 window only and understate lifetime post-approval activity."
PRE1980ACT-1979-046,1979,018183,NDA018183,TRACKED_NDA_ORIGINAL,1979-01-15,ORIG,1,AP,15,TYPE 5,Type 5 - New Formulation or New Manufacturer,STANDARD,FALSE,BAYER HEALTHCARE LLC,MYCELEX,CLOTRIMAZOLE,1%,CREAM;TOPICAL,1,Discontinued,FALSE,0,0,0,0,0,0,0,,,,none (not a Type 1/1-4 original approval),,,data/raw/openfda_orig_decisions_1975_1979/decisions_1979.json,https://www.accessdata.fda.gov/scripts/cder/daf/index.cfm?event=overview.process&varApplNo=018183,https://api.fda.gov/drug/drugsfda.json?search=application_number:%22NDA018183%22,data/raw/drugsatfda_data_files_2026_09/Submissions_1965_1979.txt,7049,eb7003d97b6b24023b5fde542a5ba7ca4292259d9f323a1530d387a6e0091311,Verified (verbatim Drugs@FDA submission row; line number cited),"v23 2026-09-20: row read verbatim from the committed official Drugs@FDA Submissions extract (1965-1979 window) at the cited line number; the file re-hashes to the runner manifest SHA-256. Application type, holder and product facts come from the committed Drugs@FDA Applications/Products extracts. Holder is the CURRENT Drugs@FDA applicant of record, never asserted as the 1977-1979 applicant; no indication is recorded because the official extract publishes none. Supplement counts are approval actions (status AP) inside the committed 1965-1979 window only and understate lifetime post-approval activity."
PRE1980ACT-1979-047,1979,018184,NDA018184,TRACKED_NDA_ORIGINAL,1979-06-08,ORIG,1,AP,,CLASS_ID_BLANK_NOT_IN_LOOKUP,,,FALSE,B BRAUN,SODIUM CHLORIDE 0.45% IN PLASTIC CONTAINER,SODIUM CHLORIDE,450MG/100ML,INJECTABLE;INJECTION,1,Discontinued,FALSE,0,2,2,0,0,0,0,,,,none (not a Type 1/1-4 original approval),,,data/raw/openfda_orig_decisions_1975_1979/decisions_1979.json,https://www.accessdata.fda.gov/scripts/cder/daf/index.cfm?event=overview.process&varApplNo=018184,https://api.fda.gov/drug/drugsfda.json?search=application_number:%22NDA018184%22,data/raw/drugsatfda_data_files_2026_09/Submissions_1965_1979.txt,7052,eb7003d97b6b24023b5fde542a5ba7ca4292259d9f323a1530d387a6e0091311,Verified (verbatim Drugs@FDA submission row; line number cited),"v23 2026-09-20: row read verbatim from the committed official Drugs@FDA Submissions extract (1965-1979 window) at the cited line number; the file re-hashes to the runner manifest SHA-256. Application type, holder and product facts come from the committed Drugs@FDA Applications/Products extracts. Holder is the CURRENT Drugs@FDA applicant of record, never asserted as the 1977-1979 applicant; no indication is recorded because the official extract publishes none. Supplement counts are approval actions (status AP) inside the committed 1965-1979 window only and understate lifetime post-approval activity."
PRE1980ACT-1979-048,1979,018186,NDA018186,TRACKED_NDA_ORIGINAL,1979-06-15,ORIG,1,AP,,CLASS_ID_BLANK_NOT_IN_LOOKUP,,,FALSE,B BRAUN,SODIUM LACTATE 0.167 MOLAR IN PLASTIC CONTAINER,SODIUM LACTATE,1.87GM/100ML,INJECTABLE;INJECTION,1,Discontinued,FALSE,0,2,2,0,0,0,0,,,,none (not a Type 1/1-4 original approval),,,data/raw/openfda_orig_decisions_1975_1979/decisions_1979.json,https://www.accessdata.fda.gov/scripts/cder/daf/index.cfm?event=overview.process&varApplNo=018186,https://api.fda.gov/drug/drugsfda.json?search=application_number:%22NDA018186%22,data/raw/drugsatfda_data_files_2026_09/Submissions_1965_1979.txt,7055,eb7003d97b6b24023b5fde542a5ba7ca4292259d9f323a1530d387a6e0091311,Verified (verbatim Drugs@FDA submission row; line number cited),"v23 2026-09-20: row read verbatim from the committed official Drugs@FDA Submissions extract (1965-1979 window) at the cited line number; the file re-hashes to the runner manifest SHA-256. Application type, holder and product facts come from the committed Drugs@FDA Applications/Products extracts. Holder is the CURRENT Drugs@FDA applicant of record, never asserted as the 1977-1979 applicant; no indication is recorded because the official extract publishes none. Supplement counts are approval actions (status AP) inside the committed 1965-1979 window only and understate lifetime post-approval activity."
PRE1980ACT-1979-049,1979,018203,NDA018203,TRACKED_NDA_ORIGINAL,1979-05-16,ORIG,1,AP,7,TYPE 1,Type 1 - New Molecular Entity,STANDARD,TRUE,ABBOTT,LIPOSYN 10%,SAFFLOWER OIL,10% (10GM/100ML),INJECTABLE;INJECTION,1,Discontinued,FALSE,0,2,2,0,0,0,0,,,,PRE1980-1979-05,PRE1980-1979-05,,data/raw/openfda_orig_decisions_1975_1979/decisions_1979.json,https://www.accessdata.fda.gov/scripts/cder/daf/index.cfm?event=overview.process&varApplNo=018203,https://api.fda.gov/drug/drugsfda.json?search=application_number:%22NDA018203%22,data/raw/drugsatfda_data_files_2026_09/Submissions_1965_1979.txt,7058,eb7003d97b6b24023b5fde542a5ba7ca4292259d9f323a1530d387a6e0091311,Verified (verbatim Drugs@FDA submission row; line number cited),"v23 2026-09-20: row read verbatim from the committed official Drugs@FDA Submissions extract (1965-1979 window) at the cited line number; the file re-hashes to the runner manifest SHA-256. Application type, holder and product facts come from the committed Drugs@FDA Applications/Products extracts. Holder is the CURRENT Drugs@FDA applicant of record, never asserted as the 1977-1979 applicant; no indication is recorded because the official extract publishes none. Supplement counts are approval actions (status AP) inside the committed 1965-1979 window only and understate lifetime post-approval activity."
PRE1980ACT-1979-050,1979,018206,NDA018206,TRACKED_NDA_ORIGINAL,1979-07-26,ORIG,1,AP,12,TYPE 3,Type 3 - New Dosage Form,STANDARD,FALSE,CADENCE HEALTH,LO/OVRAL FE,ETHINYL ESTRADIOL; LEVONORGESTREL; FERROUS FUMARATE,"0.03MG,0.3MG;75MG",TABLET;ORAL,1,Prescription,FALSE,0,0,0,6,3,0,0,"http://www.accessdata.fda.gov/drugsatfda_docs/appletter/2017/017612Orig1s043,018206Orig1s021ltr.pdf",,"http://www.accessdata.fda.gov/drugsatfda_docs/label/2017/017612s043,018206s021lbl.pdf",none (not a Type 1/1-4 original approval),,,data/raw/openfda_orig_decisions_1975_1979/decisions_1979.json,https://www.accessdata.fda.gov/scripts/cder/daf/index.cfm?event=overview.process&varApplNo=018206,https://api.fda.gov/drug/drugsfda.json?search=application_number:%22NDA018206%22,data/raw/drugsatfda_data_files_2026_09/Submissions_1965_1979.txt,7059,eb7003d97b6b24023b5fde542a5ba7ca4292259d9f323a1530d387a6e0091311,Verified (verbatim Drugs@FDA submission row; line number cited),"v23 2026-09-20: row read verbatim from the committed official Drugs@FDA Submissions extract (1965-1979 window) at the cited line number; the file re-hashes to the runner manifest SHA-256. Application type, holder and product facts come from the committed Drugs@FDA Applications/Products extracts. Holder is the CURRENT Drugs@FDA applicant of record, never asserted as the 1977-1979 applicant; no indication is recorded because the official extract publishes none. Supplement counts are approval actions (status AP) inside the committed 1965-1979 window only and understate lifetime post-approval activity."
PRE1980ACT-1979-051,1979,018211,NDA018211,TRACKED_NDA_ORIGINAL,1979-11-29,ORIG,1,AP,12,TYPE 3,Type 3 - New Dosage Form,STANDARD,FALSE,ORTHO MCNEIL JANSSEN,DITROPAN,OXYBUTYNIN CHLORIDE,5MG/5ML **Federal Register determination that product was not discontinued or withdrawn for safety or effectiveness reasons**,SYRUP;ORAL,1,Discontinued,TRUE,1,0,0,7,2,2,0,"http://www.accessdata.fda.gov/drugsatfda_docs/appletter/2003/17577se8-033,18211se8-016,20897slr010ltr.pdf",,"http://www.accessdata.fda.gov/drugsatfda_docs/label/2003/17577se8-033,18211se8-016,20897slr010_ditropan_lbl.pdf",none (not a Type 1/1-4 original approval),,,data/raw/openfda_orig_decisions_1975_1979/decisions_1979.json,https://www.accessdata.fda.gov/scripts/cder/daf/index.cfm?event=overview.process&varApplNo=018211,https://api.fda.gov/drug/drugsfda.json?search=application_number:%22NDA018211%22,data/raw/drugsatfda_data_files_2026_09/Submissions_1965_1979.txt,7060,eb7003d97b6b24023b5fde542a5ba7ca4292259d9f323a1530d387a6e0091311,Verified (verbatim Drugs@FDA submission row; line number cited),"v23 2026-09-20: row read verbatim from the committed official Drugs@FDA Submissions extract (1965-1979 window) at the cited line number; the file re-hashes to the runner manifest SHA-256. Application type, holder and product facts come from the committed Drugs@FDA Applications/Products extracts. Holder is the CURRENT Drugs@FDA applicant of record, never asserted as the 1977-1979 applicant; no indication is recorded because the official extract publishes none. Supplement counts are approval actions (status AP) inside the committed 1965-1979 window only and understate lifetime post-approval activity."
PRE1980ACT-1979-052,1979,018229,NDA018229,TRACKED_NDA_ORIGINAL,1979-06-28,ORIG,1,AP,15,TYPE 5,Type 5 - New Formulation or New Manufacturer,STANDARD,FALSE,B BRAUN,DEXTROSE 10% AND SODIUM CHLORIDE 0.45% IN PLASTIC CONTAINER,DEXTROSE; SODIUM CHLORIDE,10GM/100ML;450MG/100ML,INJECTABLE;INJECTION,1,Discontinued,FALSE,0,2,2,0,0,0,0,,,,none (not a Type 1/1-4 original approval),,,data/raw/openfda_orig_decisions_1975_1979/decisions_1979.json,https://www.accessdata.fda.gov/scripts/cder/daf/index.cfm?event=overview.process&varApplNo=018229,https://api.fda.gov/drug/drugsfda.json?search=application_number:%22NDA018229%22,data/raw/drugsatfda_data_files_2026_09/Submissions_1965_1979.txt,7061,eb7003d97b6b24023b5fde542a5ba7ca4292259d9f323a1530d387a6e0091311,Verified (verbatim Drugs@FDA submission row; line number cited),"v23 2026-09-20: row read verbatim from the committed official Drugs@FDA Submissions extract (1965-1979 window) at the cited line number; the file re-hashes to the runner manifest SHA-256. Application type, holder and product facts come from the committed Drugs@FDA Applications/Products extracts. Holder is the CURRENT Drugs@FDA applicant of record, never asserted as the 1977-1979 applicant; no indication is recorded because the official extract publishes none. Supplement counts are approval actions (status AP) inside the committed 1965-1979 window only and understate lifetime post-approval activity."
PRE1980ACT-1979-053,1979,018230,NDA018230,TRACKED_NDA_ORIGINAL,1979-02-16,ORIG,1,AP,15,TYPE 5,Type 5 - New Formulation or New Manufacturer,STANDARD,FALSE,BAYER HEALTHCARE LLC,MYCELEX-7,CLOTRIMAZOLE,1%,CREAM;VAGINAL,1,Discontinued,FALSE,0,0,0,0,0,0,0,,,,none (not a Type 1/1-4 original approval),,,data/raw/openfda_orig_decisions_1975_1979/decisions_1979.json,https://www.accessdata.fda.gov/scripts/cder/daf/index.cfm?event=overview.process&varApplNo=018230,https://api.fda.gov/drug/drugsfda.json?search=application_number:%22NDA018230%22,data/raw/drugsatfda_data_files_2026_09/Submissions_1965_1979.txt,7064,eb7003d97b6b24023b5fde542a5ba7ca4292259d9f323a1530d387a6e0091311,Verified (verbatim Drugs@FDA submission row; line number cited),"v23 2026-09-20: row read verbatim from the committed official Drugs@FDA Submissions extract (1965-1979 window) at the cited line number; the file re-hashes to the runner manifest SHA-256. Application type, holder and product facts come from the committed Drugs@FDA Applications/Products extracts. Holder is the CURRENT Drugs@FDA applicant of record, never asserted as the 1977-1979 applicant; no indication is recorded because the official extract publishes none. Supplement counts are approval actions (status AP) inside the committed 1965-1979 window only and understate lifetime post-approval activity."
PRE1980ACT-1979-054,1979,018256,NDA018256,TRACKED_NDA_ORIGINAL,1979-08-28,ORIG,1,AP,,CLASS_ID_BLANK_NOT_IN_LOOKUP,,,FALSE,B BRAUN,DEXTROSE 5% IN RINGER'S IN PLASTIC CONTAINER,CALCIUM CHLORIDE; DEXTROSE; POTASSIUM CHLORIDE; SODIUM CHLORIDE,33MG/100ML;5GM/100ML;30MG/100ML;860MG/100ML,INJECTABLE;INJECTION,1,Discontinued,FALSE,0,0,0,0,0,0,0,,,,none (not a Type 1/1-4 original approval),,,data/raw/openfda_orig_decisions_1975_1979/decisions_1979.json,https://www.accessdata.fda.gov/scripts/cder/daf/index.cfm?event=overview.process&varApplNo=018256,https://api.fda.gov/drug/drugsfda.json?search=application_number:%22NDA018256%22,data/raw/drugsatfda_data_files_2026_09/Submissions_1965_1979.txt,7065,eb7003d97b6b24023b5fde542a5ba7ca4292259d9f323a1530d387a6e0091311,Verified (verbatim Drugs@FDA submission row; line number cited),"v23 2026-09-20: row read verbatim from the committed official Drugs@FDA Submissions extract (1965-1979 window) at the cited line number; the file re-hashes to the runner manifest SHA-256. Application type, holder and product facts come from the committed Drugs@FDA Applications/Products extracts. Holder is the CURRENT Drugs@FDA applicant of record, never asserted as the 1977-1979 applicant; no indication is recorded because the official extract publishes none. Supplement counts are approval actions (status AP) inside the committed 1965-1979 window only and understate lifetime post-approval activity."
PRE1980ACT-1979-055,1979,018264,NDA018264,TRACKED_NDA_ORIGINAL,1979-09-19,ORIG,1,AP,12,TYPE 3,Type 3 - New Dosage Form,PRIORITY,FALSE,PH HEALTH,DANTRIUM,DANTROLENE SODIUM,20MG/VIAL,INJECTABLE;INJECTION,1,Prescription,FALSE,0,0,0,4,2,0,0,http://www.accessdata.fda.gov/drugsatfda_docs/appletter/2008/018264s025ltr.pdf,,http://www.accessdata.fda.gov/drugsatfda_docs/label/2008/018264s025lbl.pdf,none (not a Type 1/1-4 original approval),,,data/raw/openfda_orig_decisions_1975_1979/decisions_1979.json,https://www.accessdata.fda.gov/scripts/cder/daf/index.cfm?event=overview.process&varApplNo=018264,https://api.fda.gov/drug/drugsfda.json?search=application_number:%22NDA018264%22,data/raw/drugsatfda_data_files_2026_09/Submissions_1965_1979.txt,7066,eb7003d97b6b24023b5fde542a5ba7ca4292259d9f323a1530d387a6e0091311,Verified (verbatim Drugs@FDA submission row; line number cited),"v23 2026-09-20: row read verbatim from the committed official Drugs@FDA Submissions extract (1965-1979 window) at the cited line number; the file re-hashes to the runner manifest SHA-256. Application type, holder and product facts come from the committed Drugs@FDA Applications/Products extracts. Holder is the CURRENT Drugs@FDA applicant of record, never asserted as the 1977-1979 applicant; no indication is recorded because the official extract publishes none. Supplement counts are approval actions (status AP) inside the committed 1965-1979 window only and understate lifetime post-approval activity."
PRE1980ACT-1979-056,1979,018288,,KIND_UNRESOLVED,1979-05-23,ORIG,1,AP,15,TYPE 5,Type 5 - New Formulation or New Manufacturer,STANDARD,FALSE,,,,,,0,,FALSE,0,0,0,0,0,0,0,,,,,,FULldb-1979-UNRES03,,https://www.accessdata.fda.gov/scripts/cder/daf/index.cfm?event=overview.process&varApplNo=018288,,data/raw/drugsatfda_data_files_2026_09/Submissions_1965_1979.txt,7067,eb7003d97b6b24023b5fde542a5ba7ca4292259d9f323a1530d387a6e0091311,"Verified row, application type not published (KIND_UNRESOLVED) - review candidate only","v23 2026-09-20: row read verbatim from the committed official Drugs@FDA Submissions extract (1965-1979 window) at the cited line number; the file re-hashes to the runner manifest SHA-256. ApplNo is absent from the unfiltered Applications table, so no NDA/ANDA/BLA type can be asserted; the openFDA payloads do not carry it either. This is a review candidate, never an approval row in the NME decision table. Cross-check record FULldb-1979-UNRES03."
PRE1980ACT-1979-057,1979,018307,NDA018307,TRACKED_NDA_ORIGINAL,1979-11-09,ORIG,1,AP,,CLASS_ID_BLANK_NOT_IN_LOOKUP,,,FALSE,MEDA PHARMS,THYRO-BLOCK,POTASSIUM IODIDE,130MG,TABLET;ORAL,1,Discontinued,FALSE,0,0,0,0,0,0,0,,,,none (not a Type 1/1-4 original approval),,,data/raw/openfda_orig_decisions_1975_1979/decisions_1979.json,https://www.accessdata.fda.gov/scripts/cder/daf/index.cfm?event=overview.process&varApplNo=018307,https://api.fda.gov/drug/drugsfda.json?search=application_number:%22NDA018307%22,data/raw/drugsatfda_data_files_2026_09/Submissions_1965_1979.txt,7068,eb7003d97b6b24023b5fde542a5ba7ca4292259d9f323a1530d387a6e0091311,Verified (verbatim Drugs@FDA submission row; line number cited),"v23 2026-09-20: row read verbatim from the committed official Drugs@FDA Submissions extract (1965-1979 window) at the cited line number; the file re-hashes to the runner manifest SHA-256. Application type, holder and product facts come from the committed Drugs@FDA Applications/Products extracts. Holder is the CURRENT Drugs@FDA applicant of record, never asserted as the 1977-1979 applicant; no indication is recorded because the official extract publishes none. Supplement counts are approval actions (status AP) inside the committed 1965-1979 window only and understate lifetime post-approval activity."
PRE1980ACT-1979-058,1979,018308,,KIND_UNRESOLVED,1979-11-09,ORIG,1,AP,,,,,FALSE,,,,,,0,,FALSE,0,0,0,0,0,0,0,,,,,,FULldb-1979-UNRES15,,https://www.accessdata.fda.gov/scripts/cder/daf/index.cfm?event=overview.process&varApplNo=018308,,data/raw/drugsatfda_data_files_2026_09/Submissions_1965_1979.txt,7069,eb7003d97b6b24023b5fde542a5ba7ca4292259d9f323a1530d387a6e0091311,"Verified row, application type not published (KIND_UNRESOLVED) - review candidate only","v23 2026-09-20: row read verbatim from the committed official Drugs@FDA Submissions extract (1965-1979 window) at the cited line number; the file re-hashes to the runner manifest SHA-256. ApplNo is absent from the unfiltered Applications table, so no NDA/ANDA/BLA type can be asserted; the openFDA payloads do not carry it either. This is a review candidate, never an approval row in the NME decision table. Cross-check record FULldb-1979-UNRES15."
PRE1980ACT-1978-069,1978,019854,NDA019854,TRACKED_NDA_ORIGINAL,1978-11-08,ORIG,1,AP,15,TYPE 5,Type 5 - New Formulation or New Manufacturer,STANDARD,FALSE,MYLAN SPECIALITY LP,DEPEN,PENICILLAMINE,250MG,TABLET;ORAL,1,Prescription,FALSE,0,0,0,0,0,0,0,,,,none (not a Type 1/1-4 original approval),,,data/raw/openfda_orig_decisions_1975_1979/decisions_1978.json,https://www.accessdata.fda.gov/scripts/cder/daf/index.cfm?event=overview.process&varApplNo=019854,https://api.fda.gov/drug/drugsfda.json?search=application_number:%22NDA019854%22,data/raw/drugsatfda_data_files_2026_09/Submissions_1965_1979.txt,7071,eb7003d97b6b24023b5fde542a5ba7ca4292259d9f323a1530d387a6e0091311,Verified (verbatim Drugs@FDA submission row; line number cited),"v23 2026-09-20: row read verbatim from the committed official Drugs@FDA Submissions extract (1965-1979 window) at the cited line number; the file re-hashes to the runner manifest SHA-256. Application type, holder and product facts come from the committed Drugs@FDA Applications/Products extracts. Holder is the CURRENT Drugs@FDA applicant of record, never asserted as the 1977-1979 applicant; no indication is recorded because the official extract publishes none. Supplement counts are approval actions (status AP) inside the committed 1965-1979 window only and understate lifetime post-approval activity."
PRE1980ACT-1978-070,1978,020216,NDA020216,TRACKED_NDA_ORIGINAL,1978-10-16,ORIG,1,AP,19,UNKNOWN,,UNKNOWN,FALSE,WYETH PHARMS,PREMARIN,"ESTROGENS, CONJUGATED",0.625MG/GM,"CREAM;TOPICAL, VAGINAL",1,Prescription,FALSE,0,0,0,34,14,6,4,"http://www.accessdata.fda.gov/drugsatfda_docs/appletter/2005/010402s048,020216s054ltr.pdf",http://www.accessdata.fda.gov/drugsatfda_docs/nda/pre96/020216_s018_premarin vaginal cream.pdf,"http://www.accessdata.fda.gov/drugsatfda_docs/label/2005/010402s048,020216s054lbl.pdf",none (not a Type 1/1-4 original approval),,,data/raw/openfda_orig_decisions_1975_1979/decisions_1978.json,https://www.accessdata.fda.gov/scripts/cder/daf/index.cfm?event=overview.process&varApplNo=020216,https://api.fda.gov/drug/drugsfda.json?search=application_number:%22NDA020216%22,data/raw/drugsatfda_data_files_2026_09/Submissions_1965_1979.txt,7072,eb7003d97b6b24023b5fde542a5ba7ca4292259d9f323a1530d387a6e0091311,Verified (verbatim Drugs@FDA submission row; line number cited),"v23 2026-09-20: row read verbatim from the committed official Drugs@FDA Submissions extract (1965-1979 window) at the cited line number; the file re-hashes to the runner manifest SHA-256. Application type, holder and product facts come from the committed Drugs@FDA Applications/Products extracts. Holder is the CURRENT Drugs@FDA applicant of record, never asserted as the 1977-1979 applicant; no indication is recorded because the official extract publishes none. Supplement counts are approval actions (status AP) inside the committed 1965-1979 window only and understate lifetime post-approval activity."
PRE1980ACT-1978-071,1978,021846,BLA021846,TRACKED_NDA_ORIGINAL,1978-01-16,ORIG,1,AP,19,UNKNOWN,,UNKNOWN,FALSE,MICROBIX BIOSYSTEMS,KINLYTIC,UROKINASE,"250,000 IU/VIAL",INJECTABLE;INJECTION,3,Discontinued,FALSE,0,0,0,6,0,0,0,,,,none (not a Type 1/1-4 original approval),,,data/raw/openfda_orig_decisions_1975_1979/decisions_1978.json,https://www.accessdata.fda.gov/scripts/cder/daf/index.cfm?event=overview.process&varApplNo=021846,https://api.fda.gov/drug/drugsfda.json?search=application_number:%22BLA021846%22,data/raw/drugsatfda_data_files_2026_09/Submissions_1965_1979.txt,7076,eb7003d97b6b24023b5fde542a5ba7ca4292259d9f323a1530d387a6e0091311,Verified (verbatim Drugs@FDA submission row; line number cited),"v23 2026-09-20: row read verbatim from the committed official Drugs@FDA Submissions extract (1965-1979 window) at the cited line number; the file re-hashes to the runner manifest SHA-256. Application type, holder and product facts come from the committed Drugs@FDA Applications/Products extracts. Holder is the CURRENT Drugs@FDA applicant of record, never asserted as the 1977-1979 applicant; no indication is recorded because the official extract publishes none. Supplement counts are approval actions (status AP) inside the committed 1965-1979 window only and understate lifetime post-approval activity."
PRE1980ACT-1979-059,1979,050484,NDA050484,TRACKED_NDA_ORIGINAL,1979-12-19,ORIG,1,AP,7,TYPE 1,Type 1 - New Molecular Entity,PRIORITY,TRUE,WYETH AYERST,CERUBIDINE,DAUNORUBICIN HYDROCHLORIDE,EQ 20MG BASE/VIAL **Federal Register determination that product was not discontinued or withdrawn for safety or effectiveness reasons**,INJECTABLE;INJECTION,1,Discontinued,TRUE,1,0,0,0,0,0,0,,,,PRE1980-1979-13,PRE1980-1979-13,,data/raw/openfda_orig_decisions_1975_1979/decisions_1979.json,https://www.accessdata.fda.gov/scripts/cder/daf/index.cfm?event=overview.process&varApplNo=050484,https://api.fda.gov/drug/drugsfda.json?search=application_number:%22NDA050484%22,data/raw/drugsatfda_data_files_2026_09/Submissions_1965_1979.txt,9195,eb7003d97b6b24023b5fde542a5ba7ca4292259d9f323a1530d387a6e0091311,Verified (verbatim Drugs@FDA submission row; line number cited),"v23 2026-09-20: row read verbatim from the committed official Drugs@FDA Submissions extract (1965-1979 window) at the cited line number; the file re-hashes to the runner manifest SHA-256. Application type, holder and product facts come from the committed Drugs@FDA Applications/Products extracts. Holder is the CURRENT Drugs@FDA applicant of record, never asserted as the 1977-1979 applicant; no indication is recorded because the official extract publishes none. Supplement counts are approval actions (status AP) inside the committed 1965-1979 window only and understate lifetime post-approval activity."
PRE1980ACT-1977-056,1977,050493,NDA050493,TRACKED_NDA_ORIGINAL,1977-09-21,ORIG,1,AP,12,TYPE 3,Type 3 - New Dosage Form,STANDARD,FALSE,SHIRE,TOPICYCLINE,TETRACYCLINE HYDROCHLORIDE,2.2MG/ML,FOR SOLUTION;TOPICAL,1,Discontinued,FALSE,0,14,1,0,0,0,0,,,,none (not a Type 1/1-4 original approval),,,data/raw/openfda_orig_decisions_1975_1979/decisions_1977.json,https://www.accessdata.fda.gov/scripts/cder/daf/index.cfm?event=overview.process&varApplNo=050493,https://api.fda.gov/drug/drugsfda.json?search=application_number:%22NDA050493%22,data/raw/drugsatfda_data_files_2026_09/Submissions_1965_1979.txt,9218,eb7003d97b6b24023b5fde542a5ba7ca4292259d9f323a1530d387a6e0091311,Verified (verbatim Drugs@FDA submission row; line number cited),"v23 2026-09-20: row read verbatim from the committed official Drugs@FDA Submissions extract (1965-1979 window) at the cited line number; the file re-hashes to the runner manifest SHA-256. Application type, holder and product facts come from the committed Drugs@FDA Applications/Products extracts. Holder is the CURRENT Drugs@FDA applicant of record, never asserted as the 1977-1979 applicant; no indication is recorded because the official extract publishes none. Supplement counts are approval actions (status AP) inside the committed 1965-1979 window only and understate lifetime post-approval activity."
PRE1980ACT-1978-072,1978,050504,NDA050504,TRACKED_NDA_ORIGINAL,1978-09-27,ORIG,1,AP,7,TYPE 1,Type 1 - New Molecular Entity,PRIORITY,TRUE,LILLY,MANDOL,CEFAMANDOLE NAFATE,EQ 500MG BASE/VIAL,INJECTABLE;INJECTION,4,Discontinued,FALSE,0,10,2,2,2,0,0,http://www.accessdata.fda.gov/drugsatfda_docs/appletter/2002/50504s059ltr.pdf,,,PRE1980-1978-16,PRE1980-1978-16,,data/raw/openfda_orig_decisions_1975_1979/decisions_1978.json,https://www.accessdata.fda.gov/scripts/cder/daf/index.cfm?event=overview.process&varApplNo=050504,https://api.fda.gov/drug/drugsfda.json?search=application_number:%22NDA050504%22,data/raw/drugsatfda_data_files_2026_09/Submissions_1965_1979.txt,9228,eb7003d97b6b24023b5fde542a5ba7ca4292259d9f323a1530d387a6e0091311,Verified (verbatim Drugs@FDA submission row; line number cited),"v23 2026-09-20: row read verbatim from the committed official Drugs@FDA Submissions extract (1965-1979 window) at the cited line number; the file re-hashes to the runner manifest SHA-256. Application type, holder and product facts come from the committed Drugs@FDA Applications/Products extracts. Holder is the CURRENT Drugs@FDA applicant of record, never asserted as the 1977-1979 applicant; no indication is recorded because the official extract publishes none. Supplement counts are approval actions (status AP) inside the committed 1965-1979 window only and understate lifetime post-approval activity."
PRE1980ACT-1979-060,1979,050505,NDA050505,TRACKED_NDA_ORIGINAL,1979-10-01,ORIG,1,AP,12,TYPE 3,Type 3 - New Dosage Form,STANDARD,FALSE,SCHERING,GARAMYCIN,GENTAMICIN SULFATE,EQ 2MG BASE/ML **Federal Register determination that product was not discontinued or withdrawn for safety or effectiveness reasons**,INJECTABLE;INTRATHECAL,1,Discontinued,TRUE,1,0,0,0,0,0,0,,,,none (not a Type 1/1-4 original approval),,,data/raw/openfda_orig_decisions_1975_1979/decisions_1979.json,https://www.accessdata.fda.gov/scripts/cder/daf/index.cfm?event=overview.process&varApplNo=050505,https://api.fda.gov/drug/drugsfda.json?search=application_number:%22NDA050505%22,data/raw/drugsatfda_data_files_2026_09/Submissions_1965_1979.txt,9231,eb7003d97b6b24023b5fde542a5ba7ca4292259d9f323a1530d387a6e0091311,Verified (verbatim Drugs@FDA submission row; line number cited),"v23 2026-09-20: row read verbatim from the committed official Drugs@FDA Submissions extract (1965-1979 window) at the cited line number; the file re-hashes to the runner manifest SHA-256. Application type, holder and product facts come from the committed Drugs@FDA Applications/Products extracts. Holder is the CURRENT Drugs@FDA applicant of record, never asserted as the 1977-1979 applicant; no indication is recorded because the official extract publishes none. Supplement counts are approval actions (status AP) inside the committed 1965-1979 window only and understate lifetime post-approval activity."
PRE1980ACT-1979-061,1979,050508,NDA050508,TRACKED_NDA_ORIGINAL,1979-09-14,ORIG,1,AP,7,TYPE 1,Type 1 - New Molecular Entity,STANDARD,TRUE,WYETH AYERST,CYCLAPEN-W,CYCLACILLIN,125MG/5ML,FOR SUSPENSION;ORAL,3,Discontinued,FALSE,0,2,2,0,0,0,0,,,,PRE1980-1979-07,PRE1980-1979-07,,data/raw/openfda_orig_decisions_1975_1979/decisions_1979.json,https://www.accessdata.fda.gov/scripts/cder/daf/index.cfm?event=overview.process&varApplNo=050508,https://api.fda.gov/drug/drugsfda.json?search=application_number:%22NDA050508%22,data/raw/drugsatfda_data_files_2026_09/Submissions_1965_1979.txt,9234,eb7003d97b6b24023b5fde542a5ba7ca4292259d9f323a1530d387a6e0091311,Verified (verbatim Drugs@FDA submission row; line number cited),"v23 2026-09-20: row read verbatim from the committed official Drugs@FDA Submissions extract (1965-1979 window) at the cited line number; the file re-hashes to the runner manifest SHA-256. Application type, holder and product facts come from the committed Drugs@FDA Applications/Products extracts. Holder is the CURRENT Drugs@FDA applicant of record, never asserted as the 1977-1979 applicant; no indication is recorded because the official extract publishes none. Supplement counts are approval actions (status AP) inside the committed 1965-1979 window only and understate lifetime post-approval activity."
PRE1980ACT-1979-062,1979,050509,NDA050509,TRACKED_NDA_ORIGINAL,1979-09-13,ORIG,1,AP,12,TYPE 3,Type 3 - New Dosage Form,STANDARD,FALSE,WYETH AYERST,CYCLAPEN-W,CYCLACILLIN,250MG,TABLET;ORAL,2,Discontinued,FALSE,0,2,2,0,0,0,0,,,,none (not a Type 1/1-4 original approval),,,data/raw/openfda_orig_decisions_1975_1979/decisions_1979.json,https://www.accessdata.fda.gov/scripts/cder/daf/index.cfm?event=overview.process&varApplNo=050509,https://api.fda.gov/drug/drugsfda.json?search=application_number:%22NDA050509%22,data/raw/drugsatfda_data_files_2026_09/Submissions_1965_1979.txt,9235,eb7003d97b6b24023b5fde542a5ba7ca4292259d9f323a1530d387a6e0091311,Verified (verbatim Drugs@FDA submission row; line number cited),"v23 2026-09-20: row read verbatim from the committed official Drugs@FDA Submissions extract (1965-1979 window) at the cited line number; the file re-hashes to the runner manifest SHA-256. Application type, holder and product facts come from the committed Drugs@FDA Applications/Products extracts. Holder is the CURRENT Drugs@FDA applicant of record, never asserted as the 1977-1979 applicant; no indication is recorded because the official extract publishes none. Supplement counts are approval actions (status AP) inside the committed 1965-1979 window only and understate lifetime post-approval activity."
PRE1980ACT-1978-073,1978,050512,NDA050512,TRACKED_NDA_ORIGINAL,1978-02-17,ORIG,1,AP,7,TYPE 1,Type 1 - New Molecular Entity,STANDARD,TRUE,WARNER CHILCOTT,DURICEF,CEFADROXIL/CEFADROXIL HEMIHYDRATE,EQ 500MG BASE **Federal Register determination that product was not discontinued or withdrawn for safety or effectiveness reasons**,CAPSULE;ORAL,2,Discontinued,TRUE,1,10,5,6,3,0,0,http://www.accessdata.fda.gov/drugsatfda_docs/appletter/2002/50512s044ltr.pdf,,http://www.accessdata.fda.gov/drugsatfda_docs/label/2002/50512s44lbl.pdf,PRE1980-1978-02,PRE1980-1978-02,,data/raw/openfda_orig_decisions_1975_1979/decisions_1978.json,https://www.accessdata.fda.gov/scripts/cder/daf/index.cfm?event=overview.process&varApplNo=050512,https://api.fda.gov/drug/drugsfda.json?search=application_number:%22NDA050512%22,data/raw/drugsatfda_data_files_2026_09/Submissions_1965_1979.txt,9248,eb7003d97b6b24023b5fde542a5ba7ca4292259d9f323a1530d387a6e0091311,Verified (verbatim Drugs@FDA submission row; line number cited),"v23 2026-09-20: row read verbatim from the committed official Drugs@FDA Submissions extract (1965-1979 window) at the cited line number; the file re-hashes to the runner manifest SHA-256. Application type, holder and product facts come from the committed Drugs@FDA Applications/Products extracts. Holder is the CURRENT Drugs@FDA applicant of record, never asserted as the 1977-1979 applicant; no indication is recorded because the official extract publishes none. Supplement counts are approval actions (status AP) inside the committed 1965-1979 window only and understate lifetime post-approval activity."
PRE1980ACT-1978-074,1978,050514,NDA050514,TRACKED_NDA_ORIGINAL,1978-10-30,ORIG,1,AP,12,TYPE 3,Type 3 - New Dosage Form,PRIORITY,FALSE,HARROW EYE,NATACYN,NATAMYCIN,5%,SUSPENSION;OPHTHALMIC,1,Prescription,FALSE,0,0,0,5,2,1,0,http://www.accessdata.fda.gov/drugsatfda_docs/appletter/2008/050514s009ltr.pdf,,http://www.accessdata.fda.gov/drugsatfda_docs/label/2008/050514s009lbl.pdf,none (not a Type 1/1-4 original approval),,,data/raw/openfda_orig_decisions_1975_1979/decisions_1978.json,https://www.accessdata.fda.gov/scripts/cder/daf/index.cfm?event=overview.process&varApplNo=050514,https://api.fda.gov/drug/drugsfda.json?search=application_number:%22NDA050514%22,data/raw/drugsatfda_data_files_2026_09/Submissions_1965_1979.txt,9249,eb7003d97b6b24023b5fde542a5ba7ca4292259d9f323a1530d387a6e0091311,Verified (verbatim Drugs@FDA submission row; line number cited),"v23 2026-09-20: row read verbatim from the committed official Drugs@FDA Submissions extract (1965-1979 window) at the cited line number; the file re-hashes to the runner manifest SHA-256. Application type, holder and product facts come from the committed Drugs@FDA Applications/Products extracts. Holder is the CURRENT Drugs@FDA applicant of record, never asserted as the 1977-1979 applicant; no indication is recorded because the official extract publishes none. Supplement counts are approval actions (status AP) inside the committed 1965-1979 window only and understate lifetime post-approval activity."
PRE1980ACT-1978-075,1978,050517,NDA050517,TRACKED_NDA_ORIGINAL,1978-10-18,ORIG,1,AP,7,TYPE 1,Type 1 - New Molecular Entity,PRIORITY,TRUE,PHARMOBEDIENT,MEFOXIN,CEFOXITIN SODIUM,EQ 1GM BASE/VIAL **Federal Register determination that product was not discontinued or withdrawn for safety or effectiveness reasons**,INJECTABLE;INJECTION,3,Discontinued,TRUE,3,0,0,14,7,3,0,"http://www.accessdata.fda.gov/drugsatfda_docs/appletter/2004/50517slr042,045ltr.pdf",,http://www.accessdata.fda.gov/drugsatfda_docs/label/2004/50517slr046_mefoxin_lbl.pdf,PRE1980-1978-17,PRE1980-1978-17,,data/raw/openfda_orig_decisions_1975_1979/decisions_1978.json,https://www.accessdata.fda.gov/scripts/cder/daf/index.cfm?event=overview.process&varApplNo=050517,https://api.fda.gov/drug/drugsfda.json?search=application_number:%22NDA050517%22,data/raw/drugsatfda_data_files_2026_09/Submissions_1965_1979.txt,9250,eb7003d97b6b24023b5fde542a5ba7ca4292259d9f323a1530d387a6e0091311,Verified (verbatim Drugs@FDA submission row; line number cited),"v23 2026-09-20: row read verbatim from the committed official Drugs@FDA Submissions extract (1965-1979 window) at the cited line number; the file re-hashes to the runner manifest SHA-256. Application type, holder and product facts come from the committed Drugs@FDA Applications/Products extracts. Holder is the CURRENT Drugs@FDA applicant of record, never asserted as the 1977-1979 applicant; no indication is recorded because the official extract publishes none. Supplement counts are approval actions (status AP) inside the committed 1965-1979 window only and understate lifetime post-approval activity."
PRE1980ACT-1979-063,1979,050519,NDA050519,TRACKED_NDA_ORIGINAL,1979-06-11,ORIG,1,AP,12,TYPE 3,Type 3 - New Dosage Form,STANDARD,FALSE,LILLY,NEBCIN,TOBRAMYCIN SULFATE,EQ 1.2GM BASE/VIAL **Federal Register determination that product was not discontinued or withdrawn for safety or effectiveness reasons**,INJECTABLE;INJECTION,1,Discontinued,TRUE,1,0,0,1,1,0,0,"http://www.accessdata.fda.gov/drugsatfda_docs/appletter/2003/50477slr024,50519slr024ltr.pdf",,,none (not a Type 1/1-4 original approval),,,data/raw/openfda_orig_decisions_1975_1979/decisions_1979.json,https://www.accessdata.fda.gov/scripts/cder/daf/index.cfm?event=overview.process&varApplNo=050519,https://api.fda.gov/drug/drugsfda.json?search=application_number:%22NDA050519%22,data/raw/drugsatfda_data_files_2026_09/Submissions_1965_1979.txt,9251,eb7003d97b6b24023b5fde542a5ba7ca4292259d9f323a1530d387a6e0091311,Verified (verbatim Drugs@FDA submission row; line number cited),"v23 2026-09-20: row read verbatim from the committed official Drugs@FDA Submissions extract (1965-1979 window) at the cited line number; the file re-hashes to the runner manifest SHA-256. Application type, holder and product facts come from the committed Drugs@FDA Applications/Products extracts. Holder is the CURRENT Drugs@FDA applicant of record, never asserted as the 1977-1979 applicant; no indication is recorded because the official extract publishes none. Supplement counts are approval actions (status AP) inside the committed 1965-1979 window only and understate lifetime post-approval activity."
PRE1980ACT-1979-064,1979,050521,NDA050521,TRACKED_NDA_ORIGINAL,1979-04-04,ORIG,1,AP,7,TYPE 1,Type 1 - New Molecular Entity,STANDARD,TRUE,LILLY,CECLOR,CEFACLOR,EQ 250MG BASE **Federal Register determination that product was not discontinued or withdrawn for safety or effectiveness reasons**,CAPSULE;ORAL,2,Discontinued,TRUE,2,0,0,4,2,1,0,"http://www.accessdata.fda.gov/drugsatfda_docs/appletter/2003/50521slr026,50522slr024ltr.pdf",,"http://www.accessdata.fda.gov/drugsatfda_docs/label/2004/50521slr027,50522slr027_cefaclor_lbl.pdf",PRE1980-1979-03,PRE1980-1979-03,,data/raw/openfda_orig_decisions_1975_1979/decisions_1979.json,https://www.accessdata.fda.gov/scripts/cder/daf/index.cfm?event=overview.process&varApplNo=050521,https://api.fda.gov/drug/drugsfda.json?search=application_number:%22NDA050521%22,data/raw/drugsatfda_data_files_2026_09/Submissions_1965_1979.txt,9252,eb7003d97b6b24023b5fde542a5ba7ca4292259d9f323a1530d387a6e0091311,Verified (verbatim Drugs@FDA submission row; line number cited),"v23 2026-09-20: row read verbatim from the committed official Drugs@FDA Submissions extract (1965-1979 window) at the cited line number; the file re-hashes to the runner manifest SHA-256. Application type, holder and product facts come from the committed Drugs@FDA Applications/Products extracts. Holder is the CURRENT Drugs@FDA applicant of record, never asserted as the 1977-1979 applicant; no indication is recorded because the official extract publishes none. Supplement counts are approval actions (status AP) inside the committed 1965-1979 window only and understate lifetime post-approval activity."
PRE1980ACT-1979-065,1979,050522,NDA050522,TRACKED_NDA_ORIGINAL,1979-04-04,ORIG,1,AP,9,TYPE 2,Type 2 - New Active Ingredient,STANDARD,FALSE,LILLY,CECLOR,CEFACLOR,EQ 125MG BASE/5ML **Federal Register determination that product was not discontinued or withdrawn for safety or effectiveness reasons**,FOR SUSPENSION;ORAL,2,Discontinued,TRUE,2,0,0,4,2,1,0,"http://www.accessdata.fda.gov/drugsatfda_docs/appletter/2003/50521slr026,50522slr024ltr.pdf",,"http://www.accessdata.fda.gov/drugsatfda_docs/label/2004/50521slr027,50522slr027_cefaclor_lbl.pdf",none (not a Type 1/1-4 original approval),,,data/raw/openfda_orig_decisions_1975_1979/decisions_1979.json,https://www.accessdata.fda.gov/scripts/cder/daf/index.cfm?event=overview.process&varApplNo=050522,https://api.fda.gov/drug/drugsfda.json?search=application_number:%22NDA050522%22,data/raw/drugsatfda_data_files_2026_09/Submissions_1965_1979.txt,9253,eb7003d97b6b24023b5fde542a5ba7ca4292259d9f323a1530d387a6e0091311,Verified (verbatim Drugs@FDA submission row; line number cited),"v23 2026-09-20: row read verbatim from the committed official Drugs@FDA Submissions extract (1965-1979 window) at the cited line number; the file re-hashes to the runner manifest SHA-256. Application type, holder and product facts come from the committed Drugs@FDA Applications/Products extracts. Holder is the CURRENT Drugs@FDA applicant of record, never asserted as the 1977-1979 applicant; no indication is recorded because the official extract publishes none. Supplement counts are approval actions (status AP) inside the committed 1965-1979 window only and understate lifetime post-approval activity."
PRE1980ACT-1978-076,1978,050523,NDA050523,TRACKED_NDA_ORIGINAL,1978-10-18,ORIG,1,AP,12,TYPE 3,Type 3 - New Dosage Form,PRIORITY,FALSE,PARKEDALE,VIRA-A,VIDARABINE,EQ 187.4MG BASE/ML,INJECTABLE;INJECTION,1,Discontinued,FALSE,0,0,0,0,0,0,0,,,,none (not a Type 1/1-4 original approval),,,data/raw/openfda_orig_decisions_1975_1979/decisions_1978.json,https://www.accessdata.fda.gov/scripts/cder/daf/index.cfm?event=overview.process&varApplNo=050523,https://api.fda.gov/drug/drugsfda.json?search=application_number:%22NDA050523%22,data/raw/drugsatfda_data_files_2026_09/Submissions_1965_1979.txt,9254,eb7003d97b6b24023b5fde542a5ba7ca4292259d9f323a1530d387a6e0091311,Verified (verbatim Drugs@FDA submission row; line number cited),"v23 2026-09-20: row read verbatim from the committed official Drugs@FDA Submissions extract (1965-1979 window) at the cited line number; the file re-hashes to the runner manifest SHA-256. Application type, holder and product facts come from the committed Drugs@FDA Applications/Products extracts. Holder is the CURRENT Drugs@FDA applicant of record, never asserted as the 1977-1979 applicant; no indication is recorded because the official extract publishes none. Supplement counts are approval actions (status AP) inside the committed 1965-1979 window only and understate lifetime post-approval activity."
PRE1980ACT-1979-066,1979,050529,NDA050529,TRACKED_NDA_ORIGINAL,1979-11-29,ORIG,1,AP,13,TYPE 3/4,Type 3 - New Dosage Form and Type 4 - New Combination,STANDARD,FALSE,ROSS LABS,PEDIAZOLE,ERYTHROMYCIN ETHYLSUCCINATE; SULFISOXAZOLE ACETYL,EQ 200MG BASE/5ML;EQ 600MG BASE/5ML **Federal Register determination that product was not discontinued or withdrawn for safety or effectiveness reasons**,GRANULE;ORAL,1,Discontinued,TRUE,1,0,0,1,1,0,0,http://www.accessdata.fda.gov/drugsatfda_docs/appletter/2004/50529slr033ltr.pdf,,,none (not a Type 1/1-4 original approval),,,data/raw/openfda_orig_decisions_1975_1979/decisions_1979.json,https://www.accessdata.fda.gov/scripts/cder/daf/index.cfm?event=overview.process&varApplNo=050529,https://api.fda.gov/drug/drugsfda.json?search=application_number:%22NDA050529%22,data/raw/drugsatfda_data_files_2026_09/Submissions_1965_1979.txt,9255,eb7003d97b6b24023b5fde542a5ba7ca4292259d9f323a1530d387a6e0091311,Verified (verbatim Drugs@FDA submission row; line number cited),"v23 2026-09-20: row read verbatim from the committed official Drugs@FDA Submissions extract (1965-1979 window) at the cited line number; the file re-hashes to the runner manifest SHA-256. Application type, holder and product facts come from the committed Drugs@FDA Applications/Products extracts. Holder is the CURRENT Drugs@FDA applicant of record, never asserted as the 1977-1979 applicant; no indication is recorded because the official extract publishes none. Supplement counts are approval actions (status AP) inside the committed 1965-1979 window only and understate lifetime post-approval activity."
PRE1980ACT-1979-067,1979,060306,ANDA060306,ANDA_ORIGINAL_EXCLUDED,1979-06-26,ORIG,1,AP,,,,,FALSE,TEVA,PENICILLIN G POTASSIUM,PENICILLIN G POTASSIUM,"200,000 UNITS",TABLET;ORAL,4,,FALSE,0,0,0,0,0,0,0,,,,,,,,https://www.accessdata.fda.gov/scripts/cder/daf/index.cfm?event=overview.process&varApplNo=060306,https://api.fda.gov/drug/drugsfda.json?search=application_number:%22ANDA060306%22,data/raw/drugsatfda_data_files_2026_09/Submissions_1965_1979.txt,9268,eb7003d97b6b24023b5fde542a5ba7ca4292259d9f323a1530d387a6e0091311,"Verified row, out of scope for NME counts (abbreviated new drug application)",v23 2026-09-20: row read verbatim from the committed official Drugs@FDA Submissions extract (1965-1979 window) at the cited line number; the file re-hashes to the runner manifest SHA-256. Abbreviated new drug application: outside the NDA/BLA novel-approval basis and therefore never counted toward an official NME or NDA total. Published here so the year's complete original-approval population is auditable.
PRE1980ACT-1977-057,1977,060768,ANDA060768,ANDA_ORIGINAL_EXCLUDED,1977-11-07,ORIG,1,AP,,,,,FALSE,HIKMA,TETRACYCLINE HYDROCHLORIDE,TETRACYCLINE HYDROCHLORIDE,250MG,CAPSULE;ORAL,2,,FALSE,0,0,0,0,0,0,0,,,,,,,,https://www.accessdata.fda.gov/scripts/cder/daf/index.cfm?event=overview.process&varApplNo=060768,https://api.fda.gov/drug/drugsfda.json?search=application_number:%22ANDA060768%22,data/raw/drugsatfda_data_files_2026_09/Submissions_1965_1979.txt,9301,eb7003d97b6b24023b5fde542a5ba7ca4292259d9f323a1530d387a6e0091311,"Verified row, out of scope for NME counts (abbreviated new drug application)",v23 2026-09-20: row read verbatim from the committed official Drugs@FDA Submissions extract (1965-1979 window) at the cited line number; the file re-hashes to the runner manifest SHA-256. Abbreviated new drug application: outside the NDA/BLA novel-approval basis and therefore never counted toward an official NME or NDA total. Published here so the year's complete original-approval population is auditable.
PRE1980ACT-1978-077,1978,061131,,KIND_UNRESOLVED,1978-08-18,ORIG,1,AP,,,,,FALSE,,,,,,0,,FALSE,0,0,0,0,0,0,0,,,,,,FULldb-1978-UNRES17,,https://www.accessdata.fda.gov/scripts/cder/daf/index.cfm?event=overview.process&varApplNo=061131,,data/raw/drugsatfda_data_files_2026_09/Submissions_1965_1979.txt,9319,eb7003d97b6b24023b5fde542a5ba7ca4292259d9f323a1530d387a6e0091311,"Verified row, application type not published (KIND_UNRESOLVED) - review candidate only","v23 2026-09-20: row read verbatim from the committed official Drugs@FDA Submissions extract (1965-1979 window) at the cited line number; the file re-hashes to the runner manifest SHA-256. ApplNo is absent from the unfiltered Applications table, so no NDA/ANDA/BLA type can be asserted; the openFDA payloads do not carry it either. This is a review candidate, never an approval row in the NME decision table. Cross-check record FULldb-1978-UNRES17."
PRE1980ACT-1977-058,1977,061483,,KIND_UNRESOLVED,1977-09-08,ORIG,1,AP,,,,,FALSE,,,,,,0,,FALSE,0,0,0,0,0,0,0,,,,,,FULldb-1977-UNRES21,,https://www.accessdata.fda.gov/scripts/cder/daf/index.cfm?event=overview.process&varApplNo=061483,,data/raw/drugsatfda_data_files_2026_09/Submissions_1965_1979.txt,9343,eb7003d97b6b24023b5fde542a5ba7ca4292259d9f323a1530d387a6e0091311,"Verified row, application type not published (KIND_UNRESOLVED) - review candidate only","v23 2026-09-20: row read verbatim from the committed official Drugs@FDA Submissions extract (1965-1979 window) at the cited line number; the file re-hashes to the runner manifest SHA-256. ApplNo is absent from the unfiltered Applications table, so no NDA/ANDA/BLA type can be asserted; the openFDA payloads do not carry it either. This is a review candidate, never an approval row in the NME decision table. Cross-check record FULldb-1977-UNRES21."
PRE1980ACT-1978-078,1978,061674,,KIND_UNRESOLVED,1978-12-18,ORIG,1,AP,,,,,FALSE,,,,,,0,,FALSE,0,0,0,0,0,0,0,,,,,,FULldb-1978-UNRES27,,https://www.accessdata.fda.gov/scripts/cder/daf/index.cfm?event=overview.process&varApplNo=061674,,data/raw/drugsatfda_data_files_2026_09/Submissions_1965_1979.txt,9373,eb7003d97b6b24023b5fde542a5ba7ca4292259d9f323a1530d387a6e0091311,"Verified row, application type not published (KIND_UNRESOLVED) - review candidate only","v23 2026-09-20: row read verbatim from the committed official Drugs@FDA Submissions extract (1965-1979 window) at the cited line number; the file re-hashes to the runner manifest SHA-256. ApplNo is absent from the unfiltered Applications table, so no NDA/ANDA/BLA type can be asserted; the openFDA payloads do not carry it either. This is a review candidate, never an approval row in the NME decision table. Cross-check record FULldb-1978-UNRES27."
PRE1980ACT-1979-068,1979,061711,,KIND_UNRESOLVED,1979-10-24,ORIG,1,AP,,,,,FALSE,,,,,,0,,FALSE,0,0,0,0,0,0,0,,,,,,FULldb-1979-UNRES13,,https://www.accessdata.fda.gov/scripts/cder/daf/index.cfm?event=overview.process&varApplNo=061711,,data/raw/drugsatfda_data_files_2026_09/Submissions_1965_1979.txt,9380,eb7003d97b6b24023b5fde542a5ba7ca4292259d9f323a1530d387a6e0091311,"Verified row, application type not published (KIND_UNRESOLVED) - review candidate only","v23 2026-09-20: row read verbatim from the committed official Drugs@FDA Submissions extract (1965-1979 window) at the cited line number; the file re-hashes to the runner manifest SHA-256. ApplNo is absent from the unfiltered Applications table, so no NDA/ANDA/BLA type can be asserted; the openFDA payloads do not carry it either. This is a review candidate, never an approval row in the NME decision table. Cross-check record FULldb-1979-UNRES13."
PRE1980ACT-1978-079,1978,061975,,KIND_UNRESOLVED,1978-01-05,ORIG,1,AP,,,,,FALSE,,,,,,0,,FALSE,0,0,0,0,0,0,0,,,,,,FULldb-1978-UNRES01,,https://www.accessdata.fda.gov/scripts/cder/daf/index.cfm?event=overview.process&varApplNo=061975,,data/raw/drugsatfda_data_files_2026_09/Submissions_1965_1979.txt,9434,eb7003d97b6b24023b5fde542a5ba7ca4292259d9f323a1530d387a6e0091311,"Verified row, application type not published (KIND_UNRESOLVED) - review candidate only","v23 2026-09-20: row read verbatim from the committed official Drugs@FDA Submissions extract (1965-1979 window) at the cited line number; the file re-hashes to the runner manifest SHA-256. ApplNo is absent from the unfiltered Applications table, so no NDA/ANDA/BLA type can be asserted; the openFDA payloads do not carry it either. This is a review candidate, never an approval row in the NME decision table. Cross-check record FULldb-1978-UNRES01."
PRE1980ACT-1977-059,1977,061976,ANDA061976,ANDA_ORIGINAL_EXCLUDED,1977-02-09,ORIG,1,AP,,,,,FALSE,APOTHECON,VELOSEF,CEPHRADINE,250MG/VIAL,INJECTABLE;INJECTION,5,,FALSE,0,0,0,0,0,0,0,,,,,,,,https://www.accessdata.fda.gov/scripts/cder/daf/index.cfm?event=overview.process&varApplNo=061976,https://api.fda.gov/drug/drugsfda.json?search=application_number:%22ANDA061976%22,data/raw/drugsatfda_data_files_2026_09/Submissions_1965_1979.txt,9435,eb7003d97b6b24023b5fde542a5ba7ca4292259d9f323a1530d387a6e0091311,"Verified row, out of scope for NME counts (abbreviated new drug application)",v23 2026-09-20: row read verbatim from the committed official Drugs@FDA Submissions extract (1965-1979 window) at the cited line number; the file re-hashes to the runner manifest SHA-256. Abbreviated new drug application: outside the NDA/BLA novel-approval basis and therefore never counted toward an official NME or NDA total. Published here so the year's complete original-approval population is auditable.
PRE1980ACT-1977-060,1977,062007,,KIND_UNRESOLVED,1977-09-26,ORIG,1,AP,,,,,FALSE,,,,,,0,,FALSE,0,0,0,0,0,0,0,,,,,,FULldb-1977-UNRES24,,https://www.accessdata.fda.gov/scripts/cder/daf/index.cfm?event=overview.process&varApplNo=062007,,data/raw/drugsatfda_data_files_2026_09/Submissions_1965_1979.txt,9439,eb7003d97b6b24023b5fde542a5ba7ca4292259d9f323a1530d387a6e0091311,"Verified row, application type not published (KIND_UNRESOLVED) - review candidate only","v23 2026-09-20: row read verbatim from the committed official Drugs@FDA Submissions extract (1965-1979 window) at the cited line number; the file re-hashes to the runner manifest SHA-256. ApplNo is absent from the unfiltered Applications table, so no NDA/ANDA/BLA type can be asserted; the openFDA payloads do not carry it either. This is a review candidate, never an approval row in the NME decision table. Cross-check record FULldb-1977-UNRES24."
PRE1980ACT-1979-069,1979,062025,,KIND_UNRESOLVED,1979-12-20,ORIG,1,AP,,,,,FALSE,,,,,,0,,FALSE,0,0,0,0,0,0,0,,,,,,FULldb-1979-UNRES18,,https://www.accessdata.fda.gov/scripts/cder/daf/index.cfm?event=overview.process&varApplNo=062025,,data/raw/drugsatfda_data_files_2026_09/Submissions_1965_1979.txt,9441,eb7003d97b6b24023b5fde542a5ba7ca4292259d9f323a1530d387a6e0091311,"Verified row, application type not published (KIND_UNRESOLVED) - review candidate only","v23 2026-09-20: row read verbatim from the committed official Drugs@FDA Submissions extract (1965-1979 window) at the cited line number; the file re-hashes to the runner manifest SHA-256. ApplNo is absent from the unfiltered Applications table, so no NDA/ANDA/BLA type can be asserted; the openFDA payloads do not carry it either. This is a review candidate, never an approval row in the NME decision table. Cross-check record FULldb-1979-UNRES18."
PRE1980ACT-1977-061,1977,062032,ANDA062032,ANDA_ORIGINAL_EXCLUDED,1977-08-24,ORIG,1,AP,,,,,FALSE,PARKE DAVIS,ERYPAR,ERYTHROMYCIN STEARATE,EQ 250MG BASE,TABLET;ORAL,2,,FALSE,0,0,0,0,0,0,0,,,,,,,,https://www.accessdata.fda.gov/scripts/cder/daf/index.cfm?event=overview.process&varApplNo=062032,https://api.fda.gov/drug/drugsfda.json?search=application_number:%22ANDA062032%22,data/raw/drugsatfda_data_files_2026_09/Submissions_1965_1979.txt,9442,eb7003d97b6b24023b5fde542a5ba7ca4292259d9f323a1530d387a6e0091311,"Verified row, out of scope for NME counts (abbreviated new drug application)",v23 2026-09-20: row read verbatim from the committed official Drugs@FDA Submissions extract (1965-1979 window) at the cited line number; the file re-hashes to the runner manifest SHA-256. Abbreviated new drug application: outside the NDA/BLA novel-approval basis and therefore never counted toward an official NME or NDA total. Published here so the year's complete original-approval population is auditable.
PRE1980ACT-1977-062,1977,062038,,KIND_UNRESOLVED,1977-06-24,ORIG,1,AP,,,,,FALSE,,,,,,0,,FALSE,0,0,0,0,0,0,0,,,,,,FULldb-1977-UNRES10,,https://www.accessdata.fda.gov/scripts/cder/daf/index.cfm?event=overview.process&varApplNo=062038,,data/raw/drugsatfda_data_files_2026_09/Submissions_1965_1979.txt,9443,eb7003d97b6b24023b5fde542a5ba7ca4292259d9f323a1530d387a6e0091311,"Verified row, application type not published (KIND_UNRESOLVED) - review candidate only","v23 2026-09-20: row read verbatim from the committed official Drugs@FDA Submissions extract (1965-1979 window) at the cited line number; the file re-hashes to the runner manifest SHA-256. ApplNo is absent from the unfiltered Applications table, so no NDA/ANDA/BLA type can be asserted; the openFDA payloads do not carry it either. This is a review candidate, never an approval row in the NME decision table. Cross-check record FULldb-1977-UNRES10."
PRE1980ACT-1978-080,1978,062039,,KIND_UNRESOLVED,1978-07-10,ORIG,1,AP,,,,,FALSE,,,,,,0,,FALSE,0,0,0,0,0,0,0,,,,,,FULldb-1978-UNRES14,,https://www.accessdata.fda.gov/scripts/cder/daf/index.cfm?event=overview.process&varApplNo=062039,,data/raw/drugsatfda_data_files_2026_09/Submissions_1965_1979.txt,9444,eb7003d97b6b24023b5fde542a5ba7ca4292259d9f323a1530d387a6e0091311,"Verified row, application type not published (KIND_UNRESOLVED) - review candidate only","v23 2026-09-20: row read verbatim from the committed official Drugs@FDA Submissions extract (1965-1979 window) at the cited line number; the file re-hashes to the runner manifest SHA-256. ApplNo is absent from the unfiltered Applications table, so no NDA/ANDA/BLA type can be asserted; the openFDA payloads do not carry it either. This is a review candidate, never an approval row in the NME decision table. Cross-check record FULldb-1978-UNRES14."
PRE1980ACT-1979-070,1979,062047,,KIND_UNRESOLVED,1979-08-17,ORIG,1,AP,,,,,FALSE,,,,,,0,,FALSE,0,0,0,0,0,0,0,,,,,,FULldb-1979-UNRES12,,https://www.accessdata.fda.gov/scripts/cder/daf/index.cfm?event=overview.process&varApplNo=062047,,data/raw/drugsatfda_data_files_2026_09/Submissions_1965_1979.txt,9445,eb7003d97b6b24023b5fde542a5ba7ca4292259d9f323a1530d387a6e0091311,"Verified row, application type not published (KIND_UNRESOLVED) - review candidate only","v23 2026-09-20: row read verbatim from the committed official Drugs@FDA Submissions extract (1965-1979 window) at the cited line number; the file re-hashes to the runner manifest SHA-256. ApplNo is absent from the unfiltered Applications table, so no NDA/ANDA/BLA type can be asserted; the openFDA payloads do not carry it either. This is a review candidate, never an approval row in the NME decision table. Cross-check record FULldb-1979-UNRES12."
PRE1980ACT-1977-063,1977,062049,ANDA062049,ANDA_ORIGINAL_EXCLUDED,1977-12-02,ORIG,1,AP,,,,,FALSE,PFIZER,PFIZERPEN-A,AMPICILLIN/AMPICILLIN TRIHYDRATE,EQ 125MG BASE/5ML,FOR SUSPENSION;ORAL,2,,FALSE,0,0,0,0,0,0,0,,,,,,,,https://www.accessdata.fda.gov/scripts/cder/daf/index.cfm?event=overview.process&varApplNo=062049,https://api.fda.gov/drug/drugsfda.json?search=application_number:%22ANDA062049%22,data/raw/drugsatfda_data_files_2026_09/Submissions_1965_1979.txt,9446,eb7003d97b6b24023b5fde542a5ba7ca4292259d9f323a1530d387a6e0091311,"Verified row, out of scope for NME counts (abbreviated new drug application)",v23 2026-09-20: row read verbatim from the committed official Drugs@FDA Submissions extract (1965-1979 window) at the cited line number; the file re-hashes to the runner manifest SHA-256. Abbreviated new drug application: outside the NDA/BLA novel-approval basis and therefore never counted toward an official NME or NDA total. Published here so the year's complete original-approval population is auditable.
PRE1980ACT-1977-064,1977,062050,ANDA062050,ANDA_ORIGINAL_EXCLUDED,1977-07-05,ORIG,1,AP,,,,,FALSE,PFIZER,PFIZERPEN-A,AMPICILLIN/AMPICILLIN TRIHYDRATE,EQ 250MG BASE,CAPSULE;ORAL,2,,FALSE,0,0,0,0,0,0,0,,,,,,,,https://www.accessdata.fda.gov/scripts/cder/daf/index.cfm?event=overview.process&varApplNo=062050,https://api.fda.gov/drug/drugsfda.json?search=application_number:%22ANDA062050%22,data/raw/drugsatfda_data_files_2026_09/Submissions_1965_1979.txt,9447,eb7003d97b6b24023b5fde542a5ba7ca4292259d9f323a1530d387a6e0091311,"Verified row, out of scope for NME counts (abbreviated new drug application)",v23 2026-09-20: row read verbatim from the committed official Drugs@FDA Submissions extract (1965-1979 window) at the cited line number; the file re-hashes to the runner manifest SHA-256. Abbreviated new drug application: outside the NDA/BLA novel-approval basis and therefore never counted toward an official NME or NDA total. Published here so the year's complete original-approval population is auditable.
PRE1980ACT-1978-081,1978,062055,ANDA062055,ANDA_ORIGINAL_EXCLUDED,1978-11-27,ORIG,1,AP,,,,,FALSE,ANI PHARMS,ERYTHROMYCIN ETHYLSUCCINATE,ERYTHROMYCIN ETHYLSUCCINATE,EQ 200MG BASE/5ML,GRANULE;ORAL,3,,FALSE,0,0,0,2,0,2,0,,,,,,,,https://www.accessdata.fda.gov/scripts/cder/daf/index.cfm?event=overview.process&varApplNo=062055,https://api.fda.gov/drug/drugsfda.json?search=application_number:%22ANDA062055%22,data/raw/drugsatfda_data_files_2026_09/Submissions_1965_1979.txt,9448,eb7003d97b6b24023b5fde542a5ba7ca4292259d9f323a1530d387a6e0091311,"Verified row, out of scope for NME counts (abbreviated new drug application)",v23 2026-09-20: row read verbatim from the committed official Drugs@FDA Submissions extract (1965-1979 window) at the cited line number; the file re-hashes to the runner manifest SHA-256. Abbreviated new drug application: outside the NDA/BLA novel-approval basis and therefore never counted toward an official NME or NDA total. Published here so the year's complete original-approval population is auditable.
PRE1980ACT-1978-082,1978,062058,ANDA062058,ANDA_ORIGINAL_EXCLUDED,1978-08-03,ORIG,1,AP,,,,,FALSE,CHARTWELL,AMOXICILLIN,AMOXICILLIN,250MG,CAPSULE;ORAL,2,,FALSE,0,0,0,0,0,0,0,,,,,,,,https://www.accessdata.fda.gov/scripts/cder/daf/index.cfm?event=overview.process&varApplNo=062058,https://api.fda.gov/drug/drugsfda.json?search=application_number:%22ANDA062058%22,data/raw/drugsatfda_data_files_2026_09/Submissions_1965_1979.txt,9449,eb7003d97b6b24023b5fde542a5ba7ca4292259d9f323a1530d387a6e0091311,"Verified row, out of scope for NME counts (abbreviated new drug application)",v23 2026-09-20: row read verbatim from the committed official Drugs@FDA Submissions extract (1965-1979 window) at the cited line number; the file re-hashes to the runner manifest SHA-256. Abbreviated new drug application: outside the NDA/BLA novel-approval basis and therefore never counted toward an official NME or NDA total. Published here so the year's complete original-approval population is auditable.
PRE1980ACT-1978-083,1978,062059,ANDA062059,ANDA_ORIGINAL_EXCLUDED,1978-12-08,ORIG,1,AP,,,,,FALSE,CHARTWELL RX,AMOXICILLIN,AMOXICILLIN,125MG/5ML,FOR SUSPENSION;ORAL,2,,FALSE,0,0,0,0,0,0,0,,,,,,,,https://www.accessdata.fda.gov/scripts/cder/daf/index.cfm?event=overview.process&varApplNo=062059,https://api.fda.gov/drug/drugsfda.json?search=application_number:%22ANDA062059%22,data/raw/drugsatfda_data_files_2026_09/Submissions_1965_1979.txt,9450,eb7003d97b6b24023b5fde542a5ba7ca4292259d9f323a1530d387a6e0091311,"Verified row, out of scope for NME counts (abbreviated new drug application)",v23 2026-09-20: row read verbatim from the committed official Drugs@FDA Submissions extract (1965-1979 window) at the cited line number; the file re-hashes to the runner manifest SHA-256. Abbreviated new drug application: outside the NDA/BLA novel-approval basis and therefore never counted toward an official NME or NDA total. Published here so the year's complete original-approval population is auditable.
PRE1980ACT-1978-084,1978,062077,,KIND_UNRESOLVED,1978-01-31,ORIG,1,AP,,,,,FALSE,,,,,,0,,FALSE,0,0,0,0,0,0,0,,,,,,FULldb-1978-UNRES05,,https://www.accessdata.fda.gov/scripts/cder/daf/index.cfm?event=overview.process&varApplNo=062077,,data/raw/drugsatfda_data_files_2026_09/Submissions_1965_1979.txt,9451,eb7003d97b6b24023b5fde542a5ba7ca4292259d9f323a1530d387a6e0091311,"Verified row, application type not published (KIND_UNRESOLVED) - review candidate only","v23 2026-09-20: row read verbatim from the committed official Drugs@FDA Submissions extract (1965-1979 window) at the cited line number; the file re-hashes to the runner manifest SHA-256. ApplNo is absent from the unfiltered Applications table, so no NDA/ANDA/BLA type can be asserted; the openFDA payloads do not carry it either. This is a review candidate, never an approval row in the NME decision table. Cross-check record FULldb-1978-UNRES05."
PRE1980ACT-1978-085,1978,062078,,KIND_UNRESOLVED,1978-01-31,ORIG,1,AP,,,,,FALSE,,,,,,0,,FALSE,0,0,0,0,0,0,0,,,,,,FULldb-1978-UNRES06,,https://www.accessdata.fda.gov/scripts/cder/daf/index.cfm?event=overview.process&varApplNo=062078,,data/raw/drugsatfda_data_files_2026_09/Submissions_1965_1979.txt,9452,eb7003d97b6b24023b5fde542a5ba7ca4292259d9f323a1530d387a6e0091311,"Verified row, application type not published (KIND_UNRESOLVED) - review candidate only","v23 2026-09-20: row read verbatim from the committed official Drugs@FDA Submissions extract (1965-1979 window) at the cited line number; the file re-hashes to the runner manifest SHA-256. ApplNo is absent from the unfiltered Applications table, so no NDA/ANDA/BLA type can be asserted; the openFDA payloads do not carry it either. This is a review candidate, never an approval row in the NME decision table. Cross-check record FULldb-1978-UNRES06."
PRE1980ACT-1977-065,1977,062085,ANDA062085,ANDA_ORIGINAL_EXCLUDED,1977-09-02,ORIG,1,AP,,,,,FALSE,MAST MM,TETRACYCLINE HYDROCHLORIDE,TETRACYCLINE HYDROCHLORIDE,250MG,CAPSULE;ORAL,1,,FALSE,0,0,0,0,0,0,0,,,,,,,,https://www.accessdata.fda.gov/scripts/cder/daf/index.cfm?event=overview.process&varApplNo=062085,https://api.fda.gov/drug/drugsfda.json?search=application_number:%22ANDA062085%22,data/raw/drugsatfda_data_files_2026_09/Submissions_1965_1979.txt,9453,eb7003d97b6b24023b5fde542a5ba7ca4292259d9f323a1530d387a6e0091311,"Verified row, out of scope for NME counts (abbreviated new drug application)",v23 2026-09-20: row read verbatim from the committed official Drugs@FDA Submissions extract (1965-1979 window) at the cited line number; the file re-hashes to the runner manifest SHA-256. Abbreviated new drug application: outside the NDA/BLA novel-approval basis and therefore never counted toward an official NME or NDA total. Published here so the year's complete original-approval population is auditable.
PRE1980ACT-1979-071,1979,062087,ANDA062087,ANDA_ORIGINAL_EXCLUDED,1979-06-14,ORIG,1,AP,,,,,FALSE,WATSON LABS,ERYTHROMYCIN ESTOLATE,ERYTHROMYCIN ESTOLATE,EQ 250MG BASE,CAPSULE;ORAL,1,,FALSE,0,0,0,0,0,0,0,,,,,,,,https://www.accessdata.fda.gov/scripts/cder/daf/index.cfm?event=overview.process&varApplNo=062087,https://api.fda.gov/drug/drugsfda.json?search=application_number:%22ANDA062087%22,data/raw/drugsatfda_data_files_2026_09/Submissions_1965_1979.txt,9454,eb7003d97b6b24023b5fde542a5ba7ca4292259d9f323a1530d387a6e0091311,"Verified row, out of scope for NME counts (abbreviated new drug application)",v23 2026-09-20: row read verbatim from the committed official Drugs@FDA Submissions extract (1965-1979 window) at the cited line number; the file re-hashes to the runner manifest SHA-256. Abbreviated new drug application: outside the NDA/BLA novel-approval basis and therefore never counted toward an official NME or NDA total. Published here so the year's complete original-approval population is auditable.
PRE1980ACT-1978-086,1978,062103,ANDA062103,ANDA_ORIGINAL_EXCLUDED,1978-05-08,ORIG,1,AP,,,,,FALSE,WATSON LABS,TETRACYCLINE HYDROCHLORIDE,TETRACYCLINE HYDROCHLORIDE,250MG,CAPSULE;ORAL,2,,FALSE,0,0,0,0,0,0,0,,,,,,,,https://www.accessdata.fda.gov/scripts/cder/daf/index.cfm?event=overview.process&varApplNo=062103,https://api.fda.gov/drug/drugsfda.json?search=application_number:%22ANDA062103%22,data/raw/drugsatfda_data_files_2026_09/Submissions_1965_1979.txt,9455,eb7003d97b6b24023b5fde542a5ba7ca4292259d9f323a1530d387a6e0091311,"Verified row, out of scope for NME counts (abbreviated new drug application)",v23 2026-09-20: row read verbatim from the committed official Drugs@FDA Submissions extract (1965-1979 window) at the cited line number; the file re-hashes to the runner manifest SHA-256. Abbreviated new drug application: outside the NDA/BLA novel-approval basis and therefore never counted toward an official NME or NDA total. Published here so the year's complete original-approval population is auditable.
PRE1980ACT-1978-087,1978,062117,ANDA062117,ANDA_ORIGINAL_EXCLUDED,1978-03-27,ORIG,1,AP,,,,,FALSE,FACTA FARMA,CEPHALEXIN,CEPHALEXIN,EQ 100MG BASE/ML **Federal Register determination that product was not discontinued or withdrawn for safety or effectiveness reasons*,FOR SUSPENSION;ORAL,3,,FALSE,0,0,0,0,0,0,0,,,,,,,,https://www.accessdata.fda.gov/scripts/cder/daf/index.cfm?event=overview.process&varApplNo=062117,https://api.fda.gov/drug/drugsfda.json?search=application_number:%22ANDA062117%22,data/raw/drugsatfda_data_files_2026_09/Submissions_1965_1979.txt,9456,eb7003d97b6b24023b5fde542a5ba7ca4292259d9f323a1530d387a6e0091311,"Verified row, out of scope for NME counts (abbreviated new drug application)",v23 2026-09-20: row read verbatim from the committed official Drugs@FDA Submissions extract (1965-1979 window) at the cited line number; the file re-hashes to the runner manifest SHA-256. Abbreviated new drug application: outside the NDA/BLA novel-approval basis and therefore never counted toward an official NME or NDA total. Published here so the year's complete original-approval population is auditable.
PRE1980ACT-1978-088,1978,062118,ANDA062118,ANDA_ORIGINAL_EXCLUDED,1978-03-27,ORIG,1,AP,,,,,FALSE,FACTA FARMA,CEPHALEXIN,CEPHALEXIN,EQ 250MG BASE,CAPSULE;ORAL,2,,FALSE,0,0,0,0,0,0,0,,,,,,,,https://www.accessdata.fda.gov/scripts/cder/daf/index.cfm?event=overview.process&varApplNo=062118,https://api.fda.gov/drug/drugsfda.json?search=application_number:%22ANDA062118%22,data/raw/drugsatfda_data_files_2026_09/Submissions_1965_1979.txt,9457,eb7003d97b6b24023b5fde542a5ba7ca4292259d9f323a1530d387a6e0091311,"Verified row, out of scope for NME counts (abbreviated new drug application)",v23 2026-09-20: row read verbatim from the committed official Drugs@FDA Submissions extract (1965-1979 window) at the cited line number; the file re-hashes to the runner manifest SHA-256. Abbreviated new drug application: outside the NDA/BLA novel-approval basis and therefore never counted toward an official NME or NDA total. Published here so the year's complete original-approval population is auditable.
PRE1980ACT-1979-072,1979,062129,ANDA062129,ANDA_ORIGINAL_EXCLUDED,1979-02-01,ORIG,1,AP,,,,,FALSE,FOUGERA PHARMS,NYSTATIN,NYSTATIN,"100,000 UNITS/GM",CREAM;TOPICAL,1,,FALSE,0,0,0,0,0,0,0,,,,,,,,https://www.accessdata.fda.gov/scripts/cder/daf/index.cfm?event=overview.process&varApplNo=062129,https://api.fda.gov/drug/drugsfda.json?search=application_number:%22ANDA062129%22,data/raw/drugsatfda_data_files_2026_09/Submissions_1965_1979.txt,9458,eb7003d97b6b24023b5fde542a5ba7ca4292259d9f323a1530d387a6e0091311,"Verified row, out of scope for NME counts (abbreviated new drug application)",v23 2026-09-20: row read verbatim from the committed official Drugs@FDA Submissions extract (1965-1979 window) at the cited line number; the file re-hashes to the runner manifest SHA-256. Abbreviated new drug application: outside the NDA/BLA novel-approval basis and therefore never counted toward an official NME or NDA total. Published here so the year's complete original-approval population is auditable.
PRE1980ACT-1979-073,1979,062138,,KIND_UNRESOLVED,1979-01-09,ORIG,1,AP,,,,,FALSE,,,,,,0,,FALSE,0,0,0,0,0,0,0,,,,,,FULldb-1979-UNRES01,,https://www.accessdata.fda.gov/scripts/cder/daf/index.cfm?event=overview.process&varApplNo=062138,,data/raw/drugsatfda_data_files_2026_09/Submissions_1965_1979.txt,9459,eb7003d97b6b24023b5fde542a5ba7ca4292259d9f323a1530d387a6e0091311,"Verified row, application type not published (KIND_UNRESOLVED) - review candidate only","v23 2026-09-20: row read verbatim from the committed official Drugs@FDA Submissions extract (1965-1979 window) at the cited line number; the file re-hashes to the runner manifest SHA-256. ApplNo is absent from the unfiltered Applications table, so no NDA/ANDA/BLA type can be asserted; the openFDA payloads do not carry it either. This is a review candidate, never an approval row in the NME decision table. Cross-check record FULldb-1979-UNRES01."
PRE1980ACT-1979-074,1979,062168,ANDA062168,ANDA_ORIGINAL_EXCLUDED,1979-03-20,ORIG,1,AP,,,,,FALSE,ERSANA,,,,,0,,FALSE,0,0,0,0,0,0,0,,,,,,,,https://www.accessdata.fda.gov/scripts/cder/daf/index.cfm?event=overview.process&varApplNo=062168,https://api.fda.gov/drug/drugsfda.json?search=application_number:%22ANDA062168%22,data/raw/drugsatfda_data_files_2026_09/Submissions_1965_1979.txt,9460,eb7003d97b6b24023b5fde542a5ba7ca4292259d9f323a1530d387a6e0091311,"Verified row, out of scope for NME counts (abbreviated new drug application)",v23 2026-09-20: row read verbatim from the committed official Drugs@FDA Submissions extract (1965-1979 window) at the cited line number; the file re-hashes to the runner manifest SHA-256. Abbreviated new drug application: outside the NDA/BLA novel-approval basis and therefore never counted toward an official NME or NDA total. Published here so the year's complete original-approval population is auditable.
PRE1980ACT-1978-089,1978,062174,,KIND_UNRESOLVED,1978-12-19,ORIG,1,AP,,,,,FALSE,,,,,,0,,FALSE,0,0,0,0,0,0,0,,,,,,FULldb-1978-UNRES28,,https://www.accessdata.fda.gov/scripts/cder/daf/index.cfm?event=overview.process&varApplNo=062174,,data/raw/drugsatfda_data_files_2026_09/Submissions_1965_1979.txt,9461,eb7003d97b6b24023b5fde542a5ba7ca4292259d9f323a1530d387a6e0091311,"Verified row, application type not published (KIND_UNRESOLVED) - review candidate only","v23 2026-09-20: row read verbatim from the committed official Drugs@FDA Submissions extract (1965-1979 window) at the cited line number; the file re-hashes to the runner manifest SHA-256. ApplNo is absent from the unfiltered Applications table, so no NDA/ANDA/BLA type can be asserted; the openFDA payloads do not carry it either. This is a review candidate, never an approval row in the NME decision table. Cross-check record FULldb-1978-UNRES28."
PRE1980ACT-1978-090,1978,062175,ANDA062175,ANDA_ORIGINAL_EXCLUDED,1978-08-29,ORIG,1,AP,,,,,FALSE,WARNER CHILCOTT,CYCLOPAR,TETRACYCLINE HYDROCHLORIDE,250MG,CAPSULE;ORAL,1,,FALSE,0,0,0,0,0,0,0,,,,,,,,https://www.accessdata.fda.gov/scripts/cder/daf/index.cfm?event=overview.process&varApplNo=062175,https://api.fda.gov/drug/drugsfda.json?search=application_number:%22ANDA062175%22,data/raw/drugsatfda_data_files_2026_09/Submissions_1965_1979.txt,9462,eb7003d97b6b24023b5fde542a5ba7ca4292259d9f323a1530d387a6e0091311,"Verified row, out of scope for NME counts (abbreviated new drug application)",v23 2026-09-20: row read verbatim from the committed official Drugs@FDA Submissions extract (1965-1979 window) at the cited line number; the file re-hashes to the runner manifest SHA-256. Abbreviated new drug application: outside the NDA/BLA novel-approval basis and therefore never counted toward an official NME or NDA total. Published here so the year's complete original-approval population is auditable.
PRE1980ACT-1979-075,1979,062205,ANDA062205,ANDA_ORIGINAL_EXCLUDED,1979-07-28,ORIG,1,AP,,,,,FALSE,CEPH INTL,CEFACLOR,CEFACLOR,EQ 250MG BASE,CAPSULE;ORAL,2,,FALSE,0,0,0,0,0,0,0,,,,,,,,https://www.accessdata.fda.gov/scripts/cder/daf/index.cfm?event=overview.process&varApplNo=062205,https://api.fda.gov/drug/drugsfda.json?search=application_number:%22ANDA062205%22,data/raw/drugsatfda_data_files_2026_09/Submissions_1965_1979.txt,9463,eb7003d97b6b24023b5fde542a5ba7ca4292259d9f323a1530d387a6e0091311,"Verified row, out of scope for NME counts (abbreviated new drug application)",v23 2026-09-20: row read verbatim from the committed official Drugs@FDA Submissions extract (1965-1979 window) at the cited line number; the file re-hashes to the runner manifest SHA-256. Abbreviated new drug application: outside the NDA/BLA novel-approval basis and therefore never counted toward an official NME or NDA total. Published here so the year's complete original-approval population is auditable.
PRE1980ACT-1979-076,1979,062206,ANDA062206,ANDA_ORIGINAL_EXCLUDED,1979-04-23,ORIG,1,AP,,,,,FALSE,FACTA FARMA,CEFACLOR,CEFACLOR,EQ 125MG BASE/5ML,FOR SUSPENSION;ORAL,4,,FALSE,0,0,0,0,0,0,0,,,,,,,,https://www.accessdata.fda.gov/scripts/cder/daf/index.cfm?event=overview.process&varApplNo=062206,https://api.fda.gov/drug/drugsfda.json?search=application_number:%22ANDA062206%22,data/raw/drugsatfda_data_files_2026_09/Submissions_1965_1979.txt,9464,eb7003d97b6b24023b5fde542a5ba7ca4292259d9f323a1530d387a6e0091311,"Verified row, out of scope for NME counts (abbreviated new drug application)",v23 2026-09-20: row read verbatim from the committed official Drugs@FDA Submissions extract (1965-1979 window) at the cited line number; the file re-hashes to the runner manifest SHA-256. Abbreviated new drug application: outside the NDA/BLA novel-approval basis and therefore never counted toward an official NME or NDA total. Published here so the year's complete original-approval population is auditable.
PRE1980ACT-1979-077,1979,062212,ANDA062212,ANDA_ORIGINAL_EXCLUDED,1979-08-02,ORIG,1,AP,,,,,FALSE,GLAXOSMITHKLINE,TOTACILLIN,AMPICILLIN/AMPICILLIN TRIHYDRATE,EQ 250MG BASE,CAPSULE;ORAL,2,,FALSE,0,0,0,0,0,0,0,,,,,,,,https://www.accessdata.fda.gov/scripts/cder/daf/index.cfm?event=overview.process&varApplNo=062212,https://api.fda.gov/drug/drugsfda.json?search=application_number:%22ANDA062212%22,data/raw/drugsatfda_data_files_2026_09/Submissions_1965_1979.txt,9465,eb7003d97b6b24023b5fde542a5ba7ca4292259d9f323a1530d387a6e0091311,"Verified row, out of scope for NME counts (abbreviated new drug application)",v23 2026-09-20: row read verbatim from the committed official Drugs@FDA Submissions extract (1965-1979 window) at the cited line number; the file re-hashes to the runner manifest SHA-256. Abbreviated new drug application: outside the NDA/BLA novel-approval basis and therefore never counted toward an official NME or NDA total. Published here so the year's complete original-approval population is auditable.
PRE1980ACT-1979-078,1979,062215,,KIND_UNRESOLVED,1979-06-04,ORIG,1,AP,,,,,FALSE,,,,,,0,,FALSE,0,0,0,0,0,0,0,,,,,,FULldb-1979-UNRES04,,https://www.accessdata.fda.gov/scripts/cder/daf/index.cfm?event=overview.process&varApplNo=062215,,data/raw/drugsatfda_data_files_2026_09/Submissions_1965_1979.txt,9466,eb7003d97b6b24023b5fde542a5ba7ca4292259d9f323a1530d387a6e0091311,"Verified row, application type not published (KIND_UNRESOLVED) - review candidate only","v23 2026-09-20: row read verbatim from the committed official Drugs@FDA Submissions extract (1965-1979 window) at the cited line number; the file re-hashes to the runner manifest SHA-256. ApplNo is absent from the unfiltered Applications table, so no NDA/ANDA/BLA type can be asserted; the openFDA payloads do not carry it either. This is a review candidate, never an approval row in the NME decision table. Cross-check record FULldb-1979-UNRES04."
PRE1980ACT-1979-079,1979,062216,ANDA062216,ANDA_ORIGINAL_EXCLUDED,1979-08-02,ORIG,1,AP,,,,,FALSE,US ANTIBIOTICS,AMOXIL,AMOXICILLIN,250MG,CAPSULE;ORAL,2,,FALSE,0,0,0,0,0,0,0,,,,,,,,https://www.accessdata.fda.gov/scripts/cder/daf/index.cfm?event=overview.process&varApplNo=062216,https://api.fda.gov/drug/drugsfda.json?search=application_number:%22ANDA062216%22,data/raw/drugsatfda_data_files_2026_09/Submissions_1965_1979.txt,9467,eb7003d97b6b24023b5fde542a5ba7ca4292259d9f323a1530d387a6e0091311,"Verified row, out of scope for NME counts (abbreviated new drug application)",v23 2026-09-20: row read verbatim from the committed official Drugs@FDA Submissions extract (1965-1979 window) at the cited line number; the file re-hashes to the runner manifest SHA-256. Abbreviated new drug application: outside the NDA/BLA novel-approval basis and therefore never counted toward an official NME or NDA total. Published here so the year's complete original-approval population is auditable.
PRE1980ACT-1979-080,1979,062223,ANDA062223,ANDA_ORIGINAL_EXCLUDED,1979-08-27,ORIG,1,AP,,,,,FALSE,GLAXOSMITHKLINE,TOTACILLIN,AMPICILLIN/AMPICILLIN TRIHYDRATE,EQ 125MG BASE/5ML,FOR SUSPENSION;ORAL,2,,FALSE,0,0,0,0,0,0,0,,,,,,,,https://www.accessdata.fda.gov/scripts/cder/daf/index.cfm?event=overview.process&varApplNo=062223,https://api.fda.gov/drug/drugsfda.json?search=application_number:%22ANDA062223%22,data/raw/drugsatfda_data_files_2026_09/Submissions_1965_1979.txt,9468,eb7003d97b6b24023b5fde542a5ba7ca4292259d9f323a1530d387a6e0091311,"Verified row, out of scope for NME counts (abbreviated new drug application)",v23 2026-09-20: row read verbatim from the committed official Drugs@FDA Submissions extract (1965-1979 window) at the cited line number; the file re-hashes to the runner manifest SHA-256. Abbreviated new drug application: outside the NDA/BLA novel-approval basis and therefore never counted toward an official NME or NDA total. Published here so the year's complete original-approval population is auditable.
PRE1980ACT-1979-081,1979,062225,ANDA062225,ANDA_ORIGINAL_EXCLUDED,1979-12-11,ORIG,1,AP,,,,,FALSE,PADAGIS US,NYSTATIN,NYSTATIN,"100,000 UNITS/GM",CREAM;TOPICAL,1,,FALSE,0,0,0,0,0,0,0,,,,,,,,https://www.accessdata.fda.gov/scripts/cder/daf/index.cfm?event=overview.process&varApplNo=062225,https://api.fda.gov/drug/drugsfda.json?search=application_number:%22ANDA062225%22,data/raw/drugsatfda_data_files_2026_09/Submissions_1965_1979.txt,9469,eb7003d97b6b24023b5fde542a5ba7ca4292259d9f323a1530d387a6e0091311,"Verified row, out of scope for NME counts (abbreviated new drug application)",v23 2026-09-20: row read verbatim from the committed official Drugs@FDA Submissions extract (1965-1979 window) at the cited line number; the file re-hashes to the runner manifest SHA-256. Abbreviated new drug application: outside the NDA/BLA novel-approval basis and therefore never counted toward an official NME or NDA total. Published here so the year's complete original-approval population is auditable.
PRE1980ACT-1979-082,1979,062226,ANDA062226,ANDA_ORIGINAL_EXCLUDED,1979-11-27,ORIG,1,AP,,,,,FALSE,US ANTIBIOTICS,AMOXIL,AMOXICILLIN,125MG/5ML,FOR SUSPENSION;ORAL,5,,FALSE,0,0,0,0,0,0,0,,,,,,,,https://www.accessdata.fda.gov/scripts/cder/daf/index.cfm?event=overview.process&varApplNo=062226,https://api.fda.gov/drug/drugsfda.json?search=application_number:%22ANDA062226%22,data/raw/drugsatfda_data_files_2026_09/Submissions_1965_1979.txt,9470,eb7003d97b6b24023b5fde542a5ba7ca4292259d9f323a1530d387a6e0091311,"Verified row, out of scope for NME counts (abbreviated new drug application)",v23 2026-09-20: row read verbatim from the committed official Drugs@FDA Submissions extract (1965-1979 window) at the cited line number; the file re-hashes to the runner manifest SHA-256. Abbreviated new drug application: outside the NDA/BLA novel-approval basis and therefore never counted toward an official NME or NDA total. Published here so the year's complete original-approval population is auditable.
PRE1980ACT-1979-083,1979,062238,ANDA062238,ANDA_ORIGINAL_EXCLUDED,1979-12-31,ORIG,1,AP,,,,,FALSE,GLAXOSMITHKLINE,DYCILL,DICLOXACILLIN SODIUM,EQ 250MG BASE,CAPSULE;ORAL,2,,FALSE,0,0,0,0,0,0,0,,,,,,,,https://www.accessdata.fda.gov/scripts/cder/daf/index.cfm?event=overview.process&varApplNo=062238,https://api.fda.gov/drug/drugsfda.json?search=application_number:%22ANDA062238%22,data/raw/drugsatfda_data_files_2026_09/Submissions_1965_1979.txt,9471,eb7003d97b6b24023b5fde542a5ba7ca4292259d9f323a1530d387a6e0091311,"Verified row, out of scope for NME counts (abbreviated new drug application)",v23 2026-09-20: row read verbatim from the committed official Drugs@FDA Submissions extract (1965-1979 window) at the cited line number; the file re-hashes to the runner manifest SHA-256. Abbreviated new drug application: outside the NDA/BLA novel-approval basis and therefore never counted toward an official NME or NDA total. Published here so the year's complete original-approval population is auditable.
PRE1980ACT-1978-091,1978,080084,ANDA080084,ANDA_ORIGINAL_EXCLUDED,1978-07-05,ORIG,1,AP,,,,,FALSE,CHARTWELL MOLECULAR,SULFADIAZINE,SULFADIAZINE,500MG,TABLET;ORAL,1,,FALSE,0,0,0,0,0,0,0,,,,,,,,https://www.accessdata.fda.gov/scripts/cder/daf/index.cfm?event=overview.process&varApplNo=080084,https://api.fda.gov/drug/drugsfda.json?search=application_number:%22ANDA080084%22,data/raw/drugsatfda_data_files_2026_09/Submissions_1965_1979.txt,9487,eb7003d97b6b24023b5fde542a5ba7ca4292259d9f323a1530d387a6e0091311,"Verified row, out of scope for NME counts (abbreviated new drug application)",v23 2026-09-20: row read verbatim from the committed official Drugs@FDA Submissions extract (1965-1979 window) at the cited line number; the file re-hashes to the runner manifest SHA-256. Abbreviated new drug application: outside the NDA/BLA novel-approval basis and therefore never counted toward an official NME or NDA total. Published here so the year's complete original-approval population is auditable.
PRE1980ACT-1978-092,1978,080085,ANDA080085,ANDA_ORIGINAL_EXCLUDED,1978-03-06,ORIG,1,AP,,,,,FALSE,LANNETT,SULFISOXAZOLE,SULFISOXAZOLE,500MG,TABLET;ORAL,1,,FALSE,0,0,0,0,0,0,0,,,,,,,,https://www.accessdata.fda.gov/scripts/cder/daf/index.cfm?event=overview.process&varApplNo=080085,https://api.fda.gov/drug/drugsfda.json?search=application_number:%22ANDA080085%22,data/raw/drugsatfda_data_files_2026_09/Submissions_1965_1979.txt,9488,eb7003d97b6b24023b5fde542a5ba7ca4292259d9f323a1530d387a6e0091311,"Verified row, out of scope for NME counts (abbreviated new drug application)",v23 2026-09-20: row read verbatim from the committed official Drugs@FDA Submissions extract (1965-1979 window) at the cited line number; the file re-hashes to the runner manifest SHA-256. Abbreviated new drug application: outside the NDA/BLA novel-approval basis and therefore never counted toward an official NME or NDA total. Published here so the year's complete original-approval population is auditable.
PRE1980ACT-1978-093,1978,080123,ANDA080123,ANDA_ORIGINAL_EXCLUDED,1978-08-24,ORIG,1,AP,,,,,FALSE,LANNETT,LANTRISUL,TRISULFAPYRIMIDINES (SULFADIAZINE;SULFAMERAZINE;SULFAMETHAZINE),167MG/5ML;167MG/5ML;167MG/5ML,SUSPENSION;ORAL,1,,FALSE,0,0,0,0,0,0,0,,,,,,,,https://www.accessdata.fda.gov/scripts/cder/daf/index.cfm?event=overview.process&varApplNo=080123,https://api.fda.gov/drug/drugsfda.json?search=application_number:%22ANDA080123%22,data/raw/drugsatfda_data_files_2026_09/Submissions_1965_1979.txt,9495,eb7003d97b6b24023b5fde542a5ba7ca4292259d9f323a1530d387a6e0091311,"Verified row, out of scope for NME counts (abbreviated new drug application)",v23 2026-09-20: row read verbatim from the committed official Drugs@FDA Submissions extract (1965-1979 window) at the cited line number; the file re-hashes to the runner manifest SHA-256. Abbreviated new drug application: outside the NDA/BLA novel-approval basis and therefore never counted toward an official NME or NDA total. Published here so the year's complete original-approval population is auditable.
PRE1980ACT-1978-094,1978,080138,ANDA080138,ANDA_ORIGINAL_EXCLUDED,1978-01-17,ORIG,1,AP,,,,,FALSE,LANNETT,SODIUM P.A.S.,AMINOSALICYLATE SODIUM,500MG,TABLET;ORAL,1,,FALSE,0,0,0,0,0,0,0,,,,,,,,https://www.accessdata.fda.gov/scripts/cder/daf/index.cfm?event=overview.process&varApplNo=080138,https://api.fda.gov/drug/drugsfda.json?search=application_number:%22ANDA080138%22,data/raw/drugsatfda_data_files_2026_09/Submissions_1965_1979.txt,9498,eb7003d97b6b24023b5fde542a5ba7ca4292259d9f323a1530d387a6e0091311,"Verified row, out of scope for NME counts (abbreviated new drug application)",v23 2026-09-20: row read verbatim from the committed official Drugs@FDA Submissions extract (1965-1979 window) at the cited line number; the file re-hashes to the runner manifest SHA-256. Abbreviated new drug application: outside the NDA/BLA novel-approval basis and therefore never counted toward an official NME or NDA total. Published here so the year's complete original-approval population is auditable.
PRE1980ACT-1978-095,1978,080259,ANDA080259,ANDA_ORIGINAL_EXCLUDED,1978-04-06,ORIG,1,AP,,,,,FALSE,ANI PHARMS,PROMPT PHENYTOIN SODIUM,PHENYTOIN SODIUM,100MG PROMPT,CAPSULE;ORAL,1,,FALSE,0,0,0,0,0,0,0,,,,,,,,https://www.accessdata.fda.gov/scripts/cder/daf/index.cfm?event=overview.process&varApplNo=080259,https://api.fda.gov/drug/drugsfda.json?search=application_number:%22ANDA080259%22,data/raw/drugsatfda_data_files_2026_09/Submissions_1965_1979.txt,9524,eb7003d97b6b24023b5fde542a5ba7ca4292259d9f323a1530d387a6e0091311,"Verified row, out of scope for NME counts (abbreviated new drug application)",v23 2026-09-20: row read verbatim from the committed official Drugs@FDA Submissions extract (1965-1979 window) at the cited line number; the file re-hashes to the runner manifest SHA-256. Abbreviated new drug application: outside the NDA/BLA novel-approval basis and therefore never counted toward an official NME or NDA total. Published here so the year's complete original-approval population is auditable.
PRE1980ACT-1979-084,1979,080281,ANDA080281,ANDA_ORIGINAL_EXCLUDED,1979-08-03,ORIG,1,AP,,,,,FALSE,SCHERING,ORETON,METHYLTESTOSTERONE,10MG,TABLET;BUCCAL,1,,FALSE,0,0,0,0,0,0,0,,,,,,,,https://www.accessdata.fda.gov/scripts/cder/daf/index.cfm?event=overview.process&varApplNo=080281,https://api.fda.gov/drug/drugsfda.json?search=application_number:%22ANDA080281%22,data/raw/drugsatfda_data_files_2026_09/Submissions_1965_1979.txt,9528,eb7003d97b6b24023b5fde542a5ba7ca4292259d9f323a1530d387a6e0091311,"Verified row, out of scope for NME counts (abbreviated new drug application)",v23 2026-09-20: row read verbatim from the committed official Drugs@FDA Submissions extract (1965-1979 window) at the cited line number; the file re-hashes to the runner manifest SHA-256. Abbreviated new drug application: outside the NDA/BLA novel-approval basis and therefore never counted toward an official NME or NDA total. Published here so the year's complete original-approval population is auditable.
PRE1980ACT-1977-066,1977,080390,ANDA080390,ANDA_ORIGINAL_EXCLUDED,1977-03-14,ORIG,1,AP,,,,,FALSE,LYPHOMED,LIDOCAINE HYDROCHLORIDE,LIDOCAINE HYDROCHLORIDE,1%,INJECTABLE;INJECTION,2,,FALSE,0,0,0,0,0,0,0,,,,,,,,https://www.accessdata.fda.gov/scripts/cder/daf/index.cfm?event=overview.process&varApplNo=080390,https://api.fda.gov/drug/drugsfda.json?search=application_number:%22ANDA080390%22,data/raw/drugsatfda_data_files_2026_09/Submissions_1965_1979.txt,9559,eb7003d97b6b24023b5fde542a5ba7ca4292259d9f323a1530d387a6e0091311,"Verified row, out of scope for NME counts (abbreviated new drug application)",v23 2026-09-20: row read verbatim from the committed official Drugs@FDA Submissions extract (1965-1979 window) at the cited line number; the file re-hashes to the runner manifest SHA-256. Abbreviated new drug application: outside the NDA/BLA novel-approval basis and therefore never counted toward an official NME or NDA total. Published here so the year's complete original-approval population is auditable.
PRE1980ACT-1978-096,1978,080704,ANDA080704,ANDA_ORIGINAL_EXCLUDED,1978-10-16,ORIG,1,AP,,,,,FALSE,BIONPHARMA,VITAMIN D,ERGOCALCIFEROL,"50,000 IU",CAPSULE;ORAL,1,,FALSE,0,0,0,0,0,0,0,,,,,,,,https://www.accessdata.fda.gov/scripts/cder/daf/index.cfm?event=overview.process&varApplNo=080704,https://api.fda.gov/drug/drugsfda.json?search=application_number:%22ANDA080704%22,data/raw/drugsatfda_data_files_2026_09/Submissions_1965_1979.txt,9647,eb7003d97b6b24023b5fde542a5ba7ca4292259d9f323a1530d387a6e0091311,"Verified row, out of scope for NME counts (abbreviated new drug application)",v23 2026-09-20: row read verbatim from the committed official Drugs@FDA Submissions extract (1965-1979 window) at the cited line number; the file re-hashes to the runner manifest SHA-256. Abbreviated new drug application: outside the NDA/BLA novel-approval basis and therefore never counted toward an official NME or NDA total. Published here so the year's complete original-approval population is auditable.
PRE1980ACT-1979-085,1979,080773,,KIND_UNRESOLVED,1979-03-30,ORIG,1,AP,,,,,FALSE,,,,,,0,,FALSE,0,0,0,0,0,0,0,,,,,,FULldb-1979-UNRES02,,https://www.accessdata.fda.gov/scripts/cder/daf/index.cfm?event=overview.process&varApplNo=080773,,data/raw/drugsatfda_data_files_2026_09/Submissions_1965_1979.txt,9684,eb7003d97b6b24023b5fde542a5ba7ca4292259d9f323a1530d387a6e0091311,"Verified row, application type not published (KIND_UNRESOLVED) - review candidate only","v23 2026-09-20: row read verbatim from the committed official Drugs@FDA Submissions extract (1965-1979 window) at the cited line number; the file re-hashes to the runner manifest SHA-256. ApplNo is absent from the unfiltered Applications table, so no NDA/ANDA/BLA type can be asserted; the openFDA payloads do not carry it either. This is a review candidate, never an approval row in the NME decision table. Cross-check record FULldb-1979-UNRES02."
PRE1980ACT-1979-086,1979,080822,ANDA080822,ANDA_ORIGINAL_EXCLUDED,1979-01-25,ORIG,1,AP,,,,,FALSE,BEL MAR,DIPHENHYDRAMINE HYDROCHLORIDE,DIPHENHYDRAMINE HYDROCHLORIDE,10MG/ML,INJECTABLE;INJECTION,1,,FALSE,0,0,0,0,0,0,0,,,,,,,,https://www.accessdata.fda.gov/scripts/cder/daf/index.cfm?event=overview.process&varApplNo=080822,https://api.fda.gov/drug/drugsfda.json?search=application_number:%22ANDA080822%22,data/raw/drugsatfda_data_files_2026_09/Submissions_1965_1979.txt,9700,eb7003d97b6b24023b5fde542a5ba7ca4292259d9f323a1530d387a6e0091311,"Verified row, out of scope for NME counts (abbreviated new drug application)",v23 2026-09-20: row read verbatim from the committed official Drugs@FDA Submissions extract (1965-1979 window) at the cited line number; the file re-hashes to the runner manifest SHA-256. Abbreviated new drug application: outside the NDA/BLA novel-approval basis and therefore never counted toward an official NME or NDA total. Published here so the year's complete original-approval population is auditable.
PRE1980ACT-1978-097,1978,080905,ANDA080905,ANDA_ORIGINAL_EXCLUDED,1978-03-03,ORIG,1,AP,,,,,FALSE,WATSON LABS,PROMPT PHENYTOIN SODIUM,PHENYTOIN SODIUM,100MG PROMPT,CAPSULE;ORAL,1,,FALSE,0,0,0,0,0,0,0,,,,,,,,https://www.accessdata.fda.gov/scripts/cder/daf/index.cfm?event=overview.process&varApplNo=080905,https://api.fda.gov/drug/drugsfda.json?search=application_number:%22ANDA080905%22,data/raw/drugsatfda_data_files_2026_09/Submissions_1965_1979.txt,9717,eb7003d97b6b24023b5fde542a5ba7ca4292259d9f323a1530d387a6e0091311,"Verified row, out of scope for NME counts (abbreviated new drug application)",v23 2026-09-20: row read verbatim from the committed official Drugs@FDA Submissions extract (1965-1979 window) at the cited line number; the file re-hashes to the runner manifest SHA-256. Abbreviated new drug application: outside the NDA/BLA novel-approval basis and therefore never counted toward an official NME or NDA total. Published here so the year's complete original-approval population is auditable.
PRE1980ACT-1979-087,1979,083075,ANDA083075,ANDA_ORIGINAL_EXCLUDED,1979-09-12,ORIG,1,AP,,,,,FALSE,LYPHOMED,CYANOCOBALAMIN,CYANOCOBALAMIN,1MG/ML,INJECTABLE;INJECTION,1,,FALSE,0,0,0,0,0,0,0,,,,,,,,https://www.accessdata.fda.gov/scripts/cder/daf/index.cfm?event=overview.process&varApplNo=083075,https://api.fda.gov/drug/drugsfda.json?search=application_number:%22ANDA083075%22,data/raw/drugsatfda_data_files_2026_09/Submissions_1965_1979.txt,9759,eb7003d97b6b24023b5fde542a5ba7ca4292259d9f323a1530d387a6e0091311,"Verified row, out of scope for NME counts (abbreviated new drug application)",v23 2026-09-20: row read verbatim from the committed official Drugs@FDA Submissions extract (1965-1979 window) at the cited line number; the file re-hashes to the runner manifest SHA-256. Abbreviated new drug application: outside the NDA/BLA novel-approval basis and therefore never counted toward an official NME or NDA total. Published here so the year's complete original-approval population is auditable.
PRE1980ACT-1978-098,1978,083077,ANDA083077,ANDA_ORIGINAL_EXCLUDED,1978-04-14,ORIG,1,AP,,,,,FALSE,IVAX SUB TEVA PHARMS,PROPOXYPHENE COMPOUND 65,ASPIRIN; CAFFEINE; PROPOXYPHENE HYDROCHLORIDE,389MG;32.4MG;65MG,CAPSULE;ORAL,1,,FALSE,0,0,0,0,0,0,0,,,,,,,,https://www.accessdata.fda.gov/scripts/cder/daf/index.cfm?event=overview.process&varApplNo=083077,https://api.fda.gov/drug/drugsfda.json?search=application_number:%22ANDA083077%22,data/raw/drugsatfda_data_files_2026_09/Submissions_1965_1979.txt,9760,eb7003d97b6b24023b5fde542a5ba7ca4292259d9f323a1530d387a6e0091311,"Verified row, out of scope for NME counts (abbreviated new drug application)",v23 2026-09-20: row read verbatim from the committed official Drugs@FDA Submissions extract (1965-1979 window) at the cited line number; the file re-hashes to the runner manifest SHA-256. Abbreviated new drug application: outside the NDA/BLA novel-approval basis and therefore never counted toward an official NME or NDA total. Published here so the year's complete original-approval population is auditable.
PRE1980ACT-1979-088,1979,083128,ANDA083128,ANDA_ORIGINAL_EXCLUDED,1979-02-27,ORIG,1,AP,,,,,FALSE,WATSON LABS,HYDROCORTISONE ACETATE,HYDROCORTISONE ACETATE,25MG/ML,INJECTABLE;INJECTION,1,,FALSE,0,0,0,0,0,0,0,,,,,,,,https://www.accessdata.fda.gov/scripts/cder/daf/index.cfm?event=overview.process&varApplNo=083128,https://api.fda.gov/drug/drugsfda.json?search=application_number:%22ANDA083128%22,data/raw/drugsatfda_data_files_2026_09/Submissions_1965_1979.txt,9772,eb7003d97b6b24023b5fde542a5ba7ca4292259d9f323a1530d387a6e0091311,"Verified row, out of scope for NME counts (abbreviated new drug application)",v23 2026-09-20: row read verbatim from the committed official Drugs@FDA Submissions extract (1965-1979 window) at the cited line number; the file re-hashes to the runner manifest SHA-256. Abbreviated new drug application: outside the NDA/BLA novel-approval basis and therefore never counted toward an official NME or NDA total. Published here so the year's complete original-approval population is auditable.
PRE1980ACT-1978-099,1978,083161,ANDA083161,ANDA_ORIGINAL_EXCLUDED,1978-06-06,ORIG,1,AP,,,,,FALSE,DELL LABS,DEXAMETHASONE SODIUM PHOSPHATE,DEXAMETHASONE SODIUM PHOSPHATE,EQ 4MG PHOSPHATE/ML,INJECTABLE;INJECTION,1,,FALSE,0,0,0,0,0,0,0,,,,,,,,https://www.accessdata.fda.gov/scripts/cder/daf/index.cfm?event=overview.process&varApplNo=083161,https://api.fda.gov/drug/drugsfda.json?search=application_number:%22ANDA083161%22,data/raw/drugsatfda_data_files_2026_09/Submissions_1965_1979.txt,9784,eb7003d97b6b24023b5fde542a5ba7ca4292259d9f323a1530d387a6e0091311,"Verified row, out of scope for NME counts (abbreviated new drug application)",v23 2026-09-20: row read verbatim from the committed official Drugs@FDA Submissions extract (1965-1979 window) at the cited line number; the file re-hashes to the runner manifest SHA-256. Abbreviated new drug application: outside the NDA/BLA novel-approval basis and therefore never counted toward an official NME or NDA total. Published here so the year's complete original-approval population is auditable.
PRE1980ACT-1977-067,1977,083220,ANDA083220,ANDA_ORIGINAL_EXCLUDED,1977-05-19,ORIG,1,AP,,,,,FALSE,PFIZER,OGEN .625,ESTROPIPATE,0.75MG,TABLET;ORAL,4,,FALSE,0,0,0,1,0,0,0,,,http://www.accessdata.fda.gov/drugsatfda_docs/label/2005/083220s041lbl.pdf,,,,,https://www.accessdata.fda.gov/scripts/cder/daf/index.cfm?event=overview.process&varApplNo=083220,https://api.fda.gov/drug/drugsfda.json?search=application_number:%22ANDA083220%22,data/raw/drugsatfda_data_files_2026_09/Submissions_1965_1979.txt,9803,eb7003d97b6b24023b5fde542a5ba7ca4292259d9f323a1530d387a6e0091311,"Verified row, out of scope for NME counts (abbreviated new drug application)",v23 2026-09-20: row read verbatim from the committed official Drugs@FDA Submissions extract (1965-1979 window) at the cited line number; the file re-hashes to the runner manifest SHA-256. Abbreviated new drug application: outside the NDA/BLA novel-approval basis and therefore never counted toward an official NME or NDA total. Published here so the year's complete original-approval population is auditable.
PRE1980ACT-1977-068,1977,083287,ANDA083287,ANDA_ORIGINAL_EXCLUDED,1977-06-03,ORIG,1,AP,,,,,FALSE,WATSON LABS,PROCAINAMIDE HYDROCHLORIDE,PROCAINAMIDE HYDROCHLORIDE,250MG,CAPSULE;ORAL,1,,FALSE,0,0,0,0,0,0,0,,,,,,,,https://www.accessdata.fda.gov/scripts/cder/daf/index.cfm?event=overview.process&varApplNo=083287,https://api.fda.gov/drug/drugsfda.json?search=application_number:%22ANDA083287%22,data/raw/drugsatfda_data_files_2026_09/Submissions_1965_1979.txt,9822,eb7003d97b6b24023b5fde542a5ba7ca4292259d9f323a1530d387a6e0091311,"Verified row, out of scope for NME counts (abbreviated new drug application)",v23 2026-09-20: row read verbatim from the committed official Drugs@FDA Submissions extract (1965-1979 window) at the cited line number; the file re-hashes to the runner manifest SHA-256. Abbreviated new drug application: outside the NDA/BLA novel-approval basis and therefore never counted toward an official NME or NDA total. Published here so the year's complete original-approval population is auditable.
PRE1980ACT-1977-069,1977,083376,ANDA083376,ANDA_ORIGINAL_EXCLUDED,1977-09-28,ORIG,1,AP,,,,,FALSE,ROCHE PALO,EVEX,"ESTROGENS, ESTERIFIED",1.25MG,TABLET;ORAL,1,,FALSE,0,0,0,0,0,0,0,,,,,,,,https://www.accessdata.fda.gov/scripts/cder/daf/index.cfm?event=overview.process&varApplNo=083376,https://api.fda.gov/drug/drugsfda.json?search=application_number:%22ANDA083376%22,data/raw/drugsatfda_data_files_2026_09/Submissions_1965_1979.txt,9842,eb7003d97b6b24023b5fde542a5ba7ca4292259d9f323a1530d387a6e0091311,"Verified row, out of scope for NME counts (abbreviated new drug application)",v23 2026-09-20: row read verbatim from the committed official Drugs@FDA Submissions extract (1965-1979 window) at the cited line number; the file re-hashes to the runner manifest SHA-256. Abbreviated new drug application: outside the NDA/BLA novel-approval basis and therefore never counted toward an official NME or NDA total. Published here so the year's complete original-approval population is auditable.
PRE1980ACT-1977-070,1977,083393,ANDA083393,ANDA_ORIGINAL_EXCLUDED,1977-04-29,ORIG,1,AP,,,,,FALSE,VALEANT PHARM INTL,QUINIDINE SULFATE,QUINIDINE SULFATE,200MG,TABLET;ORAL,1,,FALSE,0,0,0,0,0,0,0,,,,,,,,https://www.accessdata.fda.gov/scripts/cder/daf/index.cfm?event=overview.process&varApplNo=083393,https://api.fda.gov/drug/drugsfda.json?search=application_number:%22ANDA083393%22,data/raw/drugsatfda_data_files_2026_09/Submissions_1965_1979.txt,9852,eb7003d97b6b24023b5fde542a5ba7ca4292259d9f323a1530d387a6e0091311,"Verified row, out of scope for NME counts (abbreviated new drug application)",v23 2026-09-20: row read verbatim from the committed official Drugs@FDA Submissions extract (1965-1979 window) at the cited line number; the file re-hashes to the runner manifest SHA-256. Abbreviated new drug application: outside the NDA/BLA novel-approval basis and therefore never counted toward an official NME or NDA total. Published here so the year's complete original-approval population is auditable.
PRE1980ACT-1977-071,1977,083475,ANDA083475,ANDA_ORIGINAL_EXCLUDED,1977-04-01,ORIG,1,AP,,,,,FALSE,LANNETT,GLUTETHIMIDE,GLUTETHIMIDE,250MG,TABLET;ORAL,1,,FALSE,0,0,0,0,0,0,0,,,,,,,,https://www.accessdata.fda.gov/scripts/cder/daf/index.cfm?event=overview.process&varApplNo=083475,https://api.fda.gov/drug/drugsfda.json?search=application_number:%22ANDA083475%22,data/raw/drugsatfda_data_files_2026_09/Submissions_1965_1979.txt,9865,eb7003d97b6b24023b5fde542a5ba7ca4292259d9f323a1530d387a6e0091311,"Verified row, out of scope for NME counts (abbreviated new drug application)",v23 2026-09-20: row read verbatim from the committed official Drugs@FDA Submissions extract (1965-1979 window) at the cited line number; the file re-hashes to the runner manifest SHA-256. Abbreviated new drug application: outside the NDA/BLA novel-approval basis and therefore never counted toward an official NME or NDA total. Published here so the year's complete original-approval population is auditable.
PRE1980ACT-1977-072,1977,083531,ANDA083531,ANDA_ORIGINAL_EXCLUDED,1977-07-05,ORIG,1,AP,,,,,FALSE,WATSON LABS,DIMENHYDRINATE,DIMENHYDRINATE,50MG/ML,INJECTABLE;INJECTION,1,,FALSE,0,0,0,0,0,0,0,,,,,,,,https://www.accessdata.fda.gov/scripts/cder/daf/index.cfm?event=overview.process&varApplNo=083531,https://api.fda.gov/drug/drugsfda.json?search=application_number:%22ANDA083531%22,data/raw/drugsatfda_data_files_2026_09/Submissions_1965_1979.txt,9874,eb7003d97b6b24023b5fde542a5ba7ca4292259d9f323a1530d387a6e0091311,"Verified row, out of scope for NME counts (abbreviated new drug application)",v23 2026-09-20: row read verbatim from the committed official Drugs@FDA Submissions extract (1965-1979 window) at the cited line number; the file re-hashes to the runner manifest SHA-256. Abbreviated new drug application: outside the NDA/BLA novel-approval basis and therefore never counted toward an official NME or NDA total. Published here so the year's complete original-approval population is auditable.
PRE1980ACT-1979-089,1979,083547,ANDA083547,ANDA_ORIGINAL_EXCLUDED,1979-02-28,ORIG,1,AP,,,,,FALSE,DR REDDYS,ESTRADIOL VALERATE,ESTRADIOL VALERATE,20MG/ML,INJECTABLE;INJECTION,1,,FALSE,0,0,0,1,0,1,1,,http://www.accessdata.fda.gov/drugsatfda_docs/nda/pre96/083547.pdf,,,,,,https://www.accessdata.fda.gov/scripts/cder/daf/index.cfm?event=overview.process&varApplNo=083547,https://api.fda.gov/drug/drugsfda.json?search=application_number:%22ANDA083547%22,data/raw/drugsatfda_data_files_2026_09/Submissions_1965_1979.txt,9877,eb7003d97b6b24023b5fde542a5ba7ca4292259d9f323a1530d387a6e0091311,"Verified row, out of scope for NME counts (abbreviated new drug application)",v23 2026-09-20: row read verbatim from the committed official Drugs@FDA Submissions extract (1965-1979 window) at the cited line number; the file re-hashes to the runner manifest SHA-256. Abbreviated new drug application: outside the NDA/BLA novel-approval basis and therefore never counted toward an official NME or NDA total. Published here so the year's complete original-approval population is auditable.
PRE1980ACT-1979-090,1979,083551,ANDA083551,ANDA_ORIGINAL_EXCLUDED,1979-02-07,ORIG,1,AP,,,,,FALSE,WATSON LABS,PRIMIDONE,PRIMIDONE,250MG,TABLET;ORAL,1,,FALSE,0,0,0,0,0,0,0,,,,,,,,https://www.accessdata.fda.gov/scripts/cder/daf/index.cfm?event=overview.process&varApplNo=083551,https://api.fda.gov/drug/drugsfda.json?search=application_number:%22ANDA083551%22,data/raw/drugsatfda_data_files_2026_09/Submissions_1965_1979.txt,9879,eb7003d97b6b24023b5fde542a5ba7ca4292259d9f323a1530d387a6e0091311,"Verified row, out of scope for NME counts (abbreviated new drug application)",v23 2026-09-20: row read verbatim from the committed official Drugs@FDA Submissions extract (1965-1979 window) at the cited line number; the file re-hashes to the runner manifest SHA-256. Abbreviated new drug application: outside the NDA/BLA novel-approval basis and therefore never counted toward an official NME or NDA total. Published here so the year's complete original-approval population is auditable.
PRE1980ACT-1977-073,1977,083593,ANDA083593,ANDA_ORIGINAL_EXCLUDED,1977-07-05,ORIG,1,AP,,,,,FALSE,WATSON LABS,CHLORPHENIRAMINE MALEATE,CHLORPHENIRAMINE MALEATE,10MG/ML,INJECTABLE;INJECTION,1,,FALSE,0,0,0,0,0,0,0,,,,,,,,https://www.accessdata.fda.gov/scripts/cder/daf/index.cfm?event=overview.process&varApplNo=083593,https://api.fda.gov/drug/drugsfda.json?search=application_number:%22ANDA083593%22,data/raw/drugsatfda_data_files_2026_09/Submissions_1965_1979.txt,9894,eb7003d97b6b24023b5fde542a5ba7ca4292259d9f323a1530d387a6e0091311,"Verified row, out of scope for NME counts (abbreviated new drug application)",v23 2026-09-20: row read verbatim from the committed official Drugs@FDA Submissions extract (1965-1979 window) at the cited line number; the file re-hashes to the runner manifest SHA-256. Abbreviated new drug application: outside the NDA/BLA novel-approval basis and therefore never counted toward an official NME or NDA total. Published here so the year's complete original-approval population is auditable.
PRE1980ACT-1977-074,1977,083607,ANDA083607,ANDA_ORIGINAL_EXCLUDED,1977-08-19,ORIG,1,AP,,,,,FALSE,IMPAX LABS,HYDROCHLOROTHIAZIDE,HYDROCHLOROTHIAZIDE,50MG,TABLET;ORAL,1,,FALSE,0,0,0,1,0,1,1,,http://www.accessdata.fda.gov/drugsatfda_docs/anda/pre96/083607_hydrochlorothiazide_toc.html,,,,,,https://www.accessdata.fda.gov/scripts/cder/daf/index.cfm?event=overview.process&varApplNo=083607,https://api.fda.gov/drug/drugsfda.json?search=application_number:%22ANDA083607%22,data/raw/drugsatfda_data_files_2026_09/Submissions_1965_1979.txt,9899,eb7003d97b6b24023b5fde542a5ba7ca4292259d9f323a1530d387a6e0091311,"Verified row, out of scope for NME counts (abbreviated new drug application)",v23 2026-09-20: row read verbatim from the committed official Drugs@FDA Submissions extract (1965-1979 window) at the cited line number; the file re-hashes to the runner manifest SHA-256. Abbreviated new drug application: outside the NDA/BLA novel-approval basis and therefore never counted toward an official NME or NDA total. Published here so the year's complete original-approval population is auditable.
PRE1980ACT-1977-075,1977,083644,ANDA083644,ANDA_ORIGINAL_EXCLUDED,1977-01-12,ORIG,1,AP,,,,,FALSE,BARR,PHENDIMETRAZINE TARTRATE,PHENDIMETRAZINE TARTRATE,35MG,TABLET;ORAL,1,,FALSE,0,0,0,0,0,0,0,,,,,,,,https://www.accessdata.fda.gov/scripts/cder/daf/index.cfm?event=overview.process&varApplNo=083644,https://api.fda.gov/drug/drugsfda.json?search=application_number:%22ANDA083644%22,data/raw/drugsatfda_data_files_2026_09/Submissions_1965_1979.txt,9909,eb7003d97b6b24023b5fde542a5ba7ca4292259d9f323a1530d387a6e0091311,"Verified row, out of scope for NME counts (abbreviated new drug application)",v23 2026-09-20: row read verbatim from the committed official Drugs@FDA Submissions extract (1965-1979 window) at the cited line number; the file re-hashes to the runner manifest SHA-256. Abbreviated new drug application: outside the NDA/BLA novel-approval basis and therefore never counted toward an official NME or NDA total. Published here so the year's complete original-approval population is auditable.
PRE1980ACT-1977-076,1977,083684,ANDA083684,ANDA_ORIGINAL_EXCLUDED,1977-01-11,ORIG,1,AP,,,,,FALSE,BARR,PHENDIMETRAZINE TARTRATE,PHENDIMETRAZINE TARTRATE,35MG,TABLET;ORAL,1,,FALSE,0,0,0,0,0,0,0,,,,,,,,https://www.accessdata.fda.gov/scripts/cder/daf/index.cfm?event=overview.process&varApplNo=083684,https://api.fda.gov/drug/drugsfda.json?search=application_number:%22ANDA083684%22,data/raw/drugsatfda_data_files_2026_09/Submissions_1965_1979.txt,9918,eb7003d97b6b24023b5fde542a5ba7ca4292259d9f323a1530d387a6e0091311,"Verified row, out of scope for NME counts (abbreviated new drug application)",v23 2026-09-20: row read verbatim from the committed official Drugs@FDA Submissions extract (1965-1979 window) at the cited line number; the file re-hashes to the runner manifest SHA-256. Abbreviated new drug application: outside the NDA/BLA novel-approval basis and therefore never counted toward an official NME or NDA total. Published here so the year's complete original-approval population is auditable.
PRE1980ACT-1977-077,1977,083686,ANDA083686,ANDA_ORIGINAL_EXCLUDED,1977-01-11,ORIG,1,AP,,,,,FALSE,BARR,PHENDIMETRAZINE TARTRATE,PHENDIMETRAZINE TARTRATE,35MG,TABLET;ORAL,1,,FALSE,0,0,0,0,0,0,0,,,,,,,,https://www.accessdata.fda.gov/scripts/cder/daf/index.cfm?event=overview.process&varApplNo=083686,https://api.fda.gov/drug/drugsfda.json?search=application_number:%22ANDA083686%22,data/raw/drugsatfda_data_files_2026_09/Submissions_1965_1979.txt,9919,eb7003d97b6b24023b5fde542a5ba7ca4292259d9f323a1530d387a6e0091311,"Verified row, out of scope for NME counts (abbreviated new drug application)",v23 2026-09-20: row read verbatim from the committed official Drugs@FDA Submissions extract (1965-1979 window) at the cited line number; the file re-hashes to the runner manifest SHA-256. Abbreviated new drug application: outside the NDA/BLA novel-approval basis and therefore never counted toward an official NME or NDA total. Published here so the year's complete original-approval population is auditable.
PRE1980ACT-1977-078,1977,083687,ANDA083687,ANDA_ORIGINAL_EXCLUDED,1977-01-13,ORIG,1,AP,,,,,FALSE,BARR,PHENDIMETRAZINE TARTRATE,PHENDIMETRAZINE TARTRATE,35MG,TABLET;ORAL,1,,FALSE,0,0,0,0,0,0,0,,,,,,,,https://www.accessdata.fda.gov/scripts/cder/daf/index.cfm?event=overview.process&varApplNo=083687,https://api.fda.gov/drug/drugsfda.json?search=application_number:%22ANDA083687%22,data/raw/drugsatfda_data_files_2026_09/Submissions_1965_1979.txt,9920,eb7003d97b6b24023b5fde542a5ba7ca4292259d9f323a1530d387a6e0091311,"Verified row, out of scope for NME counts (abbreviated new drug application)",v23 2026-09-20: row read verbatim from the committed official Drugs@FDA Submissions extract (1965-1979 window) at the cited line number; the file re-hashes to the runner manifest SHA-256. Abbreviated new drug application: outside the NDA/BLA novel-approval basis and therefore never counted toward an official NME or NDA total. Published here so the year's complete original-approval population is auditable.
PRE1980ACT-1977-079,1977,083693,ANDA083693,ANDA_ORIGINAL_EXCLUDED,1977-05-11,ORIG,1,AP,,,,,FALSE,LANNETT,PROCAINAMIDE HYDROCHLORIDE,PROCAINAMIDE HYDROCHLORIDE,250MG,CAPSULE;ORAL,1,,FALSE,0,0,0,0,0,0,0,,,,,,,,https://www.accessdata.fda.gov/scripts/cder/daf/index.cfm?event=overview.process&varApplNo=083693,https://api.fda.gov/drug/drugsfda.json?search=application_number:%22ANDA083693%22,data/raw/drugsatfda_data_files_2026_09/Submissions_1965_1979.txt,9923,eb7003d97b6b24023b5fde542a5ba7ca4292259d9f323a1530d387a6e0091311,"Verified row, out of scope for NME counts (abbreviated new drug application)",v23 2026-09-20: row read verbatim from the committed official Drugs@FDA Submissions extract (1965-1979 window) at the cited line number; the file re-hashes to the runner manifest SHA-256. Abbreviated new drug application: outside the NDA/BLA novel-approval basis and therefore never counted toward an official NME or NDA total. Published here so the year's complete original-approval population is auditable.
PRE1980ACT-1979-091,1979,083714,ANDA083714,ANDA_ORIGINAL_EXCLUDED,1979-02-28,ORIG,1,AP,,,,,FALSE,DR REDDYS,ESTRADIOL VALERATE,ESTRADIOL VALERATE,40MG/ML,INJECTABLE;INJECTION,1,,FALSE,0,0,0,1,0,1,1,,http://www.accessdata.fda.gov/drugsatfda_docs/nda/pre96/083714.pdf,,,,,,https://www.accessdata.fda.gov/scripts/cder/daf/index.cfm?event=overview.process&varApplNo=083714,https://api.fda.gov/drug/drugsfda.json?search=application_number:%22ANDA083714%22,data/raw/drugsatfda_data_files_2026_09/Submissions_1965_1979.txt,9926,eb7003d97b6b24023b5fde542a5ba7ca4292259d9f323a1530d387a6e0091311,"Verified row, out of scope for NME counts (abbreviated new drug application)",v23 2026-09-20: row read verbatim from the committed official Drugs@FDA Submissions extract (1965-1979 window) at the cited line number; the file re-hashes to the runner manifest SHA-256. Abbreviated new drug application: outside the NDA/BLA novel-approval basis and therefore never counted toward an official NME or NDA total. Published here so the year's complete original-approval population is auditable.
PRE1980ACT-1979-092,1979,083733,ANDA083733,ANDA_ORIGINAL_EXCLUDED,1979-01-23,ORIG,1,AP,,,,,FALSE,BEL MAR,PYRIDAMAL 100,CHLORPHENIRAMINE MALEATE,100MG/ML,INJECTABLE;INJECTION,1,,FALSE,0,0,0,0,0,0,0,,,,,,,,https://www.accessdata.fda.gov/scripts/cder/daf/index.cfm?event=overview.process&varApplNo=083733,https://api.fda.gov/drug/drugsfda.json?search=application_number:%22ANDA083733%22,data/raw/drugsatfda_data_files_2026_09/Submissions_1965_1979.txt,9931,eb7003d97b6b24023b5fde542a5ba7ca4292259d9f323a1530d387a6e0091311,"Verified row, out of scope for NME counts (abbreviated new drug application)",v23 2026-09-20: row read verbatim from the committed official Drugs@FDA Submissions extract (1965-1979 window) at the cited line number; the file re-hashes to the runner manifest SHA-256. Abbreviated new drug application: outside the NDA/BLA novel-approval basis and therefore never counted toward an official NME or NDA total. Published here so the year's complete original-approval population is auditable.
PRE1980ACT-1978-100,1978,083734,ANDA083734,ANDA_ORIGINAL_EXCLUDED,1978-06-12,ORIG,1,AP,,,,,FALSE,ANI PHARMS,PROBENECID AND COLCHICINE,COLCHICINE; PROBENECID,0.5MG;500MG,TABLET;ORAL,1,,FALSE,0,0,0,0,0,0,0,,,,,,,,https://www.accessdata.fda.gov/scripts/cder/daf/index.cfm?event=overview.process&varApplNo=083734,https://api.fda.gov/drug/drugsfda.json?search=application_number:%22ANDA083734%22,data/raw/drugsatfda_data_files_2026_09/Submissions_1965_1979.txt,9932,eb7003d97b6b24023b5fde542a5ba7ca4292259d9f323a1530d387a6e0091311,"Verified row, out of scope for NME counts (abbreviated new drug application)",v23 2026-09-20: row read verbatim from the committed official Drugs@FDA Submissions extract (1965-1979 window) at the cited line number; the file re-hashes to the runner manifest SHA-256. Abbreviated new drug application: outside the NDA/BLA novel-approval basis and therefore never counted toward an official NME or NDA total. Published here so the year's complete original-approval population is auditable.
PRE1980ACT-1977-080,1977,083743,ANDA083743,ANDA_ORIGINAL_EXCLUDED,1977-01-14,ORIG,1,AP,,,,,FALSE,CHARTWELL MOLECULAR,QUINIDINE SULFATE,QUINIDINE SULFATE,200MG,TABLET;ORAL,1,,FALSE,0,0,0,0,0,0,0,,,,,,,,https://www.accessdata.fda.gov/scripts/cder/daf/index.cfm?event=overview.process&varApplNo=083743,https://api.fda.gov/drug/drugsfda.json?search=application_number:%22ANDA083743%22,data/raw/drugsatfda_data_files_2026_09/Submissions_1965_1979.txt,9938,eb7003d97b6b24023b5fde542a5ba7ca4292259d9f323a1530d387a6e0091311,"Verified row, out of scope for NME counts (abbreviated new drug application)",v23 2026-09-20: row read verbatim from the committed official Drugs@FDA Submissions extract (1965-1979 window) at the cited line number; the file re-hashes to the runner manifest SHA-256. Abbreviated new drug application: outside the NDA/BLA novel-approval basis and therefore never counted toward an official NME or NDA total. Published here so the year's complete original-approval population is auditable.
PRE1980ACT-1977-081,1977,083799,ANDA083799,ANDA_ORIGINAL_EXCLUDED,1977-08-05,ORIG,1,AP,,,,,FALSE,ROXANE,IMIPRAMINE HYDROCHLORIDE,IMIPRAMINE HYDROCHLORIDE,10MG,TABLET;ORAL,3,,FALSE,0,0,0,0,0,0,0,,,,,,,,https://www.accessdata.fda.gov/scripts/cder/daf/index.cfm?event=overview.process&varApplNo=083799,https://api.fda.gov/drug/drugsfda.json?search=application_number:%22ANDA083799%22,data/raw/drugsatfda_data_files_2026_09/Submissions_1965_1979.txt,9952,eb7003d97b6b24023b5fde542a5ba7ca4292259d9f323a1530d387a6e0091311,"Verified row, out of scope for NME counts (abbreviated new drug application)",v23 2026-09-20: row read verbatim from the committed official Drugs@FDA Submissions extract (1965-1979 window) at the cited line number; the file re-hashes to the runner manifest SHA-256. Abbreviated new drug application: outside the NDA/BLA novel-approval basis and therefore never counted toward an official NME or NDA total. Published here so the year's complete original-approval population is auditable.
PRE1980ACT-1977-082,1977,083808,ANDA083808,ANDA_ORIGINAL_EXCLUDED,1977-02-14,ORIG,1,AP,,,,,FALSE,CONTRACT PHARMACAL,QUINIDINE SULFATE,QUINIDINE SULFATE,200MG,TABLET;ORAL,1,,FALSE,0,0,0,0,0,0,0,,,,,,,,https://www.accessdata.fda.gov/scripts/cder/daf/index.cfm?event=overview.process&varApplNo=083808,https://api.fda.gov/drug/drugsfda.json?search=application_number:%22ANDA083808%22,data/raw/drugsatfda_data_files_2026_09/Submissions_1965_1979.txt,9954,eb7003d97b6b24023b5fde542a5ba7ca4292259d9f323a1530d387a6e0091311,"Verified row, out of scope for NME counts (abbreviated new drug application)",v23 2026-09-20: row read verbatim from the committed official Drugs@FDA Submissions extract (1965-1979 window) at the cited line number; the file re-hashes to the runner manifest SHA-256. Abbreviated new drug application: outside the NDA/BLA novel-approval basis and therefore never counted toward an official NME or NDA total. Published here so the year's complete original-approval population is auditable.
PRE1980ACT-1978-101,1978,083827,ANDA083827,ANDA_ORIGINAL_EXCLUDED,1978-06-19,ORIG,1,AP,,,,,FALSE,ALRA,PRAMINE,IMIPRAMINE HYDROCHLORIDE,10MG,TABLET;ORAL,3,,FALSE,0,0,0,1,0,0,0,,,,,,,,https://www.accessdata.fda.gov/scripts/cder/daf/index.cfm?event=overview.process&varApplNo=083827,https://api.fda.gov/drug/drugsfda.json?search=application_number:%22ANDA083827%22,data/raw/drugsatfda_data_files_2026_09/Submissions_1965_1979.txt,9958,eb7003d97b6b24023b5fde542a5ba7ca4292259d9f323a1530d387a6e0091311,"Verified row, out of scope for NME counts (abbreviated new drug application)",v23 2026-09-20: row read verbatim from the committed official Drugs@FDA Submissions extract (1965-1979 window) at the cited line number; the file re-hashes to the runner manifest SHA-256. Abbreviated new drug application: outside the NDA/BLA novel-approval basis and therefore never counted toward an official NME or NDA total. Published here so the year's complete original-approval population is auditable.
PRE1980ACT-1978-102,1978,083847,ANDA083847,ANDA_ORIGINAL_EXCLUDED,1978-02-06,ORIG,1,AP,,,,,FALSE,WATSON LABS,TRICHLORMETHIAZIDE,TRICHLORMETHIAZIDE,2MG,TABLET;ORAL,1,,FALSE,0,0,0,0,0,0,0,,,,,,,,https://www.accessdata.fda.gov/scripts/cder/daf/index.cfm?event=overview.process&varApplNo=083847,https://api.fda.gov/drug/drugsfda.json?search=application_number:%22ANDA083847%22,data/raw/drugsatfda_data_files_2026_09/Submissions_1965_1979.txt,9962,eb7003d97b6b24023b5fde542a5ba7ca4292259d9f323a1530d387a6e0091311,"Verified row, out of scope for NME counts (abbreviated new drug application)",v23 2026-09-20: row read verbatim from the committed official Drugs@FDA Submissions extract (1965-1979 window) at the cited line number; the file re-hashes to the runner manifest SHA-256. Abbreviated new drug application: outside the NDA/BLA novel-approval basis and therefore never counted toward an official NME or NDA total. Published here so the year's complete original-approval population is auditable.
PRE1980ACT-1977-083,1977,083855,ANDA083855,ANDA_ORIGINAL_EXCLUDED,1977-12-02,ORIG,1,AP,,,,,FALSE,WATSON LABS,TRICHLORMETHIAZIDE,TRICHLORMETHIAZIDE,4MG,TABLET;ORAL,1,,FALSE,0,0,0,0,0,0,0,,,,,,,,https://www.accessdata.fda.gov/scripts/cder/daf/index.cfm?event=overview.process&varApplNo=083855,https://api.fda.gov/drug/drugsfda.json?search=application_number:%22ANDA083855%22,data/raw/drugsatfda_data_files_2026_09/Submissions_1965_1979.txt,9963,eb7003d97b6b24023b5fde542a5ba7ca4292259d9f323a1530d387a6e0091311,"Verified row, out of scope for NME counts (abbreviated new drug application)",v23 2026-09-20: row read verbatim from the committed official Drugs@FDA Submissions extract (1965-1979 window) at the cited line number; the file re-hashes to the runner manifest SHA-256. Abbreviated new drug application: outside the NDA/BLA novel-approval basis and therefore never counted toward an official NME or NDA total. Published here so the year's complete original-approval population is auditable.
PRE1980ACT-1977-084,1977,083856,ANDA083856,ANDA_ORIGINAL_EXCLUDED,1977-06-17,ORIG,1,AP,,,,,FALSE,SOLVAY,ESTRATAB,"ESTROGENS, ESTERIFIED",1.25MG,TABLET;ORAL,1,,FALSE,0,0,0,0,0,0,0,,,,,,,,https://www.accessdata.fda.gov/scripts/cder/daf/index.cfm?event=overview.process&varApplNo=083856,https://api.fda.gov/drug/drugsfda.json?search=application_number:%22ANDA083856%22,data/raw/drugsatfda_data_files_2026_09/Submissions_1965_1979.txt,9964,eb7003d97b6b24023b5fde542a5ba7ca4292259d9f323a1530d387a6e0091311,"Verified row, out of scope for NME counts (abbreviated new drug application)",v23 2026-09-20: row read verbatim from the committed official Drugs@FDA Submissions extract (1965-1979 window) at the cited line number; the file re-hashes to the runner manifest SHA-256. Abbreviated new drug application: outside the NDA/BLA novel-approval basis and therefore never counted toward an official NME or NDA total. Published here so the year's complete original-approval population is auditable.
PRE1980ACT-1977-085,1977,083925,ANDA083925,ANDA_ORIGINAL_EXCLUDED,1977-05-03,ORIG,1,AP,,,,,FALSE,SOLVAY,ZIDE,HYDROCHLOROTHIAZIDE,50MG,TABLET;ORAL,1,,FALSE,0,0,0,0,0,0,0,,,,,,,,https://www.accessdata.fda.gov/scripts/cder/daf/index.cfm?event=overview.process&varApplNo=083925,https://api.fda.gov/drug/drugsfda.json?search=application_number:%22ANDA083925%22,data/raw/drugsatfda_data_files_2026_09/Submissions_1965_1979.txt,9992,eb7003d97b6b24023b5fde542a5ba7ca4292259d9f323a1530d387a6e0091311,"Verified row, out of scope for NME counts (abbreviated new drug application)",v23 2026-09-20: row read verbatim from the committed official Drugs@FDA Submissions extract (1965-1979 window) at the cited line number; the file re-hashes to the runner manifest SHA-256. Abbreviated new drug application: outside the NDA/BLA novel-approval basis and therefore never counted toward an official NME or NDA total. Published here so the year's complete original-approval population is auditable.
PRE1980ACT-1977-086,1977,083965,ANDA083965,ANDA_ORIGINAL_EXCLUDED,1977-03-21,ORIG,1,AP,,,,,FALSE,CHARTWELL RX,HYDROCHLOROTHIAZIDE,HYDROCHLOROTHIAZIDE,50MG,TABLET;ORAL,1,,FALSE,0,0,0,1,0,1,1,,http://www.accessdata.fda.gov/drugsatfda_docs/anda/pre96/083965_hydrochlorothiazide_toc.html,,,,,,https://www.accessdata.fda.gov/scripts/cder/daf/index.cfm?event=overview.process&varApplNo=083965,https://api.fda.gov/drug/drugsfda.json?search=application_number:%22ANDA083965%22,data/raw/drugsatfda_data_files_2026_09/Submissions_1965_1979.txt,9996,eb7003d97b6b24023b5fde542a5ba7ca4292259d9f323a1530d387a6e0091311,"Verified row, out of scope for NME counts (abbreviated new drug application)",v23 2026-09-20: row read verbatim from the committed official Drugs@FDA Submissions extract (1965-1979 window) at the cited line number; the file re-hashes to the runner manifest SHA-256. Abbreviated new drug application: outside the NDA/BLA novel-approval basis and therefore never counted toward an official NME or NDA total. Published here so the year's complete original-approval population is auditable.
PRE1980ACT-1978-103,1978,083997,ANDA083997,ANDA_ORIGINAL_EXCLUDED,1978-11-21,ORIG,1,AP,,,,,FALSE,ALTANA,ZIPAN-25,PROMETHAZINE HYDROCHLORIDE,25MG/ML,INJECTABLE;INJECTION,2,,FALSE,0,0,0,0,0,0,0,,,,,,,,https://www.accessdata.fda.gov/scripts/cder/daf/index.cfm?event=overview.process&varApplNo=083997,https://api.fda.gov/drug/drugsfda.json?search=application_number:%22ANDA083997%22,data/raw/drugsatfda_data_files_2026_09/Submissions_1965_1979.txt,10004,eb7003d97b6b24023b5fde542a5ba7ca4292259d9f323a1530d387a6e0091311,"Verified row, out of scope for NME counts (abbreviated new drug application)",v23 2026-09-20: row read verbatim from the committed official Drugs@FDA Submissions extract (1965-1979 window) at the cited line number; the file re-hashes to the runner manifest SHA-256. Abbreviated new drug application: outside the NDA/BLA novel-approval basis and therefore never counted toward an official NME or NDA total. Published here so the year's complete original-approval population is auditable.
PRE1980ACT-1977-087,1977,084001,ANDA084001,ANDA_ORIGINAL_EXCLUDED,1977-06-15,ORIG,1,AP,,,,,FALSE,FERNDALE LABS,FERNDEX,DEXTROAMPHETAMINE SULFATE,5MG,TABLET;ORAL,1,,FALSE,0,0,0,0,0,0,0,,,,,,,,https://www.accessdata.fda.gov/scripts/cder/daf/index.cfm?event=overview.process&varApplNo=084001,https://api.fda.gov/drug/drugsfda.json?search=application_number:%22ANDA084001%22,data/raw/drugsatfda_data_files_2026_09/Submissions_1965_1979.txt,10006,eb7003d97b6b24023b5fde542a5ba7ca4292259d9f323a1530d387a6e0091311,"Verified row, out of scope for NME counts (abbreviated new drug application)",v23 2026-09-20: row read verbatim from the committed official Drugs@FDA Submissions extract (1965-1979 window) at the cited line number; the file re-hashes to the runner manifest SHA-256. Abbreviated new drug application: outside the NDA/BLA novel-approval basis and therefore never counted toward an official NME or NDA total. Published here so the year's complete original-approval population is auditable.
PRE1980ACT-1977-088,1977,084044,,KIND_UNRESOLVED,1977-08-17,ORIG,1,AP,,,,,FALSE,,,,,,0,,FALSE,0,0,0,0,0,0,0,,,,,,FULldb-1977-UNRES18,,https://www.accessdata.fda.gov/scripts/cder/daf/index.cfm?event=overview.process&varApplNo=084044,,data/raw/drugsatfda_data_files_2026_09/Submissions_1965_1979.txt,10016,eb7003d97b6b24023b5fde542a5ba7ca4292259d9f323a1530d387a6e0091311,"Verified row, application type not published (KIND_UNRESOLVED) - review candidate only","v23 2026-09-20: row read verbatim from the committed official Drugs@FDA Submissions extract (1965-1979 window) at the cited line number; the file re-hashes to the runner manifest SHA-256. ApplNo is absent from the unfiltered Applications table, so no NDA/ANDA/BLA type can be asserted; the openFDA payloads do not carry it either. This is a review candidate, never an approval row in the NME decision table. Cross-check record FULldb-1977-UNRES18."
PRE1980ACT-1977-089,1977,084072,ANDA084072,ANDA_ORIGINAL_EXCLUDED,1977-01-24,ORIG,1,AP,,,,,FALSE,WATSON LABS,TRIAMCINOLONE DIACETATE,TRIAMCINOLONE DIACETATE,40MG/ML,INJECTABLE;INJECTION,1,,FALSE,0,0,0,0,0,0,0,,,,,,,,https://www.accessdata.fda.gov/scripts/cder/daf/index.cfm?event=overview.process&varApplNo=084072,https://api.fda.gov/drug/drugsfda.json?search=application_number:%22ANDA084072%22,data/raw/drugsatfda_data_files_2026_09/Submissions_1965_1979.txt,10019,eb7003d97b6b24023b5fde542a5ba7ca4292259d9f323a1530d387a6e0091311,"Verified row, out of scope for NME counts (abbreviated new drug application)",v23 2026-09-20: row read verbatim from the committed official Drugs@FDA Submissions extract (1965-1979 window) at the cited line number; the file re-hashes to the runner manifest SHA-256. Abbreviated new drug application: outside the NDA/BLA novel-approval basis and therefore never counted toward an official NME or NDA total. Published here so the year's complete original-approval population is auditable.
PRE1980ACT-1978-104,1978,084100,ANDA084100,ANDA_ORIGINAL_EXCLUDED,1978-08-28,ORIG,1,AP,,,,,FALSE,LILLY,CRYSTODIGIN,DIGITOXIN,0.2MG/ML,INJECTABLE;INJECTION,1,,FALSE,0,0,0,0,0,0,0,,,,,,,,https://www.accessdata.fda.gov/scripts/cder/daf/index.cfm?event=overview.process&varApplNo=084100,https://api.fda.gov/drug/drugsfda.json?search=application_number:%22ANDA084100%22,data/raw/drugsatfda_data_files_2026_09/Submissions_1965_1979.txt,10029,eb7003d97b6b24023b5fde542a5ba7ca4292259d9f323a1530d387a6e0091311,"Verified row, out of scope for NME counts (abbreviated new drug application)",v23 2026-09-20: row read verbatim from the committed official Drugs@FDA Submissions extract (1965-1979 window) at the cited line number; the file re-hashes to the runner manifest SHA-256. Abbreviated new drug application: outside the NDA/BLA novel-approval basis and therefore never counted toward an official NME or NDA total. Published here so the year's complete original-approval population is auditable.
PRE1980ACT-1978-105,1978,084204,ANDA084204,ANDA_ORIGINAL_EXCLUDED,1978-12-01,ORIG,1,AP,,,,,FALSE,SUN PHARM INDUSTRIES,ISOSORBIDE DINITRATE,ISOSORBIDE DINITRATE,2.5MG,TABLET;SUBLINGUAL,1,,FALSE,0,0,0,0,0,0,0,,,,,,,,https://www.accessdata.fda.gov/scripts/cder/daf/index.cfm?event=overview.process&varApplNo=084204,https://api.fda.gov/drug/drugsfda.json?search=application_number:%22ANDA084204%22,data/raw/drugsatfda_data_files_2026_09/Submissions_1965_1979.txt,10072,eb7003d97b6b24023b5fde542a5ba7ca4292259d9f323a1530d387a6e0091311,"Verified row, out of scope for NME counts (abbreviated new drug application)",v23 2026-09-20: row read verbatim from the committed official Drugs@FDA Submissions extract (1965-1979 window) at the cited line number; the file re-hashes to the runner manifest SHA-256. Abbreviated new drug application: outside the NDA/BLA novel-approval basis and therefore never counted toward an official NME or NDA total. Published here so the year's complete original-approval population is auditable.
PRE1980ACT-1977-090,1977,084215,ANDA084215,ANDA_ORIGINAL_EXCLUDED,1977-09-28,ORIG,1,AP,,,,,FALSE,ROCHE PALO,EVEX,"ESTROGENS, ESTERIFIED",0.625MG,TABLET;ORAL,1,,FALSE,0,0,0,0,0,0,0,,,,,,,,https://www.accessdata.fda.gov/scripts/cder/daf/index.cfm?event=overview.process&varApplNo=084215,https://api.fda.gov/drug/drugsfda.json?search=application_number:%22ANDA084215%22,data/raw/drugsatfda_data_files_2026_09/Submissions_1965_1979.txt,10075,eb7003d97b6b24023b5fde542a5ba7ca4292259d9f323a1530d387a6e0091311,"Verified row, out of scope for NME counts (abbreviated new drug application)",v23 2026-09-20: row read verbatim from the committed official Drugs@FDA Submissions extract (1965-1979 window) at the cited line number; the file re-hashes to the runner manifest SHA-256. Abbreviated new drug application: outside the NDA/BLA novel-approval basis and therefore never counted toward an official NME or NDA total. Published here so the year's complete original-approval population is auditable.
PRE1980ACT-1977-091,1977,084216,,KIND_UNRESOLVED,1977-09-28,ORIG,1,AP,,,,,FALSE,,,,,,0,,FALSE,0,0,0,0,0,0,0,,,,,,FULldb-1977-UNRES25,,https://www.accessdata.fda.gov/scripts/cder/daf/index.cfm?event=overview.process&varApplNo=084216,,data/raw/drugsatfda_data_files_2026_09/Submissions_1965_1979.txt,10076,eb7003d97b6b24023b5fde542a5ba7ca4292259d9f323a1530d387a6e0091311,"Verified row, application type not published (KIND_UNRESOLVED) - review candidate only","v23 2026-09-20: row read verbatim from the committed official Drugs@FDA Submissions extract (1965-1979 window) at the cited line number; the file re-hashes to the runner manifest SHA-256. ApplNo is absent from the unfiltered Applications table, so no NDA/ANDA/BLA type can be asserted; the openFDA payloads do not carry it either. This is a review candidate, never an approval row in the NME decision table. Cross-check record FULldb-1977-UNRES25."
PRE1980ACT-1977-092,1977,084270,ANDA084270,ANDA_ORIGINAL_EXCLUDED,1977-02-08,ORIG,1,AP,,,,,FALSE,WATSON LABS,TRIAMCINOLONE,TRIAMCINOLONE,4MG,TABLET;ORAL,1,,FALSE,0,0,0,0,0,0,0,,,,,,,,https://www.accessdata.fda.gov/scripts/cder/daf/index.cfm?event=overview.process&varApplNo=084270,https://api.fda.gov/drug/drugsfda.json?search=application_number:%22ANDA084270%22,data/raw/drugsatfda_data_files_2026_09/Submissions_1965_1979.txt,10091,eb7003d97b6b24023b5fde542a5ba7ca4292259d9f323a1530d387a6e0091311,"Verified row, out of scope for NME counts (abbreviated new drug application)",v23 2026-09-20: row read verbatim from the committed official Drugs@FDA Submissions extract (1965-1979 window) at the cited line number; the file re-hashes to the runner manifest SHA-256. Abbreviated new drug application: outside the NDA/BLA novel-approval basis and therefore never counted toward an official NME or NDA total. Published here so the year's complete original-approval population is auditable.
PRE1980ACT-1977-093,1977,084276,ANDA084276,ANDA_ORIGINAL_EXCLUDED,1977-01-04,ORIG,1,AP,,,,,FALSE,ANI PHARMS,METHOCARBAMOL,METHOCARBAMOL,750MG,TABLET;ORAL,1,,FALSE,0,0,0,0,0,0,0,,,,,,,,https://www.accessdata.fda.gov/scripts/cder/daf/index.cfm?event=overview.process&varApplNo=084276,https://api.fda.gov/drug/drugsfda.json?search=application_number:%22ANDA084276%22,data/raw/drugsatfda_data_files_2026_09/Submissions_1965_1979.txt,10094,eb7003d97b6b24023b5fde542a5ba7ca4292259d9f323a1530d387a6e0091311,"Verified row, out of scope for NME counts (abbreviated new drug application)",v23 2026-09-20: row read verbatim from the committed official Drugs@FDA Submissions extract (1965-1979 window) at the cited line number; the file re-hashes to the runner manifest SHA-256. Abbreviated new drug application: outside the NDA/BLA novel-approval basis and therefore never counted toward an official NME or NDA total. Published here so the year's complete original-approval population is auditable.
PRE1980ACT-1977-094,1977,084277,ANDA084277,ANDA_ORIGINAL_EXCLUDED,1977-03-14,ORIG,1,AP,,,,,FALSE,ANI PHARMS,METHOCARBAMOL,METHOCARBAMOL,500MG,TABLET;ORAL,1,,FALSE,0,0,0,0,0,0,0,,,,,,,,https://www.accessdata.fda.gov/scripts/cder/daf/index.cfm?event=overview.process&varApplNo=084277,https://api.fda.gov/drug/drugsfda.json?search=application_number:%22ANDA084277%22,data/raw/drugsatfda_data_files_2026_09/Submissions_1965_1979.txt,10095,eb7003d97b6b24023b5fde542a5ba7ca4292259d9f323a1530d387a6e0091311,"Verified row, out of scope for NME counts (abbreviated new drug application)",v23 2026-09-20: row read verbatim from the committed official Drugs@FDA Submissions extract (1965-1979 window) at the cited line number; the file re-hashes to the runner manifest SHA-256. Abbreviated new drug application: outside the NDA/BLA novel-approval basis and therefore never counted toward an official NME or NDA total. Published here so the year's complete original-approval population is auditable.
PRE1980ACT-1977-095,1977,084280,ANDA084280,ANDA_ORIGINAL_EXCLUDED,1977-06-07,ORIG,1,AP,,,,,FALSE,WATSON LABS,PROCAINAMIDE HYDROCHLORIDE,PROCAINAMIDE HYDROCHLORIDE,500MG,CAPSULE;ORAL,1,,FALSE,0,0,0,0,0,0,0,,,,,,,,https://www.accessdata.fda.gov/scripts/cder/daf/index.cfm?event=overview.process&varApplNo=084280,https://api.fda.gov/drug/drugsfda.json?search=application_number:%22ANDA084280%22,data/raw/drugsatfda_data_files_2026_09/Submissions_1965_1979.txt,10098,eb7003d97b6b24023b5fde542a5ba7ca4292259d9f323a1530d387a6e0091311,"Verified row, out of scope for NME counts (abbreviated new drug application)",v23 2026-09-20: row read verbatim from the committed official Drugs@FDA Submissions extract (1965-1979 window) at the cited line number; the file re-hashes to the runner manifest SHA-256. Abbreviated new drug application: outside the NDA/BLA novel-approval basis and therefore never counted toward an official NME or NDA total. Published here so the year's complete original-approval population is auditable.
PRE1980ACT-1977-096,1977,084283,,KIND_UNRESOLVED,1977-09-09,ORIG,1,AP,,,,,FALSE,,,,,,0,,FALSE,0,0,0,0,0,0,0,,,,,,FULldb-1977-UNRES22,,https://www.accessdata.fda.gov/scripts/cder/daf/index.cfm?event=overview.process&varApplNo=084283,,data/raw/drugsatfda_data_files_2026_09/Submissions_1965_1979.txt,10100,eb7003d97b6b24023b5fde542a5ba7ca4292259d9f323a1530d387a6e0091311,"Verified row, application type not published (KIND_UNRESOLVED) - review candidate only","v23 2026-09-20: row read verbatim from the committed official Drugs@FDA Submissions extract (1965-1979 window) at the cited line number; the file re-hashes to the runner manifest SHA-256. ApplNo is absent from the unfiltered Applications table, so no NDA/ANDA/BLA type can be asserted; the openFDA payloads do not carry it either. This is a review candidate, never an approval row in the NME decision table. Cross-check record FULldb-1977-UNRES22."
PRE1980ACT-1978-106,1978,084315,ANDA084315,ANDA_ORIGINAL_EXCLUDED,1978-11-08,ORIG,1,AP,,,,,FALSE,WATSON LABS,DEXAMETHASONE ACETATE,DEXAMETHASONE ACETATE,EQ 8MG BASE/ML,INJECTABLE;INJECTION,1,,FALSE,0,0,0,0,0,0,0,,,,,,,,https://www.accessdata.fda.gov/scripts/cder/daf/index.cfm?event=overview.process&varApplNo=084315,https://api.fda.gov/drug/drugsfda.json?search=application_number:%22ANDA084315%22,data/raw/drugsatfda_data_files_2026_09/Submissions_1965_1979.txt,10112,eb7003d97b6b24023b5fde542a5ba7ca4292259d9f323a1530d387a6e0091311,"Verified row, out of scope for NME counts (abbreviated new drug application)",v23 2026-09-20: row read verbatim from the committed official Drugs@FDA Submissions extract (1965-1979 window) at the cited line number; the file re-hashes to the runner manifest SHA-256. Abbreviated new drug application: outside the NDA/BLA novel-approval basis and therefore never counted toward an official NME or NDA total. Published here so the year's complete original-approval population is auditable.
PRE1980ACT-1977-097,1977,084360,ANDA084360,ANDA_ORIGINAL_EXCLUDED,1977-12-19,ORIG,1,AP,,,,,FALSE,WHITEWORTH TOWN PLSN,ACETAMINOPHEN AND CODEINE PHOSPHATE,ACETAMINOPHEN; CODEINE PHOSPHATE,300MG;30MG,TABLET;ORAL,1,,FALSE,0,0,0,0,0,0,0,,,,,,,,https://www.accessdata.fda.gov/scripts/cder/daf/index.cfm?event=overview.process&varApplNo=084360,https://api.fda.gov/drug/drugsfda.json?search=application_number:%22ANDA084360%22,data/raw/drugsatfda_data_files_2026_09/Submissions_1965_1979.txt,10127,eb7003d97b6b24023b5fde542a5ba7ca4292259d9f323a1530d387a6e0091311,"Verified row, out of scope for NME counts (abbreviated new drug application)",v23 2026-09-20: row read verbatim from the committed official Drugs@FDA Submissions extract (1965-1979 window) at the cited line number; the file re-hashes to the runner manifest SHA-256. Abbreviated new drug application: outside the NDA/BLA novel-approval basis and therefore never counted toward an official NME or NDA total. Published here so the year's complete original-approval population is auditable.
PRE1980ACT-1977-098,1977,084362,ANDA084362,ANDA_ORIGINAL_EXCLUDED,1977-08-01,ORIG,1,AP,,,,,FALSE,WATSON LABS,GLUTETHIMIDE,GLUTETHIMIDE,500MG,TABLET;ORAL,1,,FALSE,0,0,0,0,0,0,0,,,,,,,,https://www.accessdata.fda.gov/scripts/cder/daf/index.cfm?event=overview.process&varApplNo=084362,https://api.fda.gov/drug/drugsfda.json?search=application_number:%22ANDA084362%22,data/raw/drugsatfda_data_files_2026_09/Submissions_1965_1979.txt,10128,eb7003d97b6b24023b5fde542a5ba7ca4292259d9f323a1530d387a6e0091311,"Verified row, out of scope for NME counts (abbreviated new drug application)",v23 2026-09-20: row read verbatim from the committed official Drugs@FDA Submissions extract (1965-1979 window) at the cited line number; the file re-hashes to the runner manifest SHA-256. Abbreviated new drug application: outside the NDA/BLA novel-approval basis and therefore never counted toward an official NME or NDA total. Published here so the year's complete original-approval population is auditable.
PRE1980ACT-1977-099,1977,084377,,KIND_UNRESOLVED,1977-08-01,ORIG,1,AP,,,,,FALSE,,,,,,0,,FALSE,0,0,0,0,0,0,0,,,,,,FULldb-1977-UNRES16,,https://www.accessdata.fda.gov/scripts/cder/daf/index.cfm?event=overview.process&varApplNo=084377,,data/raw/drugsatfda_data_files_2026_09/Submissions_1965_1979.txt,10131,eb7003d97b6b24023b5fde542a5ba7ca4292259d9f323a1530d387a6e0091311,"Verified row, application type not published (KIND_UNRESOLVED) - review candidate only","v23 2026-09-20: row read verbatim from the committed official Drugs@FDA Submissions extract (1965-1979 window) at the cited line number; the file re-hashes to the runner manifest SHA-256. ApplNo is absent from the unfiltered Applications table, so no NDA/ANDA/BLA type can be asserted; the openFDA payloads do not carry it either. This is a review candidate, never an approval row in the NME decision table. Cross-check record FULldb-1977-UNRES16."
PRE1980ACT-1977-100,1977,084403,ANDA084403,ANDA_ORIGINAL_EXCLUDED,1977-06-03,ORIG,1,AP,,,,,FALSE,WATSON LABS,PROCAINAMIDE HYDROCHLORIDE,PROCAINAMIDE HYDROCHLORIDE,375MG,CAPSULE;ORAL,1,,FALSE,0,0,0,0,0,0,0,,,,,,,,https://www.accessdata.fda.gov/scripts/cder/daf/index.cfm?event=overview.process&varApplNo=084403,https://api.fda.gov/drug/drugsfda.json?search=application_number:%22ANDA084403%22,data/raw/drugsatfda_data_files_2026_09/Submissions_1965_1979.txt,10137,eb7003d97b6b24023b5fde542a5ba7ca4292259d9f323a1530d387a6e0091311,"Verified row, out of scope for NME counts (abbreviated new drug application)",v23 2026-09-20: row read verbatim from the committed official Drugs@FDA Submissions extract (1965-1979 window) at the cited line number; the file re-hashes to the runner manifest SHA-256. Abbreviated new drug application: outside the NDA/BLA novel-approval basis and therefore never counted toward an official NME or NDA total. Published here so the year's complete original-approval population is auditable.
PRE1980ACT-1979-093,1979,084427,ANDA084427,ANDA_ORIGINAL_EXCLUDED,1979-02-26,ORIG,1,AP,,,,,FALSE,PHARMACIA,DILANTIN,PHENYTOIN,50MG,"TABLET, CHEWABLE;ORAL",1,,FALSE,0,0,0,20,3,1,1,http://www.accessdata.fda.gov/drugsatfda_docs/appletter/2015/084427Orig1s032ltr.pdf,http://www.accessdata.fda.gov/drugsatfda_docs/nda/pre96/084427.pdf,http://www.accessdata.fda.gov/drugsatfda_docs/label/2009/084427s020lbl.pdf,,,,,https://www.accessdata.fda.gov/scripts/cder/daf/index.cfm?event=overview.process&varApplNo=084427,https://api.fda.gov/drug/drugsfda.json?search=application_number:%22ANDA084427%22,data/raw/drugsatfda_data_files_2026_09/Submissions_1965_1979.txt,10141,eb7003d97b6b24023b5fde542a5ba7ca4292259d9f323a1530d387a6e0091311,"Verified row, out of scope for NME counts (abbreviated new drug application)",v23 2026-09-20: row read verbatim from the committed official Drugs@FDA Submissions extract (1965-1979 window) at the cited line number; the file re-hashes to the runner manifest SHA-256. Abbreviated new drug application: outside the NDA/BLA novel-approval basis and therefore never counted toward an official NME or NDA total. Published here so the year's complete original-approval population is auditable.
PRE1980ACT-1977-101,1977,084442,ANDA084442,ANDA_ORIGINAL_EXCLUDED,1977-03-02,ORIG,1,AP,,,,,FALSE,WATSON LABS TEVA,PROBENECID,PROBENECID,500MG,TABLET;ORAL,1,,FALSE,0,0,0,0,0,0,0,,,,,,,,https://www.accessdata.fda.gov/scripts/cder/daf/index.cfm?event=overview.process&varApplNo=084442,https://api.fda.gov/drug/drugsfda.json?search=application_number:%22ANDA084442%22,data/raw/drugsatfda_data_files_2026_09/Submissions_1965_1979.txt,10147,eb7003d97b6b24023b5fde542a5ba7ca4292259d9f323a1530d387a6e0091311,"Verified row, out of scope for NME counts (abbreviated new drug application)",v23 2026-09-20: row read verbatim from the committed official Drugs@FDA Submissions extract (1965-1979 window) at the cited line number; the file re-hashes to the runner manifest SHA-256. Abbreviated new drug application: outside the NDA/BLA novel-approval basis and therefore never counted toward an official NME or NDA total. Published here so the year's complete original-approval population is auditable.
PRE1980ACT-1977-102,1977,084466,ANDA084466,ANDA_ORIGINAL_EXCLUDED,1977-01-07,ORIG,1,AP,,,,,FALSE,WATSON LABS,HYDROCHLOROTHIAZIDE W/ RESERPINE,HYDROCHLOROTHIAZIDE; RESERPINE,25MG;0.125MG,TABLET;ORAL,1,,FALSE,0,0,0,0,0,0,0,,,,,,,,https://www.accessdata.fda.gov/scripts/cder/daf/index.cfm?event=overview.process&varApplNo=084466,https://api.fda.gov/drug/drugsfda.json?search=application_number:%22ANDA084466%22,data/raw/drugsatfda_data_files_2026_09/Submissions_1965_1979.txt,10155,eb7003d97b6b24023b5fde542a5ba7ca4292259d9f323a1530d387a6e0091311,"Verified row, out of scope for NME counts (abbreviated new drug application)",v23 2026-09-20: row read verbatim from the committed official Drugs@FDA Submissions extract (1965-1979 window) at the cited line number; the file re-hashes to the runner manifest SHA-256. Abbreviated new drug application: outside the NDA/BLA novel-approval basis and therefore never counted toward an official NME or NDA total. Published here so the year's complete original-approval population is auditable.
PRE1980ACT-1977-103,1977,084467,ANDA084467,ANDA_ORIGINAL_EXCLUDED,1977-01-07,ORIG,1,AP,,,,,FALSE,WATSON LABS,HYDROCHLOROTHIAZIDE W/ RESERPINE,HYDROCHLOROTHIAZIDE; RESERPINE,50MG;0.125MG,TABLET;ORAL,1,,FALSE,0,0,0,0,0,0,0,,,,,,,,https://www.accessdata.fda.gov/scripts/cder/daf/index.cfm?event=overview.process&varApplNo=084467,https://api.fda.gov/drug/drugsfda.json?search=application_number:%22ANDA084467%22,data/raw/drugsatfda_data_files_2026_09/Submissions_1965_1979.txt,10156,eb7003d97b6b24023b5fde542a5ba7ca4292259d9f323a1530d387a6e0091311,"Verified row, out of scope for NME counts (abbreviated new drug application)",v23 2026-09-20: row read verbatim from the committed official Drugs@FDA Submissions extract (1965-1979 window) at the cited line number; the file re-hashes to the runner manifest SHA-256. Abbreviated new drug application: outside the NDA/BLA novel-approval basis and therefore never counted toward an official NME or NDA total. Published here so the year's complete original-approval population is auditable.
PRE1980ACT-1978-107,1978,084473,,KIND_UNRESOLVED,1978-12-01,ORIG,1,AP,,,,,FALSE,,,,,,0,,FALSE,0,0,0,0,0,0,0,,,,,,FULldb-1978-UNRES24,,https://www.accessdata.fda.gov/scripts/cder/daf/index.cfm?event=overview.process&varApplNo=084473,,data/raw/drugsatfda_data_files_2026_09/Submissions_1965_1979.txt,10161,eb7003d97b6b24023b5fde542a5ba7ca4292259d9f323a1530d387a6e0091311,"Verified row, application type not published (KIND_UNRESOLVED) - review candidate only","v23 2026-09-20: row read verbatim from the committed official Drugs@FDA Submissions extract (1965-1979 window) at the cited line number; the file re-hashes to the runner manifest SHA-256. ApplNo is absent from the unfiltered Applications table, so no NDA/ANDA/BLA type can be asserted; the openFDA payloads do not carry it either. This is a review candidate, never an approval row in the NME decision table. Cross-check record FULldb-1978-UNRES24."
PRE1980ACT-1977-104,1977,084590,ANDA084590,ANDA_ORIGINAL_EXCLUDED,1977-01-31,ORIG,1,AP,,,,,FALSE,ANABOLIC,SODIUM PENTOBARBITAL,PENTOBARBITAL SODIUM,100MG,CAPSULE;ORAL,1,,FALSE,0,0,0,0,0,0,0,,,,,,,,https://www.accessdata.fda.gov/scripts/cder/daf/index.cfm?event=overview.process&varApplNo=084590,https://api.fda.gov/drug/drugsfda.json?search=application_number:%22ANDA084590%22,data/raw/drugsatfda_data_files_2026_09/Submissions_1965_1979.txt,10194,eb7003d97b6b24023b5fde542a5ba7ca4292259d9f323a1530d387a6e0091311,"Verified row, out of scope for NME counts (abbreviated new drug application)",v23 2026-09-20: row read verbatim from the committed official Drugs@FDA Submissions extract (1965-1979 window) at the cited line number; the file re-hashes to the runner manifest SHA-256. Abbreviated new drug application: outside the NDA/BLA novel-approval basis and therefore never counted toward an official NME or NDA total. Published here so the year's complete original-approval population is auditable.
PRE1980ACT-1978-108,1978,084591,ANDA084591,ANDA_ORIGINAL_EXCLUDED,1978-09-15,ORIG,1,AP,,,,,FALSE,WATSON LABS,PROMETHAZINE HYDROCHLORIDE,PROMETHAZINE HYDROCHLORIDE,25MG/ML,INJECTABLE;INJECTION,1,,FALSE,0,0,0,0,0,0,0,,,,,,,,https://www.accessdata.fda.gov/scripts/cder/daf/index.cfm?event=overview.process&varApplNo=084591,https://api.fda.gov/drug/drugsfda.json?search=application_number:%22ANDA084591%22,data/raw/drugsatfda_data_files_2026_09/Submissions_1965_1979.txt,10195,eb7003d97b6b24023b5fde542a5ba7ca4292259d9f323a1530d387a6e0091311,"Verified row, out of scope for NME counts (abbreviated new drug application)",v23 2026-09-20: row read verbatim from the committed official Drugs@FDA Submissions extract (1965-1979 window) at the cited line number; the file re-hashes to the runner manifest SHA-256. Abbreviated new drug application: outside the NDA/BLA novel-approval basis and therefore never counted toward an official NME or NDA total. Published here so the year's complete original-approval population is auditable.
PRE1980ACT-1977-105,1977,084595,ANDA084595,ANDA_ORIGINAL_EXCLUDED,1977-06-14,ORIG,1,AP,,,,,FALSE,IVAX SUB TEVA PHARMS,PROCAINAMIDE HYDROCHLORIDE,PROCAINAMIDE HYDROCHLORIDE,375MG,CAPSULE;ORAL,1,,FALSE,0,0,0,0,0,0,0,,,,,,,,https://www.accessdata.fda.gov/scripts/cder/daf/index.cfm?event=overview.process&varApplNo=084595,https://api.fda.gov/drug/drugsfda.json?search=application_number:%22ANDA084595%22,data/raw/drugsatfda_data_files_2026_09/Submissions_1965_1979.txt,10196,eb7003d97b6b24023b5fde542a5ba7ca4292259d9f323a1530d387a6e0091311,"Verified row, out of scope for NME counts (abbreviated new drug application)",v23 2026-09-20: row read verbatim from the committed official Drugs@FDA Submissions extract (1965-1979 window) at the cited line number; the file re-hashes to the runner manifest SHA-256. Abbreviated new drug application: outside the NDA/BLA novel-approval basis and therefore never counted toward an official NME or NDA total. Published here so the year's complete original-approval population is auditable.
PRE1980ACT-1979-094,1979,084602,,KIND_UNRESOLVED,1979-12-07,ORIG,1,AP,,,,,FALSE,,,,,,0,,FALSE,0,0,0,0,0,0,0,,,,,,FULldb-1979-UNRES16,,https://www.accessdata.fda.gov/scripts/cder/daf/index.cfm?event=overview.process&varApplNo=084602,,data/raw/drugsatfda_data_files_2026_09/Submissions_1965_1979.txt,10199,eb7003d97b6b24023b5fde542a5ba7ca4292259d9f323a1530d387a6e0091311,"Verified row, application type not published (KIND_UNRESOLVED) - review candidate only","v23 2026-09-20: row read verbatim from the committed official Drugs@FDA Submissions extract (1965-1979 window) at the cited line number; the file re-hashes to the runner manifest SHA-256. ApplNo is absent from the unfiltered Applications table, so no NDA/ANDA/BLA type can be asserted; the openFDA payloads do not carry it either. This is a review candidate, never an approval row in the NME decision table. Cross-check record FULldb-1979-UNRES16."
PRE1980ACT-1977-106,1977,084606,ANDA084606,ANDA_ORIGINAL_EXCLUDED,1977-06-14,ORIG,1,AP,,,,,FALSE,IVAX SUB TEVA PHARMS,PROCAINAMIDE HYDROCHLORIDE,PROCAINAMIDE HYDROCHLORIDE,500MG,CAPSULE;ORAL,1,,FALSE,0,0,0,0,0,0,0,,,,,,,,https://www.accessdata.fda.gov/scripts/cder/daf/index.cfm?event=overview.process&varApplNo=084606,https://api.fda.gov/drug/drugsfda.json?search=application_number:%22ANDA084606%22,data/raw/drugsatfda_data_files_2026_09/Submissions_1965_1979.txt,10201,eb7003d97b6b24023b5fde542a5ba7ca4292259d9f323a1530d387a6e0091311,"Verified row, out of scope for NME counts (abbreviated new drug application)",v23 2026-09-20: row read verbatim from the committed official Drugs@FDA Submissions extract (1965-1979 window) at the cited line number; the file re-hashes to the runner manifest SHA-256. Abbreviated new drug application: outside the NDA/BLA novel-approval basis and therefore never counted toward an official NME or NDA total. Published here so the year's complete original-approval population is auditable.
PRE1980ACT-1978-109,1978,084612,ANDA084612,ANDA_ORIGINAL_EXCLUDED,1978-07-19,ORIG,1,AP,,,,,FALSE,HIKMA,DEXAMETHASONE,DEXAMETHASONE,4MG,TABLET;ORAL,7,,FALSE,0,0,0,0,0,0,0,,,,,,,,https://www.accessdata.fda.gov/scripts/cder/daf/index.cfm?event=overview.process&varApplNo=084612,https://api.fda.gov/drug/drugsfda.json?search=application_number:%22ANDA084612%22,data/raw/drugsatfda_data_files_2026_09/Submissions_1965_1979.txt,10204,eb7003d97b6b24023b5fde542a5ba7ca4292259d9f323a1530d387a6e0091311,"Verified row, out of scope for NME counts (abbreviated new drug application)",v23 2026-09-20: row read verbatim from the committed official Drugs@FDA Submissions extract (1965-1979 window) at the cited line number; the file re-hashes to the runner manifest SHA-256. Abbreviated new drug application: outside the NDA/BLA novel-approval basis and therefore never counted toward an official NME or NDA total. Published here so the year's complete original-approval population is auditable.
PRE1980ACT-1979-095,1979,084640,ANDA084640,ANDA_ORIGINAL_EXCLUDED,1979-02-26,ORIG,1,AP,,,,,FALSE,USL PHARMA,DIPHEN,DIPHENHYDRAMINE HYDROCHLORIDE,12.5MG/5ML,ELIXIR;ORAL,1,,FALSE,0,0,0,0,0,0,0,,,,,,,,https://www.accessdata.fda.gov/scripts/cder/daf/index.cfm?event=overview.process&varApplNo=084640,https://api.fda.gov/drug/drugsfda.json?search=application_number:%22ANDA084640%22,data/raw/drugsatfda_data_files_2026_09/Submissions_1965_1979.txt,10215,eb7003d97b6b24023b5fde542a5ba7ca4292259d9f323a1530d387a6e0091311,"Verified row, out of scope for NME counts (abbreviated new drug application)",v23 2026-09-20: row read verbatim from the committed official Drugs@FDA Submissions extract (1965-1979 window) at the cited line number; the file re-hashes to the runner manifest SHA-256. Abbreviated new drug application: outside the NDA/BLA novel-approval basis and therefore never counted toward an official NME or NDA total. Published here so the year's complete original-approval population is auditable.
PRE1980ACT-1977-107,1977,084648,ANDA084648,ANDA_ORIGINAL_EXCLUDED,1977-03-11,ORIG,1,AP,,,,,FALSE,IVAX SUB TEVA PHARMS,METHOCARBAMOL,METHOCARBAMOL,500MG,TABLET;ORAL,1,,FALSE,0,0,0,0,0,0,0,,,,,,,,https://www.accessdata.fda.gov/scripts/cder/daf/index.cfm?event=overview.process&varApplNo=084648,https://api.fda.gov/drug/drugsfda.json?search=application_number:%22ANDA084648%22,data/raw/drugsatfda_data_files_2026_09/Submissions_1965_1979.txt,10218,eb7003d97b6b24023b5fde542a5ba7ca4292259d9f323a1530d387a6e0091311,"Verified row, out of scope for NME counts (abbreviated new drug application)",v23 2026-09-20: row read verbatim from the committed official Drugs@FDA Submissions extract (1965-1979 window) at the cited line number; the file re-hashes to the runner manifest SHA-256. Abbreviated new drug application: outside the NDA/BLA novel-approval basis and therefore never counted toward an official NME or NDA total. Published here so the year's complete original-approval population is auditable.
PRE1980ACT-1977-108,1977,084649,ANDA084649,ANDA_ORIGINAL_EXCLUDED,1977-03-11,ORIG,1,AP,,,,,FALSE,IVAX SUB TEVA PHARMS,METHOCARBAMOL,METHOCARBAMOL,750MG,TABLET;ORAL,1,,FALSE,0,0,0,0,0,0,0,,,,,,,,https://www.accessdata.fda.gov/scripts/cder/daf/index.cfm?event=overview.process&varApplNo=084649,https://api.fda.gov/drug/drugsfda.json?search=application_number:%22ANDA084649%22,data/raw/drugsatfda_data_files_2026_09/Submissions_1965_1979.txt,10219,eb7003d97b6b24023b5fde542a5ba7ca4292259d9f323a1530d387a6e0091311,"Verified row, out of scope for NME counts (abbreviated new drug application)",v23 2026-09-20: row read verbatim from the committed official Drugs@FDA Submissions extract (1965-1979 window) at the cited line number; the file re-hashes to the runner manifest SHA-256. Abbreviated new drug application: outside the NDA/BLA novel-approval basis and therefore never counted toward an official NME or NDA total. Published here so the year's complete original-approval population is auditable.
PRE1980ACT-1977-109,1977,084696,ANDA084696,ANDA_ORIGINAL_EXCLUDED,1977-05-11,ORIG,1,AP,,,,,FALSE,LANNETT,PROCAINAMIDE HYDROCHLORIDE,PROCAINAMIDE HYDROCHLORIDE,500MG,CAPSULE;ORAL,1,,FALSE,0,0,0,0,0,0,0,,,,,,,,https://www.accessdata.fda.gov/scripts/cder/daf/index.cfm?event=overview.process&varApplNo=084696,https://api.fda.gov/drug/drugsfda.json?search=application_number:%22ANDA084696%22,data/raw/drugsatfda_data_files_2026_09/Submissions_1965_1979.txt,10231,eb7003d97b6b24023b5fde542a5ba7ca4292259d9f323a1530d387a6e0091311,"Verified row, out of scope for NME counts (abbreviated new drug application)",v23 2026-09-20: row read verbatim from the committed official Drugs@FDA Submissions extract (1965-1979 window) at the cited line number; the file re-hashes to the runner manifest SHA-256. Abbreviated new drug application: outside the NDA/BLA novel-approval basis and therefore never counted toward an official NME or NDA total. Published here so the year's complete original-approval population is auditable.
PRE1980ACT-1977-110,1977,084710,ANDA084710,ANDA_ORIGINAL_EXCLUDED,1977-06-03,ORIG,1,AP,,,,,FALSE,PHARMACIA AND UPJOHN,OGEN,ESTROPIPATE,1.5MG/GM,CREAM;VAGINAL,1,,FALSE,0,0,0,0,0,0,0,,,,,,,,https://www.accessdata.fda.gov/scripts/cder/daf/index.cfm?event=overview.process&varApplNo=084710,https://api.fda.gov/drug/drugsfda.json?search=application_number:%22ANDA084710%22,data/raw/drugsatfda_data_files_2026_09/Submissions_1965_1979.txt,10237,eb7003d97b6b24023b5fde542a5ba7ca4292259d9f323a1530d387a6e0091311,"Verified row, out of scope for NME counts (abbreviated new drug application)",v23 2026-09-20: row read verbatim from the committed official Drugs@FDA Submissions extract (1965-1979 window) at the cited line number; the file re-hashes to the runner manifest SHA-256. Abbreviated new drug application: outside the NDA/BLA novel-approval basis and therefore never counted toward an official NME or NDA total. Published here so the year's complete original-approval population is auditable.
PRE1980ACT-1979-096,1979,084714,ANDA084714,ANDA_ORIGINAL_EXCLUDED,1979-11-20,ORIG,1,AP,,,,,FALSE,ABC HOLDING,HYDRO-RESERP,HYDROCHLOROTHIAZIDE; RESERPINE,50MG;0.125MG,TABLET;ORAL,1,,FALSE,0,0,0,0,0,0,0,,,,,,,,https://www.accessdata.fda.gov/scripts/cder/daf/index.cfm?event=overview.process&varApplNo=084714,https://api.fda.gov/drug/drugsfda.json?search=application_number:%22ANDA084714%22,data/raw/drugsatfda_data_files_2026_09/Submissions_1965_1979.txt,10240,eb7003d97b6b24023b5fde542a5ba7ca4292259d9f323a1530d387a6e0091311,"Verified row, out of scope for NME counts (abbreviated new drug application)",v23 2026-09-20: row read verbatim from the committed official Drugs@FDA Submissions extract (1965-1979 window) at the cited line number; the file re-hashes to the runner manifest SHA-256. Abbreviated new drug application: outside the NDA/BLA novel-approval basis and therefore never counted toward an official NME or NDA total. Published here so the year's complete original-approval population is auditable.
PRE1980ACT-1979-097,1979,084752,ANDA084752,ANDA_ORIGINAL_EXCLUDED,1979-03-15,ORIG,1,AP,,,,,FALSE,BEL MAR,DEXAMETHASONE SODIUM PHOSPHATE,DEXAMETHASONE SODIUM PHOSPHATE,EQ 4MG PHOSPHATE/ML,INJECTABLE;INJECTION,1,,FALSE,0,0,0,0,0,0,0,,,,,,,,https://www.accessdata.fda.gov/scripts/cder/daf/index.cfm?event=overview.process&varApplNo=084752,https://api.fda.gov/drug/drugsfda.json?search=application_number:%22ANDA084752%22,data/raw/drugsatfda_data_files_2026_09/Submissions_1965_1979.txt,10248,eb7003d97b6b24023b5fde542a5ba7ca4292259d9f323a1530d387a6e0091311,"Verified row, out of scope for NME counts (abbreviated new drug application)",v23 2026-09-20: row read verbatim from the committed official Drugs@FDA Submissions extract (1965-1979 window) at the cited line number; the file re-hashes to the runner manifest SHA-256. Abbreviated new drug application: outside the NDA/BLA novel-approval basis and therefore never counted toward an official NME or NDA total. Published here so the year's complete original-approval population is auditable.
PRE1980ACT-1978-110,1978,084763,ANDA084763,ANDA_ORIGINAL_EXCLUDED,1978-03-23,ORIG,1,AP,,,,,FALSE,SUN PHARM INDUSTRIES,DEXAMETHASONE,DEXAMETHASONE,1.5MG,TABLET;ORAL,1,,FALSE,0,0,0,0,0,0,0,,,,,,,,https://www.accessdata.fda.gov/scripts/cder/daf/index.cfm?event=overview.process&varApplNo=084763,https://api.fda.gov/drug/drugsfda.json?search=application_number:%22ANDA084763%22,data/raw/drugsatfda_data_files_2026_09/Submissions_1965_1979.txt,10251,eb7003d97b6b24023b5fde542a5ba7ca4292259d9f323a1530d387a6e0091311,"Verified row, out of scope for NME counts (abbreviated new drug application)",v23 2026-09-20: row read verbatim from the committed official Drugs@FDA Submissions extract (1965-1979 window) at the cited line number; the file re-hashes to the runner manifest SHA-256. Abbreviated new drug application: outside the NDA/BLA novel-approval basis and therefore never counted toward an official NME or NDA total. Published here so the year's complete original-approval population is auditable.
PRE1980ACT-1978-111,1978,084764,ANDA084764,ANDA_ORIGINAL_EXCLUDED,1978-03-23,ORIG,1,AP,,,,,FALSE,SUN PHARM INDUSTRIES,DEXAMETHASONE,DEXAMETHASONE,0.25MG,TABLET;ORAL,1,,FALSE,0,0,0,0,0,0,0,,,,,,,,https://www.accessdata.fda.gov/scripts/cder/daf/index.cfm?event=overview.process&varApplNo=084764,https://api.fda.gov/drug/drugsfda.json?search=application_number:%22ANDA084764%22,data/raw/drugsatfda_data_files_2026_09/Submissions_1965_1979.txt,10252,eb7003d97b6b24023b5fde542a5ba7ca4292259d9f323a1530d387a6e0091311,"Verified row, out of scope for NME counts (abbreviated new drug application)",v23 2026-09-20: row read verbatim from the committed official Drugs@FDA Submissions extract (1965-1979 window) at the cited line number; the file re-hashes to the runner manifest SHA-256. Abbreviated new drug application: outside the NDA/BLA novel-approval basis and therefore never counted toward an official NME or NDA total. Published here so the year's complete original-approval population is auditable.
PRE1980ACT-1978-112,1978,084765,ANDA084765,ANDA_ORIGINAL_EXCLUDED,1978-03-23,ORIG,1,AP,,,,,FALSE,SUN PHARM INDUSTRIES,DEXAMETHASONE,DEXAMETHASONE,0.75MG,TABLET;ORAL,1,,FALSE,0,0,0,0,0,0,0,,,,,,,,https://www.accessdata.fda.gov/scripts/cder/daf/index.cfm?event=overview.process&varApplNo=084765,https://api.fda.gov/drug/drugsfda.json?search=application_number:%22ANDA084765%22,data/raw/drugsatfda_data_files_2026_09/Submissions_1965_1979.txt,10253,eb7003d97b6b24023b5fde542a5ba7ca4292259d9f323a1530d387a6e0091311,"Verified row, out of scope for NME counts (abbreviated new drug application)",v23 2026-09-20: row read verbatim from the committed official Drugs@FDA Submissions extract (1965-1979 window) at the cited line number; the file re-hashes to the runner manifest SHA-256. Abbreviated new drug application: outside the NDA/BLA novel-approval basis and therefore never counted toward an official NME or NDA total. Published here so the year's complete original-approval population is auditable.
PRE1980ACT-1978-113,1978,084766,ANDA084766,ANDA_ORIGINAL_EXCLUDED,1978-03-23,ORIG,1,AP,,,,,FALSE,SUN PHARM INDUSTRIES,DEXAMETHASONE,DEXAMETHASONE,0.5MG,TABLET;ORAL,1,,FALSE,0,0,0,0,0,0,0,,,,,,,,https://www.accessdata.fda.gov/scripts/cder/daf/index.cfm?event=overview.process&varApplNo=084766,https://api.fda.gov/drug/drugsfda.json?search=application_number:%22ANDA084766%22,data/raw/drugsatfda_data_files_2026_09/Submissions_1965_1979.txt,10254,eb7003d97b6b24023b5fde542a5ba7ca4292259d9f323a1530d387a6e0091311,"Verified row, out of scope for NME counts (abbreviated new drug application)",v23 2026-09-20: row read verbatim from the committed official Drugs@FDA Submissions extract (1965-1979 window) at the cited line number; the file re-hashes to the runner manifest SHA-256. Abbreviated new drug application: outside the NDA/BLA novel-approval basis and therefore never counted toward an official NME or NDA total. Published here so the year's complete original-approval population is auditable.
PRE1980ACT-1977-111,1977,084771,ANDA084771,ANDA_ORIGINAL_EXCLUDED,1977-04-01,ORIG,1,AP,,,,,FALSE,BARR,HYDROCHLOROTHIAZIDE,HYDROCHLOROTHIAZIDE,50MG,TABLET;ORAL,1,,FALSE,0,0,0,0,0,0,0,,,,,,,,https://www.accessdata.fda.gov/scripts/cder/daf/index.cfm?event=overview.process&varApplNo=084771,https://api.fda.gov/drug/drugsfda.json?search=application_number:%22ANDA084771%22,data/raw/drugsatfda_data_files_2026_09/Submissions_1965_1979.txt,10259,eb7003d97b6b24023b5fde542a5ba7ca4292259d9f323a1530d387a6e0091311,"Verified row, out of scope for NME counts (abbreviated new drug application)",v23 2026-09-20: row read verbatim from the committed official Drugs@FDA Submissions extract (1965-1979 window) at the cited line number; the file re-hashes to the runner manifest SHA-256. Abbreviated new drug application: outside the NDA/BLA novel-approval basis and therefore never counted toward an official NME or NDA total. Published here so the year's complete original-approval population is auditable.
PRE1980ACT-1978-114,1978,084772,ANDA084772,ANDA_ORIGINAL_EXCLUDED,1978-11-14,ORIG,1,AP,,,,,FALSE,ALPHARMA US PHARMS,PROMETH FORTIS,PROMETHAZINE HYDROCHLORIDE,25MG/5ML,SYRUP;ORAL,1,,FALSE,0,0,0,0,0,0,0,,,,,,,,https://www.accessdata.fda.gov/scripts/cder/daf/index.cfm?event=overview.process&varApplNo=084772,https://api.fda.gov/drug/drugsfda.json?search=application_number:%22ANDA084772%22,data/raw/drugsatfda_data_files_2026_09/Submissions_1965_1979.txt,10260,eb7003d97b6b24023b5fde542a5ba7ca4292259d9f323a1530d387a6e0091311,"Verified row, out of scope for NME counts (abbreviated new drug application)",v23 2026-09-20: row read verbatim from the committed official Drugs@FDA Submissions extract (1965-1979 window) at the cited line number; the file re-hashes to the runner manifest SHA-256. Abbreviated new drug application: outside the NDA/BLA novel-approval basis and therefore never counted toward an official NME or NDA total. Published here so the year's complete original-approval population is auditable.
PRE1980ACT-1977-112,1977,084831,ANDA084831,ANDA_ORIGINAL_EXCLUDED,1977-09-28,ORIG,1,AP,,,,,FALSE,BARR,PHENDIMETRAZINE TARTRATE,PHENDIMETRAZINE TARTRATE,35MG,TABLET;ORAL,1,,FALSE,0,0,0,0,0,0,0,,,,,,,,https://www.accessdata.fda.gov/scripts/cder/daf/index.cfm?event=overview.process&varApplNo=084831,https://api.fda.gov/drug/drugsfda.json?search=application_number:%22ANDA084831%22,data/raw/drugsatfda_data_files_2026_09/Submissions_1965_1979.txt,10266,eb7003d97b6b24023b5fde542a5ba7ca4292259d9f323a1530d387a6e0091311,"Verified row, out of scope for NME counts (abbreviated new drug application)",v23 2026-09-20: row read verbatim from the committed official Drugs@FDA Submissions extract (1965-1979 window) at the cited line number; the file re-hashes to the runner manifest SHA-256. Abbreviated new drug application: outside the NDA/BLA novel-approval basis and therefore never counted toward an official NME or NDA total. Published here so the year's complete original-approval population is auditable.
PRE1980ACT-1977-113,1977,084834,ANDA084834,ANDA_ORIGINAL_EXCLUDED,1977-09-28,ORIG,1,AP,,,,,FALSE,BARR,PHENDIMETRAZINE TARTRATE,PHENDIMETRAZINE TARTRATE,35MG,TABLET;ORAL,1,,FALSE,0,0,0,0,0,0,0,,,,,,,,https://www.accessdata.fda.gov/scripts/cder/daf/index.cfm?event=overview.process&varApplNo=084834,https://api.fda.gov/drug/drugsfda.json?search=application_number:%22ANDA084834%22,data/raw/drugsatfda_data_files_2026_09/Submissions_1965_1979.txt,10267,eb7003d97b6b24023b5fde542a5ba7ca4292259d9f323a1530d387a6e0091311,"Verified row, out of scope for NME counts (abbreviated new drug application)",v23 2026-09-20: row read verbatim from the committed official Drugs@FDA Submissions extract (1965-1979 window) at the cited line number; the file re-hashes to the runner manifest SHA-256. Abbreviated new drug application: outside the NDA/BLA novel-approval basis and therefore never counted toward an official NME or NDA total. Published here so the year's complete original-approval population is auditable.
PRE1980ACT-1977-114,1977,084835,ANDA084835,ANDA_ORIGINAL_EXCLUDED,1977-09-28,ORIG,1,AP,,,,,FALSE,BARR,PHENDIMETRAZINE TARTRATE,PHENDIMETRAZINE TARTRATE,35MG,TABLET;ORAL,1,,FALSE,0,0,0,0,0,0,0,,,,,,,,https://www.accessdata.fda.gov/scripts/cder/daf/index.cfm?event=overview.process&varApplNo=084835,https://api.fda.gov/drug/drugsfda.json?search=application_number:%22ANDA084835%22,data/raw/drugsatfda_data_files_2026_09/Submissions_1965_1979.txt,10268,eb7003d97b6b24023b5fde542a5ba7ca4292259d9f323a1530d387a6e0091311,"Verified row, out of scope for NME counts (abbreviated new drug application)",v23 2026-09-20: row read verbatim from the committed official Drugs@FDA Submissions extract (1965-1979 window) at the cited line number; the file re-hashes to the runner manifest SHA-256. Abbreviated new drug application: outside the NDA/BLA novel-approval basis and therefore never counted toward an official NME or NDA total. Published here so the year's complete original-approval population is auditable.
PRE1980ACT-1978-115,1978,084840,ANDA084840,ANDA_ORIGINAL_EXCLUDED,1978-03-31,ORIG,1,AP,,,,,FALSE,CHARTWELL MOLECULAR,ACETAZOLAMIDE,ACETAZOLAMIDE,250MG,TABLET;ORAL,1,,FALSE,0,0,0,0,0,0,0,,,,,,,,https://www.accessdata.fda.gov/scripts/cder/daf/index.cfm?event=overview.process&varApplNo=084840,https://api.fda.gov/drug/drugsfda.json?search=application_number:%22ANDA084840%22,data/raw/drugsatfda_data_files_2026_09/Submissions_1965_1979.txt,10269,eb7003d97b6b24023b5fde542a5ba7ca4292259d9f323a1530d387a6e0091311,"Verified row, out of scope for NME counts (abbreviated new drug application)",v23 2026-09-20: row read verbatim from the committed official Drugs@FDA Submissions extract (1965-1979 window) at the cited line number; the file re-hashes to the runner manifest SHA-256. Abbreviated new drug application: outside the NDA/BLA novel-approval basis and therefore never counted toward an official NME or NDA total. Published here so the year's complete original-approval population is auditable.
PRE1980ACT-1978-116,1978,084872,ANDA084872,ANDA_ORIGINAL_EXCLUDED,1978-07-12,ORIG,1,AP,,,,,FALSE,BUNDY,MECLIZINE HYDROCHLORIDE,MECLIZINE HYDROCHLORIDE,25MG,TABLET;ORAL,1,,FALSE,0,0,0,0,0,0,0,,,,,,,,https://www.accessdata.fda.gov/scripts/cder/daf/index.cfm?event=overview.process&varApplNo=084872,https://api.fda.gov/drug/drugsfda.json?search=application_number:%22ANDA084872%22,data/raw/drugsatfda_data_files_2026_09/Submissions_1965_1979.txt,10274,eb7003d97b6b24023b5fde542a5ba7ca4292259d9f323a1530d387a6e0091311,"Verified row, out of scope for NME counts (abbreviated new drug application)",v23 2026-09-20: row read verbatim from the committed official Drugs@FDA Submissions extract (1965-1979 window) at the cited line number; the file re-hashes to the runner manifest SHA-256. Abbreviated new drug application: outside the NDA/BLA novel-approval basis and therefore never counted toward an official NME or NDA total. Published here so the year's complete original-approval population is auditable.
PRE1980ACT-1977-115,1977,084878,ANDA084878,ANDA_ORIGINAL_EXCLUDED,1977-01-31,ORIG,1,AP,,,,,FALSE,HIKMA INTL PHARMS,HYDROCHLOROTHIAZIDE,HYDROCHLOROTHIAZIDE,50MG,TABLET;ORAL,2,,FALSE,0,0,0,0,0,0,0,,,,,,,,https://www.accessdata.fda.gov/scripts/cder/daf/index.cfm?event=overview.process&varApplNo=084878,https://api.fda.gov/drug/drugsfda.json?search=application_number:%22ANDA084878%22,data/raw/drugsatfda_data_files_2026_09/Submissions_1965_1979.txt,10275,eb7003d97b6b24023b5fde542a5ba7ca4292259d9f323a1530d387a6e0091311,"Verified row, out of scope for NME counts (abbreviated new drug application)",v23 2026-09-20: row read verbatim from the committed official Drugs@FDA Submissions extract (1965-1979 window) at the cited line number; the file re-hashes to the runner manifest SHA-256. Abbreviated new drug application: outside the NDA/BLA novel-approval basis and therefore never counted toward an official NME or NDA total. Published here so the year's complete original-approval population is auditable.
PRE1980ACT-1979-098,1979,084897,ANDA084897,ANDA_ORIGINAL_EXCLUDED,1979-11-20,ORIG,1,AP,,,,,FALSE,CHARTWELL RX,CAM-AP-ES,HYDRALAZINE HYDROCHLORIDE; HYDROCHLOROTHIAZIDE; RESERPINE,25MG;15MG;0.1MG,TABLET;ORAL,1,,FALSE,0,0,0,0,0,0,0,,,,,,,,https://www.accessdata.fda.gov/scripts/cder/daf/index.cfm?event=overview.process&varApplNo=084897,https://api.fda.gov/drug/drugsfda.json?search=application_number:%22ANDA084897%22,data/raw/drugsatfda_data_files_2026_09/Submissions_1965_1979.txt,10276,eb7003d97b6b24023b5fde542a5ba7ca4292259d9f323a1530d387a6e0091311,"Verified row, out of scope for NME counts (abbreviated new drug application)",v23 2026-09-20: row read verbatim from the committed official Drugs@FDA Submissions extract (1965-1979 window) at the cited line number; the file re-hashes to the runner manifest SHA-256. Abbreviated new drug application: outside the NDA/BLA novel-approval basis and therefore never counted toward an official NME or NDA total. Published here so the year's complete original-approval population is auditable.
PRE1980ACT-1978-117,1978,084903,ANDA084903,ANDA_ORIGINAL_EXCLUDED,1978-12-01,ORIG,1,AP,,,,,FALSE,LANNETT,PRIMIDONE,PRIMIDONE,250MG,TABLET;ORAL,2,,FALSE,0,0,0,0,0,0,0,,,,,,,,https://www.accessdata.fda.gov/scripts/cder/daf/index.cfm?event=overview.process&varApplNo=084903,https://api.fda.gov/drug/drugsfda.json?search=application_number:%22ANDA084903%22,data/raw/drugsatfda_data_files_2026_09/Submissions_1965_1979.txt,10277,eb7003d97b6b24023b5fde542a5ba7ca4292259d9f323a1530d387a6e0091311,"Verified row, out of scope for NME counts (abbreviated new drug application)",v23 2026-09-20: row read verbatim from the committed official Drugs@FDA Submissions extract (1965-1979 window) at the cited line number; the file re-hashes to the runner manifest SHA-256. Abbreviated new drug application: outside the NDA/BLA novel-approval basis and therefore never counted toward an official NME or NDA total. Published here so the year's complete original-approval population is auditable.
PRE1980ACT-1977-116,1977,084911,ANDA084911,ANDA_ORIGINAL_EXCLUDED,1977-12-08,ORIG,1,AP,,,,,FALSE,ABRAXIS PHARM,CHLORPROMAZINE HYDROCHLORIDE,CHLORPROMAZINE HYDROCHLORIDE,25MG/ML,INJECTABLE;INJECTION,1,,FALSE,0,0,0,0,0,0,0,,,,,,,,https://www.accessdata.fda.gov/scripts/cder/daf/index.cfm?event=overview.process&varApplNo=084911,https://api.fda.gov/drug/drugsfda.json?search=application_number:%22ANDA084911%22,data/raw/drugsatfda_data_files_2026_09/Submissions_1965_1979.txt,10280,eb7003d97b6b24023b5fde542a5ba7ca4292259d9f323a1530d387a6e0091311,"Verified row, out of scope for NME counts (abbreviated new drug application)",v23 2026-09-20: row read verbatim from the committed official Drugs@FDA Submissions extract (1965-1979 window) at the cited line number; the file re-hashes to the runner manifest SHA-256. Abbreviated new drug application: outside the NDA/BLA novel-approval basis and therefore never counted toward an official NME or NDA total. Published here so the year's complete original-approval population is auditable.
PRE1980ACT-1978-118,1978,084913,ANDA084913,ANDA_ORIGINAL_EXCLUDED,1978-07-17,ORIG,1,AP,,,,,FALSE,WHITEWORTH TOWN PLSN,PREDNISONE,PREDNISONE,2.5MG,TABLET;ORAL,2,,FALSE,0,0,0,0,0,0,0,,,,,,,,https://www.accessdata.fda.gov/scripts/cder/daf/index.cfm?event=overview.process&varApplNo=084913,https://api.fda.gov/drug/drugsfda.json?search=application_number:%22ANDA084913%22,data/raw/drugsatfda_data_files_2026_09/Submissions_1965_1979.txt,10282,eb7003d97b6b24023b5fde542a5ba7ca4292259d9f323a1530d387a6e0091311,"Verified row, out of scope for NME counts (abbreviated new drug application)",v23 2026-09-20: row read verbatim from the committed official Drugs@FDA Submissions extract (1965-1979 window) at the cited line number; the file re-hashes to the runner manifest SHA-256. Abbreviated new drug application: outside the NDA/BLA novel-approval basis and therefore never counted toward an official NME or NDA total. Published here so the year's complete original-approval population is auditable.
PRE1980ACT-1977-117,1977,084914,ANDA084914,ANDA_ORIGINAL_EXCLUDED,1977-08-18,ORIG,1,AP,,,,,FALSE,SANDOZ,QUINIDINE SULFATE,QUINIDINE SULFATE,200MG,TABLET;ORAL,1,,FALSE,0,0,0,0,0,0,0,,,,,,,,https://www.accessdata.fda.gov/scripts/cder/daf/index.cfm?event=overview.process&varApplNo=084914,https://api.fda.gov/drug/drugsfda.json?search=application_number:%22ANDA084914%22,data/raw/drugsatfda_data_files_2026_09/Submissions_1965_1979.txt,10283,eb7003d97b6b24023b5fde542a5ba7ca4292259d9f323a1530d387a6e0091311,"Verified row, out of scope for NME counts (abbreviated new drug application)",v23 2026-09-20: row read verbatim from the committed official Drugs@FDA Submissions extract (1965-1979 window) at the cited line number; the file re-hashes to the runner manifest SHA-256. Abbreviated new drug application: outside the NDA/BLA novel-approval basis and therefore never counted toward an official NME or NDA total. Published here so the year's complete original-approval population is auditable.
PRE1980ACT-1977-118,1977,084916,ANDA084916,ANDA_ORIGINAL_EXCLUDED,1977-09-06,ORIG,1,AP,,,,,FALSE,FRESENIUS KABI USA,DEXAMETHASONE SODIUM PHOSPHATE,DEXAMETHASONE SODIUM PHOSPHATE,EQ 4MG PHOSPHATE/ML,INJECTABLE;INJECTION,1,,FALSE,0,0,0,2,1,0,0,"http://www.accessdata.fda.gov/drugsatfda_docs/appletter/2014/040491Orig1s008,040572Orig1s002,084916Orig1s066ltr.pdf",,http://www.accessdata.fda.gov/drugsatfda_docs/label/2014/084916s066lbl.pdf,,,,,https://www.accessdata.fda.gov/scripts/cder/daf/index.cfm?event=overview.process&varApplNo=084916,https://api.fda.gov/drug/drugsfda.json?search=application_number:%22ANDA084916%22,data/raw/drugsatfda_data_files_2026_09/Submissions_1965_1979.txt,10285,eb7003d97b6b24023b5fde542a5ba7ca4292259d9f323a1530d387a6e0091311,"Verified row, out of scope for NME counts (abbreviated new drug application)",v23 2026-09-20: row read verbatim from the committed official Drugs@FDA Submissions extract (1965-1979 window) at the cited line number; the file re-hashes to the runner manifest SHA-256. Abbreviated new drug application: outside the NDA/BLA novel-approval basis and therefore never counted toward an official NME or NDA total. Published here so the year's complete original-approval population is auditable.
PRE1980ACT-1977-119,1977,084944,ANDA084944,ANDA_ORIGINAL_EXCLUDED,1977-01-18,ORIG,1,AP,,,,,FALSE,CARLISLE,ALPHACAINE,LIDOCAINE,5%,OINTMENT;TOPICAL,1,,FALSE,0,0,0,0,0,0,0,,,,,,,,https://www.accessdata.fda.gov/scripts/cder/daf/index.cfm?event=overview.process&varApplNo=084944,https://api.fda.gov/drug/drugsfda.json?search=application_number:%22ANDA084944%22,data/raw/drugsatfda_data_files_2026_09/Submissions_1965_1979.txt,10293,eb7003d97b6b24023b5fde542a5ba7ca4292259d9f323a1530d387a6e0091311,"Verified row, out of scope for NME counts (abbreviated new drug application)",v23 2026-09-20: row read verbatim from the committed official Drugs@FDA Submissions extract (1965-1979 window) at the cited line number; the file re-hashes to the runner manifest SHA-256. Abbreviated new drug application: outside the NDA/BLA novel-approval basis and therefore never counted toward an official NME or NDA total. Published here so the year's complete original-approval population is auditable.
PRE1980ACT-1977-120,1977,084946,ANDA084946,ANDA_ORIGINAL_EXCLUDED,1977-06-03,ORIG,1,AP,,,,,FALSE,CARLISLE,ALPHACAINE,LIDOCAINE,5%,OINTMENT;TOPICAL,1,,FALSE,0,0,0,0,0,0,0,,,,,,,,https://www.accessdata.fda.gov/scripts/cder/daf/index.cfm?event=overview.process&varApplNo=084946,https://api.fda.gov/drug/drugsfda.json?search=application_number:%22ANDA084946%22,data/raw/drugsatfda_data_files_2026_09/Submissions_1965_1979.txt,10294,eb7003d97b6b24023b5fde542a5ba7ca4292259d9f323a1530d387a6e0091311,"Verified row, out of scope for NME counts (abbreviated new drug application)",v23 2026-09-20: row read verbatim from the committed official Drugs@FDA Submissions extract (1965-1979 window) at the cited line number; the file re-hashes to the runner manifest SHA-256. Abbreviated new drug application: outside the NDA/BLA novel-approval basis and therefore never counted toward an official NME or NDA total. Published here so the year's complete original-approval population is auditable.
PRE1980ACT-1977-121,1977,084947,ANDA084947,ANDA_ORIGINAL_EXCLUDED,1977-06-03,ORIG,1,AP,,,,,FALSE,CARLISLE,ALPHACAINE,LIDOCAINE,5%,OINTMENT;TOPICAL,1,,FALSE,0,0,0,0,0,0,0,,,,,,,,https://www.accessdata.fda.gov/scripts/cder/daf/index.cfm?event=overview.process&varApplNo=084947,https://api.fda.gov/drug/drugsfda.json?search=application_number:%22ANDA084947%22,data/raw/drugsatfda_data_files_2026_09/Submissions_1965_1979.txt,10295,eb7003d97b6b24023b5fde542a5ba7ca4292259d9f323a1530d387a6e0091311,"Verified row, out of scope for NME counts (abbreviated new drug application)",v23 2026-09-20: row read verbatim from the committed official Drugs@FDA Submissions extract (1965-1979 window) at the cited line number; the file re-hashes to the runner manifest SHA-256. Abbreviated new drug application: outside the NDA/BLA novel-approval basis and therefore never counted toward an official NME or NDA total. Published here so the year's complete original-approval population is auditable.
PRE1980ACT-1977-122,1977,084948,ANDA084948,ANDA_ORIGINAL_EXCLUDED,1977-09-28,ORIG,1,AP,,,,,FALSE,MONARCH PHARMS,MENEST,"ESTROGENS, ESTERIFIED",0.625MG,TABLET;ORAL,1,,FALSE,0,0,0,0,0,0,0,,,,,,,,https://www.accessdata.fda.gov/scripts/cder/daf/index.cfm?event=overview.process&varApplNo=084948,https://api.fda.gov/drug/drugsfda.json?search=application_number:%22ANDA084948%22,data/raw/drugsatfda_data_files_2026_09/Submissions_1965_1979.txt,10296,eb7003d97b6b24023b5fde542a5ba7ca4292259d9f323a1530d387a6e0091311,"Verified row, out of scope for NME counts (abbreviated new drug application)",v23 2026-09-20: row read verbatim from the committed official Drugs@FDA Submissions extract (1965-1979 window) at the cited line number; the file re-hashes to the runner manifest SHA-256. Abbreviated new drug application: outside the NDA/BLA novel-approval basis and therefore never counted toward an official NME or NDA total. Published here so the year's complete original-approval population is auditable.
PRE1980ACT-1977-123,1977,084949,ANDA084949,ANDA_ORIGINAL_EXCLUDED,1977-09-28,ORIG,1,AP,,,,,FALSE,MONARCH PHARMS,MENEST,"ESTROGENS, ESTERIFIED",2.5MG,TABLET;ORAL,1,,FALSE,0,0,0,0,0,0,0,,,,,,,,https://www.accessdata.fda.gov/scripts/cder/daf/index.cfm?event=overview.process&varApplNo=084949,https://api.fda.gov/drug/drugsfda.json?search=application_number:%22ANDA084949%22,data/raw/drugsatfda_data_files_2026_09/Submissions_1965_1979.txt,10297,eb7003d97b6b24023b5fde542a5ba7ca4292259d9f323a1530d387a6e0091311,"Verified row, out of scope for NME counts (abbreviated new drug application)",v23 2026-09-20: row read verbatim from the committed official Drugs@FDA Submissions extract (1965-1979 window) at the cited line number; the file re-hashes to the runner manifest SHA-256. Abbreviated new drug application: outside the NDA/BLA novel-approval basis and therefore never counted toward an official NME or NDA total. Published here so the year's complete original-approval population is auditable.
PRE1980ACT-1977-124,1977,084950,ANDA084950,ANDA_ORIGINAL_EXCLUDED,1977-09-28,ORIG,1,AP,,,,,FALSE,MONARCH PHARMS,MENEST,"ESTROGENS, ESTERIFIED",1.25MG,TABLET;ORAL,1,,FALSE,0,0,0,0,0,0,0,,,,,,,,https://www.accessdata.fda.gov/scripts/cder/daf/index.cfm?event=overview.process&varApplNo=084950,https://api.fda.gov/drug/drugsfda.json?search=application_number:%22ANDA084950%22,data/raw/drugsatfda_data_files_2026_09/Submissions_1965_1979.txt,10298,eb7003d97b6b24023b5fde542a5ba7ca4292259d9f323a1530d387a6e0091311,"Verified row, out of scope for NME counts (abbreviated new drug application)",v23 2026-09-20: row read verbatim from the committed official Drugs@FDA Submissions extract (1965-1979 window) at the cited line number; the file re-hashes to the runner manifest SHA-256. Abbreviated new drug application: outside the NDA/BLA novel-approval basis and therefore never counted toward an official NME or NDA total. Published here so the year's complete original-approval population is auditable.
PRE1980ACT-1977-125,1977,084951,ANDA084951,ANDA_ORIGINAL_EXCLUDED,1977-09-28,ORIG,1,AP,,,,,FALSE,MONARCH PHARMS,MENEST,"ESTROGENS, ESTERIFIED",0.3MG,TABLET;ORAL,1,,FALSE,0,0,0,0,0,0,0,,,,,,,,https://www.accessdata.fda.gov/scripts/cder/daf/index.cfm?event=overview.process&varApplNo=084951,https://api.fda.gov/drug/drugsfda.json?search=application_number:%22ANDA084951%22,data/raw/drugsatfda_data_files_2026_09/Submissions_1965_1979.txt,10299,eb7003d97b6b24023b5fde542a5ba7ca4292259d9f323a1530d387a6e0091311,"Verified row, out of scope for NME counts (abbreviated new drug application)",v23 2026-09-20: row read verbatim from the committed official Drugs@FDA Submissions extract (1965-1979 window) at the cited line number; the file re-hashes to the runner manifest SHA-256. Abbreviated new drug application: outside the NDA/BLA novel-approval basis and therefore never counted toward an official NME or NDA total. Published here so the year's complete original-approval population is auditable.
PRE1980ACT-1977-126,1977,084955,ANDA084955,ANDA_ORIGINAL_EXCLUDED,1977-01-05,ORIG,1,AP,,,,,FALSE,PARKE DAVIS,SULFALAR,SULFISOXAZOLE,500MG,TABLET;ORAL,1,,FALSE,0,0,0,0,0,0,0,,,,,,,,https://www.accessdata.fda.gov/scripts/cder/daf/index.cfm?event=overview.process&varApplNo=084955,https://api.fda.gov/drug/drugsfda.json?search=application_number:%22ANDA084955%22,data/raw/drugsatfda_data_files_2026_09/Submissions_1965_1979.txt,10300,eb7003d97b6b24023b5fde542a5ba7ca4292259d9f323a1530d387a6e0091311,"Verified row, out of scope for NME counts (abbreviated new drug application)",v23 2026-09-20: row read verbatim from the committed official Drugs@FDA Submissions extract (1965-1979 window) at the cited line number; the file re-hashes to the runner manifest SHA-256. Abbreviated new drug application: outside the NDA/BLA novel-approval basis and therefore never counted toward an official NME or NDA total. Published here so the year's complete original-approval population is auditable.
PRE1980ACT-1978-119,1978,084978,ANDA084978,ANDA_ORIGINAL_EXCLUDED,1978-07-31,ORIG,1,AP,,,,,FALSE,MEDPOINTE PHARM HLC,MICRAININ,ASPIRIN; MEPROBAMATE,325MG;200MG,TABLET;ORAL,1,,FALSE,0,0,0,0,0,0,0,,,,,,,,https://www.accessdata.fda.gov/scripts/cder/daf/index.cfm?event=overview.process&varApplNo=084978,https://api.fda.gov/drug/drugsfda.json?search=application_number:%22ANDA084978%22,data/raw/drugsatfda_data_files_2026_09/Submissions_1965_1979.txt,10305,eb7003d97b6b24023b5fde542a5ba7ca4292259d9f323a1530d387a6e0091311,"Verified row, out of scope for NME counts (abbreviated new drug application)",v23 2026-09-20: row read verbatim from the committed official Drugs@FDA Submissions extract (1965-1979 window) at the cited line number; the file re-hashes to the runner manifest SHA-256. Abbreviated new drug application: outside the NDA/BLA novel-approval basis and therefore never counted toward an official NME or NDA total. Published here so the year's complete original-approval population is auditable.
PRE1980ACT-1977-127,1977,085000,ANDA085000,ANDA_ORIGINAL_EXCLUDED,1977-04-06,ORIG,1,AP,,,,,FALSE,WEST WARD,CHLORDIAZEPOXIDE HYDROCHLORIDE,CHLORDIAZEPOXIDE HYDROCHLORIDE,10MG,CAPSULE;ORAL,1,,FALSE,0,0,0,0,0,0,0,,,,,,,,https://www.accessdata.fda.gov/scripts/cder/daf/index.cfm?event=overview.process&varApplNo=085000,https://api.fda.gov/drug/drugsfda.json?search=application_number:%22ANDA085000%22,data/raw/drugsatfda_data_files_2026_09/Submissions_1965_1979.txt,10310,eb7003d97b6b24023b5fde542a5ba7ca4292259d9f323a1530d387a6e0091311,"Verified row, out of scope for NME counts (abbreviated new drug application)",v23 2026-09-20: row read verbatim from the committed official Drugs@FDA Submissions extract (1965-1979 window) at the cited line number; the file re-hashes to the runner manifest SHA-256. Abbreviated new drug application: outside the NDA/BLA novel-approval basis and therefore never counted toward an official NME or NDA total. Published here so the year's complete original-approval population is auditable.
PRE1980ACT-1978-120,1978,085004,ANDA085004,ANDA_ORIGINAL_EXCLUDED,1978-07-13,ORIG,1,AP,,,,,FALSE,ROXANE,HYDROCHLOROTHIAZIDE,HYDROCHLOROTHIAZIDE,25MG,TABLET;ORAL,1,,FALSE,0,0,0,0,0,0,0,,,,,,,,https://www.accessdata.fda.gov/scripts/cder/daf/index.cfm?event=overview.process&varApplNo=085004,https://api.fda.gov/drug/drugsfda.json?search=application_number:%22ANDA085004%22,data/raw/drugsatfda_data_files_2026_09/Submissions_1965_1979.txt,10312,eb7003d97b6b24023b5fde542a5ba7ca4292259d9f323a1530d387a6e0091311,"Verified row, out of scope for NME counts (abbreviated new drug application)",v23 2026-09-20: row read verbatim from the committed official Drugs@FDA Submissions extract (1965-1979 window) at the cited line number; the file re-hashes to the runner manifest SHA-256. Abbreviated new drug application: outside the NDA/BLA novel-approval basis and therefore never counted toward an official NME or NDA total. Published here so the year's complete original-approval population is auditable.
PRE1980ACT-1978-121,1978,085005,ANDA085005,ANDA_ORIGINAL_EXCLUDED,1978-07-13,ORIG,1,AP,,,,,FALSE,ROXANE,HYDROCHLOROTHIAZIDE,HYDROCHLOROTHIAZIDE,50MG,TABLET;ORAL,1,,FALSE,0,0,0,0,0,0,0,,,,,,,,https://www.accessdata.fda.gov/scripts/cder/daf/index.cfm?event=overview.process&varApplNo=085005,https://api.fda.gov/drug/drugsfda.json?search=application_number:%22ANDA085005%22,data/raw/drugsatfda_data_files_2026_09/Submissions_1965_1979.txt,10313,eb7003d97b6b24023b5fde542a5ba7ca4292259d9f323a1530d387a6e0091311,"Verified row, out of scope for NME counts (abbreviated new drug application)",v23 2026-09-20: row read verbatim from the committed official Drugs@FDA Submissions extract (1965-1979 window) at the cited line number; the file re-hashes to the runner manifest SHA-256. Abbreviated new drug application: outside the NDA/BLA novel-approval basis and therefore never counted toward an official NME or NDA total. Published here so the year's complete original-approval population is auditable.
PRE1980ACT-1977-128,1977,085007,ANDA085007,ANDA_ORIGINAL_EXCLUDED,1977-04-20,ORIG,1,AP,,,,,FALSE,PVT FORM,FEMOGEN,"ESTROGENS, ESTERIFIED",2.5MG,TABLET;ORAL,1,,FALSE,0,0,0,0,0,0,0,,,,,,,,https://www.accessdata.fda.gov/scripts/cder/daf/index.cfm?event=overview.process&varApplNo=085007,https://api.fda.gov/drug/drugsfda.json?search=application_number:%22ANDA085007%22,data/raw/drugsatfda_data_files_2026_09/Submissions_1965_1979.txt,10314,eb7003d97b6b24023b5fde542a5ba7ca4292259d9f323a1530d387a6e0091311,"Verified row, out of scope for NME counts (abbreviated new drug application)",v23 2026-09-20: row read verbatim from the committed official Drugs@FDA Submissions extract (1965-1979 window) at the cited line number; the file re-hashes to the runner manifest SHA-256. Abbreviated new drug application: outside the NDA/BLA novel-approval basis and therefore never counted toward an official NME or NDA total. Published here so the year's complete original-approval population is auditable.
PRE1980ACT-1977-129,1977,085008,ANDA085008,ANDA_ORIGINAL_EXCLUDED,1977-04-20,ORIG,1,AP,,,,,FALSE,PVT FORM,FEMOGEN,"ESTROGENS, ESTERIFIED",1.25MG,TABLET;ORAL,1,,FALSE,0,0,0,0,0,0,0,,,,,,,,https://www.accessdata.fda.gov/scripts/cder/daf/index.cfm?event=overview.process&varApplNo=085008,https://api.fda.gov/drug/drugsfda.json?search=application_number:%22ANDA085008%22,data/raw/drugsatfda_data_files_2026_09/Submissions_1965_1979.txt,10315,eb7003d97b6b24023b5fde542a5ba7ca4292259d9f323a1530d387a6e0091311,"Verified row, out of scope for NME counts (abbreviated new drug application)",v23 2026-09-20: row read verbatim from the committed official Drugs@FDA Submissions extract (1965-1979 window) at the cited line number; the file re-hashes to the runner manifest SHA-256. Abbreviated new drug application: outside the NDA/BLA novel-approval basis and therefore never counted toward an official NME or NDA total. Published here so the year's complete original-approval population is auditable.
PRE1980ACT-1977-130,1977,085014,ANDA085014,ANDA_ORIGINAL_EXCLUDED,1977-04-06,ORIG,1,AP,,,,,FALSE,WEST WARD,CHLORDIAZEPOXIDE HYDROCHLORIDE,CHLORDIAZEPOXIDE HYDROCHLORIDE,5MG,CAPSULE;ORAL,1,,FALSE,0,0,0,0,0,0,0,,,,,,,,https://www.accessdata.fda.gov/scripts/cder/daf/index.cfm?event=overview.process&varApplNo=085014,https://api.fda.gov/drug/drugsfda.json?search=application_number:%22ANDA085014%22,data/raw/drugsatfda_data_files_2026_09/Submissions_1965_1979.txt,10318,eb7003d97b6b24023b5fde542a5ba7ca4292259d9f323a1530d387a6e0091311,"Verified row, out of scope for NME counts (abbreviated new drug application)",v23 2026-09-20: row read verbatim from the committed official Drugs@FDA Submissions extract (1965-1979 window) at the cited line number; the file re-hashes to the runner manifest SHA-256. Abbreviated new drug application: outside the NDA/BLA novel-approval basis and therefore never counted toward an official NME or NDA total. Published here so the year's complete original-approval population is auditable.
PRE1980ACT-1977-131,1977,085017,ANDA085017,ANDA_ORIGINAL_EXCLUDED,1977-02-02,ORIG,1,AP,,,,,FALSE,KEY PHARMS,GENAPAX,GENTIAN VIOLET,5MG,TAMPON;VAGINAL,1,,FALSE,0,0,0,0,0,0,0,,,,,,,,https://www.accessdata.fda.gov/scripts/cder/daf/index.cfm?event=overview.process&varApplNo=085017,https://api.fda.gov/drug/drugsfda.json?search=application_number:%22ANDA085017%22,data/raw/drugsatfda_data_files_2026_09/Submissions_1965_1979.txt,10319,eb7003d97b6b24023b5fde542a5ba7ca4292259d9f323a1530d387a6e0091311,"Verified row, out of scope for NME counts (abbreviated new drug application)",v23 2026-09-20: row read verbatim from the committed official Drugs@FDA Submissions extract (1965-1979 window) at the cited line number; the file re-hashes to the runner manifest SHA-256. Abbreviated new drug application: outside the NDA/BLA novel-approval basis and therefore never counted toward an official NME or NDA total. Published here so the year's complete original-approval population is auditable.
PRE1980ACT-1977-132,1977,085022,ANDA085022,ANDA_ORIGINAL_EXCLUDED,1977-09-01,ORIG,1,AP,,,,,FALSE,IVAX SUB TEVA PHARMS,HYDROCHLOROTHIAZIDE,HYDROCHLOROTHIAZIDE,100MG,TABLET;ORAL,1,,FALSE,0,0,0,0,0,0,0,,,,,,,,https://www.accessdata.fda.gov/scripts/cder/daf/index.cfm?event=overview.process&varApplNo=085022,https://api.fda.gov/drug/drugsfda.json?search=application_number:%22ANDA085022%22,data/raw/drugsatfda_data_files_2026_09/Submissions_1965_1979.txt,10320,eb7003d97b6b24023b5fde542a5ba7ca4292259d9f323a1530d387a6e0091311,"Verified row, out of scope for NME counts (abbreviated new drug application)",v23 2026-09-20: row read verbatim from the committed official Drugs@FDA Submissions extract (1965-1979 window) at the cited line number; the file re-hashes to the runner manifest SHA-256. Abbreviated new drug application: outside the NDA/BLA novel-approval basis and therefore never counted toward an official NME or NDA total. Published here so the year's complete original-approval population is auditable.
PRE1980ACT-1977-133,1977,085027,ANDA085027,ANDA_ORIGINAL_EXCLUDED,1977-11-30,ORIG,1,AP,,,,,FALSE,PADAGIS US,HYDROCORTISONE,HYDROCORTISONE,2.5%,OINTMENT;TOPICAL,1,,FALSE,0,0,0,0,0,0,0,,,,,,,,https://www.accessdata.fda.gov/scripts/cder/daf/index.cfm?event=overview.process&varApplNo=085027,https://api.fda.gov/drug/drugsfda.json?search=application_number:%22ANDA085027%22,data/raw/drugsatfda_data_files_2026_09/Submissions_1965_1979.txt,10321,eb7003d97b6b24023b5fde542a5ba7ca4292259d9f323a1530d387a6e0091311,"Verified row, out of scope for NME counts (abbreviated new drug application)",v23 2026-09-20: row read verbatim from the committed official Drugs@FDA Submissions extract (1965-1979 window) at the cited line number; the file re-hashes to the runner manifest SHA-256. Abbreviated new drug application: outside the NDA/BLA novel-approval basis and therefore never counted toward an official NME or NDA total. Published here so the year's complete original-approval population is auditable.
PRE1980ACT-1978-122,1978,085034,ANDA085034,ANDA_ORIGINAL_EXCLUDED,1978-04-19,ORIG,1,AP,,,,,FALSE,SANDOZ,ALPHAZINE,PHENDIMETRAZINE TARTRATE,35MG,TABLET;ORAL,1,,FALSE,0,0,0,0,0,0,0,,,,,,,,https://www.accessdata.fda.gov/scripts/cder/daf/index.cfm?event=overview.process&varApplNo=085034,https://api.fda.gov/drug/drugsfda.json?search=application_number:%22ANDA085034%22,data/raw/drugsatfda_data_files_2026_09/Submissions_1965_1979.txt,10325,eb7003d97b6b24023b5fde542a5ba7ca4292259d9f323a1530d387a6e0091311,"Verified row, out of scope for NME counts (abbreviated new drug application)",v23 2026-09-20: row read verbatim from the committed official Drugs@FDA Submissions extract (1965-1979 window) at the cited line number; the file re-hashes to the runner manifest SHA-256. Abbreviated new drug application: outside the NDA/BLA novel-approval basis and therefore never counted toward an official NME or NDA total. Published here so the year's complete original-approval population is auditable.
PRE1980ACT-1977-134,1977,085035,ANDA085035,ANDA_ORIGINAL_EXCLUDED,1977-07-05,ORIG,1,AP,,,,,FALSE,R AND S PHARMA,DIPHENOXYLATE HYDROCHLORIDE AND ATROPINE SULFATE,ATROPINE SULFATE; DIPHENOXYLATE HYDROCHLORIDE,0.025MG;2.5MG,TABLET;ORAL,1,,FALSE,0,0,0,1,0,1,1,,http://www.accessdata.fda.gov/drugsatfda_docs/anda/pre96/085239_diphenoxylate_toc.html,,,,,,https://www.accessdata.fda.gov/scripts/cder/daf/index.cfm?event=overview.process&varApplNo=085035,https://api.fda.gov/drug/drugsfda.json?search=application_number:%22ANDA085035%22,data/raw/drugsatfda_data_files_2026_09/Submissions_1965_1979.txt,10326,eb7003d97b6b24023b5fde542a5ba7ca4292259d9f323a1530d387a6e0091311,"Verified row, out of scope for NME counts (abbreviated new drug application)",v23 2026-09-20: row read verbatim from the committed official Drugs@FDA Submissions extract (1965-1979 window) at the cited line number; the file re-hashes to the runner manifest SHA-256. Abbreviated new drug application: outside the NDA/BLA novel-approval basis and therefore never counted toward an official NME or NDA total. Published here so the year's complete original-approval population is auditable.
PRE1980ACT-1977-135,1977,085055,ANDA085055,ANDA_ORIGINAL_EXCLUDED,1977-08-17,ORIG,1,AP,,,,,FALSE,JANSSEN PHARMS,TYLENOL W/ CODEINE NO. 1,ACETAMINOPHEN; CODEINE PHOSPHATE,300MG;7.5MG,TABLET;ORAL,4,,FALSE,0,0,0,0,0,0,0,,,,,,,,https://www.accessdata.fda.gov/scripts/cder/daf/index.cfm?event=overview.process&varApplNo=085055,https://api.fda.gov/drug/drugsfda.json?search=application_number:%22ANDA085055%22,data/raw/drugsatfda_data_files_2026_09/Submissions_1965_1979.txt,10334,eb7003d97b6b24023b5fde542a5ba7ca4292259d9f323a1530d387a6e0091311,"Verified row, out of scope for NME counts (abbreviated new drug application)",v23 2026-09-20: row read verbatim from the committed official Drugs@FDA Submissions extract (1965-1979 window) at the cited line number; the file re-hashes to the runner manifest SHA-256. Abbreviated new drug application: outside the NDA/BLA novel-approval basis and therefore never counted toward an official NME or NDA total. Published here so the year's complete original-approval population is auditable.
PRE1980ACT-1977-136,1977,085068,ANDA085068,ANDA_ORIGINAL_EXCLUDED,1977-02-01,ORIG,1,AP,,,,,FALSE,SCHERER LABS,QUINIDINE SULFATE,QUINIDINE SULFATE,200MG,TABLET;ORAL,1,,FALSE,0,0,0,0,0,0,0,,,,,,,,https://www.accessdata.fda.gov/scripts/cder/daf/index.cfm?event=overview.process&varApplNo=085068,https://api.fda.gov/drug/drugsfda.json?search=application_number:%22ANDA085068%22,data/raw/drugsatfda_data_files_2026_09/Submissions_1965_1979.txt,10337,eb7003d97b6b24023b5fde542a5ba7ca4292259d9f323a1530d387a6e0091311,"Verified row, out of scope for NME counts (abbreviated new drug application)",v23 2026-09-20: row read verbatim from the committed official Drugs@FDA Submissions extract (1965-1979 window) at the cited line number; the file re-hashes to the runner manifest SHA-256. Abbreviated new drug application: outside the NDA/BLA novel-approval basis and therefore never counted toward an official NME or NDA total. Published here so the year's complete original-approval population is auditable.
PRE1980ACT-1977-137,1977,085094,ANDA085094,ANDA_ORIGINAL_EXCLUDED,1977-02-07,ORIG,1,AP,,,,,FALSE,WATSON LABS,TRIPROLIDINE HYDROCHLORIDE,TRIPROLIDINE HYDROCHLORIDE,2.5MG,TABLET;ORAL,1,,FALSE,0,0,0,0,0,0,0,,,,,,,,https://www.accessdata.fda.gov/scripts/cder/daf/index.cfm?event=overview.process&varApplNo=085094,https://api.fda.gov/drug/drugsfda.json?search=application_number:%22ANDA085094%22,data/raw/drugsatfda_data_files_2026_09/Submissions_1965_1979.txt,10346,eb7003d97b6b24023b5fde542a5ba7ca4292259d9f323a1530d387a6e0091311,"Verified row, out of scope for NME counts (abbreviated new drug application)",v23 2026-09-20: row read verbatim from the committed official Drugs@FDA Submissions extract (1965-1979 window) at the cited line number; the file re-hashes to the runner manifest SHA-256. Abbreviated new drug application: outside the NDA/BLA novel-approval basis and therefore never counted toward an official NME or NDA total. Published here so the year's complete original-approval population is auditable.
PRE1980ACT-1977-138,1977,085098,ANDA085098,ANDA_ORIGINAL_EXCLUDED,1977-07-15,ORIG,1,AP,,,,,FALSE,IMPAX LABS,HYDROCHLOROTHIAZIDE,HYDROCHLOROTHIAZIDE,100MG,TABLET;ORAL,1,,FALSE,0,0,0,0,0,0,0,,,,,,,,https://www.accessdata.fda.gov/scripts/cder/daf/index.cfm?event=overview.process&varApplNo=085098,https://api.fda.gov/drug/drugsfda.json?search=application_number:%22ANDA085098%22,data/raw/drugsatfda_data_files_2026_09/Submissions_1965_1979.txt,10347,eb7003d97b6b24023b5fde542a5ba7ca4292259d9f323a1530d387a6e0091311,"Verified row, out of scope for NME counts (abbreviated new drug application)",v23 2026-09-20: row read verbatim from the committed official Drugs@FDA Submissions extract (1965-1979 window) at the cited line number; the file re-hashes to the runner manifest SHA-256. Abbreviated new drug application: outside the NDA/BLA novel-approval basis and therefore never counted toward an official NME or NDA total. Published here so the year's complete original-approval population is auditable.
PRE1980ACT-1977-139,1977,085104,ANDA085104,ANDA_ORIGINAL_EXCLUDED,1977-02-11,ORIG,1,AP,,,,,FALSE,PHARMAVITE,CHLORPHENIRAMINE MALEATE,CHLORPHENIRAMINE MALEATE,4MG,TABLET;ORAL,1,,FALSE,0,0,0,0,0,0,0,,,,,,,,https://www.accessdata.fda.gov/scripts/cder/daf/index.cfm?event=overview.process&varApplNo=085104,https://api.fda.gov/drug/drugsfda.json?search=application_number:%22ANDA085104%22,data/raw/drugsatfda_data_files_2026_09/Submissions_1965_1979.txt,10349,eb7003d97b6b24023b5fde542a5ba7ca4292259d9f323a1530d387a6e0091311,"Verified row, out of scope for NME counts (abbreviated new drug application)",v23 2026-09-20: row read verbatim from the committed official Drugs@FDA Submissions extract (1965-1979 window) at the cited line number; the file re-hashes to the runner manifest SHA-256. Abbreviated new drug application: outside the NDA/BLA novel-approval basis and therefore never counted toward an official NME or NDA total. Published here so the year's complete original-approval population is auditable.
PRE1980ACT-1978-123,1978,085109,,KIND_UNRESOLVED,1978-05-30,ORIG,1,AP,,,,,FALSE,,,,,,0,,FALSE,0,0,0,0,0,0,0,,,,,,FULldb-1978-UNRES09,,https://www.accessdata.fda.gov/scripts/cder/daf/index.cfm?event=overview.process&varApplNo=085109,,data/raw/drugsatfda_data_files_2026_09/Submissions_1965_1979.txt,10353,eb7003d97b6b24023b5fde542a5ba7ca4292259d9f323a1530d387a6e0091311,"Verified row, application type not published (KIND_UNRESOLVED) - review candidate only","v23 2026-09-20: row read verbatim from the committed official Drugs@FDA Submissions extract (1965-1979 window) at the cited line number; the file re-hashes to the runner manifest SHA-256. ApplNo is absent from the unfiltered Applications table, so no NDA/ANDA/BLA type can be asserted; the openFDA payloads do not carry it either. This is a review candidate, never an approval row in the NME decision table. Cross-check record FULldb-1978-UNRES09."
PRE1980ACT-1978-124,1978,085110,,KIND_UNRESOLVED,1978-05-30,ORIG,1,AP,,,,,FALSE,,,,,,0,,FALSE,0,0,0,0,0,0,0,,,,,,FULldb-1978-UNRES10,,https://www.accessdata.fda.gov/scripts/cder/daf/index.cfm?event=overview.process&varApplNo=085110,,data/raw/drugsatfda_data_files_2026_09/Submissions_1965_1979.txt,10354,eb7003d97b6b24023b5fde542a5ba7ca4292259d9f323a1530d387a6e0091311,"Verified row, application type not published (KIND_UNRESOLVED) - review candidate only","v23 2026-09-20: row read verbatim from the committed official Drugs@FDA Submissions extract (1965-1979 window) at the cited line number; the file re-hashes to the runner manifest SHA-256. ApplNo is absent from the unfiltered Applications table, so no NDA/ANDA/BLA type can be asserted; the openFDA payloads do not carry it either. This is a review candidate, never an approval row in the NME decision table. Cross-check record FULldb-1978-UNRES10."
PRE1980ACT-1977-140,1977,085113,ANDA085113,ANDA_ORIGINAL_EXCLUDED,1977-12-12,ORIG,1,AP,,,,,FALSE,IMPAX LABS,CHLORDIAZEPOXIDE HYDROCHLORIDE,CHLORDIAZEPOXIDE HYDROCHLORIDE,10MG,CAPSULE;ORAL,1,,FALSE,0,0,0,0,0,0,0,,,,,,,,https://www.accessdata.fda.gov/scripts/cder/daf/index.cfm?event=overview.process&varApplNo=085113,https://api.fda.gov/drug/drugsfda.json?search=application_number:%22ANDA085113%22,data/raw/drugsatfda_data_files_2026_09/Submissions_1965_1979.txt,10355,eb7003d97b6b24023b5fde542a5ba7ca4292259d9f323a1530d387a6e0091311,"Verified row, out of scope for NME counts (abbreviated new drug application)",v23 2026-09-20: row read verbatim from the committed official Drugs@FDA Submissions extract (1965-1979 window) at the cited line number; the file re-hashes to the runner manifest SHA-256. Abbreviated new drug application: outside the NDA/BLA novel-approval basis and therefore never counted toward an official NME or NDA total. Published here so the year's complete original-approval population is auditable.
PRE1980ACT-1977-141,1977,085125,ANDA085125,ANDA_ORIGINAL_EXCLUDED,1977-02-02,ORIG,1,AP,,,,,FALSE,TABLICAPS,METHYLTESTOSTERONE,METHYLTESTOSTERONE,10MG,"TABLET;BUCCAL, SUBLINGUAL",1,,FALSE,0,0,0,0,0,0,0,,,,,,,,https://www.accessdata.fda.gov/scripts/cder/daf/index.cfm?event=overview.process&varApplNo=085125,https://api.fda.gov/drug/drugsfda.json?search=application_number:%22ANDA085125%22,data/raw/drugsatfda_data_files_2026_09/Submissions_1965_1979.txt,10359,eb7003d97b6b24023b5fde542a5ba7ca4292259d9f323a1530d387a6e0091311,"Verified row, out of scope for NME counts (abbreviated new drug application)",v23 2026-09-20: row read verbatim from the committed official Drugs@FDA Submissions extract (1965-1979 window) at the cited line number; the file re-hashes to the runner manifest SHA-256. Abbreviated new drug application: outside the NDA/BLA novel-approval basis and therefore never counted toward an official NME or NDA total. Published here so the year's complete original-approval population is auditable.
PRE1980ACT-1977-142,1977,085142,,KIND_UNRESOLVED,1977-07-25,ORIG,1,AP,,,,,FALSE,,,,,,0,,FALSE,0,0,0,0,0,0,0,,,,,,FULldb-1977-UNRES12,,https://www.accessdata.fda.gov/scripts/cder/daf/index.cfm?event=overview.process&varApplNo=085142,,data/raw/drugsatfda_data_files_2026_09/Submissions_1965_1979.txt,10364,eb7003d97b6b24023b5fde542a5ba7ca4292259d9f323a1530d387a6e0091311,"Verified row, application type not published (KIND_UNRESOLVED) - review candidate only","v23 2026-09-20: row read verbatim from the committed official Drugs@FDA Submissions extract (1965-1979 window) at the cited line number; the file re-hashes to the runner manifest SHA-256. ApplNo is absent from the unfiltered Applications table, so no NDA/ANDA/BLA type can be asserted; the openFDA payloads do not carry it either. This is a review candidate, never an approval row in the NME decision table. Cross-check record FULldb-1977-UNRES12."
PRE1980ACT-1977-143,1977,085143,,KIND_UNRESOLVED,1977-07-25,ORIG,1,AP,,,,,FALSE,,,,,,0,,FALSE,0,0,0,0,0,0,0,,,,,,FULldb-1977-UNRES13,,https://www.accessdata.fda.gov/scripts/cder/daf/index.cfm?event=overview.process&varApplNo=085143,,data/raw/drugsatfda_data_files_2026_09/Submissions_1965_1979.txt,10365,eb7003d97b6b24023b5fde542a5ba7ca4292259d9f323a1530d387a6e0091311,"Verified row, application type not published (KIND_UNRESOLVED) - review candidate only","v23 2026-09-20: row read verbatim from the committed official Drugs@FDA Submissions extract (1965-1979 window) at the cited line number; the file re-hashes to the runner manifest SHA-256. ApplNo is absent from the unfiltered Applications table, so no NDA/ANDA/BLA type can be asserted; the openFDA payloads do not carry it either. This is a review candidate, never an approval row in the NME decision table. Cross-check record FULldb-1977-UNRES13."
PRE1980ACT-1979-099,1979,085169,ANDA085169,ANDA_ORIGINAL_EXCLUDED,1979-02-08,ORIG,1,AP,,,,,FALSE,HALSEY,THEOPHYLLINE,THEOPHYLLINE,80MG/15ML,ELIXIR;ORAL,1,,FALSE,0,0,0,0,0,0,0,,,,,,,,https://www.accessdata.fda.gov/scripts/cder/daf/index.cfm?event=overview.process&varApplNo=085169,https://api.fda.gov/drug/drugsfda.json?search=application_number:%22ANDA085169%22,data/raw/drugsatfda_data_files_2026_09/Submissions_1965_1979.txt,10372,eb7003d97b6b24023b5fde542a5ba7ca4292259d9f323a1530d387a6e0091311,"Verified row, out of scope for NME counts (abbreviated new drug application)",v23 2026-09-20: row read verbatim from the committed official Drugs@FDA Submissions extract (1965-1979 window) at the cited line number; the file re-hashes to the runner manifest SHA-256. Abbreviated new drug application: outside the NDA/BLA novel-approval basis and therefore never counted toward an official NME or NDA total. Published here so the year's complete original-approval population is auditable.
PRE1980ACT-1977-144,1977,085173,ANDA085173,ANDA_ORIGINAL_EXCLUDED,1977-11-04,ORIG,1,AP,,,,,FALSE,WATSON LABS,CHLOROTHIAZIDE,CHLOROTHIAZIDE,250MG,TABLET;ORAL,1,,FALSE,0,0,0,0,0,0,0,,,,,,,,https://www.accessdata.fda.gov/scripts/cder/daf/index.cfm?event=overview.process&varApplNo=085173,https://api.fda.gov/drug/drugsfda.json?search=application_number:%22ANDA085173%22,data/raw/drugsatfda_data_files_2026_09/Submissions_1965_1979.txt,10373,eb7003d97b6b24023b5fde542a5ba7ca4292259d9f323a1530d387a6e0091311,"Verified row, out of scope for NME counts (abbreviated new drug application)",v23 2026-09-20: row read verbatim from the committed official Drugs@FDA Submissions extract (1965-1979 window) at the cited line number; the file re-hashes to the runner manifest SHA-256. Abbreviated new drug application: outside the NDA/BLA novel-approval basis and therefore never counted toward an official NME or NDA total. Published here so the year's complete original-approval population is auditable.
PRE1980ACT-1978-125,1978,085181,,KIND_UNRESOLVED,1978-01-20,ORIG,1,AP,,,,,FALSE,,,,,,0,,FALSE,0,0,0,0,0,0,0,,,,,,FULldb-1978-UNRES03,,https://www.accessdata.fda.gov/scripts/cder/daf/index.cfm?event=overview.process&varApplNo=085181,,data/raw/drugsatfda_data_files_2026_09/Submissions_1965_1979.txt,10375,eb7003d97b6b24023b5fde542a5ba7ca4292259d9f323a1530d387a6e0091311,"Verified row, application type not published (KIND_UNRESOLVED) - review candidate only","v23 2026-09-20: row read verbatim from the committed official Drugs@FDA Submissions extract (1965-1979 window) at the cited line number; the file re-hashes to the runner manifest SHA-256. ApplNo is absent from the unfiltered Applications table, so no NDA/ANDA/BLA type can be asserted; the openFDA payloads do not carry it either. This is a review candidate, never an approval row in the NME decision table. Cross-check record FULldb-1978-UNRES03."
PRE1980ACT-1978-126,1978,085182,ANDA085182,ANDA_ORIGINAL_EXCLUDED,1978-01-20,ORIG,1,AP,,,,,FALSE,HERITAGE,HYDROCHLOROTHIAZIDE,HYDROCHLOROTHIAZIDE,50MG,TABLET;ORAL,3,,FALSE,0,0,0,0,0,0,0,,,,,,,,https://www.accessdata.fda.gov/scripts/cder/daf/index.cfm?event=overview.process&varApplNo=085182,https://api.fda.gov/drug/drugsfda.json?search=application_number:%22ANDA085182%22,data/raw/drugsatfda_data_files_2026_09/Submissions_1965_1979.txt,10376,eb7003d97b6b24023b5fde542a5ba7ca4292259d9f323a1530d387a6e0091311,"Verified row, out of scope for NME counts (abbreviated new drug application)",v23 2026-09-20: row read verbatim from the committed official Drugs@FDA Submissions extract (1965-1979 window) at the cited line number; the file re-hashes to the runner manifest SHA-256. Abbreviated new drug application: outside the NDA/BLA novel-approval basis and therefore never counted toward an official NME or NDA total. Published here so the year's complete original-approval population is auditable.
PRE1980ACT-1979-100,1979,085186,ANDA085186,ANDA_ORIGINAL_EXCLUDED,1979-01-26,ORIG,1,AP,,,,,FALSE,SOLIS PHARMS,ELIXOPHYLLIN,THEOPHYLLINE,80MG/15ML,"SOLUTION, ELIXIR;ORAL",1,,FALSE,0,0,0,0,0,0,0,,,,,,,,https://www.accessdata.fda.gov/scripts/cder/daf/index.cfm?event=overview.process&varApplNo=085186,https://api.fda.gov/drug/drugsfda.json?search=application_number:%22ANDA085186%22,data/raw/drugsatfda_data_files_2026_09/Submissions_1965_1979.txt,10377,eb7003d97b6b24023b5fde542a5ba7ca4292259d9f323a1530d387a6e0091311,"Verified row, out of scope for NME counts (abbreviated new drug application)",v23 2026-09-20: row read verbatim from the committed official Drugs@FDA Submissions extract (1965-1979 window) at the cited line number; the file re-hashes to the runner manifest SHA-256. Abbreviated new drug application: outside the NDA/BLA novel-approval basis and therefore never counted toward an official NME or NDA total. Published here so the year's complete original-approval population is auditable.
PRE1980ACT-1979-101,1979,085187,ANDA085187,ANDA_ORIGINAL_EXCLUDED,1979-05-15,ORIG,1,AP,,,,,FALSE,SANOFI AVENTIS US,SLO-PHYLLIN,THEOPHYLLINE,80MG/15ML,SYRUP;ORAL,1,,FALSE,0,0,0,0,0,0,0,,,,,,,,https://www.accessdata.fda.gov/scripts/cder/daf/index.cfm?event=overview.process&varApplNo=085187,https://api.fda.gov/drug/drugsfda.json?search=application_number:%22ANDA085187%22,data/raw/drugsatfda_data_files_2026_09/Submissions_1965_1979.txt,10378,eb7003d97b6b24023b5fde542a5ba7ca4292259d9f323a1530d387a6e0091311,"Verified row, out of scope for NME counts (abbreviated new drug application)",v23 2026-09-20: row read verbatim from the committed official Drugs@FDA Submissions extract (1965-1979 window) at the cited line number; the file re-hashes to the runner manifest SHA-256. Abbreviated new drug application: outside the NDA/BLA novel-approval basis and therefore never counted toward an official NME or NDA total. Published here so the year's complete original-approval population is auditable.
PRE1980ACT-1977-145,1977,085201,ANDA085201,ANDA_ORIGINAL_EXCLUDED,1977-03-03,ORIG,1,AP,,,,,FALSE,WATSON LABS,PROPYLTHIOURACIL,PROPYLTHIOURACIL,50MG,TABLET;ORAL,1,,FALSE,0,0,0,0,0,0,0,,,,,,,,https://www.accessdata.fda.gov/scripts/cder/daf/index.cfm?event=overview.process&varApplNo=085201,https://api.fda.gov/drug/drugsfda.json?search=application_number:%22ANDA085201%22,data/raw/drugsatfda_data_files_2026_09/Submissions_1965_1979.txt,10382,eb7003d97b6b24023b5fde542a5ba7ca4292259d9f323a1530d387a6e0091311,"Verified row, out of scope for NME counts (abbreviated new drug application)",v23 2026-09-20: row read verbatim from the committed official Drugs@FDA Submissions extract (1965-1979 window) at the cited line number; the file re-hashes to the runner manifest SHA-256. Abbreviated new drug application: outside the NDA/BLA novel-approval basis and therefore never counted toward an official NME or NDA total. Published here so the year's complete original-approval population is auditable.
PRE1980ACT-1979-102,1979,085202,ANDA085202,ANDA_ORIGINAL_EXCLUDED,1979-11-14,ORIG,1,AP,,,,,FALSE,SANOFI AVENTIS US,SLO-PHYLLIN,THEOPHYLLINE,100MG,TABLET;ORAL,1,,FALSE,0,0,0,0,0,0,0,,,,,,,,https://www.accessdata.fda.gov/scripts/cder/daf/index.cfm?event=overview.process&varApplNo=085202,https://api.fda.gov/drug/drugsfda.json?search=application_number:%22ANDA085202%22,data/raw/drugsatfda_data_files_2026_09/Submissions_1965_1979.txt,10383,eb7003d97b6b24023b5fde542a5ba7ca4292259d9f323a1530d387a6e0091311,"Verified row, out of scope for NME counts (abbreviated new drug application)",v23 2026-09-20: row read verbatim from the committed official Drugs@FDA Submissions extract (1965-1979 window) at the cited line number; the file re-hashes to the runner manifest SHA-256. Abbreviated new drug application: outside the NDA/BLA novel-approval basis and therefore never counted toward an official NME or NDA total. Published here so the year's complete original-approval population is auditable.
PRE1980ACT-1979-103,1979,085204,ANDA085204,ANDA_ORIGINAL_EXCLUDED,1979-11-14,ORIG,1,AP,,,,,FALSE,SANOFI AVENTIS US,SLO-PHYLLIN,THEOPHYLLINE,200MG,TABLET;ORAL,1,,FALSE,0,0,0,0,0,0,0,,,,,,,,https://www.accessdata.fda.gov/scripts/cder/daf/index.cfm?event=overview.process&varApplNo=085204,https://api.fda.gov/drug/drugsfda.json?search=application_number:%22ANDA085204%22,data/raw/drugsatfda_data_files_2026_09/Submissions_1965_1979.txt,10384,eb7003d97b6b24023b5fde542a5ba7ca4292259d9f323a1530d387a6e0091311,"Verified row, out of scope for NME counts (abbreviated new drug application)",v23 2026-09-20: row read verbatim from the committed official Drugs@FDA Submissions extract (1965-1979 window) at the cited line number; the file re-hashes to the runner manifest SHA-256. Abbreviated new drug application: outside the NDA/BLA novel-approval basis and therefore never counted toward an official NME or NDA total. Published here so the year's complete original-approval population is auditable.
PRE1980ACT-1978-127,1978,085217,ANDA085217,ANDA_ORIGINAL_EXCLUDED,1978-03-17,ORIG,1,AP,,,,,FALSE,EVERYLIFE,ACETAMINOPHEN AND CODEINE PHOSPHATE,ACETAMINOPHEN; CODEINE PHOSPHATE,325MG;30MG,TABLET;ORAL,1,,FALSE,0,0,0,0,0,0,0,,,,,,,,https://www.accessdata.fda.gov/scripts/cder/daf/index.cfm?event=overview.process&varApplNo=085217,https://api.fda.gov/drug/drugsfda.json?search=application_number:%22ANDA085217%22,data/raw/drugsatfda_data_files_2026_09/Submissions_1965_1979.txt,10385,eb7003d97b6b24023b5fde542a5ba7ca4292259d9f323a1530d387a6e0091311,"Verified row, out of scope for NME counts (abbreviated new drug application)",v23 2026-09-20: row read verbatim from the committed official Drugs@FDA Submissions extract (1965-1979 window) at the cited line number; the file re-hashes to the runner manifest SHA-256. Abbreviated new drug application: outside the NDA/BLA novel-approval basis and therefore never counted toward an official NME or NDA total. Published here so the year's complete original-approval population is auditable.
PRE1980ACT-1978-128,1978,085218,ANDA085218,ANDA_ORIGINAL_EXCLUDED,1978-03-14,ORIG,1,AP,,,,,FALSE,WARNER CHILCOTT,ACETAMINOPHEN AND CODEINE PHOSPHATE,ACETAMINOPHEN; CODEINE PHOSPHATE,300MG;30MG,TABLET;ORAL,1,,FALSE,0,0,0,0,0,0,0,,,,,,,,https://www.accessdata.fda.gov/scripts/cder/daf/index.cfm?event=overview.process&varApplNo=085218,https://api.fda.gov/drug/drugsfda.json?search=application_number:%22ANDA085218%22,data/raw/drugsatfda_data_files_2026_09/Submissions_1965_1979.txt,10386,eb7003d97b6b24023b5fde542a5ba7ca4292259d9f323a1530d387a6e0091311,"Verified row, out of scope for NME counts (abbreviated new drug application)",v23 2026-09-20: row read verbatim from the committed official Drugs@FDA Submissions extract (1965-1979 window) at the cited line number; the file re-hashes to the runner manifest SHA-256. Abbreviated new drug application: outside the NDA/BLA novel-approval basis and therefore never counted toward an official NME or NDA total. Published here so the year's complete original-approval population is auditable.
PRE1980ACT-1979-104,1979,085219,ANDA085219,ANDA_ORIGINAL_EXCLUDED,1979-03-12,ORIG,1,AP,,,,,FALSE,AUROLIFE PHARMA LLC,HYDROCHLOROTHIAZIDE,HYDROCHLOROTHIAZIDE,50MG,TABLET;ORAL,1,,FALSE,0,0,0,0,0,0,0,,,,,,,,https://www.accessdata.fda.gov/scripts/cder/daf/index.cfm?event=overview.process&varApplNo=085219,https://api.fda.gov/drug/drugsfda.json?search=application_number:%22ANDA085219%22,data/raw/drugsatfda_data_files_2026_09/Submissions_1965_1979.txt,10387,eb7003d97b6b24023b5fde542a5ba7ca4292259d9f323a1530d387a6e0091311,"Verified row, out of scope for NME counts (abbreviated new drug application)",v23 2026-09-20: row read verbatim from the committed official Drugs@FDA Submissions extract (1965-1979 window) at the cited line number; the file re-hashes to the runner manifest SHA-256. Abbreviated new drug application: outside the NDA/BLA novel-approval basis and therefore never counted toward an official NME or NDA total. Published here so the year's complete original-approval population is auditable.
PRE1980ACT-1977-146,1977,085232,ANDA085232,ANDA_ORIGINAL_EXCLUDED,1977-05-03,ORIG,1,AP,,,,,FALSE,WATSON LABS,HYDROCHLOROTHIAZIDE,HYDROCHLOROTHIAZIDE,25MG,TABLET;ORAL,1,,FALSE,0,0,0,0,0,0,0,,,,,,,,https://www.accessdata.fda.gov/scripts/cder/daf/index.cfm?event=overview.process&varApplNo=085232,https://api.fda.gov/drug/drugsfda.json?search=application_number:%22ANDA085232%22,data/raw/drugsatfda_data_files_2026_09/Submissions_1965_1979.txt,10390,eb7003d97b6b24023b5fde542a5ba7ca4292259d9f323a1530d387a6e0091311,"Verified row, out of scope for NME counts (abbreviated new drug application)",v23 2026-09-20: row read verbatim from the committed official Drugs@FDA Submissions extract (1965-1979 window) at the cited line number; the file re-hashes to the runner manifest SHA-256. Abbreviated new drug application: outside the NDA/BLA novel-approval basis and therefore never counted toward an official NME or NDA total. Published here so the year's complete original-approval population is auditable.
PRE1980ACT-1977-147,1977,085233,ANDA085233,ANDA_ORIGINAL_EXCLUDED,1977-04-27,ORIG,1,AP,,,,,FALSE,WATSON LABS,HYDROCHLOROTHIAZIDE,HYDROCHLOROTHIAZIDE,50MG,TABLET;ORAL,1,,FALSE,0,0,0,0,0,0,0,,,,,,,,https://www.accessdata.fda.gov/scripts/cder/daf/index.cfm?event=overview.process&varApplNo=085233,https://api.fda.gov/drug/drugsfda.json?search=application_number:%22ANDA085233%22,data/raw/drugsatfda_data_files_2026_09/Submissions_1965_1979.txt,10391,eb7003d97b6b24023b5fde542a5ba7ca4292259d9f323a1530d387a6e0091311,"Verified row, out of scope for NME counts (abbreviated new drug application)",v23 2026-09-20: row read verbatim from the committed official Drugs@FDA Submissions extract (1965-1979 window) at the cited line number; the file re-hashes to the runner manifest SHA-256. Abbreviated new drug application: outside the NDA/BLA novel-approval basis and therefore never counted toward an official NME or NDA total. Published here so the year's complete original-approval population is auditable.
PRE1980ACT-1979-105,1979,085239,ANDA085239,ANDA_ORIGINAL_EXCLUDED,1979-02-21,ORIG,1,AP,,,,,FALSE,DR REDDYS,ESTRONE,ESTRONE,5MG/ML,INJECTABLE;INJECTION,1,,FALSE,0,0,0,1,0,1,1,,http://www.accessdata.fda.gov/drugsatfda_docs/anda/pre96/085239_estrone_toc.html,,,,,,https://www.accessdata.fda.gov/scripts/cder/daf/index.cfm?event=overview.process&varApplNo=085239,https://api.fda.gov/drug/drugsfda.json?search=application_number:%22ANDA085239%22,data/raw/drugsatfda_data_files_2026_09/Submissions_1965_1979.txt,10394,eb7003d97b6b24023b5fde542a5ba7ca4292259d9f323a1530d387a6e0091311,"Verified row, out of scope for NME counts (abbreviated new drug application)",v23 2026-09-20: row read verbatim from the committed official Drugs@FDA Submissions extract (1965-1979 window) at the cited line number; the file re-hashes to the runner manifest SHA-256. Abbreviated new drug application: outside the NDA/BLA novel-approval basis and therefore never counted toward an official NME or NDA total. Published here so the year's complete original-approval population is auditable.
PRE1980ACT-1977-148,1977,085252,ANDA085252,ANDA_ORIGINAL_EXCLUDED,1977-02-15,ORIG,1,AP,,,,,FALSE,ABC HOLDING,MECLIZINE HYDROCHLORIDE,MECLIZINE HYDROCHLORIDE,25MG,TABLET;ORAL,1,,FALSE,0,0,0,0,0,0,0,,,,,,,,https://www.accessdata.fda.gov/scripts/cder/daf/index.cfm?event=overview.process&varApplNo=085252,https://api.fda.gov/drug/drugsfda.json?search=application_number:%22ANDA085252%22,data/raw/drugsatfda_data_files_2026_09/Submissions_1965_1979.txt,10395,eb7003d97b6b24023b5fde542a5ba7ca4292259d9f323a1530d387a6e0091311,"Verified row, out of scope for NME counts (abbreviated new drug application)",v23 2026-09-20: row read verbatim from the committed official Drugs@FDA Submissions extract (1965-1979 window) at the cited line number; the file re-hashes to the runner manifest SHA-256. Abbreviated new drug application: outside the NDA/BLA novel-approval basis and therefore never counted toward an official NME or NDA total. Published here so the year's complete original-approval population is auditable.
PRE1980ACT-1977-149,1977,085253,ANDA085253,ANDA_ORIGINAL_EXCLUDED,1977-02-07,ORIG,1,AP,,,,,FALSE,ABC HOLDING,MECLIZINE HYDROCHLORIDE,MECLIZINE HYDROCHLORIDE,12.5MG,TABLET;ORAL,1,,FALSE,0,0,0,0,0,0,0,,,,,,,,https://www.accessdata.fda.gov/scripts/cder/daf/index.cfm?event=overview.process&varApplNo=085253,https://api.fda.gov/drug/drugsfda.json?search=application_number:%22ANDA085253%22,data/raw/drugsatfda_data_files_2026_09/Submissions_1965_1979.txt,10396,eb7003d97b6b24023b5fde542a5ba7ca4292259d9f323a1530d387a6e0091311,"Verified row, out of scope for NME counts (abbreviated new drug application)",v23 2026-09-20: row read verbatim from the committed official Drugs@FDA Submissions extract (1965-1979 window) at the cited line number; the file re-hashes to the runner manifest SHA-256. Abbreviated new drug application: outside the NDA/BLA novel-approval basis and therefore never counted toward an official NME or NDA total. Published here so the year's complete original-approval population is auditable.
PRE1980ACT-1979-106,1979,085263,ANDA085263,ANDA_ORIGINAL_EXCLUDED,1979-07-13,ORIG,1,AP,,,,,FALSE,KV PHARM,THEOPHYLLINE,THEOPHYLLINE,100MG,CAPSULE;ORAL,2,,FALSE,0,0,0,0,0,0,0,,,,,,,,https://www.accessdata.fda.gov/scripts/cder/daf/index.cfm?event=overview.process&varApplNo=085263,https://api.fda.gov/drug/drugsfda.json?search=application_number:%22ANDA085263%22,data/raw/drugsatfda_data_files_2026_09/Submissions_1965_1979.txt,10399,eb7003d97b6b24023b5fde542a5ba7ca4292259d9f323a1530d387a6e0091311,"Verified row, out of scope for NME counts (abbreviated new drug application)",v23 2026-09-20: row read verbatim from the committed official Drugs@FDA Submissions extract (1965-1979 window) at the cited line number; the file re-hashes to the runner manifest SHA-256. Abbreviated new drug application: outside the NDA/BLA novel-approval basis and therefore never counted toward an official NME or NDA total. Published here so the year's complete original-approval population is auditable.
PRE1980ACT-1977-150,1977,085266,ANDA085266,ANDA_ORIGINAL_EXCLUDED,1977-04-18,ORIG,1,AP,,,,,FALSE,MD PHARM,DI-ATRO,ATROPINE SULFATE; DIPHENOXYLATE HYDROCHLORIDE,0.025MG;2.5MG,TABLET;ORAL,1,,FALSE,0,0,0,0,0,0,0,,,,,,,,https://www.accessdata.fda.gov/scripts/cder/daf/index.cfm?event=overview.process&varApplNo=085266,https://api.fda.gov/drug/drugsfda.json?search=application_number:%22ANDA085266%22,data/raw/drugsatfda_data_files_2026_09/Submissions_1965_1979.txt,10400,eb7003d97b6b24023b5fde542a5ba7ca4292259d9f323a1530d387a6e0091311,"Verified row, out of scope for NME counts (abbreviated new drug application)",v23 2026-09-20: row read verbatim from the committed official Drugs@FDA Submissions extract (1965-1979 window) at the cited line number; the file re-hashes to the runner manifest SHA-256. Abbreviated new drug application: outside the NDA/BLA novel-approval basis and therefore never counted toward an official NME or NDA total. Published here so the year's complete original-approval population is auditable.
PRE1980ACT-1978-129,1978,085282,ANDA085282,ANDA_ORIGINAL_EXCLUDED,1978-06-05,ORIG,1,AP,,,,,FALSE,MERICON,HYDROCORTISONE,HYDROCORTISONE,0.5%,LOTION;TOPICAL,2,,FALSE,0,0,0,0,0,0,0,,,,,,,,https://www.accessdata.fda.gov/scripts/cder/daf/index.cfm?event=overview.process&varApplNo=085282,https://api.fda.gov/drug/drugsfda.json?search=application_number:%22ANDA085282%22,data/raw/drugsatfda_data_files_2026_09/Submissions_1965_1979.txt,10403,eb7003d97b6b24023b5fde542a5ba7ca4292259d9f323a1530d387a6e0091311,"Verified row, out of scope for NME counts (abbreviated new drug application)",v23 2026-09-20: row read verbatim from the committed official Drugs@FDA Submissions extract (1965-1979 window) at the cited line number; the file re-hashes to the runner manifest SHA-256. Abbreviated new drug application: outside the NDA/BLA novel-approval basis and therefore never counted toward an official NME or NDA total. Published here so the year's complete original-approval population is auditable.
PRE1980ACT-1977-151,1977,085288,ANDA085288,ANDA_ORIGINAL_EXCLUDED,1977-08-23,ORIG,1,AP,,,,,FALSE,KV PHARM,ACETAMINOPHEN AND CODEINE PHOSPHATE,ACETAMINOPHEN; CODEINE PHOSPHATE,300MG;30MG,TABLET;ORAL,1,,FALSE,0,0,0,0,0,0,0,,,,,,,,https://www.accessdata.fda.gov/scripts/cder/daf/index.cfm?event=overview.process&varApplNo=085288,https://api.fda.gov/drug/drugsfda.json?search=application_number:%22ANDA085288%22,data/raw/drugsatfda_data_files_2026_09/Submissions_1965_1979.txt,10406,eb7003d97b6b24023b5fde542a5ba7ca4292259d9f323a1530d387a6e0091311,"Verified row, out of scope for NME counts (abbreviated new drug application)",v23 2026-09-20: row read verbatim from the committed official Drugs@FDA Submissions extract (1965-1979 window) at the cited line number; the file re-hashes to the runner manifest SHA-256. Abbreviated new drug application: outside the NDA/BLA novel-approval basis and therefore never counted toward an official NME or NDA total. Published here so the year's complete original-approval population is auditable.
PRE1980ACT-1977-152,1977,085291,ANDA085291,ANDA_ORIGINAL_EXCLUDED,1977-02-10,ORIG,1,AP,,,,,FALSE,SANDOZ,ACETAMINOPHEN AND CODEINE PHOSPHATE,ACETAMINOPHEN; CODEINE PHOSPHATE,300MG;30MG,TABLET;ORAL,1,,FALSE,0,0,0,0,0,0,0,,,,,,,,https://www.accessdata.fda.gov/scripts/cder/daf/index.cfm?event=overview.process&varApplNo=085291,https://api.fda.gov/drug/drugsfda.json?search=application_number:%22ANDA085291%22,data/raw/drugsatfda_data_files_2026_09/Submissions_1965_1979.txt,10408,eb7003d97b6b24023b5fde542a5ba7ca4292259d9f323a1530d387a6e0091311,"Verified row, out of scope for NME counts (abbreviated new drug application)",v23 2026-09-20: row read verbatim from the committed official Drugs@FDA Submissions extract (1965-1979 window) at the cited line number; the file re-hashes to the runner manifest SHA-256. Abbreviated new drug application: outside the NDA/BLA novel-approval basis and therefore never counted toward an official NME or NDA total. Published here so the year's complete original-approval population is auditable.
PRE1980ACT-1977-153,1977,085294,ANDA085294,ANDA_ORIGINAL_EXCLUDED,1977-04-06,ORIG,1,AP,,,,,FALSE,WEST WARD,CHLORDIAZEPOXIDE HYDROCHLORIDE,CHLORDIAZEPOXIDE HYDROCHLORIDE,25MG,CAPSULE;ORAL,1,,FALSE,0,0,0,0,0,0,0,,,,,,,,https://www.accessdata.fda.gov/scripts/cder/daf/index.cfm?event=overview.process&varApplNo=085294,https://api.fda.gov/drug/drugsfda.json?search=application_number:%22ANDA085294%22,data/raw/drugsatfda_data_files_2026_09/Submissions_1965_1979.txt,10409,eb7003d97b6b24023b5fde542a5ba7ca4292259d9f323a1530d387a6e0091311,"Verified row, out of scope for NME counts (abbreviated new drug application)",v23 2026-09-20: row read verbatim from the committed official Drugs@FDA Submissions extract (1965-1979 window) at the cited line number; the file re-hashes to the runner manifest SHA-256. Abbreviated new drug application: outside the NDA/BLA novel-approval basis and therefore never counted toward an official NME or NDA total. Published here so the year's complete original-approval population is auditable.
PRE1980ACT-1977-154,1977,085311,ANDA085311,ANDA_ORIGINAL_EXCLUDED,1977-06-07,ORIG,1,AP,,,,,FALSE,FOSUN PHARMA,LONOX,ATROPINE SULFATE; DIPHENOXYLATE HYDROCHLORIDE,0.025MG;2.5MG,TABLET;ORAL,1,,FALSE,0,0,0,0,0,0,0,,,,,,,,https://www.accessdata.fda.gov/scripts/cder/daf/index.cfm?event=overview.process&varApplNo=085311,https://api.fda.gov/drug/drugsfda.json?search=application_number:%22ANDA085311%22,data/raw/drugsatfda_data_files_2026_09/Submissions_1965_1979.txt,10411,eb7003d97b6b24023b5fde542a5ba7ca4292259d9f323a1530d387a6e0091311,"Verified row, out of scope for NME counts (abbreviated new drug application)",v23 2026-09-20: row read verbatim from the committed official Drugs@FDA Submissions extract (1965-1979 window) at the cited line number; the file re-hashes to the runner manifest SHA-256. Abbreviated new drug application: outside the NDA/BLA novel-approval basis and therefore never counted toward an official NME or NDA total. Published here so the year's complete original-approval population is auditable.
PRE1980ACT-1978-130,1978,085316,,KIND_UNRESOLVED,1978-07-10,ORIG,1,AP,,,,,FALSE,,,,,,0,,FALSE,0,0,0,0,0,0,0,,,,,,FULldb-1978-UNRES15,,https://www.accessdata.fda.gov/scripts/cder/daf/index.cfm?event=overview.process&varApplNo=085316,,data/raw/drugsatfda_data_files_2026_09/Submissions_1965_1979.txt,10412,eb7003d97b6b24023b5fde542a5ba7ca4292259d9f323a1530d387a6e0091311,"Verified row, application type not published (KIND_UNRESOLVED) - review candidate only","v23 2026-09-20: row read verbatim from the committed official Drugs@FDA Submissions extract (1965-1979 window) at the cited line number; the file re-hashes to the runner manifest SHA-256. ApplNo is absent from the unfiltered Applications table, so no NDA/ANDA/BLA type can be asserted; the openFDA payloads do not carry it either. This is a review candidate, never an approval row in the NME decision table. Cross-check record FULldb-1978-UNRES15."
PRE1980ACT-1977-155,1977,085318,ANDA085318,ANDA_ORIGINAL_EXCLUDED,1977-01-18,ORIG,1,AP,,,,,FALSE,CHARTWELL RX,CAM-METRAZINE,PHENDIMETRAZINE TARTRATE,35MG,TABLET;ORAL,1,,FALSE,0,0,0,0,0,0,0,,,,,,,,https://www.accessdata.fda.gov/scripts/cder/daf/index.cfm?event=overview.process&varApplNo=085318,https://api.fda.gov/drug/drugsfda.json?search=application_number:%22ANDA085318%22,data/raw/drugsatfda_data_files_2026_09/Submissions_1965_1979.txt,10413,eb7003d97b6b24023b5fde542a5ba7ca4292259d9f323a1530d387a6e0091311,"Verified row, out of scope for NME counts (abbreviated new drug application)",v23 2026-09-20: row read verbatim from the committed official Drugs@FDA Submissions extract (1965-1979 window) at the cited line number; the file re-hashes to the runner manifest SHA-256. Abbreviated new drug application: outside the NDA/BLA novel-approval basis and therefore never counted toward an official NME or NDA total. Published here so the year's complete original-approval population is auditable.
PRE1980ACT-1977-156,1977,085319,ANDA085319,ANDA_ORIGINAL_EXCLUDED,1977-03-14,ORIG,1,AP,,,,,FALSE,CHARTWELL RX,PHENTERMINE HYDROCHLORIDE,PHENTERMINE HYDROCHLORIDE,8MG,TABLET;ORAL,1,,FALSE,0,0,0,0,0,0,0,,,,,,,,https://www.accessdata.fda.gov/scripts/cder/daf/index.cfm?event=overview.process&varApplNo=085319,https://api.fda.gov/drug/drugsfda.json?search=application_number:%22ANDA085319%22,data/raw/drugsatfda_data_files_2026_09/Submissions_1965_1979.txt,10414,eb7003d97b6b24023b5fde542a5ba7ca4292259d9f323a1530d387a6e0091311,"Verified row, out of scope for NME counts (abbreviated new drug application)",v23 2026-09-20: row read verbatim from the committed official Drugs@FDA Submissions extract (1965-1979 window) at the cited line number; the file re-hashes to the runner manifest SHA-256. Abbreviated new drug application: outside the NDA/BLA novel-approval basis and therefore never counted toward an official NME or NDA total. Published here so the year's complete original-approval population is auditable.
PRE1980ACT-1977-157,1977,085320,ANDA085320,ANDA_ORIGINAL_EXCLUDED,1977-01-18,ORIG,1,AP,,,,,FALSE,CHARTWELL RX,CAM-METRAZINE,PHENDIMETRAZINE TARTRATE,35MG,TABLET;ORAL,1,,FALSE,0,0,0,0,0,0,0,,,,,,,,https://www.accessdata.fda.gov/scripts/cder/daf/index.cfm?event=overview.process&varApplNo=085320,https://api.fda.gov/drug/drugsfda.json?search=application_number:%22ANDA085320%22,data/raw/drugsatfda_data_files_2026_09/Submissions_1965_1979.txt,10415,eb7003d97b6b24023b5fde542a5ba7ca4292259d9f323a1530d387a6e0091311,"Verified row, out of scope for NME counts (abbreviated new drug application)",v23 2026-09-20: row read verbatim from the committed official Drugs@FDA Submissions extract (1965-1979 window) at the cited line number; the file re-hashes to the runner manifest SHA-256. Abbreviated new drug application: outside the NDA/BLA novel-approval basis and therefore never counted toward an official NME or NDA total. Published here so the year's complete original-approval population is auditable.
PRE1980ACT-1977-158,1977,085321,ANDA085321,ANDA_ORIGINAL_EXCLUDED,1977-01-18,ORIG,1,AP,,,,,FALSE,CHARTWELL RX,CAM-METRAZINE,PHENDIMETRAZINE TARTRATE,35MG,TABLET;ORAL,1,,FALSE,0,0,0,0,0,0,0,,,,,,,,https://www.accessdata.fda.gov/scripts/cder/daf/index.cfm?event=overview.process&varApplNo=085321,https://api.fda.gov/drug/drugsfda.json?search=application_number:%22ANDA085321%22,data/raw/drugsatfda_data_files_2026_09/Submissions_1965_1979.txt,10416,eb7003d97b6b24023b5fde542a5ba7ca4292259d9f323a1530d387a6e0091311,"Verified row, out of scope for NME counts (abbreviated new drug application)",v23 2026-09-20: row read verbatim from the committed official Drugs@FDA Submissions extract (1965-1979 window) at the cited line number; the file re-hashes to the runner manifest SHA-256. Abbreviated new drug application: outside the NDA/BLA novel-approval basis and therefore never counted toward an official NME or NDA total. Published here so the year's complete original-approval population is auditable.
PRE1980ACT-1977-159,1977,085323,ANDA085323,ANDA_ORIGINAL_EXCLUDED,1977-06-01,ORIG,1,AP,,,,,FALSE,SOLVAY,HYDROCHLOROTHIAZIDE,HYDROCHLOROTHIAZIDE,25MG,TABLET;ORAL,1,,FALSE,0,0,0,0,0,0,0,,,,,,,,https://www.accessdata.fda.gov/scripts/cder/daf/index.cfm?event=overview.process&varApplNo=085323,https://api.fda.gov/drug/drugsfda.json?search=application_number:%22ANDA085323%22,data/raw/drugsatfda_data_files_2026_09/Submissions_1965_1979.txt,10417,eb7003d97b6b24023b5fde542a5ba7ca4292259d9f323a1530d387a6e0091311,"Verified row, out of scope for NME counts (abbreviated new drug application)",v23 2026-09-20: row read verbatim from the committed official Drugs@FDA Submissions extract (1965-1979 window) at the cited line number; the file re-hashes to the runner manifest SHA-256. Abbreviated new drug application: outside the NDA/BLA novel-approval basis and therefore never counted toward an official NME or NDA total. Published here so the year's complete original-approval population is auditable.
PRE1980ACT-1979-107,1979,085328,ANDA085328,ANDA_ORIGINAL_EXCLUDED,1979-04-12,ORIG,1,AP,,,,,FALSE,SCHERING,THEO-DUR,THEOPHYLLINE,100MG **Federal Register determination that product was not discontinued or withdrawn for safety or effectiveness reasons**,"TABLET, EXTENDED RELEASE;ORAL",2,,TRUE,2,0,0,0,0,0,0,,,,,,,,https://www.accessdata.fda.gov/scripts/cder/daf/index.cfm?event=overview.process&varApplNo=085328,https://api.fda.gov/drug/drugsfda.json?search=application_number:%22ANDA085328%22,data/raw/drugsatfda_data_files_2026_09/Submissions_1965_1979.txt,10418,eb7003d97b6b24023b5fde542a5ba7ca4292259d9f323a1530d387a6e0091311,"Verified row, out of scope for NME counts (abbreviated new drug application)",v23 2026-09-20: row read verbatim from the committed official Drugs@FDA Submissions extract (1965-1979 window) at the cited line number; the file re-hashes to the runner manifest SHA-256. Abbreviated new drug application: outside the NDA/BLA novel-approval basis and therefore never counted toward an official NME or NDA total. Published here so the year's complete original-approval population is auditable.
PRE1980ACT-1978-131,1978,085338,ANDA085338,ANDA_ORIGINAL_EXCLUDED,1978-04-10,ORIG,1,AP,,,,,FALSE,WHITEWORTH TOWN PLSN,H.R.-50,HYDROCHLOROTHIAZIDE; RESERPINE,50MG;0.125MG,TABLET;ORAL,1,,FALSE,0,0,0,0,0,0,0,,,,,,,,https://www.accessdata.fda.gov/scripts/cder/daf/index.cfm?event=overview.process&varApplNo=085338,https://api.fda.gov/drug/drugsfda.json?search=application_number:%22ANDA085338%22,data/raw/drugsatfda_data_files_2026_09/Submissions_1965_1979.txt,10419,eb7003d97b6b24023b5fde542a5ba7ca4292259d9f323a1530d387a6e0091311,"Verified row, out of scope for NME counts (abbreviated new drug application)",v23 2026-09-20: row read verbatim from the committed official Drugs@FDA Submissions extract (1965-1979 window) at the cited line number; the file re-hashes to the runner manifest SHA-256. Abbreviated new drug application: outside the NDA/BLA novel-approval basis and therefore never counted toward an official NME or NDA total. Published here so the year's complete original-approval population is auditable.
PRE1980ACT-1978-132,1978,085341,,KIND_UNRESOLVED,1978-09-08,ORIG,1,AP,,,,,FALSE,,,,,,0,,FALSE,0,0,0,0,0,0,0,,,,,,FULldb-1978-UNRES18,,https://www.accessdata.fda.gov/scripts/cder/daf/index.cfm?event=overview.process&varApplNo=085341,,data/raw/drugsatfda_data_files_2026_09/Submissions_1965_1979.txt,10420,eb7003d97b6b24023b5fde542a5ba7ca4292259d9f323a1530d387a6e0091311,"Verified row, application type not published (KIND_UNRESOLVED) - review candidate only","v23 2026-09-20: row read verbatim from the committed official Drugs@FDA Submissions extract (1965-1979 window) at the cited line number; the file re-hashes to the runner manifest SHA-256. ApplNo is absent from the unfiltered Applications table, so no NDA/ANDA/BLA type can be asserted; the openFDA payloads do not carry it either. This is a review candidate, never an approval row in the NME decision table. Cross-check record FULldb-1978-UNRES18."
PRE1980ACT-1978-133,1978,085345,,KIND_UNRESOLVED,1978-09-08,ORIG,1,AP,,,,,FALSE,,,,,,0,,FALSE,0,0,0,0,0,0,0,,,,,,FULldb-1978-UNRES19,,https://www.accessdata.fda.gov/scripts/cder/daf/index.cfm?event=overview.process&varApplNo=085345,,data/raw/drugsatfda_data_files_2026_09/Submissions_1965_1979.txt,10421,eb7003d97b6b24023b5fde542a5ba7ca4292259d9f323a1530d387a6e0091311,"Verified row, application type not published (KIND_UNRESOLVED) - review candidate only","v23 2026-09-20: row read verbatim from the committed official Drugs@FDA Submissions extract (1965-1979 window) at the cited line number; the file re-hashes to the runner manifest SHA-256. ApplNo is absent from the unfiltered Applications table, so no NDA/ANDA/BLA type can be asserted; the openFDA payloads do not carry it either. This is a review candidate, never an approval row in the NME decision table. Cross-check record FULldb-1978-UNRES19."
PRE1980ACT-1978-134,1978,085347,ANDA085347,ANDA_ORIGINAL_EXCLUDED,1978-01-26,ORIG,1,AP,,,,,FALSE,WHITEWORTH TOWN PLSN,HYDROCHLOROTHIAZIDE,HYDROCHLOROTHIAZIDE,100MG,TABLET;ORAL,1,,FALSE,0,0,0,0,0,0,0,,,,,,,,https://www.accessdata.fda.gov/scripts/cder/daf/index.cfm?event=overview.process&varApplNo=085347,https://api.fda.gov/drug/drugsfda.json?search=application_number:%22ANDA085347%22,data/raw/drugsatfda_data_files_2026_09/Submissions_1965_1979.txt,10422,eb7003d97b6b24023b5fde542a5ba7ca4292259d9f323a1530d387a6e0091311,"Verified row, out of scope for NME counts (abbreviated new drug application)",v23 2026-09-20: row read verbatim from the committed official Drugs@FDA Submissions extract (1965-1979 window) at the cited line number; the file re-hashes to the runner manifest SHA-256. Abbreviated new drug application: outside the NDA/BLA novel-approval basis and therefore never counted toward an official NME or NDA total. Published here so the year's complete original-approval population is auditable.
PRE1980ACT-1979-108,1979,085362,ANDA085362,ANDA_ORIGINAL_EXCLUDED,1979-11-15,ORIG,1,AP,,,,,FALSE,HOSPIRA,NOVOCAIN,PROCAINE HYDROCHLORIDE,1%,INJECTABLE;INJECTION,2,,FALSE,0,0,0,0,0,0,0,,,,,,,,https://www.accessdata.fda.gov/scripts/cder/daf/index.cfm?event=overview.process&varApplNo=085362,https://api.fda.gov/drug/drugsfda.json?search=application_number:%22ANDA085362%22,data/raw/drugsatfda_data_files_2026_09/Submissions_1965_1979.txt,10423,eb7003d97b6b24023b5fde542a5ba7ca4292259d9f323a1530d387a6e0091311,"Verified row, out of scope for NME counts (abbreviated new drug application)",v23 2026-09-20: row read verbatim from the committed official Drugs@FDA Submissions extract (1965-1979 window) at the cited line number; the file re-hashes to the runner manifest SHA-256. Abbreviated new drug application: outside the NDA/BLA novel-approval basis and therefore never counted toward an official NME or NDA total. Published here so the year's complete original-approval population is auditable.
PRE1980ACT-1977-160,1977,085363,ANDA085363,ANDA_ORIGINAL_EXCLUDED,1977-08-23,ORIG,1,AP,,,,,FALSE,KV PHARM,ACETAMINOPHEN AND CODEINE PHOSPHATE,ACETAMINOPHEN; CODEINE PHOSPHATE,325MG;45MG **Federal Register determination that product was not discontinued or withdrawn for safety or effectiveness reasons**,TABLET;ORAL,1,,TRUE,1,0,0,0,0,0,0,,,,,,,,https://www.accessdata.fda.gov/scripts/cder/daf/index.cfm?event=overview.process&varApplNo=085363,https://api.fda.gov/drug/drugsfda.json?search=application_number:%22ANDA085363%22,data/raw/drugsatfda_data_files_2026_09/Submissions_1965_1979.txt,10424,eb7003d97b6b24023b5fde542a5ba7ca4292259d9f323a1530d387a6e0091311,"Verified row, out of scope for NME counts (abbreviated new drug application)",v23 2026-09-20: row read verbatim from the committed official Drugs@FDA Submissions extract (1965-1979 window) at the cited line number; the file re-hashes to the runner manifest SHA-256. Abbreviated new drug application: outside the NDA/BLA novel-approval basis and therefore never counted toward an official NME or NDA total. Published here so the year's complete original-approval population is auditable.
PRE1980ACT-1977-161,1977,085364,ANDA085364,ANDA_ORIGINAL_EXCLUDED,1977-08-23,ORIG,1,AP,,,,,FALSE,KV PHARM,ACETAMINOPHEN AND CODEINE PHOSPHATE,ACETAMINOPHEN; CODEINE PHOSPHATE,325MG;15MG,TABLET;ORAL,1,,FALSE,0,0,0,0,0,0,0,,,,,,,,https://www.accessdata.fda.gov/scripts/cder/daf/index.cfm?event=overview.process&varApplNo=085364,https://api.fda.gov/drug/drugsfda.json?search=application_number:%22ANDA085364%22,data/raw/drugsatfda_data_files_2026_09/Submissions_1965_1979.txt,10425,eb7003d97b6b24023b5fde542a5ba7ca4292259d9f323a1530d387a6e0091311,"Verified row, out of scope for NME counts (abbreviated new drug application)",v23 2026-09-20: row read verbatim from the committed official Drugs@FDA Submissions extract (1965-1979 window) at the cited line number; the file re-hashes to the runner manifest SHA-256. Abbreviated new drug application: outside the NDA/BLA novel-approval basis and therefore never counted toward an official NME or NDA total. Published here so the year's complete original-approval population is auditable.
PRE1980ACT-1977-162,1977,085365,ANDA085365,ANDA_ORIGINAL_EXCLUDED,1977-08-23,ORIG,1,AP,,,,,FALSE,KV PHARM,ACETAMINOPHEN AND CODEINE PHOSPHATE,ACETAMINOPHEN; CODEINE PHOSPHATE,300MG;60MG,TABLET;ORAL,1,,FALSE,0,0,0,0,0,0,0,,,,,,,,https://www.accessdata.fda.gov/scripts/cder/daf/index.cfm?event=overview.process&varApplNo=085365,https://api.fda.gov/drug/drugsfda.json?search=application_number:%22ANDA085365%22,data/raw/drugsatfda_data_files_2026_09/Submissions_1965_1979.txt,10426,eb7003d97b6b24023b5fde542a5ba7ca4292259d9f323a1530d387a6e0091311,"Verified row, out of scope for NME counts (abbreviated new drug application)",v23 2026-09-20: row read verbatim from the committed official Drugs@FDA Submissions extract (1965-1979 window) at the cited line number; the file re-hashes to the runner manifest SHA-256. Abbreviated new drug application: outside the NDA/BLA novel-approval basis and therefore never counted toward an official NME or NDA total. Published here so the year's complete original-approval population is auditable.
PRE1980ACT-1977-163,1977,085368,ANDA085368,ANDA_ORIGINAL_EXCLUDED,1977-01-07,ORIG,1,AP,,,,,FALSE,LEGACY,PRAMOSONE,HYDROCORTISONE ACETATE; PRAMOXINE HYDROCHLORIDE,1%;1%,CREAM;TOPICAL,1,,FALSE,0,0,0,0,0,0,0,,,,,,,,https://www.accessdata.fda.gov/scripts/cder/daf/index.cfm?event=overview.process&varApplNo=085368,https://api.fda.gov/drug/drugsfda.json?search=application_number:%22ANDA085368%22,data/raw/drugsatfda_data_files_2026_09/Submissions_1965_1979.txt,10427,eb7003d97b6b24023b5fde542a5ba7ca4292259d9f323a1530d387a6e0091311,"Verified row, out of scope for NME counts (abbreviated new drug application)",v23 2026-09-20: row read verbatim from the committed official Drugs@FDA Submissions extract (1965-1979 window) at the cited line number; the file re-hashes to the runner manifest SHA-256. Abbreviated new drug application: outside the NDA/BLA novel-approval basis and therefore never counted toward an official NME or NDA total. Published here so the year's complete original-approval population is auditable.
PRE1980ACT-1978-135,1978,085372,ANDA085372,ANDA_ORIGINAL_EXCLUDED,1978-02-21,ORIG,1,AP,,,,,FALSE,LANNETT,DIPHENOXYLATE HYDROCHLORIDE AND ATROPINE SULFATE,ATROPINE SULFATE; DIPHENOXYLATE HYDROCHLORIDE,0.025MG;2.5MG,TABLET;ORAL,1,,FALSE,0,0,0,0,0,0,0,,,,,,,,https://www.accessdata.fda.gov/scripts/cder/daf/index.cfm?event=overview.process&varApplNo=085372,https://api.fda.gov/drug/drugsfda.json?search=application_number:%22ANDA085372%22,data/raw/drugsatfda_data_files_2026_09/Submissions_1965_1979.txt,10428,eb7003d97b6b24023b5fde542a5ba7ca4292259d9f323a1530d387a6e0091311,"Verified row, out of scope for NME counts (abbreviated new drug application)",v23 2026-09-20: row read verbatim from the committed official Drugs@FDA Submissions extract (1965-1979 window) at the cited line number; the file re-hashes to the runner manifest SHA-256. Abbreviated new drug application: outside the NDA/BLA novel-approval basis and therefore never counted toward an official NME or NDA total. Published here so the year's complete original-approval population is auditable.
PRE1980ACT-1977-164,1977,085378,,KIND_UNRESOLVED,1977-07-25,ORIG,1,AP,,,,,FALSE,,,,,,0,,FALSE,0,0,0,0,0,0,0,,,,,,FULldb-1977-UNRES14,,https://www.accessdata.fda.gov/scripts/cder/daf/index.cfm?event=overview.process&varApplNo=085378,,data/raw/drugsatfda_data_files_2026_09/Submissions_1965_1979.txt,10429,eb7003d97b6b24023b5fde542a5ba7ca4292259d9f323a1530d387a6e0091311,"Verified row, application type not published (KIND_UNRESOLVED) - review candidate only","v23 2026-09-20: row read verbatim from the committed official Drugs@FDA Submissions extract (1965-1979 window) at the cited line number; the file re-hashes to the runner manifest SHA-256. ApplNo is absent from the unfiltered Applications table, so no NDA/ANDA/BLA type can be asserted; the openFDA payloads do not carry it either. This is a review candidate, never an approval row in the NME decision table. Cross-check record FULldb-1977-UNRES14."
PRE1980ACT-1978-136,1978,085380,ANDA085380,ANDA_ORIGINAL_EXCLUDED,1978-04-10,ORIG,1,AP,,,,,FALSE,MEDA PHARMS,BUTISOL SODIUM,BUTABARBITAL SODIUM,30MG/5ML,ELIXIR;ORAL,1,,FALSE,0,0,0,1,0,0,0,,,,,,,,https://www.accessdata.fda.gov/scripts/cder/daf/index.cfm?event=overview.process&varApplNo=085380,https://api.fda.gov/drug/drugsfda.json?search=application_number:%22ANDA085380%22,data/raw/drugsatfda_data_files_2026_09/Submissions_1965_1979.txt,10430,eb7003d97b6b24023b5fde542a5ba7ca4292259d9f323a1530d387a6e0091311,"Verified row, out of scope for NME counts (abbreviated new drug application)",v23 2026-09-20: row read verbatim from the committed official Drugs@FDA Submissions extract (1965-1979 window) at the cited line number; the file re-hashes to the runner manifest SHA-256. Abbreviated new drug application: outside the NDA/BLA novel-approval basis and therefore never counted toward an official NME or NDA total. Published here so the year's complete original-approval population is auditable.
PRE1980ACT-1978-137,1978,085381,ANDA085381,ANDA_ORIGINAL_EXCLUDED,1978-04-11,ORIG,1,AP,,,,,FALSE,MEDPOINTE PHARM HLC,BUTICAPS,BUTABARBITAL SODIUM,15MG,CAPSULE;ORAL,4,,FALSE,0,0,0,0,0,0,0,,,,,,,,https://www.accessdata.fda.gov/scripts/cder/daf/index.cfm?event=overview.process&varApplNo=085381,https://api.fda.gov/drug/drugsfda.json?search=application_number:%22ANDA085381%22,data/raw/drugsatfda_data_files_2026_09/Submissions_1965_1979.txt,10431,eb7003d97b6b24023b5fde542a5ba7ca4292259d9f323a1530d387a6e0091311,"Verified row, out of scope for NME counts (abbreviated new drug application)",v23 2026-09-20: row read verbatim from the committed official Drugs@FDA Submissions extract (1965-1979 window) at the cited line number; the file re-hashes to the runner manifest SHA-256. Abbreviated new drug application: outside the NDA/BLA novel-approval basis and therefore never counted toward an official NME or NDA total. Published here so the year's complete original-approval population is auditable.
PRE1980ACT-1979-109,1979,085383,ANDA085383,ANDA_ORIGINAL_EXCLUDED,1979-02-26,ORIG,1,AP,,,,,FALSE,WOCKHARDT,BUTABARBITAL SODIUM,BUTABARBITAL SODIUM,30MG/5ML,ELIXIR;ORAL,1,,FALSE,0,0,0,0,0,0,0,,,,,,,,https://www.accessdata.fda.gov/scripts/cder/daf/index.cfm?event=overview.process&varApplNo=085383,https://api.fda.gov/drug/drugsfda.json?search=application_number:%22ANDA085383%22,data/raw/drugsatfda_data_files_2026_09/Submissions_1965_1979.txt,10432,eb7003d97b6b24023b5fde542a5ba7ca4292259d9f323a1530d387a6e0091311,"Verified row, out of scope for NME counts (abbreviated new drug application)",v23 2026-09-20: row read verbatim from the committed official Drugs@FDA Submissions extract (1965-1979 window) at the cited line number; the file re-hashes to the runner manifest SHA-256. Abbreviated new drug application: outside the NDA/BLA novel-approval basis and therefore never counted toward an official NME or NDA total. Published here so the year's complete original-approval population is auditable.
PRE1980ACT-1977-165,1977,085384,,KIND_UNRESOLVED,1977-08-19,ORIG,1,AP,,,,,FALSE,,,,,,0,,FALSE,0,0,0,0,0,0,0,,,,,,FULldb-1977-UNRES19,,https://www.accessdata.fda.gov/scripts/cder/daf/index.cfm?event=overview.process&varApplNo=085384,,data/raw/drugsatfda_data_files_2026_09/Submissions_1965_1979.txt,10433,eb7003d97b6b24023b5fde542a5ba7ca4292259d9f323a1530d387a6e0091311,"Verified row, application type not published (KIND_UNRESOLVED) - review candidate only","v23 2026-09-20: row read verbatim from the committed official Drugs@FDA Submissions extract (1965-1979 window) at the cited line number; the file re-hashes to the runner manifest SHA-256. ApplNo is absent from the unfiltered Applications table, so no NDA/ANDA/BLA type can be asserted; the openFDA payloads do not carry it either. This is a review candidate, never an approval row in the NME decision table. Cross-check record FULldb-1977-UNRES19."
PRE1980ACT-1977-166,1977,085385,ANDA085385,ANDA_ORIGINAL_EXCLUDED,1977-03-03,ORIG,1,AP,,,,,FALSE,KV PHARM,PROMETHAZINE HYDROCHLORIDE,PROMETHAZINE HYDROCHLORIDE,25MG/5ML,SYRUP;ORAL,1,,FALSE,0,0,0,0,0,0,0,,,,,,,,https://www.accessdata.fda.gov/scripts/cder/daf/index.cfm?event=overview.process&varApplNo=085385,https://api.fda.gov/drug/drugsfda.json?search=application_number:%22ANDA085385%22,data/raw/drugsatfda_data_files_2026_09/Submissions_1965_1979.txt,10434,eb7003d97b6b24023b5fde542a5ba7ca4292259d9f323a1530d387a6e0091311,"Verified row, out of scope for NME counts (abbreviated new drug application)",v23 2026-09-20: row read verbatim from the committed official Drugs@FDA Submissions extract (1965-1979 window) at the cited line number; the file re-hashes to the runner manifest SHA-256. Abbreviated new drug application: outside the NDA/BLA novel-approval basis and therefore never counted toward an official NME or NDA total. Published here so the year's complete original-approval population is auditable.
PRE1980ACT-1977-167,1977,085388,ANDA085388,ANDA_ORIGINAL_EXCLUDED,1977-05-16,ORIG,1,AP,,,,,FALSE,KV PHARM,PROMETHAZINE HYDROCHLORIDE,PROMETHAZINE HYDROCHLORIDE,6.25MG/5ML,SYRUP;ORAL,1,,FALSE,0,0,0,0,0,0,0,,,,,,,,https://www.accessdata.fda.gov/scripts/cder/daf/index.cfm?event=overview.process&varApplNo=085388,https://api.fda.gov/drug/drugsfda.json?search=application_number:%22ANDA085388%22,data/raw/drugsatfda_data_files_2026_09/Submissions_1965_1979.txt,10435,eb7003d97b6b24023b5fde542a5ba7ca4292259d9f323a1530d387a6e0091311,"Verified row, out of scope for NME counts (abbreviated new drug application)",v23 2026-09-20: row read verbatim from the committed official Drugs@FDA Submissions extract (1965-1979 window) at the cited line number; the file re-hashes to the runner manifest SHA-256. Abbreviated new drug application: outside the NDA/BLA novel-approval basis and therefore never counted toward an official NME or NDA total. Published here so the year's complete original-approval population is auditable.
PRE1980ACT-1977-168,1977,085401,ANDA085401,ANDA_ORIGINAL_EXCLUDED,1977-03-11,ORIG,1,AP,,,,,FALSE,WATSON LABS,RESERPINE,RESERPINE,0.25MG,TABLET;ORAL,1,,FALSE,0,0,0,0,0,0,0,,,,,,,,https://www.accessdata.fda.gov/scripts/cder/daf/index.cfm?event=overview.process&varApplNo=085401,https://api.fda.gov/drug/drugsfda.json?search=application_number:%22ANDA085401%22,data/raw/drugsatfda_data_files_2026_09/Submissions_1965_1979.txt,10437,eb7003d97b6b24023b5fde542a5ba7ca4292259d9f323a1530d387a6e0091311,"Verified row, out of scope for NME counts (abbreviated new drug application)",v23 2026-09-20: row read verbatim from the committed official Drugs@FDA Submissions extract (1965-1979 window) at the cited line number; the file re-hashes to the runner manifest SHA-256. Abbreviated new drug application: outside the NDA/BLA novel-approval basis and therefore never counted toward an official NME or NDA total. Published here so the year's complete original-approval population is auditable.
PRE1980ACT-1978-138,1978,085402,ANDA085402,ANDA_ORIGINAL_EXCLUDED,1978-05-19,ORIG,1,AP,,,,,FALSE,SANDOZ,PHENDIMETRAZINE TARTRATE,PHENDIMETRAZINE TARTRATE,35MG,TABLET;ORAL,1,,FALSE,0,0,0,0,0,0,0,,,,,,,,https://www.accessdata.fda.gov/scripts/cder/daf/index.cfm?event=overview.process&varApplNo=085402,https://api.fda.gov/drug/drugsfda.json?search=application_number:%22ANDA085402%22,data/raw/drugsatfda_data_files_2026_09/Submissions_1965_1979.txt,10438,eb7003d97b6b24023b5fde542a5ba7ca4292259d9f323a1530d387a6e0091311,"Verified row, out of scope for NME counts (abbreviated new drug application)",v23 2026-09-20: row read verbatim from the committed official Drugs@FDA Submissions extract (1965-1979 window) at the cited line number; the file re-hashes to the runner manifest SHA-256. Abbreviated new drug application: outside the NDA/BLA novel-approval basis and therefore never counted toward an official NME or NDA total. Published here so the year's complete original-approval population is auditable.
PRE1980ACT-1977-169,1977,085415,ANDA085415,ANDA_ORIGINAL_EXCLUDED,1977-03-14,ORIG,1,AP,,,,,FALSE,WATSON LABS,PREDNISOLONE,PREDNISOLONE,5MG,TABLET;ORAL,1,,FALSE,0,0,0,0,0,0,0,,,,,,,,https://www.accessdata.fda.gov/scripts/cder/daf/index.cfm?event=overview.process&varApplNo=085415,https://api.fda.gov/drug/drugsfda.json?search=application_number:%22ANDA085415%22,data/raw/drugsatfda_data_files_2026_09/Submissions_1965_1979.txt,10439,eb7003d97b6b24023b5fde542a5ba7ca4292259d9f323a1530d387a6e0091311,"Verified row, out of scope for NME counts (abbreviated new drug application)",v23 2026-09-20: row read verbatim from the committed official Drugs@FDA Submissions extract (1965-1979 window) at the cited line number; the file re-hashes to the runner manifest SHA-256. Abbreviated new drug application: outside the NDA/BLA novel-approval basis and therefore never counted toward an official NME or NDA total. Published here so the year's complete original-approval population is auditable.
PRE1980ACT-1977-170,1977,085416,ANDA085416,ANDA_ORIGINAL_EXCLUDED,1977-03-11,ORIG,1,AP,,,,,FALSE,WATSON LABS,PREDNISOLONE,PREDNISOLONE,5MG,TABLET;ORAL,1,,FALSE,0,0,0,0,0,0,0,,,,,,,,https://www.accessdata.fda.gov/scripts/cder/daf/index.cfm?event=overview.process&varApplNo=085416,https://api.fda.gov/drug/drugsfda.json?search=application_number:%22ANDA085416%22,data/raw/drugsatfda_data_files_2026_09/Submissions_1965_1979.txt,10440,eb7003d97b6b24023b5fde542a5ba7ca4292259d9f323a1530d387a6e0091311,"Verified row, out of scope for NME counts (abbreviated new drug application)",v23 2026-09-20: row read verbatim from the committed official Drugs@FDA Submissions extract (1965-1979 window) at the cited line number; the file re-hashes to the runner manifest SHA-256. Abbreviated new drug application: outside the NDA/BLA novel-approval basis and therefore never counted toward an official NME or NDA total. Published here so the year's complete original-approval population is auditable.
PRE1980ACT-1977-171,1977,085418,ANDA085418,ANDA_ORIGINAL_EXCLUDED,1977-08-15,ORIG,1,AP,,,,,FALSE,HIKMA,SODIUM BUTABARBITAL,BUTABARBITAL SODIUM,15MG,TABLET;ORAL,2,,FALSE,0,0,0,0,0,0,0,,,,,,,,https://www.accessdata.fda.gov/scripts/cder/daf/index.cfm?event=overview.process&varApplNo=085418,https://api.fda.gov/drug/drugsfda.json?search=application_number:%22ANDA085418%22,data/raw/drugsatfda_data_files_2026_09/Submissions_1965_1979.txt,10441,eb7003d97b6b24023b5fde542a5ba7ca4292259d9f323a1530d387a6e0091311,"Verified row, out of scope for NME counts (abbreviated new drug application)",v23 2026-09-20: row read verbatim from the committed official Drugs@FDA Submissions extract (1965-1979 window) at the cited line number; the file re-hashes to the runner manifest SHA-256. Abbreviated new drug application: outside the NDA/BLA novel-approval basis and therefore never counted toward an official NME or NDA total. Published here so the year's complete original-approval population is auditable.
PRE1980ACT-1977-172,1977,085420,ANDA085420,ANDA_ORIGINAL_EXCLUDED,1977-03-10,ORIG,1,AP,,,,,FALSE,PHARMERAL,HYDROCHLOROTHIAZIDE W/ RESERPINE,HYDROCHLOROTHIAZIDE; RESERPINE,50MG;0.125MG,TABLET;ORAL,1,,FALSE,0,0,0,0,0,0,0,,,,,,,,https://www.accessdata.fda.gov/scripts/cder/daf/index.cfm?event=overview.process&varApplNo=085420,https://api.fda.gov/drug/drugsfda.json?search=application_number:%22ANDA085420%22,data/raw/drugsatfda_data_files_2026_09/Submissions_1965_1979.txt,10442,eb7003d97b6b24023b5fde542a5ba7ca4292259d9f323a1530d387a6e0091311,"Verified row, out of scope for NME counts (abbreviated new drug application)",v23 2026-09-20: row read verbatim from the committed official Drugs@FDA Submissions extract (1965-1979 window) at the cited line number; the file re-hashes to the runner manifest SHA-256. Abbreviated new drug application: outside the NDA/BLA novel-approval basis and therefore never counted toward an official NME or NDA total. Published here so the year's complete original-approval population is auditable.
PRE1980ACT-1977-173,1977,085421,ANDA085421,ANDA_ORIGINAL_EXCLUDED,1977-03-17,ORIG,1,AP,,,,,FALSE,PHARMERAL,HYDROCHLOROTHIAZIDE W/ RESERPINE,HYDROCHLOROTHIAZIDE; RESERPINE,25MG;0.125MG,TABLET;ORAL,1,,FALSE,0,0,0,0,0,0,0,,,,,,,,https://www.accessdata.fda.gov/scripts/cder/daf/index.cfm?event=overview.process&varApplNo=085421,https://api.fda.gov/drug/drugsfda.json?search=application_number:%22ANDA085421%22,data/raw/drugsatfda_data_files_2026_09/Submissions_1965_1979.txt,10443,eb7003d97b6b24023b5fde542a5ba7ca4292259d9f323a1530d387a6e0091311,"Verified row, out of scope for NME counts (abbreviated new drug application)",v23 2026-09-20: row read verbatim from the committed official Drugs@FDA Submissions extract (1965-1979 window) at the cited line number; the file re-hashes to the runner manifest SHA-256. Abbreviated new drug application: outside the NDA/BLA novel-approval basis and therefore never counted toward an official NME or NDA total. Published here so the year's complete original-approval population is auditable.
PRE1980ACT-1977-174,1977,085432,ANDA085432,ANDA_ORIGINAL_EXCLUDED,1977-12-20,ORIG,1,AP,,,,,FALSE,HIKMA,SODIUM BUTABARBITAL,BUTABARBITAL SODIUM,30MG,TABLET;ORAL,1,,FALSE,0,0,0,0,0,0,0,,,,,,,,https://www.accessdata.fda.gov/scripts/cder/daf/index.cfm?event=overview.process&varApplNo=085432,https://api.fda.gov/drug/drugsfda.json?search=application_number:%22ANDA085432%22,data/raw/drugsatfda_data_files_2026_09/Submissions_1965_1979.txt,10444,eb7003d97b6b24023b5fde542a5ba7ca4292259d9f323a1530d387a6e0091311,"Verified row, out of scope for NME counts (abbreviated new drug application)",v23 2026-09-20: row read verbatim from the committed official Drugs@FDA Submissions extract (1965-1979 window) at the cited line number; the file re-hashes to the runner manifest SHA-256. Abbreviated new drug application: outside the NDA/BLA novel-approval basis and therefore never counted toward an official NME or NDA total. Published here so the year's complete original-approval population is auditable.
PRE1980ACT-1977-175,1977,085435,ANDA085435,ANDA_ORIGINAL_EXCLUDED,1977-04-15,ORIG,1,AP,,,,,FALSE,PHARMERAL,PHENYTOIN SODIUM,PHENYTOIN SODIUM,100MG PROMPT,CAPSULE;ORAL,1,,FALSE,0,0,0,0,0,0,0,,,,,,,,https://www.accessdata.fda.gov/scripts/cder/daf/index.cfm?event=overview.process&varApplNo=085435,https://api.fda.gov/drug/drugsfda.json?search=application_number:%22ANDA085435%22,data/raw/drugsatfda_data_files_2026_09/Submissions_1965_1979.txt,10445,eb7003d97b6b24023b5fde542a5ba7ca4292259d9f323a1530d387a6e0091311,"Verified row, out of scope for NME counts (abbreviated new drug application)",v23 2026-09-20: row read verbatim from the committed official Drugs@FDA Submissions extract (1965-1979 window) at the cited line number; the file re-hashes to the runner manifest SHA-256. Abbreviated new drug application: outside the NDA/BLA novel-approval basis and therefore never counted toward an official NME or NDA total. Published here so the year's complete original-approval population is auditable.
PRE1980ACT-1978-139,1978,085444,ANDA085444,ANDA_ORIGINAL_EXCLUDED,1978-07-13,ORIG,1,AP,,,,,FALSE,WHITEWORTH TOWN PLSN,QUINIDINE SULFATE,QUINIDINE SULFATE,200MG,TABLET;ORAL,1,,FALSE,0,0,0,0,0,0,0,,,,,,,,https://www.accessdata.fda.gov/scripts/cder/daf/index.cfm?event=overview.process&varApplNo=085444,https://api.fda.gov/drug/drugsfda.json?search=application_number:%22ANDA085444%22,data/raw/drugsatfda_data_files_2026_09/Submissions_1965_1979.txt,10446,eb7003d97b6b24023b5fde542a5ba7ca4292259d9f323a1530d387a6e0091311,"Verified row, out of scope for NME counts (abbreviated new drug application)",v23 2026-09-20: row read verbatim from the committed official Drugs@FDA Submissions extract (1965-1979 window) at the cited line number; the file re-hashes to the runner manifest SHA-256. Abbreviated new drug application: outside the NDA/BLA novel-approval basis and therefore never counted toward an official NME or NDA total. Published here so the year's complete original-approval population is auditable.
PRE1980ACT-1977-176,1977,085454,ANDA085454,ANDA_ORIGINAL_EXCLUDED,1977-08-03,ORIG,1,AP,,,,,FALSE,FERNDALE LABS,DELAXIN,METHOCARBAMOL,500MG,TABLET;ORAL,1,,FALSE,0,0,0,0,0,0,0,,,,,,,,https://www.accessdata.fda.gov/scripts/cder/daf/index.cfm?event=overview.process&varApplNo=085454,https://api.fda.gov/drug/drugsfda.json?search=application_number:%22ANDA085454%22,data/raw/drugsatfda_data_files_2026_09/Submissions_1965_1979.txt,10447,eb7003d97b6b24023b5fde542a5ba7ca4292259d9f323a1530d387a6e0091311,"Verified row, out of scope for NME counts (abbreviated new drug application)",v23 2026-09-20: row read verbatim from the committed official Drugs@FDA Submissions extract (1965-1979 window) at the cited line number; the file re-hashes to the runner manifest SHA-256. Abbreviated new drug application: outside the NDA/BLA novel-approval basis and therefore never counted toward an official NME or NDA total. Published here so the year's complete original-approval population is auditable.
PRE1980ACT-1977-177,1977,085455,ANDA085455,ANDA_ORIGINAL_EXCLUDED,1977-02-08,ORIG,1,AP,,,,,FALSE,WATSON LABS,DEXAMETHASONE,DEXAMETHASONE,0.25MG,TABLET;ORAL,1,,FALSE,0,0,0,0,0,0,0,,,,,,,,https://www.accessdata.fda.gov/scripts/cder/daf/index.cfm?event=overview.process&varApplNo=085455,https://api.fda.gov/drug/drugsfda.json?search=application_number:%22ANDA085455%22,data/raw/drugsatfda_data_files_2026_09/Submissions_1965_1979.txt,10448,eb7003d97b6b24023b5fde542a5ba7ca4292259d9f323a1530d387a6e0091311,"Verified row, out of scope for NME counts (abbreviated new drug application)",v23 2026-09-20: row read verbatim from the committed official Drugs@FDA Submissions extract (1965-1979 window) at the cited line number; the file re-hashes to the runner manifest SHA-256. Abbreviated new drug application: outside the NDA/BLA novel-approval basis and therefore never counted toward an official NME or NDA total. Published here so the year's complete original-approval population is auditable.
PRE1980ACT-1977-178,1977,085456,ANDA085456,ANDA_ORIGINAL_EXCLUDED,1977-02-08,ORIG,1,AP,,,,,FALSE,CHARTWELL RX,DEXAMETHASONE,DEXAMETHASONE,1.5MG,TABLET;ORAL,1,,FALSE,0,0,0,0,0,0,0,,,,,,,,https://www.accessdata.fda.gov/scripts/cder/daf/index.cfm?event=overview.process&varApplNo=085456,https://api.fda.gov/drug/drugsfda.json?search=application_number:%22ANDA085456%22,data/raw/drugsatfda_data_files_2026_09/Submissions_1965_1979.txt,10449,eb7003d97b6b24023b5fde542a5ba7ca4292259d9f323a1530d387a6e0091311,"Verified row, out of scope for NME counts (abbreviated new drug application)",v23 2026-09-20: row read verbatim from the committed official Drugs@FDA Submissions extract (1965-1979 window) at the cited line number; the file re-hashes to the runner manifest SHA-256. Abbreviated new drug application: outside the NDA/BLA novel-approval basis and therefore never counted toward an official NME or NDA total. Published here so the year's complete original-approval population is auditable.
PRE1980ACT-1977-179,1977,085458,ANDA085458,ANDA_ORIGINAL_EXCLUDED,1977-02-08,ORIG,1,AP,,,,,FALSE,WATSON LABS,DEXAMETHASONE,DEXAMETHASONE,0.5MG,TABLET;ORAL,1,,FALSE,0,0,0,0,0,0,0,,,,,,,,https://www.accessdata.fda.gov/scripts/cder/daf/index.cfm?event=overview.process&varApplNo=085458,https://api.fda.gov/drug/drugsfda.json?search=application_number:%22ANDA085458%22,data/raw/drugsatfda_data_files_2026_09/Submissions_1965_1979.txt,10450,eb7003d97b6b24023b5fde542a5ba7ca4292259d9f323a1530d387a6e0091311,"Verified row, out of scope for NME counts (abbreviated new drug application)",v23 2026-09-20: row read verbatim from the committed official Drugs@FDA Submissions extract (1965-1979 window) at the cited line number; the file re-hashes to the runner manifest SHA-256. Abbreviated new drug application: outside the NDA/BLA novel-approval basis and therefore never counted toward an official NME or NDA total. Published here so the year's complete original-approval population is auditable.
PRE1980ACT-1977-180,1977,085461,ANDA085461,ANDA_ORIGINAL_EXCLUDED,1977-09-21,ORIG,1,AP,,,,,FALSE,BAUSCH,LIBRIUM,CHLORDIAZEPOXIDE HYDROCHLORIDE,5MG,CAPSULE;ORAL,1,,FALSE,0,0,0,0,0,0,0,,,,,,,,https://www.accessdata.fda.gov/scripts/cder/daf/index.cfm?event=overview.process&varApplNo=085461,https://api.fda.gov/drug/drugsfda.json?search=application_number:%22ANDA085461%22,data/raw/drugsatfda_data_files_2026_09/Submissions_1965_1979.txt,10451,eb7003d97b6b24023b5fde542a5ba7ca4292259d9f323a1530d387a6e0091311,"Verified row, out of scope for NME counts (abbreviated new drug application)",v23 2026-09-20: row read verbatim from the committed official Drugs@FDA Submissions extract (1965-1979 window) at the cited line number; the file re-hashes to the runner manifest SHA-256. Abbreviated new drug application: outside the NDA/BLA novel-approval basis and therefore never counted toward an official NME or NDA total. Published here so the year's complete original-approval population is auditable.
PRE1980ACT-1977-181,1977,085466,ANDA085466,ANDA_ORIGINAL_EXCLUDED,1977-08-19,ORIG,1,AP,,,,,FALSE,KV PHARM,BROMPHENIRAMINE MALEATE,BROMPHENIRAMINE MALEATE,2MG/5ML,ELIXIR;ORAL,1,,FALSE,0,0,0,0,0,0,0,,,,,,,,https://www.accessdata.fda.gov/scripts/cder/daf/index.cfm?event=overview.process&varApplNo=085466,https://api.fda.gov/drug/drugsfda.json?search=application_number:%22ANDA085466%22,data/raw/drugsatfda_data_files_2026_09/Submissions_1965_1979.txt,10452,eb7003d97b6b24023b5fde542a5ba7ca4292259d9f323a1530d387a6e0091311,"Verified row, out of scope for NME counts (abbreviated new drug application)",v23 2026-09-20: row read verbatim from the committed official Drugs@FDA Submissions extract (1965-1979 window) at the cited line number; the file re-hashes to the runner manifest SHA-256. Abbreviated new drug application: outside the NDA/BLA novel-approval basis and therefore never counted toward an official NME or NDA total. Published here so the year's complete original-approval population is auditable.
PRE1980ACT-1979-110,1979,085470,ANDA085470,ANDA_ORIGINAL_EXCLUDED,1979-08-15,ORIG,1,AP,,,,,FALSE,PFIZER,DEPO-ESTRADIOL,ESTRADIOL CYPIONATE,1MG/ML,INJECTABLE;INJECTION,3,,FALSE,0,0,0,1,0,0,0,,,http://www.accessdata.fda.gov/drugsatfda_docs/label/2005/085470s015lbl.pdf,,,,,https://www.accessdata.fda.gov/scripts/cder/daf/index.cfm?event=overview.process&varApplNo=085470,https://api.fda.gov/drug/drugsfda.json?search=application_number:%22ANDA085470%22,data/raw/drugsatfda_data_files_2026_09/Submissions_1965_1979.txt,10453,eb7003d97b6b24023b5fde542a5ba7ca4292259d9f323a1530d387a6e0091311,"Verified row, out of scope for NME counts (abbreviated new drug application)",v23 2026-09-20: row read verbatim from the committed official Drugs@FDA Submissions extract (1965-1979 window) at the cited line number; the file re-hashes to the runner manifest SHA-256. Abbreviated new drug application: outside the NDA/BLA novel-approval basis and therefore never counted toward an official NME or NDA total. Published here so the year's complete original-approval population is auditable.
PRE1980ACT-1977-182,1977,085472,ANDA085472,ANDA_ORIGINAL_EXCLUDED,1977-09-21,ORIG,1,AP,,,,,FALSE,BAUSCH,LIBRIUM,CHLORDIAZEPOXIDE HYDROCHLORIDE,10MG,CAPSULE;ORAL,1,,FALSE,0,0,0,0,0,0,0,,,,,,,,https://www.accessdata.fda.gov/scripts/cder/daf/index.cfm?event=overview.process&varApplNo=085472,https://api.fda.gov/drug/drugsfda.json?search=application_number:%22ANDA085472%22,data/raw/drugsatfda_data_files_2026_09/Submissions_1965_1979.txt,10454,eb7003d97b6b24023b5fde542a5ba7ca4292259d9f323a1530d387a6e0091311,"Verified row, out of scope for NME counts (abbreviated new drug application)",v23 2026-09-20: row read verbatim from the committed official Drugs@FDA Submissions extract (1965-1979 window) at the cited line number; the file re-hashes to the runner manifest SHA-256. Abbreviated new drug application: outside the NDA/BLA novel-approval basis and therefore never counted toward an official NME or NDA total. Published here so the year's complete original-approval population is auditable.
PRE1980ACT-1977-183,1977,085475,ANDA085475,ANDA_ORIGINAL_EXCLUDED,1977-09-21,ORIG,1,AP,,,,,FALSE,BAUSCH,LIBRIUM,CHLORDIAZEPOXIDE HYDROCHLORIDE,25MG,CAPSULE;ORAL,1,,FALSE,0,0,0,0,0,0,0,,,,,,,,https://www.accessdata.fda.gov/scripts/cder/daf/index.cfm?event=overview.process&varApplNo=085475,https://api.fda.gov/drug/drugsfda.json?search=application_number:%22ANDA085475%22,data/raw/drugsatfda_data_files_2026_09/Submissions_1965_1979.txt,10455,eb7003d97b6b24023b5fde542a5ba7ca4292259d9f323a1530d387a6e0091311,"Verified row, out of scope for NME counts (abbreviated new drug application)",v23 2026-09-20: row read verbatim from the committed official Drugs@FDA Submissions extract (1965-1979 window) at the cited line number; the file re-hashes to the runner manifest SHA-256. Abbreviated new drug application: outside the NDA/BLA novel-approval basis and therefore never counted toward an official NME or NDA total. Published here so the year's complete original-approval population is auditable.
PRE1980ACT-1978-140,1978,085484,ANDA085484,ANDA_ORIGINAL_EXCLUDED,1978-02-06,ORIG,1,AP,,,,,FALSE,KV PHARM,CHLORPROMAZINE HYDROCHLORIDE,CHLORPROMAZINE HYDROCHLORIDE,50MG,TABLET;ORAL,1,,FALSE,0,0,0,0,0,0,0,,,,,,,,https://www.accessdata.fda.gov/scripts/cder/daf/index.cfm?event=overview.process&varApplNo=085484,https://api.fda.gov/drug/drugsfda.json?search=application_number:%22ANDA085484%22,data/raw/drugsatfda_data_files_2026_09/Submissions_1965_1979.txt,10456,eb7003d97b6b24023b5fde542a5ba7ca4292259d9f323a1530d387a6e0091311,"Verified row, out of scope for NME counts (abbreviated new drug application)",v23 2026-09-20: row read verbatim from the committed official Drugs@FDA Submissions extract (1965-1979 window) at the cited line number; the file re-hashes to the runner manifest SHA-256. Abbreviated new drug application: outside the NDA/BLA novel-approval basis and therefore never counted toward an official NME or NDA total. Published here so the year's complete original-approval population is auditable.
PRE1980ACT-1977-184,1977,085492,ANDA085492,ANDA_ORIGINAL_EXCLUDED,1977-05-10,ORIG,1,AP,,,,,FALSE,KV PHARM,ACETIC ACID W/ HYDROCORTISONE,"ACETIC ACID, GLACIAL; HYDROCORTISONE",2%;1%,SOLUTION/DROPS;OTIC,1,,FALSE,0,0,0,0,0,0,0,,,,,,,,https://www.accessdata.fda.gov/scripts/cder/daf/index.cfm?event=overview.process&varApplNo=085492,https://api.fda.gov/drug/drugsfda.json?search=application_number:%22ANDA085492%22,data/raw/drugsatfda_data_files_2026_09/Submissions_1965_1979.txt,10457,eb7003d97b6b24023b5fde542a5ba7ca4292259d9f323a1530d387a6e0091311,"Verified row, out of scope for NME counts (abbreviated new drug application)",v23 2026-09-20: row read verbatim from the committed official Drugs@FDA Submissions extract (1965-1979 window) at the cited line number; the file re-hashes to the runner manifest SHA-256. Abbreviated new drug application: outside the NDA/BLA novel-approval basis and therefore never counted toward an official NME or NDA total. Published here so the year's complete original-approval population is auditable.
PRE1980ACT-1977-185,1977,085493,ANDA085493,ANDA_ORIGINAL_EXCLUDED,1977-05-11,ORIG,1,AP,,,,,FALSE,KV PHARM,ACETIC ACID,"ACETIC ACID, GLACIAL",2%,SOLUTION/DROPS;OTIC,1,,FALSE,0,0,0,0,0,0,0,,,,,,,,https://www.accessdata.fda.gov/scripts/cder/daf/index.cfm?event=overview.process&varApplNo=085493,https://api.fda.gov/drug/drugsfda.json?search=application_number:%22ANDA085493%22,data/raw/drugsatfda_data_files_2026_09/Submissions_1965_1979.txt,10458,eb7003d97b6b24023b5fde542a5ba7ca4292259d9f323a1530d387a6e0091311,"Verified row, out of scope for NME counts (abbreviated new drug application)",v23 2026-09-20: row read verbatim from the committed official Drugs@FDA Submissions extract (1965-1979 window) at the cited line number; the file re-hashes to the runner manifest SHA-256. Abbreviated new drug application: outside the NDA/BLA novel-approval basis and therefore never counted toward an official NME or NDA total. Published here so the year's complete original-approval population is auditable.
PRE1980ACT-1977-186,1977,085497,ANDA085497,ANDA_ORIGINAL_EXCLUDED,1977-08-19,ORIG,1,AP,,,,,FALSE,VIRTUS,PHENDIMETRAZINE TARTRATE,PHENDIMETRAZINE TARTRATE,35MG,TABLET;ORAL,1,,FALSE,0,0,0,0,0,0,0,,,,,,,,https://www.accessdata.fda.gov/scripts/cder/daf/index.cfm?event=overview.process&varApplNo=085497,https://api.fda.gov/drug/drugsfda.json?search=application_number:%22ANDA085497%22,data/raw/drugsatfda_data_files_2026_09/Submissions_1965_1979.txt,10459,eb7003d97b6b24023b5fde542a5ba7ca4292259d9f323a1530d387a6e0091311,"Verified row, out of scope for NME counts (abbreviated new drug application)",v23 2026-09-20: row read verbatim from the committed official Drugs@FDA Submissions extract (1965-1979 window) at the cited line number; the file re-hashes to the runner manifest SHA-256. Abbreviated new drug application: outside the NDA/BLA novel-approval basis and therefore never counted toward an official NME or NDA total. Published here so the year's complete original-approval population is auditable.
PRE1980ACT-1977-187,1977,085499,ANDA085499,ANDA_ORIGINAL_EXCLUDED,1977-10-13,ORIG,1,AP,,,,,FALSE,BAXTER HLTHCARE,POTASSIUM CHLORIDE,POTASSIUM CHLORIDE,2MEQ/ML,INJECTABLE;INJECTION,1,,FALSE,0,0,0,0,0,0,0,,,,,,,,https://www.accessdata.fda.gov/scripts/cder/daf/index.cfm?event=overview.process&varApplNo=085499,https://api.fda.gov/drug/drugsfda.json?search=application_number:%22ANDA085499%22,data/raw/drugsatfda_data_files_2026_09/Submissions_1965_1979.txt,10460,eb7003d97b6b24023b5fde542a5ba7ca4292259d9f323a1530d387a6e0091311,"Verified row, out of scope for NME counts (abbreviated new drug application)",v23 2026-09-20: row read verbatim from the committed official Drugs@FDA Submissions extract (1965-1979 window) at the cited line number; the file re-hashes to the runner manifest SHA-256. Abbreviated new drug application: outside the NDA/BLA novel-approval basis and therefore never counted toward an official NME or NDA total. Published here so the year's complete original-approval population is auditable.
PRE1980ACT-1977-188,1977,085506,ANDA085506,ANDA_ORIGINAL_EXCLUDED,1977-06-03,ORIG,1,AP,,,,,FALSE,SUN PHARM INDUSTRIES,DIPHENOXYLATE HYDROCHLORIDE AND ATROPINE SULFATE,ATROPINE SULFATE; DIPHENOXYLATE HYDROCHLORIDE,0.025MG;2.5MG,TABLET;ORAL,1,,FALSE,0,0,0,0,0,0,0,,,,,,,,https://www.accessdata.fda.gov/scripts/cder/daf/index.cfm?event=overview.process&varApplNo=085506,https://api.fda.gov/drug/drugsfda.json?search=application_number:%22ANDA085506%22,data/raw/drugsatfda_data_files_2026_09/Submissions_1965_1979.txt,10461,eb7003d97b6b24023b5fde542a5ba7ca4292259d9f323a1530d387a6e0091311,"Verified row, out of scope for NME counts (abbreviated new drug application)",v23 2026-09-20: row read verbatim from the committed official Drugs@FDA Submissions extract (1965-1979 window) at the cited line number; the file re-hashes to the runner manifest SHA-256. Abbreviated new drug application: outside the NDA/BLA novel-approval basis and therefore never counted toward an official NME or NDA total. Published here so the year's complete original-approval population is auditable.
PRE1980ACT-1978-141,1978,085507,ANDA085507,ANDA_ORIGINAL_EXCLUDED,1978-03-09,ORIG,1,AP,,,,,FALSE,TEVA,STATOBEX,PHENDIMETRAZINE TARTRATE,35MG,CAPSULE;ORAL,1,,FALSE,0,0,0,0,0,0,0,,,,,,,,https://www.accessdata.fda.gov/scripts/cder/daf/index.cfm?event=overview.process&varApplNo=085507,https://api.fda.gov/drug/drugsfda.json?search=application_number:%22ANDA085507%22,data/raw/drugsatfda_data_files_2026_09/Submissions_1965_1979.txt,10462,eb7003d97b6b24023b5fde542a5ba7ca4292259d9f323a1530d387a6e0091311,"Verified row, out of scope for NME counts (abbreviated new drug application)",v23 2026-09-20: row read verbatim from the committed official Drugs@FDA Submissions extract (1965-1979 window) at the cited line number; the file re-hashes to the runner manifest SHA-256. Abbreviated new drug application: outside the NDA/BLA novel-approval basis and therefore never counted toward an official NME or NDA total. Published here so the year's complete original-approval population is auditable.
PRE1980ACT-1978-142,1978,085509,ANDA085509,ANDA_ORIGINAL_EXCLUDED,1978-03-09,ORIG,1,AP,,,,,FALSE,INWOOD LABS,DIPHENOXYLATE HYDROCHLORIDE AND ATROPINE SULFATE,ATROPINE SULFATE; DIPHENOXYLATE HYDROCHLORIDE,0.025MG;2.5MG,TABLET;ORAL,1,,FALSE,0,0,0,0,0,0,0,,,,,,,,https://www.accessdata.fda.gov/scripts/cder/daf/index.cfm?event=overview.process&varApplNo=085509,https://api.fda.gov/drug/drugsfda.json?search=application_number:%22ANDA085509%22,data/raw/drugsatfda_data_files_2026_09/Submissions_1965_1979.txt,10463,eb7003d97b6b24023b5fde542a5ba7ca4292259d9f323a1530d387a6e0091311,"Verified row, out of scope for NME counts (abbreviated new drug application)",v23 2026-09-20: row read verbatim from the committed official Drugs@FDA Submissions extract (1965-1979 window) at the cited line number; the file re-hashes to the runner manifest SHA-256. Abbreviated new drug application: outside the NDA/BLA novel-approval basis and therefore never counted toward an official NME or NDA total. Published here so the year's complete original-approval population is auditable.
PRE1980ACT-1977-189,1977,085511,ANDA085511,ANDA_ORIGINAL_EXCLUDED,1977-05-06,ORIG,1,AP,,,,,FALSE,ABC HOLDING,CAM-METRAZINE,PHENDIMETRAZINE TARTRATE,35MG,TABLET;ORAL,1,,FALSE,0,0,0,0,0,0,0,,,,,,,,https://www.accessdata.fda.gov/scripts/cder/daf/index.cfm?event=overview.process&varApplNo=085511,https://api.fda.gov/drug/drugsfda.json?search=application_number:%22ANDA085511%22,data/raw/drugsatfda_data_files_2026_09/Submissions_1965_1979.txt,10464,eb7003d97b6b24023b5fde542a5ba7ca4292259d9f323a1530d387a6e0091311,"Verified row, out of scope for NME counts (abbreviated new drug application)",v23 2026-09-20: row read verbatim from the committed official Drugs@FDA Submissions extract (1965-1979 window) at the cited line number; the file re-hashes to the runner manifest SHA-256. Abbreviated new drug application: outside the NDA/BLA novel-approval basis and therefore never counted toward an official NME or NDA total. Published here so the year's complete original-approval population is auditable.
PRE1980ACT-1977-190,1977,085512,ANDA085512,ANDA_ORIGINAL_EXCLUDED,1977-05-06,ORIG,1,AP,,,,,FALSE,ABC HOLDING,PHENAZINE-35,PHENDIMETRAZINE TARTRATE,35MG,TABLET;ORAL,1,,FALSE,0,0,0,0,0,0,0,,,,,,,,https://www.accessdata.fda.gov/scripts/cder/daf/index.cfm?event=overview.process&varApplNo=085512,https://api.fda.gov/drug/drugsfda.json?search=application_number:%22ANDA085512%22,data/raw/drugsatfda_data_files_2026_09/Submissions_1965_1979.txt,10465,eb7003d97b6b24023b5fde542a5ba7ca4292259d9f323a1530d387a6e0091311,"Verified row, out of scope for NME counts (abbreviated new drug application)",v23 2026-09-20: row read verbatim from the committed official Drugs@FDA Submissions extract (1965-1979 window) at the cited line number; the file re-hashes to the runner manifest SHA-256. Abbreviated new drug application: outside the NDA/BLA novel-approval basis and therefore never counted toward an official NME or NDA total. Published here so the year's complete original-approval population is auditable.
PRE1980ACT-1977-191,1977,085513,ANDA085513,ANDA_ORIGINAL_EXCLUDED,1977-06-30,ORIG,1,AP,,,,,FALSE,ABBOTT,A-POXIDE,CHLORDIAZEPOXIDE HYDROCHLORIDE,25MG,CAPSULE;ORAL,1,,FALSE,0,0,0,0,0,0,0,,,,,,,,https://www.accessdata.fda.gov/scripts/cder/daf/index.cfm?event=overview.process&varApplNo=085513,https://api.fda.gov/drug/drugsfda.json?search=application_number:%22ANDA085513%22,data/raw/drugsatfda_data_files_2026_09/Submissions_1965_1979.txt,10466,eb7003d97b6b24023b5fde542a5ba7ca4292259d9f323a1530d387a6e0091311,"Verified row, out of scope for NME counts (abbreviated new drug application)",v23 2026-09-20: row read verbatim from the committed official Drugs@FDA Submissions extract (1965-1979 window) at the cited line number; the file re-hashes to the runner manifest SHA-256. Abbreviated new drug application: outside the NDA/BLA novel-approval basis and therefore never counted toward an official NME or NDA total. Published here so the year's complete original-approval population is auditable.
PRE1980ACT-1977-192,1977,085517,ANDA085517,ANDA_ORIGINAL_EXCLUDED,1977-07-01,ORIG,1,AP,,,,,FALSE,ABBOTT,A-POXIDE,CHLORDIAZEPOXIDE HYDROCHLORIDE,5MG,CAPSULE;ORAL,1,,FALSE,0,0,0,0,0,0,0,,,,,,,,https://www.accessdata.fda.gov/scripts/cder/daf/index.cfm?event=overview.process&varApplNo=085517,https://api.fda.gov/drug/drugsfda.json?search=application_number:%22ANDA085517%22,data/raw/drugsatfda_data_files_2026_09/Submissions_1965_1979.txt,10467,eb7003d97b6b24023b5fde542a5ba7ca4292259d9f323a1530d387a6e0091311,"Verified row, out of scope for NME counts (abbreviated new drug application)",v23 2026-09-20: row read verbatim from the committed official Drugs@FDA Submissions extract (1965-1979 window) at the cited line number; the file re-hashes to the runner manifest SHA-256. Abbreviated new drug application: outside the NDA/BLA novel-approval basis and therefore never counted toward an official NME or NDA total. Published here so the year's complete original-approval population is auditable.
PRE1980ACT-1977-193,1977,085518,ANDA085518,ANDA_ORIGINAL_EXCLUDED,1977-07-01,ORIG,1,AP,,,,,FALSE,ABBOTT,A-POXIDE,CHLORDIAZEPOXIDE HYDROCHLORIDE,10MG,CAPSULE;ORAL,1,,FALSE,0,0,0,0,0,0,0,,,,,,,,https://www.accessdata.fda.gov/scripts/cder/daf/index.cfm?event=overview.process&varApplNo=085518,https://api.fda.gov/drug/drugsfda.json?search=application_number:%22ANDA085518%22,data/raw/drugsatfda_data_files_2026_09/Submissions_1965_1979.txt,10468,eb7003d97b6b24023b5fde542a5ba7ca4292259d9f323a1530d387a6e0091311,"Verified row, out of scope for NME counts (abbreviated new drug application)",v23 2026-09-20: row read verbatim from the committed official Drugs@FDA Submissions extract (1965-1979 window) at the cited line number; the file re-hashes to the runner manifest SHA-256. Abbreviated new drug application: outside the NDA/BLA novel-approval basis and therefore never counted toward an official NME or NDA total. Published here so the year's complete original-approval population is auditable.
PRE1980ACT-1977-194,1977,085523,ANDA085523,ANDA_ORIGINAL_EXCLUDED,1977-06-03,ORIG,1,AP,,,,,FALSE,KV PHARM,MECLIZINE HYDROCHLORIDE,MECLIZINE HYDROCHLORIDE,25MG,TABLET;ORAL,1,,FALSE,0,0,0,0,0,0,0,,,,,,,,https://www.accessdata.fda.gov/scripts/cder/daf/index.cfm?event=overview.process&varApplNo=085523,https://api.fda.gov/drug/drugsfda.json?search=application_number:%22ANDA085523%22,data/raw/drugsatfda_data_files_2026_09/Submissions_1965_1979.txt,10469,eb7003d97b6b24023b5fde542a5ba7ca4292259d9f323a1530d387a6e0091311,"Verified row, out of scope for NME counts (abbreviated new drug application)",v23 2026-09-20: row read verbatim from the committed official Drugs@FDA Submissions extract (1965-1979 window) at the cited line number; the file re-hashes to the runner manifest SHA-256. Abbreviated new drug application: outside the NDA/BLA novel-approval basis and therefore never counted toward an official NME or NDA total. Published here so the year's complete original-approval population is auditable.
PRE1980ACT-1977-195,1977,085524,ANDA085524,ANDA_ORIGINAL_EXCLUDED,1977-06-08,ORIG,1,AP,,,,,FALSE,KV PHARM,MECLIZINE HYDROCHLORIDE,MECLIZINE HYDROCHLORIDE,12.5MG,TABLET;ORAL,1,,FALSE,0,0,0,0,0,0,0,,,,,,,,https://www.accessdata.fda.gov/scripts/cder/daf/index.cfm?event=overview.process&varApplNo=085524,https://api.fda.gov/drug/drugsfda.json?search=application_number:%22ANDA085524%22,data/raw/drugsatfda_data_files_2026_09/Submissions_1965_1979.txt,10470,eb7003d97b6b24023b5fde542a5ba7ca4292259d9f323a1530d387a6e0091311,"Verified row, out of scope for NME counts (abbreviated new drug application)",v23 2026-09-20: row read verbatim from the committed official Drugs@FDA Submissions extract (1965-1979 window) at the cited line number; the file re-hashes to the runner manifest SHA-256. Abbreviated new drug application: outside the NDA/BLA novel-approval basis and therefore never counted toward an official NME or NDA total. Published here so the year's complete original-approval population is auditable.
PRE1980ACT-1977-196,1977,085525,ANDA085525,ANDA_ORIGINAL_EXCLUDED,1977-06-02,ORIG,1,AP,,,,,FALSE,KV PHARM,PHENDIMETRAZINE TARTRATE,PHENDIMETRAZINE TARTRATE,35MG,TABLET;ORAL,1,,FALSE,0,0,0,0,0,0,0,,,,,,,,https://www.accessdata.fda.gov/scripts/cder/daf/index.cfm?event=overview.process&varApplNo=085525,https://api.fda.gov/drug/drugsfda.json?search=application_number:%22ANDA085525%22,data/raw/drugsatfda_data_files_2026_09/Submissions_1965_1979.txt,10471,eb7003d97b6b24023b5fde542a5ba7ca4292259d9f323a1530d387a6e0091311,"Verified row, out of scope for NME counts (abbreviated new drug application)",v23 2026-09-20: row read verbatim from the committed official Drugs@FDA Submissions extract (1965-1979 window) at the cited line number; the file re-hashes to the runner manifest SHA-256. Abbreviated new drug application: outside the NDA/BLA novel-approval basis and therefore never counted toward an official NME or NDA total. Published here so the year's complete original-approval population is auditable.
PRE1980ACT-1977-197,1977,085532,ANDA085532,ANDA_ORIGINAL_EXCLUDED,1977-04-14,ORIG,1,AP,,,,,FALSE,WATSON LABS,HYDRALAZINE HYDROCHLORIDE,HYDRALAZINE HYDROCHLORIDE,25MG,TABLET;ORAL,1,,FALSE,0,0,0,0,0,0,0,,,,,,,,https://www.accessdata.fda.gov/scripts/cder/daf/index.cfm?event=overview.process&varApplNo=085532,https://api.fda.gov/drug/drugsfda.json?search=application_number:%22ANDA085532%22,data/raw/drugsatfda_data_files_2026_09/Submissions_1965_1979.txt,10472,eb7003d97b6b24023b5fde542a5ba7ca4292259d9f323a1530d387a6e0091311,"Verified row, out of scope for NME counts (abbreviated new drug application)",v23 2026-09-20: row read verbatim from the committed official Drugs@FDA Submissions extract (1965-1979 window) at the cited line number; the file re-hashes to the runner manifest SHA-256. Abbreviated new drug application: outside the NDA/BLA novel-approval basis and therefore never counted toward an official NME or NDA total. Published here so the year's complete original-approval population is auditable.
PRE1980ACT-1977-198,1977,085533,ANDA085533,ANDA_ORIGINAL_EXCLUDED,1977-04-14,ORIG,1,AP,,,,,FALSE,WATSON LABS,HYDRALAZINE HYDROCHLORIDE,HYDRALAZINE HYDROCHLORIDE,50MG,TABLET;ORAL,1,,FALSE,0,0,0,0,0,0,0,,,,,,,,https://www.accessdata.fda.gov/scripts/cder/daf/index.cfm?event=overview.process&varApplNo=085533,https://api.fda.gov/drug/drugsfda.json?search=application_number:%22ANDA085533%22,data/raw/drugsatfda_data_files_2026_09/Submissions_1965_1979.txt,10473,eb7003d97b6b24023b5fde542a5ba7ca4292259d9f323a1530d387a6e0091311,"Verified row, out of scope for NME counts (abbreviated new drug application)",v23 2026-09-20: row read verbatim from the committed official Drugs@FDA Submissions extract (1965-1979 window) at the cited line number; the file re-hashes to the runner manifest SHA-256. Abbreviated new drug application: outside the NDA/BLA novel-approval basis and therefore never counted toward an official NME or NDA total. Published here so the year's complete original-approval population is auditable.
PRE1980ACT-1978-143,1978,085539,ANDA085539,ANDA_ORIGINAL_EXCLUDED,1978-06-23,ORIG,1,AP,,,,,FALSE,IVAX PHARMS,FLUTEX,TRIAMCINOLONE ACETONIDE,0.025%,CREAM;TOPICAL,3,,FALSE,0,0,0,0,0,0,0,,,,,,,,https://www.accessdata.fda.gov/scripts/cder/daf/index.cfm?event=overview.process&varApplNo=085539,https://api.fda.gov/drug/drugsfda.json?search=application_number:%22ANDA085539%22,data/raw/drugsatfda_data_files_2026_09/Submissions_1965_1979.txt,10474,eb7003d97b6b24023b5fde542a5ba7ca4292259d9f323a1530d387a6e0091311,"Verified row, out of scope for NME counts (abbreviated new drug application)",v23 2026-09-20: row read verbatim from the committed official Drugs@FDA Submissions extract (1965-1979 window) at the cited line number; the file re-hashes to the runner manifest SHA-256. Abbreviated new drug application: outside the NDA/BLA novel-approval basis and therefore never counted toward an official NME or NDA total. Published here so the year's complete original-approval population is auditable.
PRE1980ACT-1977-199,1977,085549,ANDA085549,ANDA_ORIGINAL_EXCLUDED,1977-09-29,ORIG,1,AP,,,,,FALSE,WATSON LABS,"RESERPINE, HYDRALAZINE HYDROCHLORIDE AND HYDROCHLOROTHIAZIDE",HYDRALAZINE HYDROCHLORIDE; HYDROCHLOROTHIAZIDE; RESERPINE,25MG;15MG;0.1MG,TABLET;ORAL,1,,FALSE,0,0,0,0,0,0,0,,,,,,,,https://www.accessdata.fda.gov/scripts/cder/daf/index.cfm?event=overview.process&varApplNo=085549,https://api.fda.gov/drug/drugsfda.json?search=application_number:%22ANDA085549%22,data/raw/drugsatfda_data_files_2026_09/Submissions_1965_1979.txt,10475,eb7003d97b6b24023b5fde542a5ba7ca4292259d9f323a1530d387a6e0091311,"Verified row, out of scope for NME counts (abbreviated new drug application)",v23 2026-09-20: row read verbatim from the committed official Drugs@FDA Submissions extract (1965-1979 window) at the cited line number; the file re-hashes to the runner manifest SHA-256. Abbreviated new drug application: outside the NDA/BLA novel-approval basis and therefore never counted toward an official NME or NDA total. Published here so the year's complete original-approval population is auditable.
PRE1980ACT-1978-144,1978,085550,ANDA085550,ANDA_ORIGINAL_EXCLUDED,1978-05-31,ORIG,1,AP,,,,,FALSE,BUNDY,BUTABARBITAL,BUTABARBITAL SODIUM,30MG,TABLET;ORAL,1,,FALSE,0,0,0,0,0,0,0,,,,,,,,https://www.accessdata.fda.gov/scripts/cder/daf/index.cfm?event=overview.process&varApplNo=085550,https://api.fda.gov/drug/drugsfda.json?search=application_number:%22ANDA085550%22,data/raw/drugsatfda_data_files_2026_09/Submissions_1965_1979.txt,10476,eb7003d97b6b24023b5fde542a5ba7ca4292259d9f323a1530d387a6e0091311,"Verified row, out of scope for NME counts (abbreviated new drug application)",v23 2026-09-20: row read verbatim from the committed official Drugs@FDA Submissions extract (1965-1979 window) at the cited line number; the file re-hashes to the runner manifest SHA-256. Abbreviated new drug application: outside the NDA/BLA novel-approval basis and therefore never counted toward an official NME or NDA total. Published here so the year's complete original-approval population is auditable.
PRE1980ACT-1979-111,1979,085551,ANDA085551,ANDA_ORIGINAL_EXCLUDED,1979-08-24,ORIG,1,AP,,,,,FALSE,BAXTER HLTHCARE,HYDROXYZINE HYDROCHLORIDE,HYDROXYZINE HYDROCHLORIDE,25MG/ML,INJECTABLE;INJECTION,2,,FALSE,0,0,0,0,0,0,0,,,,,,,,https://www.accessdata.fda.gov/scripts/cder/daf/index.cfm?event=overview.process&varApplNo=085551,https://api.fda.gov/drug/drugsfda.json?search=application_number:%22ANDA085551%22,data/raw/drugsatfda_data_files_2026_09/Submissions_1965_1979.txt,10477,eb7003d97b6b24023b5fde542a5ba7ca4292259d9f323a1530d387a6e0091311,"Verified row, out of scope for NME counts (abbreviated new drug application)",v23 2026-09-20: row read verbatim from the committed official Drugs@FDA Submissions extract (1965-1979 window) at the cited line number; the file re-hashes to the runner manifest SHA-256. Abbreviated new drug application: outside the NDA/BLA novel-approval basis and therefore never counted toward an official NME or NDA total. Published here so the year's complete original-approval population is auditable.
PRE1980ACT-1977-200,1977,085552,ANDA085552,ANDA_ORIGINAL_EXCLUDED,1977-09-15,ORIG,1,AP,,,,,FALSE,WATSON LABS,PROBEN-C,COLCHICINE; PROBENECID,0.5MG;500MG,TABLET;ORAL,1,,FALSE,0,0,0,1,0,1,1,,http://www.accessdata.fda.gov/drugsatfda_docs/anda/pre96/085552_proben-c_toc.html,,,,,,https://www.accessdata.fda.gov/scripts/cder/daf/index.cfm?event=overview.process&varApplNo=085552,https://api.fda.gov/drug/drugsfda.json?search=application_number:%22ANDA085552%22,data/raw/drugsatfda_data_files_2026_09/Submissions_1965_1979.txt,10478,eb7003d97b6b24023b5fde542a5ba7ca4292259d9f323a1530d387a6e0091311,"Verified row, out of scope for NME counts (abbreviated new drug application)",v23 2026-09-20: row read verbatim from the committed official Drugs@FDA Submissions extract (1965-1979 window) at the cited line number; the file re-hashes to the runner manifest SHA-256. Abbreviated new drug application: outside the NDA/BLA novel-approval basis and therefore never counted toward an official NME or NDA total. Published here so the year's complete original-approval population is auditable.
PRE1980ACT-1978-145,1978,085553,ANDA085553,ANDA_ORIGINAL_EXCLUDED,1978-04-11,ORIG,1,AP,,,,,FALSE,IVAX PHARMS,PHENTERMINE HYDROCHLORIDE,PHENTERMINE HYDROCHLORIDE,8MG,TABLET;ORAL,1,,FALSE,0,0,0,0,0,0,0,,,,,,,,https://www.accessdata.fda.gov/scripts/cder/daf/index.cfm?event=overview.process&varApplNo=085553,https://api.fda.gov/drug/drugsfda.json?search=application_number:%22ANDA085553%22,data/raw/drugsatfda_data_files_2026_09/Submissions_1965_1979.txt,10479,eb7003d97b6b24023b5fde542a5ba7ca4292259d9f323a1530d387a6e0091311,"Verified row, out of scope for NME counts (abbreviated new drug application)",v23 2026-09-20: row read verbatim from the committed official Drugs@FDA Submissions extract (1965-1979 window) at the cited line number; the file re-hashes to the runner manifest SHA-256. Abbreviated new drug application: outside the NDA/BLA novel-approval basis and therefore never counted toward an official NME or NDA total. Published here so the year's complete original-approval population is auditable.
PRE1980ACT-1979-112,1979,085555,ANDA085555,ANDA_ORIGINAL_EXCLUDED,1979-04-10,ORIG,1,AP,,,,,FALSE,EPIC PHARMA LLC,AK-PENTOLATE,CYCLOPENTOLATE HYDROCHLORIDE,1%,SOLUTION/DROPS;OPHTHALMIC,1,,FALSE,0,0,0,0,0,0,0,,,,,,,,https://www.accessdata.fda.gov/scripts/cder/daf/index.cfm?event=overview.process&varApplNo=085555,https://api.fda.gov/drug/drugsfda.json?search=application_number:%22ANDA085555%22,data/raw/drugsatfda_data_files_2026_09/Submissions_1965_1979.txt,10480,eb7003d97b6b24023b5fde542a5ba7ca4292259d9f323a1530d387a6e0091311,"Verified row, out of scope for NME counts (abbreviated new drug application)",v23 2026-09-20: row read verbatim from the committed official Drugs@FDA Submissions extract (1965-1979 window) at the cited line number; the file re-hashes to the runner manifest SHA-256. Abbreviated new drug application: outside the NDA/BLA novel-approval basis and therefore never counted toward an official NME or NDA total. Published here so the year's complete original-approval population is auditable.
PRE1980ACT-1977-201,1977,085568,ANDA085568,ANDA_ORIGINAL_EXCLUDED,1977-10-05,ORIG,1,AP,,,,,FALSE,CHARTWELL RX,TRICHLORMETHIAZIDE,TRICHLORMETHIAZIDE,4MG,TABLET;ORAL,1,,FALSE,0,0,0,0,0,0,0,,,,,,,,https://www.accessdata.fda.gov/scripts/cder/daf/index.cfm?event=overview.process&varApplNo=085568,https://api.fda.gov/drug/drugsfda.json?search=application_number:%22ANDA085568%22,data/raw/drugsatfda_data_files_2026_09/Submissions_1965_1979.txt,10481,eb7003d97b6b24023b5fde542a5ba7ca4292259d9f323a1530d387a6e0091311,"Verified row, out of scope for NME counts (abbreviated new drug application)",v23 2026-09-20: row read verbatim from the committed official Drugs@FDA Submissions extract (1965-1979 window) at the cited line number; the file re-hashes to the runner manifest SHA-256. Abbreviated new drug application: outside the NDA/BLA novel-approval basis and therefore never counted toward an official NME or NDA total. Published here so the year's complete original-approval population is auditable.
PRE1980ACT-1978-146,1978,085569,ANDA085569,ANDA_ORIGINAL_EXCLUDED,1978-03-08,ORIG,1,AP,,,,,FALSE,ABC HOLDING,CHLOROTHIAZIDE,CHLOROTHIAZIDE,250MG,TABLET;ORAL,1,,FALSE,0,0,0,0,0,0,0,,,,,,,,https://www.accessdata.fda.gov/scripts/cder/daf/index.cfm?event=overview.process&varApplNo=085569,https://api.fda.gov/drug/drugsfda.json?search=application_number:%22ANDA085569%22,data/raw/drugsatfda_data_files_2026_09/Submissions_1965_1979.txt,10482,eb7003d97b6b24023b5fde542a5ba7ca4292259d9f323a1530d387a6e0091311,"Verified row, out of scope for NME counts (abbreviated new drug application)",v23 2026-09-20: row read verbatim from the committed official Drugs@FDA Submissions extract (1965-1979 window) at the cited line number; the file re-hashes to the runner manifest SHA-256. Abbreviated new drug application: outside the NDA/BLA novel-approval basis and therefore never counted toward an official NME or NDA total. Published here so the year's complete original-approval population is auditable.
PRE1980ACT-1977-202,1977,085571,ANDA085571,ANDA_ORIGINAL_EXCLUDED,1977-08-26,ORIG,1,AP,,,,,FALSE,LANNETT,GLUTETHIMIDE,GLUTETHIMIDE,500MG,TABLET;ORAL,1,,FALSE,0,0,0,0,0,0,0,,,,,,,,https://www.accessdata.fda.gov/scripts/cder/daf/index.cfm?event=overview.process&varApplNo=085571,https://api.fda.gov/drug/drugsfda.json?search=application_number:%22ANDA085571%22,data/raw/drugsatfda_data_files_2026_09/Submissions_1965_1979.txt,10483,eb7003d97b6b24023b5fde542a5ba7ca4292259d9f323a1530d387a6e0091311,"Verified row, out of scope for NME counts (abbreviated new drug application)",v23 2026-09-20: row read verbatim from the committed official Drugs@FDA Submissions extract (1965-1979 window) at the cited line number; the file re-hashes to the runner manifest SHA-256. Abbreviated new drug application: outside the NDA/BLA novel-approval basis and therefore never counted toward an official NME or NDA total. Published here so the year's complete original-approval population is auditable.
PRE1980ACT-1977-203,1977,085587,,KIND_UNRESOLVED,1977-06-24,ORIG,1,AP,,,,,FALSE,,,,,,0,,FALSE,0,0,0,0,0,0,0,,,,,,FULldb-1977-UNRES11,,https://www.accessdata.fda.gov/scripts/cder/daf/index.cfm?event=overview.process&varApplNo=085587,,data/raw/drugsatfda_data_files_2026_09/Submissions_1965_1979.txt,10484,eb7003d97b6b24023b5fde542a5ba7ca4292259d9f323a1530d387a6e0091311,"Verified row, application type not published (KIND_UNRESOLVED) - review candidate only","v23 2026-09-20: row read verbatim from the committed official Drugs@FDA Submissions extract (1965-1979 window) at the cited line number; the file re-hashes to the runner manifest SHA-256. ApplNo is absent from the unfiltered Applications table, so no NDA/ANDA/BLA type can be asserted; the openFDA payloads do not carry it either. This is a review candidate, never an approval row in the NME decision table. Cross-check record FULldb-1977-UNRES11."
PRE1980ACT-1977-204,1977,085588,ANDA085588,ANDA_ORIGINAL_EXCLUDED,1977-08-19,ORIG,1,AP,,,,,FALSE,ACERTIS PHARMS,PHENDIMETRAZINE TARTRATE,PHENDIMETRAZINE TARTRATE,35MG,TABLET;ORAL,1,,FALSE,0,0,0,0,0,0,0,,,,,,,,https://www.accessdata.fda.gov/scripts/cder/daf/index.cfm?event=overview.process&varApplNo=085588,https://api.fda.gov/drug/drugsfda.json?search=application_number:%22ANDA085588%22,data/raw/drugsatfda_data_files_2026_09/Submissions_1965_1979.txt,10485,eb7003d97b6b24023b5fde542a5ba7ca4292259d9f323a1530d387a6e0091311,"Verified row, out of scope for NME counts (abbreviated new drug application)",v23 2026-09-20: row read verbatim from the committed official Drugs@FDA Submissions extract (1965-1979 window) at the cited line number; the file re-hashes to the runner manifest SHA-256. Abbreviated new drug application: outside the NDA/BLA novel-approval basis and therefore never counted toward an official NME or NDA total. Published here so the year's complete original-approval population is auditable.
PRE1980ACT-1977-205,1977,085591,ANDA085591,ANDA_ORIGINAL_EXCLUDED,1977-07-01,ORIG,1,AP,,,,,FALSE,WATSON LABS,CHLORPROMAZINE HYDROCHLORIDE,CHLORPROMAZINE HYDROCHLORIDE,25MG/ML,INJECTABLE;INJECTION,1,,FALSE,0,0,0,0,0,0,0,,,,,,,,https://www.accessdata.fda.gov/scripts/cder/daf/index.cfm?event=overview.process&varApplNo=085591,https://api.fda.gov/drug/drugsfda.json?search=application_number:%22ANDA085591%22,data/raw/drugsatfda_data_files_2026_09/Submissions_1965_1979.txt,10486,eb7003d97b6b24023b5fde542a5ba7ca4292259d9f323a1530d387a6e0091311,"Verified row, out of scope for NME counts (abbreviated new drug application)",v23 2026-09-20: row read verbatim from the committed official Drugs@FDA Submissions extract (1965-1979 window) at the cited line number; the file re-hashes to the runner manifest SHA-256. Abbreviated new drug application: outside the NDA/BLA novel-approval basis and therefore never counted toward an official NME or NDA total. Published here so the year's complete original-approval population is auditable.
PRE1980ACT-1979-113,1979,085595,ANDA085595,ANDA_ORIGINAL_EXCLUDED,1979-03-26,ORIG,1,AP,,,,,FALSE,WATSON LABS,METHYLPREDNISOLONE ACETATE,METHYLPREDNISOLONE ACETATE,80MG/ML,INJECTABLE;INJECTION,1,,FALSE,0,0,0,0,0,0,0,,,,,,,,https://www.accessdata.fda.gov/scripts/cder/daf/index.cfm?event=overview.process&varApplNo=085595,https://api.fda.gov/drug/drugsfda.json?search=application_number:%22ANDA085595%22,data/raw/drugsatfda_data_files_2026_09/Submissions_1965_1979.txt,10487,eb7003d97b6b24023b5fde542a5ba7ca4292259d9f323a1530d387a6e0091311,"Verified row, out of scope for NME counts (abbreviated new drug application)",v23 2026-09-20: row read verbatim from the committed official Drugs@FDA Submissions extract (1965-1979 window) at the cited line number; the file re-hashes to the runner manifest SHA-256. Abbreviated new drug application: outside the NDA/BLA novel-approval basis and therefore never counted toward an official NME or NDA total. Published here so the year's complete original-approval population is auditable.
PRE1980ACT-1979-114,1979,085597,ANDA085597,ANDA_ORIGINAL_EXCLUDED,1979-03-14,ORIG,1,AP,,,,,FALSE,WATSON LABS,METHYLPREDNISOLONE ACETATE,METHYLPREDNISOLONE ACETATE,20MG/ML,INJECTABLE;INJECTION,1,,FALSE,0,0,0,0,0,0,0,,,,,,,,https://www.accessdata.fda.gov/scripts/cder/daf/index.cfm?event=overview.process&varApplNo=085597,https://api.fda.gov/drug/drugsfda.json?search=application_number:%22ANDA085597%22,data/raw/drugsatfda_data_files_2026_09/Submissions_1965_1979.txt,10488,eb7003d97b6b24023b5fde542a5ba7ca4292259d9f323a1530d387a6e0091311,"Verified row, out of scope for NME counts (abbreviated new drug application)",v23 2026-09-20: row read verbatim from the committed official Drugs@FDA Submissions extract (1965-1979 window) at the cited line number; the file re-hashes to the runner manifest SHA-256. Abbreviated new drug application: outside the NDA/BLA novel-approval basis and therefore never counted toward an official NME or NDA total. Published here so the year's complete original-approval population is auditable.
PRE1980ACT-1979-115,1979,085600,ANDA085600,ANDA_ORIGINAL_EXCLUDED,1979-03-14,ORIG,1,AP,,,,,FALSE,WATSON LABS,METHYLPREDNISOLONE ACETATE,METHYLPREDNISOLONE ACETATE,40MG/ML,INJECTABLE;INJECTION,1,,FALSE,0,0,0,0,0,0,0,,,,,,,,https://www.accessdata.fda.gov/scripts/cder/daf/index.cfm?event=overview.process&varApplNo=085600,https://api.fda.gov/drug/drugsfda.json?search=application_number:%22ANDA085600%22,data/raw/drugsatfda_data_files_2026_09/Submissions_1965_1979.txt,10489,eb7003d97b6b24023b5fde542a5ba7ca4292259d9f323a1530d387a6e0091311,"Verified row, out of scope for NME counts (abbreviated new drug application)",v23 2026-09-20: row read verbatim from the committed official Drugs@FDA Submissions extract (1965-1979 window) at the cited line number; the file re-hashes to the runner manifest SHA-256. Abbreviated new drug application: outside the NDA/BLA novel-approval basis and therefore never counted toward an official NME or NDA total. Published here so the year's complete original-approval population is auditable.
PRE1980ACT-1978-147,1978,085607,ANDA085607,ANDA_ORIGINAL_EXCLUDED,1978-07-05,ORIG,1,AP,,,,,FALSE,WHITEWORTH TOWN PLSN,ACETAMINOPHEN AND CODEINE PHOSPHATE,ACETAMINOPHEN; CODEINE PHOSPHATE,300MG;60MG,TABLET;ORAL,1,,FALSE,0,0,0,0,0,0,0,,,,,,,,https://www.accessdata.fda.gov/scripts/cder/daf/index.cfm?event=overview.process&varApplNo=085607,https://api.fda.gov/drug/drugsfda.json?search=application_number:%22ANDA085607%22,data/raw/drugsatfda_data_files_2026_09/Submissions_1965_1979.txt,10490,eb7003d97b6b24023b5fde542a5ba7ca4292259d9f323a1530d387a6e0091311,"Verified row, out of scope for NME counts (abbreviated new drug application)",v23 2026-09-20: row read verbatim from the committed official Drugs@FDA Submissions extract (1965-1979 window) at the cited line number; the file re-hashes to the runner manifest SHA-256. Abbreviated new drug application: outside the NDA/BLA novel-approval basis and therefore never counted toward an official NME or NDA total. Published here so the year's complete original-approval population is auditable.
PRE1980ACT-1977-206,1977,085611,ANDA085611,ANDA_ORIGINAL_EXCLUDED,1977-05-11,ORIG,1,AP,,,,,FALSE,IVAX PHARMS,PHENDIMETRAZINE TARTRATE,PHENDIMETRAZINE TARTRATE,35MG,TABLET;ORAL,1,,FALSE,0,0,0,0,0,0,0,,,,,,,,https://www.accessdata.fda.gov/scripts/cder/daf/index.cfm?event=overview.process&varApplNo=085611,https://api.fda.gov/drug/drugsfda.json?search=application_number:%22ANDA085611%22,data/raw/drugsatfda_data_files_2026_09/Submissions_1965_1979.txt,10491,eb7003d97b6b24023b5fde542a5ba7ca4292259d9f323a1530d387a6e0091311,"Verified row, out of scope for NME counts (abbreviated new drug application)",v23 2026-09-20: row read verbatim from the committed official Drugs@FDA Submissions extract (1965-1979 window) at the cited line number; the file re-hashes to the runner manifest SHA-256. Abbreviated new drug application: outside the NDA/BLA novel-approval basis and therefore never counted toward an official NME or NDA total. Published here so the year's complete original-approval population is auditable.
PRE1980ACT-1977-207,1977,085612,ANDA085612,ANDA_ORIGINAL_EXCLUDED,1977-05-18,ORIG,1,AP,,,,,FALSE,IVAX PHARMS,PHENDIMETRAZINE TARTRATE,PHENDIMETRAZINE TARTRATE,35MG,TABLET;ORAL,1,,FALSE,0,0,0,0,0,0,0,,,,,,,,https://www.accessdata.fda.gov/scripts/cder/daf/index.cfm?event=overview.process&varApplNo=085612,https://api.fda.gov/drug/drugsfda.json?search=application_number:%22ANDA085612%22,data/raw/drugsatfda_data_files_2026_09/Submissions_1965_1979.txt,10492,eb7003d97b6b24023b5fde542a5ba7ca4292259d9f323a1530d387a6e0091311,"Verified row, out of scope for NME counts (abbreviated new drug application)",v23 2026-09-20: row read verbatim from the committed official Drugs@FDA Submissions extract (1965-1979 window) at the cited line number; the file re-hashes to the runner manifest SHA-256. Abbreviated new drug application: outside the NDA/BLA novel-approval basis and therefore never counted toward an official NME or NDA total. Published here so the year's complete original-approval population is auditable.
PRE1980ACT-1977-208,1977,085621,ANDA085621,ANDA_ORIGINAL_EXCLUDED,1977-09-22,ORIG,1,AP,,,,,FALSE,KV PHARM,DIPHENHYDRAMINE HYDROCHLORIDE,DIPHENHYDRAMINE HYDROCHLORIDE,12.5MG/5ML,ELIXIR;ORAL,1,,FALSE,0,0,0,0,0,0,0,,,,,,,,https://www.accessdata.fda.gov/scripts/cder/daf/index.cfm?event=overview.process&varApplNo=085621,https://api.fda.gov/drug/drugsfda.json?search=application_number:%22ANDA085621%22,data/raw/drugsatfda_data_files_2026_09/Submissions_1965_1979.txt,10493,eb7003d97b6b24023b5fde542a5ba7ca4292259d9f323a1530d387a6e0091311,"Verified row, out of scope for NME counts (abbreviated new drug application)",v23 2026-09-20: row read verbatim from the committed official Drugs@FDA Submissions extract (1965-1979 window) at the cited line number; the file re-hashes to the runner manifest SHA-256. Abbreviated new drug application: outside the NDA/BLA novel-approval basis and therefore never counted toward an official NME or NDA total. Published here so the year's complete original-approval population is auditable.
PRE1980ACT-1977-209,1977,085627,ANDA085627,ANDA_ORIGINAL_EXCLUDED,1977-05-10,ORIG,1,AP,,,,,FALSE,MUTUAL PHARM,AMITRIPTYLINE HYDROCHLORIDE,AMITRIPTYLINE HYDROCHLORIDE,25MG,TABLET;ORAL,1,,FALSE,0,0,0,0,0,0,0,,,,,,,,https://www.accessdata.fda.gov/scripts/cder/daf/index.cfm?event=overview.process&varApplNo=085627,https://api.fda.gov/drug/drugsfda.json?search=application_number:%22ANDA085627%22,data/raw/drugsatfda_data_files_2026_09/Submissions_1965_1979.txt,10494,eb7003d97b6b24023b5fde542a5ba7ca4292259d9f323a1530d387a6e0091311,"Verified row, out of scope for NME counts (abbreviated new drug application)",v23 2026-09-20: row read verbatim from the committed official Drugs@FDA Submissions extract (1965-1979 window) at the cited line number; the file re-hashes to the runner manifest SHA-256. Abbreviated new drug application: outside the NDA/BLA novel-approval basis and therefore never counted toward an official NME or NDA total. Published here so the year's complete original-approval population is auditable.
PRE1980ACT-1977-210,1977,085628,ANDA085628,ANDA_ORIGINAL_EXCLUDED,1977-06-13,ORIG,1,AP,,,,,FALSE,RISING,SULFISOXAZOLE,SULFISOXAZOLE,500MG,TABLET;ORAL,1,,FALSE,0,0,0,0,0,0,0,,,,,,,,https://www.accessdata.fda.gov/scripts/cder/daf/index.cfm?event=overview.process&varApplNo=085628,https://api.fda.gov/drug/drugsfda.json?search=application_number:%22ANDA085628%22,data/raw/drugsatfda_data_files_2026_09/Submissions_1965_1979.txt,10495,eb7003d97b6b24023b5fde542a5ba7ca4292259d9f323a1530d387a6e0091311,"Verified row, out of scope for NME counts (abbreviated new drug application)",v23 2026-09-20: row read verbatim from the committed official Drugs@FDA Submissions extract (1965-1979 window) at the cited line number; the file re-hashes to the runner manifest SHA-256. Abbreviated new drug application: outside the NDA/BLA novel-approval basis and therefore never counted toward an official NME or NDA total. Published here so the year's complete original-approval population is auditable.
PRE1980ACT-1977-211,1977,085630,ANDA085630,ANDA_ORIGINAL_EXCLUDED,1977-05-16,ORIG,1,AP,,,,,FALSE,LANNETT,TRICHLOREX,TRICHLORMETHIAZIDE,4MG,TABLET;ORAL,1,,FALSE,0,0,0,0,0,0,0,,,,,,,,https://www.accessdata.fda.gov/scripts/cder/daf/index.cfm?event=overview.process&varApplNo=085630,https://api.fda.gov/drug/drugsfda.json?search=application_number:%22ANDA085630%22,data/raw/drugsatfda_data_files_2026_09/Submissions_1965_1979.txt,10496,eb7003d97b6b24023b5fde542a5ba7ca4292259d9f323a1530d387a6e0091311,"Verified row, out of scope for NME counts (abbreviated new drug application)",v23 2026-09-20: row read verbatim from the committed official Drugs@FDA Submissions extract (1965-1979 window) at the cited line number; the file re-hashes to the runner manifest SHA-256. Abbreviated new drug application: outside the NDA/BLA novel-approval basis and therefore never counted toward an official NME or NDA total. Published here so the year's complete original-approval population is auditable.
PRE1980ACT-1977-212,1977,085632,ANDA085632,ANDA_ORIGINAL_EXCLUDED,1977-08-02,ORIG,1,AP,,,,,FALSE,CYCLE,QUINIDINE SULFATE,QUINIDINE SULFATE,300MG,TABLET;ORAL,1,,FALSE,0,0,0,0,0,0,0,,,,,,,,https://www.accessdata.fda.gov/scripts/cder/daf/index.cfm?event=overview.process&varApplNo=085632,https://api.fda.gov/drug/drugsfda.json?search=application_number:%22ANDA085632%22,data/raw/drugsatfda_data_files_2026_09/Submissions_1965_1979.txt,10497,eb7003d97b6b24023b5fde542a5ba7ca4292259d9f323a1530d387a6e0091311,"Verified row, out of scope for NME counts (abbreviated new drug application)",v23 2026-09-20: row read verbatim from the committed official Drugs@FDA Submissions extract (1965-1979 window) at the cited line number; the file re-hashes to the runner manifest SHA-256. Abbreviated new drug application: outside the NDA/BLA novel-approval basis and therefore never counted toward an official NME or NDA total. Published here so the year's complete original-approval population is auditable.
PRE1980ACT-1978-148,1978,085633,ANDA085633,ANDA_ORIGINAL_EXCLUDED,1978-07-13,ORIG,1,AP,,,,,FALSE,SANDOZ,PHENDIMETRAZINE TARTRATE,PHENDIMETRAZINE TARTRATE,35MG,CAPSULE;ORAL,1,,FALSE,0,0,0,0,0,0,0,,,,,,,,https://www.accessdata.fda.gov/scripts/cder/daf/index.cfm?event=overview.process&varApplNo=085633,https://api.fda.gov/drug/drugsfda.json?search=application_number:%22ANDA085633%22,data/raw/drugsatfda_data_files_2026_09/Submissions_1965_1979.txt,10498,eb7003d97b6b24023b5fde542a5ba7ca4292259d9f323a1530d387a6e0091311,"Verified row, out of scope for NME counts (abbreviated new drug application)",v23 2026-09-20: row read verbatim from the committed official Drugs@FDA Submissions extract (1965-1979 window) at the cited line number; the file re-hashes to the runner manifest SHA-256. Abbreviated new drug application: outside the NDA/BLA novel-approval basis and therefore never counted toward an official NME or NDA total. Published here so the year's complete original-approval population is auditable.
PRE1980ACT-1979-116,1979,085635,ANDA085635,ANDA_ORIGINAL_EXCLUDED,1979-07-25,ORIG,1,AP,,,,,FALSE,PFIZER,DEPO-TESTOSTERONE,TESTOSTERONE CYPIONATE,50MG/ML,INJECTABLE;INJECTION,3,,FALSE,0,0,0,7,0,3,1,,http://www.accessdata.fda.gov/drugsatfda_docs/anda/pre96/085635Orig1s011.pdf,http://www.accessdata.fda.gov/drugsatfda_docs/label/2014/085635s029lbl.pdf,,,,,https://www.accessdata.fda.gov/scripts/cder/daf/index.cfm?event=overview.process&varApplNo=085635,https://api.fda.gov/drug/drugsfda.json?search=application_number:%22ANDA085635%22,data/raw/drugsatfda_data_files_2026_09/Submissions_1965_1979.txt,10499,eb7003d97b6b24023b5fde542a5ba7ca4292259d9f323a1530d387a6e0091311,"Verified row, out of scope for NME counts (abbreviated new drug application)",v23 2026-09-20: row read verbatim from the committed official Drugs@FDA Submissions extract (1965-1979 window) at the cited line number; the file re-hashes to the runner manifest SHA-256. Abbreviated new drug application: outside the NDA/BLA novel-approval basis and therefore never counted toward an official NME or NDA total. Published here so the year's complete original-approval population is auditable.
PRE1980ACT-1978-149,1978,085638,ANDA085638,ANDA_ORIGINAL_EXCLUDED,1978-05-10,ORIG,1,AP,,,,,FALSE,SCHERER LABS,"CODEINE, ASPIRIN, APAP FORMULA NO. 4",ACETAMINOPHEN; ASPIRIN; CODEINE PHOSPHATE,150MG;180MG;60MG,CAPSULE;ORAL,1,,FALSE,0,0,0,0,0,0,0,,,,,,,,https://www.accessdata.fda.gov/scripts/cder/daf/index.cfm?event=overview.process&varApplNo=085638,https://api.fda.gov/drug/drugsfda.json?search=application_number:%22ANDA085638%22,data/raw/drugsatfda_data_files_2026_09/Submissions_1965_1979.txt,10500,eb7003d97b6b24023b5fde542a5ba7ca4292259d9f323a1530d387a6e0091311,"Verified row, out of scope for NME counts (abbreviated new drug application)",v23 2026-09-20: row read verbatim from the committed official Drugs@FDA Submissions extract (1965-1979 window) at the cited line number; the file re-hashes to the runner manifest SHA-256. Abbreviated new drug application: outside the NDA/BLA novel-approval basis and therefore never counted toward an official NME or NDA total. Published here so the year's complete original-approval population is auditable.
PRE1980ACT-1978-150,1978,085639,ANDA085639,ANDA_ORIGINAL_EXCLUDED,1978-05-10,ORIG,1,AP,,,,,FALSE,SCHERER LABS,"CODEINE, ASPIRIN, APAP FORMULA NO. 3",ACETAMINOPHEN; ASPIRIN; CODEINE PHOSPHATE,150MG;180MG;30MG,CAPSULE;ORAL,1,,FALSE,0,0,0,0,0,0,0,,,,,,,,https://www.accessdata.fda.gov/scripts/cder/daf/index.cfm?event=overview.process&varApplNo=085639,https://api.fda.gov/drug/drugsfda.json?search=application_number:%22ANDA085639%22,data/raw/drugsatfda_data_files_2026_09/Submissions_1965_1979.txt,10501,eb7003d97b6b24023b5fde542a5ba7ca4292259d9f323a1530d387a6e0091311,"Verified row, out of scope for NME counts (abbreviated new drug application)",v23 2026-09-20: row read verbatim from the committed official Drugs@FDA Submissions extract (1965-1979 window) at the cited line number; the file re-hashes to the runner manifest SHA-256. Abbreviated new drug application: outside the NDA/BLA novel-approval basis and therefore never counted toward an official NME or NDA total. Published here so the year's complete original-approval population is auditable.
PRE1980ACT-1978-151,1978,085640,ANDA085640,ANDA_ORIGINAL_EXCLUDED,1978-05-10,ORIG,1,AP,,,,,FALSE,SCHERER LABS,"CODEINE, ASPIRIN, APAP FORMULA NO. 2",ACETAMINOPHEN; ASPIRIN; CODEINE PHOSPHATE,150MG;180MG;15MG,CAPSULE;ORAL,1,,FALSE,0,0,0,0,0,0,0,,,,,,,,https://www.accessdata.fda.gov/scripts/cder/daf/index.cfm?event=overview.process&varApplNo=085640,https://api.fda.gov/drug/drugsfda.json?search=application_number:%22ANDA085640%22,data/raw/drugsatfda_data_files_2026_09/Submissions_1965_1979.txt,10502,eb7003d97b6b24023b5fde542a5ba7ca4292259d9f323a1530d387a6e0091311,"Verified row, out of scope for NME counts (abbreviated new drug application)",v23 2026-09-20: row read verbatim from the committed official Drugs@FDA Submissions extract (1965-1979 window) at the cited line number; the file re-hashes to the runner manifest SHA-256. Abbreviated new drug application: outside the NDA/BLA novel-approval basis and therefore never counted toward an official NME or NDA total. Published here so the year's complete original-approval population is auditable.
PRE1980ACT-1978-152,1978,085659,ANDA085659,ANDA_ORIGINAL_EXCLUDED,1978-01-27,ORIG,1,AP,,,,,FALSE,KV PHARM,DIPHENOXYLATE HYDROCHLORIDE AND ATROPINE SULFATE,ATROPINE SULFATE; DIPHENOXYLATE HYDROCHLORIDE,0.025MG;2.5MG,TABLET;ORAL,1,,FALSE,0,0,0,0,0,0,0,,,,,,,,https://www.accessdata.fda.gov/scripts/cder/daf/index.cfm?event=overview.process&varApplNo=085659,https://api.fda.gov/drug/drugsfda.json?search=application_number:%22ANDA085659%22,data/raw/drugsatfda_data_files_2026_09/Submissions_1965_1979.txt,10503,eb7003d97b6b24023b5fde542a5ba7ca4292259d9f323a1530d387a6e0091311,"Verified row, out of scope for NME counts (abbreviated new drug application)",v23 2026-09-20: row read verbatim from the committed official Drugs@FDA Submissions extract (1965-1979 window) at the cited line number; the file re-hashes to the runner manifest SHA-256. Abbreviated new drug application: outside the NDA/BLA novel-approval basis and therefore never counted toward an official NME or NDA total. Published here so the year's complete original-approval population is auditable.
PRE1980ACT-1978-153,1978,085671,ANDA085671,ANDA_ORIGINAL_EXCLUDED,1978-04-28,ORIG,1,AP,,,,,FALSE,SANDOZ,PHENTERMINE HYDROCHLORIDE,PHENTERMINE HYDROCHLORIDE,8MG,TABLET;ORAL,1,,FALSE,0,0,0,0,0,0,0,,,,,,,,https://www.accessdata.fda.gov/scripts/cder/daf/index.cfm?event=overview.process&varApplNo=085671,https://api.fda.gov/drug/drugsfda.json?search=application_number:%22ANDA085671%22,data/raw/drugsatfda_data_files_2026_09/Submissions_1965_1979.txt,10504,eb7003d97b6b24023b5fde542a5ba7ca4292259d9f323a1530d387a6e0091311,"Verified row, out of scope for NME counts (abbreviated new drug application)",v23 2026-09-20: row read verbatim from the committed official Drugs@FDA Submissions extract (1965-1979 window) at the cited line number; the file re-hashes to the runner manifest SHA-256. Abbreviated new drug application: outside the NDA/BLA novel-approval basis and therefore never counted toward an official NME or NDA total. Published here so the year's complete original-approval population is auditable.
PRE1980ACT-1977-213,1977,085672,ANDA085672,ANDA_ORIGINAL_EXCLUDED,1977-06-02,ORIG,1,AP,,,,,FALSE,ABC HOLDING,HYDROCHLOROTHIAZIDE,HYDROCHLOROTHIAZIDE,50MG,TABLET;ORAL,1,,FALSE,0,0,0,0,0,0,0,,,,,,,,https://www.accessdata.fda.gov/scripts/cder/daf/index.cfm?event=overview.process&varApplNo=085672,https://api.fda.gov/drug/drugsfda.json?search=application_number:%22ANDA085672%22,data/raw/drugsatfda_data_files_2026_09/Submissions_1965_1979.txt,10505,eb7003d97b6b24023b5fde542a5ba7ca4292259d9f323a1530d387a6e0091311,"Verified row, out of scope for NME counts (abbreviated new drug application)",v23 2026-09-20: row read verbatim from the committed official Drugs@FDA Submissions extract (1965-1979 window) at the cited line number; the file re-hashes to the runner manifest SHA-256. Abbreviated new drug application: outside the NDA/BLA novel-approval basis and therefore never counted toward an official NME or NDA total. Published here so the year's complete original-approval population is auditable.
PRE1980ACT-1978-154,1978,085677,ANDA085677,ANDA_ORIGINAL_EXCLUDED,1978-03-07,ORIG,1,AP,,,,,FALSE,WATSON LABS,CORTISONE ACETATE,CORTISONE ACETATE,25MG/ML,INJECTABLE;INJECTION,2,,FALSE,0,0,0,0,0,0,0,,,,,,,,https://www.accessdata.fda.gov/scripts/cder/daf/index.cfm?event=overview.process&varApplNo=085677,https://api.fda.gov/drug/drugsfda.json?search=application_number:%22ANDA085677%22,data/raw/drugsatfda_data_files_2026_09/Submissions_1965_1979.txt,10506,eb7003d97b6b24023b5fde542a5ba7ca4292259d9f323a1530d387a6e0091311,"Verified row, out of scope for NME counts (abbreviated new drug application)",v23 2026-09-20: row read verbatim from the committed official Drugs@FDA Submissions extract (1965-1979 window) at the cited line number; the file re-hashes to the runner manifest SHA-256. Abbreviated new drug application: outside the NDA/BLA novel-approval basis and therefore never counted toward an official NME or NDA total. Published here so the year's complete original-approval population is auditable.
PRE1980ACT-1977-214,1977,085683,ANDA085683,ANDA_ORIGINAL_EXCLUDED,1977-08-17,ORIG,1,AP,,,,,FALSE,CHARTWELL RX,HYDROCHLOROTHIAZIDE,HYDROCHLOROTHIAZIDE,25MG,TABLET;ORAL,1,,FALSE,0,0,0,0,0,0,0,,,,,,,,https://www.accessdata.fda.gov/scripts/cder/daf/index.cfm?event=overview.process&varApplNo=085683,https://api.fda.gov/drug/drugsfda.json?search=application_number:%22ANDA085683%22,data/raw/drugsatfda_data_files_2026_09/Submissions_1965_1979.txt,10507,eb7003d97b6b24023b5fde542a5ba7ca4292259d9f323a1530d387a6e0091311,"Verified row, out of scope for NME counts (abbreviated new drug application)",v23 2026-09-20: row read verbatim from the committed official Drugs@FDA Submissions extract (1965-1979 window) at the cited line number; the file re-hashes to the runner manifest SHA-256. Abbreviated new drug application: outside the NDA/BLA novel-approval basis and therefore never counted toward an official NME or NDA total. Published here so the year's complete original-approval population is auditable.
PRE1980ACT-1977-215,1977,085684,ANDA085684,ANDA_ORIGINAL_EXCLUDED,1977-09-26,ORIG,1,AP,,,,,FALSE,WATSON LABS,PROMETHAZINE HYDROCHLORIDE,PROMETHAZINE HYDROCHLORIDE,25MG,TABLET;ORAL,1,,FALSE,0,0,0,0,0,0,0,,,,,,,,https://www.accessdata.fda.gov/scripts/cder/daf/index.cfm?event=overview.process&varApplNo=085684,https://api.fda.gov/drug/drugsfda.json?search=application_number:%22ANDA085684%22,data/raw/drugsatfda_data_files_2026_09/Submissions_1965_1979.txt,10508,eb7003d97b6b24023b5fde542a5ba7ca4292259d9f323a1530d387a6e0091311,"Verified row, out of scope for NME counts (abbreviated new drug application)",v23 2026-09-20: row read verbatim from the committed official Drugs@FDA Submissions extract (1965-1979 window) at the cited line number; the file re-hashes to the runner manifest SHA-256. Abbreviated new drug application: outside the NDA/BLA novel-approval basis and therefore never counted toward an official NME or NDA total. Published here so the year's complete original-approval population is auditable.
PRE1980ACT-1978-155,1978,085686,ANDA085686,ANDA_ORIGINAL_EXCLUDED,1978-04-28,ORIG,1,AP,,,,,FALSE,SOLVAY,CURRETAB,MEDROXYPROGESTERONE ACETATE,10MG,TABLET;ORAL,1,,FALSE,0,0,0,0,0,0,0,,,,,,,,https://www.accessdata.fda.gov/scripts/cder/daf/index.cfm?event=overview.process&varApplNo=085686,https://api.fda.gov/drug/drugsfda.json?search=application_number:%22ANDA085686%22,data/raw/drugsatfda_data_files_2026_09/Submissions_1965_1979.txt,10509,eb7003d97b6b24023b5fde542a5ba7ca4292259d9f323a1530d387a6e0091311,"Verified row, out of scope for NME counts (abbreviated new drug application)",v23 2026-09-20: row read verbatim from the committed official Drugs@FDA Submissions extract (1965-1979 window) at the cited line number; the file re-hashes to the runner manifest SHA-256. Abbreviated new drug application: outside the NDA/BLA novel-approval basis and therefore never counted toward an official NME or NDA total. Published here so the year's complete original-approval population is auditable.
PRE1980ACT-1978-156,1978,085689,ANDA085689,ANDA_ORIGINAL_EXCLUDED,1978-04-28,ORIG,1,AP,,,,,FALSE,SANDOZ,PHENTERMINE HYDROCHLORIDE,PHENTERMINE HYDROCHLORIDE,8MG,TABLET;ORAL,1,,FALSE,0,0,0,0,0,0,0,,,,,,,,https://www.accessdata.fda.gov/scripts/cder/daf/index.cfm?event=overview.process&varApplNo=085689,https://api.fda.gov/drug/drugsfda.json?search=application_number:%22ANDA085689%22,data/raw/drugsatfda_data_files_2026_09/Submissions_1965_1979.txt,10510,eb7003d97b6b24023b5fde542a5ba7ca4292259d9f323a1530d387a6e0091311,"Verified row, out of scope for NME counts (abbreviated new drug application)",v23 2026-09-20: row read verbatim from the committed official Drugs@FDA Submissions extract (1965-1979 window) at the cited line number; the file re-hashes to the runner manifest SHA-256. Abbreviated new drug application: outside the NDA/BLA novel-approval basis and therefore never counted toward an official NME or NDA total. Published here so the year's complete original-approval population is auditable.
PRE1980ACT-1978-157,1978,085691,ANDA085691,ANDA_ORIGINAL_EXCLUDED,1978-03-09,ORIG,1,AP,,,,,FALSE,FOUGERA PHARMS,TRIAMCINOLONE ACETONIDE,TRIAMCINOLONE ACETONIDE,0.025%,OINTMENT;TOPICAL,3,,FALSE,0,0,0,0,0,0,0,,,,,,,,https://www.accessdata.fda.gov/scripts/cder/daf/index.cfm?event=overview.process&varApplNo=085691,https://api.fda.gov/drug/drugsfda.json?search=application_number:%22ANDA085691%22,data/raw/drugsatfda_data_files_2026_09/Submissions_1965_1979.txt,10511,eb7003d97b6b24023b5fde542a5ba7ca4292259d9f323a1530d387a6e0091311,"Verified row, out of scope for NME counts (abbreviated new drug application)",v23 2026-09-20: row read verbatim from the committed official Drugs@FDA Submissions extract (1965-1979 window) at the cited line number; the file re-hashes to the runner manifest SHA-256. Abbreviated new drug application: outside the NDA/BLA novel-approval basis and therefore never counted toward an official NME or NDA total. Published here so the year's complete original-approval population is auditable.
PRE1980ACT-1978-158,1978,085692,ANDA085692,ANDA_ORIGINAL_EXCLUDED,1978-03-09,ORIG,1,AP,,,,,FALSE,FOUGERA PHARMS,TRIAMCINOLONE ACETONIDE,TRIAMCINOLONE ACETONIDE,0.025%,CREAM;TOPICAL,3,,FALSE,0,0,0,0,0,0,0,,,,,,,,https://www.accessdata.fda.gov/scripts/cder/daf/index.cfm?event=overview.process&varApplNo=085692,https://api.fda.gov/drug/drugsfda.json?search=application_number:%22ANDA085692%22,data/raw/drugsatfda_data_files_2026_09/Submissions_1965_1979.txt,10512,eb7003d97b6b24023b5fde542a5ba7ca4292259d9f323a1530d387a6e0091311,"Verified row, out of scope for NME counts (abbreviated new drug application)",v23 2026-09-20: row read verbatim from the committed official Drugs@FDA Submissions extract (1965-1979 window) at the cited line number; the file re-hashes to the runner manifest SHA-256. Abbreviated new drug application: outside the NDA/BLA novel-approval basis and therefore never counted toward an official NME or NDA total. Published here so the year's complete original-approval population is auditable.
PRE1980ACT-1978-159,1978,085693,,KIND_UNRESOLVED,1978-06-07,ORIG,1,AP,,,,,FALSE,,,,,,0,,FALSE,0,0,0,0,0,0,0,,,,,,FULldb-1978-UNRES11,,https://www.accessdata.fda.gov/scripts/cder/daf/index.cfm?event=overview.process&varApplNo=085693,,data/raw/drugsatfda_data_files_2026_09/Submissions_1965_1979.txt,10513,eb7003d97b6b24023b5fde542a5ba7ca4292259d9f323a1530d387a6e0091311,"Verified row, application type not published (KIND_UNRESOLVED) - review candidate only","v23 2026-09-20: row read verbatim from the committed official Drugs@FDA Submissions extract (1965-1979 window) at the cited line number; the file re-hashes to the runner manifest SHA-256. ApplNo is absent from the unfiltered Applications table, so no NDA/ANDA/BLA type can be asserted; the openFDA payloads do not carry it either. This is a review candidate, never an approval row in the NME decision table. Cross-check record FULldb-1978-UNRES11."
PRE1980ACT-1978-160,1978,085694,ANDA085694,ANDA_ORIGINAL_EXCLUDED,1978-06-05,ORIG,1,AP,,,,,FALSE,SANDOZ,PHENDIMETRAZINE TARTRATE,PHENDIMETRAZINE TARTRATE,35MG,CAPSULE;ORAL,1,,FALSE,0,0,0,0,0,0,0,,,,,,,,https://www.accessdata.fda.gov/scripts/cder/daf/index.cfm?event=overview.process&varApplNo=085694,https://api.fda.gov/drug/drugsfda.json?search=application_number:%22ANDA085694%22,data/raw/drugsatfda_data_files_2026_09/Submissions_1965_1979.txt,10514,eb7003d97b6b24023b5fde542a5ba7ca4292259d9f323a1530d387a6e0091311,"Verified row, out of scope for NME counts (abbreviated new drug application)",v23 2026-09-20: row read verbatim from the committed official Drugs@FDA Submissions extract (1965-1979 window) at the cited line number; the file re-hashes to the runner manifest SHA-256. Abbreviated new drug application: outside the NDA/BLA novel-approval basis and therefore never counted toward an official NME or NDA total. Published here so the year's complete original-approval population is auditable.
PRE1980ACT-1978-161,1978,085695,ANDA085695,ANDA_ORIGINAL_EXCLUDED,1978-06-05,ORIG,1,AP,,,,,FALSE,VIRTUS,PHENDIMETRAZINE TARTRATE,PHENDIMETRAZINE TARTRATE,35MG,CAPSULE;ORAL,1,,FALSE,0,0,0,0,0,0,0,,,,,,,,https://www.accessdata.fda.gov/scripts/cder/daf/index.cfm?event=overview.process&varApplNo=085695,https://api.fda.gov/drug/drugsfda.json?search=application_number:%22ANDA085695%22,data/raw/drugsatfda_data_files_2026_09/Submissions_1965_1979.txt,10515,eb7003d97b6b24023b5fde542a5ba7ca4292259d9f323a1530d387a6e0091311,"Verified row, out of scope for NME counts (abbreviated new drug application)",v23 2026-09-20: row read verbatim from the committed official Drugs@FDA Submissions extract (1965-1979 window) at the cited line number; the file re-hashes to the runner manifest SHA-256. Abbreviated new drug application: outside the NDA/BLA novel-approval basis and therefore never counted toward an official NME or NDA total. Published here so the year's complete original-approval population is auditable.
PRE1980ACT-1977-216,1977,085698,ANDA085698,ANDA_ORIGINAL_EXCLUDED,1977-05-09,ORIG,1,AP,,,,,FALSE,PVT FORM,DI-METREX,PHENDIMETRAZINE TARTRATE,35MG,TABLET;ORAL,1,,FALSE,0,0,0,0,0,0,0,,,,,,,,https://www.accessdata.fda.gov/scripts/cder/daf/index.cfm?event=overview.process&varApplNo=085698,https://api.fda.gov/drug/drugsfda.json?search=application_number:%22ANDA085698%22,data/raw/drugsatfda_data_files_2026_09/Submissions_1965_1979.txt,10516,eb7003d97b6b24023b5fde542a5ba7ca4292259d9f323a1530d387a6e0091311,"Verified row, out of scope for NME counts (abbreviated new drug application)",v23 2026-09-20: row read verbatim from the committed official Drugs@FDA Submissions extract (1965-1979 window) at the cited line number; the file re-hashes to the runner manifest SHA-256. Abbreviated new drug application: outside the NDA/BLA novel-approval basis and therefore never counted toward an official NME or NDA total. Published here so the year's complete original-approval population is auditable.
PRE1980ACT-1978-162,1978,085702,ANDA085702,ANDA_ORIGINAL_EXCLUDED,1978-06-07,ORIG,1,AP,,,,,FALSE,SANDOZ,PHENDIMETRAZINE TARTRATE,PHENDIMETRAZINE TARTRATE,35MG,CAPSULE;ORAL,1,,FALSE,0,0,0,0,0,0,0,,,,,,,,https://www.accessdata.fda.gov/scripts/cder/daf/index.cfm?event=overview.process&varApplNo=085702,https://api.fda.gov/drug/drugsfda.json?search=application_number:%22ANDA085702%22,data/raw/drugsatfda_data_files_2026_09/Submissions_1965_1979.txt,10517,eb7003d97b6b24023b5fde542a5ba7ca4292259d9f323a1530d387a6e0091311,"Verified row, out of scope for NME counts (abbreviated new drug application)",v23 2026-09-20: row read verbatim from the committed official Drugs@FDA Submissions extract (1965-1979 window) at the cited line number; the file re-hashes to the runner manifest SHA-256. Abbreviated new drug application: outside the NDA/BLA novel-approval basis and therefore never counted toward an official NME or NDA total. Published here so the year's complete original-approval population is auditable.
PRE1980ACT-1977-217,1977,085719,ANDA085719,ANDA_ORIGINAL_EXCLUDED,1977-07-13,ORIG,1,AP,,,,,FALSE,WATSON LABS,MEPROBAMATE,MEPROBAMATE,600MG,TABLET;ORAL,1,,FALSE,0,0,0,0,0,0,0,,,,,,,,https://www.accessdata.fda.gov/scripts/cder/daf/index.cfm?event=overview.process&varApplNo=085719,https://api.fda.gov/drug/drugsfda.json?search=application_number:%22ANDA085719%22,data/raw/drugsatfda_data_files_2026_09/Submissions_1965_1979.txt,10518,eb7003d97b6b24023b5fde542a5ba7ca4292259d9f323a1530d387a6e0091311,"Verified row, out of scope for NME counts (abbreviated new drug application)",v23 2026-09-20: row read verbatim from the committed official Drugs@FDA Submissions extract (1965-1979 window) at the cited line number; the file re-hashes to the runner manifest SHA-256. Abbreviated new drug application: outside the NDA/BLA novel-approval basis and therefore never counted toward an official NME or NDA total. Published here so the year's complete original-approval population is auditable.
PRE1980ACT-1977-218,1977,085720,ANDA085720,ANDA_ORIGINAL_EXCLUDED,1977-07-13,ORIG,1,AP,,,,,FALSE,WATSON LABS,MEPROBAMATE,MEPROBAMATE,200MG,TABLET;ORAL,1,,FALSE,0,0,0,0,0,0,0,,,,,,,,https://www.accessdata.fda.gov/scripts/cder/daf/index.cfm?event=overview.process&varApplNo=085720,https://api.fda.gov/drug/drugsfda.json?search=application_number:%22ANDA085720%22,data/raw/drugsatfda_data_files_2026_09/Submissions_1965_1979.txt,10519,eb7003d97b6b24023b5fde542a5ba7ca4292259d9f323a1530d387a6e0091311,"Verified row, out of scope for NME counts (abbreviated new drug application)",v23 2026-09-20: row read verbatim from the committed official Drugs@FDA Submissions extract (1965-1979 window) at the cited line number; the file re-hashes to the runner manifest SHA-256. Abbreviated new drug application: outside the NDA/BLA novel-approval basis and therefore never counted toward an official NME or NDA total. Published here so the year's complete original-approval population is auditable.
PRE1980ACT-1977-219,1977,085721,ANDA085721,ANDA_ORIGINAL_EXCLUDED,1977-07-13,ORIG,1,AP,,,,,FALSE,WATSON LABS,MEPROBAMATE,MEPROBAMATE,400MG,TABLET;ORAL,1,,FALSE,0,0,0,0,0,0,0,,,,,,,,https://www.accessdata.fda.gov/scripts/cder/daf/index.cfm?event=overview.process&varApplNo=085721,https://api.fda.gov/drug/drugsfda.json?search=application_number:%22ANDA085721%22,data/raw/drugsatfda_data_files_2026_09/Submissions_1965_1979.txt,10520,eb7003d97b6b24023b5fde542a5ba7ca4292259d9f323a1530d387a6e0091311,"Verified row, out of scope for NME counts (abbreviated new drug application)",v23 2026-09-20: row read verbatim from the committed official Drugs@FDA Submissions extract (1965-1979 window) at the cited line number; the file re-hashes to the runner manifest SHA-256. Abbreviated new drug application: outside the NDA/BLA novel-approval basis and therefore never counted toward an official NME or NDA total. Published here so the year's complete original-approval population is auditable.
PRE1980ACT-1978-163,1978,085732,ANDA085732,ANDA_ORIGINAL_EXCLUDED,1978-08-21,ORIG,1,AP,,,,,FALSE,WATSON LABS,PROPOXYPHENE HYDROCHLORIDE W/ ASPIRIN AND CAFFEINE,ASPIRIN; CAFFEINE; PROPOXYPHENE HYDROCHLORIDE,389MG;32.4MG;65MG,CAPSULE;ORAL,1,,FALSE,0,0,0,0,0,0,0,,,,,,,,https://www.accessdata.fda.gov/scripts/cder/daf/index.cfm?event=overview.process&varApplNo=085732,https://api.fda.gov/drug/drugsfda.json?search=application_number:%22ANDA085732%22,data/raw/drugsatfda_data_files_2026_09/Submissions_1965_1979.txt,10521,eb7003d97b6b24023b5fde542a5ba7ca4292259d9f323a1530d387a6e0091311,"Verified row, out of scope for NME counts (abbreviated new drug application)",v23 2026-09-20: row read verbatim from the committed official Drugs@FDA Submissions extract (1965-1979 window) at the cited line number; the file re-hashes to the runner manifest SHA-256. Abbreviated new drug application: outside the NDA/BLA novel-approval basis and therefore never counted toward an official NME or NDA total. Published here so the year's complete original-approval population is auditable.
PRE1980ACT-1978-164,1978,085733,ANDA085733,ANDA_ORIGINAL_EXCLUDED,1978-11-06,ORIG,1,AP,,,,,FALSE,IVAX PHARMS,HYDROCORTISONE,HYDROCORTISONE,1%,CREAM;TOPICAL,1,,FALSE,0,0,0,0,0,0,0,,,,,,,,https://www.accessdata.fda.gov/scripts/cder/daf/index.cfm?event=overview.process&varApplNo=085733,https://api.fda.gov/drug/drugsfda.json?search=application_number:%22ANDA085733%22,data/raw/drugsatfda_data_files_2026_09/Submissions_1965_1979.txt,10522,eb7003d97b6b24023b5fde542a5ba7ca4292259d9f323a1530d387a6e0091311,"Verified row, out of scope for NME counts (abbreviated new drug application)",v23 2026-09-20: row read verbatim from the committed official Drugs@FDA Submissions extract (1965-1979 window) at the cited line number; the file re-hashes to the runner manifest SHA-256. Abbreviated new drug application: outside the NDA/BLA novel-approval basis and therefore never counted toward an official NME or NDA total. Published here so the year's complete original-approval population is auditable.
PRE1980ACT-1978-165,1978,085734,ANDA085734,ANDA_ORIGINAL_EXCLUDED,1978-10-13,ORIG,1,AP,,,,,FALSE,B BRAUN,AMMONIUM CHLORIDE 2.14%,AMMONIUM CHLORIDE,40MEQ/100ML,INJECTABLE;INJECTION,1,,FALSE,0,0,0,0,0,0,0,,,,,,,,https://www.accessdata.fda.gov/scripts/cder/daf/index.cfm?event=overview.process&varApplNo=085734,https://api.fda.gov/drug/drugsfda.json?search=application_number:%22ANDA085734%22,data/raw/drugsatfda_data_files_2026_09/Submissions_1965_1979.txt,10523,eb7003d97b6b24023b5fde542a5ba7ca4292259d9f323a1530d387a6e0091311,"Verified row, out of scope for NME counts (abbreviated new drug application)",v23 2026-09-20: row read verbatim from the committed official Drugs@FDA Submissions extract (1965-1979 window) at the cited line number; the file re-hashes to the runner manifest SHA-256. Abbreviated new drug application: outside the NDA/BLA novel-approval basis and therefore never counted toward an official NME or NDA total. Published here so the year's complete original-approval population is auditable.
PRE1980ACT-1978-166,1978,085735,ANDA085735,ANDA_ORIGINAL_EXCLUDED,1978-02-13,ORIG,1,AP,,,,,FALSE,MEDPOINTE PHARM HLC,COLONAID,ATROPINE SULFATE; DIPHENOXYLATE HYDROCHLORIDE,0.025MG/5ML;2.5MG/5ML,SOLUTION;ORAL,1,,FALSE,0,0,0,0,0,0,0,,,,,,,,https://www.accessdata.fda.gov/scripts/cder/daf/index.cfm?event=overview.process&varApplNo=085735,https://api.fda.gov/drug/drugsfda.json?search=application_number:%22ANDA085735%22,data/raw/drugsatfda_data_files_2026_09/Submissions_1965_1979.txt,10524,eb7003d97b6b24023b5fde542a5ba7ca4292259d9f323a1530d387a6e0091311,"Verified row, out of scope for NME counts (abbreviated new drug application)",v23 2026-09-20: row read verbatim from the committed official Drugs@FDA Submissions extract (1965-1979 window) at the cited line number; the file re-hashes to the runner manifest SHA-256. Abbreviated new drug application: outside the NDA/BLA novel-approval basis and therefore never counted toward an official NME or NDA total. Published here so the year's complete original-approval population is auditable.
PRE1980ACT-1979-117,1979,085738,ANDA085738,ANDA_ORIGINAL_EXCLUDED,1979-01-30,ORIG,1,AP,,,,,FALSE,WATSON LABS,BETAMETHASONE SODIUM PHOSPHATE,BETAMETHASONE SODIUM PHOSPHATE,EQ 3MG BASE/ML,INJECTABLE;INJECTION,1,,FALSE,0,0,0,0,0,0,0,,,,,,,,https://www.accessdata.fda.gov/scripts/cder/daf/index.cfm?event=overview.process&varApplNo=085738,https://api.fda.gov/drug/drugsfda.json?search=application_number:%22ANDA085738%22,data/raw/drugsatfda_data_files_2026_09/Submissions_1965_1979.txt,10525,eb7003d97b6b24023b5fde542a5ba7ca4292259d9f323a1530d387a6e0091311,"Verified row, out of scope for NME counts (abbreviated new drug application)",v23 2026-09-20: row read verbatim from the committed official Drugs@FDA Submissions extract (1965-1979 window) at the cited line number; the file re-hashes to the runner manifest SHA-256. Abbreviated new drug application: outside the NDA/BLA novel-approval basis and therefore never counted toward an official NME or NDA total. Published here so the year's complete original-approval population is auditable.
PRE1980ACT-1978-167,1978,085739,ANDA085739,ANDA_ORIGINAL_EXCLUDED,1978-05-19,ORIG,1,AP,,,,,FALSE,WATSON LABS,PHENTERMINE HYDROCHLORIDE,PHENTERMINE HYDROCHLORIDE,8MG,TABLET;ORAL,1,,FALSE,0,0,0,0,0,0,0,,,,,,,,https://www.accessdata.fda.gov/scripts/cder/daf/index.cfm?event=overview.process&varApplNo=085739,https://api.fda.gov/drug/drugsfda.json?search=application_number:%22ANDA085739%22,data/raw/drugsatfda_data_files_2026_09/Submissions_1965_1979.txt,10526,eb7003d97b6b24023b5fde542a5ba7ca4292259d9f323a1530d387a6e0091311,"Verified row, out of scope for NME counts (abbreviated new drug application)",v23 2026-09-20: row read verbatim from the committed official Drugs@FDA Submissions extract (1965-1979 window) at the cited line number; the file re-hashes to the runner manifest SHA-256. Abbreviated new drug application: outside the NDA/BLA novel-approval basis and therefore never counted toward an official NME or NDA total. Published here so the year's complete original-approval population is auditable.
PRE1980ACT-1977-220,1977,085740,ANDA085740,ANDA_ORIGINAL_EXCLUDED,1977-07-06,ORIG,1,AP,,,,,FALSE,ANI PHARMS,MECLIZINE HYDROCHLORIDE,MECLIZINE HYDROCHLORIDE,25MG,TABLET;ORAL,1,,FALSE,0,0,0,0,0,0,0,,,,,,,,https://www.accessdata.fda.gov/scripts/cder/daf/index.cfm?event=overview.process&varApplNo=085740,https://api.fda.gov/drug/drugsfda.json?search=application_number:%22ANDA085740%22,data/raw/drugsatfda_data_files_2026_09/Submissions_1965_1979.txt,10527,eb7003d97b6b24023b5fde542a5ba7ca4292259d9f323a1530d387a6e0091311,"Verified row, out of scope for NME counts (abbreviated new drug application)",v23 2026-09-20: row read verbatim from the committed official Drugs@FDA Submissions extract (1965-1979 window) at the cited line number; the file re-hashes to the runner manifest SHA-256. Abbreviated new drug application: outside the NDA/BLA novel-approval basis and therefore never counted toward an official NME or NDA total. Published here so the year's complete original-approval population is auditable.
PRE1980ACT-1979-118,1979,085741,ANDA085741,ANDA_ORIGINAL_EXCLUDED,1979-08-15,ORIG,1,AP,,,,,FALSE,WATSON LABS,DIETHYLPROPION HYDROCHLORIDE,DIETHYLPROPION HYDROCHLORIDE,25MG,TABLET;ORAL,1,,FALSE,0,0,0,0,0,0,0,,,,,,,,https://www.accessdata.fda.gov/scripts/cder/daf/index.cfm?event=overview.process&varApplNo=085741,https://api.fda.gov/drug/drugsfda.json?search=application_number:%22ANDA085741%22,data/raw/drugsatfda_data_files_2026_09/Submissions_1965_1979.txt,10528,eb7003d97b6b24023b5fde542a5ba7ca4292259d9f323a1530d387a6e0091311,"Verified row, out of scope for NME counts (abbreviated new drug application)",v23 2026-09-20: row read verbatim from the committed official Drugs@FDA Submissions extract (1965-1979 window) at the cited line number; the file re-hashes to the runner manifest SHA-256. Abbreviated new drug application: outside the NDA/BLA novel-approval basis and therefore never counted toward an official NME or NDA total. Published here so the year's complete original-approval population is auditable.
PRE1980ACT-1977-221,1977,085742,ANDA085742,ANDA_ORIGINAL_EXCLUDED,1977-07-13,ORIG,1,AP,,,,,FALSE,MUTUAL PHARM,AMITRIPTYLINE HYDROCHLORIDE,AMITRIPTYLINE HYDROCHLORIDE,100MG,TABLET;ORAL,1,,FALSE,0,0,0,0,0,0,0,,,,,,,,https://www.accessdata.fda.gov/scripts/cder/daf/index.cfm?event=overview.process&varApplNo=085742,https://api.fda.gov/drug/drugsfda.json?search=application_number:%22ANDA085742%22,data/raw/drugsatfda_data_files_2026_09/Submissions_1965_1979.txt,10529,eb7003d97b6b24023b5fde542a5ba7ca4292259d9f323a1530d387a6e0091311,"Verified row, out of scope for NME counts (abbreviated new drug application)",v23 2026-09-20: row read verbatim from the committed official Drugs@FDA Submissions extract (1965-1979 window) at the cited line number; the file re-hashes to the runner manifest SHA-256. Abbreviated new drug application: outside the NDA/BLA novel-approval basis and therefore never counted toward an official NME or NDA total. Published here so the year's complete original-approval population is auditable.
PRE1980ACT-1977-222,1977,085743,ANDA085743,ANDA_ORIGINAL_EXCLUDED,1977-07-11,ORIG,1,AP,,,,,FALSE,MUTUAL PHARM,AMITRIPTYLINE HYDROCHLORIDE,AMITRIPTYLINE HYDROCHLORIDE,75MG,TABLET;ORAL,1,,FALSE,0,0,0,0,0,0,0,,,,,,,,https://www.accessdata.fda.gov/scripts/cder/daf/index.cfm?event=overview.process&varApplNo=085743,https://api.fda.gov/drug/drugsfda.json?search=application_number:%22ANDA085743%22,data/raw/drugsatfda_data_files_2026_09/Submissions_1965_1979.txt,10530,eb7003d97b6b24023b5fde542a5ba7ca4292259d9f323a1530d387a6e0091311,"Verified row, out of scope for NME counts (abbreviated new drug application)",v23 2026-09-20: row read verbatim from the committed official Drugs@FDA Submissions extract (1965-1979 window) at the cited line number; the file re-hashes to the runner manifest SHA-256. Abbreviated new drug application: outside the NDA/BLA novel-approval basis and therefore never counted toward an official NME or NDA total. Published here so the year's complete original-approval population is auditable.
PRE1980ACT-1977-223,1977,085744,ANDA085744,ANDA_ORIGINAL_EXCLUDED,1977-06-21,ORIG,1,AP,,,,,FALSE,MUTUAL PHARM,AMITRIPTYLINE HYDROCHLORIDE,AMITRIPTYLINE HYDROCHLORIDE,10MG,TABLET;ORAL,1,,FALSE,0,0,0,0,0,0,0,,,,,,,,https://www.accessdata.fda.gov/scripts/cder/daf/index.cfm?event=overview.process&varApplNo=085744,https://api.fda.gov/drug/drugsfda.json?search=application_number:%22ANDA085744%22,data/raw/drugsatfda_data_files_2026_09/Submissions_1965_1979.txt,10531,eb7003d97b6b24023b5fde542a5ba7ca4292259d9f323a1530d387a6e0091311,"Verified row, out of scope for NME counts (abbreviated new drug application)",v23 2026-09-20: row read verbatim from the committed official Drugs@FDA Submissions extract (1965-1979 window) at the cited line number; the file re-hashes to the runner manifest SHA-256. Abbreviated new drug application: outside the NDA/BLA novel-approval basis and therefore never counted toward an official NME or NDA total. Published here so the year's complete original-approval population is auditable.
PRE1980ACT-1977-224,1977,085745,ANDA085745,ANDA_ORIGINAL_EXCLUDED,1977-07-11,ORIG,1,AP,,,,,FALSE,MUTUAL PHARM,AMITRIPTYLINE HYDROCHLORIDE,AMITRIPTYLINE HYDROCHLORIDE,50MG,TABLET;ORAL,1,,FALSE,0,0,0,0,0,0,0,,,,,,,,https://www.accessdata.fda.gov/scripts/cder/daf/index.cfm?event=overview.process&varApplNo=085745,https://api.fda.gov/drug/drugsfda.json?search=application_number:%22ANDA085745%22,data/raw/drugsatfda_data_files_2026_09/Submissions_1965_1979.txt,10532,eb7003d97b6b24023b5fde542a5ba7ca4292259d9f323a1530d387a6e0091311,"Verified row, out of scope for NME counts (abbreviated new drug application)",v23 2026-09-20: row read verbatim from the committed official Drugs@FDA Submissions extract (1965-1979 window) at the cited line number; the file re-hashes to the runner manifest SHA-256. Abbreviated new drug application: outside the NDA/BLA novel-approval basis and therefore never counted toward an official NME or NDA total. Published here so the year's complete original-approval population is auditable.
PRE1980ACT-1978-168,1978,085748,ANDA085748,ANDA_ORIGINAL_EXCLUDED,1978-02-06,ORIG,1,AP,,,,,FALSE,KV PHARM,CHLORPROMAZINE HYDROCHLORIDE,CHLORPROMAZINE HYDROCHLORIDE,200MG,TABLET;ORAL,1,,FALSE,0,0,0,0,0,0,0,,,,,,,,https://www.accessdata.fda.gov/scripts/cder/daf/index.cfm?event=overview.process&varApplNo=085748,https://api.fda.gov/drug/drugsfda.json?search=application_number:%22ANDA085748%22,data/raw/drugsatfda_data_files_2026_09/Submissions_1965_1979.txt,10533,eb7003d97b6b24023b5fde542a5ba7ca4292259d9f323a1530d387a6e0091311,"Verified row, out of scope for NME counts (abbreviated new drug application)",v23 2026-09-20: row read verbatim from the committed official Drugs@FDA Submissions extract (1965-1979 window) at the cited line number; the file re-hashes to the runner manifest SHA-256. Abbreviated new drug application: outside the NDA/BLA novel-approval basis and therefore never counted toward an official NME or NDA total. Published here so the year's complete original-approval population is auditable.
PRE1980ACT-1978-169,1978,085750,ANDA085750,ANDA_ORIGINAL_EXCLUDED,1978-02-06,ORIG,1,AP,,,,,FALSE,KV PHARM,CHLORPROMAZINE HYDROCHLORIDE,CHLORPROMAZINE HYDROCHLORIDE,10MG,TABLET;ORAL,1,,FALSE,0,0,0,0,0,0,0,,,,,,,,https://www.accessdata.fda.gov/scripts/cder/daf/index.cfm?event=overview.process&varApplNo=085750,https://api.fda.gov/drug/drugsfda.json?search=application_number:%22ANDA085750%22,data/raw/drugsatfda_data_files_2026_09/Submissions_1965_1979.txt,10534,eb7003d97b6b24023b5fde542a5ba7ca4292259d9f323a1530d387a6e0091311,"Verified row, out of scope for NME counts (abbreviated new drug application)",v23 2026-09-20: row read verbatim from the committed official Drugs@FDA Submissions extract (1965-1979 window) at the cited line number; the file re-hashes to the runner manifest SHA-256. Abbreviated new drug application: outside the NDA/BLA novel-approval basis and therefore never counted toward an official NME or NDA total. Published here so the year's complete original-approval population is auditable.
PRE1980ACT-1978-170,1978,085751,ANDA085751,ANDA_ORIGINAL_EXCLUDED,1978-02-06,ORIG,1,AP,,,,,FALSE,KV PHARM,CHLORPROMAZINE HYDROCHLORIDE,CHLORPROMAZINE HYDROCHLORIDE,25MG,TABLET;ORAL,1,,FALSE,0,0,0,0,0,0,0,,,,,,,,https://www.accessdata.fda.gov/scripts/cder/daf/index.cfm?event=overview.process&varApplNo=085751,https://api.fda.gov/drug/drugsfda.json?search=application_number:%22ANDA085751%22,data/raw/drugsatfda_data_files_2026_09/Submissions_1965_1979.txt,10535,eb7003d97b6b24023b5fde542a5ba7ca4292259d9f323a1530d387a6e0091311,"Verified row, out of scope for NME counts (abbreviated new drug application)",v23 2026-09-20: row read verbatim from the committed official Drugs@FDA Submissions extract (1965-1979 window) at the cited line number; the file re-hashes to the runner manifest SHA-256. Abbreviated new drug application: outside the NDA/BLA novel-approval basis and therefore never counted toward an official NME or NDA total. Published here so the year's complete original-approval population is auditable.
PRE1980ACT-1978-171,1978,085752,ANDA085752,ANDA_ORIGINAL_EXCLUDED,1978-02-06,ORIG,1,AP,,,,,FALSE,KV PHARM,CHLORPROMAZINE HYDROCHLORIDE,CHLORPROMAZINE HYDROCHLORIDE,100MG,TABLET;ORAL,1,,FALSE,0,0,0,0,0,0,0,,,,,,,,https://www.accessdata.fda.gov/scripts/cder/daf/index.cfm?event=overview.process&varApplNo=085752,https://api.fda.gov/drug/drugsfda.json?search=application_number:%22ANDA085752%22,data/raw/drugsatfda_data_files_2026_09/Submissions_1965_1979.txt,10536,eb7003d97b6b24023b5fde542a5ba7ca4292259d9f323a1530d387a6e0091311,"Verified row, out of scope for NME counts (abbreviated new drug application)",v23 2026-09-20: row read verbatim from the committed official Drugs@FDA Submissions extract (1965-1979 window) at the cited line number; the file re-hashes to the runner manifest SHA-256. Abbreviated new drug application: outside the NDA/BLA novel-approval basis and therefore never counted toward an official NME or NDA total. Published here so the year's complete original-approval population is auditable.
PRE1980ACT-1977-225,1977,085756,ANDA085756,ANDA_ORIGINAL_EXCLUDED,1977-05-11,ORIG,1,AP,,,,,FALSE,CAMALL,CAM-METRAZINE,PHENDIMETRAZINE TARTRATE,35MG,TABLET;ORAL,1,,FALSE,0,0,0,0,0,0,0,,,,,,,,https://www.accessdata.fda.gov/scripts/cder/daf/index.cfm?event=overview.process&varApplNo=085756,https://api.fda.gov/drug/drugsfda.json?search=application_number:%22ANDA085756%22,data/raw/drugsatfda_data_files_2026_09/Submissions_1965_1979.txt,10537,eb7003d97b6b24023b5fde542a5ba7ca4292259d9f323a1530d387a6e0091311,"Verified row, out of scope for NME counts (abbreviated new drug application)",v23 2026-09-20: row read verbatim from the committed official Drugs@FDA Submissions extract (1965-1979 window) at the cited line number; the file re-hashes to the runner manifest SHA-256. Abbreviated new drug application: outside the NDA/BLA novel-approval basis and therefore never counted toward an official NME or NDA total. Published here so the year's complete original-approval population is auditable.
PRE1980ACT-1977-226,1977,085761,ANDA085761,ANDA_ORIGINAL_EXCLUDED,1977-08-02,ORIG,1,AP,,,,,FALSE,CHARTWELL RX,PHENDIMETRAZINE TARTRATE,PHENDIMETRAZINE TARTRATE,35MG,TABLET;ORAL,1,,FALSE,0,0,0,0,0,0,0,,,,,,,,https://www.accessdata.fda.gov/scripts/cder/daf/index.cfm?event=overview.process&varApplNo=085761,https://api.fda.gov/drug/drugsfda.json?search=application_number:%22ANDA085761%22,data/raw/drugsatfda_data_files_2026_09/Submissions_1965_1979.txt,10538,eb7003d97b6b24023b5fde542a5ba7ca4292259d9f323a1530d387a6e0091311,"Verified row, out of scope for NME counts (abbreviated new drug application)",v23 2026-09-20: row read verbatim from the committed official Drugs@FDA Submissions extract (1965-1979 window) at the cited line number; the file re-hashes to the runner manifest SHA-256. Abbreviated new drug application: outside the NDA/BLA novel-approval basis and therefore never counted toward an official NME or NDA total. Published here so the year's complete original-approval population is auditable.
PRE1980ACT-1977-227,1977,085762,ANDA085762,ANDA_ORIGINAL_EXCLUDED,1977-11-17,ORIG,1,AP,,,,,FALSE,QUAGEN,DIPHENOXYLATE HYDROCHLORIDE AND ATROPINE SULFATE,ATROPINE SULFATE; DIPHENOXYLATE HYDROCHLORIDE,0.025MG;2.5MG,TABLET;ORAL,1,,FALSE,0,0,0,0,0,0,0,,,,,,,,https://www.accessdata.fda.gov/scripts/cder/daf/index.cfm?event=overview.process&varApplNo=085762,https://api.fda.gov/drug/drugsfda.json?search=application_number:%22ANDA085762%22,data/raw/drugsatfda_data_files_2026_09/Submissions_1965_1979.txt,10539,eb7003d97b6b24023b5fde542a5ba7ca4292259d9f323a1530d387a6e0091311,"Verified row, out of scope for NME counts (abbreviated new drug application)",v23 2026-09-20: row read verbatim from the committed official Drugs@FDA Submissions extract (1965-1979 window) at the cited line number; the file re-hashes to the runner manifest SHA-256. Abbreviated new drug application: outside the NDA/BLA novel-approval basis and therefore never counted toward an official NME or NDA total. Published here so the year's complete original-approval population is auditable.
PRE1980ACT-1977-228,1977,085763,ANDA085763,ANDA_ORIGINAL_EXCLUDED,1977-08-02,ORIG,1,AP,,,,,FALSE,WATSON LABS,GLUTETHIMIDE,GLUTETHIMIDE,500MG,TABLET;ORAL,1,,FALSE,0,0,0,0,0,0,0,,,,,,,,https://www.accessdata.fda.gov/scripts/cder/daf/index.cfm?event=overview.process&varApplNo=085763,https://api.fda.gov/drug/drugsfda.json?search=application_number:%22ANDA085763%22,data/raw/drugsatfda_data_files_2026_09/Submissions_1965_1979.txt,10540,eb7003d97b6b24023b5fde542a5ba7ca4292259d9f323a1530d387a6e0091311,"Verified row, out of scope for NME counts (abbreviated new drug application)",v23 2026-09-20: row read verbatim from the committed official Drugs@FDA Submissions extract (1965-1979 window) at the cited line number; the file re-hashes to the runner manifest SHA-256. Abbreviated new drug application: outside the NDA/BLA novel-approval basis and therefore never counted toward an official NME or NDA total. Published here so the year's complete original-approval population is auditable.
PRE1980ACT-1977-229,1977,085764,ANDA085764,ANDA_ORIGINAL_EXCLUDED,1977-10-28,ORIG,1,AP,,,,,FALSE,WATSON LABS,BUTABARBITAL SODIUM,BUTABARBITAL SODIUM,15MG,TABLET;ORAL,1,,FALSE,0,0,0,0,0,0,0,,,,,,,,https://www.accessdata.fda.gov/scripts/cder/daf/index.cfm?event=overview.process&varApplNo=085764,https://api.fda.gov/drug/drugsfda.json?search=application_number:%22ANDA085764%22,data/raw/drugsatfda_data_files_2026_09/Submissions_1965_1979.txt,10541,eb7003d97b6b24023b5fde542a5ba7ca4292259d9f323a1530d387a6e0091311,"Verified row, out of scope for NME counts (abbreviated new drug application)",v23 2026-09-20: row read verbatim from the committed official Drugs@FDA Submissions extract (1965-1979 window) at the cited line number; the file re-hashes to the runner manifest SHA-256. Abbreviated new drug application: outside the NDA/BLA novel-approval basis and therefore never counted toward an official NME or NDA total. Published here so the year's complete original-approval population is auditable.
PRE1980ACT-1978-172,1978,085766,ANDA085766,ANDA_ORIGINAL_EXCLUDED,1978-12-22,ORIG,1,AP,,,,,FALSE,PVT FORM,DIPHENOXYLATE HYDROCHLORIDE AND ATROPINE SULFATE,ATROPINE SULFATE; DIPHENOXYLATE HYDROCHLORIDE,0.025MG;2.5MG,TABLET;ORAL,1,,FALSE,0,0,0,0,0,0,0,,,,,,,,https://www.accessdata.fda.gov/scripts/cder/daf/index.cfm?event=overview.process&varApplNo=085766,https://api.fda.gov/drug/drugsfda.json?search=application_number:%22ANDA085766%22,data/raw/drugsatfda_data_files_2026_09/Submissions_1965_1979.txt,10542,eb7003d97b6b24023b5fde542a5ba7ca4292259d9f323a1530d387a6e0091311,"Verified row, out of scope for NME counts (abbreviated new drug application)",v23 2026-09-20: row read verbatim from the committed official Drugs@FDA Submissions extract (1965-1979 window) at the cited line number; the file re-hashes to the runner manifest SHA-256. Abbreviated new drug application: outside the NDA/BLA novel-approval basis and therefore never counted toward an official NME or NDA total. Published here so the year's complete original-approval population is auditable.
PRE1980ACT-1977-230,1977,085767,ANDA085767,ANDA_ORIGINAL_EXCLUDED,1977-11-28,ORIG,1,AP,,,,,FALSE,WATSON LABS,PHENDIMETRAZINE TARTRATE,PHENDIMETRAZINE TARTRATE,35MG,TABLET;ORAL,1,,FALSE,0,0,0,0,0,0,0,,,,,,,,https://www.accessdata.fda.gov/scripts/cder/daf/index.cfm?event=overview.process&varApplNo=085767,https://api.fda.gov/drug/drugsfda.json?search=application_number:%22ANDA085767%22,data/raw/drugsatfda_data_files_2026_09/Submissions_1965_1979.txt,10543,eb7003d97b6b24023b5fde542a5ba7ca4292259d9f323a1530d387a6e0091311,"Verified row, out of scope for NME counts (abbreviated new drug application)",v23 2026-09-20: row read verbatim from the committed official Drugs@FDA Submissions extract (1965-1979 window) at the cited line number; the file re-hashes to the runner manifest SHA-256. Abbreviated new drug application: outside the NDA/BLA novel-approval basis and therefore never counted toward an official NME or NDA total. Published here so the year's complete original-approval population is auditable.
PRE1980ACT-1977-231,1977,085768,ANDA085768,ANDA_ORIGINAL_EXCLUDED,1977-11-28,ORIG,1,AP,,,,,FALSE,WATSON LABS,PHENDIMETRAZINE TARTRATE,PHENDIMETRAZINE TARTRATE,35MG,TABLET;ORAL,1,,FALSE,0,0,0,0,0,0,0,,,,,,,,https://www.accessdata.fda.gov/scripts/cder/daf/index.cfm?event=overview.process&varApplNo=085768,https://api.fda.gov/drug/drugsfda.json?search=application_number:%22ANDA085768%22,data/raw/drugsatfda_data_files_2026_09/Submissions_1965_1979.txt,10544,eb7003d97b6b24023b5fde542a5ba7ca4292259d9f323a1530d387a6e0091311,"Verified row, out of scope for NME counts (abbreviated new drug application)",v23 2026-09-20: row read verbatim from the committed official Drugs@FDA Submissions extract (1965-1979 window) at the cited line number; the file re-hashes to the runner manifest SHA-256. Abbreviated new drug application: outside the NDA/BLA novel-approval basis and therefore never counted toward an official NME or NDA total. Published here so the year's complete original-approval population is auditable.
PRE1980ACT-1977-232,1977,085770,ANDA085770,ANDA_ORIGINAL_EXCLUDED,1977-11-28,ORIG,1,AP,,,,,FALSE,WATSON LABS,PHENDIMETRAZINE TARTRATE,PHENDIMETRAZINE TARTRATE,35MG,TABLET;ORAL,1,,FALSE,0,0,0,0,0,0,0,,,,,,,,https://www.accessdata.fda.gov/scripts/cder/daf/index.cfm?event=overview.process&varApplNo=085770,https://api.fda.gov/drug/drugsfda.json?search=application_number:%22ANDA085770%22,data/raw/drugsatfda_data_files_2026_09/Submissions_1965_1979.txt,10545,eb7003d97b6b24023b5fde542a5ba7ca4292259d9f323a1530d387a6e0091311,"Verified row, out of scope for NME counts (abbreviated new drug application)",v23 2026-09-20: row read verbatim from the committed official Drugs@FDA Submissions extract (1965-1979 window) at the cited line number; the file re-hashes to the runner manifest SHA-256. Abbreviated new drug application: outside the NDA/BLA novel-approval basis and therefore never counted toward an official NME or NDA total. Published here so the year's complete original-approval population is auditable.
PRE1980ACT-1978-173,1978,085771,ANDA085771,ANDA_ORIGINAL_EXCLUDED,1978-04-21,ORIG,1,AP,,,,,FALSE,WATSON LABS,"HYDRALAZINE, HYDROCHLOROTHIAZIDE W/ RESERPINE",HYDRALAZINE HYDROCHLORIDE; HYDROCHLOROTHIAZIDE; RESERPINE,25MG;15MG;0.1MG,TABLET;ORAL,1,,FALSE,0,0,0,0,0,0,0,,,,,,,,https://www.accessdata.fda.gov/scripts/cder/daf/index.cfm?event=overview.process&varApplNo=085771,https://api.fda.gov/drug/drugsfda.json?search=application_number:%22ANDA085771%22,data/raw/drugsatfda_data_files_2026_09/Submissions_1965_1979.txt,10546,eb7003d97b6b24023b5fde542a5ba7ca4292259d9f323a1530d387a6e0091311,"Verified row, out of scope for NME counts (abbreviated new drug application)",v23 2026-09-20: row read verbatim from the committed official Drugs@FDA Submissions extract (1965-1979 window) at the cited line number; the file re-hashes to the runner manifest SHA-256. Abbreviated new drug application: outside the NDA/BLA novel-approval basis and therefore never counted toward an official NME or NDA total. Published here so the year's complete original-approval population is auditable.
PRE1980ACT-1977-233,1977,085772,ANDA085772,ANDA_ORIGINAL_EXCLUDED,1977-08-24,ORIG,1,AP,,,,,FALSE,WATSON LABS,BUTABARBITAL SODIUM,BUTABARBITAL SODIUM,30MG,TABLET;ORAL,1,,FALSE,0,0,0,0,0,0,0,,,,,,,,https://www.accessdata.fda.gov/scripts/cder/daf/index.cfm?event=overview.process&varApplNo=085772,https://api.fda.gov/drug/drugsfda.json?search=application_number:%22ANDA085772%22,data/raw/drugsatfda_data_files_2026_09/Submissions_1965_1979.txt,10547,eb7003d97b6b24023b5fde542a5ba7ca4292259d9f323a1530d387a6e0091311,"Verified row, out of scope for NME counts (abbreviated new drug application)",v23 2026-09-20: row read verbatim from the committed official Drugs@FDA Submissions extract (1965-1979 window) at the cited line number; the file re-hashes to the runner manifest SHA-256. Abbreviated new drug application: outside the NDA/BLA novel-approval basis and therefore never counted toward an official NME or NDA total. Published here so the year's complete original-approval population is auditable.
PRE1980ACT-1977-234,1977,085773,ANDA085773,ANDA_ORIGINAL_EXCLUDED,1977-11-28,ORIG,1,AP,,,,,FALSE,WATSON LABS,PHENDIMETRAZINE TARTRATE,PHENDIMETRAZINE TARTRATE,35MG,TABLET;ORAL,1,,FALSE,0,0,0,0,0,0,0,,,,,,,,https://www.accessdata.fda.gov/scripts/cder/daf/index.cfm?event=overview.process&varApplNo=085773,https://api.fda.gov/drug/drugsfda.json?search=application_number:%22ANDA085773%22,data/raw/drugsatfda_data_files_2026_09/Submissions_1965_1979.txt,10548,eb7003d97b6b24023b5fde542a5ba7ca4292259d9f323a1530d387a6e0091311,"Verified row, out of scope for NME counts (abbreviated new drug application)",v23 2026-09-20: row read verbatim from the committed official Drugs@FDA Submissions extract (1965-1979 window) at the cited line number; the file re-hashes to the runner manifest SHA-256. Abbreviated new drug application: outside the NDA/BLA novel-approval basis and therefore never counted toward an official NME or NDA total. Published here so the year's complete original-approval population is auditable.
PRE1980ACT-1979-119,1979,085778,ANDA085778,ANDA_ORIGINAL_EXCLUDED,1979-10-05,ORIG,1,AP,,,,,FALSE,WATSON LABS,HYDROXYZINE HYDROCHLORIDE,HYDROXYZINE HYDROCHLORIDE,25MG/ML,INJECTABLE;INJECTION,1,,FALSE,0,0,0,0,0,0,0,,,,,,,,https://www.accessdata.fda.gov/scripts/cder/daf/index.cfm?event=overview.process&varApplNo=085778,https://api.fda.gov/drug/drugsfda.json?search=application_number:%22ANDA085778%22,data/raw/drugsatfda_data_files_2026_09/Submissions_1965_1979.txt,10549,eb7003d97b6b24023b5fde542a5ba7ca4292259d9f323a1530d387a6e0091311,"Verified row, out of scope for NME counts (abbreviated new drug application)",v23 2026-09-20: row read verbatim from the committed official Drugs@FDA Submissions extract (1965-1979 window) at the cited line number; the file re-hashes to the runner manifest SHA-256. Abbreviated new drug application: outside the NDA/BLA novel-approval basis and therefore never counted toward an official NME or NDA total. Published here so the year's complete original-approval population is auditable.
PRE1980ACT-1979-120,1979,085779,ANDA085779,ANDA_ORIGINAL_EXCLUDED,1979-10-05,ORIG,1,AP,,,,,FALSE,DR REDDYS,HYDROXYZINE HYDROCHLORIDE,HYDROXYZINE HYDROCHLORIDE,50MG/ML,INJECTABLE;INJECTION,1,,FALSE,0,0,0,0,0,0,0,,,,,,,,https://www.accessdata.fda.gov/scripts/cder/daf/index.cfm?event=overview.process&varApplNo=085779,https://api.fda.gov/drug/drugsfda.json?search=application_number:%22ANDA085779%22,data/raw/drugsatfda_data_files_2026_09/Submissions_1965_1979.txt,10550,eb7003d97b6b24023b5fde542a5ba7ca4292259d9f323a1530d387a6e0091311,"Verified row, out of scope for NME counts (abbreviated new drug application)",v23 2026-09-20: row read verbatim from the committed official Drugs@FDA Submissions extract (1965-1979 window) at the cited line number; the file re-hashes to the runner manifest SHA-256. Abbreviated new drug application: outside the NDA/BLA novel-approval basis and therefore never counted toward an official NME or NDA total. Published here so the year's complete original-approval population is auditable.
PRE1980ACT-1977-235,1977,085784,ANDA085784,ANDA_ORIGINAL_EXCLUDED,1977-09-09,ORIG,1,AP,,,,,FALSE,WATSON LABS,ISONIAZID,ISONIAZID,300MG,TABLET;ORAL,1,,FALSE,0,0,0,0,0,0,0,,,,,,,,https://www.accessdata.fda.gov/scripts/cder/daf/index.cfm?event=overview.process&varApplNo=085784,https://api.fda.gov/drug/drugsfda.json?search=application_number:%22ANDA085784%22,data/raw/drugsatfda_data_files_2026_09/Submissions_1965_1979.txt,10551,eb7003d97b6b24023b5fde542a5ba7ca4292259d9f323a1530d387a6e0091311,"Verified row, out of scope for NME counts (abbreviated new drug application)",v23 2026-09-20: row read verbatim from the committed official Drugs@FDA Submissions extract (1965-1979 window) at the cited line number; the file re-hashes to the runner manifest SHA-256. Abbreviated new drug application: outside the NDA/BLA novel-approval basis and therefore never counted toward an official NME or NDA total. Published here so the year's complete original-approval population is auditable.
PRE1980ACT-1977-236,1977,085790,ANDA085790,ANDA_ORIGINAL_EXCLUDED,1977-09-09,ORIG,1,AP,,,,,FALSE,WATSON LABS,ISONIAZID,ISONIAZID,100MG,TABLET;ORAL,1,,FALSE,0,0,0,0,0,0,0,,,,,,,,https://www.accessdata.fda.gov/scripts/cder/daf/index.cfm?event=overview.process&varApplNo=085790,https://api.fda.gov/drug/drugsfda.json?search=application_number:%22ANDA085790%22,data/raw/drugsatfda_data_files_2026_09/Submissions_1965_1979.txt,10552,eb7003d97b6b24023b5fde542a5ba7ca4292259d9f323a1530d387a6e0091311,"Verified row, out of scope for NME counts (abbreviated new drug application)",v23 2026-09-20: row read verbatim from the committed official Drugs@FDA Submissions extract (1965-1979 window) at the cited line number; the file re-hashes to the runner manifest SHA-256. Abbreviated new drug application: outside the NDA/BLA novel-approval basis and therefore never counted toward an official NME or NDA total. Published here so the year's complete original-approval population is auditable.
PRE1980ACT-1977-237,1977,085791,ANDA085791,ANDA_ORIGINAL_EXCLUDED,1977-12-12,ORIG,1,AP,,,,,FALSE,WATSON LABS,SODIUM PENTOBARBITAL,PENTOBARBITAL SODIUM,100MG,CAPSULE;ORAL,1,,FALSE,0,0,0,0,0,0,0,,,,,,,,https://www.accessdata.fda.gov/scripts/cder/daf/index.cfm?event=overview.process&varApplNo=085791,https://api.fda.gov/drug/drugsfda.json?search=application_number:%22ANDA085791%22,data/raw/drugsatfda_data_files_2026_09/Submissions_1965_1979.txt,10553,eb7003d97b6b24023b5fde542a5ba7ca4292259d9f323a1530d387a6e0091311,"Verified row, out of scope for NME counts (abbreviated new drug application)",v23 2026-09-20: row read verbatim from the committed official Drugs@FDA Submissions extract (1965-1979 window) at the cited line number; the file re-hashes to the runner manifest SHA-256. Abbreviated new drug application: outside the NDA/BLA novel-approval basis and therefore never counted toward an official NME or NDA total. Published here so the year's complete original-approval population is auditable.
PRE1980ACT-1978-174,1978,085794,ANDA085794,ANDA_ORIGINAL_EXCLUDED,1978-01-20,ORIG,1,AP,,,,,FALSE,MUTUAL PHARM,ACETAMINOPHEN AND CODEINE PHOSPHATE,ACETAMINOPHEN; CODEINE PHOSPHATE,300MG;30MG,TABLET;ORAL,1,,FALSE,0,0,0,0,0,0,0,,,,,,,,https://www.accessdata.fda.gov/scripts/cder/daf/index.cfm?event=overview.process&varApplNo=085794,https://api.fda.gov/drug/drugsfda.json?search=application_number:%22ANDA085794%22,data/raw/drugsatfda_data_files_2026_09/Submissions_1965_1979.txt,10554,eb7003d97b6b24023b5fde542a5ba7ca4292259d9f323a1530d387a6e0091311,"Verified row, out of scope for NME counts (abbreviated new drug application)",v23 2026-09-20: row read verbatim from the committed official Drugs@FDA Submissions extract (1965-1979 window) at the cited line number; the file re-hashes to the runner manifest SHA-256. Abbreviated new drug application: outside the NDA/BLA novel-approval basis and therefore never counted toward an official NME or NDA total. Published here so the year's complete original-approval population is auditable.
PRE1980ACT-1978-175,1978,085795,ANDA085795,ANDA_ORIGINAL_EXCLUDED,1978-01-20,ORIG,1,AP,,,,,FALSE,MUTUAL PHARM,ACETAMINOPHEN AND CODEINE PHOSPHATE,ACETAMINOPHEN; CODEINE PHOSPHATE,300MG;15MG,TABLET;ORAL,1,,FALSE,0,0,0,0,0,0,0,,,,,,,,https://www.accessdata.fda.gov/scripts/cder/daf/index.cfm?event=overview.process&varApplNo=085795,https://api.fda.gov/drug/drugsfda.json?search=application_number:%22ANDA085795%22,data/raw/drugsatfda_data_files_2026_09/Submissions_1965_1979.txt,10555,eb7003d97b6b24023b5fde542a5ba7ca4292259d9f323a1530d387a6e0091311,"Verified row, out of scope for NME counts (abbreviated new drug application)",v23 2026-09-20: row read verbatim from the committed official Drugs@FDA Submissions extract (1965-1979 window) at the cited line number; the file re-hashes to the runner manifest SHA-256. Abbreviated new drug application: outside the NDA/BLA novel-approval basis and therefore never counted toward an official NME or NDA total. Published here so the year's complete original-approval population is auditable.
PRE1980ACT-1978-176,1978,085796,ANDA085796,ANDA_ORIGINAL_EXCLUDED,1978-11-22,ORIG,1,AP,,,,,FALSE,WATSON LABS,NITROFURANTOIN,NITROFURANTOIN,100MG,TABLET;ORAL,1,,FALSE,0,0,0,0,0,0,0,,,,,,,,https://www.accessdata.fda.gov/scripts/cder/daf/index.cfm?event=overview.process&varApplNo=085796,https://api.fda.gov/drug/drugsfda.json?search=application_number:%22ANDA085796%22,data/raw/drugsatfda_data_files_2026_09/Submissions_1965_1979.txt,10556,eb7003d97b6b24023b5fde542a5ba7ca4292259d9f323a1530d387a6e0091311,"Verified row, out of scope for NME counts (abbreviated new drug application)",v23 2026-09-20: row read verbatim from the committed official Drugs@FDA Submissions extract (1965-1979 window) at the cited line number; the file re-hashes to the runner manifest SHA-256. Abbreviated new drug application: outside the NDA/BLA novel-approval basis and therefore never counted toward an official NME or NDA total. Published here so the year's complete original-approval population is auditable.
PRE1980ACT-1978-177,1978,085797,ANDA085797,ANDA_ORIGINAL_EXCLUDED,1978-12-05,ORIG,1,AP,,,,,FALSE,WATSON LABS,NITROFURANTOIN,NITROFURANTOIN,50MG,TABLET;ORAL,1,,FALSE,0,0,0,0,0,0,0,,,,,,,,https://www.accessdata.fda.gov/scripts/cder/daf/index.cfm?event=overview.process&varApplNo=085797,https://api.fda.gov/drug/drugsfda.json?search=application_number:%22ANDA085797%22,data/raw/drugsatfda_data_files_2026_09/Submissions_1965_1979.txt,10557,eb7003d97b6b24023b5fde542a5ba7ca4292259d9f323a1530d387a6e0091311,"Verified row, out of scope for NME counts (abbreviated new drug application)",v23 2026-09-20: row read verbatim from the committed official Drugs@FDA Submissions extract (1965-1979 window) at the cited line number; the file re-hashes to the runner manifest SHA-256. Abbreviated new drug application: outside the NDA/BLA novel-approval basis and therefore never counted toward an official NME or NDA total. Published here so the year's complete original-approval population is auditable.
PRE1980ACT-1978-178,1978,085798,ANDA085798,ANDA_ORIGINAL_EXCLUDED,1978-04-24,ORIG,1,AP,,,,,FALSE,WHITEWORTH TOWN PLSN,SECOBARBITAL SODIUM,SECOBARBITAL SODIUM,100MG,CAPSULE;ORAL,1,,FALSE,0,0,0,0,0,0,0,,,,,,,,https://www.accessdata.fda.gov/scripts/cder/daf/index.cfm?event=overview.process&varApplNo=085798,https://api.fda.gov/drug/drugsfda.json?search=application_number:%22ANDA085798%22,data/raw/drugsatfda_data_files_2026_09/Submissions_1965_1979.txt,10558,eb7003d97b6b24023b5fde542a5ba7ca4292259d9f323a1530d387a6e0091311,"Verified row, out of scope for NME counts (abbreviated new drug application)",v23 2026-09-20: row read verbatim from the committed official Drugs@FDA Submissions extract (1965-1979 window) at the cited line number; the file re-hashes to the runner manifest SHA-256. Abbreviated new drug application: outside the NDA/BLA novel-approval basis and therefore never counted toward an official NME or NDA total. Published here so the year's complete original-approval population is auditable.
PRE1980ACT-1977-238,1977,085799,ANDA085799,ANDA_ORIGINAL_EXCLUDED,1977-12-23,ORIG,1,AP,,,,,FALSE,LANNETT CO INC,METHYLPHENIDATE HYDROCHLORIDE,METHYLPHENIDATE HYDROCHLORIDE,10MG,TABLET;ORAL,1,,FALSE,0,0,0,0,0,0,0,,,,,,,,https://www.accessdata.fda.gov/scripts/cder/daf/index.cfm?event=overview.process&varApplNo=085799,https://api.fda.gov/drug/drugsfda.json?search=application_number:%22ANDA085799%22,data/raw/drugsatfda_data_files_2026_09/Submissions_1965_1979.txt,10559,eb7003d97b6b24023b5fde542a5ba7ca4292259d9f323a1530d387a6e0091311,"Verified row, out of scope for NME counts (abbreviated new drug application)",v23 2026-09-20: row read verbatim from the committed official Drugs@FDA Submissions extract (1965-1979 window) at the cited line number; the file re-hashes to the runner manifest SHA-256. Abbreviated new drug application: outside the NDA/BLA novel-approval basis and therefore never counted toward an official NME or NDA total. Published here so the year's complete original-approval population is auditable.
PRE1980ACT-1977-239,1977,085809,ANDA085809,ANDA_ORIGINAL_EXCLUDED,1977-12-28,ORIG,1,AP,,,,,FALSE,3M,CIRCANOL,ERGOLOID MESYLATES,1MG,TABLET;SUBLINGUAL,1,,FALSE,0,0,0,0,0,0,0,,,,,,,,https://www.accessdata.fda.gov/scripts/cder/daf/index.cfm?event=overview.process&varApplNo=085809,https://api.fda.gov/drug/drugsfda.json?search=application_number:%22ANDA085809%22,data/raw/drugsatfda_data_files_2026_09/Submissions_1965_1979.txt,10560,eb7003d97b6b24023b5fde542a5ba7ca4292259d9f323a1530d387a6e0091311,"Verified row, out of scope for NME counts (abbreviated new drug application)",v23 2026-09-20: row read verbatim from the committed official Drugs@FDA Submissions extract (1965-1979 window) at the cited line number; the file re-hashes to the runner manifest SHA-256. Abbreviated new drug application: outside the NDA/BLA novel-approval basis and therefore never counted toward an official NME or NDA total. Published here so the year's complete original-approval population is auditable.
PRE1980ACT-1977-240,1977,085810,,KIND_UNRESOLVED,1977-07-25,ORIG,1,AP,,,,,FALSE,,,,,,0,,FALSE,0,0,0,0,0,0,0,,,,,,FULldb-1977-UNRES15,,https://www.accessdata.fda.gov/scripts/cder/daf/index.cfm?event=overview.process&varApplNo=085810,,data/raw/drugsatfda_data_files_2026_09/Submissions_1965_1979.txt,10561,eb7003d97b6b24023b5fde542a5ba7ca4292259d9f323a1530d387a6e0091311,"Verified row, application type not published (KIND_UNRESOLVED) - review candidate only","v23 2026-09-20: row read verbatim from the committed official Drugs@FDA Submissions extract (1965-1979 window) at the cited line number; the file re-hashes to the runner manifest SHA-256. ApplNo is absent from the unfiltered Applications table, so no NDA/ANDA/BLA type can be asserted; the openFDA payloads do not carry it either. This is a review candidate, never an approval row in the NME decision table. Cross-check record FULldb-1977-UNRES15."
PRE1980ACT-1978-179,1978,085813,ANDA085813,ANDA_ORIGINAL_EXCLUDED,1978-05-31,ORIG,1,AP,,,,,FALSE,RISING,PREDNISONE,PREDNISONE,20MG,TABLET;ORAL,1,,FALSE,0,0,0,0,0,0,0,,,,,,,,https://www.accessdata.fda.gov/scripts/cder/daf/index.cfm?event=overview.process&varApplNo=085813,https://api.fda.gov/drug/drugsfda.json?search=application_number:%22ANDA085813%22,data/raw/drugsatfda_data_files_2026_09/Submissions_1965_1979.txt,10562,eb7003d97b6b24023b5fde542a5ba7ca4292259d9f323a1530d387a6e0091311,"Verified row, out of scope for NME counts (abbreviated new drug application)",v23 2026-09-20: row read verbatim from the committed official Drugs@FDA Submissions extract (1965-1979 window) at the cited line number; the file re-hashes to the runner manifest SHA-256. Abbreviated new drug application: outside the NDA/BLA novel-approval basis and therefore never counted toward an official NME or NDA total. Published here so the year's complete original-approval population is auditable.
PRE1980ACT-1978-180,1978,085815,ANDA085815,ANDA_ORIGINAL_EXCLUDED,1978-05-11,ORIG,1,AP,,,,,FALSE,WATSON LABS,AMITRIPTYLINE HYDROCHLORIDE,AMITRIPTYLINE HYDROCHLORIDE,50MG,TABLET;ORAL,1,,FALSE,0,0,0,0,0,0,0,,,,,,,,https://www.accessdata.fda.gov/scripts/cder/daf/index.cfm?event=overview.process&varApplNo=085815,https://api.fda.gov/drug/drugsfda.json?search=application_number:%22ANDA085815%22,data/raw/drugsatfda_data_files_2026_09/Submissions_1965_1979.txt,10563,eb7003d97b6b24023b5fde542a5ba7ca4292259d9f323a1530d387a6e0091311,"Verified row, out of scope for NME counts (abbreviated new drug application)",v23 2026-09-20: row read verbatim from the committed official Drugs@FDA Submissions extract (1965-1979 window) at the cited line number; the file re-hashes to the runner manifest SHA-256. Abbreviated new drug application: outside the NDA/BLA novel-approval basis and therefore never counted toward an official NME or NDA total. Published here so the year's complete original-approval population is auditable.
PRE1980ACT-1978-181,1978,085816,ANDA085816,ANDA_ORIGINAL_EXCLUDED,1978-08-15,ORIG,1,AP,,,,,FALSE,WATSON LABS,AMITRIPTYLINE HYDROCHLORIDE,AMITRIPTYLINE HYDROCHLORIDE,10MG,TABLET;ORAL,1,,FALSE,0,0,0,0,0,0,0,,,,,,,,https://www.accessdata.fda.gov/scripts/cder/daf/index.cfm?event=overview.process&varApplNo=085816,https://api.fda.gov/drug/drugsfda.json?search=application_number:%22ANDA085816%22,data/raw/drugsatfda_data_files_2026_09/Submissions_1965_1979.txt,10564,eb7003d97b6b24023b5fde542a5ba7ca4292259d9f323a1530d387a6e0091311,"Verified row, out of scope for NME counts (abbreviated new drug application)",v23 2026-09-20: row read verbatim from the committed official Drugs@FDA Submissions extract (1965-1979 window) at the cited line number; the file re-hashes to the runner manifest SHA-256. Abbreviated new drug application: outside the NDA/BLA novel-approval basis and therefore never counted toward an official NME or NDA total. Published here so the year's complete original-approval population is auditable.
PRE1980ACT-1978-182,1978,085817,ANDA085817,ANDA_ORIGINAL_EXCLUDED,1978-08-15,ORIG,1,AP,,,,,FALSE,WATSON LABS,AMITRIPTYLINE HYDROCHLORIDE,AMITRIPTYLINE HYDROCHLORIDE,25MG,TABLET;ORAL,1,,FALSE,0,0,0,0,0,0,0,,,,,,,,https://www.accessdata.fda.gov/scripts/cder/daf/index.cfm?event=overview.process&varApplNo=085817,https://api.fda.gov/drug/drugsfda.json?search=application_number:%22ANDA085817%22,data/raw/drugsatfda_data_files_2026_09/Submissions_1965_1979.txt,10565,eb7003d97b6b24023b5fde542a5ba7ca4292259d9f323a1530d387a6e0091311,"Verified row, out of scope for NME counts (abbreviated new drug application)",v23 2026-09-20: row read verbatim from the committed official Drugs@FDA Submissions extract (1965-1979 window) at the cited line number; the file re-hashes to the runner manifest SHA-256. Abbreviated new drug application: outside the NDA/BLA novel-approval basis and therefore never counted toward an official NME or NDA total. Published here so the year's complete original-approval population is auditable.
PRE1980ACT-1977-241,1977,085818,ANDA085818,ANDA_ORIGINAL_EXCLUDED,1977-10-21,ORIG,1,AP,,,,,FALSE,WATSON LABS,DEXAMETHASONE,DEXAMETHASONE,0.75MG,TABLET;ORAL,1,,FALSE,0,0,0,0,0,0,0,,,,,,,,https://www.accessdata.fda.gov/scripts/cder/daf/index.cfm?event=overview.process&varApplNo=085818,https://api.fda.gov/drug/drugsfda.json?search=application_number:%22ANDA085818%22,data/raw/drugsatfda_data_files_2026_09/Submissions_1965_1979.txt,10566,eb7003d97b6b24023b5fde542a5ba7ca4292259d9f323a1530d387a6e0091311,"Verified row, out of scope for NME counts (abbreviated new drug application)",v23 2026-09-20: row read verbatim from the committed official Drugs@FDA Submissions extract (1965-1979 window) at the cited line number; the file re-hashes to the runner manifest SHA-256. Abbreviated new drug application: outside the NDA/BLA novel-approval basis and therefore never counted toward an official NME or NDA total. Published here so the year's complete original-approval population is auditable.
PRE1980ACT-1978-183,1978,085819,ANDA085819,ANDA_ORIGINAL_EXCLUDED,1978-08-16,ORIG,1,AP,,,,,FALSE,WATSON LABS,AMITRIPTYLINE HYDROCHLORIDE,AMITRIPTYLINE HYDROCHLORIDE,75MG,TABLET;ORAL,1,,FALSE,0,0,0,0,0,0,0,,,,,,,,https://www.accessdata.fda.gov/scripts/cder/daf/index.cfm?event=overview.process&varApplNo=085819,https://api.fda.gov/drug/drugsfda.json?search=application_number:%22ANDA085819%22,data/raw/drugsatfda_data_files_2026_09/Submissions_1965_1979.txt,10567,eb7003d97b6b24023b5fde542a5ba7ca4292259d9f323a1530d387a6e0091311,"Verified row, out of scope for NME counts (abbreviated new drug application)",v23 2026-09-20: row read verbatim from the committed official Drugs@FDA Submissions extract (1965-1979 window) at the cited line number; the file re-hashes to the runner manifest SHA-256. Abbreviated new drug application: outside the NDA/BLA novel-approval basis and therefore never counted toward an official NME or NDA total. Published here so the year's complete original-approval population is auditable.
PRE1980ACT-1978-184,1978,085820,ANDA085820,ANDA_ORIGINAL_EXCLUDED,1978-09-01,ORIG,1,AP,,,,,FALSE,WATSON LABS,AMITRIPTYLINE HYDROCHLORIDE,AMITRIPTYLINE HYDROCHLORIDE,100MG,TABLET;ORAL,1,,FALSE,0,0,0,0,0,0,0,,,,,,,,https://www.accessdata.fda.gov/scripts/cder/daf/index.cfm?event=overview.process&varApplNo=085820,https://api.fda.gov/drug/drugsfda.json?search=application_number:%22ANDA085820%22,data/raw/drugsatfda_data_files_2026_09/Submissions_1965_1979.txt,10568,eb7003d97b6b24023b5fde542a5ba7ca4292259d9f323a1530d387a6e0091311,"Verified row, out of scope for NME counts (abbreviated new drug application)",v23 2026-09-20: row read verbatim from the committed official Drugs@FDA Submissions extract (1965-1979 window) at the cited line number; the file re-hashes to the runner manifest SHA-256. Abbreviated new drug application: outside the NDA/BLA novel-approval basis and therefore never counted toward an official NME or NDA total. Published here so the year's complete original-approval population is auditable.
PRE1980ACT-1978-185,1978,085821,ANDA085821,ANDA_ORIGINAL_EXCLUDED,1978-09-18,ORIG,1,AP,,,,,FALSE,WATSON LABS,AMITRIPTYLINE HYDROCHLORIDE,AMITRIPTYLINE HYDROCHLORIDE,150MG,TABLET;ORAL,1,,FALSE,0,0,0,0,0,0,0,,,,,,,,https://www.accessdata.fda.gov/scripts/cder/daf/index.cfm?event=overview.process&varApplNo=085821,https://api.fda.gov/drug/drugsfda.json?search=application_number:%22ANDA085821%22,data/raw/drugsatfda_data_files_2026_09/Submissions_1965_1979.txt,10569,eb7003d97b6b24023b5fde542a5ba7ca4292259d9f323a1530d387a6e0091311,"Verified row, out of scope for NME counts (abbreviated new drug application)",v23 2026-09-20: row read verbatim from the committed official Drugs@FDA Submissions extract (1965-1979 window) at the cited line number; the file re-hashes to the runner manifest SHA-256. Abbreviated new drug application: outside the NDA/BLA novel-approval basis and therefore never counted toward an official NME or NDA total. Published here so the year's complete original-approval population is auditable.
PRE1980ACT-1977-242,1977,085828,ANDA085828,ANDA_ORIGINAL_EXCLUDED,1977-10-21,ORIG,1,AP,,,,,FALSE,WATSON LABS,SULFASALAZINE,SULFASALAZINE,500MG,TABLET;ORAL,1,,FALSE,0,0,0,0,0,0,0,,,,,,,,https://www.accessdata.fda.gov/scripts/cder/daf/index.cfm?event=overview.process&varApplNo=085828,https://api.fda.gov/drug/drugsfda.json?search=application_number:%22ANDA085828%22,data/raw/drugsatfda_data_files_2026_09/Submissions_1965_1979.txt,10570,eb7003d97b6b24023b5fde542a5ba7ca4292259d9f323a1530d387a6e0091311,"Verified row, out of scope for NME counts (abbreviated new drug application)",v23 2026-09-20: row read verbatim from the committed official Drugs@FDA Submissions extract (1965-1979 window) at the cited line number; the file re-hashes to the runner manifest SHA-256. Abbreviated new drug application: outside the NDA/BLA novel-approval basis and therefore never counted toward an official NME or NDA total. Published here so the year's complete original-approval population is auditable.
PRE1980ACT-1978-186,1978,085830,ANDA085830,ANDA_ORIGINAL_EXCLUDED,1978-05-24,ORIG,1,AP,,,,,FALSE,SANDOZ,PHENDIMETRAZINE TARTRATE,PHENDIMETRAZINE TARTRATE,35MG,TABLET;ORAL,1,,FALSE,0,0,0,0,0,0,0,,,,,,,,https://www.accessdata.fda.gov/scripts/cder/daf/index.cfm?event=overview.process&varApplNo=085830,https://api.fda.gov/drug/drugsfda.json?search=application_number:%22ANDA085830%22,data/raw/drugsatfda_data_files_2026_09/Submissions_1965_1979.txt,10571,eb7003d97b6b24023b5fde542a5ba7ca4292259d9f323a1530d387a6e0091311,"Verified row, out of scope for NME counts (abbreviated new drug application)",v23 2026-09-20: row read verbatim from the committed official Drugs@FDA Submissions extract (1965-1979 window) at the cited line number; the file re-hashes to the runner manifest SHA-256. Abbreviated new drug application: outside the NDA/BLA novel-approval basis and therefore never counted toward an official NME or NDA total. Published here so the year's complete original-approval population is auditable.
PRE1980ACT-1978-187,1978,085834,ANDA085834,ANDA_ORIGINAL_EXCLUDED,1978-01-10,ORIG,1,AP,,,,,FALSE,WATSON LABS,TRIAMCINOLONE,TRIAMCINOLONE,4MG,TABLET;ORAL,1,,FALSE,0,0,0,0,0,0,0,,,,,,,,https://www.accessdata.fda.gov/scripts/cder/daf/index.cfm?event=overview.process&varApplNo=085834,https://api.fda.gov/drug/drugsfda.json?search=application_number:%22ANDA085834%22,data/raw/drugsatfda_data_files_2026_09/Submissions_1965_1979.txt,10572,eb7003d97b6b24023b5fde542a5ba7ca4292259d9f323a1530d387a6e0091311,"Verified row, out of scope for NME counts (abbreviated new drug application)",v23 2026-09-20: row read verbatim from the committed official Drugs@FDA Submissions extract (1965-1979 window) at the cited line number; the file re-hashes to the runner manifest SHA-256. Abbreviated new drug application: outside the NDA/BLA novel-approval basis and therefore never counted toward an official NME or NDA total. Published here so the year's complete original-approval population is auditable.
PRE1980ACT-1977-243,1977,085836,ANDA085836,ANDA_ORIGINAL_EXCLUDED,1977-08-02,ORIG,1,AP,,,,,FALSE,TEVA,AMITRIPTYLINE HYDROCHLORIDE,AMITRIPTYLINE HYDROCHLORIDE,100MG,TABLET;ORAL,1,,FALSE,0,0,0,0,0,0,0,,,,,,,,https://www.accessdata.fda.gov/scripts/cder/daf/index.cfm?event=overview.process&varApplNo=085836,https://api.fda.gov/drug/drugsfda.json?search=application_number:%22ANDA085836%22,data/raw/drugsatfda_data_files_2026_09/Submissions_1965_1979.txt,10573,eb7003d97b6b24023b5fde542a5ba7ca4292259d9f323a1530d387a6e0091311,"Verified row, out of scope for NME counts (abbreviated new drug application)",v23 2026-09-20: row read verbatim from the committed official Drugs@FDA Submissions extract (1965-1979 window) at the cited line number; the file re-hashes to the runner manifest SHA-256. Abbreviated new drug application: outside the NDA/BLA novel-approval basis and therefore never counted toward an official NME or NDA total. Published here so the year's complete original-approval population is auditable.
PRE1980ACT-1977-244,1977,085839,ANDA085839,ANDA_ORIGINAL_EXCLUDED,1977-08-26,ORIG,1,AP,,,,,FALSE,WATSON LABS,BETHANECHOL CHLORIDE,BETHANECHOL CHLORIDE,25MG,TABLET;ORAL,1,,FALSE,0,0,0,0,0,0,0,,,,,,,,https://www.accessdata.fda.gov/scripts/cder/daf/index.cfm?event=overview.process&varApplNo=085839,https://api.fda.gov/drug/drugsfda.json?search=application_number:%22ANDA085839%22,data/raw/drugsatfda_data_files_2026_09/Submissions_1965_1979.txt,10574,eb7003d97b6b24023b5fde542a5ba7ca4292259d9f323a1530d387a6e0091311,"Verified row, out of scope for NME counts (abbreviated new drug application)",v23 2026-09-20: row read verbatim from the committed official Drugs@FDA Submissions extract (1965-1979 window) at the cited line number; the file re-hashes to the runner manifest SHA-256. Abbreviated new drug application: outside the NDA/BLA novel-approval basis and therefore never counted toward an official NME or NDA total. Published here so the year's complete original-approval population is auditable.
PRE1980ACT-1977-245,1977,085842,ANDA085842,ANDA_ORIGINAL_EXCLUDED,1977-08-26,ORIG,1,AP,,,,,FALSE,WATSON LABS,BETHANECHOL CHLORIDE,BETHANECHOL CHLORIDE,10MG,TABLET;ORAL,1,,FALSE,0,0,0,0,0,0,0,,,,,,,,https://www.accessdata.fda.gov/scripts/cder/daf/index.cfm?event=overview.process&varApplNo=085842,https://api.fda.gov/drug/drugsfda.json?search=application_number:%22ANDA085842%22,data/raw/drugsatfda_data_files_2026_09/Submissions_1965_1979.txt,10575,eb7003d97b6b24023b5fde542a5ba7ca4292259d9f323a1530d387a6e0091311,"Verified row, out of scope for NME counts (abbreviated new drug application)",v23 2026-09-20: row read verbatim from the committed official Drugs@FDA Submissions extract (1965-1979 window) at the cited line number; the file re-hashes to the runner manifest SHA-256. Abbreviated new drug application: outside the NDA/BLA novel-approval basis and therefore never counted toward an official NME or NDA total. Published here so the year's complete original-approval population is auditable.
PRE1980ACT-1978-188,1978,085844,ANDA085844,ANDA_ORIGINAL_EXCLUDED,1978-03-23,ORIG,1,AP,,,,,FALSE,RISING,SULFAMETHOXAZOLE,SULFAMETHOXAZOLE,500MG,TABLET;ORAL,1,,FALSE,0,0,0,0,0,0,0,,,,,,,,https://www.accessdata.fda.gov/scripts/cder/daf/index.cfm?event=overview.process&varApplNo=085844,https://api.fda.gov/drug/drugsfda.json?search=application_number:%22ANDA085844%22,data/raw/drugsatfda_data_files_2026_09/Submissions_1965_1979.txt,10576,eb7003d97b6b24023b5fde542a5ba7ca4292259d9f323a1530d387a6e0091311,"Verified row, out of scope for NME counts (abbreviated new drug application)",v23 2026-09-20: row read verbatim from the committed official Drugs@FDA Submissions extract (1965-1979 window) at the cited line number; the file re-hashes to the runner manifest SHA-256. Abbreviated new drug application: outside the NDA/BLA novel-approval basis and therefore never counted toward an official NME or NDA total. Published here so the year's complete original-approval population is auditable.
PRE1980ACT-1978-189,1978,085849,ANDA085849,ANDA_ORIGINAL_EXCLUDED,1978-08-21,ORIG,1,AP,,,,,FALSE,LANNETT,SODIUM BUTABARBITAL,BUTABARBITAL SODIUM,15MG,TABLET;ORAL,1,,FALSE,0,0,0,0,0,0,0,,,,,,,,https://www.accessdata.fda.gov/scripts/cder/daf/index.cfm?event=overview.process&varApplNo=085849,https://api.fda.gov/drug/drugsfda.json?search=application_number:%22ANDA085849%22,data/raw/drugsatfda_data_files_2026_09/Submissions_1965_1979.txt,10577,eb7003d97b6b24023b5fde542a5ba7ca4292259d9f323a1530d387a6e0091311,"Verified row, out of scope for NME counts (abbreviated new drug application)",v23 2026-09-20: row read verbatim from the committed official Drugs@FDA Submissions extract (1965-1979 window) at the cited line number; the file re-hashes to the runner manifest SHA-256. Abbreviated new drug application: outside the NDA/BLA novel-approval basis and therefore never counted toward an official NME or NDA total. Published here so the year's complete original-approval population is auditable.
PRE1980ACT-1977-246,1977,085851,,KIND_UNRESOLVED,1977-10-28,ORIG,1,AP,,,,,FALSE,,,,,,0,,FALSE,0,0,0,0,0,0,0,,,,,,FULldb-1977-UNRES27,,https://www.accessdata.fda.gov/scripts/cder/daf/index.cfm?event=overview.process&varApplNo=085851,,data/raw/drugsatfda_data_files_2026_09/Submissions_1965_1979.txt,10578,eb7003d97b6b24023b5fde542a5ba7ca4292259d9f323a1530d387a6e0091311,"Verified row, application type not published (KIND_UNRESOLVED) - review candidate only","v23 2026-09-20: row read verbatim from the committed official Drugs@FDA Submissions extract (1965-1979 window) at the cited line number; the file re-hashes to the runner manifest SHA-256. ApplNo is absent from the unfiltered Applications table, so no NDA/ANDA/BLA type can be asserted; the openFDA payloads do not carry it either. This is a review candidate, never an approval row in the NME decision table. Cross-check record FULldb-1977-UNRES27."
PRE1980ACT-1978-190,1978,085852,ANDA085852,ANDA_ORIGINAL_EXCLUDED,1978-03-28,ORIG,1,AP,,,,,FALSE,HOSPIRA,A-METHAPRED,METHYLPREDNISOLONE SODIUM SUCCINATE,EQ 1GM BASE/VIAL,INJECTABLE;INJECTION,1,,FALSE,0,0,0,0,0,0,0,,,,,,,,https://www.accessdata.fda.gov/scripts/cder/daf/index.cfm?event=overview.process&varApplNo=085852,https://api.fda.gov/drug/drugsfda.json?search=application_number:%22ANDA085852%22,data/raw/drugsatfda_data_files_2026_09/Submissions_1965_1979.txt,10579,eb7003d97b6b24023b5fde542a5ba7ca4292259d9f323a1530d387a6e0091311,"Verified row, out of scope for NME counts (abbreviated new drug application)",v23 2026-09-20: row read verbatim from the committed official Drugs@FDA Submissions extract (1965-1979 window) at the cited line number; the file re-hashes to the runner manifest SHA-256. Abbreviated new drug application: outside the NDA/BLA novel-approval basis and therefore never counted toward an official NME or NDA total. Published here so the year's complete original-approval population is auditable.
PRE1980ACT-1978-191,1978,085853,ANDA085853,ANDA_ORIGINAL_EXCLUDED,1978-03-28,ORIG,1,AP,,,,,FALSE,HOSPIRA,A-METHAPRED,METHYLPREDNISOLONE SODIUM SUCCINATE,EQ 40MG BASE/VIAL,INJECTABLE;INJECTION,1,,FALSE,0,0,0,0,0,0,0,,,,,,,,https://www.accessdata.fda.gov/scripts/cder/daf/index.cfm?event=overview.process&varApplNo=085853,https://api.fda.gov/drug/drugsfda.json?search=application_number:%22ANDA085853%22,data/raw/drugsatfda_data_files_2026_09/Submissions_1965_1979.txt,10580,eb7003d97b6b24023b5fde542a5ba7ca4292259d9f323a1530d387a6e0091311,"Verified row, out of scope for NME counts (abbreviated new drug application)",v23 2026-09-20: row read verbatim from the committed official Drugs@FDA Submissions extract (1965-1979 window) at the cited line number; the file re-hashes to the runner manifest SHA-256. Abbreviated new drug application: outside the NDA/BLA novel-approval basis and therefore never counted toward an official NME or NDA total. Published here so the year's complete original-approval population is auditable.
PRE1980ACT-1978-192,1978,085854,ANDA085854,ANDA_ORIGINAL_EXCLUDED,1978-03-28,ORIG,1,AP,,,,,FALSE,HOSPIRA,A-METHAPRED,METHYLPREDNISOLONE SODIUM SUCCINATE,EQ 500MG BASE/VIAL,INJECTABLE;INJECTION,1,,FALSE,0,0,0,0,0,0,0,,,,,,,,https://www.accessdata.fda.gov/scripts/cder/daf/index.cfm?event=overview.process&varApplNo=085854,https://api.fda.gov/drug/drugsfda.json?search=application_number:%22ANDA085854%22,data/raw/drugsatfda_data_files_2026_09/Submissions_1965_1979.txt,10581,eb7003d97b6b24023b5fde542a5ba7ca4292259d9f323a1530d387a6e0091311,"Verified row, out of scope for NME counts (abbreviated new drug application)",v23 2026-09-20: row read verbatim from the committed official Drugs@FDA Submissions extract (1965-1979 window) at the cited line number; the file re-hashes to the runner manifest SHA-256. Abbreviated new drug application: outside the NDA/BLA novel-approval basis and therefore never counted toward an official NME or NDA total. Published here so the year's complete original-approval population is auditable.
PRE1980ACT-1978-193,1978,085855,ANDA085855,ANDA_ORIGINAL_EXCLUDED,1978-03-28,ORIG,1,AP,,,,,FALSE,HOSPIRA,A-METHAPRED,METHYLPREDNISOLONE SODIUM SUCCINATE,EQ 125MG BASE/VIAL,INJECTABLE;INJECTION,1,,FALSE,0,1,0,0,0,0,0,,,,,,,,https://www.accessdata.fda.gov/scripts/cder/daf/index.cfm?event=overview.process&varApplNo=085855,https://api.fda.gov/drug/drugsfda.json?search=application_number:%22ANDA085855%22,data/raw/drugsatfda_data_files_2026_09/Submissions_1965_1979.txt,10583,eb7003d97b6b24023b5fde542a5ba7ca4292259d9f323a1530d387a6e0091311,"Verified row, out of scope for NME counts (abbreviated new drug application)",v23 2026-09-20: row read verbatim from the committed official Drugs@FDA Submissions extract (1965-1979 window) at the cited line number; the file re-hashes to the runner manifest SHA-256. Abbreviated new drug application: outside the NDA/BLA novel-approval basis and therefore never counted toward an official NME or NDA total. Published here so the year's complete original-approval population is auditable.
PRE1980ACT-1978-194,1978,085861,ANDA085861,ANDA_ORIGINAL_EXCLUDED,1978-06-20,ORIG,1,AP,,,,,FALSE,ACTAVIS MID ATLANTIC,ACETAMINOPHEN AND CODEINE PHOSPHATE,ACETAMINOPHEN; CODEINE PHOSPHATE,120MG/5ML;12MG/5ML,SOLUTION;ORAL,1,,FALSE,0,0,0,1,0,0,0,,,,,,,,https://www.accessdata.fda.gov/scripts/cder/daf/index.cfm?event=overview.process&varApplNo=085861,https://api.fda.gov/drug/drugsfda.json?search=application_number:%22ANDA085861%22,data/raw/drugsatfda_data_files_2026_09/Submissions_1965_1979.txt,10584,eb7003d97b6b24023b5fde542a5ba7ca4292259d9f323a1530d387a6e0091311,"Verified row, out of scope for NME counts (abbreviated new drug application)",v23 2026-09-20: row read verbatim from the committed official Drugs@FDA Submissions extract (1965-1979 window) at the cited line number; the file re-hashes to the runner manifest SHA-256. Abbreviated new drug application: outside the NDA/BLA novel-approval basis and therefore never counted toward an official NME or NDA total. Published here so the year's complete original-approval population is auditable.
PRE1980ACT-1979-121,1979,085863,ANDA085863,ANDA_ORIGINAL_EXCLUDED,1979-03-16,ORIG,1,AP,,,,,FALSE,PRECISION DOSE,THEOPHYLLINE,THEOPHYLLINE,80MG/15ML,ELIXIR;ORAL,1,,FALSE,0,1,0,0,0,0,0,,,,,,,,https://www.accessdata.fda.gov/scripts/cder/daf/index.cfm?event=overview.process&varApplNo=085863,https://api.fda.gov/drug/drugsfda.json?search=application_number:%22ANDA085863%22,data/raw/drugsatfda_data_files_2026_09/Submissions_1965_1979.txt,10586,eb7003d97b6b24023b5fde542a5ba7ca4292259d9f323a1530d387a6e0091311,"Verified row, out of scope for NME counts (abbreviated new drug application)",v23 2026-09-20: row read verbatim from the committed official Drugs@FDA Submissions extract (1965-1979 window) at the cited line number; the file re-hashes to the runner manifest SHA-256. Abbreviated new drug application: outside the NDA/BLA novel-approval basis and therefore never counted toward an official NME or NDA total. Published here so the year's complete original-approval population is auditable.
PRE1980ACT-1978-195,1978,085866,ANDA085866,ANDA_ORIGINAL_EXCLUDED,1978-07-20,ORIG,1,AP,,,,,FALSE,LANNETT,SODIUM BUTABARBITAL,BUTABARBITAL SODIUM,30MG,TABLET;ORAL,1,,FALSE,0,0,0,0,0,0,0,,,,,,,,https://www.accessdata.fda.gov/scripts/cder/daf/index.cfm?event=overview.process&varApplNo=085866,https://api.fda.gov/drug/drugsfda.json?search=application_number:%22ANDA085866%22,data/raw/drugsatfda_data_files_2026_09/Submissions_1965_1979.txt,10587,eb7003d97b6b24023b5fde542a5ba7ca4292259d9f323a1530d387a6e0091311,"Verified row, out of scope for NME counts (abbreviated new drug application)",v23 2026-09-20: row read verbatim from the committed official Drugs@FDA Submissions extract (1965-1979 window) at the cited line number; the file re-hashes to the runner manifest SHA-256. Abbreviated new drug application: outside the NDA/BLA novel-approval basis and therefore never counted toward an official NME or NDA total. Published here so the year's complete original-approval population is auditable.
PRE1980ACT-1978-196,1978,085868,ANDA085868,ANDA_ORIGINAL_EXCLUDED,1978-11-06,ORIG,1,AP,,,,,FALSE,SUN PHARM INDS LTD,ACETAMINOPHEN AND CODEINE PHOSPHATE,ACETAMINOPHEN; CODEINE PHOSPHATE,300MG;30MG,TABLET;ORAL,1,,FALSE,0,0,0,1,0,0,0,,,,,,,,https://www.accessdata.fda.gov/scripts/cder/daf/index.cfm?event=overview.process&varApplNo=085868,https://api.fda.gov/drug/drugsfda.json?search=application_number:%22ANDA085868%22,data/raw/drugsatfda_data_files_2026_09/Submissions_1965_1979.txt,10588,eb7003d97b6b24023b5fde542a5ba7ca4292259d9f323a1530d387a6e0091311,"Verified row, out of scope for NME counts (abbreviated new drug application)",v23 2026-09-20: row read verbatim from the committed official Drugs@FDA Submissions extract (1965-1979 window) at the cited line number; the file re-hashes to the runner manifest SHA-256. Abbreviated new drug application: outside the NDA/BLA novel-approval basis and therefore never counted toward an official NME or NDA total. Published here so the year's complete original-approval population is auditable.
PRE1980ACT-1977-247,1977,085869,ANDA085869,ANDA_ORIGINAL_EXCLUDED,1977-10-25,ORIG,1,AP,,,,,FALSE,IVAX PHARMS,SECOBARBITAL SODIUM,SECOBARBITAL SODIUM,100MG,CAPSULE;ORAL,1,,FALSE,0,0,0,0,0,0,0,,,,,,,,https://www.accessdata.fda.gov/scripts/cder/daf/index.cfm?event=overview.process&varApplNo=085869,https://api.fda.gov/drug/drugsfda.json?search=application_number:%22ANDA085869%22,data/raw/drugsatfda_data_files_2026_09/Submissions_1965_1979.txt,10589,eb7003d97b6b24023b5fde542a5ba7ca4292259d9f323a1530d387a6e0091311,"Verified row, out of scope for NME counts (abbreviated new drug application)",v23 2026-09-20: row read verbatim from the committed official Drugs@FDA Submissions extract (1965-1979 window) at the cited line number; the file re-hashes to the runner manifest SHA-256. Abbreviated new drug application: outside the NDA/BLA novel-approval basis and therefore never counted toward an official NME or NDA total. Published here so the year's complete original-approval population is auditable.
PRE1980ACT-1978-197,1978,085870,ANDA085870,ANDA_ORIGINAL_EXCLUDED,1978-03-21,ORIG,1,AP,,,,,FALSE,B BRAUN,POTASSIUM CHLORIDE,POTASSIUM CHLORIDE,2MEQ/ML,INJECTABLE;INJECTION,1,,FALSE,0,0,0,0,0,0,0,,,,,,,,https://www.accessdata.fda.gov/scripts/cder/daf/index.cfm?event=overview.process&varApplNo=085870,https://api.fda.gov/drug/drugsfda.json?search=application_number:%22ANDA085870%22,data/raw/drugsatfda_data_files_2026_09/Submissions_1965_1979.txt,10590,eb7003d97b6b24023b5fde542a5ba7ca4292259d9f323a1530d387a6e0091311,"Verified row, out of scope for NME counts (abbreviated new drug application)",v23 2026-09-20: row read verbatim from the committed official Drugs@FDA Submissions extract (1965-1979 window) at the cited line number; the file re-hashes to the runner manifest SHA-256. Abbreviated new drug application: outside the NDA/BLA novel-approval basis and therefore never counted toward an official NME or NDA total. Published here so the year's complete original-approval population is auditable.
PRE1980ACT-1978-198,1978,085873,ANDA085873,ANDA_ORIGINAL_EXCLUDED,1978-05-17,ORIG,1,AP,,,,,FALSE,ALPHARMA US PHARMS,BUTABARB,BUTABARBITAL SODIUM,30MG/5ML,ELIXIR;ORAL,1,,FALSE,0,0,0,0,0,0,0,,,,,,,,https://www.accessdata.fda.gov/scripts/cder/daf/index.cfm?event=overview.process&varApplNo=085873,https://api.fda.gov/drug/drugsfda.json?search=application_number:%22ANDA085873%22,data/raw/drugsatfda_data_files_2026_09/Submissions_1965_1979.txt,10591,eb7003d97b6b24023b5fde542a5ba7ca4292259d9f323a1530d387a6e0091311,"Verified row, out of scope for NME counts (abbreviated new drug application)",v23 2026-09-20: row read verbatim from the committed official Drugs@FDA Submissions extract (1965-1979 window) at the cited line number; the file re-hashes to the runner manifest SHA-256. Abbreviated new drug application: outside the NDA/BLA novel-approval basis and therefore never counted toward an official NME or NDA total. Published here so the year's complete original-approval population is auditable.
PRE1980ACT-1979-122,1979,085874,ANDA085874,ANDA_ORIGINAL_EXCLUDED,1979-10-30,ORIG,1,AP,,,,,FALSE,TEVA,DIPHENHYDRAMINE HYDROCHLORIDE,DIPHENHYDRAMINE HYDROCHLORIDE,25MG,CAPSULE;ORAL,2,,FALSE,0,0,0,0,0,0,0,,,,,,,,https://www.accessdata.fda.gov/scripts/cder/daf/index.cfm?event=overview.process&varApplNo=085874,https://api.fda.gov/drug/drugsfda.json?search=application_number:%22ANDA085874%22,data/raw/drugsatfda_data_files_2026_09/Submissions_1965_1979.txt,10592,eb7003d97b6b24023b5fde542a5ba7ca4292259d9f323a1530d387a6e0091311,"Verified row, out of scope for NME counts (abbreviated new drug application)",v23 2026-09-20: row read verbatim from the committed official Drugs@FDA Submissions extract (1965-1979 window) at the cited line number; the file re-hashes to the runner manifest SHA-256. Abbreviated new drug application: outside the NDA/BLA novel-approval basis and therefore never counted toward an official NME or NDA total. Published here so the year's complete original-approval population is auditable.
PRE1980ACT-1978-199,1978,085876,ANDA085876,ANDA_ORIGINAL_EXCLUDED,1978-06-22,ORIG,1,AP,,,,,FALSE,WATSON LABS,DIPHENOXYLATE HYDROCHLORIDE AND ATROPINE SULFATE,ATROPINE SULFATE; DIPHENOXYLATE HYDROCHLORIDE,0.025MG;2.5MG,TABLET;ORAL,1,,FALSE,0,0,0,0,0,0,0,,,,,,,,https://www.accessdata.fda.gov/scripts/cder/daf/index.cfm?event=overview.process&varApplNo=085876,https://api.fda.gov/drug/drugsfda.json?search=application_number:%22ANDA085876%22,data/raw/drugsatfda_data_files_2026_09/Submissions_1965_1979.txt,10593,eb7003d97b6b24023b5fde542a5ba7ca4292259d9f323a1530d387a6e0091311,"Verified row, out of scope for NME counts (abbreviated new drug application)",v23 2026-09-20: row read verbatim from the committed official Drugs@FDA Submissions extract (1965-1979 window) at the cited line number; the file re-hashes to the runner manifest SHA-256. Abbreviated new drug application: outside the NDA/BLA novel-approval basis and therefore never counted toward an official NME or NDA total. Published here so the year's complete original-approval population is auditable.
PRE1980ACT-1978-200,1978,085877,ANDA085877,ANDA_ORIGINAL_EXCLUDED,1978-10-30,ORIG,1,AP,,,,,FALSE,WATSON LABS,IMIPRAMINE HYDROCHLORIDE,IMIPRAMINE HYDROCHLORIDE,50MG,TABLET;ORAL,1,,FALSE,0,0,0,0,0,0,0,,,,,,,,https://www.accessdata.fda.gov/scripts/cder/daf/index.cfm?event=overview.process&varApplNo=085877,https://api.fda.gov/drug/drugsfda.json?search=application_number:%22ANDA085877%22,data/raw/drugsatfda_data_files_2026_09/Submissions_1965_1979.txt,10594,eb7003d97b6b24023b5fde542a5ba7ca4292259d9f323a1530d387a6e0091311,"Verified row, out of scope for NME counts (abbreviated new drug application)",v23 2026-09-20: row read verbatim from the committed official Drugs@FDA Submissions extract (1965-1979 window) at the cited line number; the file re-hashes to the runner manifest SHA-256. Abbreviated new drug application: outside the NDA/BLA novel-approval basis and therefore never counted toward an official NME or NDA total. Published here so the year's complete original-approval population is auditable.
PRE1980ACT-1978-201,1978,085878,ANDA085878,ANDA_ORIGINAL_EXCLUDED,1978-10-16,ORIG,1,AP,,,,,FALSE,WATSON LABS,IMIPRAMINE HYDROCHLORIDE,IMIPRAMINE HYDROCHLORIDE,25MG,TABLET;ORAL,1,,FALSE,0,0,0,0,0,0,0,,,,,,,,https://www.accessdata.fda.gov/scripts/cder/daf/index.cfm?event=overview.process&varApplNo=085878,https://api.fda.gov/drug/drugsfda.json?search=application_number:%22ANDA085878%22,data/raw/drugsatfda_data_files_2026_09/Submissions_1965_1979.txt,10595,eb7003d97b6b24023b5fde542a5ba7ca4292259d9f323a1530d387a6e0091311,"Verified row, out of scope for NME counts (abbreviated new drug application)",v23 2026-09-20: row read verbatim from the committed official Drugs@FDA Submissions extract (1965-1979 window) at the cited line number; the file re-hashes to the runner manifest SHA-256. Abbreviated new drug application: outside the NDA/BLA novel-approval basis and therefore never counted toward an official NME or NDA total. Published here so the year's complete original-approval population is auditable.
PRE1980ACT-1978-202,1978,085880,ANDA085880,ANDA_ORIGINAL_EXCLUDED,1978-08-30,ORIG,1,AP,,,,,FALSE,LANNETT,BUTALAN,BUTABARBITAL SODIUM,33.3MG/5ML,ELIXIR;ORAL,1,,FALSE,0,0,0,0,0,0,0,,,,,,,,https://www.accessdata.fda.gov/scripts/cder/daf/index.cfm?event=overview.process&varApplNo=085880,https://api.fda.gov/drug/drugsfda.json?search=application_number:%22ANDA085880%22,data/raw/drugsatfda_data_files_2026_09/Submissions_1965_1979.txt,10596,eb7003d97b6b24023b5fde542a5ba7ca4292259d9f323a1530d387a6e0091311,"Verified row, out of scope for NME counts (abbreviated new drug application)",v23 2026-09-20: row read verbatim from the committed official Drugs@FDA Submissions extract (1965-1979 window) at the cited line number; the file re-hashes to the runner manifest SHA-256. Abbreviated new drug application: outside the NDA/BLA novel-approval basis and therefore never counted toward an official NME or NDA total. Published here so the year's complete original-approval population is auditable.
PRE1980ACT-1978-203,1978,085881,ANDA085881,ANDA_ORIGINAL_EXCLUDED,1978-07-20,ORIG,1,AP,,,,,FALSE,LANNETT,SODIUM BUTABARBITAL,BUTABARBITAL SODIUM,100MG,TABLET;ORAL,1,,FALSE,0,0,0,0,0,0,0,,,,,,,,https://www.accessdata.fda.gov/scripts/cder/daf/index.cfm?event=overview.process&varApplNo=085881,https://api.fda.gov/drug/drugsfda.json?search=application_number:%22ANDA085881%22,data/raw/drugsatfda_data_files_2026_09/Submissions_1965_1979.txt,10597,eb7003d97b6b24023b5fde542a5ba7ca4292259d9f323a1530d387a6e0091311,"Verified row, out of scope for NME counts (abbreviated new drug application)",v23 2026-09-20: row read verbatim from the committed official Drugs@FDA Submissions extract (1965-1979 window) at the cited line number; the file re-hashes to the runner manifest SHA-256. Abbreviated new drug application: outside the NDA/BLA novel-approval basis and therefore never counted toward an official NME or NDA total. Published here so the year's complete original-approval population is auditable.
PRE1980ACT-1978-204,1978,085882,ANDA085882,ANDA_ORIGINAL_EXCLUDED,1978-03-22,ORIG,1,AP,,,,,FALSE,CHARTWELL RX,DUVOID,BETHANECHOL CHLORIDE,50MG,TABLET;ORAL,1,,FALSE,0,0,0,0,0,0,0,,,,,,,,https://www.accessdata.fda.gov/scripts/cder/daf/index.cfm?event=overview.process&varApplNo=085882,https://api.fda.gov/drug/drugsfda.json?search=application_number:%22ANDA085882%22,data/raw/drugsatfda_data_files_2026_09/Submissions_1965_1979.txt,10598,eb7003d97b6b24023b5fde542a5ba7ca4292259d9f323a1530d387a6e0091311,"Verified row, out of scope for NME counts (abbreviated new drug application)",v23 2026-09-20: row read verbatim from the committed official Drugs@FDA Submissions extract (1965-1979 window) at the cited line number; the file re-hashes to the runner manifest SHA-256. Abbreviated new drug application: outside the NDA/BLA novel-approval basis and therefore never counted toward an official NME or NDA total. Published here so the year's complete original-approval population is auditable.
PRE1980ACT-1979-123,1979,085883,ANDA085883,ANDA_ORIGINAL_EXCLUDED,1979-01-08,ORIG,1,AP,,,,,FALSE,ACTAVIS MID ATLANTIC,CAPITAL AND CODEINE,ACETAMINOPHEN; CODEINE PHOSPHATE,120MG/5ML;12MG/5ML,SUSPENSION;ORAL,1,,FALSE,0,0,0,0,0,0,0,,,,,,,,https://www.accessdata.fda.gov/scripts/cder/daf/index.cfm?event=overview.process&varApplNo=085883,https://api.fda.gov/drug/drugsfda.json?search=application_number:%22ANDA085883%22,data/raw/drugsatfda_data_files_2026_09/Submissions_1965_1979.txt,10599,eb7003d97b6b24023b5fde542a5ba7ca4292259d9f323a1530d387a6e0091311,"Verified row, out of scope for NME counts (abbreviated new drug application)",v23 2026-09-20: row read verbatim from the committed official Drugs@FDA Submissions extract (1965-1979 window) at the cited line number; the file re-hashes to the runner manifest SHA-256. Abbreviated new drug application: outside the NDA/BLA novel-approval basis and therefore never counted toward an official NME or NDA total. Published here so the year's complete original-approval population is auditable.
PRE1980ACT-1978-205,1978,085884,ANDA085884,ANDA_ORIGINAL_EXCLUDED,1978-05-15,ORIG,1,AP,,,,,FALSE,WATSON LABS,CORTISONE ACETATE,CORTISONE ACETATE,25MG,TABLET;ORAL,1,,FALSE,0,0,0,0,0,0,0,,,,,,,,https://www.accessdata.fda.gov/scripts/cder/daf/index.cfm?event=overview.process&varApplNo=085884,https://api.fda.gov/drug/drugsfda.json?search=application_number:%22ANDA085884%22,data/raw/drugsatfda_data_files_2026_09/Submissions_1965_1979.txt,10600,eb7003d97b6b24023b5fde542a5ba7ca4292259d9f323a1530d387a6e0091311,"Verified row, out of scope for NME counts (abbreviated new drug application)",v23 2026-09-20: row read verbatim from the committed official Drugs@FDA Submissions extract (1965-1979 window) at the cited line number; the file re-hashes to the runner manifest SHA-256. Abbreviated new drug application: outside the NDA/BLA novel-approval basis and therefore never counted toward an official NME or NDA total. Published here so the year's complete original-approval population is auditable.
PRE1980ACT-1978-206,1978,085888,ANDA085888,ANDA_ORIGINAL_EXCLUDED,1978-04-26,ORIG,1,AP,,,,,FALSE,PVT FORM,BROMPHENIRAMINE MALEATE,BROMPHENIRAMINE MALEATE,4MG,TABLET; ORAL,1,,FALSE,0,0,0,1,0,1,1,,http://www.accessdata.fda.gov/drugsatfda_docs/anda/pre96/085888_brompheniramine_toc.html,,,,,,https://www.accessdata.fda.gov/scripts/cder/daf/index.cfm?event=overview.process&varApplNo=085888,https://api.fda.gov/drug/drugsfda.json?search=application_number:%22ANDA085888%22,data/raw/drugsatfda_data_files_2026_09/Submissions_1965_1979.txt,10601,eb7003d97b6b24023b5fde542a5ba7ca4292259d9f323a1530d387a6e0091311,"Verified row, out of scope for NME counts (abbreviated new drug application)",v23 2026-09-20: row read verbatim from the committed official Drugs@FDA Submissions extract (1965-1979 window) at the cited line number; the file re-hashes to the runner manifest SHA-256. Abbreviated new drug application: outside the NDA/BLA novel-approval basis and therefore never counted toward an official NME or NDA total. Published here so the year's complete original-approval population is auditable.
PRE1980ACT-1978-207,1978,085889,ANDA085889,ANDA_ORIGINAL_EXCLUDED,1978-09-15,ORIG,1,AP,,,,,FALSE,PARKE DAVIS,ISOETHARINE HYDROCHLORIDE,ISOETHARINE HYDROCHLORIDE,1%,SOLUTION;INHALATION,1,,FALSE,0,0,0,0,0,0,0,,,,,,,,https://www.accessdata.fda.gov/scripts/cder/daf/index.cfm?event=overview.process&varApplNo=085889,https://api.fda.gov/drug/drugsfda.json?search=application_number:%22ANDA085889%22,data/raw/drugsatfda_data_files_2026_09/Submissions_1965_1979.txt,10602,eb7003d97b6b24023b5fde542a5ba7ca4292259d9f323a1530d387a6e0091311,"Verified row, out of scope for NME counts (abbreviated new drug application)",v23 2026-09-20: row read verbatim from the committed official Drugs@FDA Submissions extract (1965-1979 window) at the cited line number; the file re-hashes to the runner manifest SHA-256. Abbreviated new drug application: outside the NDA/BLA novel-approval basis and therefore never counted toward an official NME or NDA total. Published here so the year's complete original-approval population is auditable.
PRE1980ACT-1978-208,1978,085891,ANDA085891,ANDA_ORIGINAL_EXCLUDED,1978-05-31,ORIG,1,AP,,,,,FALSE,ANABOLIC,MECLIZINE HYDROCHLORIDE,MECLIZINE HYDROCHLORIDE,25MG,TABLET;ORAL,1,,FALSE,0,0,0,0,0,0,0,,,,,,,,https://www.accessdata.fda.gov/scripts/cder/daf/index.cfm?event=overview.process&varApplNo=085891,https://api.fda.gov/drug/drugsfda.json?search=application_number:%22ANDA085891%22,data/raw/drugsatfda_data_files_2026_09/Submissions_1965_1979.txt,10603,eb7003d97b6b24023b5fde542a5ba7ca4292259d9f323a1530d387a6e0091311,"Verified row, out of scope for NME counts (abbreviated new drug application)",v23 2026-09-20: row read verbatim from the committed official Drugs@FDA Submissions extract (1965-1979 window) at the cited line number; the file re-hashes to the runner manifest SHA-256. Abbreviated new drug application: outside the NDA/BLA novel-approval basis and therefore never counted toward an official NME or NDA total. Published here so the year's complete original-approval population is auditable.
PRE1980ACT-1979-124,1979,085894,ANDA085894,ANDA_ORIGINAL_EXCLUDED,1979-05-11,ORIG,1,AP,,,,,FALSE,WATSON LABS,PHENYTOIN SODIUM,PHENYTOIN SODIUM,100MG PROMPT,CAPSULE;ORAL,1,,FALSE,0,0,0,0,0,0,0,,,,,,,,https://www.accessdata.fda.gov/scripts/cder/daf/index.cfm?event=overview.process&varApplNo=085894,https://api.fda.gov/drug/drugsfda.json?search=application_number:%22ANDA085894%22,data/raw/drugsatfda_data_files_2026_09/Submissions_1965_1979.txt,10604,eb7003d97b6b24023b5fde542a5ba7ca4292259d9f323a1530d387a6e0091311,"Verified row, out of scope for NME counts (abbreviated new drug application)",v23 2026-09-20: row read verbatim from the committed official Drugs@FDA Submissions extract (1965-1979 window) at the cited line number; the file re-hashes to the runner manifest SHA-256. Abbreviated new drug application: outside the NDA/BLA novel-approval basis and therefore never counted toward an official NME or NDA total. Published here so the year's complete original-approval population is auditable.
PRE1980ACT-1978-209,1978,085895,ANDA085895,ANDA_ORIGINAL_EXCLUDED,1978-10-30,ORIG,1,AP,,,,,FALSE,EVERYLIFE,SECOBARBITAL SODIUM,SECOBARBITAL SODIUM,100MG,CAPSULE;ORAL,1,,FALSE,0,0,0,0,0,0,0,,,,,,,,https://www.accessdata.fda.gov/scripts/cder/daf/index.cfm?event=overview.process&varApplNo=085895,https://api.fda.gov/drug/drugsfda.json?search=application_number:%22ANDA085895%22,data/raw/drugsatfda_data_files_2026_09/Submissions_1965_1979.txt,10605,eb7003d97b6b24023b5fde542a5ba7ca4292259d9f323a1530d387a6e0091311,"Verified row, out of scope for NME counts (abbreviated new drug application)",v23 2026-09-20: row read verbatim from the committed official Drugs@FDA Submissions extract (1965-1979 window) at the cited line number; the file re-hashes to the runner manifest SHA-256. Abbreviated new drug application: outside the NDA/BLA novel-approval basis and therefore never counted toward an official NME or NDA total. Published here so the year's complete original-approval population is auditable.
PRE1980ACT-1978-210,1978,085896,ANDA085896,ANDA_ORIGINAL_EXCLUDED,1978-04-26,ORIG,1,AP,,,,,FALSE,VALEANT PHARM INTL,ACETAMINOPHEN AND CODEINE PHOSPHATE,ACETAMINOPHEN; CODEINE PHOSPHATE,300MG;30MG,TABLET;ORAL,1,,FALSE,0,0,0,0,0,0,0,,,,,,,,https://www.accessdata.fda.gov/scripts/cder/daf/index.cfm?event=overview.process&varApplNo=085896,https://api.fda.gov/drug/drugsfda.json?search=application_number:%22ANDA085896%22,data/raw/drugsatfda_data_files_2026_09/Submissions_1965_1979.txt,10606,eb7003d97b6b24023b5fde542a5ba7ca4292259d9f323a1530d387a6e0091311,"Verified row, out of scope for NME counts (abbreviated new drug application)",v23 2026-09-20: row read verbatim from the committed official Drugs@FDA Submissions extract (1965-1979 window) at the cited line number; the file re-hashes to the runner manifest SHA-256. Abbreviated new drug application: outside the NDA/BLA novel-approval basis and therefore never counted toward an official NME or NDA total. Published here so the year's complete original-approval population is auditable.
PRE1980ACT-1978-211,1978,085903,ANDA085903,ANDA_ORIGINAL_EXCLUDED,1978-04-24,ORIG,1,AP,,,,,FALSE,LANNETT,SECOBARBITAL SODIUM,SECOBARBITAL SODIUM,100MG,CAPSULE;ORAL,1,,FALSE,0,0,0,0,0,0,0,,,,,,,,https://www.accessdata.fda.gov/scripts/cder/daf/index.cfm?event=overview.process&varApplNo=085903,https://api.fda.gov/drug/drugsfda.json?search=application_number:%22ANDA085903%22,data/raw/drugsatfda_data_files_2026_09/Submissions_1965_1979.txt,10607,eb7003d97b6b24023b5fde542a5ba7ca4292259d9f323a1530d387a6e0091311,"Verified row, out of scope for NME counts (abbreviated new drug application)",v23 2026-09-20: row read verbatim from the committed official Drugs@FDA Submissions extract (1965-1979 window) at the cited line number; the file re-hashes to the runner manifest SHA-256. Abbreviated new drug application: outside the NDA/BLA novel-approval basis and therefore never counted toward an official NME or NDA total. Published here so the year's complete original-approval population is auditable.
PRE1980ACT-1978-212,1978,085909,ANDA085909,ANDA_ORIGINAL_EXCLUDED,1978-06-08,ORIG,1,AP,,,,,FALSE,LANNETT,SECOBARBITAL SODIUM,SECOBARBITAL SODIUM,50MG,CAPSULE;ORAL,1,,FALSE,0,0,0,0,0,0,0,,,,,,,,https://www.accessdata.fda.gov/scripts/cder/daf/index.cfm?event=overview.process&varApplNo=085909,https://api.fda.gov/drug/drugsfda.json?search=application_number:%22ANDA085909%22,data/raw/drugsatfda_data_files_2026_09/Submissions_1965_1979.txt,10608,eb7003d97b6b24023b5fde542a5ba7ca4292259d9f323a1530d387a6e0091311,"Verified row, out of scope for NME counts (abbreviated new drug application)",v23 2026-09-20: row read verbatim from the committed official Drugs@FDA Submissions extract (1965-1979 window) at the cited line number; the file re-hashes to the runner manifest SHA-256. Abbreviated new drug application: outside the NDA/BLA novel-approval basis and therefore never counted toward an official NME or NDA total. Published here so the year's complete original-approval population is auditable.
PRE1980ACT-1977-248,1977,085910,ANDA085910,ANDA_ORIGINAL_EXCLUDED,1977-10-25,ORIG,1,AP,,,,,FALSE,BRISTOL MYERS SQUIBB,OXYCODONE 2.5/APAP 500,ACETAMINOPHEN; OXYCODONE HYDROCHLORIDE,500MG;2.5MG,TABLET;ORAL,1,,FALSE,0,0,0,0,0,0,0,,,,,,,,https://www.accessdata.fda.gov/scripts/cder/daf/index.cfm?event=overview.process&varApplNo=085910,https://api.fda.gov/drug/drugsfda.json?search=application_number:%22ANDA085910%22,data/raw/drugsatfda_data_files_2026_09/Submissions_1965_1979.txt,10609,eb7003d97b6b24023b5fde542a5ba7ca4292259d9f323a1530d387a6e0091311,"Verified row, out of scope for NME counts (abbreviated new drug application)",v23 2026-09-20: row read verbatim from the committed official Drugs@FDA Submissions extract (1965-1979 window) at the cited line number; the file re-hashes to the runner manifest SHA-256. Abbreviated new drug application: outside the NDA/BLA novel-approval basis and therefore never counted toward an official NME or NDA total. Published here so the year's complete original-approval population is auditable.
PRE1980ACT-1977-249,1977,085911,ANDA085911,ANDA_ORIGINAL_EXCLUDED,1977-10-25,ORIG,1,AP,,,,,FALSE,BRISTOL MYERS SQUIBB,OXYCODONE 5/APAP 500,ACETAMINOPHEN; OXYCODONE HYDROCHLORIDE,500MG;5MG,TABLET;ORAL,1,,FALSE,0,0,0,0,0,0,0,,,,,,,,https://www.accessdata.fda.gov/scripts/cder/daf/index.cfm?event=overview.process&varApplNo=085911,https://api.fda.gov/drug/drugsfda.json?search=application_number:%22ANDA085911%22,data/raw/drugsatfda_data_files_2026_09/Submissions_1965_1979.txt,10610,eb7003d97b6b24023b5fde542a5ba7ca4292259d9f323a1530d387a6e0091311,"Verified row, out of scope for NME counts (abbreviated new drug application)",v23 2026-09-20: row read verbatim from the committed official Drugs@FDA Submissions extract (1965-1979 window) at the cited line number; the file re-hashes to the runner manifest SHA-256. Abbreviated new drug application: outside the NDA/BLA novel-approval basis and therefore never counted toward an official NME or NDA total. Published here so the year's complete original-approval population is auditable.
PRE1980ACT-1978-213,1978,085915,ANDA085915,ANDA_ORIGINAL_EXCLUDED,1978-06-30,ORIG,1,AP,,,,,FALSE,LANNETT,PENTOBARBITAL SODIUM,PENTOBARBITAL SODIUM,100MG,CAPSULE;ORAL,1,,FALSE,0,0,0,0,0,0,0,,,,,,,,https://www.accessdata.fda.gov/scripts/cder/daf/index.cfm?event=overview.process&varApplNo=085915,https://api.fda.gov/drug/drugsfda.json?search=application_number:%22ANDA085915%22,data/raw/drugsatfda_data_files_2026_09/Submissions_1965_1979.txt,10611,eb7003d97b6b24023b5fde542a5ba7ca4292259d9f323a1530d387a6e0091311,"Verified row, out of scope for NME counts (abbreviated new drug application)",v23 2026-09-20: row read verbatim from the committed official Drugs@FDA Submissions extract (1965-1979 window) at the cited line number; the file re-hashes to the runner manifest SHA-256. Abbreviated new drug application: outside the NDA/BLA novel-approval basis and therefore never counted toward an official NME or NDA total. Published here so the year's complete original-approval population is auditable.
PRE1980ACT-1978-214,1978,085928,ANDA085928,ANDA_ORIGINAL_EXCLUDED,1978-03-28,ORIG,1,AP,,,,,FALSE,ABBOTT,A-HYDROCORT,HYDROCORTISONE SODIUM SUCCINATE,EQ 100MG BASE/VIAL,INJECTABLE;INJECTION,1,,FALSE,0,0,0,0,0,0,0,,,,,,,,https://www.accessdata.fda.gov/scripts/cder/daf/index.cfm?event=overview.process&varApplNo=085928,https://api.fda.gov/drug/drugsfda.json?search=application_number:%22ANDA085928%22,data/raw/drugsatfda_data_files_2026_09/Submissions_1965_1979.txt,10612,eb7003d97b6b24023b5fde542a5ba7ca4292259d9f323a1530d387a6e0091311,"Verified row, out of scope for NME counts (abbreviated new drug application)",v23 2026-09-20: row read verbatim from the committed official Drugs@FDA Submissions extract (1965-1979 window) at the cited line number; the file re-hashes to the runner manifest SHA-256. Abbreviated new drug application: outside the NDA/BLA novel-approval basis and therefore never counted toward an official NME or NDA total. Published here so the year's complete original-approval population is auditable.
PRE1980ACT-1978-215,1978,085929,ANDA085929,ANDA_ORIGINAL_EXCLUDED,1978-03-28,ORIG,1,AP,,,,,FALSE,HOSPIRA,A-HYDROCORT,HYDROCORTISONE SODIUM SUCCINATE,EQ 100MG BASE/VIAL,INJECTABLE;INJECTION,1,,FALSE,0,0,0,0,0,0,0,,,,,,,,https://www.accessdata.fda.gov/scripts/cder/daf/index.cfm?event=overview.process&varApplNo=085929,https://api.fda.gov/drug/drugsfda.json?search=application_number:%22ANDA085929%22,data/raw/drugsatfda_data_files_2026_09/Submissions_1965_1979.txt,10613,eb7003d97b6b24023b5fde542a5ba7ca4292259d9f323a1530d387a6e0091311,"Verified row, out of scope for NME counts (abbreviated new drug application)",v23 2026-09-20: row read verbatim from the committed official Drugs@FDA Submissions extract (1965-1979 window) at the cited line number; the file re-hashes to the runner manifest SHA-256. Abbreviated new drug application: outside the NDA/BLA novel-approval basis and therefore never counted toward an official NME or NDA total. Published here so the year's complete original-approval population is auditable.
PRE1980ACT-1978-216,1978,085930,ANDA085930,ANDA_ORIGINAL_EXCLUDED,1978-03-28,ORIG,1,AP,,,,,FALSE,HOSPIRA,A-HYDROCORT,HYDROCORTISONE SODIUM SUCCINATE,EQ 250MG BASE/VIAL,INJECTABLE;INJECTION,1,,FALSE,0,0,0,0,0,0,0,,,,,,,,https://www.accessdata.fda.gov/scripts/cder/daf/index.cfm?event=overview.process&varApplNo=085930,https://api.fda.gov/drug/drugsfda.json?search=application_number:%22ANDA085930%22,data/raw/drugsatfda_data_files_2026_09/Submissions_1965_1979.txt,10614,eb7003d97b6b24023b5fde542a5ba7ca4292259d9f323a1530d387a6e0091311,"Verified row, out of scope for NME counts (abbreviated new drug application)",v23 2026-09-20: row read verbatim from the committed official Drugs@FDA Submissions extract (1965-1979 window) at the cited line number; the file re-hashes to the runner manifest SHA-256. Abbreviated new drug application: outside the NDA/BLA novel-approval basis and therefore never counted toward an official NME or NDA total. Published here so the year's complete original-approval population is auditable.
PRE1980ACT-1978-217,1978,085931,ANDA085931,ANDA_ORIGINAL_EXCLUDED,1978-03-28,ORIG,1,AP,,,,,FALSE,HOSPIRA,A-HYDROCORT,HYDROCORTISONE SODIUM SUCCINATE,EQ 500MG BASE/VIAL,INJECTABLE;INJECTION,1,,FALSE,0,0,0,0,0,0,0,,,,,,,,https://www.accessdata.fda.gov/scripts/cder/daf/index.cfm?event=overview.process&varApplNo=085931,https://api.fda.gov/drug/drugsfda.json?search=application_number:%22ANDA085931%22,data/raw/drugsatfda_data_files_2026_09/Submissions_1965_1979.txt,10615,eb7003d97b6b24023b5fde542a5ba7ca4292259d9f323a1530d387a6e0091311,"Verified row, out of scope for NME counts (abbreviated new drug application)",v23 2026-09-20: row read verbatim from the committed official Drugs@FDA Submissions extract (1965-1979 window) at the cited line number; the file re-hashes to the runner manifest SHA-256. Abbreviated new drug application: outside the NDA/BLA novel-approval basis and therefore never counted toward an official NME or NDA total. Published here so the year's complete original-approval population is auditable.
PRE1980ACT-1978-218,1978,085932,ANDA085932,ANDA_ORIGINAL_EXCLUDED,1978-03-31,ORIG,1,AP,,,,,FALSE,HOSPIRA,A-HYDROCORT,HYDROCORTISONE SODIUM SUCCINATE,EQ 1GM BASE/VIAL,INJECTABLE;INJECTION,1,,FALSE,0,0,0,0,0,0,0,,,,,,,,https://www.accessdata.fda.gov/scripts/cder/daf/index.cfm?event=overview.process&varApplNo=085932,https://api.fda.gov/drug/drugsfda.json?search=application_number:%22ANDA085932%22,data/raw/drugsatfda_data_files_2026_09/Submissions_1965_1979.txt,10616,eb7003d97b6b24023b5fde542a5ba7ca4292259d9f323a1530d387a6e0091311,"Verified row, out of scope for NME counts (abbreviated new drug application)",v23 2026-09-20: row read verbatim from the committed official Drugs@FDA Submissions extract (1965-1979 window) at the cited line number; the file re-hashes to the runner manifest SHA-256. Abbreviated new drug application: outside the NDA/BLA novel-approval basis and therefore never counted toward an official NME or NDA total. Published here so the year's complete original-approval population is auditable.
PRE1980ACT-1979-125,1979,085933,,KIND_UNRESOLVED,1979-12-21,ORIG,1,AP,,,,,FALSE,,,,,,0,,FALSE,0,0,0,0,0,0,0,,,,,,FULldb-1979-UNRES19,,https://www.accessdata.fda.gov/scripts/cder/daf/index.cfm?event=overview.process&varApplNo=085933,,data/raw/drugsatfda_data_files_2026_09/Submissions_1965_1979.txt,10617,eb7003d97b6b24023b5fde542a5ba7ca4292259d9f323a1530d387a6e0091311,"Verified row, application type not published (KIND_UNRESOLVED) - review candidate only","v23 2026-09-20: row read verbatim from the committed official Drugs@FDA Submissions extract (1965-1979 window) at the cited line number; the file re-hashes to the runner manifest SHA-256. ApplNo is absent from the unfiltered Applications table, so no NDA/ANDA/BLA type can be asserted; the openFDA payloads do not carry it either. This is a review candidate, never an approval row in the NME decision table. Cross-check record FULldb-1979-UNRES19."
PRE1980ACT-1978-219,1978,085937,ANDA085937,ANDA_ORIGINAL_EXCLUDED,1978-06-09,ORIG,1,AP,,,,,FALSE,LANNETT,PENTOBARBITAL SODIUM,PENTOBARBITAL SODIUM,50MG,CAPSULE;ORAL,1,,FALSE,0,0,0,0,0,0,0,,,,,,,,https://www.accessdata.fda.gov/scripts/cder/daf/index.cfm?event=overview.process&varApplNo=085937,https://api.fda.gov/drug/drugsfda.json?search=application_number:%22ANDA085937%22,data/raw/drugsatfda_data_files_2026_09/Submissions_1965_1979.txt,10618,eb7003d97b6b24023b5fde542a5ba7ca4292259d9f323a1530d387a6e0091311,"Verified row, out of scope for NME counts (abbreviated new drug application)",v23 2026-09-20: row read verbatim from the committed official Drugs@FDA Submissions extract (1965-1979 window) at the cited line number; the file re-hashes to the runner manifest SHA-256. Abbreviated new drug application: outside the NDA/BLA novel-approval basis and therefore never counted toward an official NME or NDA total. Published here so the year's complete original-approval population is auditable.
PRE1980ACT-1979-126,1979,085940,ANDA085940,ANDA_ORIGINAL_EXCLUDED,1979-07-13,ORIG,1,AP,,,,,FALSE,ALPHARMA US PHARMS,TRIPROLIDINE HYDROCHLORIDE,TRIPROLIDINE HYDROCHLORIDE,1.25MG/5ML,SYRUP;ORAL,1,,FALSE,0,0,0,0,0,0,0,,,,,,,,https://www.accessdata.fda.gov/scripts/cder/daf/index.cfm?event=overview.process&varApplNo=085940,https://api.fda.gov/drug/drugsfda.json?search=application_number:%22ANDA085940%22,data/raw/drugsatfda_data_files_2026_09/Submissions_1965_1979.txt,10619,eb7003d97b6b24023b5fde542a5ba7ca4292259d9f323a1530d387a6e0091311,"Verified row, out of scope for NME counts (abbreviated new drug application)",v23 2026-09-20: row read verbatim from the committed official Drugs@FDA Submissions extract (1965-1979 window) at the cited line number; the file re-hashes to the runner manifest SHA-256. Abbreviated new drug application: outside the NDA/BLA novel-approval basis and therefore never counted toward an official NME or NDA total. Published here so the year's complete original-approval population is auditable.
PRE1980ACT-1977-250,1977,085944,ANDA085944,ANDA_ORIGINAL_EXCLUDED,1977-09-29,ORIG,1,AP,,,,,FALSE,ROXANE,AMITRIPTYLINE HYDROCHLORIDE,AMITRIPTYLINE HYDROCHLORIDE,25MG,TABLET;ORAL,1,,FALSE,0,0,0,0,0,0,0,,,,,,,,https://www.accessdata.fda.gov/scripts/cder/daf/index.cfm?event=overview.process&varApplNo=085944,https://api.fda.gov/drug/drugsfda.json?search=application_number:%22ANDA085944%22,data/raw/drugsatfda_data_files_2026_09/Submissions_1965_1979.txt,10620,eb7003d97b6b24023b5fde542a5ba7ca4292259d9f323a1530d387a6e0091311,"Verified row, out of scope for NME counts (abbreviated new drug application)",v23 2026-09-20: row read verbatim from the committed official Drugs@FDA Submissions extract (1965-1979 window) at the cited line number; the file re-hashes to the runner manifest SHA-256. Abbreviated new drug application: outside the NDA/BLA novel-approval basis and therefore never counted toward an official NME or NDA total. Published here so the year's complete original-approval population is auditable.
PRE1980ACT-1977-251,1977,085945,ANDA085945,ANDA_ORIGINAL_EXCLUDED,1977-09-29,ORIG,1,AP,,,,,FALSE,ROXANE,AMITRIPTYLINE HYDROCHLORIDE,AMITRIPTYLINE HYDROCHLORIDE,50MG,TABLET;ORAL,1,,FALSE,0,0,0,0,0,0,0,,,,,,,,https://www.accessdata.fda.gov/scripts/cder/daf/index.cfm?event=overview.process&varApplNo=085945,https://api.fda.gov/drug/drugsfda.json?search=application_number:%22ANDA085945%22,data/raw/drugsatfda_data_files_2026_09/Submissions_1965_1979.txt,10621,eb7003d97b6b24023b5fde542a5ba7ca4292259d9f323a1530d387a6e0091311,"Verified row, out of scope for NME counts (abbreviated new drug application)",v23 2026-09-20: row read verbatim from the committed official Drugs@FDA Submissions extract (1965-1979 window) at the cited line number; the file re-hashes to the runner manifest SHA-256. Abbreviated new drug application: outside the NDA/BLA novel-approval basis and therefore never counted toward an official NME or NDA total. Published here so the year's complete original-approval population is auditable.
PRE1980ACT-1978-220,1978,085953,ANDA085953,ANDA_ORIGINAL_EXCLUDED,1978-08-21,ORIG,1,AP,,,,,FALSE,ACTAVIS MID ATLANTIC,PROMETH PLAIN,PROMETHAZINE HYDROCHLORIDE,6.25MG/5ML,SYRUP;ORAL,1,,FALSE,0,0,0,0,0,0,0,,,,,,,,https://www.accessdata.fda.gov/scripts/cder/daf/index.cfm?event=overview.process&varApplNo=085953,https://api.fda.gov/drug/drugsfda.json?search=application_number:%22ANDA085953%22,data/raw/drugsatfda_data_files_2026_09/Submissions_1965_1979.txt,10622,eb7003d97b6b24023b5fde542a5ba7ca4292259d9f323a1530d387a6e0091311,"Verified row, out of scope for NME counts (abbreviated new drug application)",v23 2026-09-20: row read verbatim from the committed official Drugs@FDA Submissions extract (1965-1979 window) at the cited line number; the file re-hashes to the runner manifest SHA-256. Abbreviated new drug application: outside the NDA/BLA novel-approval basis and therefore never counted toward an official NME or NDA total. Published here so the year's complete original-approval population is auditable.
PRE1980ACT-1979-127,1979,085956,ANDA085956,ANDA_ORIGINAL_EXCLUDED,1979-11-16,ORIG,1,AP,,,,,FALSE,WATSON LABS,CHLORPROMAZINE HYDROCHLORIDE,CHLORPROMAZINE HYDROCHLORIDE,25MG,TABLET;ORAL,1,,FALSE,0,0,0,0,0,0,0,,,,,,,,https://www.accessdata.fda.gov/scripts/cder/daf/index.cfm?event=overview.process&varApplNo=085956,https://api.fda.gov/drug/drugsfda.json?search=application_number:%22ANDA085956%22,data/raw/drugsatfda_data_files_2026_09/Submissions_1965_1979.txt,10623,eb7003d97b6b24023b5fde542a5ba7ca4292259d9f323a1530d387a6e0091311,"Verified row, out of scope for NME counts (abbreviated new drug application)",v23 2026-09-20: row read verbatim from the committed official Drugs@FDA Submissions extract (1965-1979 window) at the cited line number; the file re-hashes to the runner manifest SHA-256. Abbreviated new drug application: outside the NDA/BLA novel-approval basis and therefore never counted toward an official NME or NDA total. Published here so the year's complete original-approval population is auditable.
PRE1980ACT-1979-128,1979,085960,ANDA085960,ANDA_ORIGINAL_EXCLUDED,1979-11-19,ORIG,1,AP,,,,,FALSE,WATSON LABS,CHLORPROMAZINE HYDROCHLORIDE,CHLORPROMAZINE HYDROCHLORIDE,50MG,TABLET;ORAL,1,,FALSE,0,0,0,0,0,0,0,,,,,,,,https://www.accessdata.fda.gov/scripts/cder/daf/index.cfm?event=overview.process&varApplNo=085960,https://api.fda.gov/drug/drugsfda.json?search=application_number:%22ANDA085960%22,data/raw/drugsatfda_data_files_2026_09/Submissions_1965_1979.txt,10624,eb7003d97b6b24023b5fde542a5ba7ca4292259d9f323a1530d387a6e0091311,"Verified row, out of scope for NME counts (abbreviated new drug application)",v23 2026-09-20: row read verbatim from the committed official Drugs@FDA Submissions extract (1965-1979 window) at the cited line number; the file re-hashes to the runner manifest SHA-256. Abbreviated new drug application: outside the NDA/BLA novel-approval basis and therefore never counted toward an official NME or NDA total. Published here so the year's complete original-approval population is auditable.
PRE1980ACT-1977-252,1977,085961,ANDA085961,ANDA_ORIGINAL_EXCLUDED,1977-12-19,ORIG,1,AP,,,,,FALSE,CLONMEL HLTHCARE,METHOCARBAMOL,METHOCARBAMOL,500MG,TABLET;ORAL,1,,FALSE,0,0,0,0,0,0,0,,,,,,,,https://www.accessdata.fda.gov/scripts/cder/daf/index.cfm?event=overview.process&varApplNo=085961,https://api.fda.gov/drug/drugsfda.json?search=application_number:%22ANDA085961%22,data/raw/drugsatfda_data_files_2026_09/Submissions_1965_1979.txt,10625,eb7003d97b6b24023b5fde542a5ba7ca4292259d9f323a1530d387a6e0091311,"Verified row, out of scope for NME counts (abbreviated new drug application)",v23 2026-09-20: row read verbatim from the committed official Drugs@FDA Submissions extract (1965-1979 window) at the cited line number; the file re-hashes to the runner manifest SHA-256. Abbreviated new drug application: outside the NDA/BLA novel-approval basis and therefore never counted toward an official NME or NDA total. Published here so the year's complete original-approval population is auditable.
PRE1980ACT-1977-253,1977,085963,ANDA085963,ANDA_ORIGINAL_EXCLUDED,1977-12-19,ORIG,1,AP,,,,,FALSE,CLONMEL HLTHCARE,METHOCARBAMOL,METHOCARBAMOL,750MG,TABLET;ORAL,1,,FALSE,0,0,0,0,0,0,0,,,,,,,,https://www.accessdata.fda.gov/scripts/cder/daf/index.cfm?event=overview.process&varApplNo=085963,https://api.fda.gov/drug/drugsfda.json?search=application_number:%22ANDA085963%22,data/raw/drugsatfda_data_files_2026_09/Submissions_1965_1979.txt,10626,eb7003d97b6b24023b5fde542a5ba7ca4292259d9f323a1530d387a6e0091311,"Verified row, out of scope for NME counts (abbreviated new drug application)",v23 2026-09-20: row read verbatim from the committed official Drugs@FDA Submissions extract (1965-1979 window) at the cited line number; the file re-hashes to the runner manifest SHA-256. Abbreviated new drug application: outside the NDA/BLA novel-approval basis and therefore never counted toward an official NME or NDA total. Published here so the year's complete original-approval population is auditable.
PRE1980ACT-1978-221,1978,085964,ANDA085964,ANDA_ORIGINAL_EXCLUDED,1978-07-18,ORIG,1,AP,,,,,FALSE,SANDOZ,ACETAMINOPHEN AND CODEINE PHOSPHATE,ACETAMINOPHEN; CODEINE PHOSPHATE,300MG;60MG,TABLET;ORAL,1,,FALSE,0,0,0,0,0,0,0,,,,,,,,https://www.accessdata.fda.gov/scripts/cder/daf/index.cfm?event=overview.process&varApplNo=085964,https://api.fda.gov/drug/drugsfda.json?search=application_number:%22ANDA085964%22,data/raw/drugsatfda_data_files_2026_09/Submissions_1965_1979.txt,10627,eb7003d97b6b24023b5fde542a5ba7ca4292259d9f323a1530d387a6e0091311,"Verified row, out of scope for NME counts (abbreviated new drug application)",v23 2026-09-20: row read verbatim from the committed official Drugs@FDA Submissions extract (1965-1979 window) at the cited line number; the file re-hashes to the runner manifest SHA-256. Abbreviated new drug application: outside the NDA/BLA novel-approval basis and therefore never counted toward an official NME or NDA total. Published here so the year's complete original-approval population is auditable.
PRE1980ACT-1977-254,1977,085966,,KIND_UNRESOLVED,1977-11-21,ORIG,1,AP,,,,,FALSE,,,,,,0,,FALSE,0,0,0,0,0,0,0,,,,,,FULldb-1977-UNRES28,,https://www.accessdata.fda.gov/scripts/cder/daf/index.cfm?event=overview.process&varApplNo=085966,,data/raw/drugsatfda_data_files_2026_09/Submissions_1965_1979.txt,10628,eb7003d97b6b24023b5fde542a5ba7ca4292259d9f323a1530d387a6e0091311,"Verified row, application type not published (KIND_UNRESOLVED) - review candidate only","v23 2026-09-20: row read verbatim from the committed official Drugs@FDA Submissions extract (1965-1979 window) at the cited line number; the file re-hashes to the runner manifest SHA-256. ApplNo is absent from the unfiltered Applications table, so no NDA/ANDA/BLA type can be asserted; the openFDA payloads do not carry it either. This is a review candidate, never an approval row in the NME decision table. Cross-check record FULldb-1977-UNRES28."
PRE1980ACT-1977-255,1977,085967,,KIND_UNRESOLVED,1977-11-21,ORIG,1,AP,,,,,FALSE,,,,,,0,,FALSE,0,0,0,0,0,0,0,,,,,,FULldb-1977-UNRES29,,https://www.accessdata.fda.gov/scripts/cder/daf/index.cfm?event=overview.process&varApplNo=085967,,data/raw/drugsatfda_data_files_2026_09/Submissions_1965_1979.txt,10629,eb7003d97b6b24023b5fde542a5ba7ca4292259d9f323a1530d387a6e0091311,"Verified row, application type not published (KIND_UNRESOLVED) - review candidate only","v23 2026-09-20: row read verbatim from the committed official Drugs@FDA Submissions extract (1965-1979 window) at the cited line number; the file re-hashes to the runner manifest SHA-256. ApplNo is absent from the unfiltered Applications table, so no NDA/ANDA/BLA type can be asserted; the openFDA payloads do not carry it either. This is a review candidate, never an approval row in the NME decision table. Cross-check record FULldb-1977-UNRES29."
PRE1980ACT-1977-256,1977,085968,ANDA085968,ANDA_ORIGINAL_EXCLUDED,1977-11-29,ORIG,1,AP,,,,,FALSE,SANDOZ,AMITRIPTYLINE HYDROCHLORIDE,AMITRIPTYLINE HYDROCHLORIDE,50MG,TABLET;ORAL,6,,FALSE,0,0,0,3,0,0,0,,,"http://www.accessdata.fda.gov/drugsatfda_docs/label/2014/085966s095,085969s084,085968s096,085971s075,085967s076,085970s072lbl.pdf",,,,,https://www.accessdata.fda.gov/scripts/cder/daf/index.cfm?event=overview.process&varApplNo=085968,https://api.fda.gov/drug/drugsfda.json?search=application_number:%22ANDA085968%22,data/raw/drugsatfda_data_files_2026_09/Submissions_1965_1979.txt,10630,eb7003d97b6b24023b5fde542a5ba7ca4292259d9f323a1530d387a6e0091311,"Verified row, out of scope for NME counts (abbreviated new drug application)",v23 2026-09-20: row read verbatim from the committed official Drugs@FDA Submissions extract (1965-1979 window) at the cited line number; the file re-hashes to the runner manifest SHA-256. Abbreviated new drug application: outside the NDA/BLA novel-approval basis and therefore never counted toward an official NME or NDA total. Published here so the year's complete original-approval population is auditable.
PRE1980ACT-1977-257,1977,085969,,KIND_UNRESOLVED,1977-11-21,ORIG,1,AP,,,,,FALSE,,,,,,0,,FALSE,0,0,0,0,0,0,0,,,,,,FULldb-1977-UNRES30,,https://www.accessdata.fda.gov/scripts/cder/daf/index.cfm?event=overview.process&varApplNo=085969,,data/raw/drugsatfda_data_files_2026_09/Submissions_1965_1979.txt,10631,eb7003d97b6b24023b5fde542a5ba7ca4292259d9f323a1530d387a6e0091311,"Verified row, application type not published (KIND_UNRESOLVED) - review candidate only","v23 2026-09-20: row read verbatim from the committed official Drugs@FDA Submissions extract (1965-1979 window) at the cited line number; the file re-hashes to the runner manifest SHA-256. ApplNo is absent from the unfiltered Applications table, so no NDA/ANDA/BLA type can be asserted; the openFDA payloads do not carry it either. This is a review candidate, never an approval row in the NME decision table. Cross-check record FULldb-1977-UNRES30."
PRE1980ACT-1977-258,1977,085970,ANDA085970,ANDA_ORIGINAL_EXCLUDED,1977-11-21,ORIG,1,AP,,,,,FALSE,SANDOZ,AMITRIPTYLINE HYDROCHLORIDE,AMITRIPTYLINE HYDROCHLORIDE,150MG,TABLET;ORAL,1,,FALSE,0,0,0,1,0,0,0,,,"http://www.accessdata.fda.gov/drugsatfda_docs/label/2014/085966s095,085969s084,085968s096,085971s075,085967s076,085970s072lbl.pdf",,,,,https://www.accessdata.fda.gov/scripts/cder/daf/index.cfm?event=overview.process&varApplNo=085970,https://api.fda.gov/drug/drugsfda.json?search=application_number:%22ANDA085970%22,data/raw/drugsatfda_data_files_2026_09/Submissions_1965_1979.txt,10632,eb7003d97b6b24023b5fde542a5ba7ca4292259d9f323a1530d387a6e0091311,"Verified row, out of scope for NME counts (abbreviated new drug application)",v23 2026-09-20: row read verbatim from the committed official Drugs@FDA Submissions extract (1965-1979 window) at the cited line number; the file re-hashes to the runner manifest SHA-256. Abbreviated new drug application: outside the NDA/BLA novel-approval basis and therefore never counted toward an official NME or NDA total. Published here so the year's complete original-approval population is auditable.
PRE1980ACT-1977-259,1977,085971,,KIND_UNRESOLVED,1977-11-29,ORIG,1,AP,,,,,FALSE,,,,,,0,,FALSE,0,0,0,0,0,0,0,,,,,,FULldb-1977-UNRES31,,https://www.accessdata.fda.gov/scripts/cder/daf/index.cfm?event=overview.process&varApplNo=085971,,data/raw/drugsatfda_data_files_2026_09/Submissions_1965_1979.txt,10633,eb7003d97b6b24023b5fde542a5ba7ca4292259d9f323a1530d387a6e0091311,"Verified row, application type not published (KIND_UNRESOLVED) - review candidate only","v23 2026-09-20: row read verbatim from the committed official Drugs@FDA Submissions extract (1965-1979 window) at the cited line number; the file re-hashes to the runner manifest SHA-256. ApplNo is absent from the unfiltered Applications table, so no NDA/ANDA/BLA type can be asserted; the openFDA payloads do not carry it either. This is a review candidate, never an approval row in the NME decision table. Cross-check record FULldb-1977-UNRES31."
PRE1980ACT-1978-222,1978,085979,ANDA085979,ANDA_ORIGINAL_EXCLUDED,1978-06-05,ORIG,1,AP,,,,,FALSE,LEGACY,PRAMOSONE,HYDROCORTISONE ACETATE; PRAMOXINE HYDROCHLORIDE,2.5%;1%,LOTION;TOPICAL,1,,FALSE,0,0,0,0,0,0,0,,,,,,,,https://www.accessdata.fda.gov/scripts/cder/daf/index.cfm?event=overview.process&varApplNo=085979,https://api.fda.gov/drug/drugsfda.json?search=application_number:%22ANDA085979%22,data/raw/drugsatfda_data_files_2026_09/Submissions_1965_1979.txt,10634,eb7003d97b6b24023b5fde542a5ba7ca4292259d9f323a1530d387a6e0091311,"Verified row, out of scope for NME counts (abbreviated new drug application)",v23 2026-09-20: row read verbatim from the committed official Drugs@FDA Submissions extract (1965-1979 window) at the cited line number; the file re-hashes to the runner manifest SHA-256. Abbreviated new drug application: outside the NDA/BLA novel-approval basis and therefore never counted toward an official NME or NDA total. Published here so the year's complete original-approval population is auditable.
PRE1980ACT-1978-223,1978,085980,ANDA085980,ANDA_ORIGINAL_EXCLUDED,1978-06-05,ORIG,1,AP,,,,,FALSE,LEGACY,PRAMOSONE,HYDROCORTISONE ACETATE; PRAMOXINE HYDROCHLORIDE,1%;1%,LOTION;TOPICAL,1,,FALSE,0,0,0,0,0,0,0,,,,,,,,https://www.accessdata.fda.gov/scripts/cder/daf/index.cfm?event=overview.process&varApplNo=085980,https://api.fda.gov/drug/drugsfda.json?search=application_number:%22ANDA085980%22,data/raw/drugsatfda_data_files_2026_09/Submissions_1965_1979.txt,10635,eb7003d97b6b24023b5fde542a5ba7ca4292259d9f323a1530d387a6e0091311,"Verified row, out of scope for NME counts (abbreviated new drug application)",v23 2026-09-20: row read verbatim from the committed official Drugs@FDA Submissions extract (1965-1979 window) at the cited line number; the file re-hashes to the runner manifest SHA-256. Abbreviated new drug application: outside the NDA/BLA novel-approval basis and therefore never counted toward an official NME or NDA total. Published here so the year's complete original-approval population is auditable.
PRE1980ACT-1978-224,1978,085981,ANDA085981,ANDA_ORIGINAL_EXCLUDED,1978-05-09,ORIG,1,AP,,,,,FALSE,X GEN PHARMS,HYDROCORTISONE ACETATE,HYDROCORTISONE ACETATE,100%,POWDER;FOR RX COMPOUNDING,1,,FALSE,0,0,0,0,0,0,0,,,,,,,,https://www.accessdata.fda.gov/scripts/cder/daf/index.cfm?event=overview.process&varApplNo=085981,https://api.fda.gov/drug/drugsfda.json?search=application_number:%22ANDA085981%22,data/raw/drugsatfda_data_files_2026_09/Submissions_1965_1979.txt,10636,eb7003d97b6b24023b5fde542a5ba7ca4292259d9f323a1530d387a6e0091311,"Verified row, out of scope for NME counts (abbreviated new drug application)",v23 2026-09-20: row read verbatim from the committed official Drugs@FDA Submissions extract (1965-1979 window) at the cited line number; the file re-hashes to the runner manifest SHA-256. Abbreviated new drug application: outside the NDA/BLA novel-approval basis and therefore never counted toward an official NME or NDA total. Published here so the year's complete original-approval population is auditable.
PRE1980ACT-1978-225,1978,085982,ANDA085982,ANDA_ORIGINAL_EXCLUDED,1978-05-09,ORIG,1,AP,,,,,FALSE,X GEN PHARMS,HYDRO-RX,HYDROCORTISONE,100%,POWDER;FOR RX COMPOUNDING,1,,FALSE,0,0,0,0,0,0,0,,,,,,,,https://www.accessdata.fda.gov/scripts/cder/daf/index.cfm?event=overview.process&varApplNo=085982,https://api.fda.gov/drug/drugsfda.json?search=application_number:%22ANDA085982%22,data/raw/drugsatfda_data_files_2026_09/Submissions_1965_1979.txt,10637,eb7003d97b6b24023b5fde542a5ba7ca4292259d9f323a1530d387a6e0091311,"Verified row, out of scope for NME counts (abbreviated new drug application)",v23 2026-09-20: row read verbatim from the committed official Drugs@FDA Submissions extract (1965-1979 window) at the cited line number; the file re-hashes to the runner manifest SHA-256. Abbreviated new drug application: outside the NDA/BLA novel-approval basis and therefore never counted toward an official NME or NDA total. Published here so the year's complete original-approval population is auditable.
PRE1980ACT-1977-260,1977,085985,ANDA085985,ANDA_ORIGINAL_EXCLUDED,1977-12-19,ORIG,1,AP,,,,,FALSE,NEXGEN PHARMA INC,DIMENHYDRINATE,DIMENHYDRINATE,50MG,TABLET;ORAL,1,,FALSE,0,0,0,0,0,0,0,,,,,,,,https://www.accessdata.fda.gov/scripts/cder/daf/index.cfm?event=overview.process&varApplNo=085985,https://api.fda.gov/drug/drugsfda.json?search=application_number:%22ANDA085985%22,data/raw/drugsatfda_data_files_2026_09/Submissions_1965_1979.txt,10638,eb7003d97b6b24023b5fde542a5ba7ca4292259d9f323a1530d387a6e0091311,"Verified row, out of scope for NME counts (abbreviated new drug application)",v23 2026-09-20: row read verbatim from the committed official Drugs@FDA Submissions extract (1965-1979 window) at the cited line number; the file re-hashes to the runner manifest SHA-256. Abbreviated new drug application: outside the NDA/BLA novel-approval basis and therefore never counted toward an official NME or NDA total. Published here so the year's complete original-approval population is auditable.
PRE1980ACT-1978-226,1978,085992,ANDA085992,ANDA_ORIGINAL_EXCLUDED,1978-03-14,ORIG,1,AP,,,,,FALSE,WARNER CHILCOTT,ACETAMINOPHEN AND CODEINE PHOSPHATE,ACETAMINOPHEN; CODEINE PHOSPHATE,300MG;15MG,TABLET;ORAL,1,,FALSE,0,0,0,0,0,0,0,,,,,,,,https://www.accessdata.fda.gov/scripts/cder/daf/index.cfm?event=overview.process&varApplNo=085992,https://api.fda.gov/drug/drugsfda.json?search=application_number:%22ANDA085992%22,data/raw/drugsatfda_data_files_2026_09/Submissions_1965_1979.txt,10639,eb7003d97b6b24023b5fde542a5ba7ca4292259d9f323a1530d387a6e0091311,"Verified row, out of scope for NME counts (abbreviated new drug application)",v23 2026-09-20: row read verbatim from the committed official Drugs@FDA Submissions extract (1965-1979 window) at the cited line number; the file re-hashes to the runner manifest SHA-256. Abbreviated new drug application: outside the NDA/BLA novel-approval basis and therefore never counted toward an official NME or NDA total. Published here so the year's complete original-approval population is auditable.
PRE1980ACT-1977-261,1977,085995,ANDA085995,ANDA_ORIGINAL_EXCLUDED,1977-11-17,ORIG,1,AP,,,,,FALSE,HOSPIRA,PEDIATRIC LTA KIT,LIDOCAINE HYDROCHLORIDE,2%,SOLUTION;TOPICAL,1,,FALSE,0,0,0,0,0,0,0,,,,,,,,https://www.accessdata.fda.gov/scripts/cder/daf/index.cfm?event=overview.process&varApplNo=085995,https://api.fda.gov/drug/drugsfda.json?search=application_number:%22ANDA085995%22,data/raw/drugsatfda_data_files_2026_09/Submissions_1965_1979.txt,10640,eb7003d97b6b24023b5fde542a5ba7ca4292259d9f323a1530d387a6e0091311,"Verified row, out of scope for NME counts (abbreviated new drug application)",v23 2026-09-20: row read verbatim from the committed official Drugs@FDA Submissions extract (1965-1979 window) at the cited line number; the file re-hashes to the runner manifest SHA-256. Abbreviated new drug application: outside the NDA/BLA novel-approval basis and therefore never counted toward an official NME or NDA total. Published here so the year's complete original-approval population is auditable.
PRE1980ACT-1978-227,1978,085997,ANDA085997,ANDA_ORIGINAL_EXCLUDED,1978-09-15,ORIG,1,AP,,,,,FALSE,PARKE DAVIS,ISOETHARINE HYDROCHLORIDE,ISOETHARINE HYDROCHLORIDE,0.5%,SOLUTION;INHALATION,1,,FALSE,0,0,0,0,0,0,0,,,,,,,,https://www.accessdata.fda.gov/scripts/cder/daf/index.cfm?event=overview.process&varApplNo=085997,https://api.fda.gov/drug/drugsfda.json?search=application_number:%22ANDA085997%22,data/raw/drugsatfda_data_files_2026_09/Submissions_1965_1979.txt,10641,eb7003d97b6b24023b5fde542a5ba7ca4292259d9f323a1530d387a6e0091311,"Verified row, out of scope for NME counts (abbreviated new drug application)",v23 2026-09-20: row read verbatim from the committed official Drugs@FDA Submissions extract (1965-1979 window) at the cited line number; the file re-hashes to the runner manifest SHA-256. Abbreviated new drug application: outside the NDA/BLA novel-approval basis and therefore never counted toward an official NME or NDA total. Published here so the year's complete original-approval population is auditable.
PRE1980ACT-1978-228,1978,085998,ANDA085998,ANDA_ORIGINAL_EXCLUDED,1978-08-16,ORIG,1,AP,,,,,FALSE,ACTAVIS,HYDROXOCOBALAMIN,HYDROXOCOBALAMIN,1MG/ML,INJECTABLE;INJECTION,1,,FALSE,0,0,0,0,0,0,0,,,,,,,,https://www.accessdata.fda.gov/scripts/cder/daf/index.cfm?event=overview.process&varApplNo=085998,https://api.fda.gov/drug/drugsfda.json?search=application_number:%22ANDA085998%22,data/raw/drugsatfda_data_files_2026_09/Submissions_1965_1979.txt,10642,eb7003d97b6b24023b5fde542a5ba7ca4292259d9f323a1530d387a6e0091311,"Verified row, out of scope for NME counts (abbreviated new drug application)",v23 2026-09-20: row read verbatim from the committed official Drugs@FDA Submissions extract (1965-1979 window) at the cited line number; the file re-hashes to the runner manifest SHA-256. Abbreviated new drug application: outside the NDA/BLA novel-approval basis and therefore never counted toward an official NME or NDA total. Published here so the year's complete original-approval population is auditable.
PRE1980ACT-1977-262,1977,086002,ANDA086002,ANDA_ORIGINAL_EXCLUDED,1977-10-03,ORIG,1,AP,,,,,FALSE,ROXANE,AMITRIPTYLINE HYDROCHLORIDE,AMITRIPTYLINE HYDROCHLORIDE,10MG,TABLET;ORAL,1,,FALSE,0,0,0,0,0,0,0,,,,,,,,https://www.accessdata.fda.gov/scripts/cder/daf/index.cfm?event=overview.process&varApplNo=086002,https://api.fda.gov/drug/drugsfda.json?search=application_number:%22ANDA086002%22,data/raw/drugsatfda_data_files_2026_09/Submissions_1965_1979.txt,10643,eb7003d97b6b24023b5fde542a5ba7ca4292259d9f323a1530d387a6e0091311,"Verified row, out of scope for NME counts (abbreviated new drug application)",v23 2026-09-20: row read verbatim from the committed official Drugs@FDA Submissions extract (1965-1979 window) at the cited line number; the file re-hashes to the runner manifest SHA-256. Abbreviated new drug application: outside the NDA/BLA novel-approval basis and therefore never counted toward an official NME or NDA total. Published here so the year's complete original-approval population is auditable.
PRE1980ACT-1977-263,1977,086003,ANDA086003,ANDA_ORIGINAL_EXCLUDED,1977-10-03,ORIG,1,AP,,,,,FALSE,ROXANE,AMITRIPTYLINE HYDROCHLORIDE,AMITRIPTYLINE HYDROCHLORIDE,100MG,TABLET;ORAL,1,,FALSE,0,0,0,0,0,0,0,,,,,,,,https://www.accessdata.fda.gov/scripts/cder/daf/index.cfm?event=overview.process&varApplNo=086003,https://api.fda.gov/drug/drugsfda.json?search=application_number:%22ANDA086003%22,data/raw/drugsatfda_data_files_2026_09/Submissions_1965_1979.txt,10644,eb7003d97b6b24023b5fde542a5ba7ca4292259d9f323a1530d387a6e0091311,"Verified row, out of scope for NME counts (abbreviated new drug application)",v23 2026-09-20: row read verbatim from the committed official Drugs@FDA Submissions extract (1965-1979 window) at the cited line number; the file re-hashes to the runner manifest SHA-256. Abbreviated new drug application: outside the NDA/BLA novel-approval basis and therefore never counted toward an official NME or NDA total. Published here so the year's complete original-approval population is auditable.
PRE1980ACT-1977-264,1977,086004,ANDA086004,ANDA_ORIGINAL_EXCLUDED,1977-10-03,ORIG,1,AP,,,,,FALSE,ROXANE,AMITRIPTYLINE HYDROCHLORIDE,AMITRIPTYLINE HYDROCHLORIDE,75MG,TABLET;ORAL,1,,FALSE,0,0,0,0,0,0,0,,,,,,,,https://www.accessdata.fda.gov/scripts/cder/daf/index.cfm?event=overview.process&varApplNo=086004,https://api.fda.gov/drug/drugsfda.json?search=application_number:%22ANDA086004%22,data/raw/drugsatfda_data_files_2026_09/Submissions_1965_1979.txt,10645,eb7003d97b6b24023b5fde542a5ba7ca4292259d9f323a1530d387a6e0091311,"Verified row, out of scope for NME counts (abbreviated new drug application)",v23 2026-09-20: row read verbatim from the committed official Drugs@FDA Submissions extract (1965-1979 window) at the cited line number; the file re-hashes to the runner manifest SHA-256. Abbreviated new drug application: outside the NDA/BLA novel-approval basis and therefore never counted toward an official NME or NDA total. Published here so the year's complete original-approval population is auditable.
PRE1980ACT-1978-229,1978,086008,ANDA086008,ANDA_ORIGINAL_EXCLUDED,1978-01-20,ORIG,1,AP,,,,,FALSE,BIOGLAN,ALPHADERM,HYDROCORTISONE; UREA,1%;10%,CREAM;TOPICAL,1,,FALSE,0,0,0,0,0,0,0,,,,,,,,https://www.accessdata.fda.gov/scripts/cder/daf/index.cfm?event=overview.process&varApplNo=086008,https://api.fda.gov/drug/drugsfda.json?search=application_number:%22ANDA086008%22,data/raw/drugsatfda_data_files_2026_09/Submissions_1965_1979.txt,10646,eb7003d97b6b24023b5fde542a5ba7ca4292259d9f323a1530d387a6e0091311,"Verified row, out of scope for NME counts (abbreviated new drug application)",v23 2026-09-20: row read verbatim from the committed official Drugs@FDA Submissions extract (1965-1979 window) at the cited line number; the file re-hashes to the runner manifest SHA-256. Abbreviated new drug application: outside the NDA/BLA novel-approval basis and therefore never counted toward an official NME or NDA total. Published here so the year's complete original-approval population is auditable.
PRE1980ACT-1978-230,1978,086009,ANDA086009,ANDA_ORIGINAL_EXCLUDED,1978-04-10,ORIG,1,AP,,,,,FALSE,AUROBINDO PHARMA USA,AMITRIPTYLINE HYDROCHLORIDE,AMITRIPTYLINE HYDROCHLORIDE,50MG,TABLET;ORAL,6,,FALSE,0,0,0,0,0,0,0,,,,,,,,https://www.accessdata.fda.gov/scripts/cder/daf/index.cfm?event=overview.process&varApplNo=086009,https://api.fda.gov/drug/drugsfda.json?search=application_number:%22ANDA086009%22,data/raw/drugsatfda_data_files_2026_09/Submissions_1965_1979.txt,10647,eb7003d97b6b24023b5fde542a5ba7ca4292259d9f323a1530d387a6e0091311,"Verified row, out of scope for NME counts (abbreviated new drug application)",v23 2026-09-20: row read verbatim from the committed official Drugs@FDA Submissions extract (1965-1979 window) at the cited line number; the file re-hashes to the runner manifest SHA-256. Abbreviated new drug application: outside the NDA/BLA novel-approval basis and therefore never counted toward an official NME or NDA total. Published here so the year's complete original-approval population is auditable.
PRE1980ACT-1978-231,1978,086010,ANDA086010,ANDA_ORIGINAL_EXCLUDED,1978-04-10,ORIG,1,AP,,,,,FALSE,MYLAN,AMITRIPTYLINE HYDROCHLORIDE,AMITRIPTYLINE HYDROCHLORIDE,25MG,TABLET; ORAL,1,,FALSE,0,0,0,0,0,0,0,,,,,,,,https://www.accessdata.fda.gov/scripts/cder/daf/index.cfm?event=overview.process&varApplNo=086010,https://api.fda.gov/drug/drugsfda.json?search=application_number:%22ANDA086010%22,data/raw/drugsatfda_data_files_2026_09/Submissions_1965_1979.txt,10648,eb7003d97b6b24023b5fde542a5ba7ca4292259d9f323a1530d387a6e0091311,"Verified row, out of scope for NME counts (abbreviated new drug application)",v23 2026-09-20: row read verbatim from the committed official Drugs@FDA Submissions extract (1965-1979 window) at the cited line number; the file re-hashes to the runner manifest SHA-256. Abbreviated new drug application: outside the NDA/BLA novel-approval basis and therefore never counted toward an official NME or NDA total. Published here so the year's complete original-approval population is auditable.
PRE1980ACT-1978-232,1978,086011,ANDA086011,ANDA_ORIGINAL_EXCLUDED,1978-04-10,ORIG,1,AP,,,,,FALSE,MYLAN,AMITRIPTYLINE HYDROCHLORIDE,AMITRIPTYLINE HYDROCHLORIDE,75MG,TABLET; ORAL,1,,FALSE,0,0,0,0,0,0,0,,,,,,,,https://www.accessdata.fda.gov/scripts/cder/daf/index.cfm?event=overview.process&varApplNo=086011,https://api.fda.gov/drug/drugsfda.json?search=application_number:%22ANDA086011%22,data/raw/drugsatfda_data_files_2026_09/Submissions_1965_1979.txt,10649,eb7003d97b6b24023b5fde542a5ba7ca4292259d9f323a1530d387a6e0091311,"Verified row, out of scope for NME counts (abbreviated new drug application)",v23 2026-09-20: row read verbatim from the committed official Drugs@FDA Submissions extract (1965-1979 window) at the cited line number; the file re-hashes to the runner manifest SHA-256. Abbreviated new drug application: outside the NDA/BLA novel-approval basis and therefore never counted toward an official NME or NDA total. Published here so the year's complete original-approval population is auditable.
PRE1980ACT-1977-265,1977,086013,ANDA086013,ANDA_ORIGINAL_EXCLUDED,1977-12-16,ORIG,1,AP,,,,,FALSE,TEVA,STATOBEX,PHENDIMETRAZINE TARTRATE,35MG,TABLET;ORAL,1,,FALSE,0,0,0,0,0,0,0,,,,,,,,https://www.accessdata.fda.gov/scripts/cder/daf/index.cfm?event=overview.process&varApplNo=086013,https://api.fda.gov/drug/drugsfda.json?search=application_number:%22ANDA086013%22,data/raw/drugsatfda_data_files_2026_09/Submissions_1965_1979.txt,10650,eb7003d97b6b24023b5fde542a5ba7ca4292259d9f323a1530d387a6e0091311,"Verified row, out of scope for NME counts (abbreviated new drug application)",v23 2026-09-20: row read verbatim from the committed official Drugs@FDA Submissions extract (1965-1979 window) at the cited line number; the file re-hashes to the runner manifest SHA-256. Abbreviated new drug application: outside the NDA/BLA novel-approval basis and therefore never counted toward an official NME or NDA total. Published here so the year's complete original-approval population is auditable.
PRE1980ACT-1978-233,1978,086020,ANDA086020,ANDA_ORIGINAL_EXCLUDED,1978-02-28,ORIG,1,AP,,,,,FALSE,NEXGEN PHARMA INC,PHENDIMETRAZINE TARTRATE,PHENDIMETRAZINE TARTRATE,35MG,TABLET;ORAL,1,,FALSE,0,0,0,0,0,0,0,,,,,,,,https://www.accessdata.fda.gov/scripts/cder/daf/index.cfm?event=overview.process&varApplNo=086020,https://api.fda.gov/drug/drugsfda.json?search=application_number:%22ANDA086020%22,data/raw/drugsatfda_data_files_2026_09/Submissions_1965_1979.txt,10651,eb7003d97b6b24023b5fde542a5ba7ca4292259d9f323a1530d387a6e0091311,"Verified row, out of scope for NME counts (abbreviated new drug application)",v23 2026-09-20: row read verbatim from the committed official Drugs@FDA Submissions extract (1965-1979 window) at the cited line number; the file re-hashes to the runner manifest SHA-256. Abbreviated new drug application: outside the NDA/BLA novel-approval basis and therefore never counted toward an official NME or NDA total. Published here so the year's complete original-approval population is auditable.
PRE1980ACT-1979-129,1979,086024,ANDA086024,ANDA_ORIGINAL_EXCLUDED,1979-01-08,ORIG,1,AP,,,,,FALSE,VALEANT PHARMS LLC,CAPITAL AND CODEINE,ACETAMINOPHEN; CODEINE PHOSPHATE,120MG/5ML;12MG/5ML,SUSPENSION;ORAL,1,,FALSE,0,0,0,0,0,0,0,,,,,,,,https://www.accessdata.fda.gov/scripts/cder/daf/index.cfm?event=overview.process&varApplNo=086024,https://api.fda.gov/drug/drugsfda.json?search=application_number:%22ANDA086024%22,data/raw/drugsatfda_data_files_2026_09/Submissions_1965_1979.txt,10652,eb7003d97b6b24023b5fde542a5ba7ca4292259d9f323a1530d387a6e0091311,"Verified row, out of scope for NME counts (abbreviated new drug application)",v23 2026-09-20: row read verbatim from the committed official Drugs@FDA Submissions extract (1965-1979 window) at the cited line number; the file re-hashes to the runner manifest SHA-256. Abbreviated new drug application: outside the NDA/BLA novel-approval basis and therefore never counted toward an official NME or NDA total. Published here so the year's complete original-approval population is auditable.
PRE1980ACT-1978-234,1978,086029,ANDA086029,ANDA_ORIGINAL_EXCLUDED,1978-06-23,ORIG,1,AP,,,,,FALSE,WATSON LABS,TESTOSTERONE CYPIONATE,TESTOSTERONE CYPIONATE,100MG/ML,INJECTABLE;INJECTION,1,,FALSE,0,0,0,0,0,0,0,,,,,,,,https://www.accessdata.fda.gov/scripts/cder/daf/index.cfm?event=overview.process&varApplNo=086029,https://api.fda.gov/drug/drugsfda.json?search=application_number:%22ANDA086029%22,data/raw/drugsatfda_data_files_2026_09/Submissions_1965_1979.txt,10653,eb7003d97b6b24023b5fde542a5ba7ca4292259d9f323a1530d387a6e0091311,"Verified row, out of scope for NME counts (abbreviated new drug application)",v23 2026-09-20: row read verbatim from the committed official Drugs@FDA Submissions extract (1965-1979 window) at the cited line number; the file re-hashes to the runner manifest SHA-256. Abbreviated new drug application: outside the NDA/BLA novel-approval basis and therefore never counted toward an official NME or NDA total. Published here so the year's complete original-approval population is auditable.
PRE1980ACT-1979-130,1979,086047,ANDA086047,ANDA_ORIGINAL_EXCLUDED,1979-11-20,ORIG,1,AP,,,,,FALSE,PARKE DAVIS,TOLBUTAMIDE,TOLBUTAMIDE,500MG,TABLET;ORAL,1,,FALSE,0,0,0,0,0,0,0,,,,,,,,https://www.accessdata.fda.gov/scripts/cder/daf/index.cfm?event=overview.process&varApplNo=086047,https://api.fda.gov/drug/drugsfda.json?search=application_number:%22ANDA086047%22,data/raw/drugsatfda_data_files_2026_09/Submissions_1965_1979.txt,10654,eb7003d97b6b24023b5fde542a5ba7ca4292259d9f323a1530d387a6e0091311,"Verified row, out of scope for NME counts (abbreviated new drug application)",v23 2026-09-20: row read verbatim from the committed official Drugs@FDA Submissions extract (1965-1979 window) at the cited line number; the file re-hashes to the runner manifest SHA-256. Abbreviated new drug application: outside the NDA/BLA novel-approval basis and therefore never counted toward an official NME or NDA total. Published here so the year's complete original-approval population is auditable.
PRE1980ACT-1978-235,1978,086077,ANDA086077,ANDA_ORIGINAL_EXCLUDED,1978-04-26,ORIG,1,AP,,,,,FALSE,AMBIX,NITROFURAZONE,NITROFURAZONE,0.2%,OINTMENT;TOPICAL,1,,FALSE,0,0,0,0,0,0,0,,,,,,,,https://www.accessdata.fda.gov/scripts/cder/daf/index.cfm?event=overview.process&varApplNo=086077,https://api.fda.gov/drug/drugsfda.json?search=application_number:%22ANDA086077%22,data/raw/drugsatfda_data_files_2026_09/Submissions_1965_1979.txt,10655,eb7003d97b6b24023b5fde542a5ba7ca4292259d9f323a1530d387a6e0091311,"Verified row, out of scope for NME counts (abbreviated new drug application)",v23 2026-09-20: row read verbatim from the committed official Drugs@FDA Submissions extract (1965-1979 window) at the cited line number; the file re-hashes to the runner manifest SHA-256. Abbreviated new drug application: outside the NDA/BLA novel-approval basis and therefore never counted toward an official NME or NDA total. Published here so the year's complete original-approval population is auditable.
PRE1980ACT-1978-236,1978,086079,ANDA086079,ANDA_ORIGINAL_EXCLUDED,1978-05-11,ORIG,1,AP,,,,,FALSE,AMBIX,HYDROCORTISONE,HYDROCORTISONE,1%,OINTMENT;TOPICAL,1,,FALSE,0,0,0,0,0,0,0,,,,,,,,https://www.accessdata.fda.gov/scripts/cder/daf/index.cfm?event=overview.process&varApplNo=086079,https://api.fda.gov/drug/drugsfda.json?search=application_number:%22ANDA086079%22,data/raw/drugsatfda_data_files_2026_09/Submissions_1965_1979.txt,10656,eb7003d97b6b24023b5fde542a5ba7ca4292259d9f323a1530d387a6e0091311,"Verified row, out of scope for NME counts (abbreviated new drug application)",v23 2026-09-20: row read verbatim from the committed official Drugs@FDA Submissions extract (1965-1979 window) at the cited line number; the file re-hashes to the runner manifest SHA-256. Abbreviated new drug application: outside the NDA/BLA novel-approval basis and therefore never counted toward an official NME or NDA total. Published here so the year's complete original-approval population is auditable.
PRE1980ACT-1978-237,1978,086080,ANDA086080,ANDA_ORIGINAL_EXCLUDED,1978-04-26,ORIG,1,AP,,,,,FALSE,AMBIX,HYDROCORTISONE,HYDROCORTISONE,1%,CREAM;TOPICAL,1,,FALSE,0,0,0,0,0,0,0,,,,,,,,https://www.accessdata.fda.gov/scripts/cder/daf/index.cfm?event=overview.process&varApplNo=086080,https://api.fda.gov/drug/drugsfda.json?search=application_number:%22ANDA086080%22,data/raw/drugsatfda_data_files_2026_09/Submissions_1965_1979.txt,10657,eb7003d97b6b24023b5fde542a5ba7ca4292259d9f323a1530d387a6e0091311,"Verified row, out of scope for NME counts (abbreviated new drug application)",v23 2026-09-20: row read verbatim from the committed official Drugs@FDA Submissions extract (1965-1979 window) at the cited line number; the file re-hashes to the runner manifest SHA-256. Abbreviated new drug application: outside the NDA/BLA novel-approval basis and therefore never counted toward an official NME or NDA total. Published here so the year's complete original-approval population is auditable.
PRE1980ACT-1978-238,1978,086086,,KIND_UNRESOLVED,1978-12-01,ORIG,1,AP,,,,,FALSE,,,,,,0,,FALSE,0,0,0,0,0,0,0,,,,,,FULldb-1978-UNRES25,,https://www.accessdata.fda.gov/scripts/cder/daf/index.cfm?event=overview.process&varApplNo=086086,,data/raw/drugsatfda_data_files_2026_09/Submissions_1965_1979.txt,10658,eb7003d97b6b24023b5fde542a5ba7ca4292259d9f323a1530d387a6e0091311,"Verified row, application type not published (KIND_UNRESOLVED) - review candidate only","v23 2026-09-20: row read verbatim from the committed official Drugs@FDA Submissions extract (1965-1979 window) at the cited line number; the file re-hashes to the runner manifest SHA-256. ApplNo is absent from the unfiltered Applications table, so no NDA/ANDA/BLA type can be asserted; the openFDA payloads do not carry it either. This is a review candidate, never an approval row in the NME decision table. Cross-check record FULldb-1978-UNRES25."
PRE1980ACT-1978-239,1978,086087,ANDA086087,ANDA_ORIGINAL_EXCLUDED,1978-07-17,ORIG,1,AP,,,,,FALSE,WATSON LABS,HYDROCHLOROTHIAZIDE,HYDROCHLOROTHIAZIDE,50MG,TABLET;ORAL,1,,FALSE,0,0,0,0,0,0,0,,,,,,,,https://www.accessdata.fda.gov/scripts/cder/daf/index.cfm?event=overview.process&varApplNo=086087,https://api.fda.gov/drug/drugsfda.json?search=application_number:%22ANDA086087%22,data/raw/drugsatfda_data_files_2026_09/Submissions_1965_1979.txt,10659,eb7003d97b6b24023b5fde542a5ba7ca4292259d9f323a1530d387a6e0091311,"Verified row, out of scope for NME counts (abbreviated new drug application)",v23 2026-09-20: row read verbatim from the committed official Drugs@FDA Submissions extract (1965-1979 window) at the cited line number; the file re-hashes to the runner manifest SHA-256. Abbreviated new drug application: outside the NDA/BLA novel-approval basis and therefore never counted toward an official NME or NDA total. Published here so the year's complete original-approval population is auditable.
PRE1980ACT-1977-266,1977,086090,ANDA086090,ANDA_ORIGINAL_EXCLUDED,1977-10-28,ORIG,1,AP,,,,,FALSE,ROXANE,AMITRIPTYLINE HYDROCHLORIDE,AMITRIPTYLINE HYDROCHLORIDE,150MG,TABLET;ORAL,1,,FALSE,0,0,0,0,0,0,0,,,,,,,,https://www.accessdata.fda.gov/scripts/cder/daf/index.cfm?event=overview.process&varApplNo=086090,https://api.fda.gov/drug/drugsfda.json?search=application_number:%22ANDA086090%22,data/raw/drugsatfda_data_files_2026_09/Submissions_1965_1979.txt,10660,eb7003d97b6b24023b5fde542a5ba7ca4292259d9f323a1530d387a6e0091311,"Verified row, out of scope for NME counts (abbreviated new drug application)",v23 2026-09-20: row read verbatim from the committed official Drugs@FDA Submissions extract (1965-1979 window) at the cited line number; the file re-hashes to the runner manifest SHA-256. Abbreviated new drug application: outside the NDA/BLA novel-approval basis and therefore never counted toward an official NME or NDA total. Published here so the year's complete original-approval population is auditable.
PRE1980ACT-1979-131,1979,086096,ANDA086096,ANDA_ORIGINAL_EXCLUDED,1979-10-09,ORIG,1,AP,,,,,FALSE,WATSON LABS,CHLORPHENIRAMINE MALEATE,CHLORPHENIRAMINE MALEATE,10MG/ML,INJECTABLE;INJECTION,1,,FALSE,0,0,0,0,0,0,0,,,,,,,,https://www.accessdata.fda.gov/scripts/cder/daf/index.cfm?event=overview.process&varApplNo=086096,https://api.fda.gov/drug/drugsfda.json?search=application_number:%22ANDA086096%22,data/raw/drugsatfda_data_files_2026_09/Submissions_1965_1979.txt,10661,eb7003d97b6b24023b5fde542a5ba7ca4292259d9f323a1530d387a6e0091311,"Verified row, out of scope for NME counts (abbreviated new drug application)",v23 2026-09-20: row read verbatim from the committed official Drugs@FDA Submissions extract (1965-1979 window) at the cited line number; the file re-hashes to the runner manifest SHA-256. Abbreviated new drug application: outside the NDA/BLA novel-approval basis and therefore never counted toward an official NME or NDA total. Published here so the year's complete original-approval population is auditable.
PRE1980ACT-1979-132,1979,086107,ANDA086107,ANDA_ORIGINAL_EXCLUDED,1979-03-26,ORIG,1,AP,,,,,FALSE,3M,THEOLAIR,THEOPHYLLINE,80MG/15ML,SOLUTION;ORAL,1,,FALSE,0,0,0,0,0,0,0,,,,,,,,https://www.accessdata.fda.gov/scripts/cder/daf/index.cfm?event=overview.process&varApplNo=086107,https://api.fda.gov/drug/drugsfda.json?search=application_number:%22ANDA086107%22,data/raw/drugsatfda_data_files_2026_09/Submissions_1965_1979.txt,10662,eb7003d97b6b24023b5fde542a5ba7ca4292259d9f323a1530d387a6e0091311,"Verified row, out of scope for NME counts (abbreviated new drug application)",v23 2026-09-20: row read verbatim from the committed official Drugs@FDA Submissions extract (1965-1979 window) at the cited line number; the file re-hashes to the runner manifest SHA-256. Abbreviated new drug application: outside the NDA/BLA novel-approval basis and therefore never counted toward an official NME or NDA total. Published here so the year's complete original-approval population is auditable.
PRE1980ACT-1979-133,1979,086109,ANDA086109,ANDA_ORIGINAL_EXCLUDED,1979-01-30,ORIG,1,AP,,,,,FALSE,WATSON LABS,TOLBUTAMIDE,TOLBUTAMIDE,500MG,TABLET;ORAL,1,,FALSE,0,0,0,0,0,0,0,,,,,,,,https://www.accessdata.fda.gov/scripts/cder/daf/index.cfm?event=overview.process&varApplNo=086109,https://api.fda.gov/drug/drugsfda.json?search=application_number:%22ANDA086109%22,data/raw/drugsatfda_data_files_2026_09/Submissions_1965_1979.txt,10663,eb7003d97b6b24023b5fde542a5ba7ca4292259d9f323a1530d387a6e0091311,"Verified row, out of scope for NME counts (abbreviated new drug application)",v23 2026-09-20: row read verbatim from the committed official Drugs@FDA Submissions extract (1965-1979 window) at the cited line number; the file re-hashes to the runner manifest SHA-256. Abbreviated new drug application: outside the NDA/BLA novel-approval basis and therefore never counted toward an official NME or NDA total. Published here so the year's complete original-approval population is auditable.
PRE1980ACT-1978-240,1978,086116,,KIND_UNRESOLVED,1978-02-28,ORIG,1,AP,,,,,FALSE,,,,,,0,,FALSE,0,0,0,0,0,0,0,,,,,,FULldb-1978-UNRES07,,https://www.accessdata.fda.gov/scripts/cder/daf/index.cfm?event=overview.process&varApplNo=086116,,data/raw/drugsatfda_data_files_2026_09/Submissions_1965_1979.txt,10664,eb7003d97b6b24023b5fde542a5ba7ca4292259d9f323a1530d387a6e0091311,"Verified row, application type not published (KIND_UNRESOLVED) - review candidate only","v23 2026-09-20: row read verbatim from the committed official Drugs@FDA Submissions extract (1965-1979 window) at the cited line number; the file re-hashes to the runner manifest SHA-256. ApplNo is absent from the unfiltered Applications table, so no NDA/ANDA/BLA type can be asserted; the openFDA payloads do not carry it either. This is a review candidate, never an approval row in the NME decision table. Cross-check record FULldb-1978-UNRES07."
PRE1980ACT-1979-134,1979,086141,ANDA086141,ANDA_ORIGINAL_EXCLUDED,1979-08-03,ORIG,1,AP,,,,,FALSE,ALRA,TOLBUTAMIDE,TOLBUTAMIDE,500MG,TABLET;ORAL,1,,FALSE,0,0,0,0,0,0,0,,,,,,,,https://www.accessdata.fda.gov/scripts/cder/daf/index.cfm?event=overview.process&varApplNo=086141,https://api.fda.gov/drug/drugsfda.json?search=application_number:%22ANDA086141%22,data/raw/drugsatfda_data_files_2026_09/Submissions_1965_1979.txt,10665,eb7003d97b6b24023b5fde542a5ba7ca4292259d9f323a1530d387a6e0091311,"Verified row, out of scope for NME counts (abbreviated new drug application)",v23 2026-09-20: row read verbatim from the committed official Drugs@FDA Submissions extract (1965-1979 window) at the cited line number; the file re-hashes to the runner manifest SHA-256. Abbreviated new drug application: outside the NDA/BLA novel-approval basis and therefore never counted toward an official NME or NDA total. Published here so the year's complete original-approval population is auditable.
PRE1980ACT-1978-241,1978,086143,ANDA086143,ANDA_ORIGINAL_EXCLUDED,1978-01-23,ORIG,1,AP,,,,,FALSE,ROXANE,AMITRIPTYLINE HYDROCHLORIDE,AMITRIPTYLINE HYDROCHLORIDE,50MG,TABLET;ORAL,1,,FALSE,0,0,0,0,0,0,0,,,,,,,,https://www.accessdata.fda.gov/scripts/cder/daf/index.cfm?event=overview.process&varApplNo=086143,https://api.fda.gov/drug/drugsfda.json?search=application_number:%22ANDA086143%22,data/raw/drugsatfda_data_files_2026_09/Submissions_1965_1979.txt,10666,eb7003d97b6b24023b5fde542a5ba7ca4292259d9f323a1530d387a6e0091311,"Verified row, out of scope for NME counts (abbreviated new drug application)",v23 2026-09-20: row read verbatim from the committed official Drugs@FDA Submissions extract (1965-1979 window) at the cited line number; the file re-hashes to the runner manifest SHA-256. Abbreviated new drug application: outside the NDA/BLA novel-approval basis and therefore never counted toward an official NME or NDA total. Published here so the year's complete original-approval population is auditable.
PRE1980ACT-1978-242,1978,086144,ANDA086144,ANDA_ORIGINAL_EXCLUDED,1978-01-23,ORIG,1,AP,,,,,FALSE,ROXANE,AMITRIPTYLINE HYDROCHLORIDE,AMITRIPTYLINE HYDROCHLORIDE,10MG,TABLET;ORAL,1,,FALSE,0,0,0,0,0,0,0,,,,,,,,https://www.accessdata.fda.gov/scripts/cder/daf/index.cfm?event=overview.process&varApplNo=086144,https://api.fda.gov/drug/drugsfda.json?search=application_number:%22ANDA086144%22,data/raw/drugsatfda_data_files_2026_09/Submissions_1965_1979.txt,10667,eb7003d97b6b24023b5fde542a5ba7ca4292259d9f323a1530d387a6e0091311,"Verified row, out of scope for NME counts (abbreviated new drug application)",v23 2026-09-20: row read verbatim from the committed official Drugs@FDA Submissions extract (1965-1979 window) at the cited line number; the file re-hashes to the runner manifest SHA-256. Abbreviated new drug application: outside the NDA/BLA novel-approval basis and therefore never counted toward an official NME or NDA total. Published here so the year's complete original-approval population is auditable.
PRE1980ACT-1978-243,1978,086145,ANDA086145,ANDA_ORIGINAL_EXCLUDED,1978-01-23,ORIG,1,AP,,,,,FALSE,ROXANE,AMITRIPTYLINE HYDROCHLORIDE,AMITRIPTYLINE HYDROCHLORIDE,25MG,TABLET;ORAL,1,,FALSE,0,0,0,0,0,0,0,,,,,,,,https://www.accessdata.fda.gov/scripts/cder/daf/index.cfm?event=overview.process&varApplNo=086145,https://api.fda.gov/drug/drugsfda.json?search=application_number:%22ANDA086145%22,data/raw/drugsatfda_data_files_2026_09/Submissions_1965_1979.txt,10668,eb7003d97b6b24023b5fde542a5ba7ca4292259d9f323a1530d387a6e0091311,"Verified row, out of scope for NME counts (abbreviated new drug application)",v23 2026-09-20: row read verbatim from the committed official Drugs@FDA Submissions extract (1965-1979 window) at the cited line number; the file re-hashes to the runner manifest SHA-256. Abbreviated new drug application: outside the NDA/BLA novel-approval basis and therefore never counted toward an official NME or NDA total. Published here so the year's complete original-approval population is auditable.
PRE1980ACT-1978-244,1978,086146,ANDA086146,ANDA_ORIGINAL_EXCLUDED,1978-01-23,ORIG,1,AP,,,,,FALSE,ROXANE,AMITRIPTYLINE HYDROCHLORIDE,AMITRIPTYLINE HYDROCHLORIDE,100MG,TABLET;ORAL,1,,FALSE,0,0,0,0,0,0,0,,,,,,,,https://www.accessdata.fda.gov/scripts/cder/daf/index.cfm?event=overview.process&varApplNo=086146,https://api.fda.gov/drug/drugsfda.json?search=application_number:%22ANDA086146%22,data/raw/drugsatfda_data_files_2026_09/Submissions_1965_1979.txt,10669,eb7003d97b6b24023b5fde542a5ba7ca4292259d9f323a1530d387a6e0091311,"Verified row, out of scope for NME counts (abbreviated new drug application)",v23 2026-09-20: row read verbatim from the committed official Drugs@FDA Submissions extract (1965-1979 window) at the cited line number; the file re-hashes to the runner manifest SHA-256. Abbreviated new drug application: outside the NDA/BLA novel-approval basis and therefore never counted toward an official NME or NDA total. Published here so the year's complete original-approval population is auditable.
PRE1980ACT-1978-245,1978,086147,ANDA086147,ANDA_ORIGINAL_EXCLUDED,1978-01-23,ORIG,1,AP,,,,,FALSE,ROXANE,AMITRIPTYLINE HYDROCHLORIDE,AMITRIPTYLINE HYDROCHLORIDE,75MG,TABLET;ORAL,1,,FALSE,0,0,0,0,0,0,0,,,,,,,,https://www.accessdata.fda.gov/scripts/cder/daf/index.cfm?event=overview.process&varApplNo=086147,https://api.fda.gov/drug/drugsfda.json?search=application_number:%22ANDA086147%22,data/raw/drugsatfda_data_files_2026_09/Submissions_1965_1979.txt,10670,eb7003d97b6b24023b5fde542a5ba7ca4292259d9f323a1530d387a6e0091311,"Verified row, out of scope for NME counts (abbreviated new drug application)",v23 2026-09-20: row read verbatim from the committed official Drugs@FDA Submissions extract (1965-1979 window) at the cited line number; the file re-hashes to the runner manifest SHA-256. Abbreviated new drug application: outside the NDA/BLA novel-approval basis and therefore never counted toward an official NME or NDA total. Published here so the year's complete original-approval population is auditable.
PRE1980ACT-1978-246,1978,086148,ANDA086148,ANDA_ORIGINAL_EXCLUDED,1978-01-23,ORIG,1,AP,,,,,FALSE,ROXANE,AMITRIPTYLINE HYDROCHLORIDE,AMITRIPTYLINE HYDROCHLORIDE,150MG,TABLET;ORAL,1,,FALSE,0,0,0,0,0,0,0,,,,,,,,https://www.accessdata.fda.gov/scripts/cder/daf/index.cfm?event=overview.process&varApplNo=086148,https://api.fda.gov/drug/drugsfda.json?search=application_number:%22ANDA086148%22,data/raw/drugsatfda_data_files_2026_09/Submissions_1965_1979.txt,10671,eb7003d97b6b24023b5fde542a5ba7ca4292259d9f323a1530d387a6e0091311,"Verified row, out of scope for NME counts (abbreviated new drug application)",v23 2026-09-20: row read verbatim from the committed official Drugs@FDA Submissions extract (1965-1979 window) at the cited line number; the file re-hashes to the runner manifest SHA-256. Abbreviated new drug application: outside the NDA/BLA novel-approval basis and therefore never counted toward an official NME or NDA total. Published here so the year's complete original-approval population is auditable.
PRE1980ACT-1979-135,1979,086150,ANDA086150,ANDA_ORIGINAL_EXCLUDED,1979-03-09,ORIG,1,AP,,,,,FALSE,WATSON LABS,PROBENECID,PROBENECID,500MG,TABLET;ORAL,1,,FALSE,0,0,0,0,0,0,0,,,,,,,,https://www.accessdata.fda.gov/scripts/cder/daf/index.cfm?event=overview.process&varApplNo=086150,https://api.fda.gov/drug/drugsfda.json?search=application_number:%22ANDA086150%22,data/raw/drugsatfda_data_files_2026_09/Submissions_1965_1979.txt,10672,eb7003d97b6b24023b5fde542a5ba7ca4292259d9f323a1530d387a6e0091311,"Verified row, out of scope for NME counts (abbreviated new drug application)",v23 2026-09-20: row read verbatim from the committed official Drugs@FDA Submissions extract (1965-1979 window) at the cited line number; the file re-hashes to the runner manifest SHA-256. Abbreviated new drug application: outside the NDA/BLA novel-approval basis and therefore never counted toward an official NME or NDA total. Published here so the year's complete original-approval population is auditable.
PRE1980ACT-1979-136,1979,086151,ANDA086151,ANDA_ORIGINAL_EXCLUDED,1979-10-29,ORIG,1,AP,,,,,FALSE,WATSON LABS,PHENYLBUTAZONE,PHENYLBUTAZONE,100MG,TABLET;ORAL,1,,FALSE,0,0,0,0,0,0,0,,,,,,,,https://www.accessdata.fda.gov/scripts/cder/daf/index.cfm?event=overview.process&varApplNo=086151,https://api.fda.gov/drug/drugsfda.json?search=application_number:%22ANDA086151%22,data/raw/drugsatfda_data_files_2026_09/Submissions_1965_1979.txt,10673,eb7003d97b6b24023b5fde542a5ba7ca4292259d9f323a1530d387a6e0091311,"Verified row, out of scope for NME counts (abbreviated new drug application)",v23 2026-09-20: row read verbatim from the committed official Drugs@FDA Submissions extract (1965-1979 window) at the cited line number; the file re-hashes to the runner manifest SHA-256. Abbreviated new drug application: outside the NDA/BLA novel-approval basis and therefore never counted toward an official NME or NDA total. Published here so the year's complete original-approval population is auditable.
PRE1980ACT-1978-247,1978,086153,ANDA086153,ANDA_ORIGINAL_EXCLUDED,1978-04-26,ORIG,1,AP,,,,,FALSE,MYLAN,AMITRIPTYLINE HYDROCHLORIDE,AMITRIPTYLINE HYDROCHLORIDE,150MG,TABLET; ORAL,1,,FALSE,0,0,0,0,0,0,0,,,,,,,,https://www.accessdata.fda.gov/scripts/cder/daf/index.cfm?event=overview.process&varApplNo=086153,https://api.fda.gov/drug/drugsfda.json?search=application_number:%22ANDA086153%22,data/raw/drugsatfda_data_files_2026_09/Submissions_1965_1979.txt,10674,eb7003d97b6b24023b5fde542a5ba7ca4292259d9f323a1530d387a6e0091311,"Verified row, out of scope for NME counts (abbreviated new drug application)",v23 2026-09-20: row read verbatim from the committed official Drugs@FDA Submissions extract (1965-1979 window) at the cited line number; the file re-hashes to the runner manifest SHA-256. Abbreviated new drug application: outside the NDA/BLA novel-approval basis and therefore never counted toward an official NME or NDA total. Published here so the year's complete original-approval population is auditable.
PRE1980ACT-1978-248,1978,086155,ANDA086155,ANDA_ORIGINAL_EXCLUDED,1978-07-24,ORIG,1,AP,,,,,FALSE,TARO,HYDROCORTISONE,HYDROCORTISONE,1%,CREAM;TOPICAL,1,,FALSE,0,0,0,0,0,0,0,,,,,,,,https://www.accessdata.fda.gov/scripts/cder/daf/index.cfm?event=overview.process&varApplNo=086155,https://api.fda.gov/drug/drugsfda.json?search=application_number:%22ANDA086155%22,data/raw/drugsatfda_data_files_2026_09/Submissions_1965_1979.txt,10675,eb7003d97b6b24023b5fde542a5ba7ca4292259d9f323a1530d387a6e0091311,"Verified row, out of scope for NME counts (abbreviated new drug application)",v23 2026-09-20: row read verbatim from the committed official Drugs@FDA Submissions extract (1965-1979 window) at the cited line number; the file re-hashes to the runner manifest SHA-256. Abbreviated new drug application: outside the NDA/BLA novel-approval basis and therefore never counted toward an official NME or NDA total. Published here so the year's complete original-approval population is auditable.
PRE1980ACT-1978-249,1978,086156,ANDA086156,ANDA_ORIGINAL_EXCLUDED,1978-08-15,ORIG,1,AP,,,,,FALSE,SUN PHARMA CANADA,NITROFURAZONE,NITROFURAZONE,0.2%,OINTMENT;TOPICAL,1,,FALSE,0,0,0,0,0,0,0,,,,,,,,https://www.accessdata.fda.gov/scripts/cder/daf/index.cfm?event=overview.process&varApplNo=086156,https://api.fda.gov/drug/drugsfda.json?search=application_number:%22ANDA086156%22,data/raw/drugsatfda_data_files_2026_09/Submissions_1965_1979.txt,10676,eb7003d97b6b24023b5fde542a5ba7ca4292259d9f323a1530d387a6e0091311,"Verified row, out of scope for NME counts (abbreviated new drug application)",v23 2026-09-20: row read verbatim from the committed official Drugs@FDA Submissions extract (1965-1979 window) at the cited line number; the file re-hashes to the runner manifest SHA-256. Abbreviated new drug application: outside the NDA/BLA novel-approval basis and therefore never counted toward an official NME or NDA total. Published here so the year's complete original-approval population is auditable.
PRE1980ACT-1978-250,1978,086157,ANDA086157,ANDA_ORIGINAL_EXCLUDED,1978-04-26,ORIG,1,AP,,,,,FALSE,MYLAN,AMITRIPTYLINE HYDROCHLORIDE,AMITRIPTYLINE HYDROCHLORIDE,10MG,TABLET; ORAL,1,,FALSE,0,0,0,0,0,0,0,,,,,,,,https://www.accessdata.fda.gov/scripts/cder/daf/index.cfm?event=overview.process&varApplNo=086157,https://api.fda.gov/drug/drugsfda.json?search=application_number:%22ANDA086157%22,data/raw/drugsatfda_data_files_2026_09/Submissions_1965_1979.txt,10677,eb7003d97b6b24023b5fde542a5ba7ca4292259d9f323a1530d387a6e0091311,"Verified row, out of scope for NME counts (abbreviated new drug application)",v23 2026-09-20: row read verbatim from the committed official Drugs@FDA Submissions extract (1965-1979 window) at the cited line number; the file re-hashes to the runner manifest SHA-256. Abbreviated new drug application: outside the NDA/BLA novel-approval basis and therefore never counted toward an official NME or NDA total. Published here so the year's complete original-approval population is auditable.
PRE1980ACT-1978-251,1978,086158,ANDA086158,ANDA_ORIGINAL_EXCLUDED,1978-04-26,ORIG,1,AP,,,,,FALSE,MYLAN,AMITRIPTYLINE HYDROCHLORIDE,AMITRIPTYLINE HYDROCHLORIDE,100MG,TABLET; ORAL,1,,FALSE,0,0,0,0,0,0,0,,,,,,,,https://www.accessdata.fda.gov/scripts/cder/daf/index.cfm?event=overview.process&varApplNo=086158,https://api.fda.gov/drug/drugsfda.json?search=application_number:%22ANDA086158%22,data/raw/drugsatfda_data_files_2026_09/Submissions_1965_1979.txt,10678,eb7003d97b6b24023b5fde542a5ba7ca4292259d9f323a1530d387a6e0091311,"Verified row, out of scope for NME counts (abbreviated new drug application)",v23 2026-09-20: row read verbatim from the committed official Drugs@FDA Submissions extract (1965-1979 window) at the cited line number; the file re-hashes to the runner manifest SHA-256. Abbreviated new drug application: outside the NDA/BLA novel-approval basis and therefore never counted toward an official NME or NDA total. Published here so the year's complete original-approval population is auditable.
PRE1980ACT-1979-137,1979,086162,ANDA086162,ANDA_ORIGINAL_EXCLUDED,1979-06-05,ORIG,1,AP,,,,,FALSE,HIKMA INTL PHARMS,"BUTALBITAL, ASPIRIN AND CAFFEINE",ASPIRIN; BUTALBITAL; CAFFEINE,325MG;50MG;40MG **Federal Register determination that product was not discontinued or withdrawn for safety or effectiveness reasons**,TABLET;ORAL,1,,TRUE,1,0,0,0,0,0,0,,,,,,,,https://www.accessdata.fda.gov/scripts/cder/daf/index.cfm?event=overview.process&varApplNo=086162,https://api.fda.gov/drug/drugsfda.json?search=application_number:%22ANDA086162%22,data/raw/drugsatfda_data_files_2026_09/Submissions_1965_1979.txt,10679,eb7003d97b6b24023b5fde542a5ba7ca4292259d9f323a1530d387a6e0091311,"Verified row, out of scope for NME counts (abbreviated new drug application)",v23 2026-09-20: row read verbatim from the committed official Drugs@FDA Submissions extract (1965-1979 window) at the cited line number; the file re-hashes to the runner manifest SHA-256. Abbreviated new drug application: outside the NDA/BLA novel-approval basis and therefore never counted toward an official NME or NDA total. Published here so the year's complete original-approval population is auditable.
PRE1980ACT-1979-138,1979,086179,ANDA086179,ANDA_ORIGINAL_EXCLUDED,1979-06-12,ORIG,1,AP,,,,,FALSE,WATSON LABS TEVA,CARISOPRODOL,CARISOPRODOL,350MG,TABLET;ORAL,1,,FALSE,0,0,0,0,0,0,0,,,,,,,,https://www.accessdata.fda.gov/scripts/cder/daf/index.cfm?event=overview.process&varApplNo=086179,https://api.fda.gov/drug/drugsfda.json?search=application_number:%22ANDA086179%22,data/raw/drugsatfda_data_files_2026_09/Submissions_1965_1979.txt,10680,eb7003d97b6b24023b5fde542a5ba7ca4292259d9f323a1530d387a6e0091311,"Verified row, out of scope for NME counts (abbreviated new drug application)",v23 2026-09-20: row read verbatim from the committed official Drugs@FDA Submissions extract (1965-1979 window) at the cited line number; the file re-hashes to the runner manifest SHA-256. Abbreviated new drug application: outside the NDA/BLA novel-approval basis and therefore never counted toward an official NME or NDA total. Published here so the year's complete original-approval population is auditable.
PRE1980ACT-1978-252,1978,086187,ANDA086187,ANDA_ORIGINAL_EXCLUDED,1978-08-24,ORIG,1,AP,,,,,FALSE,NEXGEN PHARMA INC,BROMPHENIRAMINE MALEATE,BROMPHENIRAMINE MALEATE,4MG,TABLET;ORAL,1,,FALSE,0,0,0,0,0,0,0,,,,,,,,https://www.accessdata.fda.gov/scripts/cder/daf/index.cfm?event=overview.process&varApplNo=086187,https://api.fda.gov/drug/drugsfda.json?search=application_number:%22ANDA086187%22,data/raw/drugsatfda_data_files_2026_09/Submissions_1965_1979.txt,10681,eb7003d97b6b24023b5fde542a5ba7ca4292259d9f323a1530d387a6e0091311,"Verified row, out of scope for NME counts (abbreviated new drug application)",v23 2026-09-20: row read verbatim from the committed official Drugs@FDA Submissions extract (1965-1979 window) at the cited line number; the file re-hashes to the runner manifest SHA-256. Abbreviated new drug application: outside the NDA/BLA novel-approval basis and therefore never counted toward an official NME or NDA total. Published here so the year's complete original-approval population is auditable.
PRE1980ACT-1978-253,1978,086195,ANDA086195,ANDA_ORIGINAL_EXCLUDED,1978-07-26,ORIG,1,AP,,,,,FALSE,MYLAN SPECIALITY LP,PROCTOFOAM HC,HYDROCORTISONE ACETATE; PRAMOXINE HYDROCHLORIDE,1%;1%,"AEROSOL, METERED;TOPICAL",1,,FALSE,0,0,0,0,0,0,0,,,,,,,,https://www.accessdata.fda.gov/scripts/cder/daf/index.cfm?event=overview.process&varApplNo=086195,https://api.fda.gov/drug/drugsfda.json?search=application_number:%22ANDA086195%22,data/raw/drugsatfda_data_files_2026_09/Submissions_1965_1979.txt,10682,eb7003d97b6b24023b5fde542a5ba7ca4292259d9f323a1530d387a6e0091311,"Verified row, out of scope for NME counts (abbreviated new drug application)",v23 2026-09-20: row read verbatim from the committed official Drugs@FDA Submissions extract (1965-1979 window) at the cited line number; the file re-hashes to the runner manifest SHA-256. Abbreviated new drug application: outside the NDA/BLA novel-approval basis and therefore never counted toward an official NME or NDA total. Published here so the year's complete original-approval population is auditable.
PRE1980ACT-1979-139,1979,086212,ANDA086212,ANDA_ORIGINAL_EXCLUDED,1979-07-10,ORIG,1,AP,,,,,FALSE,IMPAX LABS,CHLORDIAZEPOXIDE HYDROCHLORIDE,CHLORDIAZEPOXIDE HYDROCHLORIDE,25MG,CAPSULE;ORAL,1,,FALSE,0,0,0,0,0,0,0,,,,,,,,https://www.accessdata.fda.gov/scripts/cder/daf/index.cfm?event=overview.process&varApplNo=086212,https://api.fda.gov/drug/drugsfda.json?search=application_number:%22ANDA086212%22,data/raw/drugsatfda_data_files_2026_09/Submissions_1965_1979.txt,10683,eb7003d97b6b24023b5fde542a5ba7ca4292259d9f323a1530d387a6e0091311,"Verified row, out of scope for NME counts (abbreviated new drug application)",v23 2026-09-20: row read verbatim from the committed official Drugs@FDA Submissions extract (1965-1979 window) at the cited line number; the file re-hashes to the runner manifest SHA-256. Abbreviated new drug application: outside the NDA/BLA novel-approval basis and therefore never counted toward an official NME or NDA total. Published here so the year's complete original-approval population is auditable.
PRE1980ACT-1979-140,1979,086213,ANDA086213,ANDA_ORIGINAL_EXCLUDED,1979-07-10,ORIG,1,AP,,,,,FALSE,IMPAX LABS,CHLORDIAZEPOXIDE HYDROCHLORIDE,CHLORDIAZEPOXIDE HYDROCHLORIDE,5MG,CAPSULE;ORAL,1,,FALSE,0,0,0,0,0,0,0,,,,,,,,https://www.accessdata.fda.gov/scripts/cder/daf/index.cfm?event=overview.process&varApplNo=086213,https://api.fda.gov/drug/drugsfda.json?search=application_number:%22ANDA086213%22,data/raw/drugsatfda_data_files_2026_09/Submissions_1965_1979.txt,10684,eb7003d97b6b24023b5fde542a5ba7ca4292259d9f323a1530d387a6e0091311,"Verified row, out of scope for NME counts (abbreviated new drug application)",v23 2026-09-20: row read verbatim from the committed official Drugs@FDA Submissions extract (1965-1979 window) at the cited line number; the file re-hashes to the runner manifest SHA-256. Abbreviated new drug application: outside the NDA/BLA novel-approval basis and therefore never counted toward an official NME or NDA total. Published here so the year's complete original-approval population is auditable.
PRE1980ACT-1979-141,1979,086237,ANDA086237,ANDA_ORIGINAL_EXCLUDED,1979-02-21,ORIG,1,AP,,,,,FALSE,WATSON LABS,"BUTALBITAL, ASPIRIN AND CAFFEINE",ASPIRIN; BUTALBITAL; CAFFEINE,325MG;50MG;40MG,TABLET;ORAL,1,,FALSE,0,0,0,0,0,0,0,,,,,,,,https://www.accessdata.fda.gov/scripts/cder/daf/index.cfm?event=overview.process&varApplNo=086237,https://api.fda.gov/drug/drugsfda.json?search=application_number:%22ANDA086237%22,data/raw/drugsatfda_data_files_2026_09/Submissions_1965_1979.txt,10685,eb7003d97b6b24023b5fde542a5ba7ca4292259d9f323a1530d387a6e0091311,"Verified row, out of scope for NME counts (abbreviated new drug application)",v23 2026-09-20: row read verbatim from the committed official Drugs@FDA Submissions extract (1965-1979 window) at the cited line number; the file re-hashes to the runner manifest SHA-256. Abbreviated new drug application: outside the NDA/BLA novel-approval basis and therefore never counted toward an official NME or NDA total. Published here so the year's complete original-approval population is auditable.
PRE1980ACT-1978-254,1978,086242,ANDA086242,ANDA_ORIGINAL_EXCLUDED,1978-10-23,ORIG,1,AP,,,,,FALSE,HERITAGE,HYDRALAZINE HYDROCHLORIDE,HYDRALAZINE HYDROCHLORIDE,10MG,TABLET;ORAL,4,,FALSE,0,0,0,0,0,0,0,,,,,,,,https://www.accessdata.fda.gov/scripts/cder/daf/index.cfm?event=overview.process&varApplNo=086242,https://api.fda.gov/drug/drugsfda.json?search=application_number:%22ANDA086242%22,data/raw/drugsatfda_data_files_2026_09/Submissions_1965_1979.txt,10686,eb7003d97b6b24023b5fde542a5ba7ca4292259d9f323a1530d387a6e0091311,"Verified row, out of scope for NME counts (abbreviated new drug application)",v23 2026-09-20: row read verbatim from the committed official Drugs@FDA Submissions extract (1965-1979 window) at the cited line number; the file re-hashes to the runner manifest SHA-256. Abbreviated new drug application: outside the NDA/BLA novel-approval basis and therefore never counted toward an official NME or NDA total. Published here so the year's complete original-approval population is auditable.
PRE1980ACT-1978-255,1978,086243,ANDA086243,ANDA_ORIGINAL_EXCLUDED,1978-10-23,ORIG,1,AP,,,,,FALSE,HERITAGE PHARMS INC,HYDRALAZINE HYDROCHLORIDE,HYDRALAZINE HYDROCHLORIDE,25MG,TABLET; ORAL,1,,FALSE,0,0,0,0,0,0,0,,,,,,,,https://www.accessdata.fda.gov/scripts/cder/daf/index.cfm?event=overview.process&varApplNo=086243,https://api.fda.gov/drug/drugsfda.json?search=application_number:%22ANDA086243%22,data/raw/drugsatfda_data_files_2026_09/Submissions_1965_1979.txt,10687,eb7003d97b6b24023b5fde542a5ba7ca4292259d9f323a1530d387a6e0091311,"Verified row, out of scope for NME counts (abbreviated new drug application)",v23 2026-09-20: row read verbatim from the committed official Drugs@FDA Submissions extract (1965-1979 window) at the cited line number; the file re-hashes to the runner manifest SHA-256. Abbreviated new drug application: outside the NDA/BLA novel-approval basis and therefore never counted toward an official NME or NDA total. Published here so the year's complete original-approval population is auditable.
PRE1980ACT-1978-256,1978,086257,ANDA086257,ANDA_ORIGINAL_EXCLUDED,1978-07-24,ORIG,1,AP,,,,,FALSE,SUN PHARMA CANADA,HYDROCORTISONE,HYDROCORTISONE,1%,OINTMENT;TOPICAL,1,,FALSE,0,0,0,0,0,0,0,,,,,,,,https://www.accessdata.fda.gov/scripts/cder/daf/index.cfm?event=overview.process&varApplNo=086257,https://api.fda.gov/drug/drugsfda.json?search=application_number:%22ANDA086257%22,data/raw/drugsatfda_data_files_2026_09/Submissions_1965_1979.txt,10688,eb7003d97b6b24023b5fde542a5ba7ca4292259d9f323a1530d387a6e0091311,"Verified row, out of scope for NME counts (abbreviated new drug application)",v23 2026-09-20: row read verbatim from the committed official Drugs@FDA Submissions extract (1965-1979 window) at the cited line number; the file re-hashes to the runner manifest SHA-256. Abbreviated new drug application: outside the NDA/BLA novel-approval basis and therefore never counted toward an official NME or NDA total. Published here so the year's complete original-approval population is auditable.
PRE1980ACT-1978-257,1978,086262,ANDA086262,ANDA_ORIGINAL_EXCLUDED,1978-03-22,ORIG,1,AP,,,,,FALSE,CHARTWELL RX,DUVOID,BETHANECHOL CHLORIDE,10MG,TABLET;ORAL,1,,FALSE,0,0,0,0,0,0,0,,,,,,,,https://www.accessdata.fda.gov/scripts/cder/daf/index.cfm?event=overview.process&varApplNo=086262,https://api.fda.gov/drug/drugsfda.json?search=application_number:%22ANDA086262%22,data/raw/drugsatfda_data_files_2026_09/Submissions_1965_1979.txt,10689,eb7003d97b6b24023b5fde542a5ba7ca4292259d9f323a1530d387a6e0091311,"Verified row, out of scope for NME counts (abbreviated new drug application)",v23 2026-09-20: row read verbatim from the committed official Drugs@FDA Submissions extract (1965-1979 window) at the cited line number; the file re-hashes to the runner manifest SHA-256. Abbreviated new drug application: outside the NDA/BLA novel-approval basis and therefore never counted toward an official NME or NDA total. Published here so the year's complete original-approval population is auditable.
PRE1980ACT-1978-258,1978,086263,ANDA086263,ANDA_ORIGINAL_EXCLUDED,1978-03-22,ORIG,1,AP,,,,,FALSE,CHARTWELL RX,DUVOID,BETHANECHOL CHLORIDE,25MG,TABLET;ORAL,1,,FALSE,0,0,0,0,0,0,0,,,,,,,,https://www.accessdata.fda.gov/scripts/cder/daf/index.cfm?event=overview.process&varApplNo=086263,https://api.fda.gov/drug/drugsfda.json?search=application_number:%22ANDA086263%22,data/raw/drugsatfda_data_files_2026_09/Submissions_1965_1979.txt,10690,eb7003d97b6b24023b5fde542a5ba7ca4292259d9f323a1530d387a6e0091311,"Verified row, out of scope for NME counts (abbreviated new drug application)",v23 2026-09-20: row read verbatim from the committed official Drugs@FDA Submissions extract (1965-1979 window) at the cited line number; the file re-hashes to the runner manifest SHA-256. Abbreviated new drug application: outside the NDA/BLA novel-approval basis and therefore never counted toward an official NME or NDA total. Published here so the year's complete original-approval population is auditable.
PRE1980ACT-1978-259,1978,086271,ANDA086271,ANDA_ORIGINAL_EXCLUDED,1978-04-26,ORIG,1,AP,,,,,FALSE,AMBIX,HYDROCORTISONE,HYDROCORTISONE,2.5%,CREAM;TOPICAL,1,,FALSE,0,0,0,0,0,0,0,,,,,,,,https://www.accessdata.fda.gov/scripts/cder/daf/index.cfm?event=overview.process&varApplNo=086271,https://api.fda.gov/drug/drugsfda.json?search=application_number:%22ANDA086271%22,data/raw/drugsatfda_data_files_2026_09/Submissions_1965_1979.txt,10691,eb7003d97b6b24023b5fde542a5ba7ca4292259d9f323a1530d387a6e0091311,"Verified row, out of scope for NME counts (abbreviated new drug application)",v23 2026-09-20: row read verbatim from the committed official Drugs@FDA Submissions extract (1965-1979 window) at the cited line number; the file re-hashes to the runner manifest SHA-256. Abbreviated new drug application: outside the NDA/BLA novel-approval basis and therefore never counted toward an official NME or NDA total. Published here so the year's complete original-approval population is auditable.
PRE1980ACT-1978-260,1978,086272,ANDA086272,ANDA_ORIGINAL_EXCLUDED,1978-04-26,ORIG,1,AP,,,,,FALSE,AMBIX,HYDROCORTISONE,HYDROCORTISONE,2.5%,OINTMENT;TOPICAL,1,,FALSE,0,0,0,0,0,0,0,,,,,,,,https://www.accessdata.fda.gov/scripts/cder/daf/index.cfm?event=overview.process&varApplNo=086272,https://api.fda.gov/drug/drugsfda.json?search=application_number:%22ANDA086272%22,data/raw/drugsatfda_data_files_2026_09/Submissions_1965_1979.txt,10692,eb7003d97b6b24023b5fde542a5ba7ca4292259d9f323a1530d387a6e0091311,"Verified row, out of scope for NME counts (abbreviated new drug application)",v23 2026-09-20: row read verbatim from the committed official Drugs@FDA Submissions extract (1965-1979 window) at the cited line number; the file re-hashes to the runner manifest SHA-256. Abbreviated new drug application: outside the NDA/BLA novel-approval basis and therefore never counted toward an official NME or NDA total. Published here so the year's complete original-approval population is auditable.
PRE1980ACT-1979-142,1979,086275,ANDA086275,ANDA_ORIGINAL_EXCLUDED,1979-04-10,ORIG,1,AP,,,,,FALSE,SUN PHARMA CANADA,TRIAMCINOLONE ACETONIDE,TRIAMCINOLONE ACETONIDE,0.5%,CREAM;TOPICAL,1,,FALSE,0,0,0,0,0,0,0,,,,,,,,https://www.accessdata.fda.gov/scripts/cder/daf/index.cfm?event=overview.process&varApplNo=086275,https://api.fda.gov/drug/drugsfda.json?search=application_number:%22ANDA086275%22,data/raw/drugsatfda_data_files_2026_09/Submissions_1965_1979.txt,10693,eb7003d97b6b24023b5fde542a5ba7ca4292259d9f323a1530d387a6e0091311,"Verified row, out of scope for NME counts (abbreviated new drug application)",v23 2026-09-20: row read verbatim from the committed official Drugs@FDA Submissions extract (1965-1979 window) at the cited line number; the file re-hashes to the runner manifest SHA-256. Abbreviated new drug application: outside the NDA/BLA novel-approval basis and therefore never counted toward an official NME or NDA total. Published here so the year's complete original-approval population is auditable.
PRE1980ACT-1979-143,1979,086276,ANDA086276,ANDA_ORIGINAL_EXCLUDED,1979-04-10,ORIG,1,AP,,,,,FALSE,SUN PHARMA CANADA,TRIAMCINOLONE ACETONIDE,TRIAMCINOLONE ACETONIDE,0.1%,CREAM;TOPICAL,1,,FALSE,0,0,0,0,0,0,0,,,,,,,,https://www.accessdata.fda.gov/scripts/cder/daf/index.cfm?event=overview.process&varApplNo=086276,https://api.fda.gov/drug/drugsfda.json?search=application_number:%22ANDA086276%22,data/raw/drugsatfda_data_files_2026_09/Submissions_1965_1979.txt,10694,eb7003d97b6b24023b5fde542a5ba7ca4292259d9f323a1530d387a6e0091311,"Verified row, out of scope for NME counts (abbreviated new drug application)",v23 2026-09-20: row read verbatim from the committed official Drugs@FDA Submissions extract (1965-1979 window) at the cited line number; the file re-hashes to the runner manifest SHA-256. Abbreviated new drug application: outside the NDA/BLA novel-approval basis and therefore never counted toward an official NME or NDA total. Published here so the year's complete original-approval population is auditable.
PRE1980ACT-1979-144,1979,086277,ANDA086277,ANDA_ORIGINAL_EXCLUDED,1979-04-10,ORIG,1,AP,,,,,FALSE,SUN PHARMA CANADA,TRIAMCINOLONE ACETONIDE,TRIAMCINOLONE ACETONIDE,0.025%,CREAM;TOPICAL,1,,FALSE,0,0,0,0,0,0,0,,,,,,,,https://www.accessdata.fda.gov/scripts/cder/daf/index.cfm?event=overview.process&varApplNo=086277,https://api.fda.gov/drug/drugsfda.json?search=application_number:%22ANDA086277%22,data/raw/drugsatfda_data_files_2026_09/Submissions_1965_1979.txt,10695,eb7003d97b6b24023b5fde542a5ba7ca4292259d9f323a1530d387a6e0091311,"Verified row, out of scope for NME counts (abbreviated new drug application)",v23 2026-09-20: row read verbatim from the committed official Drugs@FDA Submissions extract (1965-1979 window) at the cited line number; the file re-hashes to the runner manifest SHA-256. Abbreviated new drug application: outside the NDA/BLA novel-approval basis and therefore never counted toward an official NME or NDA total. Published here so the year's complete original-approval population is auditable.
PRE1980ACT-1979-145,1979,086283,ANDA086283,ANDA_ORIGINAL_EXCLUDED,1979-08-07,ORIG,1,AP,,,,,FALSE,INTL MEDICATION,LIDOCAINE HYDROCHLORIDE,LIDOCAINE HYDROCHLORIDE,2%,JELLY;TOPICAL,1,,FALSE,0,0,0,0,0,0,0,,,,,,,,https://www.accessdata.fda.gov/scripts/cder/daf/index.cfm?event=overview.process&varApplNo=086283,https://api.fda.gov/drug/drugsfda.json?search=application_number:%22ANDA086283%22,data/raw/drugsatfda_data_files_2026_09/Submissions_1965_1979.txt,10696,eb7003d97b6b24023b5fde542a5ba7ca4292259d9f323a1530d387a6e0091311,"Verified row, out of scope for NME counts (abbreviated new drug application)",v23 2026-09-20: row read verbatim from the committed official Drugs@FDA Submissions extract (1965-1979 window) at the cited line number; the file re-hashes to the runner manifest SHA-256. Abbreviated new drug application: outside the NDA/BLA novel-approval basis and therefore never counted toward an official NME or NDA total. Published here so the year's complete original-approval population is auditable.
PRE1980ACT-1978-261,1978,086294,ANDA086294,ANDA_ORIGINAL_EXCLUDED,1978-09-08,ORIG,1,AP,,,,,FALSE,WATSON LABS,CHLORDIAZEPOXIDE HYDROCHLORIDE,CHLORDIAZEPOXIDE HYDROCHLORIDE,10MG,CAPSULE;ORAL,1,,FALSE,0,0,0,0,0,0,0,,,,,,,,https://www.accessdata.fda.gov/scripts/cder/daf/index.cfm?event=overview.process&varApplNo=086294,https://api.fda.gov/drug/drugsfda.json?search=application_number:%22ANDA086294%22,data/raw/drugsatfda_data_files_2026_09/Submissions_1965_1979.txt,10697,eb7003d97b6b24023b5fde542a5ba7ca4292259d9f323a1530d387a6e0091311,"Verified row, out of scope for NME counts (abbreviated new drug application)",v23 2026-09-20: row read verbatim from the committed official Drugs@FDA Submissions extract (1965-1979 window) at the cited line number; the file re-hashes to the runner manifest SHA-256. Abbreviated new drug application: outside the NDA/BLA novel-approval basis and therefore never counted toward an official NME or NDA total. Published here so the year's complete original-approval population is auditable.
PRE1980ACT-1979-146,1979,086308,ANDA086308,ANDA_ORIGINAL_EXCLUDED,1979-04-11,ORIG,1,AP,,,,,FALSE,MISSION PHARMA,HOMAPIN-10,HOMATROPINE METHYLBROMIDE,10MG,TABLET;ORAL,1,,FALSE,0,0,0,0,0,0,0,,,,,,,,https://www.accessdata.fda.gov/scripts/cder/daf/index.cfm?event=overview.process&varApplNo=086308,https://api.fda.gov/drug/drugsfda.json?search=application_number:%22ANDA086308%22,data/raw/drugsatfda_data_files_2026_09/Submissions_1965_1979.txt,10698,eb7003d97b6b24023b5fde542a5ba7ca4292259d9f323a1530d387a6e0091311,"Verified row, out of scope for NME counts (abbreviated new drug application)",v23 2026-09-20: row read verbatim from the committed official Drugs@FDA Submissions extract (1965-1979 window) at the cited line number; the file re-hashes to the runner manifest SHA-256. Abbreviated new drug application: outside the NDA/BLA novel-approval basis and therefore never counted toward an official NME or NDA total. Published here so the year's complete original-approval population is auditable.
PRE1980ACT-1979-147,1979,086309,ANDA086309,ANDA_ORIGINAL_EXCLUDED,1979-04-11,ORIG,1,AP,,,,,FALSE,MISSION PHARMA,HOMAPIN-5,HOMATROPINE METHYLBROMIDE,5MG,TABLET;ORAL,1,,FALSE,0,0,0,0,0,0,0,,,,,,,,https://www.accessdata.fda.gov/scripts/cder/daf/index.cfm?event=overview.process&varApplNo=086309,https://api.fda.gov/drug/drugsfda.json?search=application_number:%22ANDA086309%22,data/raw/drugsatfda_data_files_2026_09/Submissions_1965_1979.txt,10699,eb7003d97b6b24023b5fde542a5ba7ca4292259d9f323a1530d387a6e0091311,"Verified row, out of scope for NME counts (abbreviated new drug application)",v23 2026-09-20: row read verbatim from the committed official Drugs@FDA Submissions extract (1965-1979 window) at the cited line number; the file re-hashes to the runner manifest SHA-256. Abbreviated new drug application: outside the NDA/BLA novel-approval basis and therefore never counted toward an official NME or NDA total. Published here so the year's complete original-approval population is auditable.
PRE1980ACT-1979-148,1979,086310,ANDA086310,ANDA_ORIGINAL_EXCLUDED,1979-04-11,ORIG,1,AP,,,,,FALSE,MISSION PHARMA,EQUIPIN,HOMATROPINE METHYLBROMIDE,3MG,"TABLET, CHEWABLE;ORAL",1,,FALSE,0,0,0,0,0,0,0,,,,,,,,https://www.accessdata.fda.gov/scripts/cder/daf/index.cfm?event=overview.process&varApplNo=086310,https://api.fda.gov/drug/drugsfda.json?search=application_number:%22ANDA086310%22,data/raw/drugsatfda_data_files_2026_09/Submissions_1965_1979.txt,10700,eb7003d97b6b24023b5fde542a5ba7ca4292259d9f323a1530d387a6e0091311,"Verified row, out of scope for NME counts (abbreviated new drug application)",v23 2026-09-20: row read verbatim from the committed official Drugs@FDA Submissions extract (1965-1979 window) at the cited line number; the file re-hashes to the runner manifest SHA-256. Abbreviated new drug application: outside the NDA/BLA novel-approval basis and therefore never counted toward an official NME or NDA total. Published here so the year's complete original-approval population is auditable.
PRE1980ACT-1978-262,1978,086329,ANDA086329,ANDA_ORIGINAL_EXCLUDED,1978-12-08,ORIG,1,AP,,,,,FALSE,IVAX PHARMS,PHENTERMINE HYDROCHLORIDE,PHENTERMINE HYDROCHLORIDE,30MG,CAPSULE;ORAL,1,,FALSE,0,0,0,0,0,0,0,,,,,,,,https://www.accessdata.fda.gov/scripts/cder/daf/index.cfm?event=overview.process&varApplNo=086329,https://api.fda.gov/drug/drugsfda.json?search=application_number:%22ANDA086329%22,data/raw/drugsatfda_data_files_2026_09/Submissions_1965_1979.txt,10701,eb7003d97b6b24023b5fde542a5ba7ca4292259d9f323a1530d387a6e0091311,"Verified row, out of scope for NME counts (abbreviated new drug application)",v23 2026-09-20: row read verbatim from the committed official Drugs@FDA Submissions extract (1965-1979 window) at the cited line number; the file re-hashes to the runner manifest SHA-256. Abbreviated new drug application: outside the NDA/BLA novel-approval basis and therefore never counted toward an official NME or NDA total. Published here so the year's complete original-approval population is auditable.
PRE1980ACT-1978-263,1978,086330,ANDA086330,ANDA_ORIGINAL_EXCLUDED,1978-06-12,ORIG,1,AP,,,,,FALSE,WATSON LABS,HYDROCHLOROTHIAZIDE W/ RESERPINE,HYDROCHLOROTHIAZIDE; RESERPINE,25MG;0.125MG,TABLET;ORAL,1,,FALSE,0,0,0,0,0,0,0,,,,,,,,https://www.accessdata.fda.gov/scripts/cder/daf/index.cfm?event=overview.process&varApplNo=086330,https://api.fda.gov/drug/drugsfda.json?search=application_number:%22ANDA086330%22,data/raw/drugsatfda_data_files_2026_09/Submissions_1965_1979.txt,10702,eb7003d97b6b24023b5fde542a5ba7ca4292259d9f323a1530d387a6e0091311,"Verified row, out of scope for NME counts (abbreviated new drug application)",v23 2026-09-20: row read verbatim from the committed official Drugs@FDA Submissions extract (1965-1979 window) at the cited line number; the file re-hashes to the runner manifest SHA-256. Abbreviated new drug application: outside the NDA/BLA novel-approval basis and therefore never counted toward an official NME or NDA total. Published here so the year's complete original-approval population is auditable.
PRE1980ACT-1978-264,1978,086331,ANDA086331,ANDA_ORIGINAL_EXCLUDED,1978-06-12,ORIG,1,AP,,,,,FALSE,WATSON LABS,HYDROCHLOROTHIAZIDE W/ RESERPINE,HYDROCHLOROTHIAZIDE; RESERPINE,50MG;0.125MG,TABLET;ORAL,1,,FALSE,0,0,0,0,0,0,0,,,,,,,,https://www.accessdata.fda.gov/scripts/cder/daf/index.cfm?event=overview.process&varApplNo=086331,https://api.fda.gov/drug/drugsfda.json?search=application_number:%22ANDA086331%22,data/raw/drugsatfda_data_files_2026_09/Submissions_1965_1979.txt,10703,eb7003d97b6b24023b5fde542a5ba7ca4292259d9f323a1530d387a6e0091311,"Verified row, out of scope for NME counts (abbreviated new drug application)",v23 2026-09-20: row read verbatim from the committed official Drugs@FDA Submissions extract (1965-1979 window) at the cited line number; the file re-hashes to the runner manifest SHA-256. Abbreviated new drug application: outside the NDA/BLA novel-approval basis and therefore never counted toward an official NME or NDA total. Published here so the year's complete original-approval population is auditable.
PRE1980ACT-1979-149,1979,086348,ANDA086348,ANDA_ORIGINAL_EXCLUDED,1979-07-05,ORIG,1,AP,,,,,FALSE,WYETH AYERST,PROCHLORPERAZINE EDISYLATE,PROCHLORPERAZINE EDISYLATE,EQ 5MG BASE/ML,INJECTABLE;INJECTION,1,,FALSE,0,0,0,0,0,0,0,,,,,,,,https://www.accessdata.fda.gov/scripts/cder/daf/index.cfm?event=overview.process&varApplNo=086348,https://api.fda.gov/drug/drugsfda.json?search=application_number:%22ANDA086348%22,data/raw/drugsatfda_data_files_2026_09/Submissions_1965_1979.txt,10704,eb7003d97b6b24023b5fde542a5ba7ca4292259d9f323a1530d387a6e0091311,"Verified row, out of scope for NME counts (abbreviated new drug application)",v23 2026-09-20: row read verbatim from the committed official Drugs@FDA Submissions extract (1965-1979 window) at the cited line number; the file re-hashes to the runner manifest SHA-256. Abbreviated new drug application: outside the NDA/BLA novel-approval basis and therefore never counted toward an official NME or NDA total. Published here so the year's complete original-approval population is auditable.
PRE1980ACT-1979-150,1979,086357,ANDA086357,ANDA_ORIGINAL_EXCLUDED,1979-03-13,ORIG,1,AP,,,,,FALSE,INTL MEDICATION,HEPARIN LOCK FLUSH,HEPARIN SODIUM,10 UNITS/ML,INJECTABLE;INJECTION,2,,FALSE,0,0,0,0,0,0,0,,,,,,,,https://www.accessdata.fda.gov/scripts/cder/daf/index.cfm?event=overview.process&varApplNo=086357,https://api.fda.gov/drug/drugsfda.json?search=application_number:%22ANDA086357%22,data/raw/drugsatfda_data_files_2026_09/Submissions_1965_1979.txt,10705,eb7003d97b6b24023b5fde542a5ba7ca4292259d9f323a1530d387a6e0091311,"Verified row, out of scope for NME counts (abbreviated new drug application)",v23 2026-09-20: row read verbatim from the committed official Drugs@FDA Submissions extract (1965-1979 window) at the cited line number; the file re-hashes to the runner manifest SHA-256. Abbreviated new drug application: outside the NDA/BLA novel-approval basis and therefore never counted toward an official NME or NDA total. Published here so the year's complete original-approval population is auditable.
PRE1980ACT-1979-151,1979,086358,ANDA086358,ANDA_ORIGINAL_EXCLUDED,1979-09-05,ORIG,1,AP,,,,,FALSE,BRISTOL,MEXATE,METHOTREXATE SODIUM,EQ 20MG BASE/VIAL,INJECTABLE;INJECTION,4,,FALSE,0,0,0,0,0,0,0,,,,,,,,https://www.accessdata.fda.gov/scripts/cder/daf/index.cfm?event=overview.process&varApplNo=086358,https://api.fda.gov/drug/drugsfda.json?search=application_number:%22ANDA086358%22,data/raw/drugsatfda_data_files_2026_09/Submissions_1965_1979.txt,10706,eb7003d97b6b24023b5fde542a5ba7ca4292259d9f323a1530d387a6e0091311,"Verified row, out of scope for NME counts (abbreviated new drug application)",v23 2026-09-20: row read verbatim from the committed official Drugs@FDA Submissions extract (1965-1979 window) at the cited line number; the file re-hashes to the runner manifest SHA-256. Abbreviated new drug application: outside the NDA/BLA novel-approval basis and therefore never counted toward an official NME or NDA total. Published here so the year's complete original-approval population is auditable.
PRE1980ACT-1979-152,1979,086366,ANDA086366,ANDA_ORIGINAL_EXCLUDED,1979-03-27,ORIG,1,AP,,,,,FALSE,STRIDES PHARMA,ACETAMINOPHEN AND CODEINE PHOSPHATE,ACETAMINOPHEN; CODEINE PHOSPHATE,120MG/5ML;12MG/5ML,SOLUTION;ORAL,1,,FALSE,0,0,0,0,0,0,0,,,,,,,,https://www.accessdata.fda.gov/scripts/cder/daf/index.cfm?event=overview.process&varApplNo=086366,https://api.fda.gov/drug/drugsfda.json?search=application_number:%22ANDA086366%22,data/raw/drugsatfda_data_files_2026_09/Submissions_1965_1979.txt,10707,eb7003d97b6b24023b5fde542a5ba7ca4292259d9f323a1530d387a6e0091311,"Verified row, out of scope for NME counts (abbreviated new drug application)",v23 2026-09-20: row read verbatim from the committed official Drugs@FDA Submissions extract (1965-1979 window) at the cited line number; the file re-hashes to the runner manifest SHA-256. Abbreviated new drug application: outside the NDA/BLA novel-approval basis and therefore never counted toward an official NME or NDA total. Published here so the year's complete original-approval population is auditable.
PRE1980ACT-1978-265,1978,086382,ANDA086382,ANDA_ORIGINAL_EXCLUDED,1978-09-08,ORIG,1,AP,,,,,FALSE,WATSON LABS,CHLORDIAZEPOXIDE HYDROCHLORIDE,CHLORDIAZEPOXIDE HYDROCHLORIDE,25MG,CAPSULE;ORAL,1,,FALSE,0,0,0,0,0,0,0,,,,,,,,https://www.accessdata.fda.gov/scripts/cder/daf/index.cfm?event=overview.process&varApplNo=086382,https://api.fda.gov/drug/drugsfda.json?search=application_number:%22ANDA086382%22,data/raw/drugsatfda_data_files_2026_09/Submissions_1965_1979.txt,10708,eb7003d97b6b24023b5fde542a5ba7ca4292259d9f323a1530d387a6e0091311,"Verified row, out of scope for NME counts (abbreviated new drug application)",v23 2026-09-20: row read verbatim from the committed official Drugs@FDA Submissions extract (1965-1979 window) at the cited line number; the file re-hashes to the runner manifest SHA-256. Abbreviated new drug application: outside the NDA/BLA novel-approval basis and therefore never counted toward an official NME or NDA total. Published here so the year's complete original-approval population is auditable.
PRE1980ACT-1978-266,1978,086383,ANDA086383,ANDA_ORIGINAL_EXCLUDED,1978-09-08,ORIG,1,AP,,,,,FALSE,WATSON LABS,CHLORDIAZEPOXIDE HYDROCHLORIDE,CHLORDIAZEPOXIDE HYDROCHLORIDE,5MG,CAPSULE;ORAL,1,,FALSE,0,0,0,0,0,0,0,,,,,,,,https://www.accessdata.fda.gov/scripts/cder/daf/index.cfm?event=overview.process&varApplNo=086383,https://api.fda.gov/drug/drugsfda.json?search=application_number:%22ANDA086383%22,data/raw/drugsatfda_data_files_2026_09/Submissions_1965_1979.txt,10709,eb7003d97b6b24023b5fde542a5ba7ca4292259d9f323a1530d387a6e0091311,"Verified row, out of scope for NME counts (abbreviated new drug application)",v23 2026-09-20: row read verbatim from the committed official Drugs@FDA Submissions extract (1965-1979 window) at the cited line number; the file re-hashes to the runner manifest SHA-256. Abbreviated new drug application: outside the NDA/BLA novel-approval basis and therefore never counted toward an official NME or NDA total. Published here so the year's complete original-approval population is auditable.
PRE1980ACT-1978-267,1978,086392,ANDA086392,ANDA_ORIGINAL_EXCLUDED,1978-09-14,ORIG,1,AP,,,,,FALSE,NEXGEN PHARMA INC,MECLIZINE HYDROCHLORIDE,MECLIZINE HYDROCHLORIDE,25MG,"TABLET, CHEWABLE;ORAL",1,,FALSE,0,0,0,0,0,0,0,,,,,,,,https://www.accessdata.fda.gov/scripts/cder/daf/index.cfm?event=overview.process&varApplNo=086392,https://api.fda.gov/drug/drugsfda.json?search=application_number:%22ANDA086392%22,data/raw/drugsatfda_data_files_2026_09/Submissions_1965_1979.txt,10710,eb7003d97b6b24023b5fde542a5ba7ca4292259d9f323a1530d387a6e0091311,"Verified row, out of scope for NME counts (abbreviated new drug application)",v23 2026-09-20: row read verbatim from the committed official Drugs@FDA Submissions extract (1965-1979 window) at the cited line number; the file re-hashes to the runner manifest SHA-256. Abbreviated new drug application: outside the NDA/BLA novel-approval basis and therefore never counted toward an official NME or NDA total. Published here so the year's complete original-approval population is auditable.
PRE1980ACT-1979-153,1979,086428,ANDA086428,ANDA_ORIGINAL_EXCLUDED,1979-04-04,ORIG,1,AP,,,,,FALSE,LANNETT CO INC,METHYLPHENIDATE HYDROCHLORIDE,METHYLPHENIDATE HYDROCHLORIDE,20MG,TABLET;ORAL,1,,FALSE,0,0,0,0,0,0,0,,,,,,,,https://www.accessdata.fda.gov/scripts/cder/daf/index.cfm?event=overview.process&varApplNo=086428,https://api.fda.gov/drug/drugsfda.json?search=application_number:%22ANDA086428%22,data/raw/drugsatfda_data_files_2026_09/Submissions_1965_1979.txt,10711,eb7003d97b6b24023b5fde542a5ba7ca4292259d9f323a1530d387a6e0091311,"Verified row, out of scope for NME counts (abbreviated new drug application)",v23 2026-09-20: row read verbatim from the committed official Drugs@FDA Submissions extract (1965-1979 window) at the cited line number; the file re-hashes to the runner manifest SHA-256. Abbreviated new drug application: outside the NDA/BLA novel-approval basis and therefore never counted toward an official NME or NDA total. Published here so the year's complete original-approval population is auditable.
PRE1980ACT-1979-154,1979,086429,ANDA086429,ANDA_ORIGINAL_EXCLUDED,1979-04-04,ORIG,1,AP,,,,,FALSE,LANNETT CO INC,METHYLPHENIDATE HYDROCHLORIDE,METHYLPHENIDATE HYDROCHLORIDE,5MG,TABLET;ORAL,1,,FALSE,0,0,0,0,0,0,0,,,,,,,,https://www.accessdata.fda.gov/scripts/cder/daf/index.cfm?event=overview.process&varApplNo=086429,https://api.fda.gov/drug/drugsfda.json?search=application_number:%22ANDA086429%22,data/raw/drugsatfda_data_files_2026_09/Submissions_1965_1979.txt,10712,eb7003d97b6b24023b5fde542a5ba7ca4292259d9f323a1530d387a6e0091311,"Verified row, out of scope for NME counts (abbreviated new drug application)",v23 2026-09-20: row read verbatim from the committed official Drugs@FDA Submissions extract (1965-1979 window) at the cited line number; the file re-hashes to the runner manifest SHA-256. Abbreviated new drug application: outside the NDA/BLA novel-approval basis and therefore never counted toward an official NME or NDA total. Published here so the year's complete original-approval population is auditable.
PRE1980ACT-1979-155,1979,086445,ANDA086445,ANDA_ORIGINAL_EXCLUDED,1979-04-10,ORIG,1,AP,,,,,FALSE,PHARMOBEDIENT,TOLBUTAMIDE,TOLBUTAMIDE,500MG,TABLET;ORAL,1,,FALSE,0,0,0,0,0,0,0,,,,,,,,https://www.accessdata.fda.gov/scripts/cder/daf/index.cfm?event=overview.process&varApplNo=086445,https://api.fda.gov/drug/drugsfda.json?search=application_number:%22ANDA086445%22,data/raw/drugsatfda_data_files_2026_09/Submissions_1965_1979.txt,10713,eb7003d97b6b24023b5fde542a5ba7ca4292259d9f323a1530d387a6e0091311,"Verified row, out of scope for NME counts (abbreviated new drug application)",v23 2026-09-20: row read verbatim from the committed official Drugs@FDA Submissions extract (1965-1979 window) at the cited line number; the file re-hashes to the runner manifest SHA-256. Abbreviated new drug application: outside the NDA/BLA novel-approval basis and therefore never counted toward an official NME or NDA total. Published here so the year's complete original-approval population is auditable.
PRE1980ACT-1978-268,1978,086454,ANDA086454,ANDA_ORIGINAL_EXCLUDED,1978-10-19,ORIG,1,AP,,,,,FALSE,BRISTOL MYERS SQUIBB,AMITID,AMITRIPTYLINE HYDROCHLORIDE,10MG,TABLET;ORAL,5,,FALSE,0,0,0,0,0,0,0,,,,,,,,https://www.accessdata.fda.gov/scripts/cder/daf/index.cfm?event=overview.process&varApplNo=086454,https://api.fda.gov/drug/drugsfda.json?search=application_number:%22ANDA086454%22,data/raw/drugsatfda_data_files_2026_09/Submissions_1965_1979.txt,10714,eb7003d97b6b24023b5fde542a5ba7ca4292259d9f323a1530d387a6e0091311,"Verified row, out of scope for NME counts (abbreviated new drug application)",v23 2026-09-20: row read verbatim from the committed official Drugs@FDA Submissions extract (1965-1979 window) at the cited line number; the file re-hashes to the runner manifest SHA-256. Abbreviated new drug application: outside the NDA/BLA novel-approval basis and therefore never counted toward an official NME or NDA total. Published here so the year's complete original-approval population is auditable.
PRE1980ACT-1979-156,1979,086457,ANDA086457,ANDA_ORIGINAL_EXCLUDED,1979-12-19,ORIG,1,AP,,,,,FALSE,MYLAN SPECIALITY LP,EPIFOAM,HYDROCORTISONE ACETATE; PRAMOXINE HYDROCHLORIDE,1%;1%,"AEROSOL, METERED;TOPICAL",1,,FALSE,0,0,0,0,0,0,0,,,,,,,,https://www.accessdata.fda.gov/scripts/cder/daf/index.cfm?event=overview.process&varApplNo=086457,https://api.fda.gov/drug/drugsfda.json?search=application_number:%22ANDA086457%22,data/raw/drugsatfda_data_files_2026_09/Submissions_1965_1979.txt,10715,eb7003d97b6b24023b5fde542a5ba7ca4292259d9f323a1530d387a6e0091311,"Verified row, out of scope for NME counts (abbreviated new drug application)",v23 2026-09-20: row read verbatim from the committed official Drugs@FDA Submissions extract (1965-1979 window) at the cited line number; the file re-hashes to the runner manifest SHA-256. Abbreviated new drug application: outside the NDA/BLA novel-approval basis and therefore never counted toward an official NME or NDA total. Published here so the year's complete original-approval population is auditable.
PRE1980ACT-1978-269,1978,086458,ANDA086458,ANDA_ORIGINAL_EXCLUDED,1978-10-31,ORIG,1,AP,,,,,FALSE,WATSON LABS,TRICHLORMETHIAZIDE,TRICHLORMETHIAZIDE,2MG,TABLET;ORAL,1,,FALSE,0,0,0,0,0,0,0,,,,,,,,https://www.accessdata.fda.gov/scripts/cder/daf/index.cfm?event=overview.process&varApplNo=086458,https://api.fda.gov/drug/drugsfda.json?search=application_number:%22ANDA086458%22,data/raw/drugsatfda_data_files_2026_09/Submissions_1965_1979.txt,10716,eb7003d97b6b24023b5fde542a5ba7ca4292259d9f323a1530d387a6e0091311,"Verified row, out of scope for NME counts (abbreviated new drug application)",v23 2026-09-20: row read verbatim from the committed official Drugs@FDA Submissions extract (1965-1979 window) at the cited line number; the file re-hashes to the runner manifest SHA-256. Abbreviated new drug application: outside the NDA/BLA novel-approval basis and therefore never counted toward an official NME or NDA total. Published here so the year's complete original-approval population is auditable.
PRE1980ACT-1979-157,1979,086468,ANDA086468,ANDA_ORIGINAL_EXCLUDED,1979-12-11,ORIG,1,AP,,,,,FALSE,PARKE DAVIS,PROCAN SR,PROCAINAMIDE HYDROCHLORIDE,250MG,"TABLET, EXTENDED RELEASE;ORAL",1,,FALSE,0,0,0,0,0,0,0,,,,,,,,https://www.accessdata.fda.gov/scripts/cder/daf/index.cfm?event=overview.process&varApplNo=086468,https://api.fda.gov/drug/drugsfda.json?search=application_number:%22ANDA086468%22,data/raw/drugsatfda_data_files_2026_09/Submissions_1965_1979.txt,10717,eb7003d97b6b24023b5fde542a5ba7ca4292259d9f323a1530d387a6e0091311,"Verified row, out of scope for NME counts (abbreviated new drug application)",v23 2026-09-20: row read verbatim from the committed official Drugs@FDA Submissions extract (1965-1979 window) at the cited line number; the file re-hashes to the runner manifest SHA-256. Abbreviated new drug application: outside the NDA/BLA novel-approval basis and therefore never counted toward an official NME or NDA total. Published here so the year's complete original-approval population is auditable.
PRE1980ACT-1979-158,1979,086498,,KIND_UNRESOLVED,1979-06-08,ORIG,1,AP,,,,,FALSE,,,,,,0,,FALSE,0,0,0,0,0,0,0,,,,,,FULldb-1979-UNRES05,,https://www.accessdata.fda.gov/scripts/cder/daf/index.cfm?event=overview.process&varApplNo=086498,,data/raw/drugsatfda_data_files_2026_09/Submissions_1965_1979.txt,10718,eb7003d97b6b24023b5fde542a5ba7ca4292259d9f323a1530d387a6e0091311,"Verified row, application type not published (KIND_UNRESOLVED) - review candidate only","v23 2026-09-20: row read verbatim from the committed official Drugs@FDA Submissions extract (1965-1979 window) at the cited line number; the file re-hashes to the runner manifest SHA-256. ApplNo is absent from the unfiltered Applications table, so no NDA/ANDA/BLA type can be asserted; the openFDA payloads do not carry it either. This is a review candidate, never an approval row in the NME decision table. Cross-check record FULldb-1979-UNRES05."
PRE1980ACT-1979-159,1979,086499,,KIND_UNRESOLVED,1979-06-08,ORIG,1,AP,,,,,FALSE,,,,,,0,,FALSE,0,0,0,0,0,0,0,,,,,,FULldb-1979-UNRES06,,https://www.accessdata.fda.gov/scripts/cder/daf/index.cfm?event=overview.process&varApplNo=086499,,data/raw/drugsatfda_data_files_2026_09/Submissions_1965_1979.txt,10719,eb7003d97b6b24023b5fde542a5ba7ca4292259d9f323a1530d387a6e0091311,"Verified row, application type not published (KIND_UNRESOLVED) - review candidate only","v23 2026-09-20: row read verbatim from the committed official Drugs@FDA Submissions extract (1965-1979 window) at the cited line number; the file re-hashes to the runner manifest SHA-256. ApplNo is absent from the unfiltered Applications table, so no NDA/ANDA/BLA type can be asserted; the openFDA payloads do not carry it either. This is a review candidate, never an approval row in the NME decision table. Cross-check record FULldb-1979-UNRES06."
PRE1980ACT-1979-160,1979,086500,,KIND_UNRESOLVED,1979-06-11,ORIG,1,AP,,,,,FALSE,,,,,,0,,FALSE,0,0,0,0,0,0,0,,,,,,FULldb-1979-UNRES09,,https://www.accessdata.fda.gov/scripts/cder/daf/index.cfm?event=overview.process&varApplNo=086500,,data/raw/drugsatfda_data_files_2026_09/Submissions_1965_1979.txt,10720,eb7003d97b6b24023b5fde542a5ba7ca4292259d9f323a1530d387a6e0091311,"Verified row, application type not published (KIND_UNRESOLVED) - review candidate only","v23 2026-09-20: row read verbatim from the committed official Drugs@FDA Submissions extract (1965-1979 window) at the cited line number; the file re-hashes to the runner manifest SHA-256. ApplNo is absent from the unfiltered Applications table, so no NDA/ANDA/BLA type can be asserted; the openFDA payloads do not carry it either. This is a review candidate, never an approval row in the NME decision table. Cross-check record FULldb-1979-UNRES09."
PRE1980ACT-1979-161,1979,086501,,KIND_UNRESOLVED,1979-06-08,ORIG,1,AP,,,,,FALSE,,,,,,0,,FALSE,0,0,0,0,0,0,0,,,,,,FULldb-1979-UNRES07,,https://www.accessdata.fda.gov/scripts/cder/daf/index.cfm?event=overview.process&varApplNo=086501,,data/raw/drugsatfda_data_files_2026_09/Submissions_1965_1979.txt,10721,eb7003d97b6b24023b5fde542a5ba7ca4292259d9f323a1530d387a6e0091311,"Verified row, application type not published (KIND_UNRESOLVED) - review candidate only","v23 2026-09-20: row read verbatim from the committed official Drugs@FDA Submissions extract (1965-1979 window) at the cited line number; the file re-hashes to the runner manifest SHA-256. ApplNo is absent from the unfiltered Applications table, so no NDA/ANDA/BLA type can be asserted; the openFDA payloads do not carry it either. This is a review candidate, never an approval row in the NME decision table. Cross-check record FULldb-1979-UNRES07."
PRE1980ACT-1979-162,1979,086502,,KIND_UNRESOLVED,1979-06-11,ORIG,1,AP,,,,,FALSE,,,,,,0,,FALSE,0,0,0,0,0,0,0,,,,,,FULldb-1979-UNRES10,,https://www.accessdata.fda.gov/scripts/cder/daf/index.cfm?event=overview.process&varApplNo=086502,,data/raw/drugsatfda_data_files_2026_09/Submissions_1965_1979.txt,10722,eb7003d97b6b24023b5fde542a5ba7ca4292259d9f323a1530d387a6e0091311,"Verified row, application type not published (KIND_UNRESOLVED) - review candidate only","v23 2026-09-20: row read verbatim from the committed official Drugs@FDA Submissions extract (1965-1979 window) at the cited line number; the file re-hashes to the runner manifest SHA-256. ApplNo is absent from the unfiltered Applications table, so no NDA/ANDA/BLA type can be asserted; the openFDA payloads do not carry it either. This is a review candidate, never an approval row in the NME decision table. Cross-check record FULldb-1979-UNRES10."
PRE1980ACT-1979-163,1979,086503,,KIND_UNRESOLVED,1979-06-08,ORIG,1,AP,,,,,FALSE,,,,,,0,,FALSE,0,0,0,0,0,0,0,,,,,,FULldb-1979-UNRES08,,https://www.accessdata.fda.gov/scripts/cder/daf/index.cfm?event=overview.process&varApplNo=086503,,data/raw/drugsatfda_data_files_2026_09/Submissions_1965_1979.txt,10723,eb7003d97b6b24023b5fde542a5ba7ca4292259d9f323a1530d387a6e0091311,"Verified row, application type not published (KIND_UNRESOLVED) - review candidate only","v23 2026-09-20: row read verbatim from the committed official Drugs@FDA Submissions extract (1965-1979 window) at the cited line number; the file re-hashes to the runner manifest SHA-256. ApplNo is absent from the unfiltered Applications table, so no NDA/ANDA/BLA type can be asserted; the openFDA payloads do not carry it either. This is a review candidate, never an approval row in the NME decision table. Cross-check record FULldb-1979-UNRES08."
PRE1980ACT-1979-164,1979,086513,ANDA086513,ANDA_ORIGINAL_EXCLUDED,1979-08-03,ORIG,1,AP,,,,,FALSE,MYLAN,SPIRONOLACTONE AND HYDROCHLOROTHIAZIDE,HYDROCHLOROTHIAZIDE; SPIRONOLACTONE,25MG;25MG,TABLET;ORAL,1,,FALSE,0,0,0,0,0,0,0,,,,,,,,https://www.accessdata.fda.gov/scripts/cder/daf/index.cfm?event=overview.process&varApplNo=086513,https://api.fda.gov/drug/drugsfda.json?search=application_number:%22ANDA086513%22,data/raw/drugsatfda_data_files_2026_09/Submissions_1965_1979.txt,10724,eb7003d97b6b24023b5fde542a5ba7ca4292259d9f323a1530d387a6e0091311,"Verified row, out of scope for NME counts (abbreviated new drug application)",v23 2026-09-20: row read verbatim from the committed official Drugs@FDA Submissions extract (1965-1979 window) at the cited line number; the file re-hashes to the runner manifest SHA-256. Abbreviated new drug application: outside the NDA/BLA novel-approval basis and therefore never counted toward an official NME or NDA total. Published here so the year's complete original-approval population is auditable.
PRE1980ACT-1979-165,1979,086519,ANDA086519,ANDA_ORIGINAL_EXCLUDED,1979-02-09,ORIG,1,AP,,,,,FALSE,NEWTRON PHARMS,CHLORPHENIRAMINE MALEATE,CHLORPHENIRAMINE MALEATE,4MG,TABLET;ORAL,1,,FALSE,0,0,0,0,0,0,0,,,,,,,,https://www.accessdata.fda.gov/scripts/cder/daf/index.cfm?event=overview.process&varApplNo=086519,https://api.fda.gov/drug/drugsfda.json?search=application_number:%22ANDA086519%22,data/raw/drugsatfda_data_files_2026_09/Submissions_1965_1979.txt,10725,eb7003d97b6b24023b5fde542a5ba7ca4292259d9f323a1530d387a6e0091311,"Verified row, out of scope for NME counts (abbreviated new drug application)",v23 2026-09-20: row read verbatim from the committed official Drugs@FDA Submissions extract (1965-1979 window) at the cited line number; the file re-hashes to the runner manifest SHA-256. Abbreviated new drug application: outside the NDA/BLA novel-approval basis and therefore never counted toward an official NME or NDA total. Published here so the year's complete original-approval population is auditable.
PRE1980ACT-1979-166,1979,086543,ANDA086543,ANDA_ORIGINAL_EXCLUDED,1979-02-08,ORIG,1,AP,,,,,FALSE,NEWTRON PHARMS,DIPHENHYDRAMINE HYDROCHLORIDE,DIPHENHYDRAMINE HYDROCHLORIDE,25MG,CAPSULE;ORAL,1,,FALSE,0,0,0,0,0,0,0,,,,,,,,https://www.accessdata.fda.gov/scripts/cder/daf/index.cfm?event=overview.process&varApplNo=086543,https://api.fda.gov/drug/drugsfda.json?search=application_number:%22ANDA086543%22,data/raw/drugsatfda_data_files_2026_09/Submissions_1965_1979.txt,10726,eb7003d97b6b24023b5fde542a5ba7ca4292259d9f323a1530d387a6e0091311,"Verified row, out of scope for NME counts (abbreviated new drug application)",v23 2026-09-20: row read verbatim from the committed official Drugs@FDA Submissions extract (1965-1979 window) at the cited line number; the file re-hashes to the runner manifest SHA-256. Abbreviated new drug application: outside the NDA/BLA novel-approval basis and therefore never counted toward an official NME or NDA total. Published here so the year's complete original-approval population is auditable.
PRE1980ACT-1979-167,1979,086544,ANDA086544,ANDA_ORIGINAL_EXCLUDED,1979-02-08,ORIG,1,AP,,,,,FALSE,NEWTRON PHARMS,DIPHENHYDRAMINE HYDROCHLORIDE,DIPHENHYDRAMINE HYDROCHLORIDE,50MG,CAPSULE;ORAL,1,,FALSE,0,0,0,0,0,0,0,,,,,,,,https://www.accessdata.fda.gov/scripts/cder/daf/index.cfm?event=overview.process&varApplNo=086544,https://api.fda.gov/drug/drugsfda.json?search=application_number:%22ANDA086544%22,data/raw/drugsatfda_data_files_2026_09/Submissions_1965_1979.txt,10727,eb7003d97b6b24023b5fde542a5ba7ca4292259d9f323a1530d387a6e0091311,"Verified row, out of scope for NME counts (abbreviated new drug application)",v23 2026-09-20: row read verbatim from the committed official Drugs@FDA Submissions extract (1965-1979 window) at the cited line number; the file re-hashes to the runner manifest SHA-256. Abbreviated new drug application: outside the NDA/BLA novel-approval basis and therefore never counted toward an official NME or NDA total. Published here so the year's complete original-approval population is auditable.
PRE1980ACT-1979-168,1979,086576,ANDA086576,ANDA_ORIGINAL_EXCLUDED,1979-11-30,ORIG,1,AP,,,,,FALSE,FOUGERA PHARMS,TYZINE,TETRAHYDROZOLINE HYDROCHLORIDE,0.1%,SOLUTION;NASAL,3,,FALSE,0,0,0,0,0,0,0,,,,,,,,https://www.accessdata.fda.gov/scripts/cder/daf/index.cfm?event=overview.process&varApplNo=086576,https://api.fda.gov/drug/drugsfda.json?search=application_number:%22ANDA086576%22,data/raw/drugsatfda_data_files_2026_09/Submissions_1965_1979.txt,10728,eb7003d97b6b24023b5fde542a5ba7ca4292259d9f323a1530d387a6e0091311,"Verified row, out of scope for NME counts (abbreviated new drug application)",v23 2026-09-20: row read verbatim from the committed official Drugs@FDA Submissions extract (1965-1979 window) at the cited line number; the file re-hashes to the runner manifest SHA-256. Abbreviated new drug application: outside the NDA/BLA novel-approval basis and therefore never counted toward an official NME or NDA total. Published here so the year's complete original-approval population is auditable.
PRE1980ACT-1978-270,1978,086594,ANDA086594,ANDA_ORIGINAL_EXCLUDED,1978-10-05,ORIG,1,AP,,,,,FALSE,WATSON LABS,HYDROCHLOROTHIAZIDE,HYDROCHLOROTHIAZIDE,50MG,TABLET;ORAL,1,,FALSE,0,0,0,0,0,0,0,,,,,,,,https://www.accessdata.fda.gov/scripts/cder/daf/index.cfm?event=overview.process&varApplNo=086594,https://api.fda.gov/drug/drugsfda.json?search=application_number:%22ANDA086594%22,data/raw/drugsatfda_data_files_2026_09/Submissions_1965_1979.txt,10729,eb7003d97b6b24023b5fde542a5ba7ca4292259d9f323a1530d387a6e0091311,"Verified row, out of scope for NME counts (abbreviated new drug application)",v23 2026-09-20: row read verbatim from the committed official Drugs@FDA Submissions extract (1965-1979 window) at the cited line number; the file re-hashes to the runner manifest SHA-256. Abbreviated new drug application: outside the NDA/BLA novel-approval basis and therefore never counted toward an official NME or NDA total. Published here so the year's complete original-approval population is auditable.
PRE1980ACT-1979-169,1979,086595,ANDA086595,ANDA_ORIGINAL_EXCLUDED,1979-04-10,ORIG,1,AP,,,,,FALSE,MUTUAL PHARM,PREDNISONE,PREDNISONE,10MG,TABLET;ORAL,1,,FALSE,0,0,0,0,0,0,0,,,,,,,,https://www.accessdata.fda.gov/scripts/cder/daf/index.cfm?event=overview.process&varApplNo=086595,https://api.fda.gov/drug/drugsfda.json?search=application_number:%22ANDA086595%22,data/raw/drugsatfda_data_files_2026_09/Submissions_1965_1979.txt,10730,eb7003d97b6b24023b5fde542a5ba7ca4292259d9f323a1530d387a6e0091311,"Verified row, out of scope for NME counts (abbreviated new drug application)",v23 2026-09-20: row read verbatim from the committed official Drugs@FDA Submissions extract (1965-1979 window) at the cited line number; the file re-hashes to the runner manifest SHA-256. Abbreviated new drug application: outside the NDA/BLA novel-approval basis and therefore never counted toward an official NME or NDA total. Published here so the year's complete original-approval population is auditable.
PRE1980ACT-1979-170,1979,086596,ANDA086596,ANDA_ORIGINAL_EXCLUDED,1979-04-10,ORIG,1,AP,,,,,FALSE,SUN PHARM INDUSTRIES,PREDNISONE,PREDNISONE,50MG,TABLET;ORAL,1,,FALSE,0,0,0,0,0,0,0,,,,,,,,https://www.accessdata.fda.gov/scripts/cder/daf/index.cfm?event=overview.process&varApplNo=086596,https://api.fda.gov/drug/drugsfda.json?search=application_number:%22ANDA086596%22,data/raw/drugsatfda_data_files_2026_09/Submissions_1965_1979.txt,10731,eb7003d97b6b24023b5fde542a5ba7ca4292259d9f323a1530d387a6e0091311,"Verified row, out of scope for NME counts (abbreviated new drug application)",v23 2026-09-20: row read verbatim from the committed official Drugs@FDA Submissions extract (1965-1979 window) at the cited line number; the file re-hashes to the runner manifest SHA-256. Abbreviated new drug application: outside the NDA/BLA novel-approval basis and therefore never counted toward an official NME or NDA total. Published here so the year's complete original-approval population is auditable.
PRE1980ACT-1978-271,1978,086597,ANDA086597,ANDA_ORIGINAL_EXCLUDED,1978-10-11,ORIG,1,AP,,,,,FALSE,PVT FORM,HYDROCHLOROTHIAZIDE,HYDROCHLOROTHIAZIDE,50MG,TABLET;ORAL,1,,FALSE,0,0,0,0,0,0,0,,,,,,,,https://www.accessdata.fda.gov/scripts/cder/daf/index.cfm?event=overview.process&varApplNo=086597,https://api.fda.gov/drug/drugsfda.json?search=application_number:%22ANDA086597%22,data/raw/drugsatfda_data_files_2026_09/Submissions_1965_1979.txt,10732,eb7003d97b6b24023b5fde542a5ba7ca4292259d9f323a1530d387a6e0091311,"Verified row, out of scope for NME counts (abbreviated new drug application)",v23 2026-09-20: row read verbatim from the committed official Drugs@FDA Submissions extract (1965-1979 window) at the cited line number; the file re-hashes to the runner manifest SHA-256. Abbreviated new drug application: outside the NDA/BLA novel-approval basis and therefore never counted toward an official NME or NDA total. Published here so the year's complete original-approval population is auditable.
PRE1980ACT-1979-171,1979,086666,ANDA086666,ANDA_ORIGINAL_EXCLUDED,1979-12-06,ORIG,1,AP,,,,,FALSE,BEL MAR,M-PREDROL,METHYLPREDNISOLONE ACETATE,40MG/ML,INJECTABLE;INJECTION,1,,FALSE,0,0,0,0,0,0,0,,,,,,,,https://www.accessdata.fda.gov/scripts/cder/daf/index.cfm?event=overview.process&varApplNo=086666,https://api.fda.gov/drug/drugsfda.json?search=application_number:%22ANDA086666%22,data/raw/drugsatfda_data_files_2026_09/Submissions_1965_1979.txt,10733,eb7003d97b6b24023b5fde542a5ba7ca4292259d9f323a1530d387a6e0091311,"Verified row, out of scope for NME counts (abbreviated new drug application)",v23 2026-09-20: row read verbatim from the committed official Drugs@FDA Submissions extract (1965-1979 window) at the cited line number; the file re-hashes to the runner manifest SHA-256. Abbreviated new drug application: outside the NDA/BLA novel-approval basis and therefore never counted toward an official NME or NDA total. Published here so the year's complete original-approval population is auditable.
PRE1980ACT-1979-172,1979,086678,ANDA086678,ANDA_ORIGINAL_EXCLUDED,1979-04-23,ORIG,1,AP,,,,,FALSE,MYLAN,CYPROHEPTADINE HYDROCHLORIDE,CYPROHEPTADINE HYDROCHLORIDE,4MG,TABLET;ORAL,1,,FALSE,0,0,0,0,0,0,0,,,,,,,,https://www.accessdata.fda.gov/scripts/cder/daf/index.cfm?event=overview.process&varApplNo=086678,https://api.fda.gov/drug/drugsfda.json?search=application_number:%22ANDA086678%22,data/raw/drugsatfda_data_files_2026_09/Submissions_1965_1979.txt,10734,eb7003d97b6b24023b5fde542a5ba7ca4292259d9f323a1530d387a6e0091311,"Verified row, out of scope for NME counts (abbreviated new drug application)",v23 2026-09-20: row read verbatim from the committed official Drugs@FDA Submissions extract (1965-1979 window) at the cited line number; the file re-hashes to the runner manifest SHA-256. Abbreviated new drug application: outside the NDA/BLA novel-approval basis and therefore never counted toward an official NME or NDA total. Published here so the year's complete original-approval population is auditable.
PRE1980ACT-1979-173,1979,086681,ANDA086681,ANDA_ORIGINAL_EXCLUDED,1979-05-11,ORIG,1,AP,,,,,FALSE,PUREPAC PHARM,ACETAMINOPHEN AND CODEINE PHOSPHATE,ACETAMINOPHEN; CODEINE PHOSPHATE,300MG;30MG,TABLET;ORAL,1,,FALSE,0,0,0,1,0,1,1,,http://www.accessdata.fda.gov/drugsatfda_docs/anda/pre96/086681_acetaminophen_toc.html,,,,,,https://www.accessdata.fda.gov/scripts/cder/daf/index.cfm?event=overview.process&varApplNo=086681,https://api.fda.gov/drug/drugsfda.json?search=application_number:%22ANDA086681%22,data/raw/drugsatfda_data_files_2026_09/Submissions_1965_1979.txt,10735,eb7003d97b6b24023b5fde542a5ba7ca4292259d9f323a1530d387a6e0091311,"Verified row, out of scope for NME counts (abbreviated new drug application)",v23 2026-09-20: row read verbatim from the committed official Drugs@FDA Submissions extract (1965-1979 window) at the cited line number; the file re-hashes to the runner manifest SHA-256. Abbreviated new drug application: outside the NDA/BLA novel-approval basis and therefore never counted toward an official NME or NDA total. Published here so the year's complete original-approval population is auditable.
PRE1980ACT-1979-174,1979,086683,ANDA086683,ANDA_ORIGINAL_EXCLUDED,1979-05-11,ORIG,1,AP,,,,,FALSE,PUREPAC PHARM,ACETAMINOPHEN AND CODEINE PHOSPHATE,ACETAMINOPHEN; CODEINE PHOSPHATE,300MG;60MG,TABLET;ORAL,1,,FALSE,0,0,0,1,0,1,1,,http://www.accessdata.fda.gov/drugsatfda_docs/anda/pre96/086683_acetaminophen-codeine-phosphate_toc.html,,,,,,https://www.accessdata.fda.gov/scripts/cder/daf/index.cfm?event=overview.process&varApplNo=086683,https://api.fda.gov/drug/drugsfda.json?search=application_number:%22ANDA086683%22,data/raw/drugsatfda_data_files_2026_09/Submissions_1965_1979.txt,10736,eb7003d97b6b24023b5fde542a5ba7ca4292259d9f323a1530d387a6e0091311,"Verified row, out of scope for NME counts (abbreviated new drug application)",v23 2026-09-20: row read verbatim from the committed official Drugs@FDA Submissions extract (1965-1979 window) at the cited line number; the file re-hashes to the runner manifest SHA-256. Abbreviated new drug application: outside the NDA/BLA novel-approval basis and therefore never counted toward an official NME or NDA total. Published here so the year's complete original-approval population is auditable.
PRE1980ACT-1979-175,1979,086710,ANDA086710,ANDA_ORIGINAL_EXCLUDED,1979-07-25,ORIG,1,AP,,,,,FALSE,ACTAVIS ELIZABETH,"BUTALBITAL, ASPIRIN AND CAFFEINE",ASPIRIN; BUTALBITAL; CAFFEINE,325MG;50MG;40MG,TABLET;ORAL,1,,FALSE,0,0,0,0,0,0,0,,,,,,,,https://www.accessdata.fda.gov/scripts/cder/daf/index.cfm?event=overview.process&varApplNo=086710,https://api.fda.gov/drug/drugsfda.json?search=application_number:%22ANDA086710%22,data/raw/drugsatfda_data_files_2026_09/Submissions_1965_1979.txt,10737,eb7003d97b6b24023b5fde542a5ba7ca4292259d9f323a1530d387a6e0091311,"Verified row, out of scope for NME counts (abbreviated new drug application)",v23 2026-09-20: row read verbatim from the committed official Drugs@FDA Submissions extract (1965-1979 window) at the cited line number; the file re-hashes to the runner manifest SHA-256. Abbreviated new drug application: outside the NDA/BLA novel-approval basis and therefore never counted toward an official NME or NDA total. Published here so the year's complete original-approval population is auditable.
PRE1980ACT-1979-176,1979,086727,ANDA086727,ANDA_ORIGINAL_EXCLUDED,1979-10-29,ORIG,1,AP,,,,,FALSE,ANI PHARMS,DIPHENOXYLATE HYDROCHLORIDE AND ATROPINE SULFATE,ATROPINE SULFATE; DIPHENOXYLATE HYDROCHLORIDE,0.025MG;2.5MG,TABLET;ORAL,1,,FALSE,0,0,0,0,0,0,0,,,,,,,,https://www.accessdata.fda.gov/scripts/cder/daf/index.cfm?event=overview.process&varApplNo=086727,https://api.fda.gov/drug/drugsfda.json?search=application_number:%22ANDA086727%22,data/raw/drugsatfda_data_files_2026_09/Submissions_1965_1979.txt,10738,eb7003d97b6b24023b5fde542a5ba7ca4292259d9f323a1530d387a6e0091311,"Verified row, out of scope for NME counts (abbreviated new drug application)",v23 2026-09-20: row read verbatim from the committed official Drugs@FDA Submissions extract (1965-1979 window) at the cited line number; the file re-hashes to the runner manifest SHA-256. Abbreviated new drug application: outside the NDA/BLA novel-approval basis and therefore never counted toward an official NME or NDA total. Published here so the year's complete original-approval population is auditable.
PRE1980ACT-1979-177,1979,086760,ANDA086760,ANDA_ORIGINAL_EXCLUDED,1979-11-21,ORIG,1,AP,,,,,FALSE,PHARM RES ASSOC,PHYLLOCONTIN,AMINOPHYLLINE,225MG,"TABLET, EXTENDED RELEASE;ORAL",1,,FALSE,0,0,0,0,0,0,0,,,,,,,,https://www.accessdata.fda.gov/scripts/cder/daf/index.cfm?event=overview.process&varApplNo=086760,https://api.fda.gov/drug/drugsfda.json?search=application_number:%22ANDA086760%22,data/raw/drugsatfda_data_files_2026_09/Submissions_1965_1979.txt,10739,eb7003d97b6b24023b5fde542a5ba7ca4292259d9f323a1530d387a6e0091311,"Verified row, out of scope for NME counts (abbreviated new drug application)",v23 2026-09-20: row read verbatim from the committed official Drugs@FDA Submissions extract (1965-1979 window) at the cited line number; the file re-hashes to the runner manifest SHA-256. Abbreviated new drug application: outside the NDA/BLA novel-approval basis and therefore never counted toward an official NME or NDA total. Published here so the year's complete original-approval population is auditable.
PRE1980ACT-1979-178,1979,086761,ANDA086761,ANDA_ORIGINAL_EXCLUDED,1979-12-14,ORIG,1,AP,,,,,FALSE,ABRAXIS PHARM,LIDOCAINE HYDROCHLORIDE,LIDOCAINE HYDROCHLORIDE,1%,INJECTABLE;INJECTION,2,,FALSE,0,0,0,0,0,0,0,,,,,,,,https://www.accessdata.fda.gov/scripts/cder/daf/index.cfm?event=overview.process&varApplNo=086761,https://api.fda.gov/drug/drugsfda.json?search=application_number:%22ANDA086761%22,data/raw/drugsatfda_data_files_2026_09/Submissions_1965_1979.txt,10740,eb7003d97b6b24023b5fde542a5ba7ca4292259d9f323a1530d387a6e0091311,"Verified row, out of scope for NME counts (abbreviated new drug application)",v23 2026-09-20: row read verbatim from the committed official Drugs@FDA Submissions extract (1965-1979 window) at the cited line number; the file re-hashes to the runner manifest SHA-256. Abbreviated new drug application: outside the NDA/BLA novel-approval basis and therefore never counted toward an official NME or NDA total. Published here so the year's complete original-approval population is auditable.
PRE1980ACT-1979-179,1979,086797,ANDA086797,ANDA_ORIGINAL_EXCLUDED,1979-07-10,ORIG,1,AP,,,,,FALSE,HOSPIRA,NOVOCAIN,PROCAINE HYDROCHLORIDE,10%,INJECTABLE;INJECTION,1,,FALSE,0,0,0,0,0,0,0,,,,,,,,https://www.accessdata.fda.gov/scripts/cder/daf/index.cfm?event=overview.process&varApplNo=086797,https://api.fda.gov/drug/drugsfda.json?search=application_number:%22ANDA086797%22,data/raw/drugsatfda_data_files_2026_09/Submissions_1965_1979.txt,10741,eb7003d97b6b24023b5fde542a5ba7ca4292259d9f323a1530d387a6e0091311,"Verified row, out of scope for NME counts (abbreviated new drug application)",v23 2026-09-20: row read verbatim from the committed official Drugs@FDA Submissions extract (1965-1979 window) at the cited line number; the file re-hashes to the runner manifest SHA-256. Abbreviated new drug application: outside the NDA/BLA novel-approval basis and therefore never counted toward an official NME or NDA total. Published here so the year's complete original-approval population is auditable.
PRE1980ACT-1979-180,1979,086813,ANDA086813,ANDA_ORIGINAL_EXCLUDED,1979-06-01,ORIG,1,AP,,,,,FALSE,WATSON LABS,PREDNISONE,PREDNISONE,20MG,TABLET;ORAL,1,,FALSE,0,0,0,0,0,0,0,,,,,,,,https://www.accessdata.fda.gov/scripts/cder/daf/index.cfm?event=overview.process&varApplNo=086813,https://api.fda.gov/drug/drugsfda.json?search=application_number:%22ANDA086813%22,data/raw/drugsatfda_data_files_2026_09/Submissions_1965_1979.txt,10742,eb7003d97b6b24023b5fde542a5ba7ca4292259d9f323a1530d387a6e0091311,"Verified row, out of scope for NME counts (abbreviated new drug application)",v23 2026-09-20: row read verbatim from the committed official Drugs@FDA Submissions extract (1965-1979 window) at the cited line number; the file re-hashes to the runner manifest SHA-256. Abbreviated new drug application: outside the NDA/BLA novel-approval basis and therefore never counted toward an official NME or NDA total. Published here so the year's complete original-approval population is auditable.
PRE1980ACT-1979-181,1979,086821,ANDA086821,ANDA_ORIGINAL_EXCLUDED,1979-09-05,ORIG,1,AP,,,,,FALSE,HOSPIRA,HYDROXYZINE HYDROCHLORIDE,HYDROXYZINE HYDROCHLORIDE,50MG/ML,INJECTABLE;INJECTION,1,,FALSE,0,0,0,0,0,0,0,,,,,,,,https://www.accessdata.fda.gov/scripts/cder/daf/index.cfm?event=overview.process&varApplNo=086821,https://api.fda.gov/drug/drugsfda.json?search=application_number:%22ANDA086821%22,data/raw/drugsatfda_data_files_2026_09/Submissions_1965_1979.txt,10743,eb7003d97b6b24023b5fde542a5ba7ca4292259d9f323a1530d387a6e0091311,"Verified row, out of scope for NME counts (abbreviated new drug application)",v23 2026-09-20: row read verbatim from the committed official Drugs@FDA Submissions extract (1965-1979 window) at the cited line number; the file re-hashes to the runner manifest SHA-256. Abbreviated new drug application: outside the NDA/BLA novel-approval basis and therefore never counted toward an official NME or NDA total. Published here so the year's complete original-approval population is auditable.
PRE1980ACT-1979-182,1979,086841,ANDA086841,ANDA_ORIGINAL_EXCLUDED,1979-07-03,ORIG,1,AP,,,,,FALSE,EVEREST LIFE SCI,DAPSONE,DAPSONE,25MG,TABLET;ORAL,1,,FALSE,0,0,0,0,0,0,0,,,,,,,,https://www.accessdata.fda.gov/scripts/cder/daf/index.cfm?event=overview.process&varApplNo=086841,https://api.fda.gov/drug/drugsfda.json?search=application_number:%22ANDA086841%22,data/raw/drugsatfda_data_files_2026_09/Submissions_1965_1979.txt,10744,eb7003d97b6b24023b5fde542a5ba7ca4292259d9f323a1530d387a6e0091311,"Verified row, out of scope for NME counts (abbreviated new drug application)",v23 2026-09-20: row read verbatim from the committed official Drugs@FDA Submissions extract (1965-1979 window) at the cited line number; the file re-hashes to the runner manifest SHA-256. Abbreviated new drug application: outside the NDA/BLA novel-approval basis and therefore never counted toward an official NME or NDA total. Published here so the year's complete original-approval population is auditable.
PRE1980ACT-1979-183,1979,086842,ANDA086842,ANDA_ORIGINAL_EXCLUDED,1979-07-03,ORIG,1,AP,,,,,FALSE,EVEREST LIFE SCI,DAPSONE,DAPSONE,100MG,TABLET;ORAL,1,,FALSE,0,0,0,0,0,0,0,,,,,,,,https://www.accessdata.fda.gov/scripts/cder/daf/index.cfm?event=overview.process&varApplNo=086842,https://api.fda.gov/drug/drugsfda.json?search=application_number:%22ANDA086842%22,data/raw/drugsatfda_data_files_2026_09/Submissions_1965_1979.txt,10745,eb7003d97b6b24023b5fde542a5ba7ca4292259d9f323a1530d387a6e0091311,"Verified row, out of scope for NME counts (abbreviated new drug application)",v23 2026-09-20: row read verbatim from the committed official Drugs@FDA Submissions extract (1965-1979 window) at the cited line number; the file re-hashes to the runner manifest SHA-256. Abbreviated new drug application: outside the NDA/BLA novel-approval basis and therefore never counted toward an official NME or NDA total. Published here so the year's complete original-approval population is auditable.
PRE1980ACT-1979-184,1979,086845,ANDA086845,ANDA_ORIGINAL_EXCLUDED,1979-10-26,ORIG,1,AP,,,,,FALSE,WARNER CHILCOTT,ORLEX,"ACETIC ACID, GLACIAL",2%,SOLUTION/DROPS;OTIC,1,,FALSE,0,0,0,0,0,0,0,,,,,,,,https://www.accessdata.fda.gov/scripts/cder/daf/index.cfm?event=overview.process&varApplNo=086845,https://api.fda.gov/drug/drugsfda.json?search=application_number:%22ANDA086845%22,data/raw/drugsatfda_data_files_2026_09/Submissions_1965_1979.txt,10746,eb7003d97b6b24023b5fde542a5ba7ca4292259d9f323a1530d387a6e0091311,"Verified row, out of scope for NME counts (abbreviated new drug application)",v23 2026-09-20: row read verbatim from the committed official Drugs@FDA Submissions extract (1965-1979 window) at the cited line number; the file re-hashes to the runner manifest SHA-256. Abbreviated new drug application: outside the NDA/BLA novel-approval basis and therefore never counted toward an official NME or NDA total. Published here so the year's complete original-approval population is auditable.
PRE1980ACT-1979-185,1979,086899,ANDA086899,ANDA_ORIGINAL_EXCLUDED,1979-10-23,ORIG,1,AP,,,,,FALSE,ROXANE,ISOETHARINE HYDROCHLORIDE,ISOETHARINE HYDROCHLORIDE,1%,SOLUTION;INHALATION,1,,FALSE,0,0,0,0,0,0,0,,,,,,,,https://www.accessdata.fda.gov/scripts/cder/daf/index.cfm?event=overview.process&varApplNo=086899,https://api.fda.gov/drug/drugsfda.json?search=application_number:%22ANDA086899%22,data/raw/drugsatfda_data_files_2026_09/Submissions_1965_1979.txt,10747,eb7003d97b6b24023b5fde542a5ba7ca4292259d9f323a1530d387a6e0091311,"Verified row, out of scope for NME counts (abbreviated new drug application)",v23 2026-09-20: row read verbatim from the committed official Drugs@FDA Submissions extract (1965-1979 window) at the cited line number; the file re-hashes to the runner manifest SHA-256. Abbreviated new drug application: outside the NDA/BLA novel-approval basis and therefore never counted toward an official NME or NDA total. Published here so the year's complete original-approval population is auditable.
PRE1980ACT-1979-186,1979,086954,ANDA086954,ANDA_ORIGINAL_EXCLUDED,1979-09-06,ORIG,1,AP,,,,,FALSE,LEDERLE,PROBENECID W/ COLCHICINE,COLCHICINE; PROBENECID,0.5MG;500MG,TABLET;ORAL,1,,FALSE,0,0,0,1,0,1,1,,http://www.accessdata.fda.gov/drugsatfda_docs/anda/pre96/086954_probenecid_toc.html,,,,,,https://www.accessdata.fda.gov/scripts/cder/daf/index.cfm?event=overview.process&varApplNo=086954,https://api.fda.gov/drug/drugsfda.json?search=application_number:%22ANDA086954%22,data/raw/drugsatfda_data_files_2026_09/Submissions_1965_1979.txt,10748,eb7003d97b6b24023b5fde542a5ba7ca4292259d9f323a1530d387a6e0091311,"Verified row, out of scope for NME counts (abbreviated new drug application)",v23 2026-09-20: row read verbatim from the committed official Drugs@FDA Submissions extract (1965-1979 window) at the cited line number; the file re-hashes to the runner manifest SHA-256. Abbreviated new drug application: outside the NDA/BLA novel-approval basis and therefore never counted toward an official NME or NDA total. Published here so the year's complete original-approval population is auditable.
PRE1980ACT-1979-187,1979,086987,ANDA086987,ANDA_ORIGINAL_EXCLUDED,1979-10-26,ORIG,1,AP,,,,,FALSE,NEWTRON PHARMS,BROMPHENIRAMINE MALEATE,BROMPHENIRAMINE MALEATE,4MG,TABLET;ORAL,1,,FALSE,0,0,0,0,0,0,0,,,,,,,,https://www.accessdata.fda.gov/scripts/cder/daf/index.cfm?event=overview.process&varApplNo=086987,https://api.fda.gov/drug/drugsfda.json?search=application_number:%22ANDA086987%22,data/raw/drugsatfda_data_files_2026_09/Submissions_1965_1979.txt,10749,eb7003d97b6b24023b5fde542a5ba7ca4292259d9f323a1530d387a6e0091311,"Verified row, out of scope for NME counts (abbreviated new drug application)",v23 2026-09-20: row read verbatim from the committed official Drugs@FDA Submissions extract (1965-1979 window) at the cited line number; the file re-hashes to the runner manifest SHA-256. Abbreviated new drug application: outside the NDA/BLA novel-approval basis and therefore never counted toward an official NME or NDA total. Published here so the year's complete original-approval population is auditable.
PRE1980ACT-1979-188,1979,086988,ANDA086988,ANDA_ORIGINAL_EXCLUDED,1979-10-29,ORIG,1,AP,,,,,FALSE,PRINSTON INC,METHOCARBAMOL,METHOCARBAMOL,750MG,TABLET;ORAL,2,,FALSE,0,0,0,0,0,0,0,,,,,,,,https://www.accessdata.fda.gov/scripts/cder/daf/index.cfm?event=overview.process&varApplNo=086988,https://api.fda.gov/drug/drugsfda.json?search=application_number:%22ANDA086988%22,data/raw/drugsatfda_data_files_2026_09/Submissions_1965_1979.txt,10750,eb7003d97b6b24023b5fde542a5ba7ca4292259d9f323a1530d387a6e0091311,"Verified row, out of scope for NME counts (abbreviated new drug application)",v23 2026-09-20: row read verbatim from the committed official Drugs@FDA Submissions extract (1965-1979 window) at the cited line number; the file re-hashes to the runner manifest SHA-256. Abbreviated new drug application: outside the NDA/BLA novel-approval basis and therefore never counted toward an official NME or NDA total. Published here so the year's complete original-approval population is auditable.
PRE1980ACT-1979-189,1979,086989,,KIND_UNRESOLVED,1979-10-29,ORIG,1,AP,,,,,FALSE,,,,,,0,,FALSE,0,0,0,0,0,0,0,,,,,,FULldb-1979-UNRES14,,https://www.accessdata.fda.gov/scripts/cder/daf/index.cfm?event=overview.process&varApplNo=086989,,data/raw/drugsatfda_data_files_2026_09/Submissions_1965_1979.txt,10751,eb7003d97b6b24023b5fde542a5ba7ca4292259d9f323a1530d387a6e0091311,"Verified row, application type not published (KIND_UNRESOLVED) - review candidate only","v23 2026-09-20: row read verbatim from the committed official Drugs@FDA Submissions extract (1965-1979 window) at the cited line number; the file re-hashes to the runner manifest SHA-256. ApplNo is absent from the unfiltered Applications table, so no NDA/ANDA/BLA type can be asserted; the openFDA payloads do not carry it either. This is a review candidate, never an approval row in the NME decision table. Cross-check record FULldb-1979-UNRES14."
PRE1980ACT-1979-190,1979,087011,ANDA087011,ANDA_ORIGINAL_EXCLUDED,1979-08-29,ORIG,1,AP,,,,,FALSE,DAVA PHARMS INC,QUINIDINE SULFATE,QUINIDINE SULFATE,200MG,TABLET;ORAL,1,,FALSE,0,0,0,0,0,0,0,,,,,,,,https://www.accessdata.fda.gov/scripts/cder/daf/index.cfm?event=overview.process&varApplNo=087011,https://api.fda.gov/drug/drugsfda.json?search=application_number:%22ANDA087011%22,data/raw/drugsatfda_data_files_2026_09/Submissions_1965_1979.txt,10752,eb7003d97b6b24023b5fde542a5ba7ca4292259d9f323a1530d387a6e0091311,"Verified row, out of scope for NME counts (abbreviated new drug application)",v23 2026-09-20: row read verbatim from the committed official Drugs@FDA Submissions extract (1965-1979 window) at the cited line number; the file re-hashes to the runner manifest SHA-256. Abbreviated new drug application: outside the NDA/BLA novel-approval basis and therefore never counted toward an official NME or NDA total. Published here so the year's complete original-approval population is auditable.
PRE1980ACT-1978-272,1978,101063,BLA101063,TRACKED_NDA_ORIGINAL,1978-01-10,ORIG,1,AP,7,TYPE 1,Type 1 - New Molecular Entity,UNKNOWN,TRUE,MERCK,ELSPAR,ASPARAGINASE,"10,000IU/VIAL",VIAL,1,Prescription,FALSE,0,0,0,9,5,0,0,http://www.accessdata.fda.gov/drugsatfda_docs/appletter/2002/aspamer080102L.pdf,,http://www.accessdata.fda.gov/drugsatfda_docs/label/2002/aspamer080102LB.pdf,PRE1980-1978-01,PRE1980-1978-01,,data/raw/openfda_orig_decisions_1975_1979/decisions_1978.json,https://www.accessdata.fda.gov/scripts/cder/daf/index.cfm?event=overview.process&varApplNo=101063,https://api.fda.gov/drug/drugsfda.json?search=application_number:%22BLA101063%22,data/raw/drugsatfda_data_files_2026_09/Submissions_1965_1979.txt,10753,eb7003d97b6b24023b5fde542a5ba7ca4292259d9f323a1530d387a6e0091311,Verified (verbatim Drugs@FDA submission row; line number cited),"v23 2026-09-20: row read verbatim from the committed official Drugs@FDA Submissions extract (1965-1979 window) at the cited line number; the file re-hashes to the runner manifest SHA-256. Application type, holder and product facts come from the committed Drugs@FDA Applications/Products extracts. Holder is the CURRENT Drugs@FDA applicant of record, never asserted as the 1977-1979 applicant; no indication is recorded because the official extract publishes none. Supplement counts are approval actions (status AP) inside the committed 1965-1979 window only and understate lifetime post-approval activity."
