row_id,year,application_number,application_kind,decision_date,submission_class_code,submission_class_code_description,review_priority,nme_comparable,classification_group,sponsor_name_drugsatfda_holder,full_db_holder_match,first_product_brand,first_product_ingredients,first_product_form_route,n_products,first_product_marketing_status,ingredient_first_appearance,ingredient_screen,tracked_in,live_probe_status,drugsatfda_url,openfda_url,verification_status,notes
PRE1965AUDIT-1939-01,1939,NDA000552,NDA,1939-02-09,UNKNOWN,,UNKNOWN,FALSE,NOT PUBLISHED (blank class),ASPEN GLOBAL INC,MATCH,HEPARIN SODIUM,"HEPARIN SODIUM 1,000 UNITS/ML",INJECTABLE; INJECTION,12,Discontinued,first-in-payloads (1939-1964 universe),non-NME row: earlier appearances permitted by construction; see ingredient_first_appearance,none (not a Type 1/1-4 original approval),MATCH,https://www.accessdata.fda.gov/scripts/cder/daf/index.cfm?event=overview.process&varApplNo=000552,https://api.fda.gov/drug/drugsfda.json?search=application_number:%22NDA000552%22,Verified (live probe match),"Row of the complete 1939-1964 original-application audit (v26 (2026-09-21)): every ORIG/AP row of the committed SHA-verified openFDA payload; facts verbatim from the payload; application type and holder cross-checked against the full official Drugs@FDA database (Applications_all_types.txt, 29,336 applications); no ticker, indication or applicant lineage asserted."
PRE1965AUDIT-1939-02,1939,NDA000159,NDA,1939-03-09,,,,FALSE,NOT PUBLISHED (blank class),LILLY,MATCH,SULFAPYRIDINE,SULFAPYRIDINE 500MG,TABLET; ORAL,1,Discontinued,first-in-payloads (1939-1964 universe),non-NME row: earlier appearances permitted by construction; see ingredient_first_appearance,none (not a Type 1/1-4 original approval),MATCH,https://www.accessdata.fda.gov/scripts/cder/daf/index.cfm?event=overview.process&varApplNo=000159,https://api.fda.gov/drug/drugsfda.json?search=application_number:%22NDA000159%22,Verified (live probe match),"Row of the complete 1939-1964 original-application audit (v26 (2026-09-21)): every ORIG/AP row of the committed SHA-verified openFDA payload; facts verbatim from the payload; application type and holder cross-checked against the full official Drugs@FDA database (Applications_all_types.txt, 29,336 applications); no ticker, indication or applicant lineage asserted."
PRE1965AUDIT-1939-03,1939,NDA000734,NDA,1939-04-25,,,,FALSE,NOT PUBLISHED (blank class),LILLY,MATCH,HISTAMINE PHOSPHATE,HISTAMINE PHOSPHATE EQ 0.1MG BASE/ML,INJECTABLE; INJECTION,3,Discontinued,first-in-payloads (1939-1964 universe),non-NME row: earlier appearances permitted by construction; see ingredient_first_appearance,none (not a Type 1/1-4 original approval),MATCH,https://www.accessdata.fda.gov/scripts/cder/daf/index.cfm?event=overview.process&varApplNo=000734,https://api.fda.gov/drug/drugsfda.json?search=application_number:%22NDA000734%22,Verified (live probe match),"Row of the complete 1939-1964 original-application audit (v26 (2026-09-21)): every ORIG/AP row of the committed SHA-verified openFDA payload; facts verbatim from the payload; application type and holder cross-checked against the full official Drugs@FDA database (Applications_all_types.txt, 29,336 applications); no ticker, indication or applicant lineage asserted."
PRE1965AUDIT-1939-04,1939,NDA000793,NDA,1939-06-05,UNKNOWN,,UNKNOWN,FALSE,NOT PUBLISHED (blank class),PHARMOBEDIENT,MATCH,BUTISOL SODIUM,BUTABARBITAL SODIUM 100MG **Federal Register determination that product was not discontinued or withdrawn for safety or effectiveness reasons**,TABLET; ORAL,4,Discontinued,first-in-payloads (1939-1964 universe),non-NME row: earlier appearances permitted by construction; see ingredient_first_appearance,none (not a Type 1/1-4 original approval),MATCH,https://www.accessdata.fda.gov/scripts/cder/daf/index.cfm?event=overview.process&varApplNo=000793,https://api.fda.gov/drug/drugsfda.json?search=application_number:%22NDA000793%22,Verified (live probe match),"Row of the complete 1939-1964 original-application audit (v26 (2026-09-21)): every ORIG/AP row of the committed SHA-verified openFDA payload; facts verbatim from the payload; application type and holder cross-checked against the full official Drugs@FDA database (Applications_all_types.txt, 29,336 applications); no ticker, indication or applicant lineage asserted."
PRE1965AUDIT-1939-05,1939,NDA001104,NDA,1939-08-17,,,,FALSE,NOT PUBLISHED (blank class),ORGANON USA INC,MATCH,DOCA,DESOXYCORTICOSTERONE ACETATE 5MG/ML,INJECTABLE; INJECTION,1,Discontinued,first-in-payloads (1939-1964 universe),non-NME row: earlier appearances permitted by construction; see ingredient_first_appearance,none (not a Type 1/1-4 original approval),MATCH,https://www.accessdata.fda.gov/scripts/cder/daf/index.cfm?event=overview.process&varApplNo=001104,https://api.fda.gov/drug/drugsfda.json?search=application_number:%22NDA001104%22,Verified (live probe match),"Row of the complete 1939-1964 original-application audit (v26 (2026-09-21)): every ORIG/AP row of the committed SHA-verified openFDA payload; facts verbatim from the payload; application type and holder cross-checked against the full official Drugs@FDA database (Applications_all_types.txt, 29,336 applications); no ticker, indication or applicant lineage asserted."
PRE1965AUDIT-1939-06,1939,NDA001504,NDA,1939-08-30,UNKNOWN,,STANDARD,FALSE,NOT PUBLISHED (blank class),THE VERARD COMPANY,MATCH,VERARD,VERARD UNKNOWN,UNKNOWN; UNKNOWN,1,Prescription,first-in-payloads (1939-1964 universe),non-NME row: earlier appearances permitted by construction; see ingredient_first_appearance,none (not a Type 1/1-4 original approval),MATCH,https://www.accessdata.fda.gov/scripts/cder/daf/index.cfm?event=overview.process&varApplNo=001504,https://api.fda.gov/drug/drugsfda.json?search=application_number:%22NDA001504%22,Verified (live probe match),"Row of the complete 1939-1964 original-application audit (v26 (2026-09-21)): every ORIG/AP row of the committed SHA-verified openFDA payload; facts verbatim from the payload; application type and holder cross-checked against the full official Drugs@FDA database (Applications_all_types.txt, 29,336 applications); no ticker, indication or applicant lineage asserted."
PRE1965AUDIT-1939-07,1939,NDA001546,NDA,1939-10-02,UNKNOWN,,UNKNOWN,FALSE,NOT PUBLISHED (blank class),MERCK SHARP DOHME,MATCH,GUANIDINE HYDROCHLORIDE,GUANIDINE HYDROCHLORIDE 125MG,TABLET; ORAL,1,Discontinued,first-in-payloads (1939-1964 universe),non-NME row: earlier appearances permitted by construction; see ingredient_first_appearance,none (not a Type 1/1-4 original approval),MATCH,https://www.accessdata.fda.gov/scripts/cder/daf/index.cfm?event=overview.process&varApplNo=001546,https://api.fda.gov/drug/drugsfda.json?search=application_number:%22NDA001546%22,Verified (live probe match),"Row of the complete 1939-1964 original-application audit (v26 (2026-09-21)): every ORIG/AP row of the committed SHA-verified openFDA payload; facts verbatim from the payload; application type and holder cross-checked against the full official Drugs@FDA database (Applications_all_types.txt, 29,336 applications); no ticker, indication or applicant lineage asserted."
PRE1965AUDIT-1940-01,1940,NDA002386,NDA,1940-04-19,TYPE 5,Type 5 - New Formulation or New Manufacturer,STANDARD,FALSE,Type 5 - New Formulation or New Manufacturer,GD SEARLE LLC,MATCH,AMINOPHYLLIN,AMINOPHYLLINE 100MG,TABLET; ORAL,2,Discontinued,first-in-payloads (1939-1964 universe),non-NME row: earlier appearances permitted by construction; see ingredient_first_appearance,none (not a Type 1/1-4 original approval),MATCH,https://www.accessdata.fda.gov/scripts/cder/daf/index.cfm?event=overview.process&varApplNo=002386,https://api.fda.gov/drug/drugsfda.json?search=application_number:%22NDA002386%22,Verified (live probe match),"Row of the complete 1939-1964 original-application audit (v26 (2026-09-21)): every ORIG/AP row of the committed SHA-verified openFDA payload; facts verbatim from the payload; application type and holder cross-checked against the full official Drugs@FDA database (Applications_all_types.txt, 29,336 applications); no ticker, indication or applicant lineage asserted."
PRE1965AUDIT-1940-02,1940,NDA002282,NDA,1940-04-30,TYPE 4,Type 4 - New Combination,STANDARD,FALSE,Type 4 - New Combination,ISO TEX,MATCH,INULIN AND SODIUM CHLORIDE,INULIN 100MG/ML,INJECTABLE; INJECTION,1,Discontinued,first-in-payloads (1939-1964 universe),non-NME row: earlier appearances permitted by construction; see ingredient_first_appearance,none (not a Type 1/1-4 original approval),MATCH,https://www.accessdata.fda.gov/scripts/cder/daf/index.cfm?event=overview.process&varApplNo=002282,https://api.fda.gov/drug/drugsfda.json?search=application_number:%22NDA002282%22,Verified (live probe match),"Row of the complete 1939-1964 original-application audit (v26 (2026-09-21)): every ORIG/AP row of the committed SHA-verified openFDA payload; facts verbatim from the payload; application type and holder cross-checked against the full official Drugs@FDA database (Applications_all_types.txt, 29,336 applications); no ticker, indication or applicant lineage asserted."
PRE1965AUDIT-1940-03,1940,NDA002918,NDA,1940-09-17,UNKNOWN,,UNKNOWN,FALSE,NOT PUBLISHED (blank class),POYTHRESS,MATCH,BENSULFOID,SULFUR 33.32%,POWDER; TOPICAL,1,Discontinued,first-in-payloads (1939-1964 universe),non-NME row: earlier appearances permitted by construction; see ingredient_first_appearance,none (not a Type 1/1-4 original approval),MATCH,https://www.accessdata.fda.gov/scripts/cder/daf/index.cfm?event=overview.process&varApplNo=002918,https://api.fda.gov/drug/drugsfda.json?search=application_number:%22NDA002918%22,Verified (live probe match),"Row of the complete 1939-1964 original-application audit (v26 (2026-09-21)): every ORIG/AP row of the committed SHA-verified openFDA payload; facts verbatim from the payload; application type and holder cross-checked against the full official Drugs@FDA database (Applications_all_types.txt, 29,336 applications); no ticker, indication or applicant lineage asserted."
PRE1965AUDIT-1941-01,1941,NDA003444,NDA,1941-01-11,UNKNOWN,,UNKNOWN,FALSE,NOT PUBLISHED (blank class),ESJAY PHARMA,MATCH,DRISDOL,"ERGOCALCIFEROL 50,000 IU",CAPSULE; ORAL,1,Prescription,first-in-payloads (1939-1964 universe),non-NME row: earlier appearances permitted by construction; see ingredient_first_appearance,none (not a Type 1/1-4 original approval),MATCH,https://www.accessdata.fda.gov/scripts/cder/daf/index.cfm?event=overview.process&varApplNo=003444,https://api.fda.gov/drug/drugsfda.json?search=application_number:%22NDA003444%22,Verified (live probe match),"Row of the complete 1939-1964 original-application audit (v26 (2026-09-21)): every ORIG/AP row of the committed SHA-verified openFDA payload; facts verbatim from the payload; application type and holder cross-checked against the full official Drugs@FDA database (Applications_all_types.txt, 29,336 applications); no ticker, indication or applicant lineage asserted."
PRE1965AUDIT-1941-02,1941,NDA003977,NDA,1941-06-12,UNKNOWN,,UNKNOWN,FALSE,NOT PUBLISHED (blank class),PARKEDALE,MATCH,THEELIN,ESTRONE 2MG/ML,INJECTABLE; INJECTION,3,Discontinued,first-in-payloads (1939-1964 universe),non-NME row: earlier appearances permitted by construction; see ingredient_first_appearance,none (not a Type 1/1-4 original approval),MATCH,https://www.accessdata.fda.gov/scripts/cder/daf/index.cfm?event=overview.process&varApplNo=003977,https://api.fda.gov/drug/drugsfda.json?search=application_number:%22NDA003977%22,Verified (live probe match),"Row of the complete 1939-1964 original-application audit (v26 (2026-09-21)): every ORIG/AP row of the committed SHA-verified openFDA payload; facts verbatim from the payload; application type and holder cross-checked against the full official Drugs@FDA database (Applications_all_types.txt, 29,336 applications); no ticker, indication or applicant lineage asserted."
PRE1965AUDIT-1941-03,1941,NDA003718,NDA,1941-07-15,UNKNOWN,,UNKNOWN,FALSE,NOT PUBLISHED (blank class),ROCHE,MATCH,SYNKAYVITE,MENADIOL SODIUM DIPHOSPHATE 5MG/ML,INJECTABLE; INJECTION,4,Discontinued,first-in-payloads (1939-1964 universe),non-NME row: earlier appearances permitted by construction; see ingredient_first_appearance,none (not a Type 1/1-4 original approval),MATCH,https://www.accessdata.fda.gov/scripts/cder/daf/index.cfm?event=overview.process&varApplNo=003718,https://api.fda.gov/drug/drugsfda.json?search=application_number:%22NDA003718%22,Verified (live probe match),"Row of the complete 1939-1964 original-application audit (v26 (2026-09-21)): every ORIG/AP row of the committed SHA-verified openFDA payload; facts verbatim from the payload; application type and holder cross-checked against the full official Drugs@FDA database (Applications_all_types.txt, 29,336 applications); no ticker, indication or applicant lineage asserted."
PRE1965AUDIT-1941-04,1941,NDA004054,NDA,1941-08-11,,,,FALSE,NOT PUBLISHED (blank class),LEDERLE,MATCH,SULFADIAZINE,SULFADIAZINE 500MG,TABLET; ORAL,2,Discontinued,first-in-payloads (1939-1964 universe),non-NME row: earlier appearances permitted by construction; see ingredient_first_appearance,none (not a Type 1/1-4 original approval),MATCH,https://www.accessdata.fda.gov/scripts/cder/daf/index.cfm?event=overview.process&varApplNo=004054,https://api.fda.gov/drug/drugsfda.json?search=application_number:%22NDA004054%22,Verified (live probe match),"Row of the complete 1939-1964 original-application audit (v26 (2026-09-21)): every ORIG/AP row of the committed SHA-verified openFDA payload; facts verbatim from the payload; application type and holder cross-checked against the full official Drugs@FDA database (Applications_all_types.txt, 29,336 applications); no ticker, indication or applicant lineage asserted."
PRE1965AUDIT-1941-05,1941,NDA004122,NDA,1941-08-26,TYPE 5,Type 5 - New Formulation or New Manufacturer,STANDARD,FALSE,Type 5 - New Formulation or New Manufacturer,LILLY,MATCH,SULFADIAZINE,SULFADIAZINE 500MG,TABLET; ORAL,1,Discontinued,1941-08-11 on NDA004054,non-NME row: earlier appearances permitted by construction; see ingredient_first_appearance,none (not a Type 1/1-4 original approval),MATCH,https://www.accessdata.fda.gov/scripts/cder/daf/index.cfm?event=overview.process&varApplNo=004122,https://api.fda.gov/drug/drugsfda.json?search=application_number:%22NDA004122%22,Verified (live probe match),"Row of the complete 1939-1964 original-application audit (v26 (2026-09-21)): every ORIG/AP row of the committed SHA-verified openFDA payload; facts verbatim from the payload; application type and holder cross-checked against the full official Drugs@FDA database (Applications_all_types.txt, 29,336 applications); no ticker, indication or applicant lineage asserted."
PRE1965AUDIT-1942-01,1942,NDA004570,NDA,1942-02-05,UNKNOWN,,UNKNOWN,FALSE,NOT PUBLISHED (blank class),PHARMACIA AND UPJOHN,MATCH,HEPARIN SODIUM,"HEPARIN SODIUM 10,000 UNITS/ML",INJECTABLE; INJECTION,3,Discontinued,1939-02-09 on NDA000552,non-NME row: earlier appearances permitted by construction; see ingredient_first_appearance,none (not a Type 1/1-4 original approval),MATCH,https://www.accessdata.fda.gov/scripts/cder/daf/index.cfm?event=overview.process&varApplNo=004570,https://api.fda.gov/drug/drugsfda.json?search=application_number:%22NDA004570%22,Verified (live probe match),"Row of the complete 1939-1964 original-application audit (v26 (2026-09-21)): every ORIG/AP row of the committed SHA-verified openFDA payload; facts verbatim from the payload; application type and holder cross-checked against the full official Drugs@FDA database (Applications_all_types.txt, 29,336 applications); no ticker, indication or applicant lineage asserted."
PRE1965AUDIT-1942-02,1942,NDA004782,NDA,1942-05-08,TYPE 1,Type 1 - New Molecular Entity,STANDARD,TRUE,NME (Type 1),WYETH PHARMS,MATCH,PREMARIN,"ESTROGENS, CONJUGATED 2.5MG",TABLET; ORAL,6,Discontinued,first-in-payloads (1939-1964 universe),"first appearance in the 1939-1964 payload universe (Drugs@FDA coverage before 1965 is incomplete: re-approval screen, not proof of first marketing)",PRE1965-1942-02 (data/pre1965_fda_decisions.csv),MATCH,https://www.accessdata.fda.gov/scripts/cder/daf/index.cfm?event=overview.process&varApplNo=004782,https://api.fda.gov/drug/drugsfda.json?search=application_number:%22NDA004782%22,Verified (live probe match),"Row of the complete 1939-1964 original-application audit (v26 (2026-09-21)): every ORIG/AP row of the committed SHA-verified openFDA payload; facts verbatim from the payload; application type and holder cross-checked against the full official Drugs@FDA database (Applications_all_types.txt, 29,336 applications); no ticker, indication or applicant lineage asserted."
PRE1965AUDIT-1942-03,1942,NDA005010,NDA,1942-11-10,TYPE 1,Type 1 - New Molecular Entity,STANDARD,TRUE,NME (Type 1),QUAGEN,MATCH,DEMEROL,MEPERIDINE HYDROCHLORIDE 100MG **Federal Register determination that product was not discontinued or withdrawn for safety or effectiveness reasons**,TABLET; ORAL,7,Discontinued,first-in-payloads (1939-1964 universe),"first appearance in the 1939-1964 payload universe (Drugs@FDA coverage before 1965 is incomplete: re-approval screen, not proof of first marketing)",PRE1965-1942-03 (data/pre1965_fda_decisions.csv),MATCH,https://www.accessdata.fda.gov/scripts/cder/daf/index.cfm?event=overview.process&varApplNo=005010,https://api.fda.gov/drug/drugsfda.json?search=application_number:%22NDA005010%22,Verified (live probe match),"Row of the complete 1939-1964 original-application audit (v26 (2026-09-21)): every ORIG/AP row of the committed SHA-verified openFDA payload; facts verbatim from the payload; application type and holder cross-checked against the full official Drugs@FDA database (Applications_all_types.txt, 29,336 applications); no ticker, indication or applicant lineage asserted."
PRE1965AUDIT-1942-04,1942,NDA021171,NDA,1942-11-10,UNKNOWN,,UNKNOWN,FALSE,NOT PUBLISHED (blank class),HOSPIRA,MATCH,DEMEROL,MEPERIDINE HYDROCHLORIDE 75MG/ML,INJECTABLE; INJECTION,4,Prescription,1942-11-10 on NDA005010,non-NME row: earlier appearances permitted by construction; see ingredient_first_appearance,none (not a Type 1/1-4 original approval),MATCH,https://www.accessdata.fda.gov/scripts/cder/daf/index.cfm?event=overview.process&varApplNo=021171,https://api.fda.gov/drug/drugsfda.json?search=application_number:%22NDA021171%22,Verified (live probe match),"Row of the complete 1939-1964 original-application audit (v26 (2026-09-21)): every ORIG/AP row of the committed SHA-verified openFDA payload; facts verbatim from the payload; application type and holder cross-checked against the full official Drugs@FDA database (Applications_all_types.txt, 29,336 applications); no ticker, indication or applicant lineage asserted."
PRE1965AUDIT-1942-05,1942,NDA005151,NDA,1942-12-09,UNKNOWN,,UNKNOWN,FALSE,NOT PUBLISHED (blank class),NOVARTIS,MATCH,PERCORTEN,DESOXYCORTICOSTERONE ACETATE 125MG,PELLET; IMPLANTATION,1,Discontinued,1939-08-17 on NDA001104,non-NME row: earlier appearances permitted by construction; see ingredient_first_appearance,none (not a Type 1/1-4 original approval),MATCH,https://www.accessdata.fda.gov/scripts/cder/daf/index.cfm?event=overview.process&varApplNo=005151,https://api.fda.gov/drug/drugsfda.json?search=application_number:%22NDA005151%22,Verified (live probe match),"Row of the complete 1939-1964 original-application audit (v26 (2026-09-21)): every ORIG/AP row of the committed SHA-verified openFDA payload; facts verbatim from the payload; application type and holder cross-checked against the full official Drugs@FDA database (Applications_all_types.txt, 29,336 applications); no ticker, indication or applicant lineage asserted."
PRE1965AUDIT-1943-01,1943,NDA005213,NDA,1943-03-23,TYPE 1,Type 1 - New Molecular Entity,STANDARD,TRUE,NME (Type 1),GENUS,MATCH,HYCODAN,HOMATROPINE METHYLBROMIDE 1.5MG/5ML; HYDROCODONE BITARTRATE 5MG/5ML,SYRUP; ORAL,2,Prescription,first-in-payloads (1939-1964 universe),"first appearance in the 1939-1964 payload universe (Drugs@FDA coverage before 1965 is incomplete: re-approval screen, not proof of first marketing)",PRE1965-1943-01 (data/pre1965_fda_decisions.csv),MATCH,https://www.accessdata.fda.gov/scripts/cder/daf/index.cfm?event=overview.process&varApplNo=005213,https://api.fda.gov/drug/drugsfda.json?search=application_number:%22NDA005213%22,Verified (live probe match),"Row of the complete 1939-1964 original-application audit (v26 (2026-09-21)): every ORIG/AP row of the committed SHA-verified openFDA payload; facts verbatim from the payload; application type and holder cross-checked against the full official Drugs@FDA database (Applications_all_types.txt, 29,336 applications); no ticker, indication or applicant lineage asserted."
PRE1965AUDIT-1943-02,1943,NDA005264,NDA,1943-05-04,TYPE 5,Type 5 - New Formulation or New Manufacturer,STANDARD,FALSE,Type 5 - New Formulation or New Manufacturer,HOSPIRA,MATCH,HEPARIN LOCK FLUSH,HEPARIN SODIUM 100 UNITS/ML,INJECTABLE; INJECTION,8,Discontinued,1939-02-09 on NDA000552,non-NME row: earlier appearances permitted by construction; see ingredient_first_appearance,none (not a Type 1/1-4 original approval),MATCH,https://www.accessdata.fda.gov/scripts/cder/daf/index.cfm?event=overview.process&varApplNo=005264,https://api.fda.gov/drug/drugsfda.json?search=application_number:%22NDA005264%22,Verified (live probe match),"Row of the complete 1939-1964 original-application audit (v26 (2026-09-21)): every ORIG/AP row of the committed SHA-verified openFDA payload; facts verbatim from the payload; application type and holder cross-checked against the full official Drugs@FDA database (Applications_all_types.txt, 29,336 applications); no ticker, indication or applicant lineage asserted."
PRE1965AUDIT-1943-03,1943,NDA005292,NDA,1943-06-25,,,,FALSE,NOT PUBLISHED (blank class),SCHERING,MATCH,ESTINYL,ETHINYL ESTRADIOL 0.5MG,TABLET; ORAL,3,Discontinued,first-in-payloads (1939-1964 universe),non-NME row: earlier appearances permitted by construction; see ingredient_first_appearance,none (not a Type 1/1-4 original approval),MATCH,https://www.accessdata.fda.gov/scripts/cder/daf/index.cfm?event=overview.process&varApplNo=005292,https://api.fda.gov/drug/drugsfda.json?search=application_number:%22NDA005292%22,Verified (live probe match),"Row of the complete 1939-1964 original-application audit (v26 (2026-09-21)): every ORIG/AP row of the committed SHA-verified openFDA payload; facts verbatim from the payload; application type and holder cross-checked against the full official Drugs@FDA database (Applications_all_types.txt, 29,336 applications); no ticker, indication or applicant lineage asserted."
PRE1965AUDIT-1943-04,1943,NDA005378,NDA,1943-12-31,UNKNOWN,,UNKNOWN,FALSE,NOT PUBLISHED (blank class),AJENAT PHARMS,MATCH,DESOXYN,METHAMPHETAMINE HYDROCHLORIDE 15MG,"TABLET, EXTENDED RELEASE; ORAL",4,Discontinued,first-in-payloads (1939-1964 universe),non-NME row: earlier appearances permitted by construction; see ingredient_first_appearance,none (not a Type 1/1-4 original approval),MATCH,https://www.accessdata.fda.gov/scripts/cder/daf/index.cfm?event=overview.process&varApplNo=005378,https://api.fda.gov/drug/drugsfda.json?search=application_number:%22NDA005378%22,Verified (live probe match),"Row of the complete 1939-1964 original-application audit (v26 (2026-09-21)): every ORIG/AP row of the committed SHA-verified openFDA payload; facts verbatim from the payload; application type and holder cross-checked against the full official Drugs@FDA database (Applications_all_types.txt, 29,336 applications); no ticker, indication or applicant lineage asserted."
PRE1965AUDIT-1944-01,1944,NDA005490,NDA,1944-04-13,UNKNOWN,,UNKNOWN,FALSE,NOT PUBLISHED (blank class),ORGANON USA INC,MATCH,LYNORAL,ETHINYL ESTRADIOL 0.05MG,TABLET; ORAL,2,Discontinued,1943-06-25 on NDA005292,non-NME row: earlier appearances permitted by construction; see ingredient_first_appearance,none (not a Type 1/1-4 original approval),MATCH,https://www.accessdata.fda.gov/scripts/cder/daf/index.cfm?event=overview.process&varApplNo=005490,https://api.fda.gov/drug/drugsfda.json?search=application_number:%22NDA005490%22,Verified (live probe match),"Row of the complete 1939-1964 original-application audit (v26 (2026-09-21)): every ORIG/AP row of the committed SHA-verified openFDA payload; facts verbatim from the payload; application type and holder cross-checked against the full official Drugs@FDA database (Applications_all_types.txt, 29,336 applications); no ticker, indication or applicant lineage asserted."
PRE1965AUDIT-1944-02,1944,NDA005521,NDA,1944-05-19,,,,FALSE,NOT PUBLISHED (blank class),LILLY,MATCH,HEPARIN SODIUM,"HEPARIN SODIUM 1,000 UNITS/ML",INJECTABLE; INJECTION,3,Discontinued,1939-02-09 on NDA000552,non-NME row: earlier appearances permitted by construction; see ingredient_first_appearance,none (not a Type 1/1-4 original approval),MATCH,https://www.accessdata.fda.gov/scripts/cder/daf/index.cfm?event=overview.process&varApplNo=005521,https://api.fda.gov/drug/drugsfda.json?search=application_number:%22NDA005521%22,Verified (live probe match),"Row of the complete 1939-1964 original-application audit (v26 (2026-09-21)): every ORIG/AP row of the committed SHA-verified openFDA payload; facts verbatim from the payload; application type and holder cross-checked against the full official Drugs@FDA database (Applications_all_types.txt, 29,336 applications); no ticker, indication or applicant lineage asserted."
PRE1965AUDIT-1944-03,1944,NDA005545,NDA,1944-07-31,,,,FALSE,NOT PUBLISHED (blank class),ABBVIE,MATCH,DICUMAROL,DICUMAROL 50MG,TABLET; ORAL,3,Discontinued,first-in-payloads (1939-1964 universe),non-NME row: earlier appearances permitted by construction; see ingredient_first_appearance,none (not a Type 1/1-4 original approval),MATCH,https://www.accessdata.fda.gov/scripts/cder/daf/index.cfm?event=overview.process&varApplNo=005545,https://api.fda.gov/drug/drugsfda.json?search=application_number:%22NDA005545%22,Verified (live probe match),"Row of the complete 1939-1964 original-application audit (v26 (2026-09-21)): every ORIG/AP row of the committed SHA-verified openFDA payload; facts verbatim from the payload; application type and holder cross-checked against the full official Drugs@FDA database (Applications_all_types.txt, 29,336 applications); no ticker, indication or applicant lineage asserted."
PRE1965AUDIT-1944-04,1944,NDA005619,NDA,1944-12-30,UNKNOWN,,UNKNOWN,FALSE,NOT PUBLISHED (blank class),MERCK,MATCH,AMINOHIPPURATE SODIUM,AMINOHIPPURATE SODIUM 20%,INJECTABLE; INJECTION,1,Discontinued,first-in-payloads (1939-1964 universe),non-NME row: earlier appearances permitted by construction; see ingredient_first_appearance,none (not a Type 1/1-4 original approval),MATCH,https://www.accessdata.fda.gov/scripts/cder/daf/index.cfm?event=overview.process&varApplNo=005619,https://api.fda.gov/drug/drugsfda.json?search=application_number:%22NDA005619%22,Verified (live probe match),"Row of the complete 1939-1964 original-application audit (v26 (2026-09-21)): every ORIG/AP row of the committed SHA-verified openFDA payload; facts verbatim from the payload; application type and holder cross-checked against the full official Drugs@FDA database (Applications_all_types.txt, 29,336 applications); no ticker, indication or applicant lineage asserted."
PRE1965AUDIT-1945-01,1945,NDA005657,NDA,1945-02-20,TYPE 1,Type 1 - New Molecular Entity,PRIORITY,TRUE,NME (Type 1),BRISTOL MYERS SQUIBB,MATCH,TUBOCURARINE CHLORIDE,TUBOCURARINE CHLORIDE 3MG/ML,INJECTABLE; INJECTION,1,Discontinued,first-in-payloads (1939-1964 universe),"first appearance in the 1939-1964 payload universe (Drugs@FDA coverage before 1965 is incomplete: re-approval screen, not proof of first marketing)",PRE1965-1945-01 (data/pre1965_fda_decisions.csv),MATCH,https://www.accessdata.fda.gov/scripts/cder/daf/index.cfm?event=overview.process&varApplNo=005657,https://api.fda.gov/drug/drugsfda.json?search=application_number:%22NDA005657%22,Verified (live probe match),"Row of the complete 1939-1964 original-application audit (v26 (2026-09-21)): every ORIG/AP row of the committed SHA-verified openFDA payload; facts verbatim from the payload; application type and holder cross-checked against the full official Drugs@FDA database (Applications_all_types.txt, 29,336 applications); no ticker, indication or applicant lineage asserted."
PRE1965AUDIT-1945-02,1945,NDA005794,NDA,1945-09-12,,,,FALSE,NOT PUBLISHED (blank class),ORTHO MCNEIL PHARM,MATCH,SULTRIN,TRIPLE SULFA (SULFABENZAMIDE 3.7%; SULFACETAMIDE 2.86%; SULFATHIAZOLE) 3.42%,CREAM; VAGINAL,2,Discontinued,first-in-payloads (1939-1964 universe),non-NME row: earlier appearances permitted by construction; see ingredient_first_appearance,none (not a Type 1/1-4 original approval),MATCH,https://www.accessdata.fda.gov/scripts/cder/daf/index.cfm?event=overview.process&varApplNo=005794,https://api.fda.gov/drug/drugsfda.json?search=application_number:%22NDA005794%22,Verified (live probe match),"Row of the complete 1939-1964 original-application audit (v26 (2026-09-21)): every ORIG/AP row of the committed SHA-verified openFDA payload; facts verbatim from the payload; application type and holder cross-checked against the full official Drugs@FDA database (Applications_all_types.txt, 29,336 applications); no ticker, indication or applicant lineage asserted."
PRE1965AUDIT-1945-03,1945,NDA005795,NDA,1945-10-04,TYPE 3,Type 3 - New Dosage Form,STANDARD,FALSE,Type 3 - New Dosage Form,SHIRE,MATCH,FURACIN,NITROFURAZONE 0.2%,OINTMENT; TOPICAL,1,Discontinued,first-in-payloads (1939-1964 universe),non-NME row: earlier appearances permitted by construction; see ingredient_first_appearance,none (not a Type 1/1-4 original approval),MATCH,https://www.accessdata.fda.gov/scripts/cder/daf/index.cfm?event=overview.process&varApplNo=005795,https://api.fda.gov/drug/drugsfda.json?search=application_number:%22NDA005795%22,Verified (live probe match),"Row of the complete 1939-1964 original-application audit (v26 (2026-09-21)): every ORIG/AP row of the committed SHA-verified openFDA payload; facts verbatim from the payload; application type and holder cross-checked against the full official Drugs@FDA database (Applications_all_types.txt, 29,336 applications); no ticker, indication or applicant lineage asserted."
PRE1965AUDIT-1946-01,1946,NDA004589,NDA,1946-01-17,,,,FALSE,NOT PUBLISHED (blank class),B BRAUN,MATCH,ALCOHOL 5% AND DEXTROSE 5%,ALCOHOL 5ML/100ML; DEXTROSE 5GM/100ML,INJECTABLE; INJECTION,1,Discontinued,first-in-payloads (1939-1964 universe),non-NME row: earlier appearances permitted by construction; see ingredient_first_appearance,none (not a Type 1/1-4 original approval),MATCH,https://www.accessdata.fda.gov/scripts/cder/daf/index.cfm?event=overview.process&varApplNo=004589,https://api.fda.gov/drug/drugsfda.json?search=application_number:%22NDA004589%22,Verified (live probe match),"Row of the complete 1939-1964 original-application audit (v26 (2026-09-21)): every ORIG/AP row of the committed SHA-verified openFDA payload; facts verbatim from the payload; application type and holder cross-checked against the full official Drugs@FDA database (Applications_all_types.txt, 29,336 applications); no ticker, indication or applicant lineage asserted."
PRE1965AUDIT-1946-02,1946,NDA005856,NDA,1946-01-25,UNKNOWN,,UNKNOWN,FALSE,NOT PUBLISHED (blank class),ABBVIE,MATCH,TRIDIONE,TRIMETHADIONE 300MG,CAPSULE; ORAL,3,Discontinued,first-in-payloads (1939-1964 universe),non-NME row: earlier appearances permitted by construction; see ingredient_first_appearance,none (not a Type 1/1-4 original approval),MATCH,https://www.accessdata.fda.gov/scripts/cder/daf/index.cfm?event=overview.process&varApplNo=005856,https://api.fda.gov/drug/drugsfda.json?search=application_number:%22NDA005856%22,Verified (live probe match),"Row of the complete 1939-1964 original-application audit (v26 (2026-09-21)): every ORIG/AP row of the committed SHA-verified openFDA payload; facts verbatim from the payload; application type and holder cross-checked against the full official Drugs@FDA database (Applications_all_types.txt, 29,336 applications); no ticker, indication or applicant lineage asserted."
PRE1965AUDIT-1946-03,1946,NDA005845,NDA,1946-03-04,TYPE 1,Type 1 - New Molecular Entity,STANDARD,TRUE,NME (Type 1),MCNEIL CONS,MATCH,BENADRYL,DIPHENHYDRAMINE HYDROCHLORIDE 25MG,CAPSULE; ORAL,3,Discontinued,first-in-payloads (1939-1964 universe),"first appearance in the 1939-1964 payload universe (Drugs@FDA coverage before 1965 is incomplete: re-approval screen, not proof of first marketing)",PRE1965-1946-03 (data/pre1965_fda_decisions.csv),MATCH,https://www.accessdata.fda.gov/scripts/cder/daf/index.cfm?event=overview.process&varApplNo=005845,https://api.fda.gov/drug/drugsfda.json?search=application_number:%22NDA005845%22,Verified (live probe match),"Row of the complete 1939-1964 original-application audit (v26 (2026-09-21)): every ORIG/AP row of the committed SHA-verified openFDA payload; facts verbatim from the payload; application type and holder cross-checked against the full official Drugs@FDA database (Applications_all_types.txt, 29,336 applications); no ticker, indication or applicant lineage asserted."
PRE1965AUDIT-1946-04,1946,NDA005929,NDA,1946-04-12,UNKNOWN,,UNKNOWN,FALSE,NOT PUBLISHED (blank class),BAUSCH,MATCH,D.H.E. 45,DIHYDROERGOTAMINE MESYLATE 1MG/ML **Federal Register determination that product was not discontinued or withdrawn for safety or effectiveness reasons**,INJECTABLE; INJECTION,1,Discontinued,first-in-payloads (1939-1964 universe),non-NME row: earlier appearances permitted by construction; see ingredient_first_appearance,none (not a Type 1/1-4 original approval),MATCH,https://www.accessdata.fda.gov/scripts/cder/daf/index.cfm?event=overview.process&varApplNo=005929,https://api.fda.gov/drug/drugsfda.json?search=application_number:%22NDA005929%22,Verified (live probe match),"Row of the complete 1939-1964 original-application audit (v26 (2026-09-21)): every ORIG/AP row of the committed SHA-verified openFDA payload; facts verbatim from the payload; application type and holder cross-checked against the full official Drugs@FDA database (Applications_all_types.txt, 29,336 applications); no ticker, indication or applicant lineage asserted."
PRE1965AUDIT-1946-05,1946,NDA005939,NDA,1946-05-06,UNKNOWN,,UNKNOWN,FALSE,NOT PUBLISHED (blank class),PROVEPHARM SAS,MATCH,BAL,DIMERCAPROL 10%,INJECTABLE; INJECTION,1,Prescription,first-in-payloads (1939-1964 universe),non-NME row: earlier appearances permitted by construction; see ingredient_first_appearance,none (not a Type 1/1-4 original approval),MATCH,https://www.accessdata.fda.gov/scripts/cder/daf/index.cfm?event=overview.process&varApplNo=005939,https://api.fda.gov/drug/drugsfda.json?search=application_number:%22NDA005939%22,Verified (live probe match),"Row of the complete 1939-1964 original-application audit (v26 (2026-09-21)): every ORIG/AP row of the committed SHA-verified openFDA payload; facts verbatim from the payload; application type and holder cross-checked against the full official Drugs@FDA database (Applications_all_types.txt, 29,336 applications); no ticker, indication or applicant lineage asserted."
PRE1965AUDIT-1946-06,1946,NDA005963,NDA,1946-07-21,UNKNOWN,,UNKNOWN,FALSE,NOT PUBLISHED (blank class),SCHERING,MATCH,SODIUM SULAMYD,SULFACETAMIDE SODIUM 30% **Federal Register determination that product was not discontinued or withdrawn for safety or effectiveness reasons**,SOLUTION/DROPS; OPHTHALMIC,3,Discontinued,first-in-payloads (1939-1964 universe),non-NME row: earlier appearances permitted by construction; see ingredient_first_appearance,none (not a Type 1/1-4 original approval),MATCH,https://www.accessdata.fda.gov/scripts/cder/daf/index.cfm?event=overview.process&varApplNo=005963,https://api.fda.gov/drug/drugsfda.json?search=application_number:%22NDA005963%22,Verified (live probe match),"Row of the complete 1939-1964 original-application audit (v26 (2026-09-21)): every ORIG/AP row of the committed SHA-verified openFDA payload; facts verbatim from the payload; application type and holder cross-checked against the full official Drugs@FDA database (Applications_all_types.txt, 29,336 applications); no ticker, indication or applicant lineage asserted."
PRE1965AUDIT-1946-07,1946,NDA005970,NDA,1946-08-13,TYPE 1,Type 1 - New Molecular Entity,PRIORITY,TRUE,NME (Type 1),ELKINS SINN,MATCH,SOTRADECOL,SODIUM TETRADECYL SULFATE 3% **Federal Register determination that product was not discontinued or withdrawn for safety or effectiveness reasons**,INJECTABLE; INJECTION,2,Discontinued,first-in-payloads (1939-1964 universe),"first appearance in the 1939-1964 payload universe (Drugs@FDA coverage before 1965 is incomplete: re-approval screen, not proof of first marketing)",PRE1965-1946-07 (data/pre1965_fda_decisions.csv),MATCH,https://www.accessdata.fda.gov/scripts/cder/daf/index.cfm?event=overview.process&varApplNo=005970,https://api.fda.gov/drug/drugsfda.json?search=application_number:%22NDA005970%22,Verified (live probe match),"Row of the complete 1939-1964 original-application audit (v26 (2026-09-21)): every ORIG/AP row of the committed SHA-verified openFDA payload; facts verbatim from the payload; application type and holder cross-checked against the full official Drugs@FDA database (Applications_all_types.txt, 29,336 applications); no ticker, indication or applicant lineage asserted."
PRE1965AUDIT-1946-08,1946,NDA006012,NDA,1946-08-13,,,,FALSE,NOT PUBLISHED (blank class),LEDERLE,MATCH,FOLVRON,FERROUS SULFATE 182MG; FOLIC ACID 0.33MG,CAPSULE; ORAL,1,Discontinued,first-in-payloads (1939-1964 universe),non-NME row: earlier appearances permitted by construction; see ingredient_first_appearance,none (not a Type 1/1-4 original approval),MATCH,https://www.accessdata.fda.gov/scripts/cder/daf/index.cfm?event=overview.process&varApplNo=006012,https://api.fda.gov/drug/drugsfda.json?search=application_number:%22NDA006012%22,Verified (live probe match),"Row of the complete 1939-1964 original-application audit (v26 (2026-09-21)): every ORIG/AP row of the committed SHA-verified openFDA payload; facts verbatim from the payload; application type and holder cross-checked against the full official Drugs@FDA database (Applications_all_types.txt, 29,336 applications); no ticker, indication or applicant lineage asserted."
PRE1965AUDIT-1946-09,1946,NDA006008,NDA,1946-10-23,,,,FALSE,NOT PUBLISHED (blank class),NOVARTIS,MATCH,MESANTOIN,MEPHENYTOIN 100MG **Federal Register determination that product was not discontinued or withdrawn for safety or effectiveness reasons**,TABLET; ORAL,1,Discontinued,first-in-payloads (1939-1964 universe),non-NME row: earlier appearances permitted by construction; see ingredient_first_appearance,none (not a Type 1/1-4 original approval),MATCH,https://www.accessdata.fda.gov/scripts/cder/daf/index.cfm?event=overview.process&varApplNo=006008,https://api.fda.gov/drug/drugsfda.json?search=application_number:%22NDA006008%22,Verified (live probe match),"Row of the complete 1939-1964 original-application audit (v26 (2026-09-21)): every ORIG/AP row of the committed SHA-verified openFDA payload; facts verbatim from the payload; application type and holder cross-checked against the full official Drugs@FDA database (Applications_all_types.txt, 29,336 applications); no ticker, indication or applicant lineage asserted."
PRE1965AUDIT-1946-10,1946,NDA006035,NDA,1946-11-19,UNKNOWN,,UNKNOWN,FALSE,NOT PUBLISHED (blank class),EDISON THERAPS LLC,MATCH,METHERGINE,METHYLERGONOVINE MALEATE 0.2MG/ML,INJECTABLE; INJECTION,2,Discontinued,first-in-payloads (1939-1964 universe),non-NME row: earlier appearances permitted by construction; see ingredient_first_appearance,none (not a Type 1/1-4 original approval),MATCH,https://www.accessdata.fda.gov/scripts/cder/daf/index.cfm?event=overview.process&varApplNo=006035,https://api.fda.gov/drug/drugsfda.json?search=application_number:%22NDA006035%22,Verified (live probe match),"Row of the complete 1939-1964 original-application audit (v26 (2026-09-21)): every ORIG/AP row of the committed SHA-verified openFDA payload; facts verbatim from the payload; application type and holder cross-checked against the full official Drugs@FDA database (Applications_all_types.txt, 29,336 applications); no ticker, indication or applicant lineage asserted."
PRE1965AUDIT-1947-01,1947,NDA006110,NDA,1947-01-09,,,,FALSE,NOT PUBLISHED (blank class),ORTHO MCNEIL PHARM,MATCH,DIENESTROL,DIENESTROL 0.01%,CREAM; VAGINAL,1,Discontinued,first-in-payloads (1939-1964 universe),non-NME row: earlier appearances permitted by construction; see ingredient_first_appearance,none (not a Type 1/1-4 original approval),MATCH,https://www.accessdata.fda.gov/scripts/cder/daf/index.cfm?event=overview.process&varApplNo=006110,https://api.fda.gov/drug/drugsfda.json?search=application_number:%22NDA006110%22,Verified (live probe match),"Row of the complete 1939-1964 original-application audit (v26 (2026-09-21)): every ORIG/AP row of the committed SHA-verified openFDA payload; facts verbatim from the payload; application type and holder cross-checked against the full official Drugs@FDA database (Applications_all_types.txt, 29,336 applications); no ticker, indication or applicant lineage asserted."
PRE1965AUDIT-1947-02,1947,NDA006095,NDA,1947-01-30,TYPE 5,Type 5 - New Formulation or New Manufacturer,STANDARD,FALSE,Type 5 - New Formulation or New Manufacturer,HOSPIRA,MATCH,TUBOCURARINE CHLORIDE,TUBOCURARINE CHLORIDE 3MG/ML,INJECTABLE; INJECTION,1,Discontinued,1945-02-20 on NDA005657,non-NME row: earlier appearances permitted by construction; see ingredient_first_appearance,none (not a Type 1/1-4 original approval),MATCH,https://www.accessdata.fda.gov/scripts/cder/daf/index.cfm?event=overview.process&varApplNo=006095,https://api.fda.gov/drug/drugsfda.json?search=application_number:%22NDA006095%22,Verified (live probe match),"Row of the complete 1939-1964 original-application audit (v26 (2026-09-21)): every ORIG/AP row of the committed SHA-verified openFDA payload; facts verbatim from the payload; application type and holder cross-checked against the full official Drugs@FDA database (Applications_all_types.txt, 29,336 applications); no ticker, indication or applicant lineage asserted."
PRE1965AUDIT-1947-03,1947,NDA006146,NDA,1947-03-06,TYPE 3,Type 3 - New Dosage Form,STANDARD,FALSE,Type 3 - New Dosage Form,MCNEIL CONS,MATCH,BENADRYL,DIPHENHYDRAMINE HYDROCHLORIDE 10MG/ML,INJECTABLE; INJECTION,2,Discontinued,1946-03-04 on NDA005845,non-NME row: earlier appearances permitted by construction; see ingredient_first_appearance,none (not a Type 1/1-4 original approval),MATCH,https://www.accessdata.fda.gov/scripts/cder/daf/index.cfm?event=overview.process&varApplNo=006146,https://api.fda.gov/drug/drugsfda.json?search=application_number:%22NDA006146%22,Verified (live probe match),"Row of the complete 1939-1964 original-application audit (v26 (2026-09-21)): every ORIG/AP row of the committed SHA-verified openFDA payload; facts verbatim from the payload; application type and holder cross-checked against the full official Drugs@FDA database (Applications_all_types.txt, 29,336 applications); no ticker, indication or applicant lineage asserted."
PRE1965AUDIT-1947-04,1947,NDA006170,NDA,1947-04-23,TYPE 5,Type 5 - New Formulation or New Manufacturer,STANDARD,FALSE,Type 5 - New Formulation or New Manufacturer,B BRAUN,MATCH,HYPROTIGEN 5%,PROTEIN HYDROLYSATE 5%,INJECTABLE; INJECTION,1,Discontinued,first-in-payloads (1939-1964 universe),non-NME row: earlier appearances permitted by construction; see ingredient_first_appearance,none (not a Type 1/1-4 original approval),MATCH,https://www.accessdata.fda.gov/scripts/cder/daf/index.cfm?event=overview.process&varApplNo=006170,https://api.fda.gov/drug/drugsfda.json?search=application_number:%22NDA006170%22,Verified (live probe match),"Row of the complete 1939-1964 original-application audit (v26 (2026-09-21)): every ORIG/AP row of the committed SHA-verified openFDA payload; facts verbatim from the payload; application type and holder cross-checked against the full official Drugs@FDA database (Applications_all_types.txt, 29,336 applications); no ticker, indication or applicant lineage asserted."
PRE1965AUDIT-1947-05,1947,NDA006135,NDA,1947-06-02,UNKNOWN,,UNKNOWN,FALSE,NOT PUBLISHED (blank class),LILLY,MATCH,FOLIC ACID,FOLIC ACID 1MG **Federal Register determination that product was not discontinued or withdrawn for safety or effectiveness reasons**,TABLET; ORAL,1,Discontinued,1946-08-13 on NDA006012,non-NME row: earlier appearances permitted by construction; see ingredient_first_appearance,none (not a Type 1/1-4 original approval),MATCH,https://www.accessdata.fda.gov/scripts/cder/daf/index.cfm?event=overview.process&varApplNo=006135,https://api.fda.gov/drug/drugsfda.json?search=application_number:%22NDA006135%22,Verified (live probe match),"Row of the complete 1939-1964 original-application audit (v26 (2026-09-21)): every ORIG/AP row of the committed SHA-verified openFDA payload; facts verbatim from the payload; application type and holder cross-checked against the full official Drugs@FDA database (Applications_all_types.txt, 29,336 applications); no ticker, indication or applicant lineage asserted."
PRE1965AUDIT-1947-06,1947,NDA005897,NDA,1947-06-05,UNKNOWN,,UNKNOWN,FALSE,NOT PUBLISHED (blank class),WYETH PHARMS INC,MATCH,FOLVITE,FOLIC ACID 5MG/ML **Federal Register determination that product was not discontinued or withdrawn for safety or effectiveness reasons**,INJECTABLE; INJECTION,2,Discontinued,1946-08-13 on NDA006012,non-NME row: earlier appearances permitted by construction; see ingredient_first_appearance,none (not a Type 1/1-4 original approval),MATCH,https://www.accessdata.fda.gov/scripts/cder/daf/index.cfm?event=overview.process&varApplNo=005897,https://api.fda.gov/drug/drugsfda.json?search=application_number:%22NDA005897%22,Verified (live probe match),"Row of the complete 1939-1964 original-application audit (v26 (2026-09-21)): every ORIG/AP row of the committed SHA-verified openFDA payload; facts verbatim from the payload; application type and holder cross-checked against the full official Drugs@FDA database (Applications_all_types.txt, 29,336 applications); no ticker, indication or applicant lineage asserted."
PRE1965AUDIT-1947-07,1947,NDA006071,NDA,1947-07-28,UNKNOWN,,UNKNOWN,FALSE,NOT PUBLISHED (blank class),ROCHE,MATCH,BEROCCA PN,"ASCORBIC ACID 50MG/ML; BIOTIN 0.03MG/ML; CYANOCOBALAMIN 0.0025MG/ML; DEXPANTHENOL 7.5MG/ML; ERGOCALCIFEROL 100 IU/ML; FOLIC ACID 0.2MG/ML; NIACINAMIDE 20MG/ML; PYRIDOXINE HYDROCHLORIDE 2MG/ML; RIBOFLAVIN 5'-PHOSPHATE SODIUM 1.8MG/ML; THIAMINE HYDROCHLORIDE 1.5MG/ML; VITAMIN A PALMITATE 1,650 IU/ML; VITAMIN E 5 IU/ML",INJECTABLE; INJECTION,1,Discontinued,1941-01-11 on NDA003444,non-NME row: earlier appearances permitted by construction; see ingredient_first_appearance,none (not a Type 1/1-4 original approval),MATCH,https://www.accessdata.fda.gov/scripts/cder/daf/index.cfm?event=overview.process&varApplNo=006071,https://api.fda.gov/drug/drugsfda.json?search=application_number:%22NDA006071%22,Verified (live probe match),"Row of the complete 1939-1964 original-application audit (v26 (2026-09-21)): every ORIG/AP row of the committed SHA-verified openFDA payload; facts verbatim from the payload; application type and holder cross-checked against the full official Drugs@FDA database (Applications_all_types.txt, 29,336 applications); no ticker, indication or applicant lineage asserted."
PRE1965AUDIT-1947-08,1947,NDA006188,NDA,1947-07-28,UNKNOWN,,UNKNOWN,FALSE,NOT PUBLISHED (blank class),PH HEALTH,MATCH,PROPYLTHIOURACIL,PROPYLTHIOURACIL 50MG,TABLET; ORAL,1,Prescription,first-in-payloads (1939-1964 universe),non-NME row: earlier appearances permitted by construction; see ingredient_first_appearance,none (not a Type 1/1-4 original approval),MATCH,https://www.accessdata.fda.gov/scripts/cder/daf/index.cfm?event=overview.process&varApplNo=006188,https://api.fda.gov/drug/drugsfda.json?search=application_number:%22NDA006188%22,Verified (live probe match),"Row of the complete 1939-1964 original-application audit (v26 (2026-09-21)): every ORIG/AP row of the committed SHA-verified openFDA payload; facts verbatim from the payload; application type and holder cross-checked against the full official Drugs@FDA database (Applications_all_types.txt, 29,336 applications); no ticker, indication or applicant lineage asserted."
PRE1965AUDIT-1947-09,1947,NDA006213,NDA,1947-07-29,UNKNOWN,,UNKNOWN,FALSE,NOT PUBLISHED (blank class),LILLY,MATCH,PROPYLTHIOURACIL,PROPYLTHIOURACIL 50MG,TABLET; ORAL,1,Discontinued,1947-07-28 on NDA006188,non-NME row: earlier appearances permitted by construction; see ingredient_first_appearance,none (not a Type 1/1-4 original approval),MATCH,https://www.accessdata.fda.gov/scripts/cder/daf/index.cfm?event=overview.process&varApplNo=006213,https://api.fda.gov/drug/drugsfda.json?search=application_number:%22NDA006213%22,Verified (live probe match),"Row of the complete 1939-1964 original-application audit (v26 (2026-09-21)): every ORIG/AP row of the committed SHA-verified openFDA payload; facts verbatim from the payload; application type and holder cross-checked against the full official Drugs@FDA database (Applications_all_types.txt, 29,336 applications); no ticker, indication or applicant lineage asserted."
PRE1965AUDIT-1947-10,1947,NDA006134,NDA,1947-08-13,UNKNOWN,,UNKNOWN,FALSE,NOT PUBLISHED (blank class),HIKMA,MATCH,DOLOPHINE HYDROCHLORIDE,METHADONE HYDROCHLORIDE 10MG/30ML,SYRUP; ORAL,3,Discontinued,first-in-payloads (1939-1964 universe),non-NME row: earlier appearances permitted by construction; see ingredient_first_appearance,none (not a Type 1/1-4 original approval),MATCH,https://www.accessdata.fda.gov/scripts/cder/daf/index.cfm?event=overview.process&varApplNo=006134,https://api.fda.gov/drug/drugsfda.json?search=application_number:%22NDA006134%22,Verified (live probe match),"Row of the complete 1939-1964 original-application audit (v26 (2026-09-21)): every ORIG/AP row of the committed SHA-verified openFDA payload; facts verbatim from the payload; application type and holder cross-checked against the full official Drugs@FDA database (Applications_all_types.txt, 29,336 applications); no ticker, indication or applicant lineage asserted."
PRE1965AUDIT-1947-11,1947,NDA021624,NDA,1947-08-13,UNKNOWN,,UNKNOWN,FALSE,NOT PUBLISHED (blank class),MYLAN INSTITUTIONAL,MATCH,METHADONE HYDROCHLORIDE,METHADONE HYDROCHLORIDE 10MG/ML,INJECTABLE; INJECTION,1,Prescription,1947-08-13 on NDA006134,non-NME row: earlier appearances permitted by construction; see ingredient_first_appearance,none (not a Type 1/1-4 original approval),MATCH,https://www.accessdata.fda.gov/scripts/cder/daf/index.cfm?event=overview.process&varApplNo=021624,https://api.fda.gov/drug/drugsfda.json?search=application_number:%22NDA021624%22,Verified (live probe match),"Row of the complete 1939-1964 original-application audit (v26 (2026-09-21)): every ORIG/AP row of the committed SHA-verified openFDA payload; facts verbatim from the payload; application type and holder cross-checked against the full official Drugs@FDA database (Applications_all_types.txt, 29,336 applications); no ticker, indication or applicant lineage asserted."
PRE1965AUDIT-1947-12,1947,NDA006333,NDA,1947-10-17,UNKNOWN,,UNKNOWN,FALSE,NOT PUBLISHED (blank class),CENT PHARMS,MATCH,SYNOPHYLATE,THEOPHYLLINE SODIUM GLYCINATE EQ 165MG BASE/15ML,ELIXIR; ORAL,1,Discontinued,first-in-payloads (1939-1964 universe),non-NME row: earlier appearances permitted by construction; see ingredient_first_appearance,none (not a Type 1/1-4 original approval),MATCH,https://www.accessdata.fda.gov/scripts/cder/daf/index.cfm?event=overview.process&varApplNo=006333,https://api.fda.gov/drug/drugsfda.json?search=application_number:%22NDA006333%22,Verified (live probe match),"Row of the complete 1939-1964 original-application audit (v26 (2026-09-21)): every ORIG/AP row of the committed SHA-verified openFDA payload; facts verbatim from the payload; application type and holder cross-checked against the full official Drugs@FDA database (Applications_all_types.txt, 29,336 applications); no ticker, indication or applicant lineage asserted."
PRE1965AUDIT-1947-13,1947,NDA006325,NDA,1947-11-28,TYPE 5,Type 5 - New Formulation or New Manufacturer,STANDARD,FALSE,Type 5 - New Formulation or New Manufacturer,LILLY,MATCH,TUBOCURARINE CHLORIDE,TUBOCURARINE CHLORIDE 3MG/ML,INJECTABLE; INJECTION,1,Discontinued,1945-02-20 on NDA005657,non-NME row: earlier appearances permitted by construction; see ingredient_first_appearance,none (not a Type 1/1-4 original approval),MATCH,https://www.accessdata.fda.gov/scripts/cder/daf/index.cfm?event=overview.process&varApplNo=006325,https://api.fda.gov/drug/drugsfda.json?search=application_number:%22NDA006325%22,Verified (live probe match),"Row of the complete 1939-1964 original-application audit (v26 (2026-09-21)): every ORIG/AP row of the committed SHA-verified openFDA payload; facts verbatim from the payload; application type and holder cross-checked against the full official Drugs@FDA database (Applications_all_types.txt, 29,336 applications); no ticker, indication or applicant lineage asserted."
PRE1965AUDIT-1947-14,1947,NDA006383,NDA,1947-12-15,UNKNOWN,,UNKNOWN,FALSE,NOT PUBLISHED (blank class),MALLINCKRODT INC,MATCH,METHADONE HYDROCHLORIDE,METHADONE HYDROCHLORIDE 100GM/BOT,POWDER; FOR RX COMPOUNDING,3,Discontinued,1947-08-13 on NDA006134,non-NME row: earlier appearances permitted by construction; see ingredient_first_appearance,none (not a Type 1/1-4 original approval),MATCH,https://www.accessdata.fda.gov/scripts/cder/daf/index.cfm?event=overview.process&varApplNo=006383,https://api.fda.gov/drug/drugsfda.json?search=application_number:%22NDA006383%22,Verified (live probe match),"Row of the complete 1939-1964 original-application audit (v26 (2026-09-21)): every ORIG/AP row of the committed SHA-verified openFDA payload; facts verbatim from the payload; application type and holder cross-checked against the full official Drugs@FDA database (Applications_all_types.txt, 29,336 applications); no ticker, indication or applicant lineage asserted."
PRE1965AUDIT-1948-01,1948,NDA005914,NDA,1948-02-19,TYPE 1,Type 1 - New Molecular Entity,STANDARD,TRUE,NME (Type 1),NOVARTIS,MATCH,PBZ,TRIPELENNAMINE CITRATE EQ 25MG HYDROCHLORIDE/5ML,ELIXIR; ORAL,2,Discontinued,first-in-payloads (1939-1964 universe),"first appearance in the 1939-1964 payload universe (Drugs@FDA coverage before 1965 is incomplete: re-approval screen, not proof of first marketing)",PRE1965-1948-01 (data/pre1965_fda_decisions.csv),MATCH,https://www.accessdata.fda.gov/scripts/cder/daf/index.cfm?event=overview.process&varApplNo=005914,https://api.fda.gov/drug/drugsfda.json?search=application_number:%22NDA005914%22,Verified (live probe match),"Row of the complete 1939-1964 original-application audit (v26 (2026-09-21)): every ORIG/AP row of the committed SHA-verified openFDA payload; facts verbatim from the payload; application type and holder cross-checked against the full official Drugs@FDA database (Applications_all_types.txt, 29,336 applications); no ticker, indication or applicant lineage asserted."
PRE1965AUDIT-1948-02,1948,NDA006328,NDA,1948-02-19,UNKNOWN,,UNKNOWN,FALSE,NOT PUBLISHED (blank class),SANOFI AVENTIS US,MATCH,ISUPREL,ISOPROTERENOL HYDROCHLORIDE 10MG,"TABLET; RECTAL, SUBLINGUAL",2,Discontinued,first-in-payloads (1939-1964 universe),non-NME row: earlier appearances permitted by construction; see ingredient_first_appearance,none (not a Type 1/1-4 original approval),MATCH,https://www.accessdata.fda.gov/scripts/cder/daf/index.cfm?event=overview.process&varApplNo=006328,https://api.fda.gov/drug/drugsfda.json?search=application_number:%22NDA006328%22,Verified (live probe match),"Row of the complete 1939-1964 original-application audit (v26 (2026-09-21)): every ORIG/AP row of the committed SHA-verified openFDA payload; facts verbatim from the payload; application type and holder cross-checked against the full official Drugs@FDA database (Applications_all_types.txt, 29,336 applications); no ticker, indication or applicant lineage asserted."
PRE1965AUDIT-1948-03,1948,NDA006403,NDA,1948-03-17,,,,FALSE,NOT PUBLISHED (blank class),NOVARTIS,MATCH,PRISCOLINE,TOLAZOLINE HYDROCHLORIDE 25MG/ML,INJECTABLE; INJECTION,1,Discontinued,first-in-payloads (1939-1964 universe),non-NME row: earlier appearances permitted by construction; see ingredient_first_appearance,none (not a Type 1/1-4 original approval),MATCH,https://www.accessdata.fda.gov/scripts/cder/daf/index.cfm?event=overview.process&varApplNo=006403,https://api.fda.gov/drug/drugsfda.json?search=application_number:%22NDA006403%22,Verified (live probe match),"Row of the complete 1939-1964 original-application audit (v26 (2026-09-21)): every ORIG/AP row of the committed SHA-verified openFDA payload; facts verbatim from the payload; application type and holder cross-checked against the full official Drugs@FDA database (Applications_all_types.txt, 29,336 applications); no ticker, indication or applicant lineage asserted."
PRE1965AUDIT-1948-04,1948,NDA006412,NDA,1948-04-07,TYPE 1,Type 1 - New Molecular Entity,STANDARD,TRUE,NME (Type 1),SANOFI AVENTIS US,MATCH,DECAPRYN,DOXYLAMINE SUCCINATE 12.5MG,TABLET; ORAL,2,Discontinued,first-in-payloads (1939-1964 universe),"first appearance in the 1939-1964 payload universe (Drugs@FDA coverage before 1965 is incomplete: re-approval screen, not proof of first marketing)",PRE1965-1948-04 (data/pre1965_fda_decisions.csv),MATCH,https://www.accessdata.fda.gov/scripts/cder/daf/index.cfm?event=overview.process&varApplNo=006412,https://api.fda.gov/drug/drugsfda.json?search=application_number:%22NDA006412%22,Verified (live probe match),"Row of the complete 1939-1964 original-application audit (v26 (2026-09-21)): every ORIG/AP row of the committed SHA-verified openFDA payload; facts verbatim from the payload; application type and holder cross-checked against the full official Drugs@FDA database (Applications_all_types.txt, 29,336 applications); no ticker, indication or applicant lineage asserted."
PRE1965AUDIT-1948-05,1948,NDA006525,NDA,1948-07-29,UNKNOWN,,UNKNOWN,FALSE,NOT PUBLISHED (blank class),ROCHE,MATCH,GANTRISIN,SULFISOXAZOLE 500MG,TABLET; ORAL,1,Discontinued,first-in-payloads (1939-1964 universe),non-NME row: earlier appearances permitted by construction; see ingredient_first_appearance,none (not a Type 1/1-4 original approval),MATCH,https://www.accessdata.fda.gov/scripts/cder/daf/index.cfm?event=overview.process&varApplNo=006525,https://api.fda.gov/drug/drugsfda.json?search=application_number:%22NDA006525%22,Verified (live probe match),"Row of the complete 1939-1964 original-application audit (v26 (2026-09-21)): every ORIG/AP row of the committed SHA-verified openFDA payload; facts verbatim from the payload; application type and holder cross-checked against the full official Drugs@FDA database (Applications_all_types.txt, 29,336 applications); no ticker, indication or applicant lineage asserted."
PRE1965AUDIT-1948-06,1948,NDA006536,NDA,1948-10-12,UNKNOWN,,UNKNOWN,FALSE,NOT PUBLISHED (blank class),TEVA BRANDED PHARM,MATCH,URECHOLINE,BETHANECHOL CHLORIDE 25MG **Federal Register determination that product was not discontinued or withdrawn for safety or effectiveness reasons**,TABLET; ORAL,5,Discontinued,first-in-payloads (1939-1964 universe),non-NME row: earlier appearances permitted by construction; see ingredient_first_appearance,none (not a Type 1/1-4 original approval),MATCH,https://www.accessdata.fda.gov/scripts/cder/daf/index.cfm?event=overview.process&varApplNo=006536,https://api.fda.gov/drug/drugsfda.json?search=application_number:%22NDA006536%22,Verified (live probe match),"Row of the complete 1939-1964 original-application audit (v26 (2026-09-21)): every ORIG/AP row of the committed SHA-verified openFDA payload; facts verbatim from the payload; application type and holder cross-checked against the full official Drugs@FDA database (Applications_all_types.txt, 29,336 applications); no ticker, indication or applicant lineage asserted."
PRE1965AUDIT-1948-07,1948,NDA006488,NDA,1948-11-19,UNKNOWN,,UNKNOWN,FALSE,NOT PUBLISHED (blank class),FRESENIUS KABI USA,MATCH,XYLOCAINE W/ EPINEPHRINE,EPINEPHRINE 0.005MG/ML; LIDOCAINE HYDROCHLORIDE 1%,INJECTABLE; INJECTION,11,Prescription,first-in-payloads (1939-1964 universe),non-NME row: earlier appearances permitted by construction; see ingredient_first_appearance,none (not a Type 1/1-4 original approval),MATCH,https://www.accessdata.fda.gov/scripts/cder/daf/index.cfm?event=overview.process&varApplNo=006488,https://api.fda.gov/drug/drugsfda.json?search=application_number:%22NDA006488%22,Verified (live probe match),"Row of the complete 1939-1964 original-application audit (v26 (2026-09-21)): every ORIG/AP row of the committed SHA-verified openFDA payload; facts verbatim from the payload; application type and holder cross-checked against the full official Drugs@FDA database (Applications_all_types.txt, 29,336 applications); no ticker, indication or applicant lineage asserted."
PRE1965AUDIT-1948-08,1948,NDA021380,NDA,1948-11-19,UNKNOWN,,UNKNOWN,FALSE,NOT PUBLISHED (blank class),DENTSPLY PHARM,MATCH,XYLOCAINE DENTAL,LIDOCAINE HYDROCHLORIDE 2%,INJECTABLE; INJECTION,1,Discontinued,1948-11-19 on NDA006488,non-NME row: earlier appearances permitted by construction; see ingredient_first_appearance,none (not a Type 1/1-4 original approval),MATCH,https://www.accessdata.fda.gov/scripts/cder/daf/index.cfm?event=overview.process&varApplNo=021380,https://api.fda.gov/drug/drugsfda.json?search=application_number:%22NDA021380%22,Verified (live probe match),"Row of the complete 1939-1964 original-application audit (v26 (2026-09-21)): every ORIG/AP row of the committed SHA-verified openFDA payload; facts verbatim from the payload; application type and holder cross-checked against the full official Drugs@FDA database (Applications_all_types.txt, 29,336 applications); no ticker, indication or applicant lineage asserted."
PRE1965AUDIT-1948-09,1948,NDA021381,NDA,1948-11-19,UNKNOWN,,UNKNOWN,FALSE,NOT PUBLISHED (blank class),DENTSPLY PHARM,MATCH,XYLOCAINE DENTAL WITH EPINEPHRINE,EPINEPHRINE 0.01MG/ML; LIDOCAINE HYDROCHLORIDE 2% **Federal Register determination that product was not discontinued or withdrawn for safety or effectiveness reasons**,INJECTABLE; INJECTION,2,Discontinued,1948-11-19 on NDA006488,non-NME row: earlier appearances permitted by construction; see ingredient_first_appearance,none (not a Type 1/1-4 original approval),MATCH,https://www.accessdata.fda.gov/scripts/cder/daf/index.cfm?event=overview.process&varApplNo=021381,https://api.fda.gov/drug/drugsfda.json?search=application_number:%22NDA021381%22,Verified (live probe match),"Row of the complete 1939-1964 original-application audit (v26 (2026-09-21)): every ORIG/AP row of the committed SHA-verified openFDA payload; facts verbatim from the payload; application type and holder cross-checked against the full official Drugs@FDA database (Applications_all_types.txt, 29,336 applications); no ticker, indication or applicant lineage asserted."
PRE1965AUDIT-1948-10,1948,NDA006620,NDA,1948-11-26,,,,FALSE,NOT PUBLISHED (blank class),NOVARTIS,MATCH,CAFERGOT,CAFFEINE 100MG; ERGOTAMINE TARTRATE 1MG,TABLET; ORAL,1,Discontinued,first-in-payloads (1939-1964 universe),non-NME row: earlier appearances permitted by construction; see ingredient_first_appearance,none (not a Type 1/1-4 original approval),MATCH,https://www.accessdata.fda.gov/scripts/cder/daf/index.cfm?event=overview.process&varApplNo=006620,https://api.fda.gov/drug/drugsfda.json?search=application_number:%22NDA006620%22,Verified (live probe match),"Row of the complete 1939-1964 original-application audit (v26 (2026-09-21)): every ORIG/AP row of the committed SHA-verified openFDA payload; facts verbatim from the payload; application type and holder cross-checked against the full official Drugs@FDA database (Applications_all_types.txt, 29,336 applications); no ticker, indication or applicant lineage asserted."
PRE1965AUDIT-1949-01,1949,NDA006632,NDA,1949-01-04,TYPE 1,Type 1 - New Molecular Entity,STANDARD,TRUE,NME (Type 1),LILLY,MATCH,METUBINE IODIDE,METOCURINE IODIDE 2MG/ML,INJECTABLE; INJECTION,1,Discontinued,first-in-payloads (1939-1964 universe),"first appearance in the 1939-1964 payload universe (Drugs@FDA coverage before 1965 is incomplete: re-approval screen, not proof of first marketing)",PRE1965-1949-01 (data/pre1965_fda_decisions.csv),MATCH,https://www.accessdata.fda.gov/scripts/cder/daf/index.cfm?event=overview.process&varApplNo=006632,https://api.fda.gov/drug/drugsfda.json?search=application_number:%22NDA006632%22,Verified (live probe match),"Row of the complete 1939-1964 original-application audit (v26 (2026-09-21)): every ORIG/AP row of the committed SHA-verified openFDA payload; facts verbatim from the payload; application type and holder cross-checked against the full official Drugs@FDA database (Applications_all_types.txt, 29,336 applications); no ticker, indication or applicant lineage asserted."
PRE1965AUDIT-1949-02,1949,NDA006695,NDA,1949-03-15,TYPE 1,Type 1 - New Molecular Entity,PRIORITY,TRUE,NME (Type 1),RECORDATI RARE,MATCH,MUSTARGEN,MECHLORETHAMINE HYDROCHLORIDE 10MG/VIAL,INJECTABLE; INJECTION,1,Discontinued,first-in-payloads (1939-1964 universe),"first appearance in the 1939-1964 payload universe (Drugs@FDA coverage before 1965 is incomplete: re-approval screen, not proof of first marketing)",PRE1965-1949-02 (data/pre1965_fda_decisions.csv),MATCH,https://www.accessdata.fda.gov/scripts/cder/daf/index.cfm?event=overview.process&varApplNo=006695,https://api.fda.gov/drug/drugsfda.json?search=application_number:%22NDA006695%22,Verified (live probe match),"Row of the complete 1939-1964 original-application audit (v26 (2026-09-21)): every ORIG/AP row of the committed SHA-verified openFDA payload; facts verbatim from the payload; application type and holder cross-checked against the full official Drugs@FDA database (Applications_all_types.txt, 29,336 applications); no ticker, indication or applicant lineage asserted."
PRE1965AUDIT-1949-03,1949,NDA006772,NDA,1949-03-28,UNKNOWN,,UNKNOWN,FALSE,NOT PUBLISHED (blank class),GLAXOSMITHKLINE,MATCH,VASOXYL,METHOXAMINE HYDROCHLORIDE 20MG/ML,INJECTABLE; INJECTION,2,Discontinued,first-in-payloads (1939-1964 universe),non-NME row: earlier appearances permitted by construction; see ingredient_first_appearance,none (not a Type 1/1-4 original approval),MATCH,https://www.accessdata.fda.gov/scripts/cder/daf/index.cfm?event=overview.process&varApplNo=006772,https://api.fda.gov/drug/drugsfda.json?search=application_number:%22NDA006772%22,Verified (live probe match),"Row of the complete 1939-1964 original-application audit (v26 (2026-09-21)): every ORIG/AP row of the committed SHA-verified openFDA payload; facts verbatim from the payload; application type and holder cross-checked against the full official Drugs@FDA database (Applications_all_types.txt, 29,336 applications); no ticker, indication or applicant lineage asserted."
PRE1965AUDIT-1949-04,1949,NDA006882,NDA,1949-04-19,UNKNOWN,,UNKNOWN,FALSE,NOT PUBLISHED (blank class),SANOFI AVENTIS US,MATCH,PHISOHEX,HEXACHLOROPHENE 3%,EMULSION; TOPICAL,1,Discontinued,first-in-payloads (1939-1964 universe),non-NME row: earlier appearances permitted by construction; see ingredient_first_appearance,none (not a Type 1/1-4 original approval),MATCH,https://www.accessdata.fda.gov/scripts/cder/daf/index.cfm?event=overview.process&varApplNo=006882,https://api.fda.gov/drug/drugsfda.json?search=application_number:%22NDA006882%22,Verified (live probe match),"Row of the complete 1939-1964 original-application audit (v26 (2026-09-21)): every ORIG/AP row of the committed SHA-verified openFDA payload; facts verbatim from the payload; application type and holder cross-checked against the full official Drugs@FDA database (Applications_all_types.txt, 29,336 applications); no ticker, indication or applicant lineage asserted."
PRE1965AUDIT-1949-05,1949,NDA006773,NDA,1949-05-13,,,,FALSE,NOT PUBLISHED (blank class),LEDERLE,MATCH,ARTANE,TRIHEXYPHENIDYL HYDROCHLORIDE 2MG/5ML,ELIXIR; ORAL,4,Discontinued,first-in-payloads (1939-1964 universe),non-NME row: earlier appearances permitted by construction; see ingredient_first_appearance,none (not a Type 1/1-4 original approval),MATCH,https://www.accessdata.fda.gov/scripts/cder/daf/index.cfm?event=overview.process&varApplNo=006773,https://api.fda.gov/drug/drugsfda.json?search=application_number:%22NDA006773%22,Verified (live probe match),"Row of the complete 1939-1964 original-application audit (v26 (2026-09-21)): every ORIG/AP row of the committed SHA-verified openFDA payload; facts verbatim from the payload; application type and holder cross-checked against the full official Drugs@FDA database (Applications_all_types.txt, 29,336 applications); no ticker, indication or applicant lineage asserted."
PRE1965AUDIT-1949-06,1949,NDA006823,NDA,1949-05-18,UNKNOWN,,UNKNOWN,FALSE,NOT PUBLISHED (blank class),CASPER PHARMA LLC,MATCH,AQUASOL A,"VITAMIN A PALMITATE EQ 50,000 UNITS BASE/ML",INJECTABLE; INJECTION,1,Prescription,1947-07-28 on NDA006071,non-NME row: earlier appearances permitted by construction; see ingredient_first_appearance,none (not a Type 1/1-4 original approval),MATCH,https://www.accessdata.fda.gov/scripts/cder/daf/index.cfm?event=overview.process&varApplNo=006823,https://api.fda.gov/drug/drugsfda.json?search=application_number:%22NDA006823%22,Verified (live probe match),"Row of the complete 1939-1964 original-application audit (v26 (2026-09-21)): every ORIG/AP row of the committed SHA-verified openFDA payload; facts verbatim from the payload; application type and holder cross-checked against the full official Drugs@FDA database (Applications_all_types.txt, 29,336 applications); no ticker, indication or applicant lineage asserted."
PRE1965AUDIT-1949-07,1949,NDA006800,NDA,1949-06-15,,,,FALSE,NOT PUBLISHED (blank class),ABBVIE,MATCH,PARADIONE,PARAMETHADIONE 300MG/ML,SOLUTION; ORAL,3,Discontinued,first-in-payloads (1939-1964 universe),non-NME row: earlier appearances permitted by construction; see ingredient_first_appearance,none (not a Type 1/1-4 original approval),MATCH,https://www.accessdata.fda.gov/scripts/cder/daf/index.cfm?event=overview.process&varApplNo=006800,https://api.fda.gov/drug/drugsfda.json?search=application_number:%22NDA006800%22,Verified (live probe match),"Row of the complete 1939-1964 original-application audit (v26 (2026-09-21)): every ORIG/AP row of the committed SHA-verified openFDA payload; facts verbatim from the payload; application type and holder cross-checked against the full official Drugs@FDA database (Applications_all_types.txt, 29,336 applications); no ticker, indication or applicant lineage asserted."
PRE1965AUDIT-1949-08,1949,NDA006927,NDA,1949-07-06,UNKNOWN,,UNKNOWN,FALSE,NOT PUBLISHED (blank class),JOURNEY,MATCH,EURAX,CROTAMITON 10%,CREAM; TOPICAL,1,Prescription,first-in-payloads (1939-1964 universe),non-NME row: earlier appearances permitted by construction; see ingredient_first_appearance,none (not a Type 1/1-4 original approval),MATCH,https://www.accessdata.fda.gov/scripts/cder/daf/index.cfm?event=overview.process&varApplNo=006927,https://api.fda.gov/drug/drugsfda.json?search=application_number:%22NDA006927%22,Verified (live probe match),"Row of the complete 1939-1964 original-application audit (v26 (2026-09-21)): every ORIG/AP row of the committed SHA-verified openFDA payload; facts verbatim from the payload; application type and holder cross-checked against the full official Drugs@FDA database (Applications_all_types.txt, 29,336 applications); no ticker, indication or applicant lineage asserted."
PRE1965AUDIT-1949-09,1949,NDA006921,NDA,1949-07-13,UNKNOWN,,UNKNOWN,FALSE,NOT PUBLISHED (blank class),SCHERING,MATCH,CHLOR-TRIMETON,CHLORPHENIRAMINE MALEATE 4MG,TABLET; ORAL,2,Discontinued,first-in-payloads (1939-1964 universe),non-NME row: earlier appearances permitted by construction; see ingredient_first_appearance,none (not a Type 1/1-4 original approval),MATCH,https://www.accessdata.fda.gov/scripts/cder/daf/index.cfm?event=overview.process&varApplNo=006921,https://api.fda.gov/drug/drugsfda.json?search=application_number:%22NDA006921%22,Verified (live probe match),"Row of the complete 1939-1964 original-application audit (v26 (2026-09-21)): every ORIG/AP row of the committed SHA-verified openFDA payload; facts verbatim from the payload; application type and holder cross-checked against the full official Drugs@FDA database (Applications_all_types.txt, 29,336 applications); no ticker, indication or applicant lineage asserted."
PRE1965AUDIT-1949-10,1949,NDA006920,NDA,1949-08-16,TYPE 5,Type 5 - New Formulation or New Manufacturer,STANDARD,FALSE,Type 5 - New Formulation or New Manufacturer,LEDERLE,MATCH,TRIPLE SULFAS,TRISULFAPYRIMIDINES (SULFADIAZINE 167MG/5ML; SULFAMERAZINE 167MG/5ML; SULFAMETHAZINE) 167MG/5ML,SUSPENSION; ORAL,2,Discontinued,first-in-payloads (1939-1964 universe),non-NME row: earlier appearances permitted by construction; see ingredient_first_appearance,none (not a Type 1/1-4 original approval),MATCH,https://www.accessdata.fda.gov/scripts/cder/daf/index.cfm?event=overview.process&varApplNo=006920,https://api.fda.gov/drug/drugsfda.json?search=application_number:%22NDA006920%22,Verified (live probe match),"Row of the complete 1939-1964 original-application audit (v26 (2026-09-21)): every ORIG/AP row of the committed SHA-verified openFDA payload; facts verbatim from the payload; application type and holder cross-checked against the full official Drugs@FDA database (Applications_all_types.txt, 29,336 applications); no ticker, indication or applicant lineage asserted."
PRE1965AUDIT-1949-11,1949,NDA007012,NDA,1949-09-15,,,,FALSE,NOT PUBLISHED (blank class),BAYER HLTHCARE,MATCH,VI-TWEL,CYANOCOBALAMIN 1MG/ML,INJECTABLE; INJECTION,1,Discontinued,1947-07-28 on NDA006071,non-NME row: earlier appearances permitted by construction; see ingredient_first_appearance,none (not a Type 1/1-4 original approval),MATCH,https://www.accessdata.fda.gov/scripts/cder/daf/index.cfm?event=overview.process&varApplNo=007012,https://api.fda.gov/drug/drugsfda.json?search=application_number:%22NDA007012%22,Verified (live probe match),"Row of the complete 1939-1964 original-application audit (v26 (2026-09-21)): every ORIG/AP row of the committed SHA-verified openFDA payload; facts verbatim from the payload; application type and holder cross-checked against the full official Drugs@FDA database (Applications_all_types.txt, 29,336 applications); no ticker, indication or applicant lineage asserted."
PRE1965AUDIT-1949-12,1949,NDA006002,NDA,1949-10-31,UNKNOWN,,UNKNOWN,FALSE,NOT PUBLISHED (blank class),SANOFI AVENTIS US,MATCH,ARALEN,CHLOROQUINE PHOSPHATE 500MG **Federal Register determination that product was not discontinued or withdrawn for safety or effectiveness reasons**,TABLET; ORAL,2,Discontinued,first-in-payloads (1939-1964 universe),non-NME row: earlier appearances permitted by construction; see ingredient_first_appearance,none (not a Type 1/1-4 original approval),MATCH,https://www.accessdata.fda.gov/scripts/cder/daf/index.cfm?event=overview.process&varApplNo=006002,https://api.fda.gov/drug/drugsfda.json?search=application_number:%22NDA006002%22,Verified (live probe match),"Row of the complete 1939-1964 original-application audit (v26 (2026-09-21)): every ORIG/AP row of the committed SHA-verified openFDA payload; facts verbatim from the payload; application type and holder cross-checked against the full official Drugs@FDA database (Applications_all_types.txt, 29,336 applications); no ticker, indication or applicant lineage asserted."
PRE1965AUDIT-1949-13,1949,NDA007085,NDA,1949-12-06,UNKNOWN,,UNKNOWN,FALSE,NOT PUBLISHED (blank class),WARNER CHILCOTT,MATCH,CYANOCOBALAMIN,CYANOCOBALAMIN 1MG/ML,INJECTABLE; INJECTION,1,Discontinued,1947-07-28 on NDA006071,non-NME row: earlier appearances permitted by construction; see ingredient_first_appearance,none (not a Type 1/1-4 original approval),MATCH,https://www.accessdata.fda.gov/scripts/cder/daf/index.cfm?event=overview.process&varApplNo=007085,https://api.fda.gov/drug/drugsfda.json?search=application_number:%22NDA007085%22,Verified (live probe match),"Row of the complete 1939-1964 original-application audit (v26 (2026-09-21)): every ORIG/AP row of the committed SHA-verified openFDA payload; facts verbatim from the payload; application type and holder cross-checked against the full official Drugs@FDA database (Applications_all_types.txt, 29,336 applications); no ticker, indication or applicant lineage asserted."
PRE1965AUDIT-1950-01,1950,NDA050404,NDA,1950-01-23,UNKNOWN,,UNKNOWN,FALSE,NOT PUBLISHED (blank class),LEDERLE,MATCH,AUREOMYCIN,CHLORTETRACYCLINE HYDROCHLORIDE 1%,OINTMENT; OPHTHALMIC,1,Discontinued,first-in-payloads (1939-1964 universe),non-NME row: earlier appearances permitted by construction; see ingredient_first_appearance,none (not a Type 1/1-4 original approval),MATCH,https://www.accessdata.fda.gov/scripts/cder/daf/index.cfm?event=overview.process&varApplNo=050404,https://api.fda.gov/drug/drugsfda.json?search=application_number:%22NDA050404%22,Verified (live probe match),"Row of the complete 1939-1964 original-application audit (v26 (2026-09-21)): every ORIG/AP row of the committed SHA-verified openFDA payload; facts verbatim from the payload; application type and holder cross-checked against the full official Drugs@FDA database (Applications_all_types.txt, 29,336 applications); no ticker, indication or applicant lineage asserted."
PRE1965AUDIT-1950-02,1950,NDA007320,NDA,1950-03-08,TYPE 5,Type 5 - New Formulation or New Manufacturer,STANDARD,FALSE,Type 5 - New Formulation or New Manufacturer,CONSOLIDATED MIDLAND,MATCH,TEEBACIN,AMINOSALICYLATE SODIUM 500MG,TABLET; ORAL,1,Discontinued,first-in-payloads (1939-1964 universe),non-NME row: earlier appearances permitted by construction; see ingredient_first_appearance,none (not a Type 1/1-4 original approval),MATCH,https://www.accessdata.fda.gov/scripts/cder/daf/index.cfm?event=overview.process&varApplNo=007320,https://api.fda.gov/drug/drugsfda.json?search=application_number:%22NDA007320%22,Verified (live probe match),"Row of the complete 1939-1964 original-application audit (v26 (2026-09-21)): every ORIG/AP row of the committed SHA-verified openFDA payload; facts verbatim from the payload; application type and holder cross-checked against the full official Drugs@FDA database (Applications_all_types.txt, 29,336 applications); no ticker, indication or applicant lineage asserted."
PRE1965AUDIT-1950-03,1950,NDA007337,NDA,1950-04-12,TYPE 4,Type 4 - New Combination,STANDARD,FALSE,Type 4 - New Combination,ENDO OPERATIONS,MATCH,PERCODAN,ASPIRIN 325MG; OXYCODONE HYDROCHLORIDE 4.8355MG **Federal Register determination that product was not discontinued or withdrawn for safety or effectiveness reasons**,TABLET; ORAL,3,Discontinued,first-in-payloads (1939-1964 universe),non-NME row: earlier appearances permitted by construction; see ingredient_first_appearance,none (not a Type 1/1-4 original approval),MATCH,https://www.accessdata.fda.gov/scripts/cder/daf/index.cfm?event=overview.process&varApplNo=007337,https://api.fda.gov/drug/drugsfda.json?search=application_number:%22NDA007337%22,Verified (live probe match),"Row of the complete 1939-1964 original-application audit (v26 (2026-09-21)): every ORIG/AP row of the committed SHA-verified openFDA payload; facts verbatim from the payload; application type and holder cross-checked against the full official Drugs@FDA database (Applications_all_types.txt, 29,336 applications); no ticker, indication or applicant lineage asserted."
PRE1965AUDIT-1950-04,1950,NDA007409,NDA,1950-05-11,TYPE 1,Type 1 - New Molecular Entity,STANDARD,TRUE,NME (Type 1),ALLERGAN,MATCH,BENTYL,DICYCLOMINE HYDROCHLORIDE 10MG **Federal Register determination that product was not discontinued or withdrawn for safety or effectiveness reasons**,CAPSULE; ORAL,2,Discontinued,first-in-payloads (1939-1964 universe),"first appearance in the 1939-1964 payload universe (Drugs@FDA coverage before 1965 is incomplete: re-approval screen, not proof of first marketing)",PRE1965-1950-04 (data/pre1965_fda_decisions.csv),MATCH,https://www.accessdata.fda.gov/scripts/cder/daf/index.cfm?event=overview.process&varApplNo=007409,https://api.fda.gov/drug/drugsfda.json?search=application_number:%22NDA007409%22,Verified (live probe match),"Row of the complete 1939-1964 original-application audit (v26 (2026-09-21)): every ORIG/AP row of the committed SHA-verified openFDA payload; facts verbatim from the payload; application type and holder cross-checked against the full official Drugs@FDA database (Applications_all_types.txt, 29,336 applications); no ticker, indication or applicant lineage asserted."
PRE1965AUDIT-1950-05,1950,NDA007335,NDA,1950-06-02,TYPE 1,Type 1 - New Molecular Entity,PRIORITY,TRUE,NME (Type 1),APOTHECON,MATCH,PRONESTYL,PROCAINAMIDE HYDROCHLORIDE 250MG **Federal Register determination that product was not discontinued or withdrawn for safety or effectiveness reasons**,CAPSULE; ORAL,5,Discontinued,first-in-payloads (1939-1964 universe),"first appearance in the 1939-1964 payload universe (Drugs@FDA coverage before 1965 is incomplete: re-approval screen, not proof of first marketing)",PRE1965-1950-05 (data/pre1965_fda_decisions.csv),MATCH,https://www.accessdata.fda.gov/scripts/cder/daf/index.cfm?event=overview.process&varApplNo=007335,https://api.fda.gov/drug/drugsfda.json?search=application_number:%22NDA007335%22,Verified (live probe match),"Row of the complete 1939-1964 original-application audit (v26 (2026-09-21)): every ORIG/AP row of the committed SHA-verified openFDA payload; facts verbatim from the payload; application type and holder cross-checked against the full official Drugs@FDA database (Applications_all_types.txt, 29,336 applications); no ticker, indication or applicant lineage asserted."
PRE1965AUDIT-1950-06,1950,NDA007110,NDA,1950-06-13,TYPE 1,Type 1 - New Molecular Entity,PRIORITY,TRUE,NME (Type 1),MERCK,MATCH,CORTONE,CORTISONE ACETATE 50MG/ML,INJECTABLE; INJECTION,2,Discontinued,first-in-payloads (1939-1964 universe),"first appearance in the 1939-1964 payload universe (Drugs@FDA coverage before 1965 is incomplete: re-approval screen, not proof of first marketing)",PRE1965-1950-06 (data/pre1965_fda_decisions.csv),MATCH,https://www.accessdata.fda.gov/scripts/cder/daf/index.cfm?event=overview.process&varApplNo=007110,https://api.fda.gov/drug/drugsfda.json?search=application_number:%22NDA007110%22,Verified (live probe match),"Row of the complete 1939-1964 original-application audit (v26 (2026-09-21)): every ORIG/AP row of the committed SHA-verified openFDA payload; facts verbatim from the payload; application type and holder cross-checked against the full official Drugs@FDA database (Applications_all_types.txt, 29,336 applications); no ticker, indication or applicant lineage asserted."
PRE1965AUDIT-1950-07,1950,NDA007073,NDA,1950-06-20,TYPE 1,Type 1 - New Molecular Entity,PRIORITY,TRUE,NME (Type 1),PFIZER,MATCH,AZULFIDINE EN-TABS,SULFASALAZINE 500MG,"TABLET, DELAYED RELEASE; ORAL",2,Prescription,first-in-payloads (1939-1964 universe),"first appearance in the 1939-1964 payload universe (Drugs@FDA coverage before 1965 is incomplete: re-approval screen, not proof of first marketing)",PRE1965-1950-07 (data/pre1965_fda_decisions.csv),MATCH,https://www.accessdata.fda.gov/scripts/cder/daf/index.cfm?event=overview.process&varApplNo=007073,https://api.fda.gov/drug/drugsfda.json?search=application_number:%22NDA007073%22,Verified (live probe match),"Row of the complete 1939-1964 original-application audit (v26 (2026-09-21)): every ORIG/AP row of the committed SHA-verified openFDA payload; facts verbatim from the payload; application type and holder cross-checked against the full official Drugs@FDA database (Applications_all_types.txt, 29,336 applications); no ticker, indication or applicant lineage asserted."
PRE1965AUDIT-1950-08,1950,NDA007517,NDA,1950-06-21,TYPE 1,Type 1 - New Molecular Entity,PRIORITY,TRUE,NME (Type 1),KING PHARMS,MATCH,TAPAZOLE,METHIMAZOLE 10MG **Federal Register determination that product was not discontinued or withdrawn for safety or effectiveness reasons**,TABLET; ORAL,2,Discontinued,first-in-payloads (1939-1964 universe),"first appearance in the 1939-1964 payload universe (Drugs@FDA coverage before 1965 is incomplete: re-approval screen, not proof of first marketing)",PRE1965-1950-08 (data/pre1965_fda_decisions.csv),MATCH,https://www.accessdata.fda.gov/scripts/cder/daf/index.cfm?event=overview.process&varApplNo=007517,https://api.fda.gov/drug/drugsfda.json?search=application_number:%22NDA007517%22,Verified (live probe match),"Row of the complete 1939-1964 original-application audit (v26 (2026-09-21)): every ORIG/AP row of the committed SHA-verified openFDA payload; facts verbatim from the payload; application type and holder cross-checked against the full official Drugs@FDA database (Applications_all_types.txt, 29,336 applications); no ticker, indication or applicant lineage asserted."
PRE1965AUDIT-1950-09,1950,NDA007504,NDA,1950-07-03,TYPE 1,Type 1 - New Molecular Entity,PRIORITY,TRUE,NME (Type 1),SANOFI AVENTIS US,MATCH,ACTHAR,CORTICOTROPIN 25 UNITS/VIAL,INJECTABLE; INJECTION,2,Discontinued,first-in-payloads (1939-1964 universe),"first appearance in the 1939-1964 payload universe (Drugs@FDA coverage before 1965 is incomplete: re-approval screen, not proof of first marketing)",PRE1965-1950-09 (data/pre1965_fda_decisions.csv),MATCH,https://www.accessdata.fda.gov/scripts/cder/daf/index.cfm?event=overview.process&varApplNo=007504,https://api.fda.gov/drug/drugsfda.json?search=application_number:%22NDA007504%22,Verified (live probe match),"Row of the complete 1939-1964 original-application audit (v26 (2026-09-21)): every ORIG/AP row of the committed SHA-verified openFDA payload; facts verbatim from the payload; application type and holder cross-checked against the full official Drugs@FDA database (Applications_all_types.txt, 29,336 applications); no ticker, indication or applicant lineage asserted."
PRE1965AUDIT-1950-10,1950,NDA007529,NDA,1950-07-12,TYPE 2,Type 2 - New Active Ingredient,PRIORITY,FALSE,Type 2 - New Active Ingredient,LILLY,MATCH,QUINIDINE GLUCONATE,QUINIDINE GLUCONATE 80MG/ML,INJECTABLE; INJECTION,1,Discontinued,first-in-payloads (1939-1964 universe),non-NME row: earlier appearances permitted by construction; see ingredient_first_appearance,none (not a Type 1/1-4 original approval),MATCH,https://www.accessdata.fda.gov/scripts/cder/daf/index.cfm?event=overview.process&varApplNo=007529,https://api.fda.gov/drug/drugsfda.json?search=application_number:%22NDA007529%22,Verified (live probe match),"Row of the complete 1939-1964 original-application audit (v26 (2026-09-21)): every ORIG/AP row of the committed SHA-verified openFDA payload; facts verbatim from the payload; application type and holder cross-checked against the full official Drugs@FDA database (Applications_all_types.txt, 29,336 applications); no ticker, indication or applicant lineage asserted."
PRE1965AUDIT-1950-11,1950,NDA007513,NDA,1950-07-13,TYPE 1,Type 1 - New Molecular Entity,PRIORITY,TRUE,NME (Type 1),HOSPIRA,MATCH,LEVOPHED,NOREPINEPHRINE BITARTRATE EQ 1MG BASE/ML,INJECTABLE; INJECTION,1,Prescription,first-in-payloads (1939-1964 universe),"first appearance in the 1939-1964 payload universe (Drugs@FDA coverage before 1965 is incomplete: re-approval screen, not proof of first marketing)",PRE1965-1950-11 (data/pre1965_fda_decisions.csv),MATCH,https://www.accessdata.fda.gov/scripts/cder/daf/index.cfm?event=overview.process&varApplNo=007513,https://api.fda.gov/drug/drugsfda.json?search=application_number:%22NDA007513%22,Verified (live probe match),"Row of the complete 1939-1964 original-application audit (v26 (2026-09-21)): every ORIG/AP row of the committed SHA-verified openFDA payload; facts verbatim from the payload; application type and holder cross-checked against the full official Drugs@FDA database (Applications_all_types.txt, 29,336 applications); no ticker, indication or applicant lineage asserted."
PRE1965AUDIT-1950-12,1950,NDA007392,NDA,1950-07-19,TYPE 2,Type 2 - New Active Ingredient,STANDARD,FALSE,Type 2 - New Active Ingredient,LILLY,MATCH,SECONAL SODIUM,SECOBARBITAL SODIUM 50MG/ML **Federal Register determination that product was not discontinued or withdrawn for safety or effectiveness reasons**,INJECTABLE; INJECTION,1,Discontinued,first-in-payloads (1939-1964 universe),non-NME row: earlier appearances permitted by construction; see ingredient_first_appearance,none (not a Type 1/1-4 original approval),MATCH,https://www.accessdata.fda.gov/scripts/cder/daf/index.cfm?event=overview.process&varApplNo=007392,https://api.fda.gov/drug/drugsfda.json?search=application_number:%22NDA007392%22,Verified (live probe match),"Row of the complete 1939-1964 original-application audit (v26 (2026-09-21)): every ORIG/AP row of the committed SHA-verified openFDA payload; facts verbatim from the payload; application type and holder cross-checked against the full official Drugs@FDA database (Applications_all_types.txt, 29,336 applications); no ticker, indication or applicant lineage asserted."
PRE1965AUDIT-1950-13,1950,NDA007638,NDA,1950-08-15,TYPE 3,Type 3 - New Dosage Form,STANDARD,FALSE,Type 3 - New Dosage Form,BAYER HEALTHCARE LLC,MATCH,CHLOR-TRIMETON,CHLORPHENIRAMINE MALEATE 8MG **Federal Register determination that product was not discontinued or withdrawn for safety or effectiveness reasons**,"TABLET, EXTENDED RELEASE; ORAL",2,Discontinued,1949-07-13 on NDA006921,non-NME row: earlier appearances permitted by construction; see ingredient_first_appearance,none (not a Type 1/1-4 original approval),MATCH,https://www.accessdata.fda.gov/scripts/cder/daf/index.cfm?event=overview.process&varApplNo=007638,https://api.fda.gov/drug/drugsfda.json?search=application_number:%22NDA007638%22,Verified (live probe match),"Row of the complete 1939-1964 original-application audit (v26 (2026-09-21)): every ORIG/AP row of the committed SHA-verified openFDA payload; facts verbatim from the payload; application type and holder cross-checked against the full official Drugs@FDA database (Applications_all_types.txt, 29,336 applications); no ticker, indication or applicant lineage asserted."
PRE1965AUDIT-1950-14,1950,NDA006799,NDA,1950-09-29,TYPE 5,Type 5 - New Formulation or New Manufacturer,STANDARD,FALSE,Type 5 - New Formulation or New Manufacturer,BRISTOL MYERS SQUIBB,MATCH,RUBRAMIN PC,CYANOCOBALAMIN 1MG/ML **Federal Register determination that product was not discontinued or withdrawn for safety or effectiveness reasons**,INJECTABLE; INJECTION,3,Discontinued,1947-07-28 on NDA006071,non-NME row: earlier appearances permitted by construction; see ingredient_first_appearance,none (not a Type 1/1-4 original approval),MATCH,https://www.accessdata.fda.gov/scripts/cder/daf/index.cfm?event=overview.process&varApplNo=006799,https://api.fda.gov/drug/drugsfda.json?search=application_number:%22NDA006799%22,Verified (live probe match),"Row of the complete 1939-1964 original-application audit (v26 (2026-09-21)): every ORIG/AP row of the committed SHA-verified openFDA payload; facts verbatim from the payload; application type and holder cross-checked against the full official Drugs@FDA database (Applications_all_types.txt, 29,336 applications); no ticker, indication or applicant lineage asserted."
PRE1965AUDIT-1950-15,1950,NDA006459,NDA,1950-11-13,UNKNOWN,,UNKNOWN,FALSE,NOT PUBLISHED (blank class),LEDERLE,MATCH,HETRAZAN,DIETHYLCARBAMAZINE CITRATE 50MG,TABLET; ORAL,1,Discontinued,first-in-payloads (1939-1964 universe),non-NME row: earlier appearances permitted by construction; see ingredient_first_appearance,none (not a Type 1/1-4 original approval),MATCH,https://www.accessdata.fda.gov/scripts/cder/daf/index.cfm?event=overview.process&varApplNo=006459,https://api.fda.gov/drug/drugsfda.json?search=application_number:%22NDA006459%22,Verified (live probe match),"Row of the complete 1939-1964 original-application audit (v26 (2026-09-21)): every ORIG/AP row of the committed SHA-verified openFDA payload; facts verbatim from the payload; application type and holder cross-checked against the full official Drugs@FDA database (Applications_all_types.txt, 29,336 applications); no ticker, indication or applicant lineage asserted."
PRE1965AUDIT-1950-16,1950,NDA007750,NDA,1950-12-04,TYPE 3,Type 3 - New Dosage Form,STANDARD,FALSE,Type 3 - New Dosage Form,MERCK,MATCH,CORTONE,CORTISONE ACETATE 25MG **Federal Register determination that product was not discontinued or withdrawn for safety or effectiveness reasons**,TABLET; ORAL,1,Discontinued,1950-06-13 on NDA007110,non-NME row: earlier appearances permitted by construction; see ingredient_first_appearance,none (not a Type 1/1-4 original approval),MATCH,https://www.accessdata.fda.gov/scripts/cder/daf/index.cfm?event=overview.process&varApplNo=007750,https://api.fda.gov/drug/drugsfda.json?search=application_number:%22NDA007750%22,Verified (live probe match),"Row of the complete 1939-1964 original-application audit (v26 (2026-09-21)): every ORIG/AP row of the committed SHA-verified openFDA payload; facts verbatim from the payload; application type and holder cross-checked against the full official Drugs@FDA database (Applications_all_types.txt, 29,336 applications); no ticker, indication or applicant lineage asserted."
PRE1965AUDIT-1951-01,1951,NDA007794,NDA,1951-03-07,TYPE 1,Type 1 - New Molecular Entity,STANDARD,TRUE,NME (Type 1),TEVA,MATCH,NEOTHYLLINE,DYPHYLLINE 160MG/15ML,ELIXIR; ORAL,3,Discontinued,first-in-payloads (1939-1964 universe),"first appearance in the 1939-1964 payload universe (Drugs@FDA coverage before 1965 is incomplete: re-approval screen, not proof of first marketing)",PRE1965-1951-01 (data/pre1965_fda_decisions.csv),MATCH,https://www.accessdata.fda.gov/scripts/cder/daf/index.cfm?event=overview.process&varApplNo=007794,https://api.fda.gov/drug/drugsfda.json?search=application_number:%22NDA007794%22,Verified (live probe match),"Row of the complete 1939-1964 original-application audit (v26 (2026-09-21)): every ORIG/AP row of the committed SHA-verified openFDA payload; facts verbatim from the payload; application type and holder cross-checked against the full official Drugs@FDA database (Applications_all_types.txt, 29,336 applications); no ticker, indication or applicant lineage asserted."
PRE1965AUDIT-1951-02,1951,NDA007935,NDA,1951-03-29,TYPE 3,Type 3 - New Dosage Form,STANDARD,FALSE,Type 3 - New Dosage Form,DELCOR ASSET CORP,MATCH,PHENERGAN,PROMETHAZINE HYDROCHLORIDE 50MG **Federal Register determination that product was not discontinued or withdrawn for safety or effectiveness reasons**,TABLET; ORAL,3,Discontinued,first-in-payloads (1939-1964 universe),non-NME row: earlier appearances permitted by construction; see ingredient_first_appearance,none (not a Type 1/1-4 original approval),MATCH,https://www.accessdata.fda.gov/scripts/cder/daf/index.cfm?event=overview.process&varApplNo=007935,https://api.fda.gov/drug/drugsfda.json?search=application_number:%22NDA007935%22,Verified (live probe match),"Row of the complete 1939-1964 original-application audit (v26 (2026-09-21)): every ORIG/AP row of the committed SHA-verified openFDA payload; facts verbatim from the payload; application type and holder cross-checked against the full official Drugs@FDA database (Applications_all_types.txt, 29,336 applications); no ticker, indication or applicant lineage asserted."
PRE1965AUDIT-1951-03,1951,NDA007898,NDA,1951-04-26,TYPE 1,Type 1 - New Molecular Entity,PRIORITY,TRUE,NME (Type 1),MERCK,MATCH,BENEMID,PROBENECID 500MG **Federal Register determination that product was not discontinued or withdrawn for safety or effectiveness reasons**,TABLET; ORAL,1,Discontinued,first-in-payloads (1939-1964 universe),"first appearance in the 1939-1964 payload universe (Drugs@FDA coverage before 1965 is incomplete: re-approval screen, not proof of first marketing)",PRE1965-1951-03 (data/pre1965_fda_decisions.csv),MATCH,https://www.accessdata.fda.gov/scripts/cder/daf/index.cfm?event=overview.process&varApplNo=007898,https://api.fda.gov/drug/drugsfda.json?search=application_number:%22NDA007898%22,Verified (live probe match),"Row of the complete 1939-1964 original-application audit (v26 (2026-09-21)): every ORIG/AP row of the committed SHA-verified openFDA payload; facts verbatim from the payload; application type and holder cross-checked against the full official Drugs@FDA database (Applications_all_types.txt, 29,336 applications); no ticker, indication or applicant lineage asserted."
PRE1965AUDIT-1951-04,1951,NDA007961,NDA,1951-04-30,TYPE 3,Type 3 - New Dosage Form,STANDARD,FALSE,Type 3 - New Dosage Form,APTALIS PHARMA US,MATCH,BENTYL,DICYCLOMINE HYDROCHLORIDE 10MG/5ML **Federal Register determination that product was not discontinued or withdrawn for safety or effectiveness reasons**,SYRUP; ORAL,1,Discontinued,1950-05-11 on NDA007409,non-NME row: earlier appearances permitted by construction; see ingredient_first_appearance,none (not a Type 1/1-4 original approval),MATCH,https://www.accessdata.fda.gov/scripts/cder/daf/index.cfm?event=overview.process&varApplNo=007961,https://api.fda.gov/drug/drugsfda.json?search=application_number:%22NDA007961%22,Verified (live probe match),"Row of the complete 1939-1964 original-application audit (v26 (2026-09-21)): every ORIG/AP row of the committed SHA-verified openFDA payload; facts verbatim from the payload; application type and holder cross-checked against the full official Drugs@FDA database (Applications_all_types.txt, 29,336 applications); no ticker, indication or applicant lineage asserted."
PRE1965AUDIT-1951-05,1951,NDA007959,NDA,1951-05-03,TYPE 1,Type 1 - New Molecular Entity,PRIORITY,TRUE,NME (Type 1),PAI HOLDINGS PHARM,MATCH,TENSILON,EDROPHONIUM CHLORIDE 10MG/ML **Federal Register determination that product was not discontinued or withdrawn for safety or effectiveness reasons**,INJECTABLE; INJECTION,2,Discontinued,first-in-payloads (1939-1964 universe),"first appearance in the 1939-1964 payload universe (Drugs@FDA coverage before 1965 is incomplete: re-approval screen, not proof of first marketing)",PRE1965-1951-05 (data/pre1965_fda_decisions.csv),MATCH,https://www.accessdata.fda.gov/scripts/cder/daf/index.cfm?event=overview.process&varApplNo=007959,https://api.fda.gov/drug/drugsfda.json?search=application_number:%22NDA007959%22,Verified (live probe match),"Row of the complete 1939-1964 original-application audit (v26 (2026-09-21)): every ORIG/AP row of the committed SHA-verified openFDA payload; facts verbatim from the payload; application type and holder cross-checked against the full official Drugs@FDA database (Applications_all_types.txt, 29,336 applications); no ticker, indication or applicant lineage asserted."
PRE1965AUDIT-1951-06,1951,NDA007936,NDA,1951-05-17,TYPE 3,Type 3 - New Dosage Form,STANDARD,FALSE,Type 3 - New Dosage Form,CHATTEM,MATCH,SELSUN,SELENIUM SULFIDE 2.5% **Federal Register determination that product was not discontinued or withdrawn for safety or effectiveness reasons**,LOTION/SHAMPOO; TOPICAL,1,Discontinued,first-in-payloads (1939-1964 universe),non-NME row: earlier appearances permitted by construction; see ingredient_first_appearance,none (not a Type 1/1-4 original approval),MATCH,https://www.accessdata.fda.gov/scripts/cder/daf/index.cfm?event=overview.process&varApplNo=007936,https://api.fda.gov/drug/drugsfda.json?search=application_number:%22NDA007936%22,Verified (live probe match),"Row of the complete 1939-1964 original-application audit (v26 (2026-09-21)): every ORIG/AP row of the committed SHA-verified openFDA payload; facts verbatim from the payload; application type and holder cross-checked against the full official Drugs@FDA database (Applications_all_types.txt, 29,336 applications); no ticker, indication or applicant lineage asserted."
PRE1965AUDIT-1951-07,1951,NDA008048,NDA,1951-05-17,TYPE 2,Type 2 - New Active Ingredient,STANDARD,FALSE,Type 2 - New Active Ingredient,ASTRAZENECA,MATCH,XYLOCAINE,LIDOCAINE 5% **Federal Register determination that product was not discontinued or withdrawn for safety or effectiveness reasons**,OINTMENT; TOPICAL,1,Discontinued,first-in-payloads (1939-1964 universe),non-NME row: earlier appearances permitted by construction; see ingredient_first_appearance,none (not a Type 1/1-4 original approval),MATCH,https://www.accessdata.fda.gov/scripts/cder/daf/index.cfm?event=overview.process&varApplNo=008048,https://api.fda.gov/drug/drugsfda.json?search=application_number:%22NDA008048%22,Verified (live probe match),"Row of the complete 1939-1964 original-application audit (v26 (2026-09-21)): every ORIG/AP row of the committed SHA-verified openFDA payload; facts verbatim from the payload; application type and holder cross-checked against the full official Drugs@FDA database (Applications_all_types.txt, 29,336 applications); no ticker, indication or applicant lineage asserted."
PRE1965AUDIT-1951-08,1951,NDA050143,NDA,1951-06-01,,,,FALSE,NOT PUBLISHED (blank class),PARKEDALE,MATCH,CHLOROMYCETIN,CHLORAMPHENICOL 25MG/VIAL,FOR SOLUTION; OPHTHALMIC,1,Discontinued,first-in-payloads (1939-1964 universe),non-NME row: earlier appearances permitted by construction; see ingredient_first_appearance,none (not a Type 1/1-4 original approval),MATCH,https://www.accessdata.fda.gov/scripts/cder/daf/index.cfm?event=overview.process&varApplNo=050143,https://api.fda.gov/drug/drugsfda.json?search=application_number:%22NDA050143%22,Verified (live probe match),"Row of the complete 1939-1964 original-application audit (v26 (2026-09-21)): every ORIG/AP row of the committed SHA-verified openFDA payload; facts verbatim from the payload; application type and holder cross-checked against the full official Drugs@FDA database (Applications_all_types.txt, 29,336 applications); no ticker, indication or applicant lineage asserted."
PRE1965AUDIT-1951-09,1951,NDA050156,NDA,1951-06-01,,,,FALSE,NOT PUBLISHED (blank class),PARKEDALE,MATCH,CHLOROMYCETIN,CHLORAMPHENICOL 1%,OINTMENT; OPHTHALMIC,1,Discontinued,1951-06-01 on NDA050143,non-NME row: earlier appearances permitted by construction; see ingredient_first_appearance,none (not a Type 1/1-4 original approval),MATCH,https://www.accessdata.fda.gov/scripts/cder/daf/index.cfm?event=overview.process&varApplNo=050156,https://api.fda.gov/drug/drugsfda.json?search=application_number:%22NDA050156%22,Verified (live probe match),"Row of the complete 1939-1964 original-application audit (v26 (2026-09-21)): every ORIG/AP row of the committed SHA-verified openFDA payload; facts verbatim from the payload; application type and holder cross-checked against the full official Drugs@FDA database (Applications_all_types.txt, 29,336 applications); no ticker, indication or applicant lineage asserted."
PRE1965AUDIT-1951-10,1951,NDA007942,NDA,1951-06-08,TYPE 5,Type 5 - New Formulation or New Manufacturer,STANDARD,FALSE,Type 5 - New Formulation or New Manufacturer,FOREST LABS,MATCH,SUS-PHRINE SULFITE FREE,EPINEPHRINE 1.5MG/AMP,INJECTABLE; INJECTION,2,Discontinued,1948-11-19 on NDA006488,non-NME row: earlier appearances permitted by construction; see ingredient_first_appearance,none (not a Type 1/1-4 original approval),MATCH,https://www.accessdata.fda.gov/scripts/cder/daf/index.cfm?event=overview.process&varApplNo=007942,https://api.fda.gov/drug/drugsfda.json?search=application_number:%22NDA007942%22,Verified (live probe match),"Row of the complete 1939-1964 original-application audit (v26 (2026-09-21)): every ORIG/AP row of the committed SHA-verified openFDA payload; facts verbatim from the payload; application type and holder cross-checked against the full official Drugs@FDA database (Applications_all_types.txt, 29,336 applications); no ticker, indication or applicant lineage asserted."
PRE1965AUDIT-1951-11,1951,NDA007707,NDA,1951-06-28,TYPE 1,Type 1 - New Molecular Entity,PRIORITY,TRUE,NME (Type 1),ABBVIE,MATCH,PHENURONE,PHENACEMIDE 500MG **Federal Register determination that product was not discontinued or withdrawn for safety or effectiveness reasons**,TABLET; ORAL,1,Discontinued,first-in-payloads (1939-1964 universe),"first appearance in the 1939-1964 payload universe (Drugs@FDA coverage before 1965 is incomplete: re-approval screen, not proof of first marketing)",PRE1965-1951-11 (data/pre1965_fda_decisions.csv),MATCH,https://www.accessdata.fda.gov/scripts/cder/daf/index.cfm?event=overview.process&varApplNo=007707,https://api.fda.gov/drug/drugsfda.json?search=application_number:%22NDA007707%22,Verified (live probe match),"Row of the complete 1939-1964 original-application audit (v26 (2026-09-21)): every ORIG/AP row of the committed SHA-verified openFDA payload; facts verbatim from the payload; application type and holder cross-checked against the full official Drugs@FDA database (Applications_all_types.txt, 29,336 applications); no ticker, indication or applicant lineage asserted."
PRE1965AUDIT-1951-12,1951,NDA007390,NDA,1951-07-03,TYPE 1,Type 1 - New Molecular Entity,STANDARD,TRUE,NME (Type 1),SHIRE,MATCH,BANTHINE,METHANTHELINE BROMIDE 50MG,TABLET; ORAL,1,Discontinued,first-in-payloads (1939-1964 universe),"first appearance in the 1939-1964 payload universe (Drugs@FDA coverage before 1965 is incomplete: re-approval screen, not proof of first marketing)",PRE1965-1951-12 (data/pre1965_fda_decisions.csv),MATCH,https://www.accessdata.fda.gov/scripts/cder/daf/index.cfm?event=overview.process&varApplNo=007390,https://api.fda.gov/drug/drugsfda.json?search=application_number:%22NDA007390%22,Verified (live probe match),"Row of the complete 1939-1964 original-application audit (v26 (2026-09-21)): every ORIG/AP row of the committed SHA-verified openFDA payload; facts verbatim from the payload; application type and holder cross-checked against the full official Drugs@FDA database (Applications_all_types.txt, 29,336 applications); no ticker, indication or applicant lineage asserted."
PRE1965AUDIT-1951-13,1951,NDA008032,NDA,1951-07-16,TYPE 1,Type 1 - New Molecular Entity,PRIORITY,TRUE,NME (Type 1),GE HEALTHCARE,MATCH,TELEPAQUE,IOPANOIC ACID 500MG,TABLET; ORAL,1,Discontinued,first-in-payloads (1939-1964 universe),"first appearance in the 1939-1964 payload universe (Drugs@FDA coverage before 1965 is incomplete: re-approval screen, not proof of first marketing)",PRE1965-1951-13 (data/pre1965_fda_decisions.csv),MATCH,https://www.accessdata.fda.gov/scripts/cder/daf/index.cfm?event=overview.process&varApplNo=008032,https://api.fda.gov/drug/drugsfda.json?search=application_number:%22NDA008032%22,Verified (live probe match),"Row of the complete 1939-1964 original-application audit (v26 (2026-09-21)): every ORIG/AP row of the committed SHA-verified openFDA payload; facts verbatim from the payload; application type and holder cross-checked against the full official Drugs@FDA database (Applications_all_types.txt, 29,336 applications); no ticker, indication or applicant lineage asserted."
PRE1965AUDIT-1951-14,1951,NDA007883,NDA,1951-08-28,TYPE 1,Type 1 - New Molecular Entity,PRIORITY,TRUE,NME (Type 1),TEVA WOMENS,MATCH,ANTABUSE,DISULFIRAM 500MG **Federal Register determination that product was not discontinued or withdrawn for safety or effectiveness reasons**,TABLET; ORAL,2,Discontinued,first-in-payloads (1939-1964 universe),"first appearance in the 1939-1964 payload universe (Drugs@FDA coverage before 1965 is incomplete: re-approval screen, not proof of first marketing)",PRE1965-1951-14 (data/pre1965_fda_decisions.csv),MATCH,https://www.accessdata.fda.gov/scripts/cder/daf/index.cfm?event=overview.process&varApplNo=007883,https://api.fda.gov/drug/drugsfda.json?search=application_number:%22NDA007883%22,Verified (live probe match),"Row of the complete 1939-1964 original-application audit (v26 (2026-09-21)): every ORIG/AP row of the committed SHA-verified openFDA payload; facts verbatim from the payload; application type and holder cross-checked against the full official Drugs@FDA database (Applications_all_types.txt, 29,336 applications); no ticker, indication or applicant lineage asserted."
PRE1965AUDIT-1951-15,1951,NDA008126,NDA,1951-11-02,TYPE 5,Type 5 - New Formulation or New Manufacturer,STANDARD,FALSE,Type 5 - New Formulation or New Manufacturer,PHARMACIA AND UPJOHN,MATCH,CORTISONE ACETATE,CORTISONE ACETATE 10MG,TABLET; ORAL,4,Discontinued,1950-06-13 on NDA007110,non-NME row: earlier appearances permitted by construction; see ingredient_first_appearance,none (not a Type 1/1-4 original approval),MATCH,https://www.accessdata.fda.gov/scripts/cder/daf/index.cfm?event=overview.process&varApplNo=008126,https://api.fda.gov/drug/drugsfda.json?search=application_number:%22NDA008126%22,Verified (live probe match),"Row of the complete 1939-1964 original-application audit (v26 (2026-09-21)): every ORIG/AP row of the committed SHA-verified openFDA payload; facts verbatim from the payload; application type and holder cross-checked against the full official Drugs@FDA database (Applications_all_types.txt, 29,336 applications); no ticker, indication or applicant lineage asserted."
PRE1965AUDIT-1951-16,1951,NDA050126,NDA,1951-11-22,UNKNOWN,,UNKNOWN,FALSE,NOT PUBLISHED (blank class),WYETH AYERST,MATCH,BICILLIN,"PENICILLIN G BENZATHINE 300,000 UNITS/5ML",SUSPENSION; ORAL,1,Discontinued,first-in-payloads (1939-1964 universe),non-NME row: earlier appearances permitted by construction; see ingredient_first_appearance,none (not a Type 1/1-4 original approval),MATCH,https://www.accessdata.fda.gov/scripts/cder/daf/index.cfm?event=overview.process&varApplNo=050126,https://api.fda.gov/drug/drugsfda.json?search=application_number:%22NDA050126%22,Verified (live probe match),"Row of the complete 1939-1964 original-application audit (v26 (2026-09-21)): every ORIG/AP row of the committed SHA-verified openFDA payload; facts verbatim from the payload; application type and holder cross-checked against the full official Drugs@FDA database (Applications_all_types.txt, 29,336 applications); no ticker, indication or applicant lineage asserted."
PRE1965AUDIT-1951-17,1951,NDA008228,NDA,1951-12-21,TYPE 2,Type 2 - New Active Ingredient,STANDARD,FALSE,Type 2 - New Active Ingredient,MERCK,MATCH,HYDROCORTONE,HYDROCORTISONE ACETATE 25MG/ML,INJECTABLE; INJECTION,2,Discontinued,first-in-payloads (1939-1964 universe),non-NME row: earlier appearances permitted by construction; see ingredient_first_appearance,none (not a Type 1/1-4 original approval),MATCH,https://www.accessdata.fda.gov/scripts/cder/daf/index.cfm?event=overview.process&varApplNo=008228,https://api.fda.gov/drug/drugsfda.json?search=application_number:%22NDA008228%22,Verified (live probe match),"Row of the complete 1939-1964 original-application audit (v26 (2026-09-21)): every ORIG/AP row of the committed SHA-verified openFDA payload; facts verbatim from the payload; application type and holder cross-checked against the full official Drugs@FDA database (Applications_all_types.txt, 29,336 applications); no ticker, indication or applicant lineage asserted."
PRE1965AUDIT-1951-18,1951,NDA008248,NDA,1951-12-29,TYPE 3,Type 3 - New Dosage Form,STANDARD,FALSE,Type 3 - New Dosage Form,BAXTER HLTHCARE CORP,MATCH,WYAMINE SULFATE,MEPHENTERMINE SULFATE EQ 15MG BASE/ML,INJECTABLE; INJECTION,2,Discontinued,first-in-payloads (1939-1964 universe),non-NME row: earlier appearances permitted by construction; see ingredient_first_appearance,none (not a Type 1/1-4 original approval),MATCH,https://www.accessdata.fda.gov/scripts/cder/daf/index.cfm?event=overview.process&varApplNo=008248,https://api.fda.gov/drug/drugsfda.json?search=application_number:%22NDA008248%22,Verified (live probe match),"Row of the complete 1939-1964 original-application audit (v26 (2026-09-21)): every ORIG/AP row of the committed SHA-verified openFDA payload; facts verbatim from the payload; application type and holder cross-checked against the full official Drugs@FDA database (Applications_all_types.txt, 29,336 applications); no ticker, indication or applicant lineage asserted."
PRE1965AUDIT-1952-01,1952,NDA008284,NDA,1952-01-14,TYPE 5,Type 5 - New Formulation or New Manufacturer,STANDARD,FALSE,Type 5 - New Formulation or New Manufacturer,PANRAY,MATCH,CORTISONE ACETATE,CORTISONE ACETATE 5MG,TABLET; ORAL,2,Discontinued,1950-06-13 on NDA007110,non-NME row: earlier appearances permitted by construction; see ingredient_first_appearance,none (not a Type 1/1-4 original approval),MATCH,https://www.accessdata.fda.gov/scripts/cder/daf/index.cfm?event=overview.process&varApplNo=008284,https://api.fda.gov/drug/drugsfda.json?search=application_number:%22NDA008284%22,Verified (live probe match),"Row of the complete 1939-1964 original-application audit (v26 (2026-09-21)): every ORIG/AP row of the committed SHA-verified openFDA payload; facts verbatim from the payload; application type and holder cross-checked against the full official Drugs@FDA database (Applications_all_types.txt, 29,336 applications); no ticker, indication or applicant lineage asserted."
PRE1965AUDIT-1952-02,1952,NDA008306,NDA,1952-01-21,TYPE 4,Type 4 - New Combination,STANDARD,FALSE,Type 4 - New Combination,ANI PHARMS,MATCH,PHENERGAN W/ CODEINE,CODEINE PHOSPHATE 10MG/5ML; PROMETHAZINE HYDROCHLORIDE 6.25MG/5ML **Federal Register determination that product was not discontinued or withdrawn for safety or effectiveness reasons**,SYRUP; ORAL,2,Discontinued,1951-03-29 on NDA007935,non-NME row: earlier appearances permitted by construction; see ingredient_first_appearance,none (not a Type 1/1-4 original approval),MATCH,https://www.accessdata.fda.gov/scripts/cder/daf/index.cfm?event=overview.process&varApplNo=008306,https://api.fda.gov/drug/drugsfda.json?search=application_number:%22NDA008306%22,Verified (live probe match),"Row of the complete 1939-1964 original-application audit (v26 (2026-09-21)): every ORIG/AP row of the committed SHA-verified openFDA payload; facts verbatim from the payload; application type and holder cross-checked against the full official Drugs@FDA database (Applications_all_types.txt, 29,336 applications); no ticker, indication or applicant lineage asserted."
PRE1965AUDIT-1952-03,1952,NDA008316,NDA,1952-01-23,TYPE 5,Type 5 - New Formulation or New Manufacturer,STANDARD,FALSE,Type 5 - New Formulation or New Manufacturer,SANOFI AVENTIS US,MATCH,PRIMAQUINE,PRIMAQUINE PHOSPHATE EQ 15MG BASE,TABLET; ORAL,1,Prescription,first-in-payloads (1939-1964 universe),non-NME row: earlier appearances permitted by construction; see ingredient_first_appearance,none (not a Type 1/1-4 original approval),MATCH,https://www.accessdata.fda.gov/scripts/cder/daf/index.cfm?event=overview.process&varApplNo=008316,https://api.fda.gov/drug/drugsfda.json?search=application_number:%22NDA008316%22,Verified (live probe match),"Row of the complete 1939-1964 original-application audit (v26 (2026-09-21)): every ORIG/AP row of the committed SHA-verified openFDA payload; facts verbatim from the payload; application type and holder cross-checked against the full official Drugs@FDA database (Applications_all_types.txt, 29,336 applications); no ticker, indication or applicant lineage asserted."
PRE1965AUDIT-1952-04,1952,NDA008278,NDA,1952-01-30,TYPE 1,Type 1 - New Molecular Entity,PRIORITY,TRUE,NME (Type 1),NOVARTIS,MATCH,REGITINE,PHENTOLAMINE MESYLATE 5MG/VIAL **Federal Register determination that product was not discontinued or withdrawn for safety or effectiveness reasons**,INJECTABLE; INJECTION,1,Discontinued,first-in-payloads (1939-1964 universe),"first appearance in the 1939-1964 payload universe (Drugs@FDA coverage before 1965 is incomplete: re-approval screen, not proof of first marketing)",PRE1965-1952-04 (data/pre1965_fda_decisions.csv),MATCH,https://www.accessdata.fda.gov/scripts/cder/daf/index.cfm?event=overview.process&varApplNo=008278,https://api.fda.gov/drug/drugsfda.json?search=application_number:%22NDA008278%22,Verified (live probe match),"Row of the complete 1939-1964 original-application audit (v26 (2026-09-21)): every ORIG/AP row of the committed SHA-verified openFDA payload; facts verbatim from the payload; application type and holder cross-checked against the full official Drugs@FDA database (Applications_all_types.txt, 29,336 applications); no ticker, indication or applicant lineage asserted."
PRE1965AUDIT-1952-05,1952,NDA008317,NDA,1952-03-14,TYPE 5,Type 5 - New Formulation or New Manufacturer,STANDARD,FALSE,Type 5 - New Formulation or New Manufacturer,PARKEDALE,MATCH,ACTH,CORTICOTROPIN 40 UNITS/VIAL,INJECTABLE; INJECTION,2,Discontinued,1950-07-03 on NDA007504,non-NME row: earlier appearances permitted by construction; see ingredient_first_appearance,none (not a Type 1/1-4 original approval),MATCH,https://www.accessdata.fda.gov/scripts/cder/daf/index.cfm?event=overview.process&varApplNo=008317,https://api.fda.gov/drug/drugsfda.json?search=application_number:%22NDA008317%22,Verified (live probe match),"Row of the complete 1939-1964 original-application audit (v26 (2026-09-21)): every ORIG/AP row of the committed SHA-verified openFDA payload; facts verbatim from the payload; application type and holder cross-checked against the full official Drugs@FDA database (Applications_all_types.txt, 29,336 applications); no ticker, indication or applicant lineage asserted."
PRE1965AUDIT-1952-06,1952,NDA008381,NDA,1952-04-11,TYPE 2,Type 2 - New Active Ingredient,STANDARD,FALSE,Type 2 - New Active Ingredient,ANI PHARMS,MATCH,PROMETHAZINE HYDROCHLORIDE PLAIN,PROMETHAZINE HYDROCHLORIDE 25MG/5ML **Federal Register determination that product was not discontinued or withdrawn for safety or effectiveness reasons**,SYRUP; ORAL,2,Discontinued,1951-03-29 on NDA007935,non-NME row: earlier appearances permitted by construction; see ingredient_first_appearance,none (not a Type 1/1-4 original approval),MATCH,https://www.accessdata.fda.gov/scripts/cder/daf/index.cfm?event=overview.process&varApplNo=008381,https://api.fda.gov/drug/drugsfda.json?search=application_number:%22NDA008381%22,Verified (live probe match),"Row of the complete 1939-1964 original-application audit (v26 (2026-09-21)): every ORIG/AP row of the committed SHA-verified openFDA payload; facts verbatim from the payload; application type and holder cross-checked against the full official Drugs@FDA database (Applications_all_types.txt, 29,336 applications); no ticker, indication or applicant lineage asserted."
PRE1965AUDIT-1952-07,1952,NDA008372,NDA,1952-04-29,TYPE 5,Type 5 - New Formulation or New Manufacturer,STANDARD,FALSE,Type 5 - New Formulation or New Manufacturer,MALLINCKRODT IRELAND,MATCH,ACTHAR GEL,CORTICOTROPIN 40 UNITS/ML,INJECTABLE; INJECTION,4,Discontinued,1950-07-03 on NDA007504,non-NME row: earlier appearances permitted by construction; see ingredient_first_appearance,none (not a Type 1/1-4 original approval),MATCH,https://www.accessdata.fda.gov/scripts/cder/daf/index.cfm?event=overview.process&varApplNo=008372,https://api.fda.gov/drug/drugsfda.json?search=application_number:%22NDA008372%22,Verified (live probe match),"Row of the complete 1939-1964 original-application audit (v26 (2026-09-21)): every ORIG/AP row of the committed SHA-verified openFDA payload; facts verbatim from the payload; application type and holder cross-checked against the full official Drugs@FDA database (Applications_all_types.txt, 29,336 applications); no ticker, indication or applicant lineage asserted."
PRE1965AUDIT-1952-08,1952,NDA008107,NDA,1952-06-20,TYPE 1,Type 1 - New Molecular Entity,PRIORITY,TRUE,NME (Type 1),HOSPIRA,MATCH,LEUCOVORIN CALCIUM,LEUCOVORIN CALCIUM EQ 100MG BASE/VIAL **Federal Register determination that product was not discontinued or withdrawn for safety or effectiveness reasons**,INJECTABLE; INJECTION,5,Discontinued,first-in-payloads (1939-1964 universe),"first appearance in the 1939-1964 payload universe (Drugs@FDA coverage before 1965 is incomplete: re-approval screen, not proof of first marketing)",PRE1965-1952-08 (data/pre1965_fda_decisions.csv),MATCH,https://www.accessdata.fda.gov/scripts/cder/daf/index.cfm?event=overview.process&varApplNo=008107,https://api.fda.gov/drug/drugsfda.json?search=application_number:%22NDA008107%22,Verified (live probe match),"Row of the complete 1939-1964 original-application audit (v26 (2026-09-21)): every ORIG/AP row of the committed SHA-verified openFDA payload; facts verbatim from the payload; application type and holder cross-checked against the full official Drugs@FDA database (Applications_all_types.txt, 29,336 applications); no ticker, indication or applicant lineage asserted."
PRE1965AUDIT-1952-09,1952,NDA050141,NDA,1952-06-27,UNKNOWN,,UNKNOWN,FALSE,NOT PUBLISHED (blank class),KING PHARMS LLC,MATCH,BICILLIN L-A,"PENICILLIN G BENZATHINE 300,000 UNITS/ML",INJECTABLE; INJECTION,2,Discontinued,1951-11-22 on NDA050126,non-NME row: earlier appearances permitted by construction; see ingredient_first_appearance,none (not a Type 1/1-4 original approval),MATCH,https://www.accessdata.fda.gov/scripts/cder/daf/index.cfm?event=overview.process&varApplNo=050141,https://api.fda.gov/drug/drugsfda.json?search=application_number:%22NDA050141%22,Verified (live probe match),"Row of the complete 1939-1964 original-application audit (v26 (2026-09-21)): every ORIG/AP row of the committed SHA-verified openFDA payload; facts verbatim from the payload; application type and holder cross-checked against the full official Drugs@FDA database (Applications_all_types.txt, 29,336 applications); no ticker, indication or applicant lineage asserted."
PRE1965AUDIT-1952-10,1952,NDA008506,NDA,1952-08-05,TYPE 2/4,Type 2 New Active Ingredient and Type 4 New Combination,PRIORITY,FALSE,Type 2 New Active Ingredient and Type 4 New Combination,MERCK,MATCH,HYDROCORTONE,HYDROCORTISONE 10MG,TABLET; ORAL,2,Discontinued,first-in-payloads (1939-1964 universe),non-NME row: earlier appearances permitted by construction; see ingredient_first_appearance,none (not a Type 1/1-4 original approval),MATCH,https://www.accessdata.fda.gov/scripts/cder/daf/index.cfm?event=overview.process&varApplNo=008506,https://api.fda.gov/drug/drugsfda.json?search=application_number:%22NDA008506%22,Verified (live probe match),"Row of the complete 1939-1964 original-application audit (v26 (2026-09-21)): every ORIG/AP row of the committed SHA-verified openFDA payload; facts verbatim from the payload; application type and holder cross-checked against the full official Drugs@FDA database (Applications_all_types.txt, 29,336 applications); no ticker, indication or applicant lineage asserted."
PRE1965AUDIT-1952-11,1952,NDA008370,NDA,1952-08-13,TYPE 3,Type 3 - New Dosage Form,STANDARD,FALSE,Type 3 - New Dosage Form,ABBVIE,MATCH,BENTYL,DICYCLOMINE HYDROCHLORIDE 10MG/ML,INJECTABLE; INJECTION,2,Discontinued,1950-05-11 on NDA007409,non-NME row: earlier appearances permitted by construction; see ingredient_first_appearance,none (not a Type 1/1-4 original approval),MATCH,https://www.accessdata.fda.gov/scripts/cder/daf/index.cfm?event=overview.process&varApplNo=008370,https://api.fda.gov/drug/drugsfda.json?search=application_number:%22NDA008370%22,Verified (live probe match),"Row of the complete 1939-1964 original-application audit (v26 (2026-09-21)): every ORIG/AP row of the committed SHA-verified openFDA payload; facts verbatim from the payload; application type and holder cross-checked against the full official Drugs@FDA database (Applications_all_types.txt, 29,336 applications); no ticker, indication or applicant lineage asserted."
PRE1965AUDIT-1952-12,1952,NDA008453,NDA,1952-08-20,TYPE 1,Type 1 - New Molecular Entity,PRIORITY,TRUE,NME (Type 1),SANDOZ,MATCH,ANECTINE,SUCCINYLCHOLINE CHLORIDE 1GM/VIAL,INJECTABLE; INJECTION,4,Discontinued,first-in-payloads (1939-1964 universe),"first appearance in the 1939-1964 payload universe (Drugs@FDA coverage before 1965 is incomplete: re-approval screen, not proof of first marketing)",PRE1965-1952-12 (data/pre1965_fda_decisions.csv),MATCH,https://www.accessdata.fda.gov/scripts/cder/daf/index.cfm?event=overview.process&varApplNo=008453,https://api.fda.gov/drug/drugsfda.json?search=application_number:%22NDA008453%22,Verified (live probe match),"Row of the complete 1939-1964 original-application audit (v26 (2026-09-21)): every ORIG/AP row of the committed SHA-verified openFDA payload; facts verbatim from the payload; application type and holder cross-checked against the full official Drugs@FDA database (Applications_all_types.txt, 29,336 applications); no ticker, indication or applicant lineage asserted."
PRE1965AUDIT-1952-13,1952,NDA008592,NDA,1952-09-19,TYPE 1/4,Type 1 - New Molecular Entity and Type 4 - New Combination,STANDARD,TRUE,NME + new combination (Type 1/4),EASTMAN KODAK,MATCH,RAVOCAINE AND NOVOCAIN W/ NEO-COBEFRIN,LEVONORDEFRIN 0.05MG/ML; PROCAINE HYDROCHLORIDE 2%; PROPOXYCAINE HYDROCHLORIDE 0.4%,INJECTABLE; INJECTION,2,Discontinued,1950-07-13 on NDA007513,"FLAG-RESCREEN: NOREPINEPHRINE BITARTRATE first seen 1950-07-13 on NDA007513 - ingredient already appears on an earlier row of the 1939-1964 payload universe (sibling pair or re-approval of a marketed ingredient). Flagged for review; the row is kept verbatim and excluded only from the counted-once statistic. Drugs@FDA pre-1965 coverage is incomplete, so an earlier marketing may also simply be absent from the payloads.",PRE1965-1952-13 (data/pre1965_fda_decisions.csv),MATCH,https://www.accessdata.fda.gov/scripts/cder/daf/index.cfm?event=overview.process&varApplNo=008592,https://api.fda.gov/drug/drugsfda.json?search=application_number:%22NDA008592%22,Verified (live probe match); re-screening flag (see ingredient_screen),"Row of the complete 1939-1964 original-application audit (v26 (2026-09-21)): every ORIG/AP row of the committed SHA-verified openFDA payload; facts verbatim from the payload; application type and holder cross-checked against the full official Drugs@FDA database (Applications_all_types.txt, 29,336 applications); no ticker, indication or applicant lineage asserted."
PRE1965AUDIT-1952-14,1952,NDA008662,NDA,1952-09-29,TYPE 3,Type 3 - New Dosage Form,STANDARD,FALSE,Type 3 - New Dosage Form,SANDOZ,MATCH,NYDRAZID,ISONIAZID 100MG/ML **Federal Register determination that product was not discontinued or withdrawn for safety or effectiveness reasons**,INJECTABLE; INJECTION,1,Discontinued,first-in-payloads (1939-1964 universe),non-NME row: earlier appearances permitted by construction; see ingredient_first_appearance,none (not a Type 1/1-4 original approval),MATCH,https://www.accessdata.fda.gov/scripts/cder/daf/index.cfm?event=overview.process&varApplNo=008662,https://api.fda.gov/drug/drugsfda.json?search=application_number:%22NDA008662%22,Verified (live probe match),"Row of the complete 1939-1964 original-application audit (v26 (2026-09-21)): every ORIG/AP row of the committed SHA-verified openFDA payload; facts verbatim from the payload; application type and holder cross-checked against the full official Drugs@FDA database (Applications_all_types.txt, 29,336 applications); no ticker, indication or applicant lineage asserted."
PRE1965AUDIT-1952-15,1952,NDA008173,NDA,1952-11-10,TYPE 1,Type 1 - New Molecular Entity,PRIORITY,TRUE,NME (Type 1),VALEANT PHARM INTL,MATCH,BENOQUIN,MONOBENZONE 20%,CREAM; TOPICAL,1,Discontinued,first-in-payloads (1939-1964 universe),"first appearance in the 1939-1964 payload universe (Drugs@FDA coverage before 1965 is incomplete: re-approval screen, not proof of first marketing)",PRE1965-1952-15 (data/pre1965_fda_decisions.csv),MATCH,https://www.accessdata.fda.gov/scripts/cder/daf/index.cfm?event=overview.process&varApplNo=008173,https://api.fda.gov/drug/drugsfda.json?search=application_number:%22NDA008173%22,Verified (live probe match),"Row of the complete 1939-1964 original-application audit (v26 (2026-09-21)): every ORIG/AP row of the committed SHA-verified openFDA payload; facts verbatim from the payload; application type and holder cross-checked against the full official Drugs@FDA database (Applications_all_types.txt, 29,336 applications); no ticker, indication or applicant lineage asserted."
PRE1965AUDIT-1952-16,1952,NDA008678,NDA,1952-11-17,TYPE 5,Type 5 - New Formulation or New Manufacturer,STANDARD,FALSE,Type 5 - New Formulation or New Manufacturer,EPIC PHARMA LLC,MATCH,ISONIAZID,ISONIAZID 100MG **Federal Register determination that product was not discontinued or withdrawn for safety or effectiveness reasons**,TABLET; ORAL,2,Discontinued,1952-09-29 on NDA008662,non-NME row: earlier appearances permitted by construction; see ingredient_first_appearance,none (not a Type 1/1-4 original approval),MATCH,https://www.accessdata.fda.gov/scripts/cder/daf/index.cfm?event=overview.process&varApplNo=008678,https://api.fda.gov/drug/drugsfda.json?search=application_number:%22NDA008678%22,Verified (live probe match),"Row of the complete 1939-1964 original-application audit (v26 (2026-09-21)): every ORIG/AP row of the committed SHA-verified openFDA payload; facts verbatim from the payload; application type and holder cross-checked against the full official Drugs@FDA database (Applications_all_types.txt, 29,336 applications); no ticker, indication or applicant lineage asserted."
PRE1965AUDIT-1952-17,1952,NDA008697,NDA,1952-12-15,TYPE 5,Type 5 - New Formulation or New Manufacturer,STANDARD,FALSE,Type 5 - New Formulation or New Manufacturer,PHARMACIA AND UPJOHN,MATCH,CORTEF,HYDROCORTISONE 20MG,TABLET; ORAL,3,Prescription,1952-08-05 on NDA008506,non-NME row: earlier appearances permitted by construction; see ingredient_first_appearance,none (not a Type 1/1-4 original approval),MATCH,https://www.accessdata.fda.gov/scripts/cder/daf/index.cfm?event=overview.process&varApplNo=008697,https://api.fda.gov/drug/drugsfda.json?search=application_number:%22NDA008697%22,Verified (live probe match),"Row of the complete 1939-1964 original-application audit (v26 (2026-09-21)): every ORIG/AP row of the committed SHA-verified openFDA payload; facts verbatim from the payload; application type and holder cross-checked against the full official Drugs@FDA database (Applications_all_types.txt, 29,336 applications); no ticker, indication or applicant lineage asserted."
PRE1965AUDIT-1952-18,1952,NDA060014,NDA,1952-12-16,,,,FALSE,NOT PUBLISHED (blank class),CASPER PHARMA LLC,MATCH,PERMAPEN,"PENICILLIN G BENZATHINE 600,000 UNITS/ML",INJECTABLE; INJECTION,1,Discontinued,1951-11-22 on NDA050126,non-NME row: earlier appearances permitted by construction; see ingredient_first_appearance,none (not a Type 1/1-4 original approval),MATCH,https://www.accessdata.fda.gov/scripts/cder/daf/index.cfm?event=overview.process&varApplNo=060014,https://api.fda.gov/drug/drugsfda.json?search=application_number:%22NDA060014%22,Verified (live probe match),"Row of the complete 1939-1964 original-application audit (v26 (2026-09-21)): every ORIG/AP row of the committed SHA-verified openFDA payload; facts verbatim from the payload; application type and holder cross-checked against the full official Drugs@FDA database (Applications_all_types.txt, 29,336 applications); no ticker, indication or applicant lineage asserted."
PRE1965AUDIT-1953-01,1953,NDA008762,NDA,1953-01-06,TYPE 2,Type 2 - New Active Ingredient,STANDARD,FALSE,Type 2 - New Active Ingredient,VIATRIS,MATCH,DILANTIN-125,PHENYTOIN 125MG/5ML,SUSPENSION; ORAL,2,Prescription,first-in-payloads (1939-1964 universe),non-NME row: earlier appearances permitted by construction; see ingredient_first_appearance,none (not a Type 1/1-4 original approval),MATCH,https://www.accessdata.fda.gov/scripts/cder/daf/index.cfm?event=overview.process&varApplNo=008762,https://api.fda.gov/drug/drugsfda.json?search=application_number:%22NDA008762%22,Verified (live probe match),"Row of the complete 1939-1964 original-application audit (v26 (2026-09-21)): every ORIG/AP row of the committed SHA-verified openFDA payload; facts verbatim from the payload; application type and holder cross-checked against the full official Drugs@FDA database (Applications_all_types.txt, 29,336 applications); no ticker, indication or applicant lineage asserted."
PRE1965AUDIT-1953-02,1953,NDA008719,NDA,1953-01-08,TYPE 3,Type 3 - New Dosage Form,PRIORITY,FALSE,Type 3 - New Dosage Form,VALEANT PHARM INTL,MATCH,LEVO-DROMORAN,LEVORPHANOL TARTRATE 2MG/ML,INJECTABLE; INJECTION,1,Discontinued,first-in-payloads (1939-1964 universe),non-NME row: earlier appearances permitted by construction; see ingredient_first_appearance,none (not a Type 1/1-4 original approval),MATCH,https://www.accessdata.fda.gov/scripts/cder/daf/index.cfm?event=overview.process&varApplNo=008719,https://api.fda.gov/drug/drugsfda.json?search=application_number:%22NDA008719%22,Verified (live probe match),"Row of the complete 1939-1964 original-application audit (v26 (2026-09-21)): every ORIG/AP row of the committed SHA-verified openFDA payload; facts verbatim from the payload; application type and holder cross-checked against the full official Drugs@FDA database (Applications_all_types.txt, 29,336 applications); no ticker, indication or applicant lineage asserted."
PRE1965AUDIT-1953-03,1953,NDA008720,NDA,1953-01-08,TYPE 3,Type 3 - New Dosage Form,PRIORITY,FALSE,Type 3 - New Dosage Form,VALEANT PHARM INTL,MATCH,LEVO-DROMORAN,LEVORPHANOL TARTRATE 2MG **Federal Register determination that product was not discontinued or withdrawn for safety or effectiveness reasons**,TABLET; ORAL,1,Discontinued,1953-01-08 on NDA008719,non-NME row: earlier appearances permitted by construction; see ingredient_first_appearance,none (not a Type 1/1-4 original approval),MATCH,https://www.accessdata.fda.gov/scripts/cder/daf/index.cfm?event=overview.process&varApplNo=008720,https://api.fda.gov/drug/drugsfda.json?search=application_number:%22NDA008720%22,Verified (live probe match),"Row of the complete 1939-1964 original-application audit (v26 (2026-09-21)): every ORIG/AP row of the committed SHA-verified openFDA payload; facts verbatim from the payload; application type and holder cross-checked against the full official Drugs@FDA database (Applications_all_types.txt, 29,336 applications); no ticker, indication or applicant lineage asserted."
PRE1965AUDIT-1953-04,1953,NDA008303,NDA,1953-01-15,TYPE 1,Type 1 - New Molecular Entity,PRIORITY,TRUE,NME (Type 1),NOVARTIS,MATCH,APRESOLINE,HYDRALAZINE HYDROCHLORIDE 25MG **Federal Register determination that product was not discontinued or withdrawn for safety or effectiveness reasons**,TABLET; ORAL,5,Discontinued,first-in-payloads (1939-1964 universe),"first appearance in the 1939-1964 payload universe (Drugs@FDA coverage before 1965 is incomplete: re-approval screen, not proof of first marketing)",PRE1965-1953-04 (data/pre1965_fda_decisions.csv),MATCH,https://www.accessdata.fda.gov/scripts/cder/daf/index.cfm?event=overview.process&varApplNo=008303,https://api.fda.gov/drug/drugsfda.json?search=application_number:%22NDA008303%22,Verified (live probe match),"Row of the complete 1939-1964 original-application audit (v26 (2026-09-21)): every ORIG/AP row of the committed SHA-verified openFDA payload; facts verbatim from the payload; application type and holder cross-checked against the full official Drugs@FDA database (Applications_all_types.txt, 29,336 applications); no ticker, indication or applicant lineage asserted."
PRE1965AUDIT-1953-05,1953,NDA008578,NDA,1953-01-23,TYPE 1,Type 1 - New Molecular Entity,PRIORITY,TRUE,NME (Type 1),TILDE SCIENCES,MATCH,DARAPRIM,PYRIMETHAMINE 25MG,TABLET; ORAL,1,Prescription,first-in-payloads (1939-1964 universe),"first appearance in the 1939-1964 payload universe (Drugs@FDA coverage before 1965 is incomplete: re-approval screen, not proof of first marketing)",PRE1965-1953-05 (data/pre1965_fda_decisions.csv),MATCH,https://www.accessdata.fda.gov/scripts/cder/daf/index.cfm?event=overview.process&varApplNo=008578,https://api.fda.gov/drug/drugsfda.json?search=application_number:%22NDA008578%22,Verified (live probe match),"Row of the complete 1939-1964 original-application audit (v26 (2026-09-21)): every ORIG/AP row of the committed SHA-verified openFDA payload; facts verbatim from the payload; application type and holder cross-checked against the full official Drugs@FDA database (Applications_all_types.txt, 29,336 applications); no ticker, indication or applicant lineage asserted."
PRE1965AUDIT-1953-06,1953,NDA008708,NDA,1953-01-26,TYPE 1,Type 1 - New Molecular Entity,PRIORITY,TRUE,NME (Type 1),ADVANZ PHARMA,MATCH,DIBENZYLINE,PHENOXYBENZAMINE HYDROCHLORIDE 10MG,CAPSULE; ORAL,1,Discontinued,first-in-payloads (1939-1964 universe),"first appearance in the 1939-1964 payload universe (Drugs@FDA coverage before 1965 is incomplete: re-approval screen, not proof of first marketing)",PRE1965-1953-06 (data/pre1965_fda_decisions.csv),MATCH,https://www.accessdata.fda.gov/scripts/cder/daf/index.cfm?event=overview.process&varApplNo=008708,https://api.fda.gov/drug/drugsfda.json?search=application_number:%22NDA008708%22,Verified (live probe match),"Row of the complete 1939-1964 original-application audit (v26 (2026-09-21)): every ORIG/AP row of the committed SHA-verified openFDA payload; facts verbatim from the payload; application type and holder cross-checked against the full official Drugs@FDA database (Applications_all_types.txt, 29,336 applications); no ticker, indication or applicant lineage asserted."
PRE1965AUDIT-1953-07,1953,NDA008693,NDA,1953-02-06,TYPE 1,Type 1 - New Molecular Entity,PRIORITY,TRUE,NME (Type 1),PROCTER AND GAMBLE,MATCH,FURADANTIN,NITROFURANTOIN 100MG,TABLET; ORAL,2,Discontinued,first-in-payloads (1939-1964 universe),"first appearance in the 1939-1964 payload universe (Drugs@FDA coverage before 1965 is incomplete: re-approval screen, not proof of first marketing)",PRE1965-1953-07 (data/pre1965_fda_decisions.csv),MATCH,https://www.accessdata.fda.gov/scripts/cder/daf/index.cfm?event=overview.process&varApplNo=008693,https://api.fda.gov/drug/drugsfda.json?search=application_number:%22NDA008693%22,Verified (live probe match),"Row of the complete 1939-1964 original-application audit (v26 (2026-09-21)): every ORIG/AP row of the committed SHA-verified openFDA payload; facts verbatim from the payload; application type and holder cross-checked against the full official Drugs@FDA database (Applications_all_types.txt, 29,336 applications); no ticker, indication or applicant lineage asserted."
PRE1965AUDIT-1953-08,1953,NDA008809,NDA,1953-02-20,TYPE 4,Type 4 - New Combination,STANDARD,FALSE,Type 4 - New Combination,HOSPIRA,MATCH,M.V.I.-12 ADULT,ASCORBIC ACID 20MG/ML; BIOTIN 0.006MG/ML; CYANOCOBALAMIN 0.5MCG/ML; DEXPANTHENOL 1.5MG/ML; ERGOCALCIFEROL 20 IU/ML; FOLIC ACID 0.6MG/ML; NIACINAMIDE 4MG/ML; PYRIDOXINE HYDROCHLORIDE 0.4MG/ML; RIBOFLAVIN 0.36MG/ML; THIAMINE HYDROCHLORIDE 0.6MG/ML; VITAMIN A 330 UNITS/ML; VITAMIN E 1 IU/ML,INJECTABLE; INJECTION,3,Discontinued,1947-07-28 on NDA006071,non-NME row: earlier appearances permitted by construction; see ingredient_first_appearance,none (not a Type 1/1-4 original approval),MATCH,https://www.accessdata.fda.gov/scripts/cder/daf/index.cfm?event=overview.process&varApplNo=008809,https://api.fda.gov/drug/drugsfda.json?search=application_number:%22NDA008809%22,Verified (live probe match),"Row of the complete 1939-1964 original-application audit (v26 (2026-09-21)): every ORIG/AP row of the committed SHA-verified openFDA payload; facts verbatim from the payload; application type and holder cross-checked against the full official Drugs@FDA database (Applications_all_types.txt, 29,336 applications); no ticker, indication or applicant lineage asserted."
PRE1965AUDIT-1953-09,1953,NDA008816,NDA,1953-03-12,TYPE 3,Type 3 - New Dosage Form,STANDARD,FALSE,Type 3 - New Dosage Form,EPIC PHARMA LLC,MATCH,XYLOCAINE,LIDOCAINE HYDROCHLORIDE 2% **Federal Register determination that product was not discontinued or withdrawn for safety or effectiveness reasons**,JELLY; TOPICAL,1,Discontinued,1948-11-19 on NDA006488,non-NME row: earlier appearances permitted by construction; see ingredient_first_appearance,none (not a Type 1/1-4 original approval),MATCH,https://www.accessdata.fda.gov/scripts/cder/daf/index.cfm?event=overview.process&varApplNo=008816,https://api.fda.gov/drug/drugsfda.json?search=application_number:%22NDA008816%22,Verified (live probe match),"Row of the complete 1939-1964 original-application audit (v26 (2026-09-21)): every ORIG/AP row of the committed SHA-verified openFDA payload; facts verbatim from the payload; application type and holder cross-checked against the full official Drugs@FDA database (Applications_all_types.txt, 29,336 applications); no ticker, indication or applicant lineage asserted."
PRE1965AUDIT-1953-10,1953,NDA050205,NDA,1953-03-30,UNKNOWN,,UNKNOWN,FALSE,NOT PUBLISHED (blank class),PARKEDALE,MATCH,CHLOROMYCETIN,CHLORAMPHENICOL 0.5%,SOLUTION/DROPS; OTIC,1,Discontinued,1951-06-01 on NDA050143,non-NME row: earlier appearances permitted by construction; see ingredient_first_appearance,none (not a Type 1/1-4 original approval),MATCH,https://www.accessdata.fda.gov/scripts/cder/daf/index.cfm?event=overview.process&varApplNo=050205,https://api.fda.gov/drug/drugsfda.json?search=application_number:%22NDA050205%22,Verified (live probe match),"Row of the complete 1939-1964 original-application audit (v26 (2026-09-21)): every ORIG/AP row of the committed SHA-verified openFDA payload; facts verbatim from the payload; application type and holder cross-checked against the full official Drugs@FDA database (Applications_all_types.txt, 29,336 applications); no ticker, indication or applicant lineage asserted."
PRE1965AUDIT-1953-11,1953,NDA008732,NDA,1953-04-02,TYPE 1,Type 1 - New Molecular Entity,STANDARD,TRUE,NME (Type 1),SHIRE,MATCH,PRO-BANTHINE,PROPANTHELINE BROMIDE 7.5MG **Federal Register determination that product was not discontinued or withdrawn for safety or effectiveness reasons**,TABLET; ORAL,2,Discontinued,first-in-payloads (1939-1964 universe),"first appearance in the 1939-1964 payload universe (Drugs@FDA coverage before 1965 is incomplete: re-approval screen, not proof of first marketing)",PRE1965-1953-11 (data/pre1965_fda_decisions.csv),MATCH,https://www.accessdata.fda.gov/scripts/cder/daf/index.cfm?event=overview.process&varApplNo=008732,https://api.fda.gov/drug/drugsfda.json?search=application_number:%22NDA008732%22,Verified (live probe match),"Row of the complete 1939-1964 original-application audit (v26 (2026-09-21)): every ORIG/AP row of the committed SHA-verified openFDA payload; facts verbatim from the payload; application type and holder cross-checked against the full official Drugs@FDA database (Applications_all_types.txt, 29,336 applications); no ticker, indication or applicant lineage asserted."
PRE1965AUDIT-1953-12,1953,NDA008848,NDA,1953-04-09,TYPE 1,Type 1 - New Molecular Entity,STANDARD,TRUE,NME (Type 1),FOUGERA,MATCH,PAMINE FORTE,METHSCOPOLAMINE BROMIDE 5MG **Federal Register determination that product was not discontinued or withdrawn for safety or effectiveness reasons**,TABLET; ORAL,2,Discontinued,first-in-payloads (1939-1964 universe),"first appearance in the 1939-1964 payload universe (Drugs@FDA coverage before 1965 is incomplete: re-approval screen, not proof of first marketing)",PRE1965-1953-12 (data/pre1965_fda_decisions.csv),MATCH,https://www.accessdata.fda.gov/scripts/cder/daf/index.cfm?event=overview.process&varApplNo=008848,https://api.fda.gov/drug/drugsfda.json?search=application_number:%22NDA008848%22,Verified (live probe match),"Row of the complete 1939-1964 original-application audit (v26 (2026-09-21)): every ORIG/AP row of the committed SHA-verified openFDA payload; facts verbatim from the payload; application type and holder cross-checked against the full official Drugs@FDA database (Applications_all_types.txt, 29,336 applications); no ticker, indication or applicant lineage asserted."
PRE1965AUDIT-1953-13,1953,NDA008847,NDA,1953-04-24,TYPE 5,Type 5 - New Formulation or New Manufacturer,STANDARD,FALSE,Type 5 - New Formulation or New Manufacturer,APOTHECON,MATCH,SUCOSTRIN,SUCCINYLCHOLINE CHLORIDE 100MG/ML,INJECTABLE; INJECTION,2,Discontinued,1952-08-20 on NDA008453,non-NME row: earlier appearances permitted by construction; see ingredient_first_appearance,none (not a Type 1/1-4 original approval),MATCH,https://www.accessdata.fda.gov/scripts/cder/daf/index.cfm?event=overview.process&varApplNo=008847,https://api.fda.gov/drug/drugsfda.json?search=application_number:%22NDA008847%22,Verified (live probe match),"Row of the complete 1939-1964 original-application audit (v26 (2026-09-21)): every ORIG/AP row of the committed SHA-verified openFDA payload; facts verbatim from the payload; application type and holder cross-checked against the full official Drugs@FDA database (Applications_all_types.txt, 29,336 applications); no ticker, indication or applicant lineage asserted."
PRE1965AUDIT-1953-14,1953,NDA009000,NDA,1953-04-24,TYPE 4,Type 4 - New Combination,PRIORITY,FALSE,Type 4 - New Combination,NOVARTIS,MATCH,CAFERGOT,CAFFEINE 100MG; ERGOTAMINE TARTRATE 2MG **Federal Register determination that product was not discontinued or withdrawn for safety or effectiveness reasons**,SUPPOSITORY; RECTAL,1,Discontinued,1948-11-26 on NDA006620,non-NME row: earlier appearances permitted by construction; see ingredient_first_appearance,none (not a Type 1/1-4 original approval),MATCH,https://www.accessdata.fda.gov/scripts/cder/daf/index.cfm?event=overview.process&varApplNo=009000,https://api.fda.gov/drug/drugsfda.json?search=application_number:%22NDA009000%22,Verified (live probe match),"Row of the complete 1939-1964 original-application audit (v26 (2026-09-21)): every ORIG/AP row of the committed SHA-verified openFDA payload; facts verbatim from the payload; application type and holder cross-checked against the full official Drugs@FDA database (Applications_all_types.txt, 29,336 applications); no ticker, indication or applicant lineage asserted."
PRE1965AUDIT-1953-15,1953,NDA009008,NDA,1953-04-30,TYPE 4,Type 4 - New Combination,STANDARD,FALSE,Type 4 - New Combination,ORTHO MCNEIL PHARM,MATCH,SALPIX,ACETRIZOATE SODIUM 53%,SOLUTION; INTRAUTERINE,1,Discontinued,first-in-payloads (1939-1964 universe),non-NME row: earlier appearances permitted by construction; see ingredient_first_appearance,none (not a Type 1/1-4 original approval),MATCH,https://www.accessdata.fda.gov/scripts/cder/daf/index.cfm?event=overview.process&varApplNo=009008,https://api.fda.gov/drug/drugsfda.json?search=application_number:%22NDA009008%22,Verified (live probe match),"Row of the complete 1939-1964 original-application audit (v26 (2026-09-21)): every ORIG/AP row of the committed SHA-verified openFDA payload; facts verbatim from the payload; application type and holder cross-checked against the full official Drugs@FDA database (Applications_all_types.txt, 29,336 applications); no ticker, indication or applicant lineage asserted."
PRE1965AUDIT-1953-16,1953,NDA008845,NDA,1953-05-01,TYPE 5,Type 5 - New Formulation or New Manufacturer,STANDARD,FALSE,Type 5 - New Formulation or New Manufacturer,HOSPIRA,MATCH,QUELICIN PRESERVATIVE FREE,SUCCINYLCHOLINE CHLORIDE 20MG/ML **Federal Register determination that product was not discontinued or withdrawn for safety or effectiveness reasons**,INJECTABLE; INJECTION,4,Discontinued,1952-08-20 on NDA008453,non-NME row: earlier appearances permitted by construction; see ingredient_first_appearance,none (not a Type 1/1-4 original approval),MATCH,https://www.accessdata.fda.gov/scripts/cder/daf/index.cfm?event=overview.process&varApplNo=008845,https://api.fda.gov/drug/drugsfda.json?search=application_number:%22NDA008845%22,Verified (live probe match),"Row of the complete 1939-1964 original-application audit (v26 (2026-09-21)): every ORIG/AP row of the committed SHA-verified openFDA payload; facts verbatim from the payload; application type and holder cross-checked against the full official Drugs@FDA database (Applications_all_types.txt, 29,336 applications); no ticker, indication or applicant lineage asserted."
PRE1965AUDIT-1953-17,1953,NDA050138,NDA,1953-05-18,UNKNOWN,,UNKNOWN,FALSE,NOT PUBLISHED (blank class),KING PHARMS LLC,MATCH,BICILLIN C-R,"PENICILLIN G BENZATHINE 150,000 UNITS/ML; PENICILLIN G PROCAINE 150,000 UNITS/ML",INJECTABLE; INJECTION,3,Discontinued,1951-11-22 on NDA050126,non-NME row: earlier appearances permitted by construction; see ingredient_first_appearance,none (not a Type 1/1-4 original approval),MATCH,https://www.accessdata.fda.gov/scripts/cder/daf/index.cfm?event=overview.process&varApplNo=050138,https://api.fda.gov/drug/drugsfda.json?search=application_number:%22NDA050138%22,Verified (live probe match),"Row of the complete 1939-1964 original-application audit (v26 (2026-09-21)): every ORIG/AP row of the committed SHA-verified openFDA payload; facts verbatim from the payload; application type and holder cross-checked against the full official Drugs@FDA database (Applications_all_types.txt, 29,336 applications); no ticker, indication or applicant lineage asserted."
PRE1965AUDIT-1953-18,1953,NDA008883,NDA,1953-07-01,TYPE 1,Type 1 - New Molecular Entity,STANDARD,TRUE,NME (Type 1),APOTHECON,MATCH,OPHTHAINE,PROPARACAINE HYDROCHLORIDE 0.5% **Federal Register determination that product was not discontinued or withdrawn for safety or effectiveness reasons**,SOLUTION/DROPS; OPHTHALMIC,1,Discontinued,first-in-payloads (1939-1964 universe),"first appearance in the 1939-1964 payload universe (Drugs@FDA coverage before 1965 is incomplete: re-approval screen, not proof of first marketing)",PRE1965-1953-18 (data/pre1965_fda_decisions.csv),MATCH,https://www.accessdata.fda.gov/scripts/cder/daf/index.cfm?event=overview.process&varApplNo=008883,https://api.fda.gov/drug/drugsfda.json?search=application_number:%22NDA008883%22,Verified (live probe match),"Row of the complete 1939-1964 original-application audit (v26 (2026-09-21)): every ORIG/AP row of the committed SHA-verified openFDA payload; facts verbatim from the payload; application type and holder cross-checked against the full official Drugs@FDA database (Applications_all_types.txt, 29,336 applications); no ticker, indication or applicant lineage asserted."
PRE1965AUDIT-1953-19,1953,NDA008922,NDA,1953-07-16,TYPE 1,Type 1 - New Molecular Entity,PRIORITY,TRUE,NME (Type 1),BAUSCH,MATCH,CALCIUM DISODIUM VERSENATE,EDETATE CALCIUM DISODIUM 200MG/ML **Federal Register determination that product was not discontinued or withdrawn for safety or effectiveness reasons**,INJECTABLE; INJECTION,2,Discontinued,first-in-payloads (1939-1964 universe),"first appearance in the 1939-1964 payload universe (Drugs@FDA coverage before 1965 is incomplete: re-approval screen, not proof of first marketing)",PRE1965-1953-19 (data/pre1965_fda_decisions.csv),MATCH,https://www.accessdata.fda.gov/scripts/cder/daf/index.cfm?event=overview.process&varApplNo=008922,https://api.fda.gov/drug/drugsfda.json?search=application_number:%22NDA008922%22,Verified (live probe match),"Row of the complete 1939-1964 original-application audit (v26 (2026-09-21)): every ORIG/AP row of the committed SHA-verified openFDA payload; facts verbatim from the payload; application type and holder cross-checked against the full official Drugs@FDA database (Applications_all_types.txt, 29,336 applications); no ticker, indication or applicant lineage asserted."
PRE1965AUDIT-1953-20,1953,NDA008951,NDA,1953-07-22,TYPE 1,Type 1 - New Molecular Entity,STANDARD,TRUE,NME (Type 1),LILLY,MATCH,PAGITANE,CYCRIMINE HYDROCHLORIDE 2.5MG,TABLET; ORAL,2,Discontinued,first-in-payloads (1939-1964 universe),"first appearance in the 1939-1964 payload universe (Drugs@FDA coverage before 1965 is incomplete: re-approval screen, not proof of first marketing)",PRE1965-1953-20 (data/pre1965_fda_decisions.csv),MATCH,https://www.accessdata.fda.gov/scripts/cder/daf/index.cfm?event=overview.process&varApplNo=008951,https://api.fda.gov/drug/drugsfda.json?search=application_number:%22NDA008951%22,Verified (live probe match),"Row of the complete 1939-1964 original-application audit (v26 (2026-09-21)): every ORIG/AP row of the committed SHA-verified openFDA payload; facts verbatim from the payload; application type and holder cross-checked against the full official Drugs@FDA database (Applications_all_types.txt, 29,336 applications); no ticker, indication or applicant lineage asserted."
PRE1965AUDIT-1953-21,1953,NDA008943,NDA,1953-07-27,TYPE 1,Type 1 - New Molecular Entity,PRIORITY,TRUE,NME (Type 1),TEVA BRANDED PHARM,MATCH,DIAMOX,ACETAZOLAMIDE 250MG **Federal Register determination that product was not discontinued or withdrawn for safety or effectiveness reasons**,TABLET; ORAL,2,Discontinued,first-in-payloads (1939-1964 universe),"first appearance in the 1939-1964 payload universe (Drugs@FDA coverage before 1965 is incomplete: re-approval screen, not proof of first marketing)",PRE1965-1953-21 (data/pre1965_fda_decisions.csv),MATCH,https://www.accessdata.fda.gov/scripts/cder/daf/index.cfm?event=overview.process&varApplNo=008943,https://api.fda.gov/drug/drugsfda.json?search=application_number:%22NDA008943%22,Verified (live probe match),"Row of the complete 1939-1964 original-application audit (v26 (2026-09-21)): every ORIG/AP row of the committed SHA-verified openFDA payload; facts verbatim from the payload; application type and holder cross-checked against the full official Drugs@FDA database (Applications_all_types.txt, 29,336 applications); no ticker, indication or applicant lineage asserted."
PRE1965AUDIT-1953-22,1953,NDA008917,NDA,1953-07-28,TYPE 5,Type 5 - New Formulation or New Manufacturer,STANDARD,FALSE,Type 5 - New Formulation or New Manufacturer,PHARMACIA AND UPJOHN,MATCH,CORTEF ACETATE,HYDROCORTISONE ACETATE 1%,OINTMENT; TOPICAL,2,Discontinued,1951-12-21 on NDA008228,non-NME row: earlier appearances permitted by construction; see ingredient_first_appearance,none (not a Type 1/1-4 original approval),MATCH,https://www.accessdata.fda.gov/scripts/cder/daf/index.cfm?event=overview.process&varApplNo=008917,https://api.fda.gov/drug/drugsfda.json?search=application_number:%22NDA008917%22,Verified (live probe match),"Row of the complete 1939-1964 original-application audit (v26 (2026-09-21)): every ORIG/AP row of the committed SHA-verified openFDA payload; facts verbatim from the payload; application type and holder cross-checked against the full official Drugs@FDA database (Applications_all_types.txt, 29,336 applications); no ticker, indication or applicant lineage asserted."
PRE1965AUDIT-1953-23,1953,NDA008855,NDA,1953-09-08,TYPE 1,Type 1 - New Molecular Entity,PRIORITY,TRUE,NME (Type 1),PARKE DAVIS,MATCH,MILONTIN,PHENSUXIMIDE 500MG,CAPSULE; ORAL,1,Discontinued,first-in-payloads (1939-1964 universe),"first appearance in the 1939-1964 payload universe (Drugs@FDA coverage before 1965 is incomplete: re-approval screen, not proof of first marketing)",PRE1965-1953-23 (data/pre1965_fda_decisions.csv),MATCH,https://www.accessdata.fda.gov/scripts/cder/daf/index.cfm?event=overview.process&varApplNo=008855,https://api.fda.gov/drug/drugsfda.json?search=application_number:%22NDA008855%22,Verified (live probe match),"Row of the complete 1939-1964 original-application audit (v26 (2026-09-21)): every ORIG/AP row of the committed SHA-verified openFDA payload; facts verbatim from the payload; application type and holder cross-checked against the full official Drugs@FDA database (Applications_all_types.txt, 29,336 applications); no ticker, indication or applicant lineage asserted."
PRE1965AUDIT-1953-24,1953,NDA009053,NDA,1953-09-11,TYPE 1,Type 1 - New Molecular Entity,PRIORITY,TRUE,NME (Type 1),STASON PHARMS,MATCH,PURINETHOL,MERCAPTOPURINE 50MG,TABLET; ORAL,1,Prescription,first-in-payloads (1939-1964 universe),"first appearance in the 1939-1964 payload universe (Drugs@FDA coverage before 1965 is incomplete: re-approval screen, not proof of first marketing)",PRE1965-1953-24 (data/pre1965_fda_decisions.csv),MATCH,https://www.accessdata.fda.gov/scripts/cder/daf/index.cfm?event=overview.process&varApplNo=009053,https://api.fda.gov/drug/drugsfda.json?search=application_number:%22NDA009053%22,Verified (live probe match),"Row of the complete 1939-1964 original-application audit (v26 (2026-09-21)): every ORIG/AP row of the committed SHA-verified openFDA payload; facts verbatim from the payload; application type and holder cross-checked against the full official Drugs@FDA database (Applications_all_types.txt, 29,336 applications); no ticker, indication or applicant lineage asserted."
PRE1965AUDIT-1953-25,1953,NDA009088,NDA,1953-09-28,TYPE 3,Type 3 - New Dosage Form,STANDARD,FALSE,Type 3 - New Dosage Form,TEVA,MATCH,NEOTHYLLINE,DYPHYLLINE 250MG/ML,INJECTABLE; INJECTION,1,Discontinued,1951-03-07 on NDA007794,non-NME row: earlier appearances permitted by construction; see ingredient_first_appearance,none (not a Type 1/1-4 original approval),MATCH,https://www.accessdata.fda.gov/scripts/cder/daf/index.cfm?event=overview.process&varApplNo=009088,https://api.fda.gov/drug/drugsfda.json?search=application_number:%22NDA009088%22,Verified (live probe match),"Row of the complete 1939-1964 original-application audit (v26 (2026-09-21)): every ORIG/AP row of the committed SHA-verified openFDA payload; facts verbatim from the payload; application type and holder cross-checked against the full official Drugs@FDA database (Applications_all_types.txt, 29,336 applications); no ticker, indication or applicant lineage asserted."
PRE1965AUDIT-1953-26,1953,NDA008565,NDA,1953-10-28,TYPE 1,Type 1 - New Molecular Entity,STANDARD,TRUE,NME (Type 1),WYETH AYERST,MATCH,THIOSULFIL,SULFAMETHIZOLE 500MG,TABLET; ORAL,2,Discontinued,first-in-payloads (1939-1964 universe),"first appearance in the 1939-1964 payload universe (Drugs@FDA coverage before 1965 is incomplete: re-approval screen, not proof of first marketing)",PRE1965-1953-26 (data/pre1965_fda_decisions.csv),MATCH,https://www.accessdata.fda.gov/scripts/cder/daf/index.cfm?event=overview.process&varApplNo=008565,https://api.fda.gov/drug/drugsfda.json?search=application_number:%22NDA008565%22,Verified (live probe match),"Row of the complete 1939-1964 original-application audit (v26 (2026-09-21)): every ORIG/AP row of the committed SHA-verified openFDA payload; facts verbatim from the payload; application type and holder cross-checked against the full official Drugs@FDA database (Applications_all_types.txt, 29,336 applications); no ticker, indication or applicant lineage asserted."
PRE1965AUDIT-1953-27,1953,NDA009087,NDA,1953-11-05,TYPE 1,Type 1 - New Molecular Entity,STANDARD,TRUE,NME (Type 1),NOVARTIS,MATCH,HYDERGINE,ERGOLOID MESYLATES 0.5MG,TABLET; SUBLINGUAL,2,Discontinued,first-in-payloads (1939-1964 universe),"first appearance in the 1939-1964 payload universe (Drugs@FDA coverage before 1965 is incomplete: re-approval screen, not proof of first marketing)",PRE1965-1953-27 (data/pre1965_fda_decisions.csv),MATCH,https://www.accessdata.fda.gov/scripts/cder/daf/index.cfm?event=overview.process&varApplNo=009087,https://api.fda.gov/drug/drugsfda.json?search=application_number:%22NDA009087%22,Verified (live probe match),"Row of the complete 1939-1964 original-application audit (v26 (2026-09-21)): every ORIG/AP row of the committed SHA-verified openFDA payload; facts verbatim from the payload; application type and holder cross-checked against the full official Drugs@FDA database (Applications_all_types.txt, 29,336 applications); no ticker, indication or applicant lineage asserted."
PRE1965AUDIT-1953-28,1953,NDA050273,NDA,1953-11-19,,,,FALSE,NOT PUBLISHED (blank class),LEDERLE,MATCH,ACHROMYCIN,TETRACYCLINE HYDROCHLORIDE 500MG/VIAL,INJECTABLE; INJECTION,2,Discontinued,first-in-payloads (1939-1964 universe),non-NME row: earlier appearances permitted by construction; see ingredient_first_appearance,none (not a Type 1/1-4 original approval),MATCH,https://www.accessdata.fda.gov/scripts/cder/daf/index.cfm?event=overview.process&varApplNo=050273,https://api.fda.gov/drug/drugsfda.json?search=application_number:%22NDA050273%22,Verified (live probe match),"Row of the complete 1939-1964 original-application audit (v26 (2026-09-21)): every ORIG/AP row of the committed SHA-verified openFDA payload; facts verbatim from the payload; application type and holder cross-checked against the full official Drugs@FDA database (Applications_all_types.txt, 29,336 applications); no ticker, indication or applicant lineage asserted."
PRE1965AUDIT-1953-29,1953,NDA009127,NDA,1953-12-03,TYPE 5,Type 5 - New Formulation or New Manufacturer,STANDARD,FALSE,Type 5 - New Formulation or New Manufacturer,PFIZER,MATCH,CORTRIL,HYDROCORTISONE 10MG,TABLET; ORAL,2,Discontinued,1952-08-05 on NDA008506,non-NME row: earlier appearances permitted by construction; see ingredient_first_appearance,none (not a Type 1/1-4 original approval),MATCH,https://www.accessdata.fda.gov/scripts/cder/daf/index.cfm?event=overview.process&varApplNo=009127,https://api.fda.gov/drug/drugsfda.json?search=application_number:%22NDA009127%22,Verified (live probe match),"Row of the complete 1939-1964 original-application audit (v26 (2026-09-21)): every ORIG/AP row of the committed SHA-verified openFDA payload; facts verbatim from the payload; application type and holder cross-checked against the full official Drugs@FDA database (Applications_all_types.txt, 29,336 applications); no ticker, indication or applicant lineage asserted."
PRE1965AUDIT-1953-30,1953,NDA009182,NDA,1953-12-04,TYPE 2,Type 2 - New Active Ingredient,STANDARD,FALSE,Type 2 - New Active Ingredient,ROCHE,MATCH,GANTRISIN PEDIATRIC,SULFISOXAZOLE ACETYL EQ 500MG BASE/5ML,SUSPENSION; ORAL,3,Discontinued,first-in-payloads (1939-1964 universe),non-NME row: earlier appearances permitted by construction; see ingredient_first_appearance,none (not a Type 1/1-4 original approval),MATCH,https://www.accessdata.fda.gov/scripts/cder/daf/index.cfm?event=overview.process&varApplNo=009182,https://api.fda.gov/drug/drugsfda.json?search=application_number:%22NDA009182%22,Verified (live probe match),"Row of the complete 1939-1964 original-application audit (v26 (2026-09-21)): every ORIG/AP row of the committed SHA-verified openFDA payload; facts verbatim from the payload; application type and holder cross-checked against the full official Drugs@FDA database (Applications_all_types.txt, 29,336 applications); no ticker, indication or applicant lineage asserted."
PRE1965AUDIT-1953-31,1953,NDA008085,NDA,1953-12-07,TYPE 1,Type 1 - New Molecular Entity,PRIORITY,TRUE,NME (Type 1),STRIDES PHARMA INTL,MATCH,METHOTREXATE SODIUM,METHOTREXATE SODIUM EQ 2.5MG BASE **Federal Register determination that product was not discontinued or withdrawn for safety or effectiveness reasons**,TABLET; ORAL,1,Discontinued,first-in-payloads (1939-1964 universe),"first appearance in the 1939-1964 payload universe (Drugs@FDA coverage before 1965 is incomplete: re-approval screen, not proof of first marketing)",PRE1965-1953-31 (data/pre1965_fda_decisions.csv),MATCH,https://www.accessdata.fda.gov/scripts/cder/daf/index.cfm?event=overview.process&varApplNo=008085,https://api.fda.gov/drug/drugsfda.json?search=application_number:%22NDA008085%22,Verified (live probe match),"Row of the complete 1939-1964 original-application audit (v26 (2026-09-21)): every ORIG/AP row of the committed SHA-verified openFDA payload; facts verbatim from the payload; application type and holder cross-checked against the full official Drugs@FDA database (Applications_all_types.txt, 29,336 applications); no ticker, indication or applicant lineage asserted."
PRE1965AUDIT-1953-32,1953,NDA050202,NDA,1953-12-09,,,,FALSE,NOT PUBLISHED (blank class),PARKEDALE,MATCH,CHLOROMYCETIN HYDROCORTISONE,CHLORAMPHENICOL 12.5MG/VIAL; HYDROCORTISONE ACETATE 25MG/VIAL,FOR SUSPENSION; OPHTHALMIC,1,Discontinued,1951-06-01 on NDA050143,non-NME row: earlier appearances permitted by construction; see ingredient_first_appearance,none (not a Type 1/1-4 original approval),MATCH,https://www.accessdata.fda.gov/scripts/cder/daf/index.cfm?event=overview.process&varApplNo=050202,https://api.fda.gov/drug/drugsfda.json?search=application_number:%22NDA050202%22,Verified (live probe match),"Row of the complete 1939-1964 original-application audit (v26 (2026-09-21)): every ORIG/AP row of the committed SHA-verified openFDA payload; facts verbatim from the payload; application type and holder cross-checked against the full official Drugs@FDA database (Applications_all_types.txt, 29,336 applications); no ticker, indication or applicant lineage asserted."
PRE1965AUDIT-1953-33,1953,NDA009166,NDA,1953-12-22,TYPE 3,Type 3 - New Dosage Form,STANDARD,FALSE,Type 3 - New Dosage Form,SANOFI AVENTIS US,MATCH,HYDROXYSTILBAMIDINE ISETHIONATE,HYDROXYSTILBAMIDINE ISETHIONATE 225MG/AMP,INJECTABLE; INJECTION,1,Discontinued,first-in-payloads (1939-1964 universe),non-NME row: earlier appearances permitted by construction; see ingredient_first_appearance,none (not a Type 1/1-4 original approval),MATCH,https://www.accessdata.fda.gov/scripts/cder/daf/index.cfm?event=overview.process&varApplNo=009166,https://api.fda.gov/drug/drugsfda.json?search=application_number:%22NDA009166%22,Verified (live probe match),"Row of the complete 1939-1964 original-application audit (v26 (2026-09-21)): every ORIG/AP row of the committed SHA-verified openFDA payload; facts verbatim from the payload; application type and holder cross-checked against the full official Drugs@FDA database (Applications_all_types.txt, 29,336 applications); no ticker, indication or applicant lineage asserted."
PRE1965AUDIT-1953-34,1953,NDA009175,NDA,1953-12-23,TYPE 3,Type 3 - New Dosage Form,STANDARD,FALSE,Type 3 - New Dosage Form,CASPER PHARMA LLC,MATCH,FURADANTIN,NITROFURANTOIN 50MG/5ML,SUSPENSION; ORAL,2,Prescription,1953-02-06 on NDA008693,non-NME row: earlier appearances permitted by construction; see ingredient_first_appearance,none (not a Type 1/1-4 original approval),MATCH,https://www.accessdata.fda.gov/scripts/cder/daf/index.cfm?event=overview.process&varApplNo=009175,https://api.fda.gov/drug/drugsfda.json?search=application_number:%22NDA009175%22,Verified (live probe match),"Row of the complete 1939-1964 original-application audit (v26 (2026-09-21)): every ORIG/AP row of the committed SHA-verified openFDA payload; facts verbatim from the payload; application type and holder cross-checked against the full official Drugs@FDA database (Applications_all_types.txt, 29,336 applications); no ticker, indication or applicant lineage asserted."
PRE1965AUDIT-1953-35,1953,NDA009165,NDA,1953-12-24,TYPE 2,Type 2 - New Active Ingredient,PRIORITY,FALSE,Type 2 - New Active Ingredient,ENDO PHARMS,MATCH,DELATESTRYL,TESTOSTERONE ENANTHATE 200MG/ML **Federal Register determination that product was not discontinued or withdrawn for safety or effectiveness reasons**,INJECTABLE; INJECTION,2,Discontinued,first-in-payloads (1939-1964 universe),non-NME row: earlier appearances permitted by construction; see ingredient_first_appearance,none (not a Type 1/1-4 original approval),MATCH,https://www.accessdata.fda.gov/scripts/cder/daf/index.cfm?event=overview.process&varApplNo=009165,https://api.fda.gov/drug/drugsfda.json?search=application_number:%22NDA009165%22,Verified (live probe match),"Row of the complete 1939-1964 original-application audit (v26 (2026-09-21)): every ORIG/AP row of the committed SHA-verified openFDA payload; facts verbatim from the payload; application type and holder cross-checked against the full official Drugs@FDA database (Applications_all_types.txt, 29,336 applications); no ticker, indication or applicant lineage asserted."
PRE1965AUDIT-1954-01,1954,NDA009276,NDA,1954-01-28,TYPE 5,Type 5 - New Formulation or New Manufacturer,STANDARD,FALSE,Type 5 - New Formulation or New Manufacturer,BOWMAN PHARMS,MATCH,HIWOLFIA,RAUWOLFIA SERPENTINA ROOT 50MG,TABLET; ORAL,3,Discontinued,first-in-payloads (1939-1964 universe),non-NME row: earlier appearances permitted by construction; see ingredient_first_appearance,none (not a Type 1/1-4 original approval),MATCH,https://www.accessdata.fda.gov/scripts/cder/daf/index.cfm?event=overview.process&varApplNo=009276,https://api.fda.gov/drug/drugsfda.json?search=application_number:%22NDA009276%22,Verified (live probe match),"Row of the complete 1939-1964 original-application audit (v26 (2026-09-21)): every ORIG/AP row of the committed SHA-verified openFDA payload; facts verbatim from the payload; application type and holder cross-checked against the full official Drugs@FDA database (Applications_all_types.txt, 29,336 applications); no ticker, indication or applicant lineage asserted."
PRE1965AUDIT-1954-02,1954,NDA009193,NDA,1954-03-05,TYPE 1,Type 1 - New Molecular Entity,PRIORITY,TRUE,NME (Type 1),MERCK,MATCH,COGENTIN,BENZTROPINE MESYLATE 0.5MG **Federal Register determination that product was not discontinued or withdrawn for safety or effectiveness reasons**,TABLET; ORAL,3,Discontinued,first-in-payloads (1939-1964 universe),"first appearance in the 1939-1964 payload universe (Drugs@FDA coverage before 1965 is incomplete: re-approval screen, not proof of first marketing)",PRE1965-1954-02 (data/pre1965_fda_decisions.csv),MATCH,https://www.accessdata.fda.gov/scripts/cder/daf/index.cfm?event=overview.process&varApplNo=009193,https://api.fda.gov/drug/drugsfda.json?search=application_number:%22NDA009193%22,Verified (live probe match),"Row of the complete 1939-1964 original-application audit (v26 (2026-09-21)): every ORIG/AP row of the committed SHA-verified openFDA payload; facts verbatim from the payload; application type and holder cross-checked against the full official Drugs@FDA database (Applications_all_types.txt, 29,336 applications); no ticker, indication or applicant lineage asserted."
PRE1965AUDIT-1954-03,1954,NDA009170,NDA,1954-03-08,TYPE 1,Type 1 - New Molecular Entity,PRIORITY,TRUE,NME (Type 1),VALEANT,MATCH,MYSOLINE,PRIMIDONE 50MG,TABLET; ORAL,2,Prescription,first-in-payloads (1939-1964 universe),"first appearance in the 1939-1964 payload universe (Drugs@FDA coverage before 1965 is incomplete: re-approval screen, not proof of first marketing)",PRE1965-1954-03 (data/pre1965_fda_decisions.csv),MATCH,https://www.accessdata.fda.gov/scripts/cder/daf/index.cfm?event=overview.process&varApplNo=009170,https://api.fda.gov/drug/drugsfda.json?search=application_number:%22NDA009170%22,Verified (live probe match),"Row of the complete 1939-1964 original-application audit (v26 (2026-09-21)): every ORIG/AP row of the committed SHA-verified openFDA payload; facts verbatim from the payload; application type and holder cross-checked against the full official Drugs@FDA database (Applications_all_types.txt, 29,336 applications); no ticker, indication or applicant lineage asserted."
PRE1965AUDIT-1954-04,1954,NDA009190,NDA,1954-03-31,TYPE 1,Type 1 - New Molecular Entity,PRIORITY,TRUE,NME (Type 1),GUERBET,MATCH,LIPIODOL,ETHIODIZED OIL EQ 4.8GM IODINE/10ML (EQ 480MG IODINE/ML),"OIL; INTRALYMPHATIC, INTRAUTERINE",1,Prescription,first-in-payloads (1939-1964 universe),"first appearance in the 1939-1964 payload universe (Drugs@FDA coverage before 1965 is incomplete: re-approval screen, not proof of first marketing)",PRE1965-1954-04 (data/pre1965_fda_decisions.csv),MATCH,https://www.accessdata.fda.gov/scripts/cder/daf/index.cfm?event=overview.process&varApplNo=009190,https://api.fda.gov/drug/drugsfda.json?search=application_number:%22NDA009190%22,Verified (live probe match),"Row of the complete 1939-1964 original-application audit (v26 (2026-09-21)): every ORIG/AP row of the committed SHA-verified openFDA payload; facts verbatim from the payload; application type and holder cross-checked against the full official Drugs@FDA database (Applications_all_types.txt, 29,336 applications); no ticker, indication or applicant lineage asserted."
PRE1965AUDIT-1954-05,1954,NDA009296,NDA,1954-04-01,TYPE 4,Type 4 - New Combination,STANDARD,FALSE,Type 4 - New Combination,NOVARTIS,MATCH,SERPASIL-APRESOLINE,HYDRALAZINE HYDROCHLORIDE 25MG; RESERPINE 0.1MG,TABLET; ORAL,2,Discontinued,1953-01-15 on NDA008303,non-NME row: earlier appearances permitted by construction; see ingredient_first_appearance,none (not a Type 1/1-4 original approval),MATCH,https://www.accessdata.fda.gov/scripts/cder/daf/index.cfm?event=overview.process&varApplNo=009296,https://api.fda.gov/drug/drugsfda.json?search=application_number:%22NDA009296%22,Verified (live probe match),"Row of the complete 1939-1964 original-application audit (v26 (2026-09-21)): every ORIG/AP row of the committed SHA-verified openFDA payload; facts verbatim from the payload; application type and holder cross-checked against the full official Drugs@FDA database (Applications_all_types.txt, 29,336 applications); no ticker, indication or applicant lineage asserted."
PRE1965AUDIT-1954-06,1954,NDA008983,NDA,1954-04-26,TYPE 1,Type 1 - New Molecular Entity,PRIORITY,TRUE,NME (Type 1),ROCHE,MATCH,ARFONAD,TRIMETHAPHAN CAMSYLATE 50MG/ML,INJECTABLE; INJECTION,1,Discontinued,first-in-payloads (1939-1964 universe),"first appearance in the 1939-1964 payload universe (Drugs@FDA coverage before 1965 is incomplete: re-approval screen, not proof of first marketing)",PRE1965-1954-06 (data/pre1965_fda_decisions.csv),MATCH,https://www.accessdata.fda.gov/scripts/cder/daf/index.cfm?event=overview.process&varApplNo=008983,https://api.fda.gov/drug/drugsfda.json?search=application_number:%22NDA008983%22,Verified (live probe match),"Row of the complete 1939-1964 original-application audit (v26 (2026-09-21)): every ORIG/AP row of the committed SHA-verified openFDA payload; facts verbatim from the payload; application type and holder cross-checked against the full official Drugs@FDA database (Applications_all_types.txt, 29,336 applications); no ticker, indication or applicant lineage asserted."
PRE1965AUDIT-1954-07,1954,NDA009321,NDA,1954-04-27,TYPE 5,Type 5 - New Formulation or New Manufacturer,STANDARD,FALSE,Type 5 - New Formulation or New Manufacturer,BRACCO,MATCH,CHOLOGRAFIN MEGLUMINE,IODIPAMIDE MEGLUMINE 10.3%,INJECTABLE; INJECTION,3,Discontinued,first-in-payloads (1939-1964 universe),non-NME row: earlier appearances permitted by construction; see ingredient_first_appearance,none (not a Type 1/1-4 original approval),MATCH,https://www.accessdata.fda.gov/scripts/cder/daf/index.cfm?event=overview.process&varApplNo=009321,https://api.fda.gov/drug/drugsfda.json?search=application_number:%22NDA009321%22,Verified (live probe match),"Row of the complete 1939-1964 original-application audit (v26 (2026-09-21)): every ORIG/AP row of the committed SHA-verified openFDA payload; facts verbatim from the payload; application type and holder cross-checked against the full official Drugs@FDA database (Applications_all_types.txt, 29,336 applications); no ticker, indication or applicant lineage asserted."
PRE1965AUDIT-1954-08,1954,NDA009319,NDA,1954-04-28,TYPE 4,Type 4 - New Combination,STANDARD,FALSE,Type 4 - New Combination,FOREST LABS,MATCH,AMBENYL,BROMODIPHENHYDRAMINE HYDROCHLORIDE 12.5MG/5ML; CODEINE PHOSPHATE 10MG/5ML,SYRUP; ORAL,1,Discontinued,1952-01-21 on NDA008306,non-NME row: earlier appearances permitted by construction; see ingredient_first_appearance,none (not a Type 1/1-4 original approval),MATCH,https://www.accessdata.fda.gov/scripts/cder/daf/index.cfm?event=overview.process&varApplNo=009319,https://api.fda.gov/drug/drugsfda.json?search=application_number:%22NDA009319%22,Verified (live probe match),"Row of the complete 1939-1964 original-application audit (v26 (2026-09-21)): every ORIG/AP row of the committed SHA-verified openFDA payload; facts verbatim from the payload; application type and holder cross-checked against the full official Drugs@FDA database (Applications_all_types.txt, 29,336 applications); no ticker, indication or applicant lineage asserted."
PRE1965AUDIT-1954-09,1954,NDA009218,NDA,1954-06-08,TYPE 1,Type 1 - New Molecular Entity,STANDARD,TRUE,NME (Type 1),BRISTOL MYERS SQUIBB,MATCH,COUMADIN,WARFARIN SODIUM 3MG,TABLET; ORAL,12,Discontinued,first-in-payloads (1939-1964 universe),"first appearance in the 1939-1964 payload universe (Drugs@FDA coverage before 1965 is incomplete: re-approval screen, not proof of first marketing)",PRE1965-1954-09 (data/pre1965_fda_decisions.csv),MATCH,https://www.accessdata.fda.gov/scripts/cder/daf/index.cfm?event=overview.process&varApplNo=009218,https://api.fda.gov/drug/drugsfda.json?search=application_number:%22NDA009218%22,Verified (live probe match),"Row of the complete 1939-1964 original-application audit (v26 (2026-09-21)): every ORIG/AP row of the committed SHA-verified openFDA payload; facts verbatim from the payload; application type and holder cross-checked against the full official Drugs@FDA database (Applications_all_types.txt, 29,336 applications); no ticker, indication or applicant lineage asserted."
PRE1965AUDIT-1954-10,1954,NDA008975,NDA,1954-06-16,TYPE 5,Type 5 - New Formulation or New Manufacturer,STANDARD,FALSE,Type 5 - New Formulation or New Manufacturer,ANI PHARMS,MATCH,PURIFIED CORTROPHIN GEL,CORTICOTROPIN 40 UNITS/ML,INJECTABLE; INJECTION,2,Discontinued,1950-07-03 on NDA007504,non-NME row: earlier appearances permitted by construction; see ingredient_first_appearance,none (not a Type 1/1-4 original approval),MATCH,https://www.accessdata.fda.gov/scripts/cder/daf/index.cfm?event=overview.process&varApplNo=008975,https://api.fda.gov/drug/drugsfda.json?search=application_number:%22NDA008975%22,Verified (live probe match),"Row of the complete 1939-1964 original-application audit (v26 (2026-09-21)): every ORIG/AP row of the committed SHA-verified openFDA payload; facts verbatim from the payload; application type and holder cross-checked against the full official Drugs@FDA database (Applications_all_types.txt, 29,336 applications); no ticker, indication or applicant lineage asserted."
PRE1965AUDIT-1954-11,1954,NDA009388,NDA,1954-06-25,TYPE 3,Type 3 - New Dosage Form,STANDARD,FALSE,Type 3 - New Dosage Form,TEVA WOMENS,MATCH,DIAMOX,ACETAZOLAMIDE SODIUM EQ 500MG BASE/VIAL **Federal Register determination that product was not discontinued or withdrawn for safety or effectiveness reasons**,INJECTABLE; INJECTION,1,Discontinued,first-in-payloads (1939-1964 universe),non-NME row: earlier appearances permitted by construction; see ingredient_first_appearance,none (not a Type 1/1-4 original approval),MATCH,https://www.accessdata.fda.gov/scripts/cder/daf/index.cfm?event=overview.process&varApplNo=009388,https://api.fda.gov/drug/drugsfda.json?search=application_number:%22NDA009388%22,Verified (live probe match),"Row of the complete 1939-1964 original-application audit (v26 (2026-09-21)): every ORIG/AP row of the committed SHA-verified openFDA payload; facts verbatim from the payload; application type and holder cross-checked against the full official Drugs@FDA database (Applications_all_types.txt, 29,336 applications); no ticker, indication or applicant lineage asserted."
PRE1965AUDIT-1954-12,1954,NDA009386,NDA,1954-06-26,TYPE 1,Type 1 - New Molecular Entity,PRIORITY,TRUE,NME (Type 1),WAYLIS THERAP,MATCH,MYLERAN,BUSULFAN 2MG,TABLET; ORAL,1,Prescription,first-in-payloads (1939-1964 universe),"first appearance in the 1939-1964 payload universe (Drugs@FDA coverage before 1965 is incomplete: re-approval screen, not proof of first marketing)",PRE1965-1954-12 (data/pre1965_fda_decisions.csv),MATCH,https://www.accessdata.fda.gov/scripts/cder/daf/index.cfm?event=overview.process&varApplNo=009386,https://api.fda.gov/drug/drugsfda.json?search=application_number:%22NDA009386%22,Verified (live probe match),"Row of the complete 1939-1964 original-application audit (v26 (2026-09-21)): every ORIG/AP row of the committed SHA-verified openFDA payload; facts verbatim from the payload; application type and holder cross-checked against the full official Drugs@FDA database (Applications_all_types.txt, 29,336 applications); no ticker, indication or applicant lineage asserted."
PRE1965AUDIT-1954-13,1954,NDA050276,NDA,1954-07-01,,,,FALSE,NOT PUBLISHED (blank class),LEDERLE,MATCH,ACHROMYCIN,PROCAINE HYDROCHLORIDE 40MG/VIAL; TETRACYCLINE HYDROCHLORIDE 250MG/VIAL,INJECTABLE; INJECTION,2,Discontinued,1952-09-19 on NDA008592,non-NME row: earlier appearances permitted by construction; see ingredient_first_appearance,none (not a Type 1/1-4 original approval),MATCH,https://www.accessdata.fda.gov/scripts/cder/daf/index.cfm?event=overview.process&varApplNo=050276,https://api.fda.gov/drug/drugsfda.json?search=application_number:%22NDA050276%22,Verified (live probe match),"Row of the complete 1939-1964 original-application audit (v26 (2026-09-21)): every ORIG/AP row of the committed SHA-verified openFDA payload; facts verbatim from the payload; application type and holder cross-checked against the full official Drugs@FDA database (Applications_all_types.txt, 29,336 applications); no ticker, indication or applicant lineage asserted."
PRE1965AUDIT-1954-14,1954,NDA007600,NDA,1954-07-09,TYPE 1,Type 1 - New Molecular Entity,STANDARD,TRUE,NME (Type 1),PARKEDALE,MATCH,SURITAL,THIAMYLAL SODIUM 5GM/VIAL,INJECTABLE; INJECTION,3,Discontinued,first-in-payloads (1939-1964 universe),"first appearance in the 1939-1964 payload universe (Drugs@FDA coverage before 1965 is incomplete: re-approval screen, not proof of first marketing)",PRE1965-1954-14 (data/pre1965_fda_decisions.csv),MATCH,https://www.accessdata.fda.gov/scripts/cder/daf/index.cfm?event=overview.process&varApplNo=007600,https://api.fda.gov/drug/drugsfda.json?search=application_number:%22NDA007600%22,Verified (live probe match),"Row of the complete 1939-1964 original-application audit (v26 (2026-09-21)): every ORIG/AP row of the committed SHA-verified openFDA payload; facts verbatim from the payload; application type and holder cross-checked against the full official Drugs@FDA database (Applications_all_types.txt, 29,336 applications); no ticker, indication or applicant lineage asserted."
PRE1965AUDIT-1954-15,1954,NDA009452,NDA,1954-07-12,TYPE 5,Type 5 - New Formulation or New Manufacturer,STANDARD,FALSE,Type 5 - New Formulation or New Manufacturer,BLULINE,MATCH,MULTIFUGE,PIPERAZINE CITRATE EQ 500MG BASE/5ML,SYRUP; ORAL,1,Discontinued,first-in-payloads (1939-1964 universe),non-NME row: earlier appearances permitted by construction; see ingredient_first_appearance,none (not a Type 1/1-4 original approval),MATCH,https://www.accessdata.fda.gov/scripts/cder/daf/index.cfm?event=overview.process&varApplNo=009452,https://api.fda.gov/drug/drugsfda.json?search=application_number:%22NDA009452%22,Verified (live probe match),"Row of the complete 1939-1964 original-application audit (v26 (2026-09-21)): every ORIG/AP row of the committed SHA-verified openFDA payload; facts verbatim from the payload; application type and holder cross-checked against the full official Drugs@FDA database (Applications_all_types.txt, 29,336 applications); no ticker, indication or applicant lineage asserted."
PRE1965AUDIT-1954-16,1954,NDA009402,NDA,1954-07-15,UNKNOWN,,UNKNOWN,FALSE,NOT PUBLISHED (blank class),PH HEALTH,MATCH,DELESTROGEN,ESTRADIOL VALERATE 40MG/ML **Federal Register determination that product was not discontinued or withdrawn for safety or effectiveness reasons**,INJECTABLE; INJECTION,3,Discontinued,first-in-payloads (1939-1964 universe),non-NME row: earlier appearances permitted by construction; see ingredient_first_appearance,none (not a Type 1/1-4 original approval),MATCH,https://www.accessdata.fda.gov/scripts/cder/daf/index.cfm?event=overview.process&varApplNo=009402,https://api.fda.gov/drug/drugsfda.json?search=application_number:%22NDA009402%22,Verified (live probe match),"Row of the complete 1939-1964 original-application audit (v26 (2026-09-21)): every ORIG/AP row of the committed SHA-verified openFDA payload; facts verbatim from the payload; application type and holder cross-checked against the full official Drugs@FDA database (Applications_all_types.txt, 29,336 applications); no ticker, indication or applicant lineage asserted."
PRE1965AUDIT-1954-17,1954,NDA009434,NDA,1954-08-13,TYPE 3,Type 3 - New Dosage Form,STANDARD,FALSE,Type 3 - New Dosage Form,NOVARTIS,MATCH,SERPASIL,RESERPINE 2.5MG/ML,INJECTABLE; INJECTION,1,Discontinued,1954-04-01 on NDA009296,non-NME row: earlier appearances permitted by construction; see ingredient_first_appearance,none (not a Type 1/1-4 original approval),MATCH,https://www.accessdata.fda.gov/scripts/cder/daf/index.cfm?event=overview.process&varApplNo=009434,https://api.fda.gov/drug/drugsfda.json?search=application_number:%22NDA009434%22,Verified (live probe match),"Row of the complete 1939-1964 original-application audit (v26 (2026-09-21)): every ORIG/AP row of the committed SHA-verified openFDA payload; facts verbatim from the payload; application type and holder cross-checked against the full official Drugs@FDA database (Applications_all_types.txt, 29,336 applications); no ticker, indication or applicant lineage asserted."
PRE1965AUDIT-1954-18,1954,NDA009470,NDA,1954-09-02,TYPE 3,Type 3 - New Dosage Form,PRIORITY,FALSE,Type 3 - New Dosage Form,FRESENIUS KABI USA,MATCH,XYLOCAINE VISCOUS,LIDOCAINE HYDROCHLORIDE 2% **Federal Register determination that product was not discontinued or withdrawn for safety or effectiveness reasons**,SOLUTION; ORAL,1,Discontinued,1948-11-19 on NDA006488,non-NME row: earlier appearances permitted by construction; see ingredient_first_appearance,none (not a Type 1/1-4 original approval),MATCH,https://www.accessdata.fda.gov/scripts/cder/daf/index.cfm?event=overview.process&varApplNo=009470,https://api.fda.gov/drug/drugsfda.json?search=application_number:%22NDA009470%22,Verified (live probe match),"Row of the complete 1939-1964 original-application audit (v26 (2026-09-21)): every ORIG/AP row of the committed SHA-verified openFDA payload; facts verbatim from the payload; application type and holder cross-checked against the full official Drugs@FDA database (Applications_all_types.txt, 29,336 applications); no ticker, indication or applicant lineage asserted."
PRE1965AUDIT-1954-19,1954,NDA008604,NDA,1954-09-14,TYPE 4,Type 4 - New Combination,STANDARD,FALSE,Type 4 - New Combination,ANI PHARMS,MATCH,PHENERGAN VC,PHENYLEPHRINE HYDROCHLORIDE 5MG/5ML; PROMETHAZINE HYDROCHLORIDE 6.25MG/5ML **Federal Register determination that product was not discontinued or withdrawn for safety or effectiveness reasons**,SYRUP; ORAL,1,Discontinued,1952-01-21 on NDA008306,non-NME row: earlier appearances permitted by construction; see ingredient_first_appearance,none (not a Type 1/1-4 original approval),MATCH,https://www.accessdata.fda.gov/scripts/cder/daf/index.cfm?event=overview.process&varApplNo=008604,https://api.fda.gov/drug/drugsfda.json?search=application_number:%22NDA008604%22,Verified (live probe match),"Row of the complete 1939-1964 original-application audit (v26 (2026-09-21)): every ORIG/AP row of the committed SHA-verified openFDA payload; facts verbatim from the payload; application type and holder cross-checked against the full official Drugs@FDA database (Applications_all_types.txt, 29,336 applications); no ticker, indication or applicant lineage asserted."
PRE1965AUDIT-1954-20,1954,NDA009489,NDA,1954-09-15,TYPE 1,Type 1 - New Molecular Entity,STANDARD,TRUE,NME (Type 1),LEDERLE,MATCH,PATHILON,TRIDIHEXETHYL CHLORIDE 25MG,TABLET; ORAL,1,Discontinued,first-in-payloads (1939-1964 universe),"first appearance in the 1939-1964 payload universe (Drugs@FDA coverage before 1965 is incomplete: re-approval screen, not proof of first marketing)",PRE1965-1954-20 (data/pre1965_fda_decisions.csv),MATCH,https://www.accessdata.fda.gov/scripts/cder/daf/index.cfm?event=overview.process&varApplNo=009489,https://api.fda.gov/drug/drugsfda.json?search=application_number:%22NDA009489%22,Verified (live probe match),"Row of the complete 1939-1964 original-application audit (v26 (2026-09-21)): every ORIG/AP row of the committed SHA-verified openFDA payload; facts verbatim from the payload; application type and holder cross-checked against the full official Drugs@FDA database (Applications_all_types.txt, 29,336 applications); no ticker, indication or applicant lineage asserted."
PRE1965AUDIT-1954-21,1954,NDA009410,NDA,1954-09-21,TYPE 1,Type 1 - New Molecular Entity,STANDARD,TRUE,NME (Type 1),SANOFI AVENTIS US,MATCH,LOTUSATE,TALBUTAL 120MG,TABLET; ORAL,1,Discontinued,first-in-payloads (1939-1964 universe),"first appearance in the 1939-1964 payload universe (Drugs@FDA coverage before 1965 is incomplete: re-approval screen, not proof of first marketing)",PRE1965-1954-21 (data/pre1965_fda_decisions.csv),MATCH,https://www.accessdata.fda.gov/scripts/cder/daf/index.cfm?event=overview.process&varApplNo=009410,https://api.fda.gov/drug/drugsfda.json?search=application_number:%22NDA009410%22,Verified (live probe match),"Row of the complete 1939-1964 original-application audit (v26 (2026-09-21)): every ORIG/AP row of the committed SHA-verified openFDA payload; facts verbatim from the payload; application type and holder cross-checked against the full official Drugs@FDA database (Applications_all_types.txt, 29,336 applications); no ticker, indication or applicant lineage asserted."
PRE1965AUDIT-1954-22,1954,NDA009495,NDA,1954-09-24,TYPE 2,Type 2 - New Active Ingredient,STANDARD,FALSE,Type 2 - New Active Ingredient,GLAXOSMITHKLINE,MATCH,MAREZINE,CYCLIZINE LACTATE 50MG/ML,INJECTABLE; INJECTION,1,Discontinued,first-in-payloads (1939-1964 universe),non-NME row: earlier appearances permitted by construction; see ingredient_first_appearance,none (not a Type 1/1-4 original approval),MATCH,https://www.accessdata.fda.gov/scripts/cder/daf/index.cfm?event=overview.process&varApplNo=009495,https://api.fda.gov/drug/drugsfda.json?search=application_number:%22NDA009495%22,Verified (live probe match),"Row of the complete 1939-1964 original-application audit (v26 (2026-09-21)): every ORIG/AP row of the committed SHA-verified openFDA payload; facts verbatim from the payload; application type and holder cross-checked against the full official Drugs@FDA database (Applications_all_types.txt, 29,336 applications); no ticker, indication or applicant lineage asserted."
PRE1965AUDIT-1954-23,1954,NDA009509,NDA,1954-09-29,TYPE 3,Type 3 - New Dosage Form,PRIORITY,FALSE,Type 3 - New Dosage Form,MERCK,MATCH,ARAMINE,METARAMINOL BITARTRATE EQ 10MG BASE/ML **Federal Register determination that product was not discontinued or withdrawn for safety or effectiveness reasons**,INJECTABLE; INJECTION,1,Discontinued,first-in-payloads (1939-1964 universe),non-NME row: earlier appearances permitted by construction; see ingredient_first_appearance,none (not a Type 1/1-4 original approval),MATCH,https://www.accessdata.fda.gov/scripts/cder/daf/index.cfm?event=overview.process&varApplNo=009509,https://api.fda.gov/drug/drugsfda.json?search=application_number:%22NDA009509%22,Verified (live probe match),"Row of the complete 1939-1964 original-application audit (v26 (2026-09-21)): every ORIG/AP row of the committed SHA-verified openFDA payload; facts verbatim from the payload; application type and holder cross-checked against the full official Drugs@FDA database (Applications_all_types.txt, 29,336 applications); no ticker, indication or applicant lineage asserted."
PRE1965AUDIT-1954-24,1954,NDA009330,NDA,1954-11-16,TYPE 1,Type 1 - New Molecular Entity,PRIORITY,TRUE,NME (Type 1),AZURITY,MATCH,LANOXIN PEDIATRIC,DIGOXIN 0.1MG/ML,INJECTABLE; INJECTION,2,Prescription,first-in-payloads (1939-1964 universe),"first appearance in the 1939-1964 payload universe (Drugs@FDA coverage before 1965 is incomplete: re-approval screen, not proof of first marketing)",PRE1965-1954-24 (data/pre1965_fda_decisions.csv),MATCH,https://www.accessdata.fda.gov/scripts/cder/daf/index.cfm?event=overview.process&varApplNo=009330,https://api.fda.gov/drug/drugsfda.json?search=application_number:%22NDA009330%22,Verified (live probe match),"Row of the complete 1939-1964 original-application audit (v26 (2026-09-21)): every ORIG/AP row of the committed SHA-verified openFDA payload; facts verbatim from the payload; application type and holder cross-checked against the full official Drugs@FDA database (Applications_all_types.txt, 29,336 applications); no ticker, indication or applicant lineage asserted."
PRE1965AUDIT-1954-25,1954,NDA009561,NDA,1954-11-26,TYPE 1,Type 1 - New Molecular Entity,PRIORITY,TRUE,NME (Type 1),GE HEALTHCARE,MATCH,HYPAQUE SODIUM 20%,DIATRIZOATE SODIUM 20%,SOLUTION; URETERAL,3,Discontinued,first-in-payloads (1939-1964 universe),"first appearance in the 1939-1964 payload universe (Drugs@FDA coverage before 1965 is incomplete: re-approval screen, not proof of first marketing)",PRE1965-1954-25 (data/pre1965_fda_decisions.csv),MATCH,https://www.accessdata.fda.gov/scripts/cder/daf/index.cfm?event=overview.process&varApplNo=009561,https://api.fda.gov/drug/drugsfda.json?search=application_number:%22NDA009561%22,Verified (live probe match),"Row of the complete 1939-1964 original-application audit (v26 (2026-09-21)): every ORIG/AP row of the committed SHA-verified openFDA payload; facts verbatim from the payload; application type and holder cross-checked against the full official Drugs@FDA database (Applications_all_types.txt, 29,336 applications); no ticker, indication or applicant lineage asserted."
PRE1965AUDIT-1954-26,1954,NDA009048,NDA,1954-12-03,TYPE 1,Type 1 - New Molecular Entity,PRIORITY,TRUE,NME (Type 1),VALEANT PHARM INTL,MATCH,8-MOP,METHOXSALEN 10MG,CAPSULE; ORAL,2,Discontinued,first-in-payloads (1939-1964 universe),"first appearance in the 1939-1964 payload universe (Drugs@FDA coverage before 1965 is incomplete: re-approval screen, not proof of first marketing)",PRE1965-1954-26 (data/pre1965_fda_decisions.csv),MATCH,https://www.accessdata.fda.gov/scripts/cder/daf/index.cfm?event=overview.process&varApplNo=009048,https://api.fda.gov/drug/drugsfda.json?search=application_number:%22NDA009048%22,Verified (live probe match),"Row of the complete 1939-1964 original-application audit (v26 (2026-09-21)): every ORIG/AP row of the committed SHA-verified openFDA payload; facts verbatim from the payload; application type and holder cross-checked against the full official Drugs@FDA database (Applications_all_types.txt, 29,336 applications); no ticker, indication or applicant lineage asserted."
PRE1965AUDIT-1955-01,1955,NDA009660,NDA,1955-01-18,TYPE 1,Type 1 - New Molecular Entity,STANDARD,TRUE,NME (Type 1),ROCHE,MATCH,NOLUDAR,METHYPRYLON 50MG/5ML,ELIXIR; ORAL,4,Discontinued,first-in-payloads (1939-1964 universe),"first appearance in the 1939-1964 payload universe (Drugs@FDA coverage before 1965 is incomplete: re-approval screen, not proof of first marketing)",PRE1965-1955-01 (data/pre1965_fda_decisions.csv),MATCH,https://www.accessdata.fda.gov/scripts/cder/daf/index.cfm?event=overview.process&varApplNo=009660,https://api.fda.gov/drug/drugsfda.json?search=application_number:%22NDA009660%22,Verified (live probe match),"Row of the complete 1939-1964 original-application audit (v26 (2026-09-21)): every ORIG/AP row of the committed SHA-verified openFDA payload; facts verbatim from the payload; application type and holder cross-checked against the full official Drugs@FDA database (Applications_all_types.txt, 29,336 applications); no ticker, indication or applicant lineage asserted."
PRE1965AUDIT-1955-02,1955,NDA009659,NDA,1955-01-19,TYPE 5,Type 5 - New Formulation or New Manufacturer,STANDARD,FALSE,Type 5 - New Formulation or New Manufacturer,PANRAY,MATCH,HYDROCORTISONE,HYDROCORTISONE 10MG,TABLET; ORAL,2,Discontinued,1952-08-05 on NDA008506,non-NME row: earlier appearances permitted by construction; see ingredient_first_appearance,none (not a Type 1/1-4 original approval),MATCH,https://www.accessdata.fda.gov/scripts/cder/daf/index.cfm?event=overview.process&varApplNo=009659,https://api.fda.gov/drug/drugsfda.json?search=application_number:%22NDA009659%22,Verified (live probe match),"Row of the complete 1939-1964 original-application audit (v26 (2026-09-21)): every ORIG/AP row of the committed SHA-verified openFDA payload; facts verbatim from the payload; application type and holder cross-checked against the full official Drugs@FDA database (Applications_all_types.txt, 29,336 applications); no ticker, indication or applicant lineage asserted."
PRE1965AUDIT-1955-03,1955,NDA050263,NDA,1955-01-27,,,,FALSE,NOT PUBLISHED (blank class),LEDERLE,MATCH,ACHROMYCIN V,TETRACYCLINE HYDROCHLORIDE 125MG/5ML,SUSPENSION; ORAL,1,Discontinued,1953-11-19 on NDA050273,non-NME row: earlier appearances permitted by construction; see ingredient_first_appearance,none (not a Type 1/1-4 original approval),MATCH,https://www.accessdata.fda.gov/scripts/cder/daf/index.cfm?event=overview.process&varApplNo=050263,https://api.fda.gov/drug/drugsfda.json?search=application_number:%22NDA050263%22,Verified (live probe match),"Row of the complete 1939-1964 original-application audit (v26 (2026-09-21)): every ORIG/AP row of the committed SHA-verified openFDA payload; facts verbatim from the payload; application type and holder cross-checked against the full official Drugs@FDA database (Applications_all_types.txt, 29,336 applications); no ticker, indication or applicant lineage asserted."
PRE1965AUDIT-1955-04,1955,NDA009766,NDA,1955-02-21,TYPE 1,Type 1 - New Molecular Entity,PRIORITY,TRUE,NME (Type 1),SCHERING,MATCH,METICORTEN,PREDNISONE 5MG **Federal Register determination that product was not discontinued or withdrawn for safety or effectiveness reasons**,TABLET; ORAL,2,Discontinued,first-in-payloads (1939-1964 universe),"first appearance in the 1939-1964 payload universe (Drugs@FDA coverage before 1965 is incomplete: re-approval screen, not proof of first marketing)",PRE1965-1955-04 (data/pre1965_fda_decisions.csv),MATCH,https://www.accessdata.fda.gov/scripts/cder/daf/index.cfm?event=overview.process&varApplNo=009766,https://api.fda.gov/drug/drugsfda.json?search=application_number:%22NDA009766%22,Verified (live probe match),"Row of the complete 1939-1964 original-application audit (v26 (2026-09-21)): every ORIG/AP row of the committed SHA-verified openFDA payload; facts verbatim from the payload; application type and holder cross-checked against the full official Drugs@FDA database (Applications_all_types.txt, 29,336 applications); no ticker, indication or applicant lineage asserted."
PRE1965AUDIT-1955-05,1955,NDA009435,NDA,1955-03-11,TYPE 1,Type 1 - New Molecular Entity,PRIORITY,TRUE,NME (Type 1),FRESENIUS KABI USA,MATCH,NESACAINE-MPF,CHLOROPROCAINE HYDROCHLORIDE 3%,INJECTABLE; INJECTION,6,Prescription,first-in-payloads (1939-1964 universe),"first appearance in the 1939-1964 payload universe (Drugs@FDA coverage before 1965 is incomplete: re-approval screen, not proof of first marketing)",PRE1965-1955-05 (data/pre1965_fda_decisions.csv),MATCH,https://www.accessdata.fda.gov/scripts/cder/daf/index.cfm?event=overview.process&varApplNo=009435,https://api.fda.gov/drug/drugsfda.json?search=application_number:%22NDA009435%22,Verified (live probe match),"Row of the complete 1939-1964 original-application audit (v26 (2026-09-21)): every ORIG/AP row of the committed SHA-verified openFDA payload; facts verbatim from the payload; application type and holder cross-checked against the full official Drugs@FDA database (Applications_all_types.txt, 29,336 applications); no ticker, indication or applicant lineage asserted."
PRE1965AUDIT-1955-06,1955,NDA009750,NDA,1955-03-18,TYPE 1,Type 1 - New Molecular Entity,STANDARD,TRUE,NME (Type 1),DISTA,MATCH,VALMID,ETHINAMATE 500MG,CAPSULE; ORAL,1,Discontinued,first-in-payloads (1939-1964 universe),"first appearance in the 1939-1964 payload universe (Drugs@FDA coverage before 1965 is incomplete: re-approval screen, not proof of first marketing)",PRE1965-1955-06 (data/pre1965_fda_decisions.csv),MATCH,https://www.accessdata.fda.gov/scripts/cder/daf/index.cfm?event=overview.process&varApplNo=009750,https://api.fda.gov/drug/drugsfda.json?search=application_number:%22NDA009750%22,Verified (live probe match),"Row of the complete 1939-1964 original-application audit (v26 (2026-09-21)): every ORIG/AP row of the committed SHA-verified openFDA payload; facts verbatim from the payload; application type and holder cross-checked against the full official Drugs@FDA database (Applications_all_types.txt, 29,336 applications); no ticker, indication or applicant lineage asserted."
PRE1965AUDIT-1955-07,1955,NDA009838,NDA,1955-03-24,TYPE 5,Type 5 - New Formulation or New Manufacturer,STANDARD,FALSE,Type 5 - New Formulation or New Manufacturer,SANDOZ,MATCH,RESERPINE,RESERPINE 0.25MG,TABLET; ORAL,2,Discontinued,1954-04-01 on NDA009296,non-NME row: earlier appearances permitted by construction; see ingredient_first_appearance,none (not a Type 1/1-4 original approval),MATCH,https://www.accessdata.fda.gov/scripts/cder/daf/index.cfm?event=overview.process&varApplNo=009838,https://api.fda.gov/drug/drugsfda.json?search=application_number:%22NDA009838%22,Verified (live probe match),"Row of the complete 1939-1964 original-application audit (v26 (2026-09-21)): every ORIG/AP row of the committed SHA-verified openFDA payload; facts verbatim from the payload; application type and holder cross-checked against the full official Drugs@FDA database (Applications_all_types.txt, 29,336 applications); no ticker, indication or applicant lineage asserted."
PRE1965AUDIT-1955-08,1955,NDA009829,NDA,1955-04-06,TYPE 1,Type 1 - New Molecular Entity,STANDARD,TRUE,NME (Type 1),BAUSCH,MATCH,MESTINON,PYRIDOSTIGMINE BROMIDE 60MG,TABLET; ORAL,1,Prescription,first-in-payloads (1939-1964 universe),"first appearance in the 1939-1964 payload universe (Drugs@FDA coverage before 1965 is incomplete: re-approval screen, not proof of first marketing)",PRE1965-1955-08 (data/pre1965_fda_decisions.csv),MATCH,https://www.accessdata.fda.gov/scripts/cder/daf/index.cfm?event=overview.process&varApplNo=009829,https://api.fda.gov/drug/drugsfda.json?search=application_number:%22NDA009829%22,Verified (live probe match),"Row of the complete 1939-1964 original-application audit (v26 (2026-09-21)): every ORIG/AP row of the committed SHA-verified openFDA payload; facts verbatim from the payload; application type and holder cross-checked against the full official Drugs@FDA database (Applications_all_types.txt, 29,336 applications); no ticker, indication or applicant lineage asserted."
PRE1965AUDIT-1955-09,1955,NDA009768,NDA,1955-04-18,TYPE 1,Type 1 - New Molecular Entity,STANDARD,TRUE,NME (Type 1),ADVANZ PHARMA,MATCH,PLAQUENIL,HYDROXYCHLOROQUINE SULFATE 200MG,TABLET; ORAL,1,Prescription,first-in-payloads (1939-1964 universe),"first appearance in the 1939-1964 payload universe (Drugs@FDA coverage before 1965 is incomplete: re-approval screen, not proof of first marketing)",PRE1965-1955-09 (data/pre1965_fda_decisions.csv),MATCH,https://www.accessdata.fda.gov/scripts/cder/daf/index.cfm?event=overview.process&varApplNo=009768,https://api.fda.gov/drug/drugsfda.json?search=application_number:%22NDA009768%22,Verified (live probe match),"Row of the complete 1939-1964 original-application audit (v26 (2026-09-21)): every ORIG/AP row of the committed SHA-verified openFDA payload; facts verbatim from the payload; application type and holder cross-checked against the full official Drugs@FDA database (Applications_all_types.txt, 29,336 applications); no ticker, indication or applicant lineage asserted."
PRE1965AUDIT-1955-10,1955,NDA009866,NDA,1955-04-27,TYPE 2,Type 2 - New Active Ingredient,STANDARD,FALSE,Type 2 - New Active Ingredient,PHARMACIA AND UPJOHN,MATCH,SOLU-CORTEF,HYDROCORTISONE SODIUM SUCCINATE EQ 500MG BASE/VIAL,INJECTABLE; INJECTION,4,Prescription,first-in-payloads (1939-1964 universe),non-NME row: earlier appearances permitted by construction; see ingredient_first_appearance,none (not a Type 1/1-4 original approval),MATCH,https://www.accessdata.fda.gov/scripts/cder/daf/index.cfm?event=overview.process&varApplNo=009866,https://api.fda.gov/drug/drugsfda.json?search=application_number:%22NDA009866%22,Verified (live probe match),"Row of the complete 1939-1964 original-application audit (v26 (2026-09-21)): every ORIG/AP row of the committed SHA-verified openFDA payload; facts verbatim from the payload; application type and holder cross-checked against the full official Drugs@FDA database (Applications_all_types.txt, 29,336 applications); no ticker, indication or applicant lineage asserted."
PRE1965AUDIT-1955-11,1955,NDA009698,NDA,1955-04-28,TYPE 5,Type 5 - New Formulation or New Manufacturer,STANDARD,FALSE,Type 5 - New Formulation or New Manufacturer,MEDPOINTE PHARM HLC,MATCH,MILTOWN,MEPROBAMATE 400MG **Federal Register determination that product was not discontinued or withdrawn for safety or effectiveness reasons**,TABLET; ORAL,2,Discontinued,first-in-payloads (1939-1964 universe),non-NME row: earlier appearances permitted by construction; see ingredient_first_appearance,none (not a Type 1/1-4 original approval),MATCH,https://www.accessdata.fda.gov/scripts/cder/daf/index.cfm?event=overview.process&varApplNo=009698,https://api.fda.gov/drug/drugsfda.json?search=application_number:%22NDA009698%22,Verified (live probe match),"Row of the complete 1939-1964 original-application audit (v26 (2026-09-21)): every ORIG/AP row of the committed SHA-verified openFDA payload; facts verbatim from the payload; application type and holder cross-checked against the full official Drugs@FDA database (Applications_all_types.txt, 29,336 applications); no ticker, indication or applicant lineage asserted."
PRE1965AUDIT-1955-12,1955,NDA009112,NDA,1955-04-29,TYPE 3,Type 3 - New Dosage Form,STANDARD,FALSE,Type 3 - New Dosage Form,JOURNEY,MATCH,EURAX,CROTAMITON 10%,LOTION; TOPICAL,1,Discontinued,1949-07-06 on NDA006927,non-NME row: earlier appearances permitted by construction; see ingredient_first_appearance,none (not a Type 1/1-4 original approval),MATCH,https://www.accessdata.fda.gov/scripts/cder/daf/index.cfm?event=overview.process&varApplNo=009112,https://api.fda.gov/drug/drugsfda.json?search=application_number:%22NDA009112%22,Verified (live probe match),"Row of the complete 1939-1964 original-application audit (v26 (2026-09-21)): every ORIG/AP row of the committed SHA-verified openFDA payload; facts verbatim from the payload; application type and holder cross-checked against the full official Drugs@FDA database (Applications_all_types.txt, 29,336 applications); no ticker, indication or applicant lineage asserted."
PRE1965AUDIT-1955-13,1955,NDA009900,NDA,1955-05-10,TYPE 3,Type 3 - New Dosage Form,STANDARD,FALSE,Type 3 - New Dosage Form,PHARMACIA AND UPJOHN,MATCH,CORTEF,HYDROCORTISONE CYPIONATE EQ 10MG BASE/5ML,SUSPENSION; ORAL,1,Discontinued,first-in-payloads (1939-1964 universe),non-NME row: earlier appearances permitted by construction; see ingredient_first_appearance,none (not a Type 1/1-4 original approval),MATCH,https://www.accessdata.fda.gov/scripts/cder/daf/index.cfm?event=overview.process&varApplNo=009900,https://api.fda.gov/drug/drugsfda.json?search=application_number:%22NDA009900%22,Verified (live probe match),"Row of the complete 1939-1964 original-application audit (v26 (2026-09-21)): every ORIG/AP row of the committed SHA-verified openFDA payload; facts verbatim from the payload; application type and holder cross-checked against the full official Drugs@FDA database (Applications_all_types.txt, 29,336 applications); no ticker, indication or applicant lineage asserted."
PRE1965AUDIT-1955-14,1955,NDA010255,NDA,1955-05-22,TYPE 3,Type 3 - New Dosage Form,STANDARD,FALSE,Type 3 - New Dosage Form,SCHERING,MATCH,METICORTELONE,PREDNISOLONE ACETATE 25MG/ML,INJECTABLE; INJECTION,1,Discontinued,first-in-payloads (1939-1964 universe),non-NME row: earlier appearances permitted by construction; see ingredient_first_appearance,none (not a Type 1/1-4 original approval),MATCH,https://www.accessdata.fda.gov/scripts/cder/daf/index.cfm?event=overview.process&varApplNo=010255,https://api.fda.gov/drug/drugsfda.json?search=application_number:%22NDA010255%22,Verified (live probe match),"Row of the complete 1939-1964 original-application audit (v26 (2026-09-21)): every ORIG/AP row of the committed SHA-verified openFDA payload; facts verbatim from the payload; application type and holder cross-checked against the full official Drugs@FDA database (Applications_all_types.txt, 29,336 applications); no ticker, indication or applicant lineage asserted."
PRE1965AUDIT-1955-15,1955,NDA009986,NDA,1955-06-21,TYPE 5,Type 5 - New Formulation or New Manufacturer,STANDARD,FALSE,Type 5 - New Formulation or New Manufacturer,PHARMACIA AND UPJOHN,MATCH,DELTASONE,PREDNISONE 50MG **Federal Register determination that product was not discontinued or withdrawn for safety or effectiveness reasons**,TABLET; ORAL,5,Discontinued,1955-02-21 on NDA009766,non-NME row: earlier appearances permitted by construction; see ingredient_first_appearance,none (not a Type 1/1-4 original approval),MATCH,https://www.accessdata.fda.gov/scripts/cder/daf/index.cfm?event=overview.process&varApplNo=009986,https://api.fda.gov/drug/drugsfda.json?search=application_number:%22NDA009986%22,Verified (live probe match),"Row of the complete 1939-1964 original-application audit (v26 (2026-09-21)): every ORIG/AP row of the committed SHA-verified openFDA payload; facts verbatim from the payload; application type and holder cross-checked against the full official Drugs@FDA database (Applications_all_types.txt, 29,336 applications); no ticker, indication or applicant lineage asserted."
PRE1965AUDIT-1955-16,1955,NDA009987,NDA,1955-06-21,TYPE 1,Type 1 - New Molecular Entity,STANDARD,TRUE,NME (Type 1),PHARMACIA AND UPJOHN,MATCH,DELTA-CORTEF,PREDNISOLONE 5MG,TABLET; ORAL,1,Discontinued,first-in-payloads (1939-1964 universe),"first appearance in the 1939-1964 payload universe (Drugs@FDA coverage before 1965 is incomplete: re-approval screen, not proof of first marketing)",PRE1965-1955-16 (data/pre1965_fda_decisions.csv),MATCH,https://www.accessdata.fda.gov/scripts/cder/daf/index.cfm?event=overview.process&varApplNo=009987,https://api.fda.gov/drug/drugsfda.json?search=application_number:%22NDA009987%22,Verified (live probe match),"Row of the complete 1939-1964 original-application audit (v26 (2026-09-21)): every ORIG/AP row of the committed SHA-verified openFDA payload; facts verbatim from the payload; application type and holder cross-checked against the full official Drugs@FDA database (Applications_all_types.txt, 29,336 applications); no ticker, indication or applicant lineage asserted."
PRE1965AUDIT-1955-17,1955,NDA009996,NDA,1955-07-01,TYPE 5,Type 5 - New Formulation or New Manufacturer,STANDARD,FALSE,Type 5 - New Formulation or New Manufacturer,PFIZER,MATCH,STERANE,PREDNISOLONE 5MG,TABLET; ORAL,1,Discontinued,1955-06-21 on NDA009987,non-NME row: earlier appearances permitted by construction; see ingredient_first_appearance,none (not a Type 1/1-4 original approval),MATCH,https://www.accessdata.fda.gov/scripts/cder/daf/index.cfm?event=overview.process&varApplNo=009996,https://api.fda.gov/drug/drugsfda.json?search=application_number:%22NDA009996%22,Verified (live probe match),"Row of the complete 1939-1964 original-application audit (v26 (2026-09-21)): every ORIG/AP row of the committed SHA-verified openFDA payload; facts verbatim from the payload; application type and holder cross-checked against the full official Drugs@FDA database (Applications_all_types.txt, 29,336 applications); no ticker, indication or applicant lineage asserted."
PRE1965AUDIT-1955-18,1955,NDA010028,NDA,1955-07-26,TYPE 1,Type 1 - New Molecular Entity,PRIORITY,TRUE,NME (Type 1),WYETH AYERST,MATCH,EQUANIL,MEPROBAMATE 400MG,TABLET; ORAL,2,Discontinued,1955-04-28 on NDA009698,"FLAG-RESCREEN: MEPROBAMATE first seen 1955-04-28 on NDA009698 - ingredient already appears on an earlier row of the 1939-1964 payload universe (sibling pair or re-approval of a marketed ingredient). Flagged for review; the row is kept verbatim and excluded only from the counted-once statistic. Drugs@FDA pre-1965 coverage is incomplete, so an earlier marketing may also simply be absent from the payloads.",PRE1965-1955-18 (data/pre1965_fda_decisions.csv),MATCH,https://www.accessdata.fda.gov/scripts/cder/daf/index.cfm?event=overview.process&varApplNo=010028,https://api.fda.gov/drug/drugsfda.json?search=application_number:%22NDA010028%22,Verified (live probe match); re-screening flag (see ingredient_screen),"Row of the complete 1939-1964 original-application audit (v26 (2026-09-21)): every ORIG/AP row of the committed SHA-verified openFDA payload; facts verbatim from the payload; application type and holder cross-checked against the full official Drugs@FDA database (Applications_all_types.txt, 29,336 applications); no ticker, indication or applicant lineage asserted."
PRE1965AUDIT-1955-19,1955,NDA009818,NDA,1955-07-27,TYPE 1,Type 1 - New Molecular Entity,STANDARD,TRUE,NME (Type 1),MONARCH PHARMS,MATCH,KEMADRIN,PROCYCLIDINE HYDROCHLORIDE 2MG,TABLET; ORAL,2,Discontinued,first-in-payloads (1939-1964 universe),"first appearance in the 1939-1964 payload universe (Drugs@FDA coverage before 1965 is incomplete: re-approval screen, not proof of first marketing)",PRE1965-1955-19 (data/pre1965_fda_decisions.csv),MATCH,https://www.accessdata.fda.gov/scripts/cder/daf/index.cfm?event=overview.process&varApplNo=009818,https://api.fda.gov/drug/drugsfda.json?search=application_number:%22NDA009818%22,Verified (live probe match),"Row of the complete 1939-1964 original-application audit (v26 (2026-09-21)): every ORIG/AP row of the committed SHA-verified openFDA payload; facts verbatim from the payload; application type and holder cross-checked against the full official Drugs@FDA database (Applications_all_types.txt, 29,336 applications); no ticker, indication or applicant lineage asserted."
PRE1965AUDIT-1955-20,1955,NDA009854,NDA,1955-07-29,TYPE 2,Type 2 - New Active Ingredient,PRIORITY,FALSE,Type 2 - New Active Ingredient,ANI PHARMS,MATCH,CORTROPHIN-ZINC,CORTICOTROPIN-ZINC HYDROXIDE 40 UNITS/ML,INJECTABLE; INJECTION,1,Discontinued,first-in-payloads (1939-1964 universe),non-NME row: earlier appearances permitted by construction; see ingredient_first_appearance,none (not a Type 1/1-4 original approval),MATCH,https://www.accessdata.fda.gov/scripts/cder/daf/index.cfm?event=overview.process&varApplNo=009854,https://api.fda.gov/drug/drugsfda.json?search=application_number:%22NDA009854%22,Verified (live probe match),"Row of the complete 1939-1964 original-application audit (v26 (2026-09-21)): every ORIG/AP row of the committed SHA-verified openFDA payload; facts verbatim from the payload; application type and holder cross-checked against the full official Drugs@FDA database (Applications_all_types.txt, 29,336 applications); no ticker, indication or applicant lineage asserted."
PRE1965AUDIT-1955-21,1955,NDA010040,NDA,1955-08-02,TYPE 2/4,Type 2 New Active Ingredient and Type 4 New Combination,STANDARD,FALSE,Type 2 New Active Ingredient and Type 4 New Combination,BRACCO,MATCH,RENOGRAFIN-76,DIATRIZOATE MEGLUMINE 66%; DIATRIZOATE SODIUM 10%,INJECTABLE; INJECTION,10,Discontinued,1954-11-26 on NDA009561,non-NME row: earlier appearances permitted by construction; see ingredient_first_appearance,none (not a Type 1/1-4 original approval),MATCH,https://www.accessdata.fda.gov/scripts/cder/daf/index.cfm?event=overview.process&varApplNo=010040,https://api.fda.gov/drug/drugsfda.json?search=application_number:%22NDA010040%22,Verified (live probe match),"Row of the complete 1939-1964 original-application audit (v26 (2026-09-21)): every ORIG/AP row of the committed SHA-verified openFDA payload; facts verbatim from the payload; application type and holder cross-checked against the full official Drugs@FDA database (Applications_all_types.txt, 29,336 applications); no ticker, indication or applicant lineage asserted."
PRE1965AUDIT-1955-22,1955,NDA009115,NDA,1955-08-12,TYPE 2,Type 2 - New Active Ingredient,PRIORITY,FALSE,Type 2 - New Active Ingredient,NOVARTIS,MATCH,SERPASIL,RESERPINE 0.2MG/4ML,ELIXIR; ORAL,4,Discontinued,1954-04-01 on NDA009296,non-NME row: earlier appearances permitted by construction; see ingredient_first_appearance,none (not a Type 1/1-4 original approval),MATCH,https://www.accessdata.fda.gov/scripts/cder/daf/index.cfm?event=overview.process&varApplNo=009115,https://api.fda.gov/drug/drugsfda.json?search=application_number:%22NDA009115%22,Verified (live probe match),"Row of the complete 1939-1964 original-application audit (v26 (2026-09-21)): every ORIG/AP row of the committed SHA-verified openFDA payload; facts verbatim from the payload; application type and holder cross-checked against the full official Drugs@FDA database (Applications_all_types.txt, 29,336 applications); no ticker, indication or applicant lineage asserted."
PRE1965AUDIT-1955-23,1955,NDA010060,NDA,1955-08-18,TYPE 3,Type 3 - New Dosage Form,STANDARD,FALSE,Type 3 - New Dosage Form,CASPER PHARMA LLC,MATCH,FLORINEF,FLUDROCORTISONE ACETATE 0.1MG **Federal Register determination that product was not discontinued or withdrawn for safety or effectiveness reasons**,TABLET; ORAL,1,Discontinued,first-in-payloads (1939-1964 universe),non-NME row: earlier appearances permitted by construction; see ingredient_first_appearance,none (not a Type 1/1-4 original approval),MATCH,https://www.accessdata.fda.gov/scripts/cder/daf/index.cfm?event=overview.process&varApplNo=010060,https://api.fda.gov/drug/drugsfda.json?search=application_number:%22NDA010060%22,Verified (live probe match),"Row of the complete 1939-1964 original-application audit (v26 (2026-09-21)): every ORIG/AP row of the committed SHA-verified openFDA payload; facts verbatim from the payload; application type and holder cross-checked against the full official Drugs@FDA database (Applications_all_types.txt, 29,336 applications); no ticker, indication or applicant lineage asserted."
PRE1965AUDIT-1955-24,1955,NDA010093,NDA,1955-09-09,TYPE 2,Type 2 - New Active Ingredient,STANDARD,FALSE,Type 2 - New Active Ingredient,UCB INC,MATCH,BIPHETAMINE 7.5,AMPHETAMINE RESIN COMPLEX EQ 3.75MG BASE; DEXTROAMPHETAMINE RESIN COMPLEX EQ 3.75MG BASE,"CAPSULE, EXTENDED RELEASE; ORAL",3,Discontinued,first-in-payloads (1939-1964 universe),non-NME row: earlier appearances permitted by construction; see ingredient_first_appearance,none (not a Type 1/1-4 original approval),MATCH,https://www.accessdata.fda.gov/scripts/cder/daf/index.cfm?event=overview.process&varApplNo=010093,https://api.fda.gov/drug/drugsfda.json?search=application_number:%22NDA010093%22,Verified (live probe match),"Row of the complete 1939-1964 original-application audit (v26 (2026-09-21)): every ORIG/AP row of the committed SHA-verified openFDA payload; facts verbatim from the payload; application type and holder cross-checked against the full official Drugs@FDA database (Applications_all_types.txt, 29,336 applications); no ticker, indication or applicant lineage asserted."
PRE1965AUDIT-1955-25,1955,NDA010104,NDA,1955-09-30,TYPE 3,Type 3 - New Dosage Form,PRIORITY,FALSE,Type 3 - New Dosage Form,BAUSCH,MATCH,MEPHYTON,PHYTONADIONE 5MG **Federal Register determination that product was not discontinued or withdrawn for safety or effectiveness reasons**,TABLET; ORAL,1,Discontinued,first-in-payloads (1939-1964 universe),non-NME row: earlier appearances permitted by construction; see ingredient_first_appearance,none (not a Type 1/1-4 original approval),MATCH,https://www.accessdata.fda.gov/scripts/cder/daf/index.cfm?event=overview.process&varApplNo=010104,https://api.fda.gov/drug/drugsfda.json?search=application_number:%22NDA010104%22,Verified (live probe match),"Row of the complete 1939-1964 original-application audit (v26 (2026-09-21)): every ORIG/AP row of the committed SHA-verified openFDA payload; facts verbatim from the payload; application type and holder cross-checked against the full official Drugs@FDA database (Applications_all_types.txt, 29,336 applications); no ticker, indication or applicant lineage asserted."
PRE1965AUDIT-1955-26,1955,NDA009830,NDA,1955-10-02,TYPE 3,Type 3 - New Dosage Form,STANDARD,FALSE,Type 3 - New Dosage Form,BAUSCH,MATCH,MESTINON,PYRIDOSTIGMINE BROMIDE 5MG/ML,INJECTABLE; INJECTION,1,Prescription,1955-04-06 on NDA009829,non-NME row: earlier appearances permitted by construction; see ingredient_first_appearance,none (not a Type 1/1-4 original approval),MATCH,https://www.accessdata.fda.gov/scripts/cder/daf/index.cfm?event=overview.process&varApplNo=009830,https://api.fda.gov/drug/drugsfda.json?search=application_number:%22NDA009830%22,Verified (live probe match),"Row of the complete 1939-1964 original-application audit (v26 (2026-09-21)): every ORIG/AP row of the committed SHA-verified openFDA payload; facts verbatim from the payload; application type and holder cross-checked against the full official Drugs@FDA database (Applications_all_types.txt, 29,336 applications); no ticker, indication or applicant lineage asserted."
PRE1965AUDIT-1955-27,1955,NDA010124,NDA,1955-10-12,TYPE 5,Type 5 - New Formulation or New Manufacturer,STANDARD,FALSE,Type 5 - New Formulation or New Manufacturer,LANNETT,MATCH,SERPALAN,RESERPINE 0.25MG,TABLET; ORAL,2,Discontinued,1954-04-01 on NDA009296,non-NME row: earlier appearances permitted by construction; see ingredient_first_appearance,none (not a Type 1/1-4 original approval),MATCH,https://www.accessdata.fda.gov/scripts/cder/daf/index.cfm?event=overview.process&varApplNo=010124,https://api.fda.gov/drug/drugsfda.json?search=application_number:%22NDA010124%22,Verified (live probe match),"Row of the complete 1939-1964 original-application audit (v26 (2026-09-21)): every ORIG/AP row of the committed SHA-verified openFDA payload; facts verbatim from the payload; application type and holder cross-checked against the full official Drugs@FDA database (Applications_all_types.txt, 29,336 applications); no ticker, indication or applicant lineage asserted."
PRE1965AUDIT-1955-28,1955,NDA010220,NDA,1955-11-09,TYPE 5,Type 5 - New Formulation or New Manufacturer,STANDARD,FALSE,Type 5 - New Formulation or New Manufacturer,GE HEALTHCARE,MATCH,"HYPAQUE-M,90%",DIATRIZOATE MEGLUMINE 60%; DIATRIZOATE SODIUM 30%,INJECTABLE; INJECTION,2,Discontinued,1955-08-02 on NDA010040,non-NME row: earlier appearances permitted by construction; see ingredient_first_appearance,none (not a Type 1/1-4 original approval),MATCH,https://www.accessdata.fda.gov/scripts/cder/daf/index.cfm?event=overview.process&varApplNo=010220,https://api.fda.gov/drug/drugsfda.json?search=application_number:%22NDA010220%22,Verified (live probe match),"Row of the complete 1939-1964 original-application audit (v26 (2026-09-21)): every ORIG/AP row of the committed SHA-verified openFDA payload; facts verbatim from the payload; application type and holder cross-checked against the full official Drugs@FDA database (Applications_all_types.txt, 29,336 applications); no ticker, indication or applicant lineage asserted."
PRE1965AUDIT-1955-29,1955,NDA009395,NDA,1955-11-18,TYPE 2,Type 2 - New Active Ingredient,STANDARD,FALSE,Type 2 - New Active Ingredient,GLENWOOD,MATCH,PASKALIUM,POTASSIUM AMINOSALICYLATE 1GM,TABLET; ORAL,2,Discontinued,first-in-payloads (1939-1964 universe),non-NME row: earlier appearances permitted by construction; see ingredient_first_appearance,none (not a Type 1/1-4 original approval),MATCH,https://www.accessdata.fda.gov/scripts/cder/daf/index.cfm?event=overview.process&varApplNo=009395,https://api.fda.gov/drug/drugsfda.json?search=application_number:%22NDA009395%22,Verified (live probe match),"Row of the complete 1939-1964 original-application audit (v26 (2026-09-21)): every ORIG/AP row of the committed SHA-verified openFDA payload; facts verbatim from the payload; application type and holder cross-checked against the full official Drugs@FDA database (Applications_all_types.txt, 29,336 applications); no ticker, indication or applicant lineage asserted."
PRE1965AUDIT-1955-30,1955,NDA050268,NDA,1955-11-23,UNKNOWN,,UNKNOWN,FALSE,NOT PUBLISHED (blank class),STORZ,MATCH,ACHROMYCIN,TETRACYCLINE HYDROCHLORIDE 1%,SUSPENSION/DROPS; OPHTHALMIC,1,Discontinued,1953-11-19 on NDA050273,non-NME row: earlier appearances permitted by construction; see ingredient_first_appearance,none (not a Type 1/1-4 original approval),MATCH,https://www.accessdata.fda.gov/scripts/cder/daf/index.cfm?event=overview.process&varApplNo=050268,https://api.fda.gov/drug/drugsfda.json?search=application_number:%22NDA050268%22,Verified (live probe match),"Row of the complete 1939-1964 original-application audit (v26 (2026-09-21)): every ORIG/AP row of the committed SHA-verified openFDA payload; facts verbatim from the payload; application type and holder cross-checked against the full official Drugs@FDA database (Applications_all_types.txt, 29,336 applications); no ticker, indication or applicant lineage asserted."
PRE1965AUDIT-1955-31,1955,NDA010187,NDA,1955-12-05,TYPE 3,Type 3 - New Dosage Form,STANDARD,FALSE,Type 3 - New Dosage Form,SANDOZ,MATCH,RITALIN,METHYLPHENIDATE HYDROCHLORIDE 10MG,TABLET; ORAL,3,Prescription,first-in-payloads (1939-1964 universe),non-NME row: earlier appearances permitted by construction; see ingredient_first_appearance,none (not a Type 1/1-4 original approval),MATCH,https://www.accessdata.fda.gov/scripts/cder/daf/index.cfm?event=overview.process&varApplNo=010187,https://api.fda.gov/drug/drugsfda.json?search=application_number:%22NDA010187%22,Verified (live probe match),"Row of the complete 1939-1964 original-application audit (v26 (2026-09-21)): every ORIG/AP row of the committed SHA-verified openFDA payload; facts verbatim from the payload; application type and holder cross-checked against the full official Drugs@FDA database (Applications_all_types.txt, 29,336 applications); no ticker, indication or applicant lineage asserted."
PRE1965AUDIT-1956-01,1956,NDA010209,NDA,1956-02-24,TYPE 3,Type 3 - New Dosage Form,STANDARD,FALSE,Type 3 - New Dosage Form,SCHERING,MATCH,METI-DERM,PREDNISOLONE 0.5%,CREAM; TOPICAL,1,Discontinued,1955-06-21 on NDA009987,non-NME row: earlier appearances permitted by construction; see ingredient_first_appearance,none (not a Type 1/1-4 original approval),MATCH,https://www.accessdata.fda.gov/scripts/cder/daf/index.cfm?event=overview.process&varApplNo=010209,https://api.fda.gov/drug/drugsfda.json?search=application_number:%22NDA010209%22,Verified (live probe match),"Row of the complete 1939-1964 original-application audit (v26 (2026-09-21)): every ORIG/AP row of the committed SHA-verified openFDA payload; facts verbatim from the payload; application type and holder cross-checked against the full official Drugs@FDA database (Applications_all_types.txt, 29,336 applications); no ticker, indication or applicant lineage asserted."
PRE1965AUDIT-1956-02,1956,NDA010151,NDA,1956-03-01,TYPE 3,Type 3 - New Dosage Form,STANDARD,FALSE,Type 3 - New Dosage Form,PARKE DAVIS,MATCH,DILANTIN,PHENYTOIN SODIUM 50MG/ML,INJECTABLE; INJECTION,1,Discontinued,first-in-payloads (1939-1964 universe),non-NME row: earlier appearances permitted by construction; see ingredient_first_appearance,none (not a Type 1/1-4 original approval),MATCH,https://www.accessdata.fda.gov/scripts/cder/daf/index.cfm?event=overview.process&varApplNo=010151,https://api.fda.gov/drug/drugsfda.json?search=application_number:%22NDA010151%22,Verified (live probe match),"Row of the complete 1939-1964 original-application audit (v26 (2026-09-21)): every ORIG/AP row of the committed SHA-verified openFDA payload; facts verbatim from the payload; application type and holder cross-checked against the full official Drugs@FDA database (Applications_all_types.txt, 29,336 applications); no ticker, indication or applicant lineage asserted."
PRE1965AUDIT-1956-03,1956,NDA010251,NDA,1956-03-01,TYPE 1,Type 1 - New Molecular Entity,PRIORITY,TRUE,NME (Type 1),TARGACEPT,MATCH,INVERSINE,MECAMYLAMINE HYDROCHLORIDE 2.5MG **Federal Register determination that product was not discontinued or withdrawn for safety or effectiveness reasons**,TABLET; ORAL,1,Discontinued,first-in-payloads (1939-1964 universe),"first appearance in the 1939-1964 payload universe (Drugs@FDA coverage before 1965 is incomplete: re-approval screen, not proof of first marketing)",PRE1965-1956-03 (data/pre1965_fda_decisions.csv),MATCH,https://www.accessdata.fda.gov/scripts/cder/daf/index.cfm?event=overview.process&varApplNo=010251,https://api.fda.gov/drug/drugsfda.json?search=application_number:%22NDA010251%22,Verified (live probe match),"Row of the complete 1939-1964 original-application audit (v26 (2026-09-21)): every ORIG/AP row of the committed SHA-verified openFDA payload; facts verbatim from the payload; application type and holder cross-checked against the full official Drugs@FDA database (Applications_all_types.txt, 29,336 applications); no ticker, indication or applicant lineage asserted."
PRE1965AUDIT-1956-04,1956,NDA010374,NDA,1956-03-09,UNKNOWN,,UNKNOWN,FALSE,NOT PUBLISHED (blank class),3M,MATCH,MEDIHALER-EPI,EPINEPHRINE BITARTRATE 0.3MG/INH,"AEROSOL, METERED; INHALATION",1,Discontinued,first-in-payloads (1939-1964 universe),non-NME row: earlier appearances permitted by construction; see ingredient_first_appearance,none (not a Type 1/1-4 original approval),MATCH,https://www.accessdata.fda.gov/scripts/cder/daf/index.cfm?event=overview.process&varApplNo=010374,https://api.fda.gov/drug/drugsfda.json?search=application_number:%22NDA010374%22,Verified (live probe match),"Row of the complete 1939-1964 original-application audit (v26 (2026-09-21)): every ORIG/AP row of the committed SHA-verified openFDA payload; facts verbatim from the payload; application type and holder cross-checked against the full official Drugs@FDA database (Applications_all_types.txt, 29,336 applications); no ticker, indication or applicant lineage asserted."
PRE1965AUDIT-1956-05,1956,NDA010375,NDA,1956-03-09,TYPE 2,Type 2 - New Active Ingredient,STANDARD,FALSE,Type 2 - New Active Ingredient,3M,MATCH,ISOPROTERENOL HYDROCHLORIDE,ISOPROTERENOL HYDROCHLORIDE 0.12MG/INH,"AEROSOL, METERED; INHALATION",2,Discontinued,1948-02-19 on NDA006328,non-NME row: earlier appearances permitted by construction; see ingredient_first_appearance,none (not a Type 1/1-4 original approval),MATCH,https://www.accessdata.fda.gov/scripts/cder/daf/index.cfm?event=overview.process&varApplNo=010375,https://api.fda.gov/drug/drugsfda.json?search=application_number:%22NDA010375%22,Verified (live probe match),"Row of the complete 1939-1964 original-application audit (v26 (2026-09-21)): every ORIG/AP row of the committed SHA-verified openFDA payload; facts verbatim from the payload; application type and holder cross-checked against the full official Drugs@FDA database (Applications_all_types.txt, 29,336 applications); no ticker, indication or applicant lineage asserted."
PRE1965AUDIT-1956-06,1956,NDA011386,NDA,1956-03-26,TYPE 3,Type 3 - New Dosage Form,STANDARD,FALSE,Type 3 - New Dosage Form,GE HEALTHCARE,MATCH,HYPAQUE,DIATRIZOATE SODIUM 40%,"SOLUTION; ORAL, RECTAL",2,Discontinued,1954-11-26 on NDA009561,non-NME row: earlier appearances permitted by construction; see ingredient_first_appearance,none (not a Type 1/1-4 original approval),MATCH,https://www.accessdata.fda.gov/scripts/cder/daf/index.cfm?event=overview.process&varApplNo=011386,https://api.fda.gov/drug/drugsfda.json?search=application_number:%22NDA011386%22,Verified (live probe match),"Row of the complete 1939-1964 original-application audit (v26 (2026-09-21)): every ORIG/AP row of the committed SHA-verified openFDA payload; facts verbatim from the payload; application type and holder cross-checked against the full official Drugs@FDA database (Applications_all_types.txt, 29,336 applications); no ticker, indication or applicant lineage asserted."
PRE1965AUDIT-1956-07,1956,NDA010392,NDA,1956-04-12,TYPE 1,Type 1 - New Molecular Entity,STANDARD,TRUE,NME (Type 1),PFIZER,MATCH,ATARAX,HYDROXYZINE HYDROCHLORIDE 100MG **Federal Register determination that product was not discontinued or withdrawn for safety or effectiveness reasons**,TABLET; ORAL,4,Discontinued,first-in-payloads (1939-1964 universe),"first appearance in the 1939-1964 payload universe (Drugs@FDA coverage before 1965 is incomplete: re-approval screen, not proof of first marketing)",PRE1965-1956-07 (data/pre1965_fda_decisions.csv),MATCH,https://www.accessdata.fda.gov/scripts/cder/daf/index.cfm?event=overview.process&varApplNo=010392,https://api.fda.gov/drug/drugsfda.json?search=application_number:%22NDA010392%22,Verified (live probe match),"Row of the complete 1939-1964 original-application audit (v26 (2026-09-21)): every ORIG/AP row of the committed SHA-verified openFDA payload; facts verbatim from the payload; application type and holder cross-checked against the full official Drugs@FDA database (Applications_all_types.txt, 29,336 applications); no ticker, indication or applicant lineage asserted."
PRE1965AUDIT-1956-08,1956,NDA010349,NDA,1956-04-13,TYPE 1,Type 1 - New Molecular Entity,STANDARD,TRUE,NME (Type 1),HIKMA,MATCH,SPARINE,PROMAZINE HYDROCHLORIDE 50MG/ML,INJECTABLE; INJECTION,2,Discontinued,first-in-payloads (1939-1964 universe),"first appearance in the 1939-1964 payload universe (Drugs@FDA coverage before 1965 is incomplete: re-approval screen, not proof of first marketing)",PRE1965-1956-08 (data/pre1965_fda_decisions.csv),MATCH,https://www.accessdata.fda.gov/scripts/cder/daf/index.cfm?event=overview.process&varApplNo=010349,https://api.fda.gov/drug/drugsfda.json?search=application_number:%22NDA010349%22,Verified (live probe match),"Row of the complete 1939-1964 original-application audit (v26 (2026-09-21)): every ORIG/AP row of the committed SHA-verified openFDA payload; facts verbatim from the payload; application type and holder cross-checked against the full official Drugs@FDA database (Applications_all_types.txt, 29,336 applications); no ticker, indication or applicant lineage asserted."
PRE1965AUDIT-1956-09,1956,NDA010423,NDA,1956-04-30,TYPE 1,Type 1 - New Molecular Entity,STANDARD,TRUE,NME (Type 1),ROCHE,MATCH,LORFAN,LEVALLORPHAN TARTRATE 1MG/ML,INJECTABLE; INJECTION,1,Discontinued,first-in-payloads (1939-1964 universe),"first appearance in the 1939-1964 payload universe (Drugs@FDA coverage before 1965 is incomplete: re-approval screen, not proof of first marketing)",PRE1965-1956-09 (data/pre1965_fda_decisions.csv),MATCH,https://www.accessdata.fda.gov/scripts/cder/daf/index.cfm?event=overview.process&varApplNo=010423,https://api.fda.gov/drug/drugsfda.json?search=application_number:%22NDA010423%22,Verified (live probe match),"Row of the complete 1939-1964 original-application audit (v26 (2026-09-21)): every ORIG/AP row of the committed SHA-verified openFDA payload; facts verbatim from the payload; application type and holder cross-checked against the full official Drugs@FDA database (Applications_all_types.txt, 29,336 applications); no ticker, indication or applicant lineage asserted."
PRE1965AUDIT-1956-10,1956,NDA010155,NDA,1956-05-01,TYPE 1,Type 1 - New Molecular Entity,STANDARD,TRUE,NME (Type 1),SANOFI AVENTIS US,MATCH,MYTELASE,AMBENONIUM CHLORIDE 10MG,TABLET; ORAL,1,Discontinued,first-in-payloads (1939-1964 universe),"first appearance in the 1939-1964 payload universe (Drugs@FDA coverage before 1965 is incomplete: re-approval screen, not proof of first marketing)",PRE1965-1956-10 (data/pre1965_fda_decisions.csv),MATCH,https://www.accessdata.fda.gov/scripts/cder/daf/index.cfm?event=overview.process&varApplNo=010155,https://api.fda.gov/drug/drugsfda.json?search=application_number:%22NDA010155%22,Verified (live probe match),"Row of the complete 1939-1964 original-application audit (v26 (2026-09-21)): every ORIG/AP row of the committed SHA-verified openFDA payload; facts verbatim from the payload; application type and holder cross-checked against the full official Drugs@FDA database (Applications_all_types.txt, 29,336 applications); no ticker, indication or applicant lineage asserted."
PRE1965AUDIT-1956-11,1956,NDA010379,NDA,1956-05-08,TYPE 1,Type 1 - New Molecular Entity,PRIORITY,TRUE,NME (Type 1),KING PHARMS,MATCH,CYTOMEL,LIOTHYRONINE SODIUM EQ 0.025MG BASE,TABLET; ORAL,3,Prescription,first-in-payloads (1939-1964 universe),"first appearance in the 1939-1964 payload universe (Drugs@FDA coverage before 1965 is incomplete: re-approval screen, not proof of first marketing)",PRE1965-1956-11 (data/pre1965_fda_decisions.csv),MATCH,https://www.accessdata.fda.gov/scripts/cder/daf/index.cfm?event=overview.process&varApplNo=010379,https://api.fda.gov/drug/drugsfda.json?search=application_number:%22NDA010379%22,Verified (live probe match),"Row of the complete 1939-1964 original-application audit (v26 (2026-09-21)): every ORIG/AP row of the committed SHA-verified openFDA payload; facts verbatim from the payload; application type and holder cross-checked against the full official Drugs@FDA database (Applications_all_types.txt, 29,336 applications); no ticker, indication or applicant lineage asserted."
PRE1965AUDIT-1956-12,1956,NDA010515,NDA,1956-05-25,TYPE 3,Type 3 - New Dosage Form,PRIORITY,FALSE,Type 3 - New Dosage Form,BAUSCH,MATCH,ISUPREL,ISOPROTERENOL HYDROCHLORIDE 0.2MG/ML **Federal Register determination that product was not discontinued or withdrawn for safety or effectiveness reasons**,INJECTABLE; INJECTION,1,Discontinued,1948-02-19 on NDA006328,non-NME row: earlier appearances permitted by construction; see ingredient_first_appearance,none (not a Type 1/1-4 original approval),MATCH,https://www.accessdata.fda.gov/scripts/cder/daf/index.cfm?event=overview.process&varApplNo=010515,https://api.fda.gov/drug/drugsfda.json?search=application_number:%22NDA010515%22,Verified (live probe match),"Row of the complete 1939-1964 original-application audit (v26 (2026-09-21)): every ORIG/AP row of the committed SHA-verified openFDA payload; facts verbatim from the payload; application type and holder cross-checked against the full official Drugs@FDA database (Applications_all_types.txt, 29,336 applications); no ticker, indication or applicant lineage asserted."
PRE1965AUDIT-1956-13,1956,NDA010485,NDA,1956-05-31,TYPE 3,Type 3 - New Dosage Form,STANDARD,FALSE,Type 3 - New Dosage Form,ROERIG,MATCH,ATARAX,HYDROXYZINE HYDROCHLORIDE 10MG/5ML **Federal Register determination that product was not discontinued or withdrawn for safety or effectiveness reasons**,SYRUP; ORAL,1,Discontinued,1956-04-12 on NDA010392,non-NME row: earlier appearances permitted by construction; see ingredient_first_appearance,none (not a Type 1/1-4 original approval),MATCH,https://www.accessdata.fda.gov/scripts/cder/daf/index.cfm?event=overview.process&varApplNo=010485,https://api.fda.gov/drug/drugsfda.json?search=application_number:%22NDA010485%22,Verified (live probe match),"Row of the complete 1939-1964 original-application audit (v26 (2026-09-21)): every ORIG/AP row of the committed SHA-verified openFDA payload; facts verbatim from the payload; application type and holder cross-checked against the full official Drugs@FDA database (Applications_all_types.txt, 29,336 applications); no ticker, indication or applicant lineage asserted."
PRE1965AUDIT-1956-14,1956,NDA010533,NDA,1956-07-05,TYPE 5,Type 5 - New Formulation or New Manufacturer,STANDARD,FALSE,Type 5 - New Formulation or New Manufacturer,NOVARTIS,MATCH,PBZ-SR,TRIPELENNAMINE HYDROCHLORIDE 50MG,"TABLET, EXTENDED RELEASE; ORAL",2,Discontinued,1948-02-19 on NDA005914,non-NME row: earlier appearances permitted by construction; see ingredient_first_appearance,none (not a Type 1/1-4 original approval),MATCH,https://www.accessdata.fda.gov/scripts/cder/daf/index.cfm?event=overview.process&varApplNo=010533,https://api.fda.gov/drug/drugsfda.json?search=application_number:%22NDA010533%22,Verified (live probe match),"Row of the complete 1939-1964 original-application audit (v26 (2026-09-21)): every ORIG/AP row of the committed SHA-verified openFDA payload; facts verbatim from the payload; application type and holder cross-checked against the full official Drugs@FDA database (Applications_all_types.txt, 29,336 applications); no ticker, indication or applicant lineage asserted."
PRE1965AUDIT-1956-15,1956,NDA010562,NDA,1956-07-25,TYPE 2,Type 2 - New Active Ingredient,STANDARD,FALSE,Type 2 - New Active Ingredient,MERCK,MATCH,HYDELTRA-TBA,PREDNISOLONE TEBUTATE 20MG/ML,INJECTABLE; INJECTION,1,Discontinued,first-in-payloads (1939-1964 universe),non-NME row: earlier appearances permitted by construction; see ingredient_first_appearance,none (not a Type 1/1-4 original approval),MATCH,https://www.accessdata.fda.gov/scripts/cder/daf/index.cfm?event=overview.process&varApplNo=010562,https://api.fda.gov/drug/drugsfda.json?search=application_number:%22NDA010562%22,Verified (live probe match),"Row of the complete 1939-1964 original-application audit (v26 (2026-09-21)): every ORIG/AP row of the committed SHA-verified openFDA payload; facts verbatim from the payload; application type and holder cross-checked against the full official Drugs@FDA database (Applications_all_types.txt, 29,336 applications); no ticker, indication or applicant lineage asserted."
PRE1965AUDIT-1956-16,1956,NDA010598,NDA,1956-07-30,TYPE 4,Type 4 - New Combination,STANDARD,FALSE,Type 4 - New Combination,SANOFI AVENTIS US,MATCH,BENDECTIN,DOXYLAMINE SUCCINATE 10MG; PYRIDOXINE HYDROCHLORIDE 10MG **Federal Register determination that product was not discontinued or withdrawn for safety or effectiveness reasons**,"TABLET, EXTENDED RELEASE; ORAL",1,Discontinued,1948-04-07 on NDA006412,non-NME row: earlier appearances permitted by construction; see ingredient_first_appearance,none (not a Type 1/1-4 original approval),MATCH,https://www.accessdata.fda.gov/scripts/cder/daf/index.cfm?event=overview.process&varApplNo=010598,https://api.fda.gov/drug/drugsfda.json?search=application_number:%22NDA010598%22,Verified (live probe match),"Row of the complete 1939-1964 original-application audit (v26 (2026-09-21)): every ORIG/AP row of the committed SHA-verified openFDA payload; facts verbatim from the payload; application type and holder cross-checked against the full official Drugs@FDA database (Applications_all_types.txt, 29,336 applications); no ticker, indication or applicant lineage asserted."
PRE1965AUDIT-1956-17,1956,NDA008857,NDA,1956-08-20,TYPE 3,Type 3 - New Dosage Form,STANDARD,FALSE,Type 3 - New Dosage Form,WYETH AYERST,MATCH,PHENERGAN,PROMETHAZINE HYDROCHLORIDE 50MG/ML,INJECTABLE; INJECTION,2,Discontinued,1951-03-29 on NDA007935,non-NME row: earlier appearances permitted by construction; see ingredient_first_appearance,none (not a Type 1/1-4 original approval),MATCH,https://www.accessdata.fda.gov/scripts/cder/daf/index.cfm?event=overview.process&varApplNo=008857,https://api.fda.gov/drug/drugsfda.json?search=application_number:%22NDA008857%22,Verified (live probe match),"Row of the complete 1939-1964 original-application audit (v26 (2026-09-21)): every ORIG/AP row of the committed SHA-verified openFDA payload; facts verbatim from the payload; application type and holder cross-checked against the full official Drugs@FDA database (Applications_all_types.txt, 29,336 applications); no ticker, indication or applicant lineage asserted."
PRE1965AUDIT-1956-18,1956,NDA010554,NDA,1956-10-15,TYPE 1,Type 1 - New Molecular Entity,STANDARD,TRUE,NME (Type 1),PFIZER,MATCH,MAGNACORT,HYDROCORTAMATE HYDROCHLORIDE 0.5%,OINTMENT; TOPICAL,1,Discontinued,first-in-payloads (1939-1964 universe),"first appearance in the 1939-1964 payload universe (Drugs@FDA coverage before 1965 is incomplete: re-approval screen, not proof of first marketing)",PRE1965-1956-18 (data/pre1965_fda_decisions.csv),MATCH,https://www.accessdata.fda.gov/scripts/cder/daf/index.cfm?event=overview.process&varApplNo=010554,https://api.fda.gov/drug/drugsfda.json?search=application_number:%22NDA010554%22,Verified (live probe match),"Row of the complete 1939-1964 original-application audit (v26 (2026-09-21)): every ORIG/AP row of the committed SHA-verified openFDA payload; facts verbatim from the payload; application type and holder cross-checked against the full official Drugs@FDA database (Applications_all_types.txt, 29,336 applications); no ticker, indication or applicant lineage asserted."
PRE1965AUDIT-1956-19,1956,NDA010611,NDA,1956-10-15,TYPE 1,Type 1 - New Molecular Entity,PRIORITY,TRUE,NME (Type 1),PHARMACIA AND UPJOHN,MATCH,HALOTESTIN,FLUOXYMESTERONE 5MG,TABLET; ORAL,3,Discontinued,first-in-payloads (1939-1964 universe),"first appearance in the 1939-1964 payload universe (Drugs@FDA coverage before 1965 is incomplete: re-approval screen, not proof of first marketing)",PRE1965-1956-19 (data/pre1965_fda_decisions.csv),MATCH,https://www.accessdata.fda.gov/scripts/cder/daf/index.cfm?event=overview.process&varApplNo=010611,https://api.fda.gov/drug/drugsfda.json?search=application_number:%22NDA010611%22,Verified (live probe match),"Row of the complete 1939-1964 original-application audit (v26 (2026-09-21)): every ORIG/AP row of the committed SHA-verified openFDA payload; facts verbatim from the payload; application type and holder cross-checked against the full official Drugs@FDA database (Applications_all_types.txt, 29,336 applications); no ticker, indication or applicant lineage asserted."
PRE1965AUDIT-1956-20,1956,NDA010571,NDA,1956-10-23,TYPE 1,Type 1 - New Molecular Entity,PRIORITY,TRUE,NME (Type 1),GLAXOSMITHKLINE,MATCH,COMPAZINE,PROCHLORPERAZINE MALEATE EQ 5MG BASE **Federal Register determination that product was not discontinued or withdrawn for safety or effectiveness reasons**,TABLET; ORAL,3,Discontinued,first-in-payloads (1939-1964 universe),"first appearance in the 1939-1964 payload universe (Drugs@FDA coverage before 1965 is incomplete: re-approval screen, not proof of first marketing)",PRE1965-1956-20 (data/pre1965_fda_decisions.csv),MATCH,https://www.accessdata.fda.gov/scripts/cder/daf/index.cfm?event=overview.process&varApplNo=010571,https://api.fda.gov/drug/drugsfda.json?search=application_number:%22NDA010571%22,Verified (live probe match),"Row of the complete 1939-1964 original-application audit (v26 (2026-09-21)): every ORIG/AP row of the committed SHA-verified openFDA payload; facts verbatim from the payload; application type and holder cross-checked against the full official Drugs@FDA database (Applications_all_types.txt, 29,336 applications); no ticker, indication or applicant lineage asserted."
PRE1965AUDIT-1956-21,1956,NDA010686,NDA,1956-10-31,TYPE 5,Type 5 - New Formulation or New Manufacturer,STANDARD,FALSE,Type 5 - New Formulation or New Manufacturer,PFIZER,MATCH,MODERIL,RESCINNAMINE 0.25MG,TABLET; ORAL,2,Discontinued,first-in-payloads (1939-1964 universe),non-NME row: earlier appearances permitted by construction; see ingredient_first_appearance,none (not a Type 1/1-4 original approval),MATCH,https://www.accessdata.fda.gov/scripts/cder/daf/index.cfm?event=overview.process&varApplNo=010686,https://api.fda.gov/drug/drugsfda.json?search=application_number:%22NDA010686%22,Verified (live probe match),"Row of the complete 1939-1964 original-application audit (v26 (2026-09-21)): every ORIG/AP row of the committed SHA-verified openFDA payload; facts verbatim from the payload; application type and holder cross-checked against the full official Drugs@FDA database (Applications_all_types.txt, 29,336 applications); no ticker, indication or applicant lineage asserted."
PRE1965AUDIT-1956-22,1956,NDA010679,NDA,1956-11-14,TYPE 1,Type 1 - New Molecular Entity,STANDARD,TRUE,NME (Type 1),SANOFI AVENTIS US,MATCH,CANTIL,MEPENZOLATE BROMIDE 25MG,TABLET; ORAL,2,Discontinued,first-in-payloads (1939-1964 universe),"first appearance in the 1939-1964 payload universe (Drugs@FDA coverage before 1965 is incomplete: re-approval screen, not proof of first marketing)",PRE1965-1956-22 (data/pre1965_fda_decisions.csv),MATCH,https://www.accessdata.fda.gov/scripts/cder/daf/index.cfm?event=overview.process&varApplNo=010679,https://api.fda.gov/drug/drugsfda.json?search=application_number:%22NDA010679%22,Verified (live probe match),"Row of the complete 1939-1964 original-application audit (v26 (2026-09-21)): every ORIG/AP row of the committed SHA-verified openFDA payload; facts verbatim from the payload; application type and holder cross-checked against the full official Drugs@FDA database (Applications_all_types.txt, 29,336 applications); no ticker, indication or applicant lineage asserted."
PRE1965AUDIT-1956-23,1956,NDA010402,NDA,1956-12-18,TYPE 3,Type 3 - New Dosage Form,STANDARD,FALSE,Type 3 - New Dosage Form,WYETH PHARMS,MATCH,PREMARIN,"ESTROGENS, CONJUGATED 25MG/VIAL",INJECTABLE; INJECTION,1,Prescription,1942-05-08 on NDA004782,non-NME row: earlier appearances permitted by construction; see ingredient_first_appearance,none (not a Type 1/1-4 original approval),MATCH,https://www.accessdata.fda.gov/scripts/cder/daf/index.cfm?event=overview.process&varApplNo=010402,https://api.fda.gov/drug/drugsfda.json?search=application_number:%22NDA010402%22,Verified (live probe match),"Row of the complete 1939-1964 original-application audit (v26 (2026-09-21)): every ORIG/AP row of the committed SHA-verified openFDA payload; facts verbatim from the payload; application type and holder cross-checked against the full official Drugs@FDA database (Applications_all_types.txt, 29,336 applications); no ticker, indication or applicant lineage asserted."
PRE1965AUDIT-1957-01,1957,NDA009102,NDA,1957-01-25,TYPE 2,Type 2 - New Active Ingredient,PRIORITY,FALSE,Type 2 - New Active Ingredient,GLAXOSMITHKLINE,MATCH,ANTEPAR,PIPERAZINE CITRATE EQ 500MG BASE,TABLET; ORAL,2,Discontinued,1954-07-12 on NDA009452,non-NME row: earlier appearances permitted by construction; see ingredient_first_appearance,none (not a Type 1/1-4 original approval),MATCH,https://www.accessdata.fda.gov/scripts/cder/daf/index.cfm?event=overview.process&varApplNo=009102,https://api.fda.gov/drug/drugsfda.json?search=application_number:%22NDA009102%22,Verified (live probe match),"Row of the complete 1939-1964 original-application audit (v26 (2026-09-21)): every ORIG/AP row of the committed SHA-verified openFDA payload; facts verbatim from the payload; application type and holder cross-checked against the full official Drugs@FDA database (Applications_all_types.txt, 29,336 applications); no ticker, indication or applicant lineage asserted."
PRE1965AUDIT-1957-02,1957,NDA010596,NDA,1957-02-08,TYPE 1,Type 1 - New Molecular Entity,PRIORITY,TRUE,NME (Type 1),PARKE DAVIS,MATCH,CELONTIN,METHSUXIMIDE 150MG,CAPSULE; ORAL,2,Discontinued,first-in-payloads (1939-1964 universe),"first appearance in the 1939-1964 payload universe (Drugs@FDA coverage before 1965 is incomplete: re-approval screen, not proof of first marketing)",PRE1965-1957-02 (data/pre1965_fda_decisions.csv),MATCH,https://www.accessdata.fda.gov/scripts/cder/daf/index.cfm?event=overview.process&varApplNo=010596,https://api.fda.gov/drug/drugsfda.json?search=application_number:%22NDA010596%22,Verified (live probe match),"Row of the complete 1939-1964 original-application audit (v26 (2026-09-21)): every ORIG/AP row of the committed SHA-verified openFDA payload; facts verbatim from the payload; application type and holder cross-checked against the full official Drugs@FDA database (Applications_all_types.txt, 29,336 applications); no ticker, indication or applicant lineage asserted."
PRE1965AUDIT-1957-03,1957,NDA010599,NDA,1957-02-13,TYPE 1,Type 1 - New Molecular Entity,STANDARD,TRUE,NME (Type 1),ABBVIE,MATCH,TRAL,HEXOCYCLIUM METHYLSULFATE 25MG,TABLET; ORAL,1,Discontinued,first-in-payloads (1939-1964 universe),"first appearance in the 1939-1964 payload universe (Drugs@FDA coverage before 1965 is incomplete: re-approval screen, not proof of first marketing)",PRE1965-1957-03 (data/pre1965_fda_decisions.csv),MATCH,https://www.accessdata.fda.gov/scripts/cder/daf/index.cfm?event=overview.process&varApplNo=010599,https://api.fda.gov/drug/drugsfda.json?search=application_number:%22NDA010599%22,Verified (live probe match),"Row of the complete 1939-1964 original-application audit (v26 (2026-09-21)): every ORIG/AP row of the committed SHA-verified openFDA payload; facts verbatim from the payload; application type and holder cross-checked against the full official Drugs@FDA database (Applications_all_types.txt, 29,336 applications); no ticker, indication or applicant lineage asserted."
PRE1965AUDIT-1957-04,1957,NDA010721,NDA,1957-02-14,UNKNOWN,,STANDARD,FALSE,NOT PUBLISHED (blank class),CASPER PHARMA LLC,MATCH,ANTIVERT,MECLIZINE HYDROCHLORIDE 12.5MG,TABLET; ORAL,4,Prescription,first-in-payloads (1939-1964 universe),non-NME row: earlier appearances permitted by construction; see ingredient_first_appearance,none (not a Type 1/1-4 original approval),MATCH,https://www.accessdata.fda.gov/scripts/cder/daf/index.cfm?event=overview.process&varApplNo=010721,https://api.fda.gov/drug/drugsfda.json?search=application_number:%22NDA010721%22,Verified (live probe match),"Row of the complete 1939-1964 original-application audit (v26 (2026-09-21)): every ORIG/AP row of the committed SHA-verified openFDA payload; facts verbatim from the payload; application type and holder cross-checked against the full official Drugs@FDA database (Applications_all_types.txt, 29,336 applications); no ticker, indication or applicant lineage asserted."
PRE1965AUDIT-1957-05,1957,NDA050212,NDA,1957-02-19,,,,FALSE,NOT PUBLISHED (blank class),BRISTOL,MATCH,TETREX,TETRACYCLINE PHOSPHATE COMPLEX EQ 250MG HYDROCHLORIDE,CAPSULE; ORAL,2,Discontinued,first-in-payloads (1939-1964 universe),non-NME row: earlier appearances permitted by construction; see ingredient_first_appearance,none (not a Type 1/1-4 original approval),MATCH,https://www.accessdata.fda.gov/scripts/cder/daf/index.cfm?event=overview.process&varApplNo=050212,https://api.fda.gov/drug/drugsfda.json?search=application_number:%22NDA050212%22,Verified (live probe match),"Row of the complete 1939-1964 original-application audit (v26 (2026-09-21)): every ORIG/AP row of the committed SHA-verified openFDA payload; facts verbatim from the payload; application type and holder cross-checked against the full official Drugs@FDA database (Applications_all_types.txt, 29,336 applications); no ticker, indication or applicant lineage asserted."
PRE1965AUDIT-1957-06,1957,NDA010775,NDA,1957-02-27,TYPE 1,Type 1 - New Molecular Entity,STANDARD,TRUE,NME (Type 1),SCHERING,MATCH,TRILAFON,PERPHENAZINE 8MG **Federal Register determination that product was not discontinued or withdrawn for safety or effectiveness reasons**,TABLET; ORAL,4,Discontinued,first-in-payloads (1939-1964 universe),"first appearance in the 1939-1964 payload universe (Drugs@FDA coverage before 1965 is incomplete: re-approval screen, not proof of first marketing)",PRE1965-1957-06 (data/pre1965_fda_decisions.csv),MATCH,https://www.accessdata.fda.gov/scripts/cder/daf/index.cfm?event=overview.process&varApplNo=010775,https://api.fda.gov/drug/drugsfda.json?search=application_number:%22NDA010775%22,Verified (live probe match),"Row of the complete 1939-1964 original-application audit (v26 (2026-09-21)): every ORIG/AP row of the committed SHA-verified openFDA payload; facts verbatim from the payload; application type and holder cross-checked against the full official Drugs@FDA database (Applications_all_types.txt, 29,336 applications); no ticker, indication or applicant lineage asserted."
PRE1965AUDIT-1957-07,1957,NDA010669,NDA,1957-03-18,TYPE 1,Type 1 - New Molecular Entity,PRIORITY,TRUE,NME (Type 1),WAYLIS THERAP,MATCH,LEUKERAN,CHLORAMBUCIL 2MG,TABLET; ORAL,1,Prescription,first-in-payloads (1939-1964 universe),"first appearance in the 1939-1964 payload universe (Drugs@FDA coverage before 1965 is incomplete: re-approval screen, not proof of first marketing)",PRE1965-1957-07 (data/pre1965_fda_decisions.csv),MATCH,https://www.accessdata.fda.gov/scripts/cder/daf/index.cfm?event=overview.process&varApplNo=010669,https://api.fda.gov/drug/drugsfda.json?search=application_number:%22NDA010669%22,Verified (live probe match),"Row of the complete 1939-1964 original-application audit (v26 (2026-09-21)): every ORIG/AP row of the committed SHA-verified openFDA payload; facts verbatim from the payload; application type and holder cross-checked against the full official Drugs@FDA database (Applications_all_types.txt, 29,336 applications); no ticker, indication or applicant lineage asserted."
PRE1965AUDIT-1957-08,1957,NDA050168,NDA,1957-03-26,UNKNOWN,,UNKNOWN,FALSE,NOT PUBLISHED (blank class),MONARCH PHARMS,MATCH,CORTISPORIN,"BACITRACIN ZINC 400 UNITS/GM; HYDROCORTISONE 1%; NEOMYCIN SULFATE EQ 3.5MG BASE/GM; POLYMYXIN B SULFATE 5,000 UNITS/GM **Federal Register determination that product was not discontinued or withdrawn for safety or effectiveness reasons**",OINTMENT; TOPICAL,1,Discontinued,1952-08-05 on NDA008506,non-NME row: earlier appearances permitted by construction; see ingredient_first_appearance,none (not a Type 1/1-4 original approval),MATCH,https://www.accessdata.fda.gov/scripts/cder/daf/index.cfm?event=overview.process&varApplNo=050168,https://api.fda.gov/drug/drugsfda.json?search=application_number:%22NDA050168%22,Verified (live probe match),"Row of the complete 1939-1964 original-application audit (v26 (2026-09-21)): every ORIG/AP row of the committed SHA-verified openFDA payload; facts verbatim from the payload; application type and holder cross-checked against the full official Drugs@FDA database (Applications_all_types.txt, 29,336 applications); no ticker, indication or applicant lineage asserted."
PRE1965AUDIT-1957-09,1957,NDA010656,NDA,1957-04-02,TYPE 3,Type 3 - New Dosage Form,STANDARD,FALSE,Type 3 - New Dosage Form,MERCK,MATCH,FLOROPRYL,ISOFLUROPHATE 0.025%,OINTMENT; OPHTHALMIC,1,Discontinued,first-in-payloads (1939-1964 universe),non-NME row: earlier appearances permitted by construction; see ingredient_first_appearance,none (not a Type 1/1-4 original approval),MATCH,https://www.accessdata.fda.gov/scripts/cder/daf/index.cfm?event=overview.process&varApplNo=010656,https://api.fda.gov/drug/drugsfda.json?search=application_number:%22NDA010656%22,Verified (live probe match),"Row of the complete 1939-1964 original-application audit (v26 (2026-09-21)): every ORIG/AP row of the committed SHA-verified openFDA payload; facts verbatim from the payload; application type and holder cross-checked against the full official Drugs@FDA database (Applications_all_types.txt, 29,336 applications); no ticker, indication or applicant lineage asserted."
PRE1965AUDIT-1957-10,1957,NDA010909,NDA,1957-04-05,TYPE 1,Type 1 - New Molecular Entity,STANDARD,TRUE,NME (Type 1),SCHERING,MATCH,MIRADON,ANISINDIONE 50MG,TABLET; ORAL,1,Discontinued,first-in-payloads (1939-1964 universe),"first appearance in the 1939-1964 payload universe (Drugs@FDA coverage before 1965 is incomplete: re-approval screen, not proof of first marketing)",PRE1965-1957-10 (data/pre1965_fda_decisions.csv),MATCH,https://www.accessdata.fda.gov/scripts/cder/daf/index.cfm?event=overview.process&varApplNo=010909,https://api.fda.gov/drug/drugsfda.json?search=application_number:%22NDA010909%22,Verified (live probe match),"Row of the complete 1939-1964 original-application audit (v26 (2026-09-21)): every ORIG/AP row of the committed SHA-verified openFDA payload; facts verbatim from the payload; application type and holder cross-checked against the full official Drugs@FDA database (Applications_all_types.txt, 29,336 applications); no ticker, indication or applicant lineage asserted."
PRE1965AUDIT-1957-11,1957,NDA010348,NDA,1957-04-08,TYPE 3,Type 3 - New Dosage Form,STANDARD,FALSE,Type 3 - New Dosage Form,WYETH AYERST,MATCH,SPARINE,PROMAZINE HYDROCHLORIDE 100MG,TABLET; ORAL,5,Discontinued,1956-04-13 on NDA010349,non-NME row: earlier appearances permitted by construction; see ingredient_first_appearance,none (not a Type 1/1-4 original approval),MATCH,https://www.accessdata.fda.gov/scripts/cder/daf/index.cfm?event=overview.process&varApplNo=010348,https://api.fda.gov/drug/drugsfda.json?search=application_number:%22NDA010348%22,Verified (live probe match),"Row of the complete 1939-1964 original-application audit (v26 (2026-09-21)): every ORIG/AP row of the committed SHA-verified openFDA payload; facts verbatim from the payload; application type and holder cross-checked against the full official Drugs@FDA database (Applications_all_types.txt, 29,336 applications); no ticker, indication or applicant lineage asserted."
PRE1965AUDIT-1957-12,1957,NDA010742,NDA,1957-04-08,TYPE 2,Type 2 - New Active Ingredient,STANDARD,FALSE,Type 2 - New Active Ingredient,GLAXOSMITHKLINE,MATCH,COMPAZINE,PROCHLORPERAZINE EDISYLATE EQ 5MG BASE/ML **Federal Register determination that product was not discontinued or withdrawn for safety or effectiveness reasons**,INJECTABLE; INJECTION,1,Discontinued,first-in-payloads (1939-1964 universe),non-NME row: earlier appearances permitted by construction; see ingredient_first_appearance,none (not a Type 1/1-4 original approval),MATCH,https://www.accessdata.fda.gov/scripts/cder/daf/index.cfm?event=overview.process&varApplNo=010742,https://api.fda.gov/drug/drugsfda.json?search=application_number:%22NDA010742%22,Verified (live probe match),"Row of the complete 1939-1964 original-application audit (v26 (2026-09-21)): every ORIG/AP row of the committed SHA-verified openFDA payload; facts verbatim from the payload; application type and holder cross-checked against the full official Drugs@FDA database (Applications_all_types.txt, 29,336 applications); no ticker, indication or applicant lineage asserted."
PRE1965AUDIT-1957-13,1957,NDA010911,NDA,1957-04-08,TYPE 4,Type 4 - New Combination,STANDARD,FALSE,Type 4 - New Combination,STUART PHARMS,MATCH,BUCLADIN-S,BUCLIZINE HYDROCHLORIDE 50MG,TABLET; ORAL,1,Discontinued,first-in-payloads (1939-1964 universe),non-NME row: earlier appearances permitted by construction; see ingredient_first_appearance,none (not a Type 1/1-4 original approval),MATCH,https://www.accessdata.fda.gov/scripts/cder/daf/index.cfm?event=overview.process&varApplNo=010911,https://api.fda.gov/drug/drugsfda.json?search=application_number:%22NDA010911%22,Verified (live probe match),"Row of the complete 1939-1964 original-application audit (v26 (2026-09-21)): every ORIG/AP row of the committed SHA-verified openFDA payload; facts verbatim from the payload; application type and holder cross-checked against the full official Drugs@FDA database (Applications_all_types.txt, 29,336 applications); no ticker, indication or applicant lineage asserted."
PRE1965AUDIT-1957-14,1957,NDA009519,NDA,1957-04-16,TYPE 1,Type 1 - New Molecular Entity,PRIORITY,TRUE,NME (Type 1),SANOFI AVENTIS US,MATCH,DORIDEN,GLUTETHIMIDE 500MG,CAPSULE; ORAL,3,Discontinued,first-in-payloads (1939-1964 universe),"first appearance in the 1939-1964 payload universe (Drugs@FDA coverage before 1965 is incomplete: re-approval screen, not proof of first marketing)",PRE1965-1957-14 (data/pre1965_fda_decisions.csv),MATCH,https://www.accessdata.fda.gov/scripts/cder/daf/index.cfm?event=overview.process&varApplNo=009519,https://api.fda.gov/drug/drugsfda.json?search=application_number:%22NDA009519%22,Verified (live probe match),"Row of the complete 1939-1964 original-application audit (v26 (2026-09-21)): every ORIG/AP row of the committed SHA-verified openFDA payload; facts verbatim from the payload; application type and holder cross-checked against the full official Drugs@FDA database (Applications_all_types.txt, 29,336 applications); no ticker, indication or applicant lineage asserted."
PRE1965AUDIT-1957-15,1957,NDA010753,NDA,1957-04-17,TYPE 1,Type 1 - New Molecular Entity,STANDARD,TRUE,NME (Type 1),WYETH AYERST,MATCH,ESTRADURIN,POLYESTRADIOL PHOSPHATE 40MG/AMP,INJECTABLE; INJECTION,1,Discontinued,first-in-payloads (1939-1964 universe),"first appearance in the 1939-1964 payload universe (Drugs@FDA coverage before 1965 is incomplete: re-approval screen, not proof of first marketing)",PRE1965-1957-15 (data/pre1965_fda_decisions.csv),MATCH,https://www.accessdata.fda.gov/scripts/cder/daf/index.cfm?event=overview.process&varApplNo=010753,https://api.fda.gov/drug/drugsfda.json?search=application_number:%22NDA010753%22,Verified (live probe match),"Row of the complete 1939-1964 original-application audit (v26 (2026-09-21)): every ORIG/AP row of the committed SHA-verified openFDA payload; facts verbatim from the payload; application type and holder cross-checked against the full official Drugs@FDA database (Applications_all_types.txt, 29,336 applications); no ticker, indication or applicant lineage asserted."
PRE1965AUDIT-1957-16,1957,NDA010796,NDA,1957-04-19,TYPE 1,Type 1 - New Molecular Entity,STANDARD,TRUE,NME (Type 1),ABBVIE,MATCH,HARMONYL,DESERPIDINE 0.25MG,TABLET; ORAL,2,Discontinued,first-in-payloads (1939-1964 universe),"first appearance in the 1939-1964 payload universe (Drugs@FDA coverage before 1965 is incomplete: re-approval screen, not proof of first marketing)",PRE1965-1957-16 (data/pre1965_fda_decisions.csv),MATCH,https://www.accessdata.fda.gov/scripts/cder/daf/index.cfm?event=overview.process&varApplNo=010796,https://api.fda.gov/drug/drugsfda.json?search=application_number:%22NDA010796%22,Verified (live probe match),"Row of the complete 1939-1964 original-application audit (v26 (2026-09-21)): every ORIG/AP row of the committed SHA-verified openFDA payload; facts verbatim from the payload; application type and holder cross-checked against the full official Drugs@FDA database (Applications_all_types.txt, 29,336 applications); no ticker, indication or applicant lineage asserted."
PRE1965AUDIT-1957-17,1957,NDA050266,NDA,1957-04-19,UNKNOWN,,UNKNOWN,FALSE,NOT PUBLISHED (blank class),STORZ,MATCH,ACHROMYCIN,TETRACYCLINE HYDROCHLORIDE 10MG/GM,OINTMENT; OPHTHALMIC,1,Discontinued,1953-11-19 on NDA050273,non-NME row: earlier appearances permitted by construction; see ingredient_first_appearance,none (not a Type 1/1-4 original approval),MATCH,https://www.accessdata.fda.gov/scripts/cder/daf/index.cfm?event=overview.process&varApplNo=050266,https://api.fda.gov/drug/drugsfda.json?search=application_number:%22NDA050266%22,Verified (live probe match),"Row of the complete 1939-1964 original-application audit (v26 (2026-09-21)): every ORIG/AP row of the committed SHA-verified openFDA payload; facts verbatim from the payload; application type and holder cross-checked against the full official Drugs@FDA database (Applications_all_types.txt, 29,336 applications); no ticker, indication or applicant lineage asserted."
PRE1965AUDIT-1957-18,1957,NDA010841,NDA,1957-04-22,TYPE 1,Type 1 - New Molecular Entity,PRIORITY,TRUE,NME (Type 1),RECORDATI RARE,MATCH,PEGANONE,ETHOTOIN 500MG,TABLET; ORAL,2,Discontinued,first-in-payloads (1939-1964 universe),"first appearance in the 1939-1964 payload universe (Drugs@FDA coverage before 1965 is incomplete: re-approval screen, not proof of first marketing)",PRE1965-1957-18 (data/pre1965_fda_decisions.csv),MATCH,https://www.accessdata.fda.gov/scripts/cder/daf/index.cfm?event=overview.process&varApplNo=010841,https://api.fda.gov/drug/drugsfda.json?search=application_number:%22NDA010841%22,Verified (live probe match),"Row of the complete 1939-1964 original-application audit (v26 (2026-09-21)): every ORIG/AP row of the committed SHA-verified openFDA payload; facts verbatim from the payload; application type and holder cross-checked against the full official Drugs@FDA database (Applications_all_types.txt, 29,336 applications); no ticker, indication or applicant lineage asserted."
PRE1965AUDIT-1957-19,1957,NDA010787,NDA,1957-04-25,TYPE 2,Type 2 - New Active Ingredient,PRIORITY,FALSE,Type 2 - New Active Ingredient,SANOFI AVENTIS US,MATCH,IRON DEXTRAN,IRON DEXTRAN EQ 50MG IRON/ML,INJECTABLE; INJECTION,1,Discontinued,first-in-payloads (1939-1964 universe),non-NME row: earlier appearances permitted by construction; see ingredient_first_appearance,none (not a Type 1/1-4 original approval),MATCH,https://www.accessdata.fda.gov/scripts/cder/daf/index.cfm?event=overview.process&varApplNo=010787,https://api.fda.gov/drug/drugsfda.json?search=application_number:%22NDA010787%22,Verified (live probe match),"Row of the complete 1939-1964 original-application audit (v26 (2026-09-21)): every ORIG/AP row of the committed SHA-verified openFDA payload; facts verbatim from the payload; application type and holder cross-checked against the full official Drugs@FDA database (Applications_all_types.txt, 29,336 applications); no ticker, indication or applicant lineage asserted."
PRE1965AUDIT-1957-20,1957,NDA010927,NDA,1957-05-02,TYPE 5,Type 5 - New Formulation or New Manufacturer,STANDARD,FALSE,Type 5 - New Formulation or New Manufacturer,BRACCO,MATCH,PHOSPHOTOPE,SODIUM PHOSPHATE P-32 1-8mCi/VIAL,"SOLUTION; INJECTION, ORAL",1,Discontinued,first-in-payloads (1939-1964 universe),non-NME row: earlier appearances permitted by construction; see ingredient_first_appearance,none (not a Type 1/1-4 original approval),MATCH,https://www.accessdata.fda.gov/scripts/cder/daf/index.cfm?event=overview.process&varApplNo=010927,https://api.fda.gov/drug/drugsfda.json?search=application_number:%22NDA010927%22,Verified (live probe match),"Row of the complete 1939-1964 original-application audit (v26 (2026-09-21)): every ORIG/AP row of the committed SHA-verified openFDA payload; facts verbatim from the payload; application type and holder cross-checked against the full official Drugs@FDA database (Applications_all_types.txt, 29,336 applications); no ticker, indication or applicant lineage asserted."
PRE1965AUDIT-1957-21,1957,NDA010929,NDA,1957-05-02,TYPE 5,Type 5 - New Formulation or New Manufacturer,STANDARD,FALSE,Type 5 - New Formulation or New Manufacturer,BRACCO,MATCH,IODOTOPE,SODIUM IODIDE I-131 1-150mCi,CAPSULE; ORAL,3,Discontinued,first-in-payloads (1939-1964 universe),non-NME row: earlier appearances permitted by construction; see ingredient_first_appearance,none (not a Type 1/1-4 original approval),MATCH,https://www.accessdata.fda.gov/scripts/cder/daf/index.cfm?event=overview.process&varApplNo=010929,https://api.fda.gov/drug/drugsfda.json?search=application_number:%22NDA010929%22,Verified (live probe match),"Row of the complete 1939-1964 original-application audit (v26 (2026-09-21)): every ORIG/AP row of the committed SHA-verified openFDA payload; facts verbatim from the payload; application type and holder cross-checked against the full official Drugs@FDA database (Applications_all_types.txt, 29,336 applications); no ticker, indication or applicant lineage asserted."
PRE1965AUDIT-1957-22,1957,NDA010653,NDA,1957-05-10,TYPE 1,Type 1 - New Molecular Entity,STANDARD,TRUE,NME (Type 1),3M,MATCH,DISIPAL,ORPHENADRINE HYDROCHLORIDE 50MG,TABLET; ORAL,1,Discontinued,first-in-payloads (1939-1964 universe),"first appearance in the 1939-1964 payload universe (Drugs@FDA coverage before 1965 is incomplete: re-approval screen, not proof of first marketing)",PRE1965-1957-22 (data/pre1965_fda_decisions.csv),MATCH,https://www.accessdata.fda.gov/scripts/cder/daf/index.cfm?event=overview.process&varApplNo=010653,https://api.fda.gov/drug/drugsfda.json?search=application_number:%22NDA010653%22,Verified (live probe match),"Row of the complete 1939-1964 original-application audit (v26 (2026-09-21)): every ORIG/AP row of the committed SHA-verified openFDA payload; facts verbatim from the payload; application type and holder cross-checked against the full official Drugs@FDA database (Applications_all_types.txt, 29,336 applications); no ticker, indication or applicant lineage asserted."
PRE1965AUDIT-1957-23,1957,NDA010670,NDA,1957-05-31,TYPE 1,Type 1 - New Molecular Entity,PRIORITY,TRUE,NME (Type 1),PHARMACIA AND UPJOHN,MATCH,ORINASE,TOLBUTAMIDE 250MG **Federal Register determination that product was not discontinued or withdrawn for safety or effectiveness reasons**,TABLET; ORAL,2,Discontinued,first-in-payloads (1939-1964 universe),"first appearance in the 1939-1964 payload universe (Drugs@FDA coverage before 1965 is incomplete: re-approval screen, not proof of first marketing)",PRE1965-1957-23 (data/pre1965_fda_decisions.csv),MATCH,https://www.accessdata.fda.gov/scripts/cder/daf/index.cfm?event=overview.process&varApplNo=010670,https://api.fda.gov/drug/drugsfda.json?search=application_number:%22NDA010670%22,Verified (live probe match),"Row of the complete 1939-1964 original-application audit (v26 (2026-09-21)): every ORIG/AP row of the committed SHA-verified openFDA payload; facts verbatim from the payload; application type and holder cross-checked against the full official Drugs@FDA database (Applications_all_types.txt, 29,336 applications); no ticker, indication or applicant lineage asserted."
PRE1965AUDIT-1957-24,1957,NDA010971,NDA,1957-05-31,TYPE 4,Type 4 - New Combination,STANDARD,FALSE,Type 4 - New Combination,WYETH AYERST,MATCH,PMB 200,"ESTROGENS, CONJUGATED 0.45MG; MEPROBAMATE 200MG",TABLET; ORAL,2,Discontinued,1942-05-08 on NDA004782,non-NME row: earlier appearances permitted by construction; see ingredient_first_appearance,none (not a Type 1/1-4 original approval),MATCH,https://www.accessdata.fda.gov/scripts/cder/daf/index.cfm?event=overview.process&varApplNo=010971,https://api.fda.gov/drug/drugsfda.json?search=application_number:%22NDA010971%22,Verified (live probe match),"Row of the complete 1939-1964 original-application audit (v26 (2026-09-21)): every ORIG/AP row of the committed SHA-verified openFDA payload; facts verbatim from the payload; application type and holder cross-checked against the full official Drugs@FDA database (Applications_all_types.txt, 29,336 applications); no ticker, indication or applicant lineage asserted."
PRE1965AUDIT-1957-25,1957,NDA011000,NDA,1957-06-05,TYPE 3,Type 3 - New Dosage Form,STANDARD,FALSE,Type 3 - New Dosage Form,GLAXOSMITHKLINE,MATCH,COMPAZINE,PROCHLORPERAZINE MALEATE EQ 75MG BASE,"CAPSULE, EXTENDED RELEASE; ORAL",4,Discontinued,1956-10-23 on NDA010571,non-NME row: earlier appearances permitted by construction; see ingredient_first_appearance,none (not a Type 1/1-4 original approval),MATCH,https://www.accessdata.fda.gov/scripts/cder/daf/index.cfm?event=overview.process&varApplNo=011000,https://api.fda.gov/drug/drugsfda.json?search=application_number:%22NDA011000%22,Verified (live probe match),"Row of the complete 1939-1964 original-application audit (v26 (2026-09-21)): every ORIG/AP row of the committed SHA-verified openFDA payload; facts verbatim from the payload; application type and holder cross-checked against the full official Drugs@FDA database (Applications_all_types.txt, 29,336 applications); no ticker, indication or applicant lineage asserted."
PRE1965AUDIT-1957-26,1957,NDA011011,NDA,1957-07-16,TYPE 1,Type 1 - New Molecular Entity,STANDARD,TRUE,NME (Type 1),ENDO OPERATIONS,MATCH,ROBAXIN-750,METHOCARBAMOL 750MG **Federal Register determination that product was not discontinued or withdrawn for safety or effectiveness reasons**,TABLET; ORAL,2,Discontinued,first-in-payloads (1939-1964 universe),"first appearance in the 1939-1964 payload universe (Drugs@FDA coverage before 1965 is incomplete: re-approval screen, not proof of first marketing)",PRE1965-1957-26 (data/pre1965_fda_decisions.csv),MATCH,https://www.accessdata.fda.gov/scripts/cder/daf/index.cfm?event=overview.process&varApplNo=011011,https://api.fda.gov/drug/drugsfda.json?search=application_number:%22NDA011011%22,Verified (live probe match),"Row of the complete 1939-1964 original-application audit (v26 (2026-09-21)): every ORIG/AP row of the committed SHA-verified openFDA payload; facts verbatim from the payload; application type and holder cross-checked against the full official Drugs@FDA database (Applications_all_types.txt, 29,336 applications); no ticker, indication or applicant lineage asserted."
PRE1965AUDIT-1957-27,1957,NDA011073,NDA,1957-07-24,TYPE 4,Type 4 - New Combination,STANDARD,FALSE,Type 4 - New Combination,MEDPOINTE PHARM HLC,MATCH,WAMPOCAP,NIACIN 500MG,CAPSULE; ORAL,1,Discontinued,first-in-payloads (1939-1964 universe),non-NME row: earlier appearances permitted by construction; see ingredient_first_appearance,none (not a Type 1/1-4 original approval),MATCH,https://www.accessdata.fda.gov/scripts/cder/daf/index.cfm?event=overview.process&varApplNo=011073,https://api.fda.gov/drug/drugsfda.json?search=application_number:%22NDA011073%22,Verified (live probe match),"Row of the complete 1939-1964 original-application audit (v26 (2026-09-21)): every ORIG/AP row of the committed SHA-verified openFDA payload; facts verbatim from the payload; application type and holder cross-checked against the full official Drugs@FDA database (Applications_all_types.txt, 29,336 applications); no ticker, indication or applicant lineage asserted."
PRE1965AUDIT-1957-28,1957,NDA010585,NDA,1957-08-15,TYPE 1,Type 1 - New Molecular Entity,STANDARD,TRUE,NME (Type 1),MERCK,MATCH,LERITINE,ANILERIDINE HYDROCHLORIDE EQ 25MG BASE,TABLET; ORAL,1,Discontinued,first-in-payloads (1939-1964 universe),"first appearance in the 1939-1964 payload universe (Drugs@FDA coverage before 1965 is incomplete: re-approval screen, not proof of first marketing)",PRE1965-1957-28 (data/pre1965_fda_decisions.csv),MATCH,https://www.accessdata.fda.gov/scripts/cder/daf/index.cfm?event=overview.process&varApplNo=010585,https://api.fda.gov/drug/drugsfda.json?search=application_number:%22NDA010585%22,Verified (live probe match),"Row of the complete 1939-1964 original-application audit (v26 (2026-09-21)): every ORIG/AP row of the committed SHA-verified openFDA payload; facts verbatim from the payload; application type and holder cross-checked against the full official Drugs@FDA database (Applications_all_types.txt, 29,336 applications); no ticker, indication or applicant lineage asserted."
PRE1965AUDIT-1957-29,1957,NDA010997,NDA,1957-08-16,TYPE 1,Type 1 - New Molecular Entity,PRIORITY,TRUE,NME (Type 1),XANODYNE PHARM,MATCH,DARVON,PROPOXYPHENE HYDROCHLORIDE 65MG,CAPSULE; ORAL,2,Discontinued,first-in-payloads (1939-1964 universe),"first appearance in the 1939-1964 payload universe (Drugs@FDA coverage before 1965 is incomplete: re-approval screen, not proof of first marketing)",PRE1965-1957-29 (data/pre1965_fda_decisions.csv),MATCH,https://www.accessdata.fda.gov/scripts/cder/daf/index.cfm?event=overview.process&varApplNo=010997,https://api.fda.gov/drug/drugsfda.json?search=application_number:%22NDA010997%22,Verified (live probe match),"Row of the complete 1939-1964 original-application audit (v26 (2026-09-21)): every ORIG/AP row of the committed SHA-verified openFDA payload; facts verbatim from the payload; application type and holder cross-checked against the full official Drugs@FDA database (Applications_all_types.txt, 29,336 applications); no ticker, indication or applicant lineage asserted."
PRE1965AUDIT-1957-30,1957,NDA010799,NDA,1957-08-23,TYPE 5,Type 5 - New Formulation or New Manufacturer,STANDARD,FALSE,Type 5 - New Formulation or New Manufacturer,WYETH CONS,MATCH,DIMETANE,BROMPHENIRAMINE MALEATE 8MG,"TABLET, EXTENDED RELEASE; ORAL",3,Discontinued,first-in-payloads (1939-1964 universe),non-NME row: earlier appearances permitted by construction; see ingredient_first_appearance,none (not a Type 1/1-4 original approval),MATCH,https://www.accessdata.fda.gov/scripts/cder/daf/index.cfm?event=overview.process&varApplNo=010799,https://api.fda.gov/drug/drugsfda.json?search=application_number:%22NDA010799%22,Verified (live probe match),"Row of the complete 1939-1964 original-application audit (v26 (2026-09-21)): every ORIG/AP row of the committed SHA-verified openFDA payload; facts verbatim from the payload; application type and holder cross-checked against the full official Drugs@FDA database (Applications_all_types.txt, 29,336 applications); no ticker, indication or applicant lineage asserted."
PRE1965AUDIT-1957-31,1957,NDA010831,NDA,1957-09-12,TYPE 3,Type 3 - New Dosage Form,STANDARD,FALSE,Type 3 - New Dosage Form,ORGANICS LAGRANGE,MATCH,CORTICOTROPIN,CORTICOTROPIN 80 UNITS/ML,INJECTABLE; INJECTION,2,Discontinued,1950-07-03 on NDA007504,non-NME row: earlier appearances permitted by construction; see ingredient_first_appearance,none (not a Type 1/1-4 original approval),MATCH,https://www.accessdata.fda.gov/scripts/cder/daf/index.cfm?event=overview.process&varApplNo=010831,https://api.fda.gov/drug/drugsfda.json?search=application_number:%22NDA010831%22,Verified (live probe match),"Row of the complete 1939-1964 original-application audit (v26 (2026-09-21)): every ORIG/AP row of the committed SHA-verified openFDA payload; facts verbatim from the payload; application type and holder cross-checked against the full official Drugs@FDA database (Applications_all_types.txt, 29,336 applications); no ticker, indication or applicant lineage asserted."
PRE1965AUDIT-1957-32,1957,NDA011123,NDA,1957-09-16,TYPE 1,Type 1 - New Molecular Entity,STANDARD,TRUE,NME (Type 1),BRISTOL MYERS SQUIBB,MATCH,VESPRIN,TRIFLUPROMAZINE HYDROCHLORIDE 50MG,TABLET; ORAL,3,Discontinued,first-in-payloads (1939-1964 universe),"first appearance in the 1939-1964 payload universe (Drugs@FDA coverage before 1965 is incomplete: re-approval screen, not proof of first marketing)",PRE1965-1957-32 (data/pre1965_fda_decisions.csv),MATCH,https://www.accessdata.fda.gov/scripts/cder/daf/index.cfm?event=overview.process&varApplNo=011123,https://api.fda.gov/drug/drugsfda.json?search=application_number:%22NDA011123%22,Verified (live probe match),"Row of the complete 1939-1964 original-application audit (v26 (2026-09-21)): every ORIG/AP row of the committed SHA-verified openFDA payload; facts verbatim from the payload; application type and holder cross-checked against the full official Drugs@FDA database (Applications_all_types.txt, 29,336 applications); no ticker, indication or applicant lineage asserted."
PRE1965AUDIT-1957-33,1957,NDA011111,NDA,1957-09-18,TYPE 3,Type 3 - New Dosage Form,STANDARD,FALSE,Type 3 - New Dosage Form,PFIZER,MATCH,VISTARIL,HYDROXYZINE HYDROCHLORIDE 50MG/ML **Federal Register determination that product was not discontinued or withdrawn for safety or effectiveness reasons**,INJECTABLE; INJECTION,2,Discontinued,1956-04-12 on NDA010392,non-NME row: earlier appearances permitted by construction; see ingredient_first_appearance,none (not a Type 1/1-4 original approval),MATCH,https://www.accessdata.fda.gov/scripts/cder/daf/index.cfm?event=overview.process&varApplNo=011111,https://api.fda.gov/drug/drugsfda.json?search=application_number:%22NDA011111%22,Verified (live probe match),"Row of the complete 1939-1964 original-application audit (v26 (2026-09-21)): every ORIG/AP row of the committed SHA-verified openFDA payload; facts verbatim from the payload; application type and holder cross-checked against the full official Drugs@FDA database (Applications_all_types.txt, 29,336 applications); no ticker, indication or applicant lineage asserted."
PRE1965AUDIT-1957-34,1957,NDA011120,NDA,1957-09-18,TYPE 3,Type 3 - New Dosage Form,STANDARD,FALSE,Type 3 - New Dosage Form,GLAXOSMITHKLINE,MATCH,THORAZINE,CHLORPROMAZINE HYDROCHLORIDE 200MG,"CAPSULE, EXTENDED RELEASE; ORAL",5,Discontinued,first-in-payloads (1939-1964 universe),non-NME row: earlier appearances permitted by construction; see ingredient_first_appearance,none (not a Type 1/1-4 original approval),MATCH,https://www.accessdata.fda.gov/scripts/cder/daf/index.cfm?event=overview.process&varApplNo=011120,https://api.fda.gov/drug/drugsfda.json?search=application_number:%22NDA011120%22,Verified (live probe match),"Row of the complete 1939-1964 original-application audit (v26 (2026-09-21)): every ORIG/AP row of the committed SHA-verified openFDA payload; facts verbatim from the payload; application type and holder cross-checked against the full official Drugs@FDA database (Applications_all_types.txt, 29,336 applications); no ticker, indication or applicant lineage asserted."
PRE1965AUDIT-1957-35,1957,NDA050278,NDA,1957-10-08,UNKNOWN,,UNKNOWN,FALSE,NOT PUBLISHED (blank class),AVET,MATCH,ACHROMYCIN V,TETRACYCLINE HYDROCHLORIDE 250MG,CAPSULE; ORAL,2,Prescription,1953-11-19 on NDA050273,non-NME row: earlier appearances permitted by construction; see ingredient_first_appearance,none (not a Type 1/1-4 original approval),MATCH,https://www.accessdata.fda.gov/scripts/cder/daf/index.cfm?event=overview.process&varApplNo=050278,https://api.fda.gov/drug/drugsfda.json?search=application_number:%22NDA050278%22,Verified (live probe match),"Row of the complete 1939-1964 original-application audit (v26 (2026-09-21)): every ORIG/AP row of the committed SHA-verified openFDA payload; facts verbatim from the payload; application type and holder cross-checked against the full official Drugs@FDA database (Applications_all_types.txt, 29,336 applications); no ticker, indication or applicant lineage asserted."
PRE1965AUDIT-1957-36,1957,NDA010744,NDA,1957-10-09,TYPE 3,Type 3 - New Dosage Form,STANDARD,FALSE,Type 3 - New Dosage Form,GLAXOSMITHKLINE,MATCH,DARBID,ISOPROPAMIDE IODIDE EQ 5MG BASE,TABLET; ORAL,1,Discontinued,first-in-payloads (1939-1964 universe),non-NME row: earlier appearances permitted by construction; see ingredient_first_appearance,none (not a Type 1/1-4 original approval),MATCH,https://www.accessdata.fda.gov/scripts/cder/daf/index.cfm?event=overview.process&varApplNo=010744,https://api.fda.gov/drug/drugsfda.json?search=application_number:%22NDA010744%22,Verified (live probe match),"Row of the complete 1939-1964 original-application audit (v26 (2026-09-21)): every ORIG/AP row of the committed SHA-verified openFDA payload; facts verbatim from the payload; application type and holder cross-checked against the full official Drugs@FDA database (Applications_all_types.txt, 29,336 applications); no ticker, indication or applicant lineage asserted."
PRE1965AUDIT-1957-37,1957,NDA011153,NDA,1957-10-24,TYPE 1,Type 1 - New Molecular Entity,STANDARD,TRUE,NME (Type 1),PFIZER,MATCH,MEDROL,METHYLPREDNISOLONE 24MG,TABLET; ORAL,6,Discontinued,first-in-payloads (1939-1964 universe),"first appearance in the 1939-1964 payload universe (Drugs@FDA coverage before 1965 is incomplete: re-approval screen, not proof of first marketing)",PRE1965-1957-37 (data/pre1965_fda_decisions.csv),MATCH,https://www.accessdata.fda.gov/scripts/cder/daf/index.cfm?event=overview.process&varApplNo=011153,https://api.fda.gov/drug/drugsfda.json?search=application_number:%22NDA011153%22,Verified (live probe match),"Row of the complete 1939-1964 original-application audit (v26 (2026-09-21)): every ORIG/AP row of the committed SHA-verified openFDA payload; facts verbatim from the payload; application type and holder cross-checked against the full official Drugs@FDA database (Applications_all_types.txt, 29,336 applications); no ticker, indication or applicant lineage asserted."
PRE1965AUDIT-1957-38,1957,NDA010942,NDA,1957-11-12,TYPE 3,Type 3 - New Dosage Form,STANDARD,FALSE,Type 3 - New Dosage Form,WYETH AYERST,MATCH,SPARINE,PROMAZINE HYDROCHLORIDE 100MG/ML,CONCENTRATE; ORAL,3,Discontinued,1956-04-13 on NDA010349,non-NME row: earlier appearances permitted by construction; see ingredient_first_appearance,none (not a Type 1/1-4 original approval),MATCH,https://www.accessdata.fda.gov/scripts/cder/daf/index.cfm?event=overview.process&varApplNo=010942,https://api.fda.gov/drug/drugsfda.json?search=application_number:%22NDA010942%22,Verified (live probe match),"Row of the complete 1939-1964 original-application audit (v26 (2026-09-21)): every ORIG/AP row of the committed SHA-verified openFDA payload; facts verbatim from the payload; application type and holder cross-checked against the full official Drugs@FDA database (Applications_all_types.txt, 29,336 applications); no ticker, indication or applicant lineage asserted."
PRE1965AUDIT-1957-39,1957,NDA010996,NDA,1957-11-12,TYPE 4,Type 4 - New Combination,PRIORITY,FALSE,Type 4 - New Combination,XANODYNE PHARM,MATCH,DARVON COMPOUND-65,ASPIRIN 389MG; CAFFEINE 32.4MG; PROPOXYPHENE HYDROCHLORIDE 65MG,CAPSULE; ORAL,3,Discontinued,1950-04-12 on NDA007337,non-NME row: earlier appearances permitted by construction; see ingredient_first_appearance,none (not a Type 1/1-4 original approval),MATCH,https://www.accessdata.fda.gov/scripts/cder/daf/index.cfm?event=overview.process&varApplNo=010996,https://api.fda.gov/drug/drugsfda.json?search=application_number:%22NDA010996%22,Verified (live probe match),"Row of the complete 1939-1964 original-application audit (v26 (2026-09-21)): every ORIG/AP row of the committed SHA-verified openFDA payload; facts verbatim from the payload; application type and holder cross-checked against the full official Drugs@FDA database (Applications_all_types.txt, 29,336 applications); no ticker, indication or applicant lineage asserted."
PRE1965AUDIT-1957-40,1957,NDA009149,NDA,1957-11-20,TYPE 1,Type 1 - New Molecular Entity,PRIORITY,TRUE,NME (Type 1),GLAXOSMITHKLINE,MATCH,THORAZINE,CHLORPROMAZINE HYDROCHLORIDE 10MG **Federal Register determination that product was not discontinued or withdrawn for safety or effectiveness reasons**,TABLET; ORAL,11,Discontinued,1957-09-18 on NDA011120,"FLAG-RESCREEN: CHLORPROMAZINE HYDROCHLORIDE first seen 1957-09-18 on NDA011120 - ingredient already appears on an earlier row of the 1939-1964 payload universe (sibling pair or re-approval of a marketed ingredient). Flagged for review; the row is kept verbatim and excluded only from the counted-once statistic. Drugs@FDA pre-1965 coverage is incomplete, so an earlier marketing may also simply be absent from the payloads.",PRE1965-1957-40 (data/pre1965_fda_decisions.csv),MATCH,https://www.accessdata.fda.gov/scripts/cder/daf/index.cfm?event=overview.process&varApplNo=009149,https://api.fda.gov/drug/drugsfda.json?search=application_number:%22NDA009149%22,Verified (live probe match); re-screening flag (see ingredient_screen),"Row of the complete 1939-1964 original-application audit (v26 (2026-09-21)): every ORIG/AP row of the committed SHA-verified openFDA payload; facts verbatim from the payload; application type and holder cross-checked against the full official Drugs@FDA database (Applications_all_types.txt, 29,336 applications); no ticker, indication or applicant lineage asserted."
PRE1965AUDIT-1957-41,1957,NDA011161,NDA,1957-12-03,TYPE 1,Type 1 - New Molecular Entity,PRIORITY,TRUE,NME (Type 1),ASTELLAS,MATCH,ARISTOCORT,TRIAMCINOLONE 1MG,TABLET; ORAL,5,Discontinued,first-in-payloads (1939-1964 universe),"first appearance in the 1939-1964 payload universe (Drugs@FDA coverage before 1965 is incomplete: re-approval screen, not proof of first marketing)",PRE1965-1957-41 (data/pre1965_fda_decisions.csv),MATCH,https://www.accessdata.fda.gov/scripts/cder/daf/index.cfm?event=overview.process&varApplNo=011161,https://api.fda.gov/drug/drugsfda.json?search=application_number:%22NDA011161%22,Verified (live probe match),"Row of the complete 1939-1964 original-application audit (v26 (2026-09-21)): every ORIG/AP row of the committed SHA-verified openFDA payload; facts verbatim from the payload; application type and holder cross-checked against the full official Drugs@FDA database (Applications_all_types.txt, 29,336 applications); no ticker, indication or applicant lineage asserted."
PRE1965AUDIT-1957-42,1957,NDA011265,NDA,1957-12-03,TYPE 4,Type 4 - New Combination,STANDARD,FALSE,Type 4 - New Combination,ANI PHARMS,MATCH,PROMETHAZINE HYDROCHLORIDE AND DEXTROMETHORPHAN HYDROBROMIDE,DEXTROMETHORPHAN HYDROBROMIDE 15MG/5ML; PROMETHAZINE HYDROCHLORIDE 6.25MG/5ML,SYRUP; ORAL,1,Prescription,1951-03-29 on NDA007935,non-NME row: earlier appearances permitted by construction; see ingredient_first_appearance,none (not a Type 1/1-4 original approval),MATCH,https://www.accessdata.fda.gov/scripts/cder/daf/index.cfm?event=overview.process&varApplNo=011265,https://api.fda.gov/drug/drugsfda.json?search=application_number:%22NDA011265%22,Verified (live probe match),"Row of the complete 1939-1964 original-application audit (v26 (2026-09-21)): every ORIG/AP row of the committed SHA-verified openFDA payload; facts verbatim from the payload; application type and holder cross-checked against the full official Drugs@FDA database (Applications_all_types.txt, 29,336 applications); no ticker, indication or applicant lineage asserted."
PRE1965AUDIT-1957-43,1957,NDA011188,NDA,1957-12-10,TYPE 2,Type 2 - New Active Ingredient,STANDARD,FALSE,Type 2 - New Active Ingredient,GLAXOSMITHKLINE,MATCH,COMPAZINE,PROCHLORPERAZINE EDISYLATE EQ 5MG BASE/5ML,SYRUP; ORAL,1,Discontinued,1957-04-08 on NDA010742,non-NME row: earlier appearances permitted by construction; see ingredient_first_appearance,none (not a Type 1/1-4 original approval),MATCH,https://www.accessdata.fda.gov/scripts/cder/daf/index.cfm?event=overview.process&varApplNo=011188,https://api.fda.gov/drug/drugsfda.json?search=application_number:%22NDA011188%22,Verified (live probe match),"Row of the complete 1939-1964 original-application audit (v26 (2026-09-21)): every ORIG/AP row of the committed SHA-verified openFDA payload; facts verbatim from the payload; application type and holder cross-checked against the full official Drugs@FDA database (Applications_all_types.txt, 29,336 applications); no ticker, indication or applicant lineage asserted."
PRE1965AUDIT-1957-44,1957,NDA009486,NDA,1957-12-30,TYPE 3,Type 3 - New Dosage Form,STANDARD,FALSE,Type 3 - New Dosage Form,MCNEIL CONS,MATCH,BENADRYL PRESERVATIVE FREE,DIPHENHYDRAMINE HYDROCHLORIDE 50MG/ML **Federal Register determination that product was not discontinued or withdrawn for safety or effectiveness reasons**,INJECTABLE; INJECTION,1,Discontinued,1946-03-04 on NDA005845,non-NME row: earlier appearances permitted by construction; see ingredient_first_appearance,none (not a Type 1/1-4 original approval),MATCH,https://www.accessdata.fda.gov/scripts/cder/daf/index.cfm?event=overview.process&varApplNo=009486,https://api.fda.gov/drug/drugsfda.json?search=application_number:%22NDA009486%22,Verified (live probe match),"Row of the complete 1939-1964 original-application audit (v26 (2026-09-21)): every ORIG/AP row of the committed SHA-verified openFDA payload; facts verbatim from the payload; application type and holder cross-checked against the full official Drugs@FDA database (Applications_all_types.txt, 29,336 applications); no ticker, indication or applicant lineage asserted."
PRE1965AUDIT-1957-45,1957,NDA011228,NDA,1957-12-30,TYPE 5,Type 5 - New Formulation or New Manufacturer,STANDARD,FALSE,Type 5 - New Formulation or New Manufacturer,ORGANON USA INC,MATCH,LIQUAMAR,PHENPROCOUMON 3MG,TABLET; ORAL,1,Discontinued,first-in-payloads (1939-1964 universe),non-NME row: earlier appearances permitted by construction; see ingredient_first_appearance,none (not a Type 1/1-4 original approval),MATCH,https://www.accessdata.fda.gov/scripts/cder/daf/index.cfm?event=overview.process&varApplNo=011228,https://api.fda.gov/drug/drugsfda.json?search=application_number:%22NDA011228%22,Verified (live probe match),"Row of the complete 1939-1964 original-application audit (v26 (2026-09-21)): every ORIG/AP row of the committed SHA-verified openFDA payload; facts verbatim from the payload; application type and holder cross-checked against the full official Drugs@FDA database (Applications_all_types.txt, 29,336 applications); no ticker, indication or applicant lineage asserted."
PRE1965AUDIT-1958-01,1958,NDA011325,NDA,1958-01-06,TYPE 3,Type 3 - New Dosage Form,STANDARD,FALSE,Type 3 - New Dosage Form,APOTHECON,MATCH,VESPRIN,TRIFLUPROMAZINE HYDROCHLORIDE 10MG/ML,INJECTABLE; INJECTION,3,Discontinued,1957-09-16 on NDA011123,non-NME row: earlier appearances permitted by construction; see ingredient_first_appearance,none (not a Type 1/1-4 original approval),MATCH,https://www.accessdata.fda.gov/scripts/cder/daf/index.cfm?event=overview.process&varApplNo=011325,https://api.fda.gov/drug/drugsfda.json?search=application_number:%22NDA011325%22,Verified (live probe match),"Row of the complete 1939-1964 original-application audit (v26 (2026-09-21)): every ORIG/AP row of the committed SHA-verified openFDA payload; facts verbatim from the payload; application type and holder cross-checked against the full official Drugs@FDA database (Applications_all_types.txt, 29,336 applications); no ticker, indication or applicant lineage asserted."
PRE1965AUDIT-1958-02,1958,NDA011283,NDA,1958-01-14,TYPE 5,Type 5 - New Formulation or New Manufacturer,STANDARD,FALSE,Type 5 - New Formulation or New Manufacturer,DELCOR ASSET CORP,MATCH,KENACORT,TRIAMCINOLONE 1MG,TABLET; ORAL,4,Discontinued,1957-12-03 on NDA011161,non-NME row: earlier appearances permitted by construction; see ingredient_first_appearance,none (not a Type 1/1-4 original approval),MATCH,https://www.accessdata.fda.gov/scripts/cder/daf/index.cfm?event=overview.process&varApplNo=011283,https://api.fda.gov/drug/drugsfda.json?search=application_number:%22NDA011283%22,Verified (live probe match),"Row of the complete 1939-1964 original-application audit (v26 (2026-09-21)): every ORIG/AP row of the committed SHA-verified openFDA payload; facts verbatim from the payload; application type and holder cross-checked against the full official Drugs@FDA database (Applications_all_types.txt, 29,336 applications); no ticker, indication or applicant lineage asserted."
PRE1965AUDIT-1958-03,1958,NDA011245,NDA,1958-01-17,TYPE 3,Type 3 - New Dosage Form,STANDARD,FALSE,Type 3 - New Dosage Form,BRACCO,MATCH,GASTROGRAFIN,DIATRIZOATE MEGLUMINE 66%; DIATRIZOATE SODIUM 10%,"SOLUTION; ORAL, RECTAL",1,Prescription,1955-08-02 on NDA010040,non-NME row: earlier appearances permitted by construction; see ingredient_first_appearance,none (not a Type 1/1-4 original approval),MATCH,https://www.accessdata.fda.gov/scripts/cder/daf/index.cfm?event=overview.process&varApplNo=011245,https://api.fda.gov/drug/drugsfda.json?search=application_number:%22NDA011245%22,Verified (live probe match),"Row of the complete 1939-1964 original-application audit (v26 (2026-09-21)): every ORIG/AP row of the committed SHA-verified openFDA payload; facts verbatim from the payload; application type and holder cross-checked against the full official Drugs@FDA database (Applications_all_types.txt, 29,336 applications); no ticker, indication or applicant lineage asserted."
PRE1965AUDIT-1958-04,1958,NDA011323,NDA,1958-01-20,TYPE 4,Type 4 - New Combination,STANDARD,FALSE,Type 4 - New Combination,SHIRE,MATCH,FUROXONE,FURAZOLIDONE 50MG/15ML,SUSPENSION; ORAL,1,Discontinued,first-in-payloads (1939-1964 universe),non-NME row: earlier appearances permitted by construction; see ingredient_first_appearance,none (not a Type 1/1-4 original approval),MATCH,https://www.accessdata.fda.gov/scripts/cder/daf/index.cfm?event=overview.process&varApplNo=011323,https://api.fda.gov/drug/drugsfda.json?search=application_number:%22NDA011323%22,Verified (live probe match),"Row of the complete 1939-1964 original-application audit (v26 (2026-09-21)): every ORIG/AP row of the committed SHA-verified openFDA payload; facts verbatim from the payload; application type and holder cross-checked against the full official Drugs@FDA database (Applications_all_types.txt, 29,336 applications); no ticker, indication or applicant lineage asserted."
PRE1965AUDIT-1958-05,1958,NDA011213,NDA,1958-01-29,TYPE 3,Type 3 - New Dosage Form,STANDARD,FALSE,Type 3 - New Dosage Form,SCHERING,MATCH,TRILAFON,PERPHENAZINE 5MG/ML,INJECTABLE; INJECTION,1,Discontinued,1957-02-27 on NDA010775,non-NME row: earlier appearances permitted by construction; see ingredient_first_appearance,none (not a Type 1/1-4 original approval),MATCH,https://www.accessdata.fda.gov/scripts/cder/daf/index.cfm?event=overview.process&varApplNo=011213,https://api.fda.gov/drug/drugsfda.json?search=application_number:%22NDA011213%22,Verified (live probe match),"Row of the complete 1939-1964 original-application audit (v26 (2026-09-21)): every ORIG/AP row of the committed SHA-verified openFDA payload; facts verbatim from the payload; application type and holder cross-checked against the full official Drugs@FDA database (Applications_all_types.txt, 29,336 applications); no ticker, indication or applicant lineage asserted."
PRE1965AUDIT-1958-06,1958,NDA011210,NDA,1958-02-10,TYPE 1,Type 1 - New Molecular Entity,STANDARD,TRUE,NME (Type 1),PFIZER,MATCH,TESSALON,BENZONATATE 200MG **Federal Register determination that product was not discontinued or withdrawn for safety or effectiveness reasons**,CAPSULE; ORAL,2,Discontinued,first-in-payloads (1939-1964 universe),"first appearance in the 1939-1964 payload universe (Drugs@FDA coverage before 1965 is incomplete: re-approval screen, not proof of first marketing)",PRE1965-1958-06 (data/pre1965_fda_decisions.csv),MATCH,https://www.accessdata.fda.gov/scripts/cder/daf/index.cfm?event=overview.process&varApplNo=011210,https://api.fda.gov/drug/drugsfda.json?search=application_number:%22NDA011210%22,Verified (live probe match),"Row of the complete 1939-1964 original-application audit (v26 (2026-09-21)): every ORIG/AP row of the committed SHA-verified openFDA payload; facts verbatim from the payload; application type and holder cross-checked against the full official Drugs@FDA database (Applications_all_types.txt, 29,336 applications); no ticker, indication or applicant lineage asserted."
PRE1965AUDIT-1958-07,1958,NDA010496,NDA,1958-03-11,TYPE 4,Type 4 - New Combination,STANDARD,FALSE,Type 4 - New Combination,ASTRAZENECA,MATCH,XYLOCAINE 5% W/ GLUCOSE 7.5%,LIDOCAINE HYDROCHLORIDE 5%,INJECTABLE; SPINAL,1,Discontinued,1948-11-19 on NDA006488,non-NME row: earlier appearances permitted by construction; see ingredient_first_appearance,none (not a Type 1/1-4 original approval),MATCH,https://www.accessdata.fda.gov/scripts/cder/daf/index.cfm?event=overview.process&varApplNo=010496,https://api.fda.gov/drug/drugsfda.json?search=application_number:%22NDA010496%22,Verified (live probe match),"Row of the complete 1939-1964 original-application audit (v26 (2026-09-21)): every ORIG/AP row of the committed SHA-verified openFDA payload; facts verbatim from the payload; application type and holder cross-checked against the full official Drugs@FDA database (Applications_all_types.txt, 29,336 applications); no ticker, indication or applicant lineage asserted."
PRE1965AUDIT-1958-08,1958,NDA011338,NDA,1958-03-12,TYPE 1,Type 1 - New Molecular Entity,PRIORITY,TRUE,NME (Type 1),WYETH AYERST,MATCH,FLUOTHANE,HALOTHANE 99.99% **Federal Register determination that product was not discontinued or withdrawn for safety or effectiveness reasons**,LIQUID; INHALATION,1,Discontinued,first-in-payloads (1939-1964 universe),"first appearance in the 1939-1964 payload universe (Drugs@FDA coverage before 1965 is incomplete: re-approval screen, not proof of first marketing)",PRE1965-1958-08 (data/pre1965_fda_decisions.csv),MATCH,https://www.accessdata.fda.gov/scripts/cder/daf/index.cfm?event=overview.process&varApplNo=011338,https://api.fda.gov/drug/drugsfda.json?search=application_number:%22NDA011338%22,Verified (live probe match),"Row of the complete 1939-1964 original-application audit (v26 (2026-09-21)): every ORIG/AP row of the committed SHA-verified openFDA payload; facts verbatim from the payload; application type and holder cross-checked against the full official Drugs@FDA database (Applications_all_types.txt, 29,336 applications); no ticker, indication or applicant lineage asserted."
PRE1965AUDIT-1958-09,1958,NDA010926,NDA,1958-05-05,TYPE 3,Type 3 - New Dosage Form,STANDARD,FALSE,Type 3 - New Dosage Form,PHARMOBEDIENT,MATCH,PHENERGAN,PROMETHAZINE HYDROCHLORIDE 25MG **Federal Register determination that product was not discontinued or withdrawn for safety or effectiveness reasons**,SUPPOSITORY; RECTAL,2,Discontinued,1951-03-29 on NDA007935,non-NME row: earlier appearances permitted by construction; see ingredient_first_appearance,none (not a Type 1/1-4 original approval),MATCH,https://www.accessdata.fda.gov/scripts/cder/daf/index.cfm?event=overview.process&varApplNo=010926,https://api.fda.gov/drug/drugsfda.json?search=application_number:%22NDA010926%22,Verified (live probe match),"Row of the complete 1939-1964 original-application audit (v26 (2026-09-21)): every ORIG/AP row of the committed SHA-verified openFDA payload; facts verbatim from the payload; application type and holder cross-checked against the full official Drugs@FDA database (Applications_all_types.txt, 29,336 applications); no ticker, indication or applicant lineage asserted."
PRE1965AUDIT-1958-10,1958,NDA011287,NDA,1958-06-05,TYPE 1,Type 1 - New Molecular Entity,PRIORITY,TRUE,NME (Type 1),CONCORDIA,MATCH,KAYEXALATE,SODIUM POLYSTYRENE SULFONATE 453.6GM/BOT **Federal Register determination that product was not discontinued or withdrawn for safety or effectiveness reasons**,"POWDER; ORAL, RECTAL",1,Discontinued,first-in-payloads (1939-1964 universe),"first appearance in the 1939-1964 payload universe (Drugs@FDA coverage before 1965 is incomplete: re-approval screen, not proof of first marketing)",PRE1965-1958-10 (data/pre1965_fda_decisions.csv),MATCH,https://www.accessdata.fda.gov/scripts/cder/daf/index.cfm?event=overview.process&varApplNo=011287,https://api.fda.gov/drug/drugsfda.json?search=application_number:%22NDA011287%22,Verified (live probe match),"Row of the complete 1939-1964 original-application audit (v26 (2026-09-21)): every ORIG/AP row of the committed SHA-verified openFDA payload; facts verbatim from the payload; application type and holder cross-checked against the full official Drugs@FDA database (Applications_all_types.txt, 29,336 applications); no ticker, indication or applicant lineage asserted."
PRE1965AUDIT-1958-11,1958,NDA011340,NDA,1958-06-25,TYPE 1,Type 1 - New Molecular Entity,STANDARD,TRUE,NME (Type 1),PHARM RES ASSOC,MATCH,CERUMENEX,TROLAMINE POLYPEPTIDE OLEATE CONDENSATE 10%,SOLUTION/DROPS; OTIC,1,Discontinued,first-in-payloads (1939-1964 universe),"first appearance in the 1939-1964 payload universe (Drugs@FDA coverage before 1965 is incomplete: re-approval screen, not proof of first marketing)",PRE1965-1958-11 (data/pre1965_fda_decisions.csv),MATCH,https://www.accessdata.fda.gov/scripts/cder/daf/index.cfm?event=overview.process&varApplNo=011340,https://api.fda.gov/drug/drugsfda.json?search=application_number:%22NDA011340%22,Verified (live probe match),"Row of the complete 1939-1964 original-application audit (v26 (2026-09-21)): every ORIG/AP row of the committed SHA-verified openFDA payload; facts verbatim from the payload; application type and holder cross-checked against the full official Drugs@FDA database (Applications_all_types.txt, 29,336 applications); no ticker, indication or applicant lineage asserted."
PRE1965AUDIT-1958-12,1958,NDA050201,NDA,1958-06-25,UNKNOWN,,UNKNOWN,FALSE,NOT PUBLISHED (blank class),PARKEDALE,MATCH,OPHTHOCORT,"CHLORAMPHENICOL 10MG/GM; HYDROCORTISONE ACETATE 5MG/GM; POLYMYXIN B SULFATE 10,000 UNITS/GM",OINTMENT; OPHTHALMIC,1,Discontinued,1951-06-01 on NDA050143,non-NME row: earlier appearances permitted by construction; see ingredient_first_appearance,none (not a Type 1/1-4 original approval),MATCH,https://www.accessdata.fda.gov/scripts/cder/daf/index.cfm?event=overview.process&varApplNo=050201,https://api.fda.gov/drug/drugsfda.json?search=application_number:%22NDA050201%22,Verified (live probe match),"Row of the complete 1939-1964 original-application audit (v26 (2026-09-21)): every ORIG/AP row of the committed SHA-verified openFDA payload; facts verbatim from the payload; application type and holder cross-checked against the full official Drugs@FDA database (Applications_all_types.txt, 29,336 applications); no ticker, indication or applicant lineage asserted."
PRE1965AUDIT-1958-13,1958,NDA011483,NDA,1958-07-07,TYPE 4,Type 4 - New Combination,STANDARD,FALSE,Type 4 - New Combination,SUN PHARM INDUSTRIES,MATCH,SYNALGOS-DC,ASPIRIN 356.4MG; CAFFEINE 30MG; DIHYDROCODEINE BITARTRATE 16MG,CAPSULE; ORAL,1,Discontinued,1950-04-12 on NDA007337,non-NME row: earlier appearances permitted by construction; see ingredient_first_appearance,none (not a Type 1/1-4 original approval),MATCH,https://www.accessdata.fda.gov/scripts/cder/daf/index.cfm?event=overview.process&varApplNo=011483,https://api.fda.gov/drug/drugsfda.json?search=application_number:%22NDA011483%22,Verified (live probe match),"Row of the complete 1939-1964 original-application audit (v26 (2026-09-21)): every ORIG/AP row of the committed SHA-verified openFDA payload; facts verbatim from the payload; application type and holder cross-checked against the full official Drugs@FDA database (Applications_all_types.txt, 29,336 applications); no ticker, indication or applicant lineage asserted."
PRE1965AUDIT-1958-14,1958,NDA010791,NDA,1958-07-14,TYPE 5,Type 5 - New Formulation or New Manufacturer,STANDARD,FALSE,Type 5 - New Formulation or New Manufacturer,BEL MAR,MATCH,RUBIVITE,CYANOCOBALAMIN 0.03MG/ML,INJECTABLE; INJECTION,5,Discontinued,1947-07-28 on NDA006071,non-NME row: earlier appearances permitted by construction; see ingredient_first_appearance,none (not a Type 1/1-4 original approval),MATCH,https://www.accessdata.fda.gov/scripts/cder/daf/index.cfm?event=overview.process&varApplNo=010791,https://api.fda.gov/drug/drugsfda.json?search=application_number:%22NDA010791%22,Verified (live probe match),"Row of the complete 1939-1964 original-application audit (v26 (2026-09-21)): every ORIG/AP row of the committed SHA-verified openFDA payload; facts verbatim from the payload; application type and holder cross-checked against the full official Drugs@FDA database (Applications_all_types.txt, 29,336 applications); no ticker, indication or applicant lineage asserted."
PRE1965AUDIT-1958-15,1958,NDA011366,NDA,1958-07-22,TYPE 1,Type 1 - New Molecular Entity,STANDARD,TRUE,NME (Type 1),XERIS,MATCH,KEVEYIS,DICHLORPHENAMIDE 50MG,TABLET; ORAL,2,Prescription,first-in-payloads (1939-1964 universe),"first appearance in the 1939-1964 payload universe (Drugs@FDA coverage before 1965 is incomplete: re-approval screen, not proof of first marketing)",PRE1965-1958-15 (data/pre1965_fda_decisions.csv),MATCH,https://www.accessdata.fda.gov/scripts/cder/daf/index.cfm?event=overview.process&varApplNo=011366,https://api.fda.gov/drug/drugsfda.json?search=application_number:%22NDA011366%22,Verified (live probe match),"Row of the complete 1939-1964 original-application audit (v26 (2026-09-21)): every ORIG/AP row of the committed SHA-verified openFDA payload; facts verbatim from the payload; application type and holder cross-checked against the full official Drugs@FDA database (Applications_all_types.txt, 29,336 applications); no ticker, indication or applicant lineage asserted."
PRE1965AUDIT-1958-16,1958,NDA011529,NDA,1958-08-15,TYPE 4,Type 4 - New Combination,STANDARD,FALSE,Type 4 - New Combination,JANSSEN R AND D,MATCH,PARAFON FORTE DSC,CHLORZOXAZONE 500MG **Federal Register determination that product was not discontinued or withdrawn for safety or effectiveness reasons**,TABLET; ORAL,1,Discontinued,first-in-payloads (1939-1964 universe),non-NME row: earlier appearances permitted by construction; see ingredient_first_appearance,none (not a Type 1/1-4 original approval),MATCH,https://www.accessdata.fda.gov/scripts/cder/daf/index.cfm?event=overview.process&varApplNo=011529,https://api.fda.gov/drug/drugsfda.json?search=application_number:%22NDA011529%22,Verified (live probe match),"Row of the complete 1939-1964 original-application audit (v26 (2026-09-21)): every ORIG/AP row of the committed SHA-verified openFDA payload; facts verbatim from the payload; application type and holder cross-checked against the full official Drugs@FDA database (Applications_all_types.txt, 29,336 applications); no ticker, indication or applicant lineage asserted."
PRE1965AUDIT-1958-17,1958,NDA011324,NDA,1958-08-22,TYPE 5,Type 5 - New Formulation or New Manufacturer,STANDARD,FALSE,Type 5 - New Formulation or New Manufacturer,BRACCO,MATCH,SINOGRAFIN,DIATRIZOATE MEGLUMINE 52.7%; IODIPAMIDE MEGLUMINE 26.8%,SOLUTION; INTRAUTERINE,1,Discontinued,1955-08-02 on NDA010040,non-NME row: earlier appearances permitted by construction; see ingredient_first_appearance,none (not a Type 1/1-4 original approval),MATCH,https://www.accessdata.fda.gov/scripts/cder/daf/index.cfm?event=overview.process&varApplNo=011324,https://api.fda.gov/drug/drugsfda.json?search=application_number:%22NDA011324%22,Verified (live probe match),"Row of the complete 1939-1964 original-application audit (v26 (2026-09-21)): every ORIG/AP row of the committed SHA-verified openFDA payload; facts verbatim from the payload; application type and holder cross-checked against the full official Drugs@FDA database (Applications_all_types.txt, 29,336 applications); no ticker, indication or applicant lineage asserted."
PRE1965AUDIT-1958-18,1958,NDA011145,NDA,1958-09-04,TYPE 1,Type 1 - New Molecular Entity,PRIORITY,TRUE,NME (Type 1),RISING,MATCH,DIURIL,CHLOROTHIAZIDE 250MG **Federal Register determination that product was not discontinued or withdrawn for safety or effectiveness reasons**,TABLET; ORAL,3,Discontinued,first-in-payloads (1939-1964 universe),"first appearance in the 1939-1964 payload universe (Drugs@FDA coverage before 1965 is incomplete: re-approval screen, not proof of first marketing)",PRE1965-1958-18 (data/pre1965_fda_decisions.csv),MATCH,https://www.accessdata.fda.gov/scripts/cder/daf/index.cfm?event=overview.process&varApplNo=011145,https://api.fda.gov/drug/drugsfda.json?search=application_number:%22NDA011145%22,Verified (live probe match),"Row of the complete 1939-1964 original-application audit (v26 (2026-09-21)): every ORIG/AP row of the committed SHA-verified openFDA payload; facts verbatim from the payload; application type and holder cross-checked against the full official Drugs@FDA database (Applications_all_types.txt, 29,336 applications); no ticker, indication or applicant lineage asserted."
PRE1965AUDIT-1958-19,1958,NDA011418,NDA,1958-09-29,TYPE 3,Type 3 - New Dosage Form,STANDARD,FALSE,Type 3 - New Dosage Form,WYETH AYERST,MATCH,DIMETANE-TEN,BROMPHENIRAMINE MALEATE 10MG/ML,INJECTABLE; INJECTION,1,Discontinued,1957-08-23 on NDA010799,non-NME row: earlier appearances permitted by construction; see ingredient_first_appearance,none (not a Type 1/1-4 original approval),MATCH,https://www.accessdata.fda.gov/scripts/cder/daf/index.cfm?event=overview.process&varApplNo=011418,https://api.fda.gov/drug/drugsfda.json?search=application_number:%22NDA011418%22,Verified (live probe match),"Row of the complete 1939-1964 original-application audit (v26 (2026-09-21)): every ORIG/AP row of the committed SHA-verified openFDA payload; facts verbatim from the payload; application type and holder cross-checked against the full official Drugs@FDA database (Applications_all_types.txt, 29,336 applications); no ticker, indication or applicant lineage asserted."
PRE1965AUDIT-1958-20,1958,NDA011601,NDA,1958-10-23,TYPE 3,Type 3 - New Dosage Form,STANDARD,FALSE,Type 3 - New Dosage Form,PHARMOBEDIENT,MATCH,TRIAMCINOLONE ACETONIDE,TRIAMCINOLONE ACETONIDE 0.1% **Federal Register determination that product was not discontinued or withdrawn for safety or effectiveness reasons**,CREAM; TOPICAL,2,Discontinued,first-in-payloads (1939-1964 universe),non-NME row: earlier appearances permitted by construction; see ingredient_first_appearance,none (not a Type 1/1-4 original approval),MATCH,https://www.accessdata.fda.gov/scripts/cder/daf/index.cfm?event=overview.process&varApplNo=011601,https://api.fda.gov/drug/drugsfda.json?search=application_number:%22NDA011601%22,Verified (live probe match),"Row of the complete 1939-1964 original-application audit (v26 (2026-09-21)): every ORIG/AP row of the committed SHA-verified openFDA payload; facts verbatim from the payload; application type and holder cross-checked against the full official Drugs@FDA database (Applications_all_types.txt, 29,336 applications); no ticker, indication or applicant lineage asserted."
PRE1965AUDIT-1958-21,1958,NDA011641,NDA,1958-10-28,TYPE 1,Type 1 - New Molecular Entity,PRIORITY,TRUE,NME (Type 1),PFIZER,MATCH,DIABINESE,CHLORPROPAMIDE 250MG,TABLET; ORAL,2,Discontinued,first-in-payloads (1939-1964 universe),"first appearance in the 1939-1964 payload universe (Drugs@FDA coverage before 1965 is incomplete: re-approval screen, not proof of first marketing)",PRE1965-1958-21 (data/pre1965_fda_decisions.csv),MATCH,https://www.accessdata.fda.gov/scripts/cder/daf/index.cfm?event=overview.process&varApplNo=011641,https://api.fda.gov/drug/drugsfda.json?search=application_number:%22NDA011641%22,Verified (live probe match),"Row of the complete 1939-1964 original-application audit (v26 (2026-09-21)): every ORIG/AP row of the committed SHA-verified openFDA payload; facts verbatim from the payload; application type and holder cross-checked against the full official Drugs@FDA database (Applications_all_types.txt, 29,336 applications); no ticker, indication or applicant lineage asserted."
PRE1965AUDIT-1958-22,1958,NDA011664,NDA,1958-10-30,TYPE 1,Type 1 - New Molecular Entity,PRIORITY,TRUE,NME (Type 1),MERCK,MATCH,DECADRON,DEXAMETHASONE 6MG **Federal Register determination that product was not discontinued or withdrawn for safety or effectiveness reasons**,TABLET; ORAL,6,Discontinued,first-in-payloads (1939-1964 universe),"first appearance in the 1939-1964 payload universe (Drugs@FDA coverage before 1965 is incomplete: re-approval screen, not proof of first marketing)",PRE1965-1958-22 (data/pre1965_fda_decisions.csv),MATCH,https://www.accessdata.fda.gov/scripts/cder/daf/index.cfm?event=overview.process&varApplNo=011664,https://api.fda.gov/drug/drugsfda.json?search=application_number:%22NDA011664%22,Verified (live probe match),"Row of the complete 1939-1964 original-application audit (v26 (2026-09-21)): every ORIG/AP row of the committed SHA-verified openFDA payload; facts verbatim from the payload; application type and holder cross-checked against the full official Drugs@FDA database (Applications_all_types.txt, 29,336 applications); no ticker, indication or applicant lineage asserted."
PRE1965AUDIT-1958-23,1958,NDA011620,NDA,1958-12-03,TYPE 5,Type 5 - New Formulation or New Manufacturer,STANDARD,FALSE,Type 5 - New Formulation or New Manufacturer,BRACCO,MATCH,CARDIOGRAFIN,DIATRIZOATE MEGLUMINE 85%,INJECTABLE; INJECTION,1,Discontinued,1955-08-02 on NDA010040,non-NME row: earlier appearances permitted by construction; see ingredient_first_appearance,none (not a Type 1/1-4 original approval),MATCH,https://www.accessdata.fda.gov/scripts/cder/daf/index.cfm?event=overview.process&varApplNo=011620,https://api.fda.gov/drug/drugsfda.json?search=application_number:%22NDA011620%22,Verified (live probe match),"Row of the complete 1939-1964 original-application audit (v26 (2026-09-21)): every ORIG/AP row of the committed SHA-verified openFDA payload; facts verbatim from the payload; application type and holder cross-checked against the full official Drugs@FDA database (Applications_all_types.txt, 29,336 applications); no ticker, indication or applicant lineage asserted."
PRE1965AUDIT-1958-24,1958,NDA011635,NDA,1958-12-11,TYPE 4,Type 4 - New Combination,STANDARD,FALSE,Type 4 - New Combination,MERCK,MATCH,DIUPRES-500,CHLOROTHIAZIDE 500MG; RESERPINE 0.125MG,TABLET; ORAL,2,Discontinued,1958-09-04 on NDA011145,non-NME row: earlier appearances permitted by construction; see ingredient_first_appearance,none (not a Type 1/1-4 original approval),MATCH,https://www.accessdata.fda.gov/scripts/cder/daf/index.cfm?event=overview.process&varApplNo=011635,https://api.fda.gov/drug/drugsfda.json?search=application_number:%22NDA011635%22,Verified (live probe match),"Row of the complete 1939-1964 original-application audit (v26 (2026-09-21)): every ORIG/AP row of the committed SHA-verified openFDA payload; facts verbatim from the payload; application type and holder cross-checked against the full official Drugs@FDA database (Applications_all_types.txt, 29,336 applications); no ticker, indication or applicant lineage asserted."
PRE1965AUDIT-1958-25,1958,NDA011557,NDA,1958-12-12,TYPE 3,Type 3 - New Dosage Form,STANDARD,FALSE,Type 3 - New Dosage Form,SCHERING,MATCH,TRILAFON,PERPHENAZINE 16MG/5ML,CONCENTRATE; ORAL,1,Discontinued,1957-02-27 on NDA010775,non-NME row: earlier appearances permitted by construction; see ingredient_first_appearance,none (not a Type 1/1-4 original approval),MATCH,https://www.accessdata.fda.gov/scripts/cder/daf/index.cfm?event=overview.process&varApplNo=011557,https://api.fda.gov/drug/drugsfda.json?search=application_number:%22NDA011557%22,Verified (live probe match),"Row of the complete 1939-1964 original-application audit (v26 (2026-09-21)): every ORIG/AP row of the committed SHA-verified openFDA payload; facts verbatim from the payload; application type and holder cross-checked against the full official Drugs@FDA database (Applications_all_types.txt, 29,336 applications); no ticker, indication or applicant lineage asserted."
PRE1965AUDIT-1958-26,1958,NDA050131,NDA,1958-12-31,,,,FALSE,NOT PUBLISHED (blank class),WYETH AYERST,MATCH,BICILLIN L-A,"PENICILLIN G BENZATHINE 300,000 UNITS/ML",INJECTABLE; INJECTION,1,Discontinued,1951-11-22 on NDA050126,non-NME row: earlier appearances permitted by construction; see ingredient_first_appearance,none (not a Type 1/1-4 original approval),MATCH,https://www.accessdata.fda.gov/scripts/cder/daf/index.cfm?event=overview.process&varApplNo=050131,https://api.fda.gov/drug/drugsfda.json?search=application_number:%22NDA050131%22,Verified (live probe match),"Row of the complete 1939-1964 original-application audit (v26 (2026-09-21)): every ORIG/AP row of the committed SHA-verified openFDA payload; facts verbatim from the payload; application type and holder cross-checked against the full official Drugs@FDA database (Applications_all_types.txt, 29,336 applications); no ticker, indication or applicant lineage asserted."
PRE1965AUDIT-1959-01,1959,NDA011665,NDA,1959-01-12,TYPE 3,Type 3 - New Dosage Form,STANDARD,FALSE,Type 3 - New Dosage Form,BAUSCH,MATCH,MESTINON,PYRIDOSTIGMINE BROMIDE 180MG,"TABLET, EXTENDED RELEASE; ORAL",1,Prescription,1955-04-06 on NDA009829,non-NME row: earlier appearances permitted by construction; see ingredient_first_appearance,none (not a Type 1/1-4 original approval),MATCH,https://www.accessdata.fda.gov/scripts/cder/daf/index.cfm?event=overview.process&varApplNo=011665,https://api.fda.gov/drug/drugsfda.json?search=application_number:%22NDA011665%22,Verified (live probe match),"Row of the complete 1939-1964 original-application audit (v26 (2026-09-21)): every ORIG/AP row of the committed SHA-verified openFDA payload; facts verbatim from the payload; application type and holder cross-checked against the full official Drugs@FDA database (Applications_all_types.txt, 29,336 applications); no ticker, indication or applicant lineage asserted."
PRE1965AUDIT-1959-02,1959,NDA011127,NDA,1959-01-26,TYPE 2,Type 2 - New Active Ingredient,STANDARD,FALSE,Type 2 - New Active Ingredient,GLAXOSMITHKLINE,MATCH,COMPAZINE,PROCHLORPERAZINE 2.5MG **Federal Register determination that product was not discontinued or withdrawn for safety or effectiveness reasons**,SUPPOSITORY; RECTAL,3,Discontinued,first-in-payloads (1939-1964 universe),non-NME row: earlier appearances permitted by construction; see ingredient_first_appearance,none (not a Type 1/1-4 original approval),MATCH,https://www.accessdata.fda.gov/scripts/cder/daf/index.cfm?event=overview.process&varApplNo=011127,https://api.fda.gov/drug/drugsfda.json?search=application_number:%22NDA011127%22,Verified (live probe match),"Row of the complete 1939-1964 original-application audit (v26 (2026-09-21)): every ORIG/AP row of the committed SHA-verified openFDA payload; facts verbatim from the payload; application type and holder cross-checked against the full official Drugs@FDA database (Applications_all_types.txt, 29,336 applications); no ticker, indication or applicant lineage asserted."
PRE1965AUDIT-1959-03,1959,NDA011721,NDA,1959-01-26,TYPE 3,Type 3 - New Dosage Form,STANDARD,FALSE,Type 3 - New Dosage Form,LEDERLE,MATCH,NEPTAZANE,METHAZOLAMIDE 50MG **Federal Register determination that product was not discontinued or withdrawn for safety or effectiveness reasons**,TABLET; ORAL,2,Discontinued,first-in-payloads (1939-1964 universe),non-NME row: earlier appearances permitted by construction; see ingredient_first_appearance,none (not a Type 1/1-4 original approval),MATCH,https://www.accessdata.fda.gov/scripts/cder/daf/index.cfm?event=overview.process&varApplNo=011721,https://api.fda.gov/drug/drugsfda.json?search=application_number:%22NDA011721%22,Verified (live probe match),"Row of the complete 1939-1964 original-application audit (v26 (2026-09-21)): every ORIG/AP row of the committed SHA-verified openFDA payload; facts verbatim from the payload; application type and holder cross-checked against the full official Drugs@FDA database (Applications_all_types.txt, 29,336 applications); no ticker, indication or applicant lineage asserted."
PRE1965AUDIT-1959-04,1959,NDA011525,NDA,1959-02-09,TYPE 1,Type 1 - New Molecular Entity,PRIORITY,TRUE,NME (Type 1),RENEW PHARMS,MATCH,IC-GREEN,INDOCYANINE GREEN 10MG/VIAL,INJECTABLE; INJECTION,4,Prescription,first-in-payloads (1939-1964 universe),"first appearance in the 1939-1964 payload universe (Drugs@FDA coverage before 1965 is incomplete: re-approval screen, not proof of first marketing)",PRE1965-1959-04 (data/pre1965_fda_decisions.csv),MATCH,https://www.accessdata.fda.gov/scripts/cder/daf/index.cfm?event=overview.process&varApplNo=011525,https://api.fda.gov/drug/drugsfda.json?search=application_number:%22NDA011525%22,Verified (live probe match),"Row of the complete 1939-1964 original-application audit (v26 (2026-09-21)): every ORIG/AP row of the committed SHA-verified openFDA payload; facts verbatim from the payload; application type and holder cross-checked against the full official Drugs@FDA database (Applications_all_types.txt, 29,336 applications); no ticker, indication or applicant lineage asserted."
PRE1965AUDIT-1959-05,1959,NDA011793,NDA,1959-02-12,TYPE 1,Type 1 - New Molecular Entity,STANDARD,TRUE,NME (Type 1),NOVARTIS,MATCH,ESIDRIX,HYDROCHLOROTHIAZIDE 50MG,TABLET; ORAL,3,Discontinued,first-in-payloads (1939-1964 universe),"first appearance in the 1939-1964 payload universe (Drugs@FDA coverage before 1965 is incomplete: re-approval screen, not proof of first marketing)",PRE1965-1959-05 (data/pre1965_fda_decisions.csv),MATCH,https://www.accessdata.fda.gov/scripts/cder/daf/index.cfm?event=overview.process&varApplNo=011793,https://api.fda.gov/drug/drugsfda.json?search=application_number:%22NDA011793%22,Verified (live probe match),"Row of the complete 1939-1964 original-application audit (v26 (2026-09-21)): every ORIG/AP row of the committed SHA-verified openFDA payload; facts verbatim from the payload; application type and holder cross-checked against the full official Drugs@FDA database (Applications_all_types.txt, 29,336 applications); no ticker, indication or applicant lineage asserted."
PRE1965AUDIT-1959-06,1959,NDA050155,NDA,1959-02-20,,,,FALSE,NOT PUBLISHED (blank class),PARKEDALE,MATCH,CHLOROMYCETIN,CHLORAMPHENICOL SODIUM SUCCINATE EQ 1GM BASE/VIAL,INJECTABLE; INJECTION,1,Discontinued,first-in-payloads (1939-1964 universe),non-NME row: earlier appearances permitted by construction; see ingredient_first_appearance,none (not a Type 1/1-4 original approval),MATCH,https://www.accessdata.fda.gov/scripts/cder/daf/index.cfm?event=overview.process&varApplNo=050155,https://api.fda.gov/drug/drugsfda.json?search=application_number:%22NDA050155%22,Verified (live probe match),"Row of the complete 1939-1964 original-application audit (v26 (2026-09-21)): every ORIG/AP row of the committed SHA-verified openFDA payload; facts verbatim from the payload; application type and holder cross-checked against the full official Drugs@FDA database (Applications_all_types.txt, 29,336 applications); no ticker, indication or applicant lineage asserted."
PRE1965AUDIT-1959-07,1959,NDA011835,NDA,1959-02-24,TYPE 5,Type 5 - New Formulation or New Manufacturer,STANDARD,FALSE,Type 5 - New Formulation or New Manufacturer,MERCK,MATCH,HYDRODIURIL,HYDROCHLOROTHIAZIDE 100MG **Federal Register determination that product was not discontinued or withdrawn for safety or effectiveness reasons**,TABLET; ORAL,3,Discontinued,1959-02-12 on NDA011793,non-NME row: earlier appearances permitted by construction; see ingredient_first_appearance,none (not a Type 1/1-4 original approval),MATCH,https://www.accessdata.fda.gov/scripts/cder/daf/index.cfm?event=overview.process&varApplNo=011835,https://api.fda.gov/drug/drugsfda.json?search=application_number:%22NDA011835%22,Verified (live probe match),"Row of the complete 1939-1964 original-application audit (v26 (2026-09-21)): every ORIG/AP row of the committed SHA-verified openFDA payload; facts verbatim from the payload; application type and holder cross-checked against the full official Drugs@FDA database (Applications_all_types.txt, 29,336 applications); no ticker, indication or applicant lineage asserted."
PRE1965AUDIT-1959-08,1959,NDA011777,NDA,1959-03-04,TYPE 5,Type 5 - New Formulation or New Manufacturer,STANDARD,FALSE,Type 5 - New Formulation or New Manufacturer,MALLINCKRODT,MATCH,SODIUM PHOSPHATE P 32,SODIUM PHOSPHATE P-32 0.67mCi/ML,"SOLUTION; INJECTION, ORAL",2,Discontinued,1957-05-02 on NDA010927,non-NME row: earlier appearances permitted by construction; see ingredient_first_appearance,none (not a Type 1/1-4 original approval),MATCH,https://www.accessdata.fda.gov/scripts/cder/daf/index.cfm?event=overview.process&varApplNo=011777,https://api.fda.gov/drug/drugsfda.json?search=application_number:%22NDA011777%22,Verified (live probe match),"Row of the complete 1939-1964 original-application audit (v26 (2026-09-21)): every ORIG/AP row of the committed SHA-verified openFDA payload; facts verbatim from the payload; application type and holder cross-checked against the full official Drugs@FDA database (Applications_all_types.txt, 29,336 applications); no ticker, indication or applicant lineage asserted."
PRE1965AUDIT-1959-09,1959,NDA011683,NDA,1959-03-09,TYPE 1,Type 1 - New Molecular Entity,PRIORITY,TRUE,NME (Type 1),IMMUNEX,MATCH,THIOTEPA,THIOTEPA 15MG/VIAL,INJECTABLE; INJECTION,1,Discontinued,first-in-payloads (1939-1964 universe),"first appearance in the 1939-1964 payload universe (Drugs@FDA coverage before 1965 is incomplete: re-approval screen, not proof of first marketing)",PRE1965-1959-09 (data/pre1965_fda_decisions.csv),MATCH,https://www.accessdata.fda.gov/scripts/cder/daf/index.cfm?event=overview.process&varApplNo=011683,https://api.fda.gov/drug/drugsfda.json?search=application_number:%22NDA011683%22,Verified (live probe match),"Row of the complete 1939-1964 original-application audit (v26 (2026-09-21)): every ORIG/AP row of the committed SHA-verified openFDA payload; facts verbatim from the payload; application type and holder cross-checked against the full official Drugs@FDA database (Applications_all_types.txt, 29,336 applications); no ticker, indication or applicant lineage asserted."
PRE1965AUDIT-1959-10,1959,NDA011685,NDA,1959-03-12,TYPE 2,Type 2 - New Active Ingredient,STANDARD,FALSE,Type 2 - New Active Ingredient,FOSUN PHARMA,MATCH,ARISTOCORT,TRIAMCINOLONE DIACETATE 25MG/ML,INJECTABLE; INJECTION,1,Discontinued,first-in-payloads (1939-1964 universe),non-NME row: earlier appearances permitted by construction; see ingredient_first_appearance,none (not a Type 1/1-4 original approval),MATCH,https://www.accessdata.fda.gov/scripts/cder/daf/index.cfm?event=overview.process&varApplNo=011685,https://api.fda.gov/drug/drugsfda.json?search=application_number:%22NDA011685%22,Verified (live probe match),"Row of the complete 1939-1964 original-application audit (v26 (2026-09-21)): every ORIG/AP row of the committed SHA-verified openFDA payload; facts verbatim from the payload; application type and holder cross-checked against the full official Drugs@FDA database (Applications_all_types.txt, 29,336 applications); no ticker, indication or applicant lineage asserted."
PRE1965AUDIT-1959-11,1959,NDA011707,NDA,1959-04-02,TYPE 3,Type 3 - New Dosage Form,STANDARD,FALSE,Type 3 - New Dosage Form,ENDO PHARMS,MATCH,OPANA,OXYMORPHONE HYDROCHLORIDE 1MG/ML,INJECTABLE; INJECTION,2,Discontinued,first-in-payloads (1939-1964 universe),non-NME row: earlier appearances permitted by construction; see ingredient_first_appearance,none (not a Type 1/1-4 original approval),MATCH,https://www.accessdata.fda.gov/scripts/cder/daf/index.cfm?event=overview.process&varApplNo=011707,https://api.fda.gov/drug/drugsfda.json?search=application_number:%22NDA011707%22,Verified (live probe match),"Row of the complete 1939-1964 original-application audit (v26 (2026-09-21)): every ORIG/AP row of the committed SHA-verified openFDA payload; facts verbatim from the payload; application type and holder cross-checked against the full official Drugs@FDA database (Applications_all_types.txt, 29,336 applications); no ticker, indication or applicant lineage asserted."
PRE1965AUDIT-1959-12,1959,NDA011792,NDA,1959-04-09,TYPE 1,Type 1 - New Molecular Entity,STANDARD,TRUE,NME (Type 1),MYLAN SPECIALITY LP,MATCH,SOMA,CARISOPRODOL 250MG,CAPSULE; ORAL,3,Discontinued,first-in-payloads (1939-1964 universe),"first appearance in the 1939-1964 payload universe (Drugs@FDA coverage before 1965 is incomplete: re-approval screen, not proof of first marketing)",PRE1965-1959-12 (data/pre1965_fda_decisions.csv),MATCH,https://www.accessdata.fda.gov/scripts/cder/daf/index.cfm?event=overview.process&varApplNo=011792,https://api.fda.gov/drug/drugsfda.json?search=application_number:%22NDA011792%22,Verified (live probe match),"Row of the complete 1939-1964 original-application audit (v26 (2026-09-21)): every ORIG/AP row of the committed SHA-verified openFDA payload; facts verbatim from the payload; application type and holder cross-checked against the full official Drugs@FDA database (Applications_all_types.txt, 29,336 applications); no ticker, indication or applicant lineage asserted."
PRE1965AUDIT-1959-13,1959,NDA011552,NDA,1959-04-16,TYPE 1,Type 1 - New Molecular Entity,STANDARD,TRUE,NME (Type 1),GLAXOSMITHKLINE,MATCH,STELAZINE,TRIFLUOPERAZINE HYDROCHLORIDE EQ 2MG BASE/ML **Federal Register determination that product was not discontinued or withdrawn for safety or effectiveness reasons**,INJECTABLE; INJECTION,6,Discontinued,first-in-payloads (1939-1964 universe),"first appearance in the 1939-1964 payload universe (Drugs@FDA coverage before 1965 is incomplete: re-approval screen, not proof of first marketing)",PRE1965-1959-13 (data/pre1965_fda_decisions.csv),MATCH,https://www.accessdata.fda.gov/scripts/cder/daf/index.cfm?event=overview.process&varApplNo=011552,https://api.fda.gov/drug/drugsfda.json?search=application_number:%22NDA011552%22,Verified (live probe match),"Row of the complete 1939-1964 original-application audit (v26 (2026-09-21)): every ORIG/AP row of the committed SHA-verified openFDA payload; facts verbatim from the payload; application type and holder cross-checked against the full official Drugs@FDA database (Applications_all_types.txt, 29,336 applications); no ticker, indication or applicant lineage asserted."
PRE1965AUDIT-1959-14,1959,NDA011836,NDA,1959-04-16,TYPE 1,Type 1 - New Molecular Entity,PRIORITY,TRUE,NME (Type 1),SANOFI AVENTIS US,MATCH,PRESAMINE,IMIPRAMINE HYDROCHLORIDE 50MG,TABLET; ORAL,3,Discontinued,first-in-payloads (1939-1964 universe),"first appearance in the 1939-1964 payload universe (Drugs@FDA coverage before 1965 is incomplete: re-approval screen, not proof of first marketing)",PRE1965-1959-14 (data/pre1965_fda_decisions.csv),MATCH,https://www.accessdata.fda.gov/scripts/cder/daf/index.cfm?event=overview.process&varApplNo=011836,https://api.fda.gov/drug/drugsfda.json?search=application_number:%22NDA011836%22,Verified (live probe match),"Row of the complete 1939-1964 original-application audit (v26 (2026-09-21)): every ORIG/AP row of the committed SHA-verified openFDA payload; facts verbatim from the payload; application type and holder cross-checked against the full official Drugs@FDA database (Applications_all_types.txt, 29,336 applications); no ticker, indication or applicant lineage asserted."
PRE1965AUDIT-1959-15,1959,NDA011613,NDA,1959-05-04,TYPE 1,Type 1 - New Molecular Entity,PRIORITY,TRUE,NME (Type 1),UCB INC,MATCH,IONAMIN,PHENTERMINE RESIN COMPLEX EQ 15MG BASE **Federal Register determination that product was not discontinued or withdrawn for safety or effectiveness reasons**,"CAPSULE, EXTENDED RELEASE; ORAL",2,Discontinued,first-in-payloads (1939-1964 universe),"first appearance in the 1939-1964 payload universe (Drugs@FDA coverage before 1965 is incomplete: re-approval screen, not proof of first marketing)",PRE1965-1959-15 (data/pre1965_fda_decisions.csv),MATCH,https://www.accessdata.fda.gov/scripts/cder/daf/index.cfm?event=overview.process&varApplNo=011613,https://api.fda.gov/drug/drugsfda.json?search=application_number:%22NDA011613%22,Verified (live probe match),"Row of the complete 1939-1964 original-application audit (v26 (2026-09-21)): every ORIG/AP row of the committed SHA-verified openFDA payload; facts verbatim from the payload; application type and holder cross-checked against the full official Drugs@FDA database (Applications_all_types.txt, 29,336 applications); no ticker, indication or applicant lineage asserted."
PRE1965AUDIT-1959-16,1959,NDA011878,NDA,1959-05-05,TYPE 4,Type 4 - New Combination,STANDARD,FALSE,Type 4 - New Combination,NOVARTIS,MATCH,SERPASIL-ESIDRIX #2,HYDROCHLOROTHIAZIDE 50MG; RESERPINE 0.1MG,TABLET; ORAL,2,Discontinued,1959-02-12 on NDA011793,non-NME row: earlier appearances permitted by construction; see ingredient_first_appearance,none (not a Type 1/1-4 original approval),MATCH,https://www.accessdata.fda.gov/scripts/cder/daf/index.cfm?event=overview.process&varApplNo=011878,https://api.fda.gov/drug/drugsfda.json?search=application_number:%22NDA011878%22,Verified (live probe match),"Row of the complete 1939-1964 original-application audit (v26 (2026-09-21)): every ORIG/AP row of the committed SHA-verified openFDA payload; facts verbatim from the payload; application type and holder cross-checked against the full official Drugs@FDA database (Applications_all_types.txt, 29,336 applications); no ticker, indication or applicant lineage asserted."
PRE1965AUDIT-1959-17,1959,NDA010417,NDA,1959-05-07,TYPE 3,Type 3 - New Dosage Form,PRIORITY,FALSE,Type 3 - New Dosage Form,FRESENIUS KABI USA,MATCH,XYLOCAINE 4% PRESERVATIVE FREE,LIDOCAINE HYDROCHLORIDE 4%,INJECTABLE; INJECTION,2,Discontinued,1948-11-19 on NDA006488,non-NME row: earlier appearances permitted by construction; see ingredient_first_appearance,none (not a Type 1/1-4 original approval),MATCH,https://www.accessdata.fda.gov/scripts/cder/daf/index.cfm?event=overview.process&varApplNo=010417,https://api.fda.gov/drug/drugsfda.json?search=application_number:%22NDA010417%22,Verified (live probe match),"Row of the complete 1939-1964 original-application audit (v26 (2026-09-21)): every ORIG/AP row of the committed SHA-verified openFDA payload; facts verbatim from the payload; application type and holder cross-checked against the full official Drugs@FDA database (Applications_all_types.txt, 29,336 applications); no ticker, indication or applicant lineage asserted."
PRE1965AUDIT-1959-18,1959,NDA011556,NDA,1959-05-13,TYPE 1,Type 1 - New Molecular Entity,STANDARD,TRUE,NME (Type 1),NOVARTIS,MATCH,ANTURANE,SULFINPYRAZONE 100MG **Federal Register determination that product was not discontinued or withdrawn for safety or effectiveness reasons**,TABLET; ORAL,2,Discontinued,first-in-payloads (1939-1964 universe),"first appearance in the 1939-1964 payload universe (Drugs@FDA coverage before 1965 is incomplete: re-approval screen, not proof of first marketing)",PRE1965-1959-18 (data/pre1965_fda_decisions.csv),MATCH,https://www.accessdata.fda.gov/scripts/cder/daf/index.cfm?event=overview.process&varApplNo=011556,https://api.fda.gov/drug/drugsfda.json?search=application_number:%22NDA011556%22,Verified (live probe match),"Row of the complete 1939-1964 original-application audit (v26 (2026-09-21)): every ORIG/AP row of the committed SHA-verified openFDA payload; facts verbatim from the payload; application type and holder cross-checked against the full official Drugs@FDA database (Applications_all_types.txt, 29,336 applications); no ticker, indication or applicant lineage asserted."
PRE1965AUDIT-1959-19,1959,NDA011856,NDA,1959-05-18,TYPE 2,Type 2 - New Active Ingredient,STANDARD,FALSE,Type 2 - New Active Ingredient,PHARMACIA AND UPJOHN,MATCH,SOLU-MEDROL,METHYLPREDNISOLONE SODIUM SUCCINATE EQ 1GM BASE/VIAL,INJECTABLE; INJECTION,5,Prescription,first-in-payloads (1939-1964 universe),non-NME row: earlier appearances permitted by construction; see ingredient_first_appearance,none (not a Type 1/1-4 original approval),MATCH,https://www.accessdata.fda.gov/scripts/cder/daf/index.cfm?event=overview.process&varApplNo=011856,https://api.fda.gov/drug/drugsfda.json?search=application_number:%22NDA011856%22,Verified (live probe match),"Row of the complete 1939-1964 original-application audit (v26 (2026-09-21)): every ORIG/AP row of the committed SHA-verified openFDA payload; facts verbatim from the payload; application type and holder cross-checked against the full official Drugs@FDA database (Applications_all_types.txt, 29,336 applications); no ticker, indication or applicant lineage asserted."
PRE1965AUDIT-1959-20,1959,NDA011757,NDA,1959-05-27,TYPE 2,Type 2 - New Active Ingredient,STANDARD,FALSE,Type 2 - New Active Ingredient,PFIZER,MATCH,DEPO-MEDROL,METHYLPREDNISOLONE ACETATE 40MG/ML,INJECTABLE; INJECTION,3,Prescription,first-in-payloads (1939-1964 universe),non-NME row: earlier appearances permitted by construction; see ingredient_first_appearance,none (not a Type 1/1-4 original approval),MATCH,https://www.accessdata.fda.gov/scripts/cder/daf/index.cfm?event=overview.process&varApplNo=011757,https://api.fda.gov/drug/drugsfda.json?search=application_number:%22NDA011757%22,Verified (live probe match),"Row of the complete 1939-1964 original-application audit (v26 (2026-09-21)): every ORIG/AP row of the committed SHA-verified openFDA payload; facts verbatim from the payload; application type and holder cross-checked against the full official Drugs@FDA database (Applications_all_types.txt, 29,336 applications); no ticker, indication or applicant lineage asserted."
PRE1965AUDIT-1959-21,1959,NDA011795,NDA,1959-06-03,TYPE 3,Type 3 - New Dosage Form,STANDARD,FALSE,Type 3 - New Dosage Form,PFIZER,MATCH,VISTARIL,HYDROXYZINE PAMOATE EQ 25MG HYDROCHLORIDE/5ML **Federal Register determination that product was not discontinued or withdrawn for safety or effectiveness reasons**,SUSPENSION; ORAL,1,Discontinued,first-in-payloads (1939-1964 universe),non-NME row: earlier appearances permitted by construction; see ingredient_first_appearance,none (not a Type 1/1-4 original approval),MATCH,https://www.accessdata.fda.gov/scripts/cder/daf/index.cfm?event=overview.process&varApplNo=011795,https://api.fda.gov/drug/drugsfda.json?search=application_number:%22NDA011795%22,Verified (live probe match),"Row of the complete 1939-1964 original-application audit (v26 (2026-09-21)): every ORIG/AP row of the committed SHA-verified openFDA payload; facts verbatim from the payload; application type and holder cross-checked against the full official Drugs@FDA database (Applications_all_types.txt, 29,336 applications); no ticker, indication or applicant lineage asserted."
PRE1965AUDIT-1959-22,1959,NDA011790,NDA,1959-06-10,TYPE 3,Type 3 - New Dosage Form,STANDARD,FALSE,Type 3 - New Dosage Form,HIKMA,MATCH,ROBAXIN,METHOCARBAMOL 1GM/10ML (100MG/ML),SOLUTION; IM-IV,1,Prescription,1957-07-16 on NDA011011,non-NME row: earlier appearances permitted by construction; see ingredient_first_appearance,none (not a Type 1/1-4 original approval),MATCH,https://www.accessdata.fda.gov/scripts/cder/daf/index.cfm?event=overview.process&varApplNo=011790,https://api.fda.gov/drug/drugsfda.json?search=application_number:%22NDA011790%22,Verified (live probe match),"Row of the complete 1939-1964 original-application audit (v26 (2026-09-21)): every ORIG/AP row of the committed SHA-verified openFDA payload; facts verbatim from the payload; application type and holder cross-checked against the full official Drugs@FDA database (Applications_all_types.txt, 29,336 applications); no ticker, indication or applicant lineage asserted."
PRE1965AUDIT-1959-23,1959,NDA011657,NDA,1959-06-12,TYPE 1,Type 1 - New Molecular Entity,STANDARD,TRUE,NME (Type 1),FOREST LABS,MATCH,BETAPRONE,PROPIOLACTONE N/A,SOLUTION; IRRIGATION,1,Discontinued,first-in-payloads (1939-1964 universe),"first appearance in the 1939-1964 payload universe (Drugs@FDA coverage before 1965 is incomplete: re-approval screen, not proof of first marketing)",PRE1965-1959-23 (data/pre1965_fda_decisions.csv),MATCH,https://www.accessdata.fda.gov/scripts/cder/daf/index.cfm?event=overview.process&varApplNo=011657,https://api.fda.gov/drug/drugsfda.json?search=application_number:%22NDA011657%22,Verified (live probe match),"Row of the complete 1939-1964 original-application audit (v26 (2026-09-21)): every ORIG/AP row of the committed SHA-verified openFDA payload; facts verbatim from the payload; application type and holder cross-checked against the full official Drugs@FDA database (Applications_all_types.txt, 29,336 applications); no ticker, indication or applicant lineage asserted."
PRE1965AUDIT-1959-24,1959,NDA011839,NDA,1959-06-18,TYPE 1,Type 1 - New Molecular Entity,STANDARD,TRUE,NME (Type 1),PFIZER,MATCH,PROVERA,MEDROXYPROGESTERONE ACETATE 5MG,TABLET; ORAL,3,Prescription,first-in-payloads (1939-1964 universe),"first appearance in the 1939-1964 payload universe (Drugs@FDA coverage before 1965 is incomplete: re-approval screen, not proof of first marketing)",PRE1965-1959-24 (data/pre1965_fda_decisions.csv),MATCH,https://www.accessdata.fda.gov/scripts/cder/daf/index.cfm?event=overview.process&varApplNo=011839,https://api.fda.gov/drug/drugsfda.json?search=application_number:%22NDA011839%22,Verified (live probe match),"Row of the complete 1939-1964 original-application audit (v26 (2026-09-21)): every ORIG/AP row of the committed SHA-verified openFDA payload; facts verbatim from the payload; application type and holder cross-checked against the full official Drugs@FDA database (Applications_all_types.txt, 29,336 applications); no ticker, indication or applicant lineage asserted."
PRE1965AUDIT-1959-25,1959,NDA011961,NDA,1959-07-01,TYPE 1,Type 1 - New Molecular Entity,STANDARD,TRUE,NME (Type 1),LIFSA DRUGS,MATCH,MARPLAN,ISOCARBOXAZID 10MG,TABLET; ORAL,1,Prescription,first-in-payloads (1939-1964 universe),"first appearance in the 1939-1964 payload universe (Drugs@FDA coverage before 1965 is incomplete: re-approval screen, not proof of first marketing)",PRE1965-1959-25 (data/pre1965_fda_decisions.csv),MATCH,https://www.accessdata.fda.gov/scripts/cder/daf/index.cfm?event=overview.process&varApplNo=011961,https://api.fda.gov/drug/drugsfda.json?search=application_number:%22NDA011961%22,Verified (live probe match),"Row of the complete 1939-1964 original-application audit (v26 (2026-09-21)): every ORIG/AP row of the committed SHA-verified openFDA payload; facts verbatim from the payload; application type and holder cross-checked against the full official Drugs@FDA database (Applications_all_types.txt, 29,336 applications); no ticker, indication or applicant lineage asserted."
PRE1965AUDIT-1959-26,1959,NDA011971,NDA,1959-07-06,TYPE 5,Type 5 - New Formulation or New Manufacturer,STANDARD,FALSE,Type 5 - New Formulation or New Manufacturer,ABBVIE,MATCH,ORETIC,HYDROCHLOROTHIAZIDE 25MG,TABLET; ORAL,2,Discontinued,1959-02-12 on NDA011793,non-NME row: earlier appearances permitted by construction; see ingredient_first_appearance,none (not a Type 1/1-4 original approval),MATCH,https://www.accessdata.fda.gov/scripts/cder/daf/index.cfm?event=overview.process&varApplNo=011971,https://api.fda.gov/drug/drugsfda.json?search=application_number:%22NDA011971%22,Verified (live probe match),"Row of the complete 1939-1964 original-application audit (v26 (2026-09-21)): every ORIG/AP row of the committed SHA-verified openFDA payload; facts verbatim from the payload; application type and holder cross-checked against the full official Drugs@FDA database (Applications_all_types.txt, 29,336 applications); no ticker, indication or applicant lineage asserted."
PRE1965AUDIT-1959-27,1959,NDA011949,NDA,1959-07-22,TYPE 1,Type 1 - New Molecular Entity,STANDARD,TRUE,NME (Type 1),SHIRE LLC,MATCH,SALURON,HYDROFLUMETHIAZIDE 50MG,TABLET; ORAL,1,Discontinued,first-in-payloads (1939-1964 universe),"first appearance in the 1939-1964 payload universe (Drugs@FDA coverage before 1965 is incomplete: re-approval screen, not proof of first marketing)",PRE1965-1959-27 (data/pre1965_fda_decisions.csv),MATCH,https://www.accessdata.fda.gov/scripts/cder/daf/index.cfm?event=overview.process&varApplNo=011949,https://api.fda.gov/drug/drugsfda.json?search=application_number:%22NDA011949%22,Verified (live probe match),"Row of the complete 1939-1964 original-application audit (v26 (2026-09-21)): every ORIG/AP row of the committed SHA-verified openFDA payload; facts verbatim from the payload; application type and holder cross-checked against the full official Drugs@FDA database (Applications_all_types.txt, 29,336 applications); no ticker, indication or applicant lineage asserted."
PRE1965AUDIT-1959-28,1959,NDA011860,NDA,1959-08-05,TYPE 1,Type 1 - New Molecular Entity,STANDARD,TRUE,NME (Type 1),MERCK,MATCH,HUMORSOL,DEMECARIUM BROMIDE 0.25%,SOLUTION/DROPS; OPHTHALMIC,2,Discontinued,first-in-payloads (1939-1964 universe),"first appearance in the 1939-1964 payload universe (Drugs@FDA coverage before 1965 is incomplete: re-approval screen, not proof of first marketing)",PRE1965-1959-28 (data/pre1965_fda_decisions.csv),MATCH,https://www.accessdata.fda.gov/scripts/cder/daf/index.cfm?event=overview.process&varApplNo=011860,https://api.fda.gov/drug/drugsfda.json?search=application_number:%22NDA011860%22,Verified (live probe match),"Row of the complete 1939-1964 original-application audit (v26 (2026-09-21)): every ORIG/AP row of the committed SHA-verified openFDA payload; facts verbatim from the payload; application type and holder cross-checked against the full official Drugs@FDA database (Applications_all_types.txt, 29,336 applications); no ticker, indication or applicant lineage asserted."
PRE1965AUDIT-1959-29,1959,NDA011722,NDA,1959-08-06,TYPE 1,Type 1 - New Molecular Entity,PRIORITY,TRUE,NME (Type 1),MPP PHARMA,MATCH,TENUATE,DIETHYLPROPION HYDROCHLORIDE 25MG **Federal Register determination that product was not discontinued or withdrawn for safety or effectiveness reasons**,TABLET; ORAL,1,Discontinued,first-in-payloads (1939-1964 universe),"first appearance in the 1939-1964 payload universe (Drugs@FDA coverage before 1965 is incomplete: re-approval screen, not proof of first marketing)",PRE1965-1959-29 (data/pre1965_fda_decisions.csv),MATCH,https://www.accessdata.fda.gov/scripts/cder/daf/index.cfm?event=overview.process&varApplNo=011722,https://api.fda.gov/drug/drugsfda.json?search=application_number:%22NDA011722%22,Verified (live probe match),"Row of the complete 1939-1964 original-application audit (v26 (2026-09-21)): every ORIG/AP row of the committed SHA-verified openFDA payload; facts verbatim from the payload; application type and holder cross-checked against the full official Drugs@FDA database (Applications_all_types.txt, 29,336 applications); no ticker, indication or applicant lineage asserted."
PRE1965AUDIT-1959-30,1959,NDA011719,NDA,1959-08-10,TYPE 2,Type 2 - New Active Ingredient,STANDARD,FALSE,Type 2 - New Active Ingredient,HOSPIRA,MATCH,METHOTREXATE PRESERVATIVE FREE,METHOTREXATE SODIUM EQ 20MG BASE/2ML (EQ 10MG BASE/ML) **Federal Register determination that product was not discontinued or withdrawn for safety or effectiveness reasons**,INJECTABLE; INJECTION,12,Discontinued,1953-12-07 on NDA008085,non-NME row: earlier appearances permitted by construction; see ingredient_first_appearance,none (not a Type 1/1-4 original approval),MATCH,https://www.accessdata.fda.gov/scripts/cder/daf/index.cfm?event=overview.process&varApplNo=011719,https://api.fda.gov/drug/drugsfda.json?search=application_number:%22NDA011719%22,Verified (live probe match),"Row of the complete 1939-1964 original-application audit (v26 (2026-09-21)): every ORIG/AP row of the committed SHA-verified openFDA payload; facts verbatim from the payload; application type and holder cross-checked against the full official Drugs@FDA database (Applications_all_types.txt, 29,336 applications); no ticker, indication or applicant lineage asserted."
PRE1965AUDIT-1959-31,1959,NDA011673,NDA,1959-08-14,TYPE 5,Type 5 - New Formulation or New Manufacturer,STANDARD,FALSE,Type 5 - New Formulation or New Manufacturer,3M,MATCH,TEPANIL,DIETHYLPROPION HYDROCHLORIDE 25MG,TABLET; ORAL,1,Discontinued,1959-08-06 on NDA011722,non-NME row: earlier appearances permitted by construction; see ingredient_first_appearance,none (not a Type 1/1-4 original approval),MATCH,https://www.accessdata.fda.gov/scripts/cder/daf/index.cfm?event=overview.process&varApplNo=011673,https://api.fda.gov/drug/drugsfda.json?search=application_number:%22NDA011673%22,Verified (live probe match),"Row of the complete 1939-1964 original-application audit (v26 (2026-09-21)): every ORIG/AP row of the committed SHA-verified openFDA payload; facts verbatim from the payload; application type and holder cross-checked against the full official Drugs@FDA database (Applications_all_types.txt, 29,336 applications); no ticker, indication or applicant lineage asserted."
PRE1965AUDIT-1959-32,1959,NDA011983,NDA,1959-08-26,TYPE 3,Type 3 - New Dosage Form,STANDARD,FALSE,Type 3 - New Dosage Form,MERCK,MATCH,DECADRON,DEXAMETHASONE SODIUM PHOSPHATE EQ 0.1% PHOSPHATE,CREAM; TOPICAL,1,Discontinued,first-in-payloads (1939-1964 universe),non-NME row: earlier appearances permitted by construction; see ingredient_first_appearance,none (not a Type 1/1-4 original approval),MATCH,https://www.accessdata.fda.gov/scripts/cder/daf/index.cfm?event=overview.process&varApplNo=011983,https://api.fda.gov/drug/drugsfda.json?search=application_number:%22NDA011983%22,Verified (live probe match),"Row of the complete 1939-1964 original-application audit (v26 (2026-09-21)): every ORIG/AP row of the committed SHA-verified openFDA payload; facts verbatim from the payload; application type and holder cross-checked against the full official Drugs@FDA database (Applications_all_types.txt, 29,336 applications); no ticker, indication or applicant lineage asserted."
PRE1965AUDIT-1959-33,1959,NDA011960,NDA,1959-09-02,TYPE 3,Type 3 - New Dosage Form,STANDARD,FALSE,Type 3 - New Dosage Form,ASTELLAS,MATCH,ARISTOCORT,TRIAMCINOLONE DIACETATE 2MG/5ML,SYRUP; ORAL,1,Discontinued,1959-03-12 on NDA011685,non-NME row: earlier appearances permitted by construction; see ingredient_first_appearance,none (not a Type 1/1-4 original approval),MATCH,https://www.accessdata.fda.gov/scripts/cder/daf/index.cfm?event=overview.process&varApplNo=011960,https://api.fda.gov/drug/drugsfda.json?search=application_number:%22NDA011960%22,Verified (live probe match),"Row of the complete 1939-1964 original-application audit (v26 (2026-09-21)): every ORIG/AP row of the committed SHA-verified openFDA payload; facts verbatim from the payload; application type and holder cross-checked against the full official Drugs@FDA database (Applications_all_types.txt, 29,336 applications); no ticker, indication or applicant lineage asserted."
PRE1965AUDIT-1959-34,1959,NDA011977,NDA,1959-09-02,TYPE 3,Type 3 - New Dosage Form,STANDARD,FALSE,Type 3 - New Dosage Form,MERCK,MATCH,DECADRON,DEXAMETHASONE SODIUM PHOSPHATE EQ 0.05% PHOSPHATE,OINTMENT; OPHTHALMIC,1,Discontinued,1959-08-26 on NDA011983,non-NME row: earlier appearances permitted by construction; see ingredient_first_appearance,none (not a Type 1/1-4 original approval),MATCH,https://www.accessdata.fda.gov/scripts/cder/daf/index.cfm?event=overview.process&varApplNo=011977,https://api.fda.gov/drug/drugsfda.json?search=application_number:%22NDA011977%22,Verified (live probe match),"Row of the complete 1939-1964 original-application audit (v26 (2026-09-21)): every ORIG/AP row of the committed SHA-verified openFDA payload; facts verbatim from the payload; application type and holder cross-checked against the full official Drugs@FDA database (Applications_all_types.txt, 29,336 applications); no ticker, indication or applicant lineage asserted."
PRE1965AUDIT-1959-35,1959,NDA011984,NDA,1959-09-02,TYPE 3,Type 3 - New Dosage Form,STANDARD,FALSE,Type 3 - New Dosage Form,MERCK,MATCH,DECADRON,DEXAMETHASONE SODIUM PHOSPHATE EQ 0.1% PHOSPHATE **Federal Register determination that product was not discontinued or withdrawn for safety or effectiveness reasons**,"SOLUTION/DROPS; OPHTHALMIC, OTIC",1,Discontinued,1959-08-26 on NDA011983,non-NME row: earlier appearances permitted by construction; see ingredient_first_appearance,none (not a Type 1/1-4 original approval),MATCH,https://www.accessdata.fda.gov/scripts/cder/daf/index.cfm?event=overview.process&varApplNo=011984,https://api.fda.gov/drug/drugsfda.json?search=application_number:%22NDA011984%22,Verified (live probe match),"Row of the complete 1939-1964 original-application audit (v26 (2026-09-21)): every ORIG/AP row of the committed SHA-verified openFDA payload; facts verbatim from the payload; application type and holder cross-checked against the full official Drugs@FDA database (Applications_all_types.txt, 29,336 applications); no ticker, indication or applicant lineage asserted."
PRE1965AUDIT-1959-36,1959,NDA012003,NDA,1959-09-08,TYPE 1,Type 1 - New Molecular Entity,STANDARD,TRUE,NME (Type 1),ABBVIE,MATCH,AKINETON,BIPERIDEN HYDROCHLORIDE 2MG,TABLET; ORAL,1,Discontinued,first-in-payloads (1939-1964 universe),"first appearance in the 1939-1964 payload universe (Drugs@FDA coverage before 1965 is incomplete: re-approval screen, not proof of first marketing)",PRE1965-1959-36 (data/pre1965_fda_decisions.csv),MATCH,https://www.accessdata.fda.gov/scripts/cder/daf/index.cfm?event=overview.process&varApplNo=012003,https://api.fda.gov/drug/drugsfda.json?search=application_number:%22NDA012003%22,Verified (live probe match),"Row of the complete 1939-1964 original-application audit (v26 (2026-09-21)): every ORIG/AP row of the committed SHA-verified openFDA payload; facts verbatim from the payload; application type and holder cross-checked against the full official Drugs@FDA database (Applications_all_types.txt, 29,336 applications); no ticker, indication or applicant lineage asserted."
PRE1965AUDIT-1959-37,1959,NDA012034,NDA,1959-09-09,TYPE 1,Type 1 - New Molecular Entity,STANDARD,TRUE,NME (Type 1),SCHERING,MATCH,PERMITIL,FLUPHENAZINE HYDROCHLORIDE 5MG,TABLET; ORAL,4,Discontinued,first-in-payloads (1939-1964 universe),"first appearance in the 1939-1964 payload universe (Drugs@FDA coverage before 1965 is incomplete: re-approval screen, not proof of first marketing)",PRE1965-1959-37 (data/pre1965_fda_decisions.csv),MATCH,https://www.accessdata.fda.gov/scripts/cder/daf/index.cfm?event=overview.process&varApplNo=012034,https://api.fda.gov/drug/drugsfda.json?search=application_number:%22NDA012034%22,Verified (live probe match),"Row of the complete 1939-1964 original-application audit (v26 (2026-09-21)): every ORIG/AP row of the committed SHA-verified openFDA payload; facts verbatim from the payload; application type and holder cross-checked against the full official Drugs@FDA database (Applications_all_types.txt, 29,336 applications); no ticker, indication or applicant lineage asserted."
PRE1965AUDIT-1959-38,1959,NDA011679,NDA,1959-09-23,TYPE 1,Type 1 - New Molecular Entity,PRIORITY,TRUE,NME (Type 1),ABBOTT,MATCH,PENTOTHAL,THIOPENTAL SODIUM 400MG/GM,SUSPENSION; RECTAL,1,Discontinued,first-in-payloads (1939-1964 universe),"first appearance in the 1939-1964 payload universe (Drugs@FDA coverage before 1965 is incomplete: re-approval screen, not proof of first marketing)",PRE1965-1959-38 (data/pre1965_fda_decisions.csv),MATCH,https://www.accessdata.fda.gov/scripts/cder/daf/index.cfm?event=overview.process&varApplNo=011679,https://api.fda.gov/drug/drugsfda.json?search=application_number:%22NDA011679%22,Verified (live probe match),"Row of the complete 1939-1964 original-application audit (v26 (2026-09-21)): every ORIG/AP row of the committed SHA-verified openFDA payload; facts verbatim from the payload; application type and holder cross-checked against the full official Drugs@FDA database (Applications_all_types.txt, 29,336 applications); no ticker, indication or applicant lineage asserted."
PRE1965AUDIT-1959-39,1959,NDA011838,NDA,1959-10-02,TYPE 3,Type 3 - New Dosage Form,STANDARD,FALSE,Type 3 - New Dosage Form,NOVARTIS,MATCH,TOFRANIL,IMIPRAMINE HYDROCHLORIDE 12.5MG/ML,INJECTABLE; INJECTION,1,Discontinued,1959-04-16 on NDA011836,non-NME row: earlier appearances permitted by construction; see ingredient_first_appearance,none (not a Type 1/1-4 original approval),MATCH,https://www.accessdata.fda.gov/scripts/cder/daf/index.cfm?event=overview.process&varApplNo=011838,https://api.fda.gov/drug/drugsfda.json?search=application_number:%22NDA011838%22,Verified (live probe match),"Row of the complete 1939-1964 original-application audit (v26 (2026-09-21)): every ORIG/AP row of the committed SHA-verified openFDA payload; facts verbatim from the payload; application type and holder cross-checked against the full official Drugs@FDA database (Applications_all_types.txt, 29,336 applications); no ticker, indication or applicant lineage asserted."
PRE1965AUDIT-1959-40,1959,NDA012071,NDA,1959-10-06,TYPE 3,Type 3 - New Dosage Form,STANDARD,FALSE,Type 3 - New Dosage Form,MERCK,MATCH,DECADRON,DEXAMETHASONE SODIUM PHOSPHATE EQ 24MG PHOSPHATE/ML **Federal Register determination that product was not discontinued or withdrawn for safety or effectiveness reasons**,INJECTABLE; INJECTION,2,Discontinued,1959-08-26 on NDA011983,non-NME row: earlier appearances permitted by construction; see ingredient_first_appearance,none (not a Type 1/1-4 original approval),MATCH,https://www.accessdata.fda.gov/scripts/cder/daf/index.cfm?event=overview.process&varApplNo=012071,https://api.fda.gov/drug/drugsfda.json?search=application_number:%22NDA012071%22,Verified (live probe match),"Row of the complete 1939-1964 original-application audit (v26 (2026-09-21)): every ORIG/AP row of the committed SHA-verified openFDA payload; facts verbatim from the payload; application type and holder cross-checked against the full official Drugs@FDA database (Applications_all_types.txt, 29,336 applications); no ticker, indication or applicant lineage asserted."
PRE1965AUDIT-1959-41,1959,NDA011891,NDA,1959-10-30,TYPE 1,Type 1 - New Molecular Entity,STANDARD,TRUE,NME (Type 1),ORGANON USA INC,MATCH,DURABOLIN,NANDROLONE PHENPROPIONATE 25MG/ML,INJECTABLE; INJECTION,2,Discontinued,first-in-payloads (1939-1964 universe),"first appearance in the 1939-1964 payload universe (Drugs@FDA coverage before 1965 is incomplete: re-approval screen, not proof of first marketing)",PRE1965-1959-41 (data/pre1965_fda_decisions.csv),MATCH,https://www.accessdata.fda.gov/scripts/cder/daf/index.cfm?event=overview.process&varApplNo=011891,https://api.fda.gov/drug/drugsfda.json?search=application_number:%22NDA011891%22,Verified (live probe match),"Row of the complete 1939-1964 original-application audit (v26 (2026-09-21)): every ORIG/AP row of the committed SHA-verified openFDA payload; facts verbatim from the payload; application type and holder cross-checked against the full official Drugs@FDA database (Applications_all_types.txt, 29,336 applications); no ticker, indication or applicant lineage asserted."
PRE1965AUDIT-1959-42,1959,NDA012157,NDA,1959-11-04,TYPE 2,Type 2 - New Active Ingredient,STANDARD,FALSE,Type 2 - New Active Ingredient,BAUSCH,MATCH,NORFLEX,ORPHENADRINE CITRATE 100MG **Federal Register determination that product was not discontinued or withdrawn for safety or effectiveness reasons**,"TABLET, EXTENDED RELEASE; ORAL",1,Discontinued,first-in-payloads (1939-1964 universe),non-NME row: earlier appearances permitted by construction; see ingredient_first_appearance,none (not a Type 1/1-4 original approval),MATCH,https://www.accessdata.fda.gov/scripts/cder/daf/index.cfm?event=overview.process&varApplNo=012157,https://api.fda.gov/drug/drugsfda.json?search=application_number:%22NDA012157%22,Verified (live probe match),"Row of the complete 1939-1964 original-application audit (v26 (2026-09-21)): every ORIG/AP row of the committed SHA-verified openFDA payload; facts verbatim from the payload; application type and holder cross-checked against the full official Drugs@FDA database (Applications_all_types.txt, 29,336 applications); no ticker, indication or applicant lineage asserted."
PRE1965AUDIT-1959-43,1959,NDA012093,NDA,1959-11-09,TYPE 1,Type 1 - New Molecular Entity,PRIORITY,TRUE,NME (Type 1),BAUSCH,MATCH,ISORDIL,ISOSORBIDE DINITRATE 5MG,TABLET; ORAL,5,Prescription,first-in-payloads (1939-1964 universe),"first appearance in the 1939-1964 payload universe (Drugs@FDA coverage before 1965 is incomplete: re-approval screen, not proof of first marketing)",PRE1965-1959-43 (data/pre1965_fda_decisions.csv),MATCH,https://www.accessdata.fda.gov/scripts/cder/daf/index.cfm?event=overview.process&varApplNo=012093,https://api.fda.gov/drug/drugsfda.json?search=application_number:%22NDA012093%22,Verified (live probe match),"Row of the complete 1939-1964 original-application audit (v26 (2026-09-21)): every ORIG/AP row of the committed SHA-verified openFDA payload; facts verbatim from the payload; application type and holder cross-checked against the full official Drugs@FDA database (Applications_all_types.txt, 29,336 applications); no ticker, indication or applicant lineage asserted."
PRE1965AUDIT-1959-44,1959,NDA012141,NDA,1959-11-16,TYPE 1,Type 1 - New Molecular Entity,PRIORITY,TRUE,NME (Type 1),BAXTER HLTHCARE,MATCH,CYTOXAN,CYCLOPHOSPHAMIDE 25MG,TABLET; ORAL,2,Prescription,first-in-payloads (1939-1964 universe),"first appearance in the 1939-1964 payload universe (Drugs@FDA coverage before 1965 is incomplete: re-approval screen, not proof of first marketing)",PRE1965-1959-44 (data/pre1965_fda_decisions.csv),MATCH,https://www.accessdata.fda.gov/scripts/cder/daf/index.cfm?event=overview.process&varApplNo=012141,https://api.fda.gov/drug/drugsfda.json?search=application_number:%22NDA012141%22,Verified (live probe match),"Row of the complete 1939-1964 original-application audit (v26 (2026-09-21)): every ORIG/AP row of the committed SHA-verified openFDA payload; facts verbatim from the payload; application type and holder cross-checked against the full official Drugs@FDA database (Applications_all_types.txt, 29,336 applications); no ticker, indication or applicant lineage asserted."
PRE1965AUDIT-1959-45,1959,NDA012142,NDA,1959-11-16,TYPE 2,Type 2 - New Active Ingredient,PRIORITY,FALSE,Type 2 - New Active Ingredient,BAXTER HLTHCARE,MATCH,CYTOXAN (LYOPHILIZED),CYCLOPHOSPHAMIDE 500MG/VIAL **Federal Register determination that product was not discontinued or withdrawn for safety or effectiveness reasons**,INJECTABLE; INJECTION,10,Discontinued,1959-11-16 on NDA012141,non-NME row: earlier appearances permitted by construction; see ingredient_first_appearance,none (not a Type 1/1-4 original approval),MATCH,https://www.accessdata.fda.gov/scripts/cder/daf/index.cfm?event=overview.process&varApplNo=012142,https://api.fda.gov/drug/drugsfda.json?search=application_number:%22NDA012142%22,Verified (live probe match),"Row of the complete 1939-1964 original-application audit (v26 (2026-09-21)): every ORIG/AP row of the committed SHA-verified openFDA payload; facts verbatim from the payload; application type and holder cross-checked against the full official Drugs@FDA database (Applications_all_types.txt, 29,336 applications); no ticker, indication or applicant lineage asserted."
PRE1965AUDIT-1959-46,1959,NDA012164,NDA,1959-12-07,TYPE 3,Type 3 - New Dosage Form,STANDARD,FALSE,Type 3 - New Dosage Form,APOTHECON,MATCH,NATURETIN-5,BENDROFLUMETHIAZIDE 5MG,TABLET; ORAL,3,Discontinued,first-in-payloads (1939-1964 universe),non-NME row: earlier appearances permitted by construction; see ingredient_first_appearance,none (not a Type 1/1-4 original approval),MATCH,https://www.accessdata.fda.gov/scripts/cder/daf/index.cfm?event=overview.process&varApplNo=012164,https://api.fda.gov/drug/drugsfda.json?search=application_number:%22NDA012164%22,Verified (live probe match),"Row of the complete 1939-1964 original-application audit (v26 (2026-09-21)): every ORIG/AP row of the committed SHA-verified openFDA payload; facts verbatim from the payload; application type and holder cross-checked against the full official Drugs@FDA database (Applications_all_types.txt, 29,336 applications); no ticker, indication or applicant lineage asserted."
PRE1965AUDIT-1959-47,1959,NDA012148,NDA,1959-12-14,TYPE 4,Type 4 - New Combination,STANDARD,FALSE,Type 4 - New Combination,ABBVIE,MATCH,ORETICYL 50,DESERPIDINE 0.125MG; HYDROCHLOROTHIAZIDE 50MG,TABLET; ORAL,3,Discontinued,1957-04-19 on NDA010796,non-NME row: earlier appearances permitted by construction; see ingredient_first_appearance,none (not a Type 1/1-4 original approval),MATCH,https://www.accessdata.fda.gov/scripts/cder/daf/index.cfm?event=overview.process&varApplNo=012148,https://api.fda.gov/drug/drugsfda.json?search=application_number:%22NDA012148%22,Verified (live probe match),"Row of the complete 1939-1964 original-application audit (v26 (2026-09-21)): every ORIG/AP row of the committed SHA-verified openFDA payload; facts verbatim from the payload; application type and holder cross-checked against the full official Drugs@FDA database (Applications_all_types.txt, 29,336 applications); no ticker, indication or applicant lineage asserted."
PRE1965AUDIT-1959-48,1959,NDA012015,NDA,1959-12-21,TYPE 3,Type 3 - New Dosage Form,STANDARD,FALSE,Type 3 - New Dosage Form,EPIC PHARMA LLC,MATCH,COGENTIN,BENZTROPINE MESYLATE 1MG/ML **Federal Register determination that product was not discontinued or withdrawn for safety or effectiveness reasons**,INJECTABLE; INJECTION,1,Discontinued,1954-03-05 on NDA009193,non-NME row: earlier appearances permitted by construction; see ingredient_first_appearance,none (not a Type 1/1-4 original approval),MATCH,https://www.accessdata.fda.gov/scripts/cder/daf/index.cfm?event=overview.process&varApplNo=012015,https://api.fda.gov/drug/drugsfda.json?search=application_number:%22NDA012015%22,Verified (live probe match),"Row of the complete 1939-1964 original-application audit (v26 (2026-09-21)): every ORIG/AP row of the committed SHA-verified openFDA payload; facts verbatim from the payload; application type and holder cross-checked against the full official Drugs@FDA database (Applications_all_types.txt, 29,336 applications); no ticker, indication or applicant lineage asserted."
PRE1965AUDIT-1959-49,1959,NDA012145,NDA,1959-12-23,TYPE 3,Type 3 - New Dosage Form,STANDARD,FALSE,Type 3 - New Dosage Form,APOTHECON,MATCH,PROLIXIN,FLUPHENAZINE HYDROCHLORIDE 2.5MG/5ML **Federal Register determination that product was not discontinued or withdrawn for safety or effectiveness reasons**,ELIXIR; ORAL,1,Discontinued,1959-09-09 on NDA012034,non-NME row: earlier appearances permitted by construction; see ingredient_first_appearance,none (not a Type 1/1-4 original approval),MATCH,https://www.accessdata.fda.gov/scripts/cder/daf/index.cfm?event=overview.process&varApplNo=012145,https://api.fda.gov/drug/drugsfda.json?search=application_number:%22NDA012145%22,Verified (live probe match),"Row of the complete 1939-1964 original-application audit (v26 (2026-09-21)): every ORIG/AP row of the committed SHA-verified openFDA payload; facts verbatim from the payload; application type and holder cross-checked against the full official Drugs@FDA database (Applications_all_types.txt, 29,336 applications); no ticker, indication or applicant lineage asserted."
PRE1965AUDIT-1960-01,1960,NDA012041,NDA,1960-01-04,TYPE 3,Type 3 - New Dosage Form,STANDARD,FALSE,Type 3 - New Dosage Form,APOTHECON,MATCH,KENALOG-10,TRIAMCINOLONE ACETONIDE 10MG/ML,INJECTABLE; INJECTION,1,Prescription,1958-10-23 on NDA011601,non-NME row: earlier appearances permitted by construction; see ingredient_first_appearance,none (not a Type 1/1-4 original approval),MATCH,https://www.accessdata.fda.gov/scripts/cder/daf/index.cfm?event=overview.process&varApplNo=012041,https://api.fda.gov/drug/drugsfda.json?search=application_number:%22NDA012041%22,Verified (live probe match),"Row of the complete 1939-1964 original-application audit (v26 (2026-09-21)): every ORIG/AP row of the committed SHA-verified openFDA payload; facts verbatim from the payload; application type and holder cross-checked against the full official Drugs@FDA database (Applications_all_types.txt, 29,336 applications); no ticker, indication or applicant lineage asserted."
PRE1965AUDIT-1960-02,1960,NDA012125,NDA,1960-01-06,TYPE 4,Type 4 - New Combination,PRIORITY,FALSE,Type 4 - New Combination,EASTMAN KODAK,MATCH,CARBOCAINE,MEPIVACAINE HYDROCHLORIDE 3% **Federal Register determination that product was not discontinued or withdrawn for safety or effectiveness reasons**,INJECTABLE; INJECTION,2,Discontinued,1952-09-19 on NDA008592,non-NME row: earlier appearances permitted by construction; see ingredient_first_appearance,none (not a Type 1/1-4 original approval),MATCH,https://www.accessdata.fda.gov/scripts/cder/daf/index.cfm?event=overview.process&varApplNo=012125,https://api.fda.gov/drug/drugsfda.json?search=application_number:%22NDA012125%22,Verified (live probe match),"Row of the complete 1939-1964 original-application audit (v26 (2026-09-21)): every ORIG/AP row of the committed SHA-verified openFDA payload; facts verbatim from the payload; application type and holder cross-checked against the full official Drugs@FDA database (Applications_all_types.txt, 29,336 applications); no ticker, indication or applicant lineage asserted."
PRE1965AUDIT-1960-03,1960,NDA012102,NDA,1960-01-13,TYPE 3,Type 3 - New Dosage Form,STANDARD,FALSE,Type 3 - New Dosage Form,3M,MATCH,MEDIHALER ERGOTAMINE,ERGOTAMINE TARTRATE 0.36MG/INH,"AEROSOL, METERED; INHALATION",1,Discontinued,1948-11-26 on NDA006620,non-NME row: earlier appearances permitted by construction; see ingredient_first_appearance,none (not a Type 1/1-4 original approval),MATCH,https://www.accessdata.fda.gov/scripts/cder/daf/index.cfm?event=overview.process&varApplNo=012102,https://api.fda.gov/drug/drugsfda.json?search=application_number:%22NDA012102%22,Verified (live probe match),"Row of the complete 1939-1964 original-application audit (v26 (2026-09-21)): every ORIG/AP row of the committed SHA-verified openFDA payload; facts verbatim from the payload; application type and holder cross-checked against the full official Drugs@FDA database (Applications_all_types.txt, 29,336 applications); no ticker, indication or applicant lineage asserted."
PRE1965AUDIT-1960-04,1960,NDA050262,NDA,1960-01-14,,,,FALSE,NOT PUBLISHED (blank class),LEDERLE,MATCH,DECLOMYCIN,DEMECLOCYCLINE HYDROCHLORIDE 150MG,CAPSULE; ORAL,1,Discontinued,first-in-payloads (1939-1964 universe),non-NME row: earlier appearances permitted by construction; see ingredient_first_appearance,none (not a Type 1/1-4 original approval),MATCH,https://www.accessdata.fda.gov/scripts/cder/daf/index.cfm?event=overview.process&varApplNo=050262,https://api.fda.gov/drug/drugsfda.json?search=application_number:%22NDA050262%22,Verified (live probe match),"Row of the complete 1939-1964 original-application audit (v26 (2026-09-21)): every ORIG/AP row of the committed SHA-verified openFDA payload; facts verbatim from the payload; application type and holder cross-checked against the full official Drugs@FDA database (Applications_all_types.txt, 29,336 applications); no ticker, indication or applicant lineage asserted."
PRE1965AUDIT-1960-05,1960,NDA011522,NDA,1960-01-19,TYPE 2/4,Type 2 New Active Ingredient and Type 4 New Combination,STANDARD,FALSE,Type 2 New Active Ingredient and Type 4 New Combination,TEVA WOMENS,MATCH,ADDERALL 5,AMPHETAMINE ASPARTATE 1.25MG; AMPHETAMINE SULFATE 1.25MG; DEXTROAMPHETAMINE SACCHARATE 1.25MG; DEXTROAMPHETAMINE SULFATE 1.25MG **Federal Register determination that product was not discontinued or withdrawn for safety or effectiveness reasons**,TABLET; ORAL,7,Discontinued,first-in-payloads (1939-1964 universe),non-NME row: earlier appearances permitted by construction; see ingredient_first_appearance,none (not a Type 1/1-4 original approval),MATCH,https://www.accessdata.fda.gov/scripts/cder/daf/index.cfm?event=overview.process&varApplNo=011522,https://api.fda.gov/drug/drugsfda.json?search=application_number:%22NDA011522%22,Verified (live probe match),"Row of the complete 1939-1964 original-application audit (v26 (2026-09-21)): every ORIG/AP row of the committed SHA-verified openFDA payload; facts verbatim from the payload; application type and holder cross-checked against the full official Drugs@FDA database (Applications_all_types.txt, 29,336 applications); no ticker, indication or applicant lineage asserted."
PRE1965AUDIT-1960-06,1960,NDA012151,NDA,1960-01-21,TYPE 1,Type 1 - New Molecular Entity,PRIORITY,TRUE,NME (Type 1),PFIZER,MATCH,ALDACTONE,SPIRONOLACTONE 25MG,TABLET; ORAL,3,Prescription,first-in-payloads (1939-1964 universe),"first appearance in the 1939-1964 payload universe (Drugs@FDA coverage before 1965 is incomplete: re-approval screen, not proof of first marketing)",PRE1965-1960-06 (data/pre1965_fda_decisions.csv),MATCH,https://www.accessdata.fda.gov/scripts/cder/daf/index.cfm?event=overview.process&varApplNo=012151,https://api.fda.gov/drug/drugsfda.json?search=application_number:%22NDA012151%22,Verified (live probe match),"Row of the complete 1939-1964 original-application audit (v26 (2026-09-21)): every ORIG/AP row of the committed SHA-verified openFDA payload; facts verbatim from the payload; application type and holder cross-checked against the full official Drugs@FDA database (Applications_all_types.txt, 29,336 applications); no ticker, indication or applicant lineage asserted."
PRE1965AUDIT-1960-07,1960,NDA012193,NDA,1960-02-11,TYPE 4,Type 4 - New Combination,STANDARD,FALSE,Type 4 - New Combination,NOVARTIS,MATCH,SER-AP-ES,HYDRALAZINE HYDROCHLORIDE 25MG; HYDROCHLOROTHIAZIDE 15MG; RESERPINE 0.1MG,TABLET; ORAL,1,Discontinued,1953-01-15 on NDA008303,non-NME row: earlier appearances permitted by construction; see ingredient_first_appearance,none (not a Type 1/1-4 original approval),MATCH,https://www.accessdata.fda.gov/scripts/cder/daf/index.cfm?event=overview.process&varApplNo=012193,https://api.fda.gov/drug/drugsfda.json?search=application_number:%22NDA012193%22,Verified (live probe match),"Row of the complete 1939-1964 original-application audit (v26 (2026-09-21)): every ORIG/AP row of the committed SHA-verified openFDA payload; facts verbatim from the payload; application type and holder cross-checked against the full official Drugs@FDA database (Applications_all_types.txt, 29,336 applications); no ticker, indication or applicant lineage asserted."
PRE1965AUDIT-1960-08,1960,NDA012111,NDA,1960-02-23,TYPE 1,Type 1 - New Molecular Entity,STANDARD,TRUE,NME (Type 1),ALCON,MATCH,MYDRIACYL,TROPICAMIDE 1% **Federal Register determination that product was not discontinued or withdrawn for safety or effectiveness reasons**,SOLUTION/DROPS; OPHTHALMIC,2,Discontinued,first-in-payloads (1939-1964 universe),"first appearance in the 1939-1964 payload universe (Drugs@FDA coverage before 1965 is incomplete: re-approval screen, not proof of first marketing)",PRE1965-1960-08 (data/pre1965_fda_decisions.csv),MATCH,https://www.accessdata.fda.gov/scripts/cder/daf/index.cfm?event=overview.process&varApplNo=012111,https://api.fda.gov/drug/drugsfda.json?search=application_number:%22NDA012111%22,Verified (live probe match),"Row of the complete 1939-1964 original-application audit (v26 (2026-09-21)): every ORIG/AP row of the committed SHA-verified openFDA payload; facts verbatim from the payload; application type and holder cross-checked against the full official Drugs@FDA database (Applications_all_types.txt, 29,336 applications); no ticker, indication or applicant lineage asserted."
PRE1965AUDIT-1960-09,1960,NDA012249,NDA,1960-02-24,TYPE 1,Type 1 - New Molecular Entity,PRIORITY,TRUE,NME (Type 1),VALEANT PHARM INTL,MATCH,LIBRIUM,CHLORDIAZEPOXIDE HYDROCHLORIDE 5MG **Federal Register determination that product was not discontinued or withdrawn for safety or effectiveness reasons**,CAPSULE; ORAL,3,Discontinued,first-in-payloads (1939-1964 universe),"first appearance in the 1939-1964 payload universe (Drugs@FDA coverage before 1965 is incomplete: re-approval screen, not proof of first marketing)",PRE1965-1960-09 (data/pre1965_fda_decisions.csv),MATCH,https://www.accessdata.fda.gov/scripts/cder/daf/index.cfm?event=overview.process&varApplNo=012249,https://api.fda.gov/drug/drugsfda.json?search=application_number:%22NDA012249%22,Verified (live probe match),"Row of the complete 1939-1964 original-application audit (v26 (2026-09-21)): every ORIG/AP row of the committed SHA-verified openFDA payload; facts verbatim from the payload; application type and holder cross-checked against the full official Drugs@FDA database (Applications_all_types.txt, 29,336 applications); no ticker, indication or applicant lineage asserted."
PRE1965AUDIT-1960-10,1960,NDA012097,NDA,1960-03-04,TYPE 3,Type 3 - New Dosage Form,STANDARD,FALSE,Type 3 - New Dosage Form,DELCOR ASSET CORP,MATCH,KENALOG IN ORABASE,TRIAMCINOLONE ACETONIDE 0.1% **Federal Register determination that product was not discontinued or withdrawn for safety or effectiveness reasons**,PASTE; DENTAL,1,Discontinued,1958-10-23 on NDA011601,non-NME row: earlier appearances permitted by construction; see ingredient_first_appearance,none (not a Type 1/1-4 original approval),MATCH,https://www.accessdata.fda.gov/scripts/cder/daf/index.cfm?event=overview.process&varApplNo=012097,https://api.fda.gov/drug/drugsfda.json?search=application_number:%22NDA012097%22,Verified (live probe match),"Row of the complete 1939-1964 original-application audit (v26 (2026-09-21)): every ORIG/AP row of the committed SHA-verified openFDA payload; facts verbatim from the payload; application type and holder cross-checked against the full official Drugs@FDA database (Applications_all_types.txt, 29,336 applications); no ticker, indication or applicant lineage asserted."
PRE1965AUDIT-1960-11,1960,NDA012265,NDA,1960-03-09,TYPE 1,Type 1 - New Molecular Entity,STANDARD,TRUE,NME (Type 1),SCHERING,MATCH,NAQUIVAL,RESERPINE 0.1MG; TRICHLORMETHIAZIDE 4MG,TABLET; ORAL,3,Discontinued,1954-04-01 on NDA009296,"FLAG-RESCREEN: RESERPINE first seen 1954-04-01 on NDA009296 - ingredient already appears on an earlier row of the 1939-1964 payload universe (sibling pair or re-approval of a marketed ingredient). Flagged for review; the row is kept verbatim and excluded only from the counted-once statistic. Drugs@FDA pre-1965 coverage is incomplete, so an earlier marketing may also simply be absent from the payloads.",PRE1965-1960-11 (data/pre1965_fda_decisions.csv),MATCH,https://www.accessdata.fda.gov/scripts/cder/daf/index.cfm?event=overview.process&varApplNo=012265,https://api.fda.gov/drug/drugsfda.json?search=application_number:%22NDA012265%22,Verified (live probe match); re-screening flag (see ingredient_screen),"Row of the complete 1939-1964 original-application audit (v26 (2026-09-21)): every ORIG/AP row of the committed SHA-verified openFDA payload; facts verbatim from the payload; application type and holder cross-checked against the full official Drugs@FDA database (Applications_all_types.txt, 29,336 applications); no ticker, indication or applicant lineage asserted."
PRE1965AUDIT-1960-12,1960,NDA012283,NDA,1960-04-07,TYPE 1,Type 1 - New Molecular Entity,PRIORITY,TRUE,NME (Type 1),SANOFI AVENTIS US,MATCH,HYGROTON,CHLORTHALIDONE 25MG **Federal Register determination that product was not discontinued or withdrawn for safety or effectiveness reasons**,TABLET; ORAL,2,Discontinued,first-in-payloads (1939-1964 universe),"first appearance in the 1939-1964 payload universe (Drugs@FDA coverage before 1965 is incomplete: re-approval screen, not proof of first marketing)",PRE1965-1960-12 (data/pre1965_fda_decisions.csv),MATCH,https://www.accessdata.fda.gov/scripts/cder/daf/index.cfm?event=overview.process&varApplNo=012283,https://api.fda.gov/drug/drugsfda.json?search=application_number:%22NDA012283%22,Verified (live probe match),"Row of the complete 1939-1964 original-application audit (v26 (2026-09-21)): every ORIG/AP row of the committed SHA-verified openFDA payload; facts verbatim from the payload; application type and holder cross-checked against the full official Drugs@FDA database (Applications_all_types.txt, 29,336 applications); no ticker, indication or applicant lineage asserted."
PRE1965AUDIT-1960-13,1960,NDA012281,NDA,1960-04-15,TYPE 4,Type 4 - New Combination,STANDARD,FALSE,Type 4 - New Combination,ROBINS AH,MATCH,ROBAXISAL,ASPIRIN 325MG; METHOCARBAMOL 400MG,TABLET; ORAL,1,Discontinued,1950-04-12 on NDA007337,non-NME row: earlier appearances permitted by construction; see ingredient_first_appearance,none (not a Type 1/1-4 original approval),MATCH,https://www.accessdata.fda.gov/scripts/cder/daf/index.cfm?event=overview.process&varApplNo=012281,https://api.fda.gov/drug/drugsfda.json?search=application_number:%22NDA012281%22,Verified (live probe match),"Row of the complete 1939-1964 original-application audit (v26 (2026-09-21)): every ORIG/AP row of the committed SHA-verified openFDA payload; facts verbatim from the payload; application type and holder cross-checked against the full official Drugs@FDA database (Applications_all_types.txt, 29,336 applications); no ticker, indication or applicant lineage asserted."
PRE1965AUDIT-1960-14,1960,NDA011689,NDA,1960-04-27,TYPE 5,Type 5 - New Formulation or New Manufacturer,STANDARD,FALSE,Type 5 - New Formulation or New Manufacturer,PHARMOBEDIENT,MATCH,PHENERGAN,PROMETHAZINE HYDROCHLORIDE 50MG **Federal Register determination that product was not discontinued or withdrawn for safety or effectiveness reasons**,SUPPOSITORY; RECTAL,1,Discontinued,1951-03-29 on NDA007935,non-NME row: earlier appearances permitted by construction; see ingredient_first_appearance,none (not a Type 1/1-4 original approval),MATCH,https://www.accessdata.fda.gov/scripts/cder/daf/index.cfm?event=overview.process&varApplNo=011689,https://api.fda.gov/drug/drugsfda.json?search=application_number:%22NDA011689%22,Verified (live probe match),"Row of the complete 1939-1964 original-application audit (v26 (2026-09-21)): every ORIG/AP row of the committed SHA-verified openFDA payload; facts verbatim from the payload; application type and holder cross-checked against the full official Drugs@FDA database (Applications_all_types.txt, 29,336 applications); no ticker, indication or applicant lineage asserted."
PRE1965AUDIT-1960-15,1960,NDA012179,NDA,1960-05-17,TYPE 4,Type 4 - New Combination,STANDARD,FALSE,Type 4 - New Combination,HIKMA,MATCH,VOSOL,"ACETIC ACID, GLACIAL 2% **Federal Register determination that product was not discontinued or withdrawn for safety or effectiveness reasons**",SOLUTION/DROPS; OTIC,1,Discontinued,first-in-payloads (1939-1964 universe),non-NME row: earlier appearances permitted by construction; see ingredient_first_appearance,none (not a Type 1/1-4 original approval),MATCH,https://www.accessdata.fda.gov/scripts/cder/daf/index.cfm?event=overview.process&varApplNo=012179,https://api.fda.gov/drug/drugsfda.json?search=application_number:%22NDA012179%22,Verified (live probe match),"Row of the complete 1939-1964 original-application audit (v26 (2026-09-21)): every ORIG/AP row of the committed SHA-verified openFDA payload; facts verbatim from the payload; application type and holder cross-checked against the full official Drugs@FDA database (Applications_all_types.txt, 29,336 applications); no ticker, indication or applicant lineage asserted."
PRE1965AUDIT-1960-16,1960,NDA012250,NDA,1960-05-17,TYPE 3,Type 3 - New Dosage Form,PRIORITY,FALSE,Type 3 - New Dosage Form,HOSPIRA,MATCH,CARBOCAINE,MEPIVACAINE HYDROCHLORIDE 1.5% **Federal Register determination that product was not discontinued or withdrawn for safety or effectiveness reasons**,INJECTABLE; INJECTION,3,Discontinued,1960-01-06 on NDA012125,non-NME row: earlier appearances permitted by construction; see ingredient_first_appearance,none (not a Type 1/1-4 original approval),MATCH,https://www.accessdata.fda.gov/scripts/cder/daf/index.cfm?event=overview.process&varApplNo=012250,https://api.fda.gov/drug/drugsfda.json?search=application_number:%22NDA012250%22,Verified (live probe match),"Row of the complete 1939-1964 original-application audit (v26 (2026-09-21)): every ORIG/AP row of the committed SHA-verified openFDA payload; facts verbatim from the payload; application type and holder cross-checked against the full official Drugs@FDA database (Applications_all_types.txt, 29,336 applications); no ticker, indication or applicant lineage asserted."
PRE1965AUDIT-1960-17,1960,NDA011467,NDA,1960-05-20,TYPE 1,Type 1 - New Molecular Entity,STANDARD,TRUE,NME (Type 1),SANOFI AVENTIS US,MATCH,TRANCOPAL,CHLORMEZANONE 200MG,TABLET; ORAL,2,Discontinued,first-in-payloads (1939-1964 universe),"first appearance in the 1939-1964 payload universe (Drugs@FDA coverage before 1965 is incomplete: re-approval screen, not proof of first marketing)",PRE1965-1960-17 (data/pre1965_fda_decisions.csv),MATCH,https://www.accessdata.fda.gov/scripts/cder/daf/index.cfm?event=overview.process&varApplNo=011467,https://api.fda.gov/drug/drugsfda.json?search=application_number:%22NDA011467%22,Verified (live probe match),"Row of the complete 1939-1964 original-application audit (v26 (2026-09-21)): every ORIG/AP row of the committed SHA-verified openFDA payload; facts verbatim from the payload; application type and holder cross-checked against the full official Drugs@FDA database (Applications_all_types.txt, 29,336 applications); no ticker, indication or applicant lineage asserted."
PRE1965AUDIT-1960-18,1960,NDA011702,NDA,1960-05-27,TYPE 4,Type 4 - New Combination,STANDARD,FALSE,Type 4 - New Combination,SUN PHARM INDUSTRIES,MATCH,EQUAGESIC,ASPIRIN 325MG; MEPROBAMATE 200MG,TABLET; ORAL,1,Discontinued,1950-04-12 on NDA007337,non-NME row: earlier appearances permitted by construction; see ingredient_first_appearance,none (not a Type 1/1-4 original approval),MATCH,https://www.accessdata.fda.gov/scripts/cder/daf/index.cfm?event=overview.process&varApplNo=011702,https://api.fda.gov/drug/drugsfda.json?search=application_number:%22NDA011702%22,Verified (live probe match),"Row of the complete 1939-1964 original-application audit (v26 (2026-09-21)): every ORIG/AP row of the committed SHA-verified openFDA payload; facts verbatim from the payload; application type and holder cross-checked against the full official Drugs@FDA database (Applications_all_types.txt, 29,336 applications); no ticker, indication or applicant lineage asserted."
PRE1965AUDIT-1960-19,1960,NDA011738,NDA,1960-05-31,TYPE 3,Type 3 - New Dosage Form,STANDARD,FALSE,Type 3 - New Dosage Form,ENDO PHARMS,MATCH,NUMORPHAN,OXYMORPHONE HYDROCHLORIDE 5MG,SUPPOSITORY; RECTAL,1,Discontinued,1959-04-02 on NDA011707,non-NME row: earlier appearances permitted by construction; see ingredient_first_appearance,none (not a Type 1/1-4 original approval),MATCH,https://www.accessdata.fda.gov/scripts/cder/daf/index.cfm?event=overview.process&varApplNo=011738,https://api.fda.gov/drug/drugsfda.json?search=application_number:%22NDA011738%22,Verified (live probe match),"Row of the complete 1939-1964 original-application audit (v26 (2026-09-21)): every ORIG/AP row of the committed SHA-verified openFDA payload; facts verbatim from the payload; application type and holder cross-checked against the full official Drugs@FDA database (Applications_all_types.txt, 29,336 applications); no ticker, indication or applicant lineage asserted."
PRE1965AUDIT-1960-20,1960,NDA012052,NDA,1960-06-08,TYPE 3,Type 3 - New Dosage Form,STANDARD,FALSE,Type 3 - New Dosage Form,MERCK,MATCH,HYDROCORTONE,HYDROCORTISONE SODIUM PHOSPHATE EQ 50MG BASE/ML **Federal Register determination that product was not discontinued or withdrawn for safety or effectiveness reasons**,INJECTABLE; INJECTION,1,Discontinued,first-in-payloads (1939-1964 universe),non-NME row: earlier appearances permitted by construction; see ingredient_first_appearance,none (not a Type 1/1-4 original approval),MATCH,https://www.accessdata.fda.gov/scripts/cder/daf/index.cfm?event=overview.process&varApplNo=012052,https://api.fda.gov/drug/drugsfda.json?search=application_number:%22NDA012052%22,Verified (live probe match),"Row of the complete 1939-1964 original-application audit (v26 (2026-09-21)): every ORIG/AP row of the committed SHA-verified openFDA payload; facts verbatim from the payload; application type and holder cross-checked against the full official Drugs@FDA database (Applications_all_types.txt, 29,336 applications); no ticker, indication or applicant lineage asserted."
PRE1965AUDIT-1960-21,1960,NDA012359,NDA,1960-06-20,TYPE 4,Type 4 - New Combination,STANDARD,FALSE,Type 4 - New Combination,SHIRE,MATCH,SALUTENSIN,HYDROFLUMETHIAZIDE 50MG; RESERPINE 0.125MG,TABLET; ORAL,2,Discontinued,1959-07-22 on NDA011949,non-NME row: earlier appearances permitted by construction; see ingredient_first_appearance,none (not a Type 1/1-4 original approval),MATCH,https://www.accessdata.fda.gov/scripts/cder/daf/index.cfm?event=overview.process&varApplNo=012359,https://api.fda.gov/drug/drugsfda.json?search=application_number:%22NDA012359%22,Verified (live probe match),"Row of the complete 1939-1964 original-application audit (v26 (2026-09-21)): every ORIG/AP row of the committed SHA-verified openFDA payload; facts verbatim from the payload; application type and holder cross-checked against the full official Drugs@FDA database (Applications_all_types.txt, 29,336 applications); no ticker, indication or applicant lineage asserted."
PRE1965AUDIT-1960-22,1960,NDA012421,NDA,1960-06-21,TYPE 3,Type 3 - New Dosage Form,STANDARD,FALSE,Type 3 - New Dosage Form,PHARMACIA AND UPJOHN,MATCH,MEDROL ACETATE,METHYLPREDNISOLONE ACETATE 1%,OINTMENT; TOPICAL,2,Discontinued,1959-05-27 on NDA011757,non-NME row: earlier appearances permitted by construction; see ingredient_first_appearance,none (not a Type 1/1-4 original approval),MATCH,https://www.accessdata.fda.gov/scripts/cder/daf/index.cfm?event=overview.process&varApplNo=012421,https://api.fda.gov/drug/drugsfda.json?search=application_number:%22NDA012421%22,Verified (live probe match),"Row of the complete 1939-1964 original-application audit (v26 (2026-09-21)): every ORIG/AP row of the committed SHA-verified openFDA payload; facts verbatim from the payload; application type and holder cross-checked against the full official Drugs@FDA database (Applications_all_types.txt, 29,336 applications); no ticker, indication or applicant lineage asserted."
PRE1965AUDIT-1960-23,1960,NDA012419,NDA,1960-06-24,TYPE 3,Type 3 - New Dosage Form,STANDARD,FALSE,Type 3 - New Dosage Form,SCHERING,MATCH,PERMITIL,FLUPHENAZINE HYDROCHLORIDE 1MG,"TABLET, EXTENDED RELEASE; ORAL",1,Discontinued,1959-09-09 on NDA012034,non-NME row: earlier appearances permitted by construction; see ingredient_first_appearance,none (not a Type 1/1-4 original approval),MATCH,https://www.accessdata.fda.gov/scripts/cder/daf/index.cfm?event=overview.process&varApplNo=012419,https://api.fda.gov/drug/drugsfda.json?search=application_number:%22NDA012419%22,Verified (live probe match),"Row of the complete 1939-1964 original-application audit (v26 (2026-09-21)): every ORIG/AP row of the committed SHA-verified openFDA payload; facts verbatim from the payload; application type and holder cross-checked against the full official Drugs@FDA database (Applications_all_types.txt, 29,336 applications); no ticker, indication or applicant lineage asserted."
PRE1965AUDIT-1960-24,1960,NDA011559,NDA,1960-06-27,TYPE 1,Type 1 - New Molecular Entity,STANDARD,TRUE,NME (Type 1),PH HEALTH,MATCH,BREVITAL SODIUM,METHOHEXITAL SODIUM 5GM/VIAL,INJECTABLE; INJECTION,4,Discontinued,first-in-payloads (1939-1964 universe),"first appearance in the 1939-1964 payload universe (Drugs@FDA coverage before 1965 is incomplete: re-approval screen, not proof of first marketing)",PRE1965-1960-24 (data/pre1965_fda_decisions.csv),MATCH,https://www.accessdata.fda.gov/scripts/cder/daf/index.cfm?event=overview.process&varApplNo=011559,https://api.fda.gov/drug/drugsfda.json?search=application_number:%22NDA011559%22,Verified (live probe match),"Row of the complete 1939-1964 original-application audit (v26 (2026-09-21)): every ORIG/AP row of the committed SHA-verified openFDA payload; facts verbatim from the payload; application type and holder cross-checked against the full official Drugs@FDA database (Applications_all_types.txt, 29,336 applications); no ticker, indication or applicant lineage asserted."
PRE1965AUDIT-1960-25,1960,NDA011963,NDA,1960-06-27,TYPE 1,Type 1 - New Molecular Entity,STANDARD,TRUE,NME (Type 1),FERA PHARMS LLC,MATCH,PHOSPHOLINE IODIDE,ECHOTHIOPHATE IODIDE 0.06%,FOR SOLUTION; OPHTHALMIC,4,Discontinued,first-in-payloads (1939-1964 universe),"first appearance in the 1939-1964 payload universe (Drugs@FDA coverage before 1965 is incomplete: re-approval screen, not proof of first marketing)",PRE1965-1960-25 (data/pre1965_fda_decisions.csv),MATCH,https://www.accessdata.fda.gov/scripts/cder/daf/index.cfm?event=overview.process&varApplNo=011963,https://api.fda.gov/drug/drugsfda.json?search=application_number:%22NDA011963%22,Verified (live probe match),"Row of the complete 1939-1964 original-application audit (v26 (2026-09-21)): every ORIG/AP row of the committed SHA-verified openFDA payload; facts verbatim from the payload; application type and holder cross-checked against the full official Drugs@FDA database (Applications_all_types.txt, 29,336 applications); no ticker, indication or applicant lineage asserted."
PRE1965AUDIT-1960-26,1960,NDA012223,NDA,1960-06-28,TYPE 5,Type 5 - New Formulation or New Manufacturer,STANDARD,FALSE,Type 5 - New Formulation or New Manufacturer,PAI HOLDINGS PHARM,MATCH,AQUAMEPHYTON,PHYTONADIONE 1MG/0.5ML **Federal Register determination that product was not discontinued or withdrawn for safety or effectiveness reasons**,INJECTABLE; INJECTION,2,Discontinued,1955-09-30 on NDA010104,non-NME row: earlier appearances permitted by construction; see ingredient_first_appearance,none (not a Type 1/1-4 original approval),MATCH,https://www.accessdata.fda.gov/scripts/cder/daf/index.cfm?event=overview.process&varApplNo=012223,https://api.fda.gov/drug/drugsfda.json?search=application_number:%22NDA012223%22,Verified (live probe match),"Row of the complete 1939-1964 original-application audit (v26 (2026-09-21)): every ORIG/AP row of the committed SHA-verified openFDA payload; facts verbatim from the payload; application type and holder cross-checked against the full official Drugs@FDA database (Applications_all_types.txt, 29,336 applications); no ticker, indication or applicant lineage asserted."
PRE1965AUDIT-1960-27,1960,NDA012329,NDA,1960-07-05,TYPE 1,Type 1 - New Molecular Entity,PRIORITY,TRUE,NME (Type 1),NOVARTIS,MATCH,ISMELIN,GUANETHIDINE MONOSULFATE EQ 10MG SULFATE,TABLET; ORAL,2,Discontinued,first-in-payloads (1939-1964 universe),"first appearance in the 1939-1964 payload universe (Drugs@FDA coverage before 1965 is incomplete: re-approval screen, not proof of first marketing)",PRE1965-1960-27 (data/pre1965_fda_decisions.csv),MATCH,https://www.accessdata.fda.gov/scripts/cder/daf/index.cfm?event=overview.process&varApplNo=012329,https://api.fda.gov/drug/drugsfda.json?search=application_number:%22NDA012329%22,Verified (live probe match),"Row of the complete 1939-1964 original-application audit (v26 (2026-09-21)): every ORIG/AP row of the committed SHA-verified openFDA payload; facts verbatim from the payload; application type and holder cross-checked against the full official Drugs@FDA database (Applications_all_types.txt, 29,336 applications); no ticker, indication or applicant lineage asserted."
PRE1965AUDIT-1960-28,1960,NDA012376,NDA,1960-07-07,TYPE 3,Type 3 - New Dosage Form,STANDARD,FALSE,Type 3 - New Dosage Form,MERCK,MATCH,DECADRON,DEXAMETHASONE 0.5MG/5ML,ELIXIR; ORAL,1,Discontinued,1958-10-30 on NDA011664,non-NME row: earlier appearances permitted by construction; see ingredient_first_appearance,none (not a Type 1/1-4 original approval),MATCH,https://www.accessdata.fda.gov/scripts/cder/daf/index.cfm?event=overview.process&varApplNo=012376,https://api.fda.gov/drug/drugsfda.json?search=application_number:%22NDA012376%22,Verified (live probe match),"Row of the complete 1939-1964 original-application audit (v26 (2026-09-21)): every ORIG/AP row of the committed SHA-verified openFDA payload; facts verbatim from the payload; application type and holder cross-checked against the full official Drugs@FDA database (Applications_all_types.txt, 29,336 applications); no ticker, indication or applicant lineage asserted."
PRE1965AUDIT-1960-29,1960,NDA011751,NDA,1960-08-24,TYPE 5,Type 5 - New Formulation or New Manufacturer,STANDARD,FALSE,Type 5 - New Formulation or New Manufacturer,APOTHECON,MATCH,PROLIXIN,FLUPHENAZINE HYDROCHLORIDE 2.5MG/ML **Federal Register determination that product was not discontinued or withdrawn for safety or effectiveness reasons**,INJECTABLE; INJECTION,5,Discontinued,1959-09-09 on NDA012034,non-NME row: earlier appearances permitted by construction; see ingredient_first_appearance,none (not a Type 1/1-4 original approval),MATCH,https://www.accessdata.fda.gov/scripts/cder/daf/index.cfm?event=overview.process&varApplNo=011751,https://api.fda.gov/drug/drugsfda.json?search=application_number:%22NDA011751%22,Verified (live probe match),"Row of the complete 1939-1964 original-application audit (v26 (2026-09-21)): every ORIG/AP row of the committed SHA-verified openFDA payload; facts verbatim from the payload; application type and holder cross-checked against the full official Drugs@FDA database (Applications_all_types.txt, 29,336 applications); no ticker, indication or applicant lineage asserted."
PRE1965AUDIT-1960-30,1960,NDA012365,NDA,1960-09-12,TYPE 4,Type 4 - New Combination,STANDARD,FALSE,Type 4 - New Combination,MEDA PHARMS,MATCH,SOMA COMPOUND,ASPIRIN 325MG; CARISOPRODOL 200MG **Federal Register determination that product was not discontinued or withdrawn for safety or effectiveness reasons**,TABLET; ORAL,1,Discontinued,1950-04-12 on NDA007337,non-NME row: earlier appearances permitted by construction; see ingredient_first_appearance,none (not a Type 1/1-4 original approval),MATCH,https://www.accessdata.fda.gov/scripts/cder/daf/index.cfm?event=overview.process&varApplNo=012365,https://api.fda.gov/drug/drugsfda.json?search=application_number:%22NDA012365%22,Verified (live probe match),"Row of the complete 1939-1964 original-application audit (v26 (2026-09-21)): every ORIG/AP row of the committed SHA-verified openFDA payload; facts verbatim from the payload; application type and holder cross-checked against the full official Drugs@FDA database (Applications_all_types.txt, 29,336 applications); no ticker, indication or applicant lineage asserted."
PRE1965AUDIT-1960-31,1960,NDA012402,NDA,1960-09-15,TYPE 2,Type 2 - New Active Ingredient,STANDARD,FALSE,Type 2 - New Active Ingredient,PROCTER AND GAMBLE,MATCH,IVADANTIN,NITROFURANTOIN SODIUM EQ 180MG BASE/VIAL,INJECTABLE; INJECTION,1,Discontinued,first-in-payloads (1939-1964 universe),non-NME row: earlier appearances permitted by construction; see ingredient_first_appearance,none (not a Type 1/1-4 original approval),MATCH,https://www.accessdata.fda.gov/scripts/cder/daf/index.cfm?event=overview.process&varApplNo=012402,https://api.fda.gov/drug/drugsfda.json?search=application_number:%22NDA012402%22,Verified (live probe match),"Row of the complete 1939-1964 original-application audit (v26 (2026-09-21)): every ORIG/AP row of the committed SHA-verified openFDA payload; facts verbatim from the payload; application type and holder cross-checked against the full official Drugs@FDA database (Applications_all_types.txt, 29,336 applications); no ticker, indication or applicant lineage asserted."
PRE1965AUDIT-1960-32,1960,NDA012462,NDA,1960-09-15,TYPE 4,Type 4 - New Combination,PRIORITY,FALSE,Type 4 - New Combination,PFIZER,MATCH,LOMOTIL,ATROPINE SULFATE 0.025MG; DIPHENOXYLATE HYDROCHLORIDE 2.5MG,TABLET; ORAL,1,Prescription,first-in-payloads (1939-1964 universe),non-NME row: earlier appearances permitted by construction; see ingredient_first_appearance,none (not a Type 1/1-4 original approval),MATCH,https://www.accessdata.fda.gov/scripts/cder/daf/index.cfm?event=overview.process&varApplNo=012462,https://api.fda.gov/drug/drugsfda.json?search=application_number:%22NDA012462%22,Verified (live probe match),"Row of the complete 1939-1964 original-application audit (v26 (2026-09-21)): every ORIG/AP row of the committed SHA-verified openFDA payload; facts verbatim from the payload; application type and holder cross-checked against the full official Drugs@FDA database (Applications_all_types.txt, 29,336 applications); no ticker, indication or applicant lineage asserted."
PRE1965AUDIT-1960-33,1960,NDA012541,NDA,1960-09-23,TYPE 5,Type 5 - New Formulation or New Manufacturer,STANDARD,FALSE,Type 5 - New Formulation or New Manufacturer,PFIZER,MATCH,DEPO-PROVERA,MEDROXYPROGESTERONE ACETATE 400MG/ML,INJECTABLE; INJECTION,2,Discontinued,1959-06-18 on NDA011839,non-NME row: earlier appearances permitted by construction; see ingredient_first_appearance,none (not a Type 1/1-4 original approval),MATCH,https://www.accessdata.fda.gov/scripts/cder/daf/index.cfm?event=overview.process&varApplNo=012541,https://api.fda.gov/drug/drugsfda.json?search=application_number:%22NDA012541%22,Verified (live probe match),"Row of the complete 1939-1964 original-application audit (v26 (2026-09-21)): every ORIG/AP row of the committed SHA-verified openFDA payload; facts verbatim from the payload; application type and holder cross-checked against the full official Drugs@FDA database (Applications_all_types.txt, 29,336 applications); no ticker, indication or applicant lineage asserted."
PRE1965AUDIT-1960-34,1960,NDA013055,NDA,1960-10-02,TYPE 3,Type 3 - New Dosage Form,PRIORITY,FALSE,Type 3 - New Dosage Form,PAI HOLDINGS PHARM,MATCH,NORFLEX,ORPHENADRINE CITRATE 30MG/ML **Federal Register determination that product was not discontinued or withdrawn for safety or effectiveness reasons**,INJECTABLE; INJECTION,1,Discontinued,1959-11-04 on NDA012157,non-NME row: earlier appearances permitted by construction; see ingredient_first_appearance,none (not a Type 1/1-4 original approval),MATCH,https://www.accessdata.fda.gov/scripts/cder/daf/index.cfm?event=overview.process&varApplNo=013055,https://api.fda.gov/drug/drugsfda.json?search=application_number:%22NDA013055%22,Verified (live probe match),"Row of the complete 1939-1964 original-application audit (v26 (2026-09-21)): every ORIG/AP row of the committed SHA-verified openFDA payload; facts verbatim from the payload; application type and holder cross-checked against the full official Drugs@FDA database (Applications_all_types.txt, 29,336 applications); no ticker, indication or applicant lineage asserted."
PRE1965AUDIT-1960-35,1960,NDA012366,NDA,1960-10-05,TYPE 4,Type 4 - New Combination,STANDARD,FALSE,Type 4 - New Combination,MEDA PHARMS,MATCH,SOMA COMPOUND W/ CODEINE,ASPIRIN 325MG; CARISOPRODOL 200MG; CODEINE PHOSPHATE 16MG **Federal Register determination that product was not discontinued or withdrawn for safety or effectiveness reasons**,TABLET; ORAL,1,Discontinued,1950-04-12 on NDA007337,non-NME row: earlier appearances permitted by construction; see ingredient_first_appearance,none (not a Type 1/1-4 original approval),MATCH,https://www.accessdata.fda.gov/scripts/cder/daf/index.cfm?event=overview.process&varApplNo=012366,https://api.fda.gov/drug/drugsfda.json?search=application_number:%22NDA012366%22,Verified (live probe match),"Row of the complete 1939-1964 original-application audit (v26 (2026-09-21)): every ORIG/AP row of the committed SHA-verified openFDA payload; facts verbatim from the payload; application type and holder cross-checked against the full official Drugs@FDA database (Applications_all_types.txt, 29,336 applications); no ticker, indication or applicant lineage asserted."
PRE1965AUDIT-1960-36,1960,NDA012489,NDA,1960-10-14,TYPE 5,Type 5 - New Formulation or New Manufacturer,STANDARD,FALSE,Type 5 - New Formulation or New Manufacturer,AH ROBINS INC,MATCH,EXNA,BENZTHIAZIDE 50MG,TABLET; ORAL,1,Discontinued,first-in-payloads (1939-1964 universe),non-NME row: earlier appearances permitted by construction; see ingredient_first_appearance,none (not a Type 1/1-4 original approval),MATCH,https://www.accessdata.fda.gov/scripts/cder/daf/index.cfm?event=overview.process&varApplNo=012489,https://api.fda.gov/drug/drugsfda.json?search=application_number:%22NDA012489%22,Verified (live probe match),"Row of the complete 1939-1964 original-application audit (v26 (2026-09-21)): every ORIG/AP row of the committed SHA-verified openFDA payload; facts verbatim from the payload; application type and holder cross-checked against the full official Drugs@FDA database (Applications_all_types.txt, 29,336 applications); no ticker, indication or applicant lineage asserted."
PRE1965AUDIT-1960-37,1960,NDA012524,NDA,1960-10-21,TYPE 1,Type 1 - New Molecular Entity,STANDARD,TRUE,NME (Type 1),ABBVIE,MATCH,ENDURON,METHYCLOTHIAZIDE 2.5MG **Federal Register determination that product was not discontinued or withdrawn for safety or effectiveness reasons**,TABLET; ORAL,2,Discontinued,first-in-payloads (1939-1964 universe),"first appearance in the 1939-1964 payload universe (Drugs@FDA coverage before 1965 is incomplete: re-approval screen, not proof of first marketing)",PRE1965-1960-37 (data/pre1965_fda_decisions.csv),MATCH,https://www.accessdata.fda.gov/scripts/cder/daf/index.cfm?event=overview.process&varApplNo=012524,https://api.fda.gov/drug/drugsfda.json?search=application_number:%22NDA012524%22,Verified (live probe match),"Row of the complete 1939-1964 original-application audit (v26 (2026-09-21)): every ORIG/AP row of the committed SHA-verified openFDA payload; facts verbatim from the payload; application type and holder cross-checked against the full official Drugs@FDA database (Applications_all_types.txt, 29,336 applications); no ticker, indication or applicant lineage asserted."
PRE1965AUDIT-1960-38,1960,NDA012427,NDA,1960-10-26,TYPE 1,Type 1 - New Molecular Entity,STANDARD,TRUE,NME (Type 1),PFIZER,MATCH,DIDREX,BENZPHETAMINE HYDROCHLORIDE 25MG **Federal Register determination that product was not discontinued or withdrawn for safety or effectiveness reasons**,TABLET; ORAL,2,Discontinued,first-in-payloads (1939-1964 universe),"first appearance in the 1939-1964 payload universe (Drugs@FDA coverage before 1965 is incomplete: re-approval screen, not proof of first marketing)",PRE1965-1960-38 (data/pre1965_fda_decisions.csv),MATCH,https://www.accessdata.fda.gov/scripts/cder/daf/index.cfm?event=overview.process&varApplNo=012427,https://api.fda.gov/drug/drugsfda.json?search=application_number:%22NDA012427%22,Verified (live probe match),"Row of the complete 1939-1964 original-application audit (v26 (2026-09-21)): every ORIG/AP row of the committed SHA-verified openFDA payload; facts verbatim from the payload; application type and holder cross-checked against the full official Drugs@FDA database (Applications_all_types.txt, 29,336 applications); no ticker, indication or applicant lineage asserted."
PRE1965AUDIT-1960-39,1960,NDA012380,NDA,1960-11-02,TYPE 1,Type 1 - New Molecular Entity,PRIORITY,TRUE,NME (Type 1),PARKE DAVIS,MATCH,ZARONTIN,ETHOSUXIMIDE 250MG,CAPSULE; ORAL,1,Prescription,first-in-payloads (1939-1964 universe),"first appearance in the 1939-1964 payload universe (Drugs@FDA coverage before 1965 is incomplete: re-approval screen, not proof of first marketing)",PRE1965-1960-39 (data/pre1965_fda_decisions.csv),MATCH,https://www.accessdata.fda.gov/scripts/cder/daf/index.cfm?event=overview.process&varApplNo=012380,https://api.fda.gov/drug/drugsfda.json?search=application_number:%22NDA012380%22,Verified (live probe match),"Row of the complete 1939-1964 original-application audit (v26 (2026-09-21)): every ORIG/AP row of the committed SHA-verified openFDA payload; facts verbatim from the payload; application type and holder cross-checked against the full official Drugs@FDA database (Applications_all_types.txt, 29,336 applications); no ticker, indication or applicant lineage asserted."
PRE1965AUDIT-1960-40,1960,NDA012122,NDA,1960-11-14,TYPE 1,Type 1 - New Molecular Entity,PRIORITY,TRUE,NME (Type 1),LILLY,MATCH,GLUCAGON,GLUCAGON HYDROCHLORIDE EQ 1MG BASE/VIAL **Federal Register determination that product was not discontinued or withdrawn for safety or effectiveness reasons**,INJECTABLE; INJECTION,2,Discontinued,first-in-payloads (1939-1964 universe),"first appearance in the 1939-1964 payload universe (Drugs@FDA coverage before 1965 is incomplete: re-approval screen, not proof of first marketing)",PRE1965-1960-40 (data/pre1965_fda_decisions.csv),MATCH,https://www.accessdata.fda.gov/scripts/cder/daf/index.cfm?event=overview.process&varApplNo=012122,https://api.fda.gov/drug/drugsfda.json?search=application_number:%22NDA012122%22,Verified (live probe match),"Row of the complete 1939-1964 original-application audit (v26 (2026-09-21)): every ORIG/AP row of the committed SHA-verified openFDA payload; facts verbatim from the payload; application type and holder cross-checked against the full official Drugs@FDA database (Applications_all_types.txt, 29,336 applications); no ticker, indication or applicant lineage asserted."
PRE1965AUDIT-1960-41,1960,NDA050257,NDA,1960-11-14,,,,FALSE,NOT PUBLISHED (blank class),LEDERLE,MATCH,DECLOMYCIN,DEMECLOCYCLINE HYDROCHLORIDE 75MG/5ML,SYRUP; ORAL,1,Discontinued,1960-01-14 on NDA050262,non-NME row: earlier appearances permitted by construction; see ingredient_first_appearance,none (not a Type 1/1-4 original approval),MATCH,https://www.accessdata.fda.gov/scripts/cder/daf/index.cfm?event=overview.process&varApplNo=050257,https://api.fda.gov/drug/drugsfda.json?search=application_number:%22NDA050257%22,Verified (live probe match),"Row of the complete 1939-1964 original-application audit (v26 (2026-09-21)): every ORIG/AP row of the committed SHA-verified openFDA payload; facts verbatim from the payload; application type and holder cross-checked against the full official Drugs@FDA database (Applications_all_types.txt, 29,336 applications); no ticker, indication or applicant lineage asserted."
PRE1965AUDIT-1960-42,1960,NDA012546,NDA,1960-11-17,TYPE 2,Type 2 - New Active Ingredient,STANDARD,FALSE,Type 2 - New Active Ingredient,ANI PHARMS,MATCH,TENUATE DOSPAN,DIETHYLPROPION HYDROCHLORIDE 75MG **Federal Register determination that product was not discontinued or withdrawn for safety or effectiveness reasons**,"TABLET, EXTENDED RELEASE; ORAL",1,Discontinued,1959-08-06 on NDA011722,non-NME row: earlier appearances permitted by construction; see ingredient_first_appearance,none (not a Type 1/1-4 original approval),MATCH,https://www.accessdata.fda.gov/scripts/cder/daf/index.cfm?event=overview.process&varApplNo=012546,https://api.fda.gov/drug/drugsfda.json?search=application_number:%22NDA012546%22,Verified (live probe match),"Row of the complete 1939-1964 original-application audit (v26 (2026-09-21)): every ORIG/AP row of the committed SHA-verified openFDA payload; facts verbatim from the payload; application type and holder cross-checked against the full official Drugs@FDA database (Applications_all_types.txt, 29,336 applications); no ticker, indication or applicant lineage asserted."
PRE1965AUDIT-1960-43,1960,NDA012382,NDA,1960-12-05,TYPE 1,Type 1 - New Molecular Entity,STANDARD,TRUE,NME (Type 1),HIKMA,MATCH,LARGON,PROPIOMAZINE HYDROCHLORIDE 20MG/ML,INJECTABLE; INJECTION,1,Discontinued,first-in-payloads (1939-1964 universe),"first appearance in the 1939-1964 payload universe (Drugs@FDA coverage before 1965 is incomplete: re-approval screen, not proof of first marketing)",PRE1965-1960-43 (data/pre1965_fda_decisions.csv),MATCH,https://www.accessdata.fda.gov/scripts/cder/daf/index.cfm?event=overview.process&varApplNo=012382,https://api.fda.gov/drug/drugsfda.json?search=application_number:%22NDA012382%22,Verified (live probe match),"Row of the complete 1939-1964 original-application audit (v26 (2026-09-21)): every ORIG/AP row of the committed SHA-verified openFDA payload; facts verbatim from the payload; application type and holder cross-checked against the full official Drugs@FDA database (Applications_all_types.txt, 29,336 applications); no ticker, indication or applicant lineage asserted."
PRE1965AUDIT-1960-44,1960,NDA012542,NDA,1960-12-21,TYPE 1,Type 1 - New Molecular Entity,STANDARD,TRUE,NME (Type 1),NOVARTIS,MATCH,TANDEARIL,OXYPHENBUTAZONE 100MG,TABLET; ORAL,1,Discontinued,first-in-payloads (1939-1964 universe),"first appearance in the 1939-1964 payload universe (Drugs@FDA coverage before 1965 is incomplete: re-approval screen, not proof of first marketing)",PRE1965-1960-44 (data/pre1965_fda_decisions.csv),MATCH,https://www.accessdata.fda.gov/scripts/cder/daf/index.cfm?event=overview.process&varApplNo=012542,https://api.fda.gov/drug/drugsfda.json?search=application_number:%22NDA012542%22,Verified (live probe match),"Row of the complete 1939-1964 original-application audit (v26 (2026-09-21)): every ORIG/AP row of the committed SHA-verified openFDA payload; facts verbatim from the payload; application type and holder cross-checked against the full official Drugs@FDA database (Applications_all_types.txt, 29,336 applications); no ticker, indication or applicant lineage asserted."
PRE1965AUDIT-1960-45,1960,NDA012674,NDA,1960-12-21,TYPE 5,Type 5 - New Formulation or New Manufacturer,STANDARD,FALSE,Type 5 - New Formulation or New Manufacturer,ASPEN GLOBAL INC,MATCH,HEXADROL,DEXAMETHASONE 0.5MG/5ML,ELIXIR; ORAL,1,Discontinued,1958-10-30 on NDA011664,non-NME row: earlier appearances permitted by construction; see ingredient_first_appearance,none (not a Type 1/1-4 original approval),MATCH,https://www.accessdata.fda.gov/scripts/cder/daf/index.cfm?event=overview.process&varApplNo=012674,https://api.fda.gov/drug/drugsfda.json?search=application_number:%22NDA012674%22,Verified (live probe match),"Row of the complete 1939-1964 original-application audit (v26 (2026-09-21)): every ORIG/AP row of the committed SHA-verified openFDA payload; facts verbatim from the payload; application type and holder cross-checked against the full official Drugs@FDA database (Applications_all_types.txt, 29,336 applications); no ticker, indication or applicant lineage asserted."
PRE1965AUDIT-1961-01,1961,NDA012583,NDA,1961-01-23,TYPE 3,Type 3 - New Dosage Form,PRIORITY,FALSE,Type 3 - New Dosage Form,ALLERGAN,MATCH,OPHTHETIC,PROPARACAINE HYDROCHLORIDE 0.5% **Federal Register determination that product was not discontinued or withdrawn for safety or effectiveness reasons**,SOLUTION/DROPS; OPHTHALMIC,1,Discontinued,1953-07-01 on NDA008883,non-NME row: earlier appearances permitted by construction; see ingredient_first_appearance,none (not a Type 1/1-4 original approval),MATCH,https://www.accessdata.fda.gov/scripts/cder/daf/index.cfm?event=overview.process&varApplNo=012583,https://api.fda.gov/drug/drugsfda.json?search=application_number:%22NDA012583%22,Verified (live probe match),"Row of the complete 1939-1964 original-application audit (v26 (2026-09-21)): every ORIG/AP row of the committed SHA-verified openFDA payload; facts verbatim from the payload; application type and holder cross-checked against the full official Drugs@FDA database (Applications_all_types.txt, 29,336 applications); no ticker, indication or applicant lineage asserted."
PRE1965AUDIT-1961-02,1961,NDA012616,NDA,1961-01-27,TYPE 4,Type 4 - New Combination,STANDARD,FALSE,Type 4 - New Combination,PFIZER,MATCH,ALDACTAZIDE,HYDROCHLOROTHIAZIDE 50MG; SPIRONOLACTONE 50MG,TABLET; ORAL,2,Discontinued,1959-02-12 on NDA011793,non-NME row: earlier appearances permitted by construction; see ingredient_first_appearance,none (not a Type 1/1-4 original approval),MATCH,https://www.accessdata.fda.gov/scripts/cder/daf/index.cfm?event=overview.process&varApplNo=012616,https://api.fda.gov/drug/drugsfda.json?search=application_number:%22NDA012616%22,Verified (live probe match),"Row of the complete 1939-1964 original-application audit (v26 (2026-09-21)): every ORIG/AP row of the committed SHA-verified openFDA payload; facts verbatim from the payload; application type and holder cross-checked against the full official Drugs@FDA database (Applications_all_types.txt, 29,336 applications); no ticker, indication or applicant lineage asserted."
PRE1965AUDIT-1961-03,1961,NDA012342,NDA,1961-02-21,TYPE 1,Type 1 - New Molecular Entity,PRIORITY,TRUE,NME (Type 1),ADVANZ PHARMA,MATCH,PARNATE,TRANYLCYPROMINE SULFATE EQ 10MG BASE,TABLET; ORAL,1,Prescription,first-in-payloads (1939-1964 universe),"first appearance in the 1939-1964 payload universe (Drugs@FDA coverage before 1965 is incomplete: re-approval screen, not proof of first marketing)",PRE1965-1961-03 (data/pre1965_fda_decisions.csv),MATCH,https://www.accessdata.fda.gov/scripts/cder/daf/index.cfm?event=overview.process&varApplNo=012342,https://api.fda.gov/drug/drugsfda.json?search=application_number:%22NDA012342%22,Verified (live probe match),"Row of the complete 1939-1964 original-application audit (v26 (2026-09-21)): every ORIG/AP row of the committed SHA-verified openFDA payload; facts verbatim from the payload; application type and holder cross-checked against the full official Drugs@FDA database (Applications_all_types.txt, 29,336 applications); no ticker, indication or applicant lineage asserted."
PRE1965AUDIT-1961-04,1961,NDA010976,NDA,1961-03-09,TYPE 1/4,Type 1 - New Molecular Entity and Type 4 - New Combination,STANDARD,TRUE,NME + new combination (Type 1/4),GD SEARLE LLC,MATCH,ENOVID,MESTRANOL 0.075MG; NORETHYNODREL 5MG,TABLET; ORAL,5,Discontinued,first-in-payloads (1939-1964 universe),"first appearance in the 1939-1964 payload universe (Drugs@FDA coverage before 1965 is incomplete: re-approval screen, not proof of first marketing)",PRE1965-1961-04 (data/pre1965_fda_decisions.csv),MATCH,https://www.accessdata.fda.gov/scripts/cder/daf/index.cfm?event=overview.process&varApplNo=010976,https://api.fda.gov/drug/drugsfda.json?search=application_number:%22NDA010976%22,Verified (live probe match),"Row of the complete 1939-1964 original-application audit (v26 (2026-09-21)): every ORIG/AP row of the committed SHA-verified openFDA payload; facts verbatim from the payload; application type and holder cross-checked against the full official Drugs@FDA database (Applications_all_types.txt, 29,336 applications); no ticker, indication or applicant lineage asserted."
PRE1965AUDIT-1961-05,1961,NDA011270,NDA,1961-03-21,TYPE 3,Type 3 - New Dosage Form,STANDARD,FALSE,Type 3 - New Dosage Form,SHIRE,MATCH,FUROXONE,FURAZOLIDONE 100MG,TABLET; ORAL,1,Discontinued,1958-01-20 on NDA011323,non-NME row: earlier appearances permitted by construction; see ingredient_first_appearance,none (not a Type 1/1-4 original approval),MATCH,https://www.accessdata.fda.gov/scripts/cder/daf/index.cfm?event=overview.process&varApplNo=011270,https://api.fda.gov/drug/drugsfda.json?search=application_number:%22NDA011270%22,Verified (live probe match),"Row of the complete 1939-1964 original-application audit (v26 (2026-09-21)): every ORIG/AP row of the committed SHA-verified openFDA payload; facts verbatim from the payload; application type and holder cross-checked against the full official Drugs@FDA database (Applications_all_types.txt, 29,336 applications); no ticker, indication or applicant lineage asserted."
PRE1965AUDIT-1961-06,1961,NDA012515,NDA,1961-03-21,TYPE 5,Type 5 - New Formulation or New Manufacturer,STANDARD,FALSE,Type 5 - New Formulation or New Manufacturer,DELCOR ASSET CORP,MATCH,KENACORT,TRIAMCINOLONE DIACETATE EQ 4MG BASE/5ML,SYRUP; ORAL,1,Discontinued,1959-03-12 on NDA011685,non-NME row: earlier appearances permitted by construction; see ingredient_first_appearance,none (not a Type 1/1-4 original approval),MATCH,https://www.accessdata.fda.gov/scripts/cder/daf/index.cfm?event=overview.process&varApplNo=012515,https://api.fda.gov/drug/drugsfda.json?search=application_number:%22NDA012515%22,Verified (live probe match),"Row of the complete 1939-1964 original-application audit (v26 (2026-09-21)): every ORIG/AP row of the committed SHA-verified openFDA payload; facts verbatim from the payload; application type and holder cross-checked against the full official Drugs@FDA database (Applications_all_types.txt, 29,336 applications); no ticker, indication or applicant lineage asserted."
PRE1965AUDIT-1961-07,1961,NDA012731,NDA,1961-03-29,TYPE 3,Type 3 - New Dosage Form,STANDARD,FALSE,Type 3 - New Dosage Form,MERCK,MATCH,DECASPRAY,DEXAMETHASONE 0.04% **Federal Register determination that product was not discontinued or withdrawn for safety or effectiveness reasons**,AEROSOL; TOPICAL,1,Discontinued,1958-10-30 on NDA011664,non-NME row: earlier appearances permitted by construction; see ingredient_first_appearance,none (not a Type 1/1-4 original approval),MATCH,https://www.accessdata.fda.gov/scripts/cder/daf/index.cfm?event=overview.process&varApplNo=012731,https://api.fda.gov/drug/drugsfda.json?search=application_number:%22NDA012731%22,Verified (live probe match),"Row of the complete 1939-1964 original-application audit (v26 (2026-09-21)): every ORIG/AP row of the committed SHA-verified openFDA payload; facts verbatim from the payload; application type and holder cross-checked against the full official Drugs@FDA database (Applications_all_types.txt, 29,336 applications); no ticker, indication or applicant lineage asserted."
PRE1965AUDIT-1961-08,1961,NDA012254,NDA,1961-04-05,TYPE 1,Type 1 - New Molecular Entity,STANDARD,TRUE,NME (Type 1),SCHERING,MATCH,TINDAL,ACETOPHENAZINE MALEATE 20MG,TABLET; ORAL,1,Discontinued,first-in-payloads (1939-1964 universe),"first appearance in the 1939-1964 payload universe (Drugs@FDA coverage before 1965 is incomplete: re-approval screen, not proof of first marketing)",PRE1965-1961-08 (data/pre1965_fda_decisions.csv),MATCH,https://www.accessdata.fda.gov/scripts/cder/daf/index.cfm?event=overview.process&varApplNo=012254,https://api.fda.gov/drug/drugsfda.json?search=application_number:%22NDA012254%22,Verified (live probe match),"Row of the complete 1939-1964 original-application audit (v26 (2026-09-21)): every ORIG/AP row of the committed SHA-verified openFDA payload; facts verbatim from the payload; application type and holder cross-checked against the full official Drugs@FDA database (Applications_all_types.txt, 29,336 applications); no ticker, indication or applicant lineage asserted."
PRE1965AUDIT-1961-09,1961,NDA012703,NDA,1961-04-07,TYPE 1,Type 1 - New Molecular Entity,PRIORITY,TRUE,NME (Type 1),ASTRAZENECA,MATCH,ELAVIL,AMITRIPTYLINE HYDROCHLORIDE 75MG **Federal Register determination that product was not discontinued or withdrawn for safety or effectiveness reasons**,TABLET; ORAL,6,Discontinued,first-in-payloads (1939-1964 universe),"first appearance in the 1939-1964 payload universe (Drugs@FDA coverage before 1965 is incomplete: re-approval screen, not proof of first marketing)",PRE1965-1961-09 (data/pre1965_fda_decisions.csv),MATCH,https://www.accessdata.fda.gov/scripts/cder/daf/index.cfm?event=overview.process&varApplNo=012703,https://api.fda.gov/drug/drugsfda.json?search=application_number:%22NDA012703%22,Verified (live probe match),"Row of the complete 1939-1964 original-application audit (v26 (2026-09-21)): every ORIG/AP row of the committed SHA-verified openFDA payload; facts verbatim from the payload; application type and holder cross-checked against the full official Drugs@FDA database (Applications_all_types.txt, 29,336 applications); no ticker, indication or applicant lineage asserted."
PRE1965AUDIT-1961-10,1961,NDA012704,NDA,1961-04-11,TYPE 3,Type 3 - New Dosage Form,STANDARD,FALSE,Type 3 - New Dosage Form,ASTRAZENECA,MATCH,ELAVIL,AMITRIPTYLINE HYDROCHLORIDE 10MG/ML,INJECTABLE; INJECTION,1,Discontinued,1961-04-07 on NDA012703,non-NME row: earlier appearances permitted by construction; see ingredient_first_appearance,none (not a Type 1/1-4 original approval),MATCH,https://www.accessdata.fda.gov/scripts/cder/daf/index.cfm?event=overview.process&varApplNo=012704,https://api.fda.gov/drug/drugsfda.json?search=application_number:%22NDA012704%22,Verified (live probe match),"Row of the complete 1939-1964 original-application audit (v26 (2026-09-21)): every ORIG/AP row of the committed SHA-verified openFDA payload; facts verbatim from the payload; application type and holder cross-checked against the full official Drugs@FDA database (Applications_all_types.txt, 29,336 applications); no ticker, indication or applicant lineage asserted."
PRE1965AUDIT-1961-11,1961,NDA012657,NDA,1961-04-17,TYPE 1,Type 1 - New Molecular Entity,STANDARD,TRUE,NME (Type 1),SCHERING,MATCH,CELESTONE,BETAMETHASONE 0.6MG,TABLET; ORAL,1,Discontinued,first-in-payloads (1939-1964 universe),"first appearance in the 1939-1964 payload universe (Drugs@FDA coverage before 1965 is incomplete: re-approval screen, not proof of first marketing)",PRE1965-1961-11 (data/pre1965_fda_decisions.csv),MATCH,https://www.accessdata.fda.gov/scripts/cder/daf/index.cfm?event=overview.process&varApplNo=012657,https://api.fda.gov/drug/drugsfda.json?search=application_number:%22NDA012657%22,Verified (live probe match),"Row of the complete 1939-1964 original-application audit (v26 (2026-09-21)): every ORIG/AP row of the committed SHA-verified openFDA payload; facts verbatim from the payload; application type and holder cross-checked against the full official Drugs@FDA database (Applications_all_types.txt, 29,336 applications); no ticker, indication or applicant lineage asserted."
PRE1965AUDIT-1961-12,1961,NDA012772,NDA,1961-04-17,TYPE 1,Type 1 - New Molecular Entity,STANDARD,TRUE,NME (Type 1),LILLY,MATCH,HALDRONE,PARAMETHASONE ACETATE 2MG,TABLET; ORAL,2,Discontinued,first-in-payloads (1939-1964 universe),"first appearance in the 1939-1964 payload universe (Drugs@FDA coverage before 1965 is incomplete: re-approval screen, not proof of first marketing)",PRE1965-1961-12 (data/pre1965_fda_decisions.csv),MATCH,https://www.accessdata.fda.gov/scripts/cder/daf/index.cfm?event=overview.process&varApplNo=012772,https://api.fda.gov/drug/drugsfda.json?search=application_number:%22NDA012772%22,Verified (live probe match),"Row of the complete 1939-1964 original-application audit (v26 (2026-09-21)): every ORIG/AP row of the committed SHA-verified openFDA payload; facts verbatim from the payload; application type and holder cross-checked against the full official Drugs@FDA database (Applications_all_types.txt, 29,336 applications); no ticker, indication or applicant lineage asserted."
PRE1965AUDIT-1961-13,1961,NDA012418,NDA,1961-04-20,TYPE 2,Type 2 - New Active Ingredient,STANDARD,FALSE,Type 2 - New Active Ingredient,ABBVIE,MATCH,AKINETON,BIPERIDEN LACTATE 5MG/ML,INJECTABLE; INJECTION,1,Discontinued,first-in-payloads (1939-1964 universe),non-NME row: earlier appearances permitted by construction; see ingredient_first_appearance,none (not a Type 1/1-4 original approval),MATCH,https://www.accessdata.fda.gov/scripts/cder/daf/index.cfm?event=overview.process&varApplNo=012418,https://api.fda.gov/drug/drugsfda.json?search=application_number:%22NDA012418%22,Verified (live probe match),"Row of the complete 1939-1964 original-application audit (v26 (2026-09-21)): every ORIG/AP row of the committed SHA-verified openFDA payload; facts verbatim from the payload; application type and holder cross-checked against the full official Drugs@FDA database (Applications_all_types.txt, 29,336 applications); no ticker, indication or applicant lineage asserted."
PRE1965AUDIT-1961-14,1961,NDA010021,NDA,1961-05-10,TYPE 5,Type 5 - New Formulation or New Manufacturer,STANDARD,FALSE,Type 5 - New Formulation or New Manufacturer,ABBVIE,MATCH,PLACIDYL,ETHCHLORVYNOL 100MG,CAPSULE; ORAL,4,Discontinued,first-in-payloads (1939-1964 universe),non-NME row: earlier appearances permitted by construction; see ingredient_first_appearance,none (not a Type 1/1-4 original approval),MATCH,https://www.accessdata.fda.gov/scripts/cder/daf/index.cfm?event=overview.process&varApplNo=010021,https://api.fda.gov/drug/drugsfda.json?search=application_number:%22NDA010021%22,Verified (live probe match),"Row of the complete 1939-1964 original-application audit (v26 (2026-09-21)): every ORIG/AP row of the committed SHA-verified openFDA payload; facts verbatim from the payload; application type and holder cross-checked against the full official Drugs@FDA database (Applications_all_types.txt, 29,336 applications); no ticker, indication or applicant lineage asserted."
PRE1965AUDIT-1961-15,1961,NDA011909,NDA,1961-06-09,TYPE 1,Type 1 - New Molecular Entity,STANDARD,TRUE,NME (Type 1),PARKE DAVIS,MATCH,NARDIL,PHENELZINE SULFATE EQ 15MG BASE,TABLET; ORAL,1,Prescription,first-in-payloads (1939-1964 universe),"first appearance in the 1939-1964 payload universe (Drugs@FDA coverage before 1965 is incomplete: re-approval screen, not proof of first marketing)",PRE1965-1961-15 (data/pre1965_fda_decisions.csv),MATCH,https://www.accessdata.fda.gov/scripts/cder/daf/index.cfm?event=overview.process&varApplNo=011909,https://api.fda.gov/drug/drugsfda.json?search=application_number:%22NDA011909%22,Verified (live probe match),"Row of the complete 1939-1964 original-application audit (v26 (2026-09-21)): every ORIG/AP row of the committed SHA-verified openFDA payload; facts verbatim from the payload; application type and holder cross-checked against the full official Drugs@FDA database (Applications_all_types.txt, 29,336 applications); no ticker, indication or applicant lineage asserted."
PRE1965AUDIT-1961-16,1961,NDA012095,NDA,1961-06-22,TYPE 2,Type 2 - New Active Ingredient,PRIORITY,FALSE,Type 2 - New Active Ingredient,PHARMACIA AND UPJOHN,MATCH,ORINASE DIAGNOSTIC,TOLBUTAMIDE SODIUM EQ 1GM BASE/VIAL,INJECTABLE; INJECTION,1,Discontinued,first-in-payloads (1939-1964 universe),non-NME row: earlier appearances permitted by construction; see ingredient_first_appearance,none (not a Type 1/1-4 original approval),MATCH,https://www.accessdata.fda.gov/scripts/cder/daf/index.cfm?event=overview.process&varApplNo=012095,https://api.fda.gov/drug/drugsfda.json?search=application_number:%22NDA012095%22,Verified (live probe match),"Row of the complete 1939-1964 original-application audit (v26 (2026-09-21)): every ORIG/AP row of the committed SHA-verified openFDA payload; facts verbatim from the payload; application type and holder cross-checked against the full official Drugs@FDA database (Applications_all_types.txt, 29,336 applications); no ticker, indication or applicant lineage asserted."
PRE1965AUDIT-1961-17,1961,NDA012770,NDA,1961-06-23,TYPE 4,Type 4 - New Combination,STANDARD,FALSE,Type 4 - New Combination,SAPTALIS PHARMS,MATCH,VOSOL HC,"ACETIC ACID, GLACIAL 2%; HYDROCORTISONE 1%",SOLUTION/DROPS; OTIC,1,Prescription,1960-05-17 on NDA012179,non-NME row: earlier appearances permitted by construction; see ingredient_first_appearance,none (not a Type 1/1-4 original approval),MATCH,https://www.accessdata.fda.gov/scripts/cder/daf/index.cfm?event=overview.process&varApplNo=012770,https://api.fda.gov/drug/drugsfda.json?search=application_number:%22NDA012770%22,Verified (live probe match),"Row of the complete 1939-1964 original-application audit (v26 (2026-09-21)): every ORIG/AP row of the committed SHA-verified openFDA payload; facts verbatim from the payload; application type and holder cross-checked against the full official Drugs@FDA database (Applications_all_types.txt, 29,336 applications); no ticker, indication or applicant lineage asserted."
PRE1965AUDIT-1961-18,1961,NDA012753,NDA,1961-07-18,TYPE 1,Type 1 - New Molecular Entity,STANDARD,TRUE,NME (Type 1),NOVARTIS,MATCH,TORECAN,THIETHYLPERAZINE MALEATE 10MG,TABLET; ORAL,1,Discontinued,first-in-payloads (1939-1964 universe),"first appearance in the 1939-1964 payload universe (Drugs@FDA coverage before 1965 is incomplete: re-approval screen, not proof of first marketing)",PRE1965-1961-18 (data/pre1965_fda_decisions.csv),MATCH,https://www.accessdata.fda.gov/scripts/cder/daf/index.cfm?event=overview.process&varApplNo=012753,https://api.fda.gov/drug/drugsfda.json?search=application_number:%22NDA012753%22,Verified (live probe match),"Row of the complete 1939-1964 original-application audit (v26 (2026-09-21)): every ORIG/AP row of the committed SHA-verified openFDA payload; facts verbatim from the payload; application type and holder cross-checked against the full official Drugs@FDA database (Applications_all_types.txt, 29,336 applications); no ticker, indication or applicant lineage asserted."
PRE1965AUDIT-1961-19,1961,NDA012754,NDA,1961-07-18,TYPE 3,Type 3 - New Dosage Form,STANDARD,FALSE,Type 3 - New Dosage Form,NOVARTIS,MATCH,TORECAN,THIETHYLPERAZINE MALATE 5MG/ML,INJECTABLE; INJECTION,1,Discontinued,first-in-payloads (1939-1964 universe),non-NME row: earlier appearances permitted by construction; see ingredient_first_appearance,none (not a Type 1/1-4 original approval),MATCH,https://www.accessdata.fda.gov/scripts/cder/daf/index.cfm?event=overview.process&varApplNo=012754,https://api.fda.gov/drug/drugsfda.json?search=application_number:%22NDA012754%22,Verified (live probe match),"Row of the complete 1939-1964 original-application audit (v26 (2026-09-21)): every ORIG/AP row of the committed SHA-verified openFDA payload; facts verbatim from the payload; application type and holder cross-checked against the full official Drugs@FDA database (Applications_all_types.txt, 29,336 applications); no ticker, indication or applicant lineage asserted."
PRE1965AUDIT-1961-20,1961,NDA012301,NDA,1961-07-21,TYPE 3,Type 3 - New Dosage Form,STANDARD,FALSE,Type 3 - New Dosage Form,BAUSCH,MATCH,LIBRIUM,CHLORDIAZEPOXIDE HYDROCHLORIDE 100MG/AMP,INJECTABLE; INJECTION,1,Discontinued,1960-02-24 on NDA012249,non-NME row: earlier appearances permitted by construction; see ingredient_first_appearance,none (not a Type 1/1-4 original approval),MATCH,https://www.accessdata.fda.gov/scripts/cder/daf/index.cfm?event=overview.process&varApplNo=012301,https://api.fda.gov/drug/drugsfda.json?search=application_number:%22NDA012301%22,Verified (live probe match),"Row of the complete 1939-1964 original-application audit (v26 (2026-09-21)): every ORIG/AP row of the committed SHA-verified openFDA payload; facts verbatim from the payload; application type and holder cross-checked against the full official Drugs@FDA database (Applications_all_types.txt, 29,336 applications); no ticker, indication or applicant lineage asserted."
PRE1965AUDIT-1961-21,1961,NDA012383,NDA,1961-07-27,TYPE 4,Type 4 - New Combination,STANDARD,FALSE,Type 4 - New Combination,MERCK,MATCH,COLBENEMID,COLCHICINE 0.5MG; PROBENECID 500MG **Federal Register determination that product was not discontinued or withdrawn for safety or effectiveness reasons**,TABLET; ORAL,1,Discontinued,1951-04-26 on NDA007898,non-NME row: earlier appearances permitted by construction; see ingredient_first_appearance,none (not a Type 1/1-4 original approval),MATCH,https://www.accessdata.fda.gov/scripts/cder/daf/index.cfm?event=overview.process&varApplNo=012383,https://api.fda.gov/drug/drugsfda.json?search=application_number:%22NDA012383%22,Verified (live probe match),"Row of the complete 1939-1964 original-application audit (v26 (2026-09-21)): every ORIG/AP row of the committed SHA-verified openFDA payload; facts verbatim from the payload; application type and holder cross-checked against the full official Drugs@FDA database (Applications_all_types.txt, 29,336 applications); no ticker, indication or applicant lineage asserted."
PRE1965AUDIT-1961-22,1961,NDA012775,NDA,1961-08-01,TYPE 4,Type 4 - New Combination,STANDARD,FALSE,Type 4 - New Combination,ABBOTT,MATCH,ENDURONYL,DESERPIDINE 0.25MG; METHYCLOTHIAZIDE 5MG,TABLET; ORAL,2,Discontinued,1957-04-19 on NDA010796,non-NME row: earlier appearances permitted by construction; see ingredient_first_appearance,none (not a Type 1/1-4 original approval),MATCH,https://www.accessdata.fda.gov/scripts/cder/daf/index.cfm?event=overview.process&varApplNo=012775,https://api.fda.gov/drug/drugsfda.json?search=application_number:%22NDA012775%22,Verified (live probe match),"Row of the complete 1939-1964 original-application audit (v26 (2026-09-21)): every ORIG/AP row of the committed SHA-verified openFDA payload; facts verbatim from the payload; application type and holder cross-checked against the full official Drugs@FDA database (Applications_all_types.txt, 29,336 applications); no ticker, indication or applicant lineage asserted."
PRE1965AUDIT-1961-23,1961,NDA012827,NDA,1961-08-11,TYPE 1,Type 1 - New Molecular Entity,STANDARD,TRUE,NME (Type 1),CASPER PHARMA LLC,MATCH,ROBINUL FORTE,GLYCOPYRROLATE 2MG,TABLET; ORAL,2,Prescription,first-in-payloads (1939-1964 universe),"first appearance in the 1939-1964 payload universe (Drugs@FDA coverage before 1965 is incomplete: re-approval screen, not proof of first marketing)",PRE1965-1961-23 (data/pre1965_fda_decisions.csv),MATCH,https://www.accessdata.fda.gov/scripts/cder/daf/index.cfm?event=overview.process&varApplNo=012827,https://api.fda.gov/drug/drugsfda.json?search=application_number:%22NDA012827%22,Verified (live probe match),"Row of the complete 1939-1964 original-application audit (v26 (2026-09-21)): every ORIG/AP row of the committed SHA-verified openFDA payload; facts verbatim from the payload; application type and holder cross-checked against the full official Drugs@FDA database (Applications_all_types.txt, 29,336 applications); no ticker, indication or applicant lineage asserted."
PRE1965AUDIT-1961-24,1961,NDA012802,NDA,1961-09-05,TYPE 5,Type 5 - New Formulation or New Manufacturer,STANDARD,FALSE,Type 5 - New Formulation or New Manufacturer,FOSUN PHARMA,MATCH,ARISTOCORT,TRIAMCINOLONE DIACETATE 40MG/ML **Federal Register determination that product was not discontinued or withdrawn for safety or effectiveness reasons**,INJECTABLE; INJECTION,1,Discontinued,1959-03-12 on NDA011685,non-NME row: earlier appearances permitted by construction; see ingredient_first_appearance,none (not a Type 1/1-4 original approval),MATCH,https://www.accessdata.fda.gov/scripts/cder/daf/index.cfm?event=overview.process&varApplNo=012802,https://api.fda.gov/drug/drugsfda.json?search=application_number:%22NDA012802%22,Verified (live probe match),"Row of the complete 1939-1964 original-application audit (v26 (2026-09-21)): every ORIG/AP row of the committed SHA-verified openFDA payload; facts verbatim from the payload; application type and holder cross-checked against the full official Drugs@FDA database (Applications_all_types.txt, 29,336 applications); no ticker, indication or applicant lineage asserted."
PRE1965AUDIT-1961-25,1961,NDA012813,NDA,1961-09-18,TYPE 4,Type 4 - New Combination,STANDARD,FALSE,Type 4 - New Combination,ALLERGAN,MATCH,BLEPHAMIDE,PREDNISOLONE ACETATE 0.2%; SULFACETAMIDE SODIUM 10%,SUSPENSION; OPHTHALMIC,1,Discontinued,1955-05-22 on NDA010255,non-NME row: earlier appearances permitted by construction; see ingredient_first_appearance,none (not a Type 1/1-4 original approval),MATCH,https://www.accessdata.fda.gov/scripts/cder/daf/index.cfm?event=overview.process&varApplNo=012813,https://api.fda.gov/drug/drugsfda.json?search=application_number:%22NDA012813%22,Verified (live probe match),"Row of the complete 1939-1964 original-application audit (v26 (2026-09-21)): every ORIG/AP row of the committed SHA-verified openFDA payload; facts verbatim from the payload; application type and holder cross-checked against the full official Drugs@FDA database (Applications_all_types.txt, 29,336 applications); no ticker, indication or applicant lineage asserted."
PRE1965AUDIT-1961-26,1961,NDA012845,NDA,1961-09-26,TYPE 1,Type 1 - New Molecular Entity,STANDARD,TRUE,NME (Type 1),PFIZER,MATCH,RENESE,POLYTHIAZIDE 2MG,TABLET; ORAL,3,Discontinued,first-in-payloads (1939-1964 universe),"first appearance in the 1939-1964 payload universe (Drugs@FDA coverage before 1965 is incomplete: re-approval screen, not proof of first marketing)",PRE1965-1961-26 (data/pre1965_fda_decisions.csv),MATCH,https://www.accessdata.fda.gov/scripts/cder/daf/index.cfm?event=overview.process&varApplNo=012845,https://api.fda.gov/drug/drugsfda.json?search=application_number:%22NDA012845%22,Verified (live probe match),"Row of the complete 1939-1964 original-application audit (v26 (2026-09-21)): every ORIG/AP row of the committed SHA-verified openFDA payload; facts verbatim from the payload; application type and holder cross-checked against the full official Drugs@FDA database (Applications_all_types.txt, 29,336 applications); no ticker, indication or applicant lineage asserted."
PRE1965AUDIT-1961-27,1961,NDA011870,NDA,1961-10-06,TYPE 3,Type 3 - New Dosage Form,STANDARD,FALSE,Type 3 - New Dosage Form,SALIX PHARMS,MATCH,DIURIL,CHLOROTHIAZIDE 250MG/5ML,SUSPENSION; ORAL,1,Discontinued,1958-09-04 on NDA011145,non-NME row: earlier appearances permitted by construction; see ingredient_first_appearance,none (not a Type 1/1-4 original approval),MATCH,https://www.accessdata.fda.gov/scripts/cder/daf/index.cfm?event=overview.process&varApplNo=011870,https://api.fda.gov/drug/drugsfda.json?search=application_number:%22NDA011870%22,Verified (live probe match),"Row of the complete 1939-1964 original-application audit (v26 (2026-09-21)): every ORIG/AP row of the committed SHA-verified openFDA payload; facts verbatim from the payload; application type and holder cross-checked against the full official Drugs@FDA database (Applications_all_types.txt, 29,336 applications); no ticker, indication or applicant lineage asserted."
PRE1965AUDIT-1961-28,1961,NDA012649,NDA,1961-10-17,TYPE 1,Type 1 - New Molecular Entity,STANDARD,TRUE,NME (Type 1),MERCK,MATCH,PERIACTIN,CYPROHEPTADINE HYDROCHLORIDE 4MG **Federal Register determination that product was not discontinued or withdrawn for safety or effectiveness reasons**,TABLET; ORAL,1,Discontinued,first-in-payloads (1939-1964 universe),"first appearance in the 1939-1964 payload universe (Drugs@FDA coverage before 1965 is incomplete: re-approval screen, not proof of first marketing)",PRE1965-1961-28 (data/pre1965_fda_decisions.csv),MATCH,https://www.accessdata.fda.gov/scripts/cder/daf/index.cfm?event=overview.process&varApplNo=012649,https://api.fda.gov/drug/drugsfda.json?search=application_number:%22NDA012649%22,Verified (live probe match),"Row of the complete 1939-1964 original-application audit (v26 (2026-09-21)): every ORIG/AP row of the committed SHA-verified openFDA payload; facts verbatim from the payload; application type and holder cross-checked against the full official Drugs@FDA database (Applications_all_types.txt, 29,336 applications); no ticker, indication or applicant lineage asserted."
PRE1965AUDIT-1961-29,1961,NDA012699,NDA,1961-10-19,TYPE 3,Type 3 - New Dosage Form,PRIORITY,FALSE,Type 3 - New Dosage Form,GD SEARLE LLC,MATCH,LOMOTIL,ATROPINE SULFATE 0.025MG/5ML; DIPHENOXYLATE HYDROCHLORIDE 2.5MG/5ML,SOLUTION; ORAL,1,Discontinued,1960-09-15 on NDA012462,non-NME row: earlier appearances permitted by construction; see ingredient_first_appearance,none (not a Type 1/1-4 original approval),MATCH,https://www.accessdata.fda.gov/scripts/cder/daf/index.cfm?event=overview.process&varApplNo=012699,https://api.fda.gov/drug/drugsfda.json?search=application_number:%22NDA012699%22,Verified (live probe match),"Row of the complete 1939-1964 original-application audit (v26 (2026-09-21)): every ORIG/AP row of the committed SHA-verified openFDA payload; facts verbatim from the payload; application type and holder cross-checked against the full official Drugs@FDA database (Applications_all_types.txt, 29,336 applications); no ticker, indication or applicant lineage asserted."
PRE1965AUDIT-1961-30,1961,NDA011730,NDA,1961-11-13,TYPE 4,Type 4 - New Combination,PRIORITY,FALSE,Type 4 - New Combination,HIKMA,MATCH,MEPERGAN,MEPERIDINE HYDROCHLORIDE 25MG/ML; PROMETHAZINE HYDROCHLORIDE 25MG/ML,INJECTABLE; INJECTION,1,Discontinued,1942-11-10 on NDA005010,non-NME row: earlier appearances permitted by construction; see ingredient_first_appearance,none (not a Type 1/1-4 original approval),MATCH,https://www.accessdata.fda.gov/scripts/cder/daf/index.cfm?event=overview.process&varApplNo=011730,https://api.fda.gov/drug/drugsfda.json?search=application_number:%22NDA011730%22,Verified (live probe match),"Row of the complete 1939-1964 original-application audit (v26 (2026-09-21)): every ORIG/AP row of the committed SHA-verified openFDA payload; facts verbatim from the payload; application type and holder cross-checked against the full official Drugs@FDA database (Applications_all_types.txt, 29,336 applications); no ticker, indication or applicant lineage asserted."
PRE1965AUDIT-1961-31,1961,NDA012911,NDA,1961-12-04,TYPE 1,Type 1 - New Molecular Entity,PRIORITY,TRUE,NME (Type 1),ESTEVE,MATCH,METOPIRONE,METYRAPONE 250MG,CAPSULE; ORAL,2,Prescription,first-in-payloads (1939-1964 universe),"first appearance in the 1939-1964 payload universe (Drugs@FDA coverage before 1965 is incomplete: re-approval screen, not proof of first marketing)",PRE1965-1961-31 (data/pre1965_fda_decisions.csv),MATCH,https://www.accessdata.fda.gov/scripts/cder/daf/index.cfm?event=overview.process&varApplNo=012911,https://api.fda.gov/drug/drugsfda.json?search=application_number:%22NDA012911%22,Verified (live probe match),"Row of the complete 1939-1964 original-application audit (v26 (2026-09-21)): every ORIG/AP row of the committed SHA-verified openFDA payload; facts verbatim from the payload; application type and holder cross-checked against the full official Drugs@FDA database (Applications_all_types.txt, 29,336 applications); no ticker, indication or applicant lineage asserted."
PRE1965AUDIT-1961-32,1961,NDA012836,NDA,1961-12-06,TYPE 1,Type 1 - New Molecular Entity,STANDARD,TRUE,NME (Type 1),BOEHRINGER INGELHEIM,MATCH,PERSANTINE,DIPYRIDAMOLE 25MG **Federal Register determination that product was not discontinued or withdrawn for safety or effectiveness reasons**,TABLET; ORAL,3,Discontinued,first-in-payloads (1939-1964 universe),"first appearance in the 1939-1964 payload universe (Drugs@FDA coverage before 1965 is incomplete: re-approval screen, not proof of first marketing)",PRE1965-1961-32 (data/pre1965_fda_decisions.csv),MATCH,https://www.accessdata.fda.gov/scripts/cder/daf/index.cfm?event=overview.process&varApplNo=012836,https://api.fda.gov/drug/drugsfda.json?search=application_number:%22NDA012836%22,Verified (live probe match),"Row of the complete 1939-1964 original-application audit (v26 (2026-09-21)): every ORIG/AP row of the committed SHA-verified openFDA payload; facts verbatim from the payload; application type and holder cross-checked against the full official Drugs@FDA database (Applications_all_types.txt, 29,336 applications); no ticker, indication or applicant lineage asserted."
PRE1965AUDIT-1961-33,1961,NDA012940,NDA,1961-12-20,TYPE 5,Type 5 - New Formulation or New Manufacturer,STANDARD,FALSE,Type 5 - New Formulation or New Manufacturer,BIOVAIL,MATCH,ISORDIL,ISOSORBIDE DINITRATE 10MG **Federal Register determination that product was not discontinued or withdrawn for safety or effectiveness reasons**,TABLET; SUBLINGUAL,3,Discontinued,1959-11-09 on NDA012093,non-NME row: earlier appearances permitted by construction; see ingredient_first_appearance,none (not a Type 1/1-4 original approval),MATCH,https://www.accessdata.fda.gov/scripts/cder/daf/index.cfm?event=overview.process&varApplNo=012940,https://api.fda.gov/drug/drugsfda.json?search=application_number:%22NDA012940%22,Verified (live probe match),"Row of the complete 1939-1964 original-application audit (v26 (2026-09-21)): every ORIG/AP row of the committed SHA-verified openFDA payload; facts verbatim from the payload; application type and holder cross-checked against the full official Drugs@FDA database (Applications_all_types.txt, 29,336 applications); no ticker, indication or applicant lineage asserted."
PRE1965AUDIT-1962-01,1962,NDA012885,NDA,1962-01-09,TYPE 1,Type 1 - New Molecular Entity,STANDARD,TRUE,NME (Type 1),LUNDBECK INC,MATCH,WINSTROL,STANOZOLOL 2MG,TABLET; ORAL,1,Discontinued,first-in-payloads (1939-1964 universe),"first appearance in the 1939-1964 payload universe (Drugs@FDA coverage before 1965 is incomplete: re-approval screen, not proof of first marketing)",PRE1965-1962-01 (data/pre1965_fda_decisions.csv),MATCH,https://www.accessdata.fda.gov/scripts/cder/daf/index.cfm?event=overview.process&varApplNo=012885,https://api.fda.gov/drug/drugsfda.json?search=application_number:%22NDA012885%22,Verified (live probe match),"Row of the complete 1939-1964 original-application audit (v26 (2026-09-21)): every ORIG/AP row of the committed SHA-verified openFDA payload; facts verbatim from the payload; application type and holder cross-checked against the full official Drugs@FDA database (Applications_all_types.txt, 29,336 applications); no ticker, indication or applicant lineage asserted."
PRE1965AUDIT-1962-02,1962,NDA012945,NDA,1962-01-25,TYPE 5,Type 5 - New Formulation or New Manufacturer,STANDARD,FALSE,Type 5 - New Formulation or New Manufacturer,TEVA BRANDED PHARM,MATCH,DIAMOX,ACETAZOLAMIDE 500MG **Federal Register determination that product was not discontinued or withdrawn for safety or effectiveness reasons**,"CAPSULE, EXTENDED RELEASE; ORAL",1,Discontinued,1953-07-27 on NDA008943,non-NME row: earlier appearances permitted by construction; see ingredient_first_appearance,none (not a Type 1/1-4 original approval),MATCH,https://www.accessdata.fda.gov/scripts/cder/daf/index.cfm?event=overview.process&varApplNo=012945,https://api.fda.gov/drug/drugsfda.json?search=application_number:%22NDA012945%22,Verified (live probe match),"Row of the complete 1939-1964 original-application audit (v26 (2026-09-21)): every ORIG/AP row of the committed SHA-verified openFDA payload; facts verbatim from the payload; application type and holder cross-checked against the full official Drugs@FDA database (Applications_all_types.txt, 29,336 applications); no ticker, indication or applicant lineage asserted."
PRE1965AUDIT-1962-03,1962,NDA012516,NDA,1962-02-12,TYPE 1,Type 1 - New Molecular Entity,PRIORITY,TRUE,NME (Type 1),NOVARTIS,MATCH,SANSERT,METHYSERGIDE MALEATE 2MG,TABLET; ORAL,1,Discontinued,first-in-payloads (1939-1964 universe),"first appearance in the 1939-1964 payload universe (Drugs@FDA coverage before 1965 is incomplete: re-approval screen, not proof of first marketing)",PRE1965-1962-03 (data/pre1965_fda_decisions.csv),MATCH,https://www.accessdata.fda.gov/scripts/cder/daf/index.cfm?event=overview.process&varApplNo=012516,https://api.fda.gov/drug/drugsfda.json?search=application_number:%22NDA012516%22,Verified (live probe match),"Row of the complete 1939-1964 original-application audit (v26 (2026-09-21)): every ORIG/AP row of the committed SHA-verified openFDA payload; facts verbatim from the payload; application type and holder cross-checked against the full official Drugs@FDA database (Applications_all_types.txt, 29,336 applications); no ticker, indication or applicant lineage asserted."
PRE1965AUDIT-1962-04,1962,NDA012796,NDA,1962-02-21,TYPE 3,Type 3 - New Dosage Form,PRIORITY,FALSE,Type 3 - New Dosage Form,WYETH PHARMS INC,MATCH,QUINIDEX,QUINIDINE SULFATE 300MG,"TABLET, EXTENDED RELEASE; ORAL",1,Discontinued,first-in-payloads (1939-1964 universe),non-NME row: earlier appearances permitted by construction; see ingredient_first_appearance,none (not a Type 1/1-4 original approval),MATCH,https://www.accessdata.fda.gov/scripts/cder/daf/index.cfm?event=overview.process&varApplNo=012796,https://api.fda.gov/drug/drugsfda.json?search=application_number:%22NDA012796%22,Verified (live probe match),"Row of the complete 1939-1964 original-application audit (v26 (2026-09-21)): every ORIG/AP row of the committed SHA-verified openFDA payload; facts verbatim from the payload; application type and holder cross-checked against the full official Drugs@FDA database (Applications_all_types.txt, 29,336 applications); no ticker, indication or applicant lineage asserted."
PRE1965AUDIT-1962-05,1962,NDA011808,NDA,1962-03-15,TYPE 1,Type 1 - New Molecular Entity,PRIORITY,TRUE,NME (Type 1),NOVARTIS,MATCH,MELLARIL,THIORIDAZINE HYDROCHLORIDE 100MG/ML **Federal Register determination that product was not discontinued or withdrawn for safety or effectiveness reasons**,CONCENTRATE; ORAL,9,Discontinued,first-in-payloads (1939-1964 universe),"first appearance in the 1939-1964 payload universe (Drugs@FDA coverage before 1965 is incomplete: re-approval screen, not proof of first marketing)",PRE1965-1962-05 (data/pre1965_fda_decisions.csv),MATCH,https://www.accessdata.fda.gov/scripts/cder/daf/index.cfm?event=overview.process&varApplNo=011808,https://api.fda.gov/drug/drugsfda.json?search=application_number:%22NDA011808%22,Verified (live probe match),"Row of the complete 1939-1964 original-application audit (v26 (2026-09-21)): every ORIG/AP row of the committed SHA-verified openFDA payload; facts verbatim from the payload; application type and holder cross-checked against the full official Drugs@FDA database (Applications_all_types.txt, 29,336 applications); no ticker, indication or applicant lineage asserted."
PRE1965AUDIT-1962-06,1962,NDA012968,NDA,1962-03-15,TYPE 2,Type 2 - New Active Ingredient,PRIORITY,FALSE,Type 2 - New Active Ingredient,BRACCO,MATCH,ORAGRAFIN CALCIUM,IPODATE CALCIUM 3GM/PACKET,GRANULE; ORAL,1,Discontinued,first-in-payloads (1939-1964 universe),non-NME row: earlier appearances permitted by construction; see ingredient_first_appearance,none (not a Type 1/1-4 original approval),MATCH,https://www.accessdata.fda.gov/scripts/cder/daf/index.cfm?event=overview.process&varApplNo=012968,https://api.fda.gov/drug/drugsfda.json?search=application_number:%22NDA012968%22,Verified (live probe match),"Row of the complete 1939-1964 original-application audit (v26 (2026-09-21)): every ORIG/AP row of the committed SHA-verified openFDA payload; facts verbatim from the payload; application type and holder cross-checked against the full official Drugs@FDA database (Applications_all_types.txt, 29,336 applications); no ticker, indication or applicant lineage asserted."
PRE1965AUDIT-1962-07,1962,NDA012928,NDA,1962-03-21,TYPE 3,Type 3 - New Dosage Form,STANDARD,FALSE,Type 3 - New Dosage Form,LILLY,MATCH,NOVRAD,LEVOPROPOXYPHENE NAPSYLATE ANHYDROUS EQ 50MG BASE,CAPSULE; ORAL,3,Discontinued,first-in-payloads (1939-1964 universe),non-NME row: earlier appearances permitted by construction; see ingredient_first_appearance,none (not a Type 1/1-4 original approval),MATCH,https://www.accessdata.fda.gov/scripts/cder/daf/index.cfm?event=overview.process&varApplNo=012928,https://api.fda.gov/drug/drugsfda.json?search=application_number:%22NDA012928%22,Verified (live probe match),"Row of the complete 1939-1964 original-application audit (v26 (2026-09-21)): every ORIG/AP row of the committed SHA-verified openFDA payload; facts verbatim from the payload; application type and holder cross-checked against the full official Drugs@FDA database (Applications_all_types.txt, 29,336 applications); no ticker, indication or applicant lineage asserted."
PRE1965AUDIT-1962-08,1962,NDA012487,NDA,1962-03-23,TYPE 3,Type 3 - New Dosage Form,STANDARD,FALSE,Type 3 - New Dosage Form,ROCHE,MATCH,TARACTAN,CHLORPROTHIXENE 12.5MG/ML,INJECTABLE; INJECTION,1,Discontinued,first-in-payloads (1939-1964 universe),non-NME row: earlier appearances permitted by construction; see ingredient_first_appearance,none (not a Type 1/1-4 original approval),MATCH,https://www.accessdata.fda.gov/scripts/cder/daf/index.cfm?event=overview.process&varApplNo=012487,https://api.fda.gov/drug/drugsfda.json?search=application_number:%22NDA012487%22,Verified (live probe match),"Row of the complete 1939-1964 original-application audit (v26 (2026-09-21)): every ORIG/AP row of the committed SHA-verified openFDA payload; facts verbatim from the payload; application type and holder cross-checked against the full official Drugs@FDA database (Applications_all_types.txt, 29,336 applications); no ticker, indication or applicant lineage asserted."
PRE1965AUDIT-1962-09,1962,NDA013220,NDA,1962-03-30,TYPE 3,Type 3 - New Dosage Form,STANDARD,FALSE,Type 3 - New Dosage Form,MERCK,MATCH,PERIACTIN,CYPROHEPTADINE HYDROCHLORIDE 2MG/5ML **Federal Register determination that product was not discontinued or withdrawn for safety or effectiveness reasons**,SYRUP; ORAL,1,Discontinued,1961-10-17 on NDA012649,non-NME row: earlier appearances permitted by construction; see ingredient_first_appearance,none (not a Type 1/1-4 original approval),MATCH,https://www.accessdata.fda.gov/scripts/cder/daf/index.cfm?event=overview.process&varApplNo=013220,https://api.fda.gov/drug/drugsfda.json?search=application_number:%22NDA013220%22,Verified (live probe match),"Row of the complete 1939-1964 original-application audit (v26 (2026-09-21)): every ORIG/AP row of the committed SHA-verified openFDA payload; facts verbatim from the payload; application type and holder cross-checked against the full official Drugs@FDA database (Applications_all_types.txt, 29,336 applications); no ticker, indication or applicant lineage asserted."
PRE1965AUDIT-1962-10,1962,NDA012947,NDA,1962-04-18,TYPE 3,Type 3 - New Dosage Form,STANDARD,FALSE,Type 3 - New Dosage Form,LEDERLE,MATCH,ARTANE,TRIHEXYPHENIDYL HYDROCHLORIDE 5MG,"CAPSULE, EXTENDED RELEASE; ORAL",1,Discontinued,1949-05-13 on NDA006773,non-NME row: earlier appearances permitted by construction; see ingredient_first_appearance,none (not a Type 1/1-4 original approval),MATCH,https://www.accessdata.fda.gov/scripts/cder/daf/index.cfm?event=overview.process&varApplNo=012947,https://api.fda.gov/drug/drugsfda.json?search=application_number:%22NDA012947%22,Verified (live probe match),"Row of the complete 1939-1964 original-application audit (v26 (2026-09-21)): every ORIG/AP row of the committed SHA-verified openFDA payload; facts verbatim from the payload; application type and holder cross-checked against the full official Drugs@FDA database (Applications_all_types.txt, 29,336 applications); no ticker, indication or applicant lineage asserted."
PRE1965AUDIT-1962-11,1962,NDA012675,NDA,1962-04-20,TYPE 5,Type 5 - New Formulation or New Manufacturer,STANDARD,FALSE,Type 5 - New Formulation or New Manufacturer,ASPEN GLOBAL INC,MATCH,HEXADROL,DEXAMETHASONE 1.5MG,TABLET; ORAL,4,Discontinued,1958-10-30 on NDA011664,non-NME row: earlier appearances permitted by construction; see ingredient_first_appearance,none (not a Type 1/1-4 original approval),MATCH,https://www.accessdata.fda.gov/scripts/cder/daf/index.cfm?event=overview.process&varApplNo=012675,https://api.fda.gov/drug/drugsfda.json?search=application_number:%22NDA012675%22,Verified (live probe match),"Row of the complete 1939-1964 original-application audit (v26 (2026-09-21)): every ORIG/AP row of the committed SHA-verified openFDA payload; facts verbatim from the payload; application type and holder cross-checked against the full official Drugs@FDA database (Applications_all_types.txt, 29,336 applications); no ticker, indication or applicant lineage asserted."
PRE1965AUDIT-1962-12,1962,NDA012209,NDA,1962-04-25,TYPE 1,Type 1 - New Molecular Entity,PRIORITY,TRUE,NME (Type 1),SPECTRUM PHARMS,MATCH,FLUOROURACIL,FLUOROURACIL 2.5GM/50ML (50MG/ML) **Federal Register determination that product was not discontinued or withdrawn for safety or effectiveness reasons**,INJECTABLE; INJECTION,2,Discontinued,first-in-payloads (1939-1964 universe),"first appearance in the 1939-1964 payload universe (Drugs@FDA coverage before 1965 is incomplete: re-approval screen, not proof of first marketing)",PRE1965-1962-12 (data/pre1965_fda_decisions.csv),MATCH,https://www.accessdata.fda.gov/scripts/cder/daf/index.cfm?event=overview.process&varApplNo=012209,https://api.fda.gov/drug/drugsfda.json?search=application_number:%22NDA012209%22,Verified (live probe match),"Row of the complete 1939-1964 original-application audit (v26 (2026-09-21)): every ORIG/AP row of the committed SHA-verified openFDA payload; facts verbatim from the payload; application type and holder cross-checked against the full official Drugs@FDA database (Applications_all_types.txt, 29,336 applications); no ticker, indication or applicant lineage asserted."
PRE1965AUDIT-1962-13,1962,NDA013056,NDA,1962-05-04,TYPE 1,Type 1 - New Molecular Entity,PRIORITY,TRUE,NME (Type 1),ABBOTT,MATCH,PENTHRANE,METHOXYFLURANE 99.9%,LIQUID; INHALATION,1,Discontinued,first-in-payloads (1939-1964 universe),"first appearance in the 1939-1964 payload universe (Drugs@FDA coverage before 1965 is incomplete: re-approval screen, not proof of first marketing)",PRE1965-1962-13 (data/pre1965_fda_decisions.csv),MATCH,https://www.accessdata.fda.gov/scripts/cder/daf/index.cfm?event=overview.process&varApplNo=013056,https://api.fda.gov/drug/drugsfda.json?search=application_number:%22NDA013056%22,Verified (live probe match),"Row of the complete 1939-1964 original-application audit (v26 (2026-09-21)): every ORIG/AP row of the committed SHA-verified openFDA payload; facts verbatim from the payload; application type and holder cross-checked against the full official Drugs@FDA database (Applications_all_types.txt, 29,336 applications); no ticker, indication or applicant lineage asserted."
PRE1965AUDIT-1962-14,1962,NDA012486,NDA,1962-05-07,TYPE 1,Type 1 - New Molecular Entity,STANDARD,TRUE,NME (Type 1),ROCHE,MATCH,TARACTAN,CHLORPROTHIXENE 100MG,TABLET; ORAL,4,Discontinued,1962-03-23 on NDA012487,"FLAG-RESCREEN: CHLORPROTHIXENE first seen 1962-03-23 on NDA012487 - ingredient already appears on an earlier row of the 1939-1964 payload universe (sibling pair or re-approval of a marketed ingredient). Flagged for review; the row is kept verbatim and excluded only from the counted-once statistic. Drugs@FDA pre-1965 coverage is incomplete, so an earlier marketing may also simply be absent from the payloads.",PRE1965-1962-14 (data/pre1965_fda_decisions.csv),MATCH,https://www.accessdata.fda.gov/scripts/cder/daf/index.cfm?event=overview.process&varApplNo=012486,https://api.fda.gov/drug/drugsfda.json?search=application_number:%22NDA012486%22,Verified (live probe match); re-screening flag (see ingredient_screen),"Row of the complete 1939-1964 original-application audit (v26 (2026-09-21)): every ORIG/AP row of the committed SHA-verified openFDA payload; facts verbatim from the payload; application type and holder cross-checked against the full official Drugs@FDA database (Applications_all_types.txt, 29,336 applications); no ticker, indication or applicant lineage asserted."
PRE1965AUDIT-1962-15,1962,NDA050356,NDA,1962-05-17,UNKNOWN,,UNKNOWN,FALSE,NOT PUBLISHED (blank class),PH HEALTH,MATCH,COLY-MYCIN S,COLISTIN SULFATE EQ 3MG BASE/ML; HYDROCORTISONE ACETATE 10MG/ML; NEOMYCIN SULFATE EQ 3.3MG BASE/ML; THONZONIUM BROMIDE 0.5MG/ML,SUSPENSION/DROPS; OTIC,1,Prescription,1951-12-21 on NDA008228,non-NME row: earlier appearances permitted by construction; see ingredient_first_appearance,none (not a Type 1/1-4 original approval),MATCH,https://www.accessdata.fda.gov/scripts/cder/daf/index.cfm?event=overview.process&varApplNo=050356,https://api.fda.gov/drug/drugsfda.json?search=application_number:%22NDA050356%22,Verified (live probe match),"Row of the complete 1939-1964 original-application audit (v26 (2026-09-21)): every ORIG/AP row of the committed SHA-verified openFDA payload; facts verbatim from the payload; application type and holder cross-checked against the full official Drugs@FDA database (Applications_all_types.txt, 29,336 applications); no ticker, indication or applicant lineage asserted."
PRE1965AUDIT-1962-16,1962,NDA012728,NDA,1962-05-21,TYPE 4,Type 4 - New Combination,STANDARD,FALSE,Type 4 - New Combination,ORTHO MCNEIL PHARM,MATCH,ORTHO-NOVUM 1/50 21,MESTRANOL 0.05MG; NORETHINDRONE 1MG,TABLET; ORAL-21,3,Discontinued,1961-03-09 on NDA010976,non-NME row: earlier appearances permitted by construction; see ingredient_first_appearance,none (not a Type 1/1-4 original approval),MATCH,https://www.accessdata.fda.gov/scripts/cder/daf/index.cfm?event=overview.process&varApplNo=012728,https://api.fda.gov/drug/drugsfda.json?search=application_number:%22NDA012728%22,Verified (live probe match),"Row of the complete 1939-1964 original-application audit (v26 (2026-09-21)): every ORIG/AP row of the committed SHA-verified openFDA payload; facts verbatim from the payload; application type and holder cross-checked against the full official Drugs@FDA database (Applications_all_types.txt, 29,336 applications); no ticker, indication or applicant lineage asserted."
PRE1965AUDIT-1962-17,1962,NDA013422,NDA,1962-06-20,TYPE 3,Type 3 - New Dosage Form,STANDARD,FALSE,Type 3 - New Dosage Form,HARROW EYE,MATCH,MAXIDEX,DEXAMETHASONE 0.1%,SUSPENSION/DROPS; OPHTHALMIC,1,Prescription,1958-10-30 on NDA011664,non-NME row: earlier appearances permitted by construction; see ingredient_first_appearance,none (not a Type 1/1-4 original approval),MATCH,https://www.accessdata.fda.gov/scripts/cder/daf/index.cfm?event=overview.process&varApplNo=013422,https://api.fda.gov/drug/drugsfda.json?search=application_number:%22NDA013422%22,Verified (live probe match),"Row of the complete 1939-1964 original-application audit (v26 (2026-09-21)): every ORIG/AP row of the committed SHA-verified openFDA payload; facts verbatim from the payload; application type and holder cross-checked against the full official Drugs@FDA database (Applications_all_types.txt, 29,336 applications); no ticker, indication or applicant lineage asserted."
PRE1965AUDIT-1962-18,1962,NDA012967,NDA,1962-06-25,TYPE 1,Type 1 - New Molecular Entity,PRIORITY,TRUE,NME (Type 1),BRACCO,MATCH,ORAGRAFIN SODIUM,IPODATE SODIUM 500MG,CAPSULE; ORAL,1,Discontinued,first-in-payloads (1939-1964 universe),"first appearance in the 1939-1964 payload universe (Drugs@FDA coverage before 1965 is incomplete: re-approval screen, not proof of first marketing)",PRE1965-1962-18 (data/pre1965_fda_decisions.csv),MATCH,https://www.accessdata.fda.gov/scripts/cder/daf/index.cfm?event=overview.process&varApplNo=012967,https://api.fda.gov/drug/drugsfda.json?search=application_number:%22NDA012967%22,Verified (live probe match),"Row of the complete 1939-1964 original-application audit (v26 (2026-09-21)): every ORIG/AP row of the committed SHA-verified openFDA payload; facts verbatim from the payload; application type and holder cross-checked against the full official Drugs@FDA database (Applications_all_types.txt, 29,336 applications); no ticker, indication or applicant lineage asserted."
PRE1965AUDIT-1962-19,1962,NDA013334,NDA,1962-07-11,TYPE 4,Type 4 - New Combination,STANDARD,FALSE,Type 4 - New Combination,MERCK,MATCH,DECADRON W/ XYLOCAINE,DEXAMETHASONE SODIUM PHOSPHATE EQ 4MG PHOSPHATE/ML; LIDOCAINE HYDROCHLORIDE 10MG/ML,INJECTABLE; INJECTION,1,Discontinued,1959-08-26 on NDA011983,non-NME row: earlier appearances permitted by construction; see ingredient_first_appearance,none (not a Type 1/1-4 original approval),MATCH,https://www.accessdata.fda.gov/scripts/cder/daf/index.cfm?event=overview.process&varApplNo=013334,https://api.fda.gov/drug/drugsfda.json?search=application_number:%22NDA013334%22,Verified (live probe match),"Row of the complete 1939-1964 original-application audit (v26 (2026-09-21)): every ORIG/AP row of the committed SHA-verified openFDA payload; facts verbatim from the payload; application type and holder cross-checked against the full official Drugs@FDA database (Applications_all_types.txt, 29,336 applications); no ticker, indication or applicant lineage asserted."
PRE1965AUDIT-1962-20,1962,NDA013217,NDA,1962-08-13,TYPE 1,Type 1 - New Molecular Entity,STANDARD,TRUE,NME (Type 1),KING PHARMS,MATCH,SKELAXIN,METAXALONE 800MG **Federal Register determination that product was not discontinued or withdrawn for safety or effectiveness reasons**,TABLET; ORAL,2,Discontinued,first-in-payloads (1939-1964 universe),"first appearance in the 1939-1964 payload universe (Drugs@FDA coverage before 1965 is incomplete: re-approval screen, not proof of first marketing)",PRE1965-1962-20 (data/pre1965_fda_decisions.csv),MATCH,https://www.accessdata.fda.gov/scripts/cder/daf/index.cfm?event=overview.process&varApplNo=013217,https://api.fda.gov/drug/drugsfda.json?search=application_number:%22NDA013217%22,Verified (live probe match),"Row of the complete 1939-1964 original-application audit (v26 (2026-09-21)): every ORIG/AP row of the committed SHA-verified openFDA payload; facts verbatim from the payload; application type and holder cross-checked against the full official Drugs@FDA database (Applications_all_types.txt, 29,336 applications); no ticker, indication or applicant lineage asserted."
PRE1965AUDIT-1962-21,1962,NDA013295,NDA,1962-08-16,TYPE 1,Type 1 - New Molecular Entity,PRIORITY,TRUE,NME (Type 1),LIEBEL-FLARSHEIM,MATCH,CONRAY 43,IOTHALAMATE MEGLUMINE 43%,INJECTABLE; INJECTION,2,Discontinued,first-in-payloads (1939-1964 universe),"first appearance in the 1939-1964 payload universe (Drugs@FDA coverage before 1965 is incomplete: re-approval screen, not proof of first marketing)",PRE1965-1962-21 (data/pre1965_fda_decisions.csv),MATCH,https://www.accessdata.fda.gov/scripts/cder/daf/index.cfm?event=overview.process&varApplNo=013295,https://api.fda.gov/drug/drugsfda.json?search=application_number:%22NDA013295%22,Verified (live probe match),"Row of the complete 1939-1964 original-application audit (v26 (2026-09-21)): every ORIG/AP row of the committed SHA-verified openFDA payload; facts verbatim from the payload; application type and holder cross-checked against the full official Drugs@FDA database (Applications_all_types.txt, 29,336 applications); no ticker, indication or applicant lineage asserted."
PRE1965AUDIT-1962-22,1962,NDA050051,NDA,1962-08-22,,,,FALSE,NOT PUBLISHED (blank class),WYETH AYERST,MATCH,GRISACTIN,"GRISEOFULVIN, MICROCRYSTALLINE 250MG",CAPSULE; ORAL,2,Discontinued,first-in-payloads (1939-1964 universe),non-NME row: earlier appearances permitted by construction; see ingredient_first_appearance,none (not a Type 1/1-4 original approval),MATCH,https://www.accessdata.fda.gov/scripts/cder/daf/index.cfm?event=overview.process&varApplNo=050051,https://api.fda.gov/drug/drugsfda.json?search=application_number:%22NDA050051%22,Verified (live probe match),"Row of the complete 1939-1964 original-application audit (v26 (2026-09-21)): every ORIG/AP row of the committed SHA-verified openFDA payload; facts verbatim from the payload; application type and holder cross-checked against the full official Drugs@FDA database (Applications_all_types.txt, 29,336 applications); no ticker, indication or applicant lineage asserted."
PRE1965AUDIT-1962-23,1962,NDA012892,NDA,1962-09-13,TYPE 1,Type 1 - New Molecular Entity,PRIORITY,TRUE,NME (Type 1),SHIRE,MATCH,URACIL MUSTARD,URACIL MUSTARD 1MG,CAPSULE; ORAL,1,Discontinued,first-in-payloads (1939-1964 universe),"first appearance in the 1939-1964 payload universe (Drugs@FDA coverage before 1965 is incomplete: re-approval screen, not proof of first marketing)",PRE1965-1962-23 (data/pre1965_fda_decisions.csv),MATCH,https://www.accessdata.fda.gov/scripts/cder/daf/index.cfm?event=overview.process&varApplNo=012892,https://api.fda.gov/drug/drugsfda.json?search=application_number:%22NDA012892%22,Verified (live probe match),"Row of the complete 1939-1964 original-application audit (v26 (2026-09-21)): every ORIG/AP row of the committed SHA-verified openFDA payload; facts verbatim from the payload; application type and holder cross-checked against the full official Drugs@FDA database (Applications_all_types.txt, 29,336 applications); no ticker, indication or applicant lineage asserted."
PRE1965AUDIT-1962-24,1962,NDA013413,NDA,1962-09-17,TYPE 3,Type 3 - New Dosage Form,STANDARD,FALSE,Type 3 - New Dosage Form,UCB INC,MATCH,DEXACORT,DEXAMETHASONE SODIUM PHOSPHATE EQ 0.1MG PHOSPHATE/INH,"AEROSOL, METERED; INHALATION",1,Discontinued,1959-08-26 on NDA011983,non-NME row: earlier appearances permitted by construction; see ingredient_first_appearance,none (not a Type 1/1-4 original approval),MATCH,https://www.accessdata.fda.gov/scripts/cder/daf/index.cfm?event=overview.process&varApplNo=013413,https://api.fda.gov/drug/drugsfda.json?search=application_number:%22NDA013413%22,Verified (live probe match),"Row of the complete 1939-1964 original-application audit (v26 (2026-09-21)): every ORIG/AP row of the committed SHA-verified openFDA payload; facts verbatim from the payload; application type and holder cross-checked against the full official Drugs@FDA database (Applications_all_types.txt, 29,336 applications); no ticker, indication or applicant lineage asserted."
PRE1965AUDIT-1962-25,1962,NDA013132,NDA,1962-10-05,TYPE 2,Type 2 - New Active Ingredient,STANDARD,FALSE,Type 2 - New Active Ingredient,WOODWARD SPECL,MATCH,DECA-DURABOLIN,NANDROLONE DECANOATE 100MG/ML,INJECTABLE; INJECTION,3,Discontinued,first-in-payloads (1939-1964 universe),non-NME row: earlier appearances permitted by construction; see ingredient_first_appearance,none (not a Type 1/1-4 original approval),MATCH,https://www.accessdata.fda.gov/scripts/cder/daf/index.cfm?event=overview.process&varApplNo=013132,https://api.fda.gov/drug/drugsfda.json?search=application_number:%22NDA013132%22,Verified (live probe match),"Row of the complete 1939-1964 original-application audit (v26 (2026-09-21)): every ORIG/AP row of the committed SHA-verified openFDA payload; facts verbatim from the payload; application type and holder cross-checked against the full official Drugs@FDA database (Applications_all_types.txt, 29,336 applications); no ticker, indication or applicant lineage asserted."
PRE1965AUDIT-1962-26,1962,NDA013428,NDA,1962-11-23,TYPE 3,Type 3 - New Dosage Form,STANDARD,FALSE,Type 3 - New Dosage Form,ENDO PHARMS,MATCH,VALPIN 50,ANISOTROPINE METHYLBROMIDE 50MG,TABLET; ORAL,1,Discontinued,first-in-payloads (1939-1964 universe),non-NME row: earlier appearances permitted by construction; see ingredient_first_appearance,none (not a Type 1/1-4 original approval),MATCH,https://www.accessdata.fda.gov/scripts/cder/daf/index.cfm?event=overview.process&varApplNo=013428,https://api.fda.gov/drug/drugsfda.json?search=application_number:%22NDA013428%22,Verified (live probe match),"Row of the complete 1939-1964 original-application audit (v26 (2026-09-21)): every ORIG/AP row of the committed SHA-verified openFDA payload; facts verbatim from the payload; application type and holder cross-checked against the full official Drugs@FDA database (Applications_all_types.txt, 29,336 applications); no ticker, indication or applicant lineage asserted."
PRE1965AUDIT-1962-27,1962,NDA013400,NDA,1962-12-20,TYPE 1,Type 1 - New Molecular Entity,PRIORITY,TRUE,NME (Type 1),MERCK,MATCH,ALDOMET,METHYLDOPA 500MG **Federal Register determination that product was not discontinued or withdrawn for safety or effectiveness reasons**,TABLET; ORAL,3,Discontinued,first-in-payloads (1939-1964 universe),"first appearance in the 1939-1964 payload universe (Drugs@FDA coverage before 1965 is incomplete: re-approval screen, not proof of first marketing)",PRE1965-1962-27 (data/pre1965_fda_decisions.csv),MATCH,https://www.accessdata.fda.gov/scripts/cder/daf/index.cfm?event=overview.process&varApplNo=013400,https://api.fda.gov/drug/drugsfda.json?search=application_number:%22NDA013400%22,Verified (live probe match),"Row of the complete 1939-1964 original-application audit (v26 (2026-09-21)): every ORIG/AP row of the committed SHA-verified openFDA payload; facts verbatim from the payload; application type and holder cross-checked against the full official Drugs@FDA database (Applications_all_types.txt, 29,336 applications); no ticker, indication or applicant lineage asserted."
PRE1965AUDIT-1962-28,1962,NDA013401,NDA,1962-12-20,TYPE 2,Type 2 - New Active Ingredient,PRIORITY,FALSE,Type 2 - New Active Ingredient,MERCK,MATCH,ALDOMET,METHYLDOPATE HYDROCHLORIDE 50MG/ML **Federal Register determination that product was not discontinued or withdrawn for safety or effectiveness reasons**,INJECTABLE; INJECTION,1,Discontinued,first-in-payloads (1939-1964 universe),non-NME row: earlier appearances permitted by construction; see ingredient_first_appearance,none (not a Type 1/1-4 original approval),MATCH,https://www.accessdata.fda.gov/scripts/cder/daf/index.cfm?event=overview.process&varApplNo=013401,https://api.fda.gov/drug/drugsfda.json?search=application_number:%22NDA013401%22,Verified (live probe match),"Row of the complete 1939-1964 original-application audit (v26 (2026-09-21)): every ORIG/AP row of the committed SHA-verified openFDA payload; facts verbatim from the payload; application type and holder cross-checked against the full official Drugs@FDA database (Applications_all_types.txt, 29,336 applications); no ticker, indication or applicant lineage asserted."
PRE1965AUDIT-1962-29,1962,NDA013402,NDA,1962-12-20,TYPE 4,Type 4 - New Combination,STANDARD,FALSE,Type 4 - New Combination,MERCK,MATCH,ALDORIL 15,HYDROCHLOROTHIAZIDE 15MG; METHYLDOPA 250MG,TABLET; ORAL,4,Discontinued,1959-02-12 on NDA011793,non-NME row: earlier appearances permitted by construction; see ingredient_first_appearance,none (not a Type 1/1-4 original approval),MATCH,https://www.accessdata.fda.gov/scripts/cder/daf/index.cfm?event=overview.process&varApplNo=013402,https://api.fda.gov/drug/drugsfda.json?search=application_number:%22NDA013402%22,Verified (live probe match),"Row of the complete 1939-1964 original-application audit (v26 (2026-09-21)): every ORIG/AP row of the committed SHA-verified openFDA payload; facts verbatim from the payload; application type and holder cross-checked against the full official Drugs@FDA database (Applications_all_types.txt, 29,336 applications); no ticker, indication or applicant lineage asserted."
PRE1965AUDIT-1963-01,1963,NDA012787,NDA,1963-02-15,TYPE 1,Type 1 - New Molecular Entity,PRIORITY,TRUE,NME (Type 1),EUROFARMA,MATCH,SYNALAR,FLUOCINOLONE ACETONIDE 0.01%,CREAM; TOPICAL,3,Prescription,first-in-payloads (1939-1964 universe),"first appearance in the 1939-1964 payload universe (Drugs@FDA coverage before 1965 is incomplete: re-approval screen, not proof of first marketing)",PRE1965-1963-01 (data/pre1965_fda_decisions.csv),MATCH,https://www.accessdata.fda.gov/scripts/cder/daf/index.cfm?event=overview.process&varApplNo=012787,https://api.fda.gov/drug/drugsfda.json?search=application_number:%22NDA012787%22,Verified (live probe match),"Row of the complete 1939-1964 original-application audit (v26 (2026-09-21)): every ORIG/AP row of the committed SHA-verified openFDA payload; facts verbatim from the payload; application type and holder cross-checked against the full official Drugs@FDA database (Applications_all_types.txt, 29,336 applications); no ticker, indication or applicant lineage asserted."
PRE1965AUDIT-1963-02,1963,NDA013790,NDA,1963-03-19,TYPE 3,Type 3 - New Dosage Form,STANDARD,FALSE,Type 3 - New Dosage Form,INA PHARMS,MATCH,CORDRAN,FLURANDRENOLIDE 0.05% **Federal Register determination that product was not discontinued or withdrawn for safety or effectiveness reasons**,LOTION; TOPICAL,1,Discontinued,first-in-payloads (1939-1964 universe),non-NME row: earlier appearances permitted by construction; see ingredient_first_appearance,none (not a Type 1/1-4 original approval),MATCH,https://www.accessdata.fda.gov/scripts/cder/daf/index.cfm?event=overview.process&varApplNo=013790,https://api.fda.gov/drug/drugsfda.json?search=application_number:%22NDA013790%22,Verified (live probe match),"Row of the complete 1939-1964 original-application audit (v26 (2026-09-21)): every ORIG/AP row of the committed SHA-verified openFDA payload; facts verbatim from the payload; application type and holder cross-checked against the full official Drugs@FDA database (Applications_all_types.txt, 29,336 applications); no ticker, indication or applicant lineage asserted."
PRE1965AUDIT-1963-03,1963,NDA014173,NDA,1963-03-21,TYPE 3,Type 3 - New Dosage Form,STANDARD,FALSE,Type 3 - New Dosage Form,WYETH AYERST,MATCH,PROKETAZINE,CARPHENAZINE MALEATE 50MG/ML,CONCENTRATE; ORAL,1,Discontinued,first-in-payloads (1939-1964 universe),non-NME row: earlier appearances permitted by construction; see ingredient_first_appearance,none (not a Type 1/1-4 original approval),MATCH,https://www.accessdata.fda.gov/scripts/cder/daf/index.cfm?event=overview.process&varApplNo=014173,https://api.fda.gov/drug/drugsfda.json?search=application_number:%22NDA014173%22,Verified (live probe match),"Row of the complete 1939-1964 original-application audit (v26 (2026-09-21)): every ORIG/AP row of the committed SHA-verified openFDA payload; facts verbatim from the payload; application type and holder cross-checked against the full official Drugs@FDA database (Applications_all_types.txt, 29,336 applications); no ticker, indication or applicant lineage asserted."
PRE1965AUDIT-1963-04,1963,NDA013264,NDA,1963-04-10,TYPE 1,Type 1 - New Molecular Entity,STANDARD,TRUE,NME (Type 1),LEDERLE,MATCH,HYDROMOX,QUINETHAZONE 50MG,TABLET; ORAL,1,Discontinued,first-in-payloads (1939-1964 universe),"first appearance in the 1939-1964 payload universe (Drugs@FDA coverage before 1965 is incomplete: re-approval screen, not proof of first marketing)",PRE1965-1963-04 (data/pre1965_fda_decisions.csv),MATCH,https://www.accessdata.fda.gov/scripts/cder/daf/index.cfm?event=overview.process&varApplNo=013264,https://api.fda.gov/drug/drugsfda.json?search=application_number:%22NDA013264%22,Verified (live probe match),"Row of the complete 1939-1964 original-application audit (v26 (2026-09-21)): every ORIG/AP row of the committed SHA-verified openFDA payload; facts verbatim from the payload; application type and holder cross-checked against the full official Drugs@FDA database (Applications_all_types.txt, 29,336 applications); no ticker, indication or applicant lineage asserted."
PRE1965AUDIT-1963-05,1963,NDA013247,NDA,1963-04-11,TYPE 3,Type 3 - New Dosage Form,STANDARD,FALSE,Type 3 - New Dosage Form,NOVARTIS,MATCH,TORECAN,THIETHYLPERAZINE MALEATE 10MG,SUPPOSITORY; RECTAL,1,Discontinued,1961-07-18 on NDA012753,non-NME row: earlier appearances permitted by construction; see ingredient_first_appearance,none (not a Type 1/1-4 original approval),MATCH,https://www.accessdata.fda.gov/scripts/cder/daf/index.cfm?event=overview.process&varApplNo=013247,https://api.fda.gov/drug/drugsfda.json?search=application_number:%22NDA013247%22,Verified (live probe match),"Row of the complete 1939-1964 original-application audit (v26 (2026-09-21)): every ORIG/AP row of the committed SHA-verified openFDA payload; facts verbatim from the payload; application type and holder cross-checked against the full official Drugs@FDA database (Applications_all_types.txt, 29,336 applications); no ticker, indication or applicant lineage asserted."
PRE1965AUDIT-1963-06,1963,NDA050218,NDA,1963-04-16,UNKNOWN,,UNKNOWN,FALSE,NOT PUBLISHED (blank class),MONARCH PHARMS,MATCH,CORTISPORIN,"HYDROCORTISONE ACETATE 0.5%; NEOMYCIN SULFATE EQ 3.5MG BASE/GM; POLYMYXIN B SULFATE 10,000 UNITS/GM **Federal Register determination that product was not discontinued or withdrawn for safety or effectiveness reasons**",CREAM; TOPICAL,1,Discontinued,1951-12-21 on NDA008228,non-NME row: earlier appearances permitted by construction; see ingredient_first_appearance,none (not a Type 1/1-4 original approval),MATCH,https://www.accessdata.fda.gov/scripts/cder/daf/index.cfm?event=overview.process&varApplNo=050218,https://api.fda.gov/drug/drugsfda.json?search=application_number:%22NDA050218%22,Verified (live probe match),"Row of the complete 1939-1964 original-application audit (v26 (2026-09-21)): every ORIG/AP row of the committed SHA-verified openFDA payload; facts verbatim from the payload; application type and holder cross-checked against the full official Drugs@FDA database (Applications_all_types.txt, 29,336 applications); no ticker, indication or applicant lineage asserted."
PRE1965AUDIT-1963-07,1963,NDA050081,NDA,1963-05-10,UNKNOWN,,UNKNOWN,FALSE,NOT PUBLISHED (blank class),ALLERGAN,MATCH,POLY-PRED,"NEOMYCIN SULFATE EQ 0.35% BASE; POLYMYXIN B SULFATE 10,000 UNITS/ML; PREDNISOLONE ACETATE 0.5%",SUSPENSION/DROPS; OPHTHALMIC,1,Discontinued,1957-03-26 on NDA050168,non-NME row: earlier appearances permitted by construction; see ingredient_first_appearance,none (not a Type 1/1-4 original approval),MATCH,https://www.accessdata.fda.gov/scripts/cder/daf/index.cfm?event=overview.process&varApplNo=050081,https://api.fda.gov/drug/drugsfda.json?search=application_number:%22NDA050081%22,Verified (live probe match),"Row of the complete 1939-1964 original-application audit (v26 (2026-09-21)): every ORIG/AP row of the committed SHA-verified openFDA payload; facts verbatim from the payload; application type and holder cross-checked against the full official Drugs@FDA database (Applications_all_types.txt, 29,336 applications); no ticker, indication or applicant lineage asserted."
PRE1965AUDIT-1963-08,1963,NDA050023,NDA,1963-06-06,UNKNOWN,,UNKNOWN,FALSE,NOT PUBLISHED (blank class),HARROW EYE,MATCH,MAXITROL,"DEXAMETHASONE 0.1%; NEOMYCIN SULFATE EQ 3.5MG BASE/ML; POLYMYXIN B SULFATE 10,000 UNITS/ML",SUSPENSION/DROPS; OPHTHALMIC,1,Prescription,1958-10-30 on NDA011664,non-NME row: earlier appearances permitted by construction; see ingredient_first_appearance,none (not a Type 1/1-4 original approval),MATCH,https://www.accessdata.fda.gov/scripts/cder/daf/index.cfm?event=overview.process&varApplNo=050023,https://api.fda.gov/drug/drugsfda.json?search=application_number:%22NDA050023%22,Verified (live probe match),"Row of the complete 1939-1964 original-application audit (v26 (2026-09-21)): every ORIG/AP row of the committed SHA-verified openFDA payload; facts verbatim from the payload; application type and holder cross-checked against the full official Drugs@FDA database (Applications_all_types.txt, 29,336 applications); no ticker, indication or applicant lineage asserted."
PRE1965AUDIT-1963-09,1963,NDA013935,NDA,1963-06-11,TYPE 1,Type 1 - New Molecular Entity,PRIORITY,TRUE,NME (Type 1),ALLERGAN,MATCH,HERPLEX,IDOXURIDINE 0.1%,SOLUTION/DROPS; OPHTHALMIC,1,Discontinued,first-in-payloads (1939-1964 universe),"first appearance in the 1939-1964 payload universe (Drugs@FDA coverage before 1965 is incomplete: re-approval screen, not proof of first marketing)",PRE1965-1963-09 (data/pre1965_fda_decisions.csv),MATCH,https://www.accessdata.fda.gov/scripts/cder/daf/index.cfm?event=overview.process&varApplNo=013935,https://api.fda.gov/drug/drugsfda.json?search=application_number:%22NDA013935%22,Verified (live probe match),"Row of the complete 1939-1964 original-application audit (v26 (2026-09-21)): every ORIG/AP row of the committed SHA-verified openFDA payload; facts verbatim from the payload; application type and holder cross-checked against the full official Drugs@FDA database (Applications_all_types.txt, 29,336 applications); no ticker, indication or applicant lineage asserted."
PRE1965AUDIT-1963-10,1963,NDA013960,NDA,1963-06-19,TYPE 3,Type 3 - New Dosage Form,STANDARD,FALSE,Type 3 - New Dosage Form,EUROFARMA,MATCH,SYNALAR,FLUOCINOLONE ACETONIDE 0.025%,OINTMENT; TOPICAL,1,Prescription,1963-02-15 on NDA012787,non-NME row: earlier appearances permitted by construction; see ingredient_first_appearance,none (not a Type 1/1-4 original approval),MATCH,https://www.accessdata.fda.gov/scripts/cder/daf/index.cfm?event=overview.process&varApplNo=013960,https://api.fda.gov/drug/drugsfda.json?search=application_number:%22NDA013960%22,Verified (live probe match),"Row of the complete 1939-1964 original-application audit (v26 (2026-09-21)): every ORIG/AP row of the committed SHA-verified openFDA payload; facts verbatim from the payload; application type and holder cross-checked against the full official Drugs@FDA database (Applications_all_types.txt, 29,336 applications); no ticker, indication or applicant lineage asserted."
PRE1965AUDIT-1963-11,1963,NDA014169,NDA,1963-06-28,TYPE 5,Type 5 - New Formulation or New Manufacturer,STANDARD,FALSE,Type 5 - New Formulation or New Manufacturer,ALCON,MATCH,DENDRID,IDOXURIDINE 0.1%,SOLUTION/DROPS; OPHTHALMIC,1,Discontinued,1963-06-11 on NDA013935,non-NME row: earlier appearances permitted by construction; see ingredient_first_appearance,none (not a Type 1/1-4 original approval),MATCH,https://www.accessdata.fda.gov/scripts/cder/daf/index.cfm?event=overview.process&varApplNo=014169,https://api.fda.gov/drug/drugsfda.json?search=application_number:%22NDA014169%22,Verified (live probe match),"Row of the complete 1939-1964 original-application audit (v26 (2026-09-21)): every ORIG/AP row of the committed SHA-verified openFDA payload; facts verbatim from the payload; application type and holder cross-checked against the full official Drugs@FDA database (Applications_all_types.txt, 29,336 applications); no ticker, indication or applicant lineage asserted."
PRE1965AUDIT-1963-12,1963,NDA014359,NDA,1963-07-03,TYPE 5,Type 5 - New Formulation or New Manufacturer,STANDARD,FALSE,Type 5 - New Formulation or New Manufacturer,HALSEY,MATCH,NEURAMATE,MEPROBAMATE 200MG,TABLET; ORAL,2,Discontinued,1955-04-28 on NDA009698,non-NME row: earlier appearances permitted by construction; see ingredient_first_appearance,none (not a Type 1/1-4 original approval),MATCH,https://www.accessdata.fda.gov/scripts/cder/daf/index.cfm?event=overview.process&varApplNo=014359,https://api.fda.gov/drug/drugsfda.json?search=application_number:%22NDA014359%22,Verified (live probe match),"Row of the complete 1939-1964 original-application audit (v26 (2026-09-21)): every ORIG/AP row of the committed SHA-verified openFDA payload; facts verbatim from the payload; application type and holder cross-checked against the full official Drugs@FDA database (Applications_all_types.txt, 29,336 applications); no ticker, indication or applicant lineage asserted."
PRE1965AUDIT-1963-13,1963,NDA014103,NDA,1963-07-10,TYPE 1,Type 1 - New Molecular Entity,PRIORITY,TRUE,NME (Type 1),LILLY,MATCH,ONCOVIN,VINCRISTINE SULFATE 1MG/ML **Federal Register determination that product was not discontinued or withdrawn for safety or effectiveness reasons**,INJECTABLE; INJECTION,3,Discontinued,first-in-payloads (1939-1964 universe),"first appearance in the 1939-1964 payload universe (Drugs@FDA coverage before 1965 is incomplete: re-approval screen, not proof of first marketing)",PRE1965-1963-13 (data/pre1965_fda_decisions.csv),MATCH,https://www.accessdata.fda.gov/scripts/cder/daf/index.cfm?event=overview.process&varApplNo=014103,https://api.fda.gov/drug/drugsfda.json?search=application_number:%22NDA014103%22,Verified (live probe match),"Row of the complete 1939-1964 original-application audit (v26 (2026-09-21)): every ORIG/AP row of the committed SHA-verified openFDA payload; facts verbatim from the payload; application type and holder cross-checked against the full official Drugs@FDA database (Applications_all_types.txt, 29,336 applications); no ticker, indication or applicant lineage asserted."
PRE1965AUDIT-1963-14,1963,NDA012623,NDA,1963-07-18,TYPE 1,Type 1 - New Molecular Entity,PRIORITY,TRUE,NME (Type 1),PFIZER,MATCH,FLAGYL,METRONIDAZOLE 500MG **Federal Register determination that product was not discontinued or withdrawn for safety or effectiveness reasons**,TABLET; ORAL,2,Discontinued,first-in-payloads (1939-1964 universe),"first appearance in the 1939-1964 payload universe (Drugs@FDA coverage before 1965 is incomplete: re-approval screen, not proof of first marketing)",PRE1965-1963-14 (data/pre1965_fda_decisions.csv),MATCH,https://www.accessdata.fda.gov/scripts/cder/daf/index.cfm?event=overview.process&varApplNo=012623,https://api.fda.gov/drug/drugsfda.json?search=application_number:%22NDA012623%22,Verified (live probe match),"Row of the complete 1939-1964 original-application audit (v26 (2026-09-21)): every ORIG/AP row of the committed SHA-verified openFDA payload; facts verbatim from the payload; application type and holder cross-checked against the full official Drugs@FDA database (Applications_all_types.txt, 29,336 applications); no ticker, indication or applicant lineage asserted."
PRE1965AUDIT-1963-15,1963,NDA050065,NDA,1963-07-19,UNKNOWN,,UNKNOWN,FALSE,NOT PUBLISHED (blank class),SANDOZ,MATCH,MAXITROL,"DEXAMETHASONE 0.1%; NEOMYCIN SULFATE EQ 3.5MG BASE/GM; POLYMYXIN B SULFATE 10,000 UNITS/GM",OINTMENT; OPHTHALMIC,1,Prescription,1958-10-30 on NDA011664,non-NME row: earlier appearances permitted by construction; see ingredient_first_appearance,none (not a Type 1/1-4 original approval),MATCH,https://www.accessdata.fda.gov/scripts/cder/daf/index.cfm?event=overview.process&varApplNo=050065,https://api.fda.gov/drug/drugsfda.json?search=application_number:%22NDA050065%22,Verified (live probe match),"Row of the complete 1939-1964 original-application audit (v26 (2026-09-21)): every ORIG/AP row of the committed SHA-verified openFDA payload; facts verbatim from the payload; application type and holder cross-checked against the full official Drugs@FDA database (Applications_all_types.txt, 29,336 applications); no ticker, indication or applicant lineage asserted."
PRE1965AUDIT-1963-16,1963,NDA014547,NDA,1963-07-26,TYPE 5,Type 5 - New Formulation or New Manufacturer,STANDARD,FALSE,Type 5 - New Formulation or New Manufacturer,SANDOZ,MATCH,MEPROBAMATE,MEPROBAMATE 200MG,TABLET; ORAL,2,Discontinued,1955-04-28 on NDA009698,non-NME row: earlier appearances permitted by construction; see ingredient_first_appearance,none (not a Type 1/1-4 original approval),MATCH,https://www.accessdata.fda.gov/scripts/cder/daf/index.cfm?event=overview.process&varApplNo=014547,https://api.fda.gov/drug/drugsfda.json?search=application_number:%22NDA014547%22,Verified (live probe match),"Row of the complete 1939-1964 original-application audit (v26 (2026-09-21)): every ORIG/AP row of the committed SHA-verified openFDA payload; facts verbatim from the payload; application type and holder cross-checked against the full official Drugs@FDA database (Applications_all_types.txt, 29,336 applications); no ticker, indication or applicant lineage asserted."
PRE1965AUDIT-1963-17,1963,NDA011600,NDA,1963-07-30,TYPE 3,Type 3 - New Dosage Form,STANDARD,FALSE,Type 3 - New Dosage Form,EXTROVIS,MATCH,TRIAMCINOLONE ACETONIDE,TRIAMCINOLONE ACETONIDE 0.025% **Federal Register determination that product was not discontinued or withdrawn for safety or effectiveness reasons**,OINTMENT; TOPICAL,2,Discontinued,1958-10-23 on NDA011601,non-NME row: earlier appearances permitted by construction; see ingredient_first_appearance,none (not a Type 1/1-4 original approval),MATCH,https://www.accessdata.fda.gov/scripts/cder/daf/index.cfm?event=overview.process&varApplNo=011600,https://api.fda.gov/drug/drugsfda.json?search=application_number:%22NDA011600%22,Verified (live probe match),"Row of the complete 1939-1964 original-application audit (v26 (2026-09-21)): every ORIG/AP row of the committed SHA-verified openFDA payload; facts verbatim from the payload; application type and holder cross-checked against the full official Drugs@FDA database (Applications_all_types.txt, 29,336 applications); no ticker, indication or applicant lineage asserted."
PRE1965AUDIT-1963-18,1963,NDA014882,NDA,1963-08-09,TYPE 5,Type 5 - New Formulation or New Manufacturer,STANDARD,FALSE,Type 5 - New Formulation or New Manufacturer,CHARTWELL MOLECULAR,MATCH,MEPROBAMATE,MEPROBAMATE 200MG,TABLET; ORAL,2,Discontinued,1955-04-28 on NDA009698,non-NME row: earlier appearances permitted by construction; see ingredient_first_appearance,none (not a Type 1/1-4 original approval),MATCH,https://www.accessdata.fda.gov/scripts/cder/daf/index.cfm?event=overview.process&varApplNo=014882,https://api.fda.gov/drug/drugsfda.json?search=application_number:%22NDA014882%22,Verified (live probe match),"Row of the complete 1939-1964 original-application audit (v26 (2026-09-21)): every ORIG/AP row of the committed SHA-verified openFDA payload; facts verbatim from the payload; application type and holder cross-checked against the full official Drugs@FDA database (Applications_all_types.txt, 29,336 applications); no ticker, indication or applicant lineage asserted."
PRE1965AUDIT-1963-19,1963,NDA013157,NDA,1963-08-20,TYPE 1,Type 1 - New Molecular Entity,STANDARD,TRUE,NME (Type 1),LILLY,MATCH,ANHYDRON,CYCLOTHIAZIDE 2MG,TABLET; ORAL,1,Discontinued,first-in-payloads (1939-1964 universe),"first appearance in the 1939-1964 payload universe (Drugs@FDA coverage before 1965 is incomplete: re-approval screen, not proof of first marketing)",PRE1965-1963-19 (data/pre1965_fda_decisions.csv),MATCH,https://www.accessdata.fda.gov/scripts/cder/daf/index.cfm?event=overview.process&varApplNo=013157,https://api.fda.gov/drug/drugsfda.json?search=application_number:%22NDA013157%22,Verified (live probe match),"Row of the complete 1939-1964 original-application audit (v26 (2026-09-21)): every ORIG/AP row of the committed SHA-verified openFDA payload; facts verbatim from the payload; application type and holder cross-checked against the full official Drugs@FDA database (Applications_all_types.txt, 29,336 applications); no ticker, indication or applicant lineage asserted."
PRE1965AUDIT-1963-20,1963,NDA013601,NDA,1963-09-14,TYPE 1,Type 1 - New Molecular Entity,PRIORITY,TRUE,NME (Type 1),APOTHECON,MATCH,MUCOMYST,ACETYLCYSTEINE 20% **Federal Register determination that product was not discontinued or withdrawn for safety or effectiveness reasons**,"SOLUTION; INHALATION, ORAL",2,Discontinued,first-in-payloads (1939-1964 universe),"first appearance in the 1939-1964 payload universe (Drugs@FDA coverage before 1965 is incomplete: re-approval screen, not proof of first marketing)",PRE1965-1963-20 (data/pre1965_fda_decisions.csv),MATCH,https://www.accessdata.fda.gov/scripts/cder/daf/index.cfm?event=overview.process&varApplNo=013601,https://api.fda.gov/drug/drugsfda.json?search=application_number:%22NDA013601%22,Verified (live probe match),"Row of the complete 1939-1964 original-application audit (v26 (2026-09-21)): every ORIG/AP row of the committed SHA-verified openFDA payload; facts verbatim from the payload; application type and holder cross-checked against the full official Drugs@FDA database (Applications_all_types.txt, 29,336 applications); no ticker, indication or applicant lineage asserted."
PRE1965AUDIT-1963-21,1963,NDA014295,NDA,1963-09-30,TYPE 5,Type 5 - New Formulation or New Manufacturer,STANDARD,FALSE,Type 5 - New Formulation or New Manufacturer,MALLINCKRODT,MATCH,CONRAY 400,IOTHALAMATE SODIUM 66.8%,INJECTABLE; INJECTION,1,Discontinued,first-in-payloads (1939-1964 universe),non-NME row: earlier appearances permitted by construction; see ingredient_first_appearance,none (not a Type 1/1-4 original approval),MATCH,https://www.accessdata.fda.gov/scripts/cder/daf/index.cfm?event=overview.process&varApplNo=014295,https://api.fda.gov/drug/drugsfda.json?search=application_number:%22NDA014295%22,Verified (live probe match),"Row of the complete 1939-1964 original-application audit (v26 (2026-09-21)): every ORIG/AP row of the committed SHA-verified openFDA payload; facts verbatim from the payload; application type and holder cross-checked against the full official Drugs@FDA database (Applications_all_types.txt, 29,336 applications); no ticker, indication or applicant lineage asserted."
PRE1965AUDIT-1963-22,1963,NDA013636,NDA,1963-10-15,TYPE 4,Type 4 - New Combination,STANDARD,FALSE,Type 4 - New Combination,PFIZER,MATCH,RENESE-R,POLYTHIAZIDE 2MG; RESERPINE 0.25MG,TABLET; ORAL,1,Discontinued,1961-09-26 on NDA012845,non-NME row: earlier appearances permitted by construction; see ingredient_first_appearance,none (not a Type 1/1-4 original approval),MATCH,https://www.accessdata.fda.gov/scripts/cder/daf/index.cfm?event=overview.process&varApplNo=013636,https://api.fda.gov/drug/drugsfda.json?search=application_number:%22NDA013636%22,Verified (live probe match),"Row of the complete 1939-1964 original-application audit (v26 (2026-09-21)): every ORIG/AP row of the committed SHA-verified openFDA payload; facts verbatim from the payload; application type and holder cross-checked against the full official Drugs@FDA database (Applications_all_types.txt, 29,336 applications); no ticker, indication or applicant lineage asserted."
PRE1965AUDIT-1963-23,1963,NDA013483,NDA,1963-10-18,TYPE 3,Type 3 - New Dosage Form,STANDARD,FALSE,Type 3 - New Dosage Form,SCHERING PLOUGH,MATCH,DISOPHROL,DEXBROMPHENIRAMINE MALEATE 6MG; PSEUDOEPHEDRINE SULFATE 120MG,"TABLET, EXTENDED RELEASE; ORAL",2,Discontinued,first-in-payloads (1939-1964 universe),non-NME row: earlier appearances permitted by construction; see ingredient_first_appearance,none (not a Type 1/1-4 original approval),MATCH,https://www.accessdata.fda.gov/scripts/cder/daf/index.cfm?event=overview.process&varApplNo=013483,https://api.fda.gov/drug/drugsfda.json?search=application_number:%22NDA013483%22,Verified (live probe match),"Row of the complete 1939-1964 original-application audit (v26 (2026-09-21)): every ORIG/AP row of the committed SHA-verified openFDA payload; facts verbatim from the payload; application type and holder cross-checked against the full official Drugs@FDA database (Applications_all_types.txt, 29,336 applications); no ticker, indication or applicant lineage asserted."
PRE1965AUDIT-1963-24,1963,NDA013263,NDA,1963-11-15,TYPE 1,Type 1 - New Molecular Entity,STANDARD,TRUE,NME (Type 1),WAYLIS THERAP,MATCH,VALIUM,DIAZEPAM 10MG,TABLET; ORAL,3,Prescription,first-in-payloads (1939-1964 universe),"first appearance in the 1939-1964 payload universe (Drugs@FDA coverage before 1965 is incomplete: re-approval screen, not proof of first marketing)",PRE1965-1963-24 (data/pre1965_fda_decisions.csv),MATCH,https://www.accessdata.fda.gov/scripts/cder/daf/index.cfm?event=overview.process&varApplNo=013263,https://api.fda.gov/drug/drugsfda.json?search=application_number:%22NDA013263%22,Verified (live probe match),"Row of the complete 1939-1964 original-application audit (v26 (2026-09-21)): every ORIG/AP row of the committed SHA-verified openFDA payload; facts verbatim from the payload; application type and holder cross-checked against the full official Drugs@FDA database (Applications_all_types.txt, 29,336 applications); no ticker, indication or applicant lineage asserted."
PRE1965AUDIT-1963-25,1963,NDA014349,NDA,1963-12-10,TYPE 3,Type 3 - New Dosage Form,STANDARD,FALSE,Type 3 - New Dosage Form,PERSONAL PRODS,MATCH,DELFEN,NONOXYNOL-9 12.5%,AEROSOL; VAGINAL,1,Discontinued,first-in-payloads (1939-1964 universe),non-NME row: earlier appearances permitted by construction; see ingredient_first_appearance,none (not a Type 1/1-4 original approval),MATCH,https://www.accessdata.fda.gov/scripts/cder/daf/index.cfm?event=overview.process&varApplNo=014349,https://api.fda.gov/drug/drugsfda.json?search=application_number:%22NDA014349%22,Verified (live probe match),"Row of the complete 1939-1964 original-application audit (v26 (2026-09-21)): every ORIG/AP row of the committed SHA-verified openFDA payload; facts verbatim from the payload; application type and holder cross-checked against the full official Drugs@FDA database (Applications_all_types.txt, 29,336 applications); no ticker, indication or applicant lineage asserted."
PRE1965AUDIT-1964-01,1964,NDA014691,NDA,1964-01-17,TYPE 1,Type 1 - New Molecular Entity,PRIORITY,TRUE,NME (Type 1),APOTEX,MATCH,ALKERAN,MELPHALAN 2MG **Federal Register determination that product was not discontinued or withdrawn for safety or effectiveness reasons**,TABLET; ORAL,1,Discontinued,first-in-payloads (1939-1964 universe),"first appearance in the 1939-1964 payload universe (Drugs@FDA coverage before 1965 is incomplete: re-approval screen, not proof of first marketing)",PRE1965-1964-01 (data/pre1965_fda_decisions.csv),MATCH,https://www.accessdata.fda.gov/scripts/cder/daf/index.cfm?event=overview.process&varApplNo=014691,https://api.fda.gov/drug/drugsfda.json?search=application_number:%22NDA014691%22,Verified (live probe match),"Row of the complete 1939-1964 original-application audit (v26 (2026-09-21)): every ORIG/AP row of the committed SHA-verified openFDA payload; facts verbatim from the payload; application type and holder cross-checked against the full official Drugs@FDA database (Applications_all_types.txt, 29,336 applications); no ticker, indication or applicant lineage asserted."
PRE1965AUDIT-1964-02,1964,NDA013416,NDA,1964-03-04,TYPE 4,Type 4 - New Combination,STANDARD,FALSE,Type 4 - New Combination,BAUSCH,MATCH,NORGESIC FORTE,ASPIRIN 770MG; CAFFEINE 60MG; ORPHENADRINE CITRATE 50MG **Federal Register determination that product was not discontinued or withdrawn for safety or effectiveness reasons**,TABLET; ORAL,2,Discontinued,1950-04-12 on NDA007337,non-NME row: earlier appearances permitted by construction; see ingredient_first_appearance,none (not a Type 1/1-4 original approval),MATCH,https://www.accessdata.fda.gov/scripts/cder/daf/index.cfm?event=overview.process&varApplNo=013416,https://api.fda.gov/drug/drugsfda.json?search=application_number:%22NDA013416%22,Verified (live probe match),"Row of the complete 1939-1964 original-application audit (v26 (2026-09-21)): every ORIG/AP row of the committed SHA-verified openFDA payload; facts verbatim from the payload; application type and holder cross-checked against the full official Drugs@FDA database (Applications_all_types.txt, 29,336 applications); no ticker, indication or applicant lineage asserted."
PRE1965AUDIT-1964-03,1964,NDA013625,NDA,1964-03-05,TYPE 5,Type 5 - New Formulation or New Manufacturer,STANDARD,FALSE,Type 5 - New Formulation or New Manufacturer,ACTAVIS LABS UT INC,MATCH,NORINYL,MESTRANOL 0.1MG; NORETHINDRONE 2MG,TABLET; ORAL-20,2,Discontinued,1961-03-09 on NDA010976,non-NME row: earlier appearances permitted by construction; see ingredient_first_appearance,none (not a Type 1/1-4 original approval),MATCH,https://www.accessdata.fda.gov/scripts/cder/daf/index.cfm?event=overview.process&varApplNo=013625,https://api.fda.gov/drug/drugsfda.json?search=application_number:%22NDA013625%22,Verified (live probe match),"Row of the complete 1939-1964 original-application audit (v26 (2026-09-21)): every ORIG/AP row of the committed SHA-verified openFDA payload; facts verbatim from the payload; application type and holder cross-checked against the full official Drugs@FDA database (Applications_all_types.txt, 29,336 applications); no ticker, indication or applicant lineage asserted."
PRE1965AUDIT-1964-04,1964,NDA013077,NDA,1964-03-06,TYPE 4,Type 4 - New Combination,STANDARD,FALSE,Type 4 - New Combination,ASTRAZENECA,MATCH,XYLOCAINE,LIDOCAINE 100MG,SUPPOSITORY; RECTAL,1,Discontinued,1951-05-17 on NDA008048,non-NME row: earlier appearances permitted by construction; see ingredient_first_appearance,none (not a Type 1/1-4 original approval),MATCH,https://www.accessdata.fda.gov/scripts/cder/daf/index.cfm?event=overview.process&varApplNo=013077,https://api.fda.gov/drug/drugsfda.json?search=application_number:%22NDA013077%22,Verified (live probe match),"Row of the complete 1939-1964 original-application audit (v26 (2026-09-21)): every ORIG/AP row of the committed SHA-verified openFDA payload; facts verbatim from the payload; application type and holder cross-checked against the full official Drugs@FDA database (Applications_all_types.txt, 29,336 applications); no ticker, indication or applicant lineage asserted."
PRE1965AUDIT-1964-05,1964,NDA014214,NDA,1964-03-06,TYPE 1,Type 1 - New Molecular Entity,PRIORITY,TRUE,NME (Type 1),SANOFI AVENTIS US,MATCH,NEGGRAM,NALIDIXIC ACID 250MG,TABLET; ORAL,3,Discontinued,first-in-payloads (1939-1964 universe),"first appearance in the 1939-1964 payload universe (Drugs@FDA coverage before 1965 is incomplete: re-approval screen, not proof of first marketing)",PRE1965-1964-05 (data/pre1965_fda_decisions.csv),MATCH,https://www.accessdata.fda.gov/scripts/cder/daf/index.cfm?event=overview.process&varApplNo=014214,https://api.fda.gov/drug/drugsfda.json?search=application_number:%22NDA014214%22,Verified (live probe match),"Row of the complete 1939-1964 original-application audit (v26 (2026-09-21)): every ORIG/AP row of the committed SHA-verified openFDA payload; facts verbatim from the payload; application type and holder cross-checked against the full official Drugs@FDA database (Applications_all_types.txt, 29,336 applications); no ticker, indication or applicant lineage asserted."
PRE1965AUDIT-1964-06,1964,NDA014127,NDA,1964-03-11,TYPE 3,Type 3 - New Dosage Form,PRIORITY,FALSE,Type 3 - New Dosage Form,ASTRAZENECA,MATCH,XYLOCAINE,LIDOCAINE 5%,SOLUTION; TOPICAL,1,Discontinued,1951-05-17 on NDA008048,non-NME row: earlier appearances permitted by construction; see ingredient_first_appearance,none (not a Type 1/1-4 original approval),MATCH,https://www.accessdata.fda.gov/scripts/cder/daf/index.cfm?event=overview.process&varApplNo=014127,https://api.fda.gov/drug/drugsfda.json?search=application_number:%22NDA014127%22,Verified (live probe match),"Row of the complete 1939-1964 original-application audit (v26 (2026-09-21)): every ORIG/AP row of the committed SHA-verified openFDA payload; facts verbatim from the payload; application type and holder cross-checked against the full official Drugs@FDA database (Applications_all_types.txt, 29,336 applications); no ticker, indication or applicant lineage asserted."
PRE1965AUDIT-1964-07,1964,NDA014134,NDA,1964-03-11,TYPE 1,Type 1 - New Molecular Entity,PRIORITY,TRUE,NME (Type 1),BAXTER HLTHCARE CORP,MATCH,PROTOPAM CHLORIDE,PRALIDOXIME CHLORIDE 1GM/VIAL,INJECTABLE; INJECTION,1,Prescription,first-in-payloads (1939-1964 universe),"first appearance in the 1939-1964 payload universe (Drugs@FDA coverage before 1965 is incomplete: re-approval screen, not proof of first marketing)",PRE1965-1964-07 (data/pre1965_fda_decisions.csv),MATCH,https://www.accessdata.fda.gov/scripts/cder/daf/index.cfm?event=overview.process&varApplNo=014134,https://api.fda.gov/drug/drugsfda.json?search=application_number:%22NDA014134%22,Verified (live probe match),"Row of the complete 1939-1964 original-application audit (v26 (2026-09-21)): every ORIG/AP row of the committed SHA-verified openFDA payload; facts verbatim from the payload; application type and holder cross-checked against the full official Drugs@FDA database (Applications_all_types.txt, 29,336 applications); no ticker, indication or applicant lineage asserted."
PRE1965AUDIT-1964-08,1964,NDA014122,NDA,1964-03-12,TYPE 3,Type 3 - New Dosage Form,PRIORITY,FALSE,Type 3 - New Dosage Form,WYETH AYERST,MATCH,PROTOPAM CHLORIDE,PRALIDOXIME CHLORIDE 500MG,TABLET; ORAL,1,Discontinued,1964-03-11 on NDA014134,non-NME row: earlier appearances permitted by construction; see ingredient_first_appearance,none (not a Type 1/1-4 original approval),MATCH,https://www.accessdata.fda.gov/scripts/cder/daf/index.cfm?event=overview.process&varApplNo=014122,https://api.fda.gov/drug/drugsfda.json?search=application_number:%22NDA014122%22,Verified (live probe match),"Row of the complete 1939-1964 original-application audit (v26 (2026-09-21)): every ORIG/AP row of the committed SHA-verified openFDA payload; facts verbatim from the payload; application type and holder cross-checked against the full official Drugs@FDA database (Applications_all_types.txt, 29,336 applications); no ticker, indication or applicant lineage asserted."
PRE1965AUDIT-1964-09,1964,BLA050294,BLA,1964-04-01,UNKNOWN,,UNKNOWN,FALSE,NOT PUBLISHED (blank class),PARKE DAVIS,MATCH,ELASE-CHLOROMYCETIN,CHLORAMPHENICOL 10MG/GM; DESOXYRIBONUCLEASE 666 UNITS/GM; FIBRINOLYSIN 1 UNITS/GM,OINTMENT; TOPICAL,1,Discontinued,1951-06-01 on NDA050143,non-NME row: earlier appearances permitted by construction; see ingredient_first_appearance,none (not a Type 1/1-4 original approval),MATCH,https://www.accessdata.fda.gov/scripts/cder/daf/index.cfm?event=overview.process&varApplNo=050294,https://api.fda.gov/drug/drugsfda.json?search=application_number:%22BLA050294%22,Verified (live probe match),"Row of the complete 1939-1964 original-application audit (v26 (2026-09-21)): every ORIG/AP row of the committed SHA-verified openFDA payload; facts verbatim from the payload; application type and holder cross-checked against the full official Drugs@FDA database (Applications_all_types.txt, 29,336 applications); no ticker, indication or applicant lineage asserted."
PRE1965AUDIT-1964-10,1964,NDA013934,NDA,1964-04-06,TYPE 5,Type 5 - New Formulation or New Manufacturer,STANDARD,FALSE,Type 5 - New Formulation or New Manufacturer,GLAXOSMITHKLINE,MATCH,STOXIL,IDOXURIDINE 0.1%,SOLUTION/DROPS; OPHTHALMIC,1,Discontinued,1963-06-11 on NDA013935,non-NME row: earlier appearances permitted by construction; see ingredient_first_appearance,none (not a Type 1/1-4 original approval),MATCH,https://www.accessdata.fda.gov/scripts/cder/daf/index.cfm?event=overview.process&varApplNo=013934,https://api.fda.gov/drug/drugsfda.json?search=application_number:%22NDA013934%22,Verified (live probe match),"Row of the complete 1939-1964 original-application audit (v26 (2026-09-21)): every ORIG/AP row of the committed SHA-verified openFDA payload; facts verbatim from the payload; application type and holder cross-checked against the full official Drugs@FDA database (Applications_all_types.txt, 29,336 applications); no ticker, indication or applicant lineage asserted."
PRE1965AUDIT-1964-11,1964,NDA014215,NDA,1964-04-13,TYPE 3,Type 3 - New Dosage Form,STANDARD,FALSE,Type 3 - New Dosage Form,MERCK SHARP DOHME,MATCH,CELESTONE,BETAMETHASONE 0.6MG/5ML,SYRUP; ORAL,1,Discontinued,1961-04-17 on NDA012657,non-NME row: earlier appearances permitted by construction; see ingredient_first_appearance,none (not a Type 1/1-4 original approval),MATCH,https://www.accessdata.fda.gov/scripts/cder/daf/index.cfm?event=overview.process&varApplNo=014215,https://api.fda.gov/drug/drugsfda.json?search=application_number:%22NDA014215%22,Verified (live probe match),"Row of the complete 1939-1964 original-application audit (v26 (2026-09-21)): every ORIG/AP row of the committed SHA-verified openFDA payload; facts verbatim from the payload; application type and holder cross-checked against the full official Drugs@FDA database (Applications_all_types.txt, 29,336 applications); no ticker, indication or applicant lineage asserted."
PRE1965AUDIT-1964-12,1964,NDA015072,NDA,1964-04-13,TYPE 5,Type 5 - New Formulation or New Manufacturer,STANDARD,FALSE,Type 5 - New Formulation or New Manufacturer,MALLARD,MATCH,MEPROBAMATE,MEPROBAMATE 400MG,TABLET; ORAL,1,Discontinued,1955-04-28 on NDA009698,non-NME row: earlier appearances permitted by construction; see ingredient_first_appearance,none (not a Type 1/1-4 original approval),MATCH,https://www.accessdata.fda.gov/scripts/cder/daf/index.cfm?event=overview.process&varApplNo=015072,https://api.fda.gov/drug/drugsfda.json?search=application_number:%22NDA015072%22,Verified (live probe match),"Row of the complete 1939-1964 original-application audit (v26 (2026-09-21)): every ORIG/AP row of the committed SHA-verified openFDA payload; facts verbatim from the payload; application type and holder cross-checked against the full official Drugs@FDA database (Applications_all_types.txt, 29,336 applications); no ticker, indication or applicant lineage asserted."
PRE1965AUDIT-1964-13,1964,NDA015103,NDA,1964-05-08,TYPE 4,Type 4 - New Combination,STANDARD,FALSE,Type 4 - New Combination,SANOFI AVENTIS US,MATCH,REGROTON,CHLORTHALIDONE 50MG; RESERPINE 0.25MG,TABLET; ORAL,2,Discontinued,1960-04-07 on NDA012283,non-NME row: earlier appearances permitted by construction; see ingredient_first_appearance,none (not a Type 1/1-4 original approval),MATCH,https://www.accessdata.fda.gov/scripts/cder/daf/index.cfm?event=overview.process&varApplNo=015103,https://api.fda.gov/drug/drugsfda.json?search=application_number:%22NDA015103%22,Verified (live probe match),"Row of the complete 1939-1964 original-application audit (v26 (2026-09-21)): every ORIG/AP row of the committed SHA-verified openFDA payload; facts verbatim from the payload; application type and holder cross-checked against the full official Drugs@FDA database (Applications_all_types.txt, 29,336 applications); no ticker, indication or applicant lineage asserted."
PRE1965AUDIT-1964-14,1964,NDA015296,NDA,1964-05-27,TYPE 3,Type 3 - New Dosage Form,STANDARD,FALSE,Type 3 - New Dosage Form,EUROFARMA,MATCH,SYNALAR,FLUOCINOLONE ACETONIDE 0.01%,SOLUTION; TOPICAL,1,Prescription,1963-02-15 on NDA012787,non-NME row: earlier appearances permitted by construction; see ingredient_first_appearance,none (not a Type 1/1-4 original approval),MATCH,https://www.accessdata.fda.gov/scripts/cder/daf/index.cfm?event=overview.process&varApplNo=015296,https://api.fda.gov/drug/drugsfda.json?search=application_number:%22NDA015296%22,Verified (live probe match),"Row of the complete 1939-1964 original-application audit (v26 (2026-09-21)): every ORIG/AP row of the committed SHA-verified openFDA payload; facts verbatim from the payload; application type and holder cross-checked against the full official Drugs@FDA database (Applications_all_types.txt, 29,336 applications); no ticker, indication or applicant lineage asserted."
PRE1965AUDIT-1964-15,1964,NDA014005,NDA,1964-05-28,TYPE 1,Type 1 - New Molecular Entity,STANDARD,TRUE,NME (Type 1),ORGANON USA INC,MATCH,MAXIBOLIN,ETHYLESTRENOL 2MG,TABLET; ORAL,1,Discontinued,first-in-payloads (1939-1964 universe),"first appearance in the 1939-1964 payload universe (Drugs@FDA coverage before 1965 is incomplete: re-approval screen, not proof of first marketing)",PRE1965-1964-15 (data/pre1965_fda_decisions.csv),MATCH,https://www.accessdata.fda.gov/scripts/cder/daf/index.cfm?event=overview.process&varApplNo=014005,https://api.fda.gov/drug/drugsfda.json?search=application_number:%22NDA014005%22,Verified (live probe match),"Row of the complete 1939-1964 original-application audit (v26 (2026-09-21)): every ORIG/AP row of the committed SHA-verified openFDA payload; facts verbatim from the payload; application type and holder cross-checked against the full official Drugs@FDA database (Applications_all_types.txt, 29,336 applications); no ticker, indication or applicant lineage asserted."
PRE1965AUDIT-1964-16,1964,NDA015197,NDA,1964-06-03,TYPE 1,Type 1 - New Molecular Entity,PRIORITY,TRUE,NME (Type 1),HIKMA,MATCH,AMICAR,AMINOCAPROIC ACID 500MG,TABLET; ORAL,2,Prescription,first-in-payloads (1939-1964 universe),"first appearance in the 1939-1964 payload universe (Drugs@FDA coverage before 1965 is incomplete: re-approval screen, not proof of first marketing)",PRE1965-1964-16 (data/pre1965_fda_decisions.csv),MATCH,https://www.accessdata.fda.gov/scripts/cder/daf/index.cfm?event=overview.process&varApplNo=015197,https://api.fda.gov/drug/drugsfda.json?search=application_number:%22NDA015197%22,Verified (live probe match),"Row of the complete 1939-1964 original-application audit (v26 (2026-09-21)): every ORIG/AP row of the committed SHA-verified openFDA payload; facts verbatim from the payload; application type and holder cross-checked against the full official Drugs@FDA database (Applications_all_types.txt, 29,336 applications); no ticker, indication or applicant lineage asserted."
PRE1965AUDIT-1964-17,1964,NDA015230,NDA,1964-06-04,TYPE 3,Type 3 - New Dosage Form,PRIORITY,FALSE,Type 3 - New Dosage Form,HIKMA,MATCH,AMICAR,AMINOCAPROIC ACID 0.25GM/ML,SOLUTION; ORAL,1,Prescription,1964-06-03 on NDA015197,non-NME row: earlier appearances permitted by construction; see ingredient_first_appearance,none (not a Type 1/1-4 original approval),MATCH,https://www.accessdata.fda.gov/scripts/cder/daf/index.cfm?event=overview.process&varApplNo=015230,https://api.fda.gov/drug/drugsfda.json?search=application_number:%22NDA015230%22,Verified (live probe match),"Row of the complete 1939-1964 original-application audit (v26 (2026-09-21)): every ORIG/AP row of the committed SHA-verified openFDA payload; facts verbatim from the payload; application type and holder cross-checked against the full official Drugs@FDA database (Applications_all_types.txt, 29,336 applications); no ticker, indication or applicant lineage asserted."
PRE1965AUDIT-1964-18,1964,NDA013684,NDA,1964-06-08,TYPE 5,Type 5 - New Formulation or New Manufacturer,STANDARD,FALSE,Type 5 - New Formulation or New Manufacturer,BAXTER HLTHCARE,MATCH,OSMITROL 20% IN WATER IN PLASTIC CONTAINER,MANNITOL 20GM/100ML,INJECTABLE; INJECTION,8,Prescription,first-in-payloads (1939-1964 universe),non-NME row: earlier appearances permitted by construction; see ingredient_first_appearance,none (not a Type 1/1-4 original approval),MATCH,https://www.accessdata.fda.gov/scripts/cder/daf/index.cfm?event=overview.process&varApplNo=013684,https://api.fda.gov/drug/drugsfda.json?search=application_number:%22NDA013684%22,Verified (live probe match),"Row of the complete 1939-1964 original-application audit (v26 (2026-09-21)): every ORIG/AP row of the committed SHA-verified openFDA payload; facts verbatim from the payload; application type and holder cross-checked against the full official Drugs@FDA database (Applications_all_types.txt, 29,336 applications); no ticker, indication or applicant lineage asserted."
PRE1965AUDIT-1964-19,1964,NDA015229,NDA,1964-06-08,TYPE 3,Type 3 - New Dosage Form,PRIORITY,FALSE,Type 3 - New Dosage Form,EPIC PHARMA LLC,MATCH,AMICAR,AMINOCAPROIC ACID 250MG/ML **Federal Register determination that product was not discontinued or withdrawn for safety or effectiveness reasons**,INJECTABLE; INJECTION,1,Discontinued,1964-06-03 on NDA015197,non-NME row: earlier appearances permitted by construction; see ingredient_first_appearance,none (not a Type 1/1-4 original approval),MATCH,https://www.accessdata.fda.gov/scripts/cder/daf/index.cfm?event=overview.process&varApplNo=015229,https://api.fda.gov/drug/drugsfda.json?search=application_number:%22NDA015229%22,Verified (live probe match),"Row of the complete 1939-1964 original-application audit (v26 (2026-09-21)): every ORIG/AP row of the committed SHA-verified openFDA payload; facts verbatim from the payload; application type and holder cross-checked against the full official Drugs@FDA database (Applications_all_types.txt, 29,336 applications); no ticker, indication or applicant lineage asserted."
PRE1965AUDIT-1964-20,1964,NDA050182,NDA,1964-06-25,UNKNOWN,,UNKNOWN,FALSE,NOT PUBLISHED (blank class),HOSPIRA,MATCH,ERYTHROCIN,ERYTHROMYCIN LACTOBIONATE EQ 500MG BASE/VIAL,INJECTABLE; INJECTION,2,Discontinued,first-in-payloads (1939-1964 universe),non-NME row: earlier appearances permitted by construction; see ingredient_first_appearance,none (not a Type 1/1-4 original approval),MATCH,https://www.accessdata.fda.gov/scripts/cder/daf/index.cfm?event=overview.process&varApplNo=050182,https://api.fda.gov/drug/drugsfda.json?search=application_number:%22NDA050182%22,Verified (live probe match),"Row of the complete 1939-1964 original-application audit (v26 (2026-09-21)): every ORIG/AP row of the committed SHA-verified openFDA payload; facts verbatim from the payload; application type and holder cross-checked against the full official Drugs@FDA database (Applications_all_types.txt, 29,336 applications); no ticker, indication or applicant lineage asserted."
PRE1965AUDIT-1964-21,1964,NDA050368,NDA,1964-06-29,,,,FALSE,NOT PUBLISHED (blank class),DISTA,MATCH,ILOTYCIN,ERYTHROMYCIN 0.5% **Federal Register determination that product was not discontinued or withdrawn for safety or effectiveness reasons**,OINTMENT; OPHTHALMIC,1,Discontinued,first-in-payloads (1939-1964 universe),non-NME row: earlier appearances permitted by construction; see ingredient_first_appearance,none (not a Type 1/1-4 original approval),MATCH,https://www.accessdata.fda.gov/scripts/cder/daf/index.cfm?event=overview.process&varApplNo=050368,https://api.fda.gov/drug/drugsfda.json?search=application_number:%22NDA050368%22,Verified (live probe match),"Row of the complete 1939-1964 original-application audit (v26 (2026-09-21)): every ORIG/AP row of the committed SHA-verified openFDA payload; facts verbatim from the payload; application type and holder cross-checked against the full official Drugs@FDA database (Applications_all_types.txt, 29,336 applications); no ticker, indication or applicant lineage asserted."
PRE1965AUDIT-1964-22,1964,NDA012697,NDA,1964-07-24,TYPE 1,Type 1 - New Molecular Entity,STANDARD,TRUE,NME (Type 1),VALEANT PHARM INTL,MATCH,TRISORALEN,TRIOXSALEN 5MG,TABLET; ORAL,1,Discontinued,first-in-payloads (1939-1964 universe),"first appearance in the 1939-1964 payload universe (Drugs@FDA coverage before 1965 is incomplete: re-approval screen, not proof of first marketing)",PRE1965-1964-22 (data/pre1965_fda_decisions.csv),MATCH,https://www.accessdata.fda.gov/scripts/cder/daf/index.cfm?event=overview.process&varApplNo=012697,https://api.fda.gov/drug/drugsfda.json?search=application_number:%22NDA012697%22,Verified (live probe match),"Row of the complete 1939-1964 original-application audit (v26 (2026-09-21)): every ORIG/AP row of the committed SHA-verified openFDA payload; facts verbatim from the payload; application type and holder cross-checked against the full official Drugs@FDA database (Applications_all_types.txt, 29,336 applications); no ticker, indication or applicant lineage asserted."
PRE1965AUDIT-1964-23,1964,NDA014738,NDA,1964-07-30,TYPE 5,Type 5 - New Formulation or New Manufacturer,STANDARD,FALSE,Type 5 - New Formulation or New Manufacturer,B BRAUN,MATCH,MANNITOL 20%,MANNITOL 20GM/100ML,INJECTABLE; INJECTION,1,Discontinued,1964-06-08 on NDA013684,non-NME row: earlier appearances permitted by construction; see ingredient_first_appearance,none (not a Type 1/1-4 original approval),MATCH,https://www.accessdata.fda.gov/scripts/cder/daf/index.cfm?event=overview.process&varApplNo=014738,https://api.fda.gov/drug/drugsfda.json?search=application_number:%22NDA014738%22,Verified (live probe match),"Row of the complete 1939-1964 original-application audit (v26 (2026-09-21)): every ORIG/AP row of the committed SHA-verified openFDA payload; facts verbatim from the payload; application type and holder cross-checked against the full official Drugs@FDA database (Applications_all_types.txt, 29,336 applications); no ticker, indication or applicant lineage asserted."
PRE1965AUDIT-1964-24,1964,NDA013174,NDA,1964-08-10,TYPE 1,Type 1 - New Molecular Entity,PRIORITY,TRUE,NME (Type 1),ADVANZ PHARMA,MATCH,DYRENIUM,TRIAMTERENE 100MG,CAPSULE; ORAL,2,Prescription,first-in-payloads (1939-1964 universe),"first appearance in the 1939-1964 payload universe (Drugs@FDA coverage before 1965 is incomplete: re-approval screen, not proof of first marketing)",PRE1965-1964-24 (data/pre1965_fda_decisions.csv),MATCH,https://www.accessdata.fda.gov/scripts/cder/daf/index.cfm?event=overview.process&varApplNo=013174,https://api.fda.gov/drug/drugsfda.json?search=application_number:%22NDA013174%22,Verified (live probe match),"Row of the complete 1939-1964 original-application audit (v26 (2026-09-21)): every ORIG/AP row of the committed SHA-verified openFDA payload; facts verbatim from the payload; application type and holder cross-checked against the full official Drugs@FDA database (Applications_all_types.txt, 29,336 applications); no ticker, indication or applicant lineage asserted."
PRE1965AUDIT-1964-25,1964,NDA050339,NDA,1964-09-04,UNKNOWN,,UNKNOWN,FALSE,NOT PUBLISHED (blank class),PHARMACIA AND UPJOHN,MATCH,ALBAMYCIN,NOVOBIOCIN SODIUM EQ 250MG BASE,CAPSULE; ORAL,1,Discontinued,first-in-payloads (1939-1964 universe),non-NME row: earlier appearances permitted by construction; see ingredient_first_appearance,none (not a Type 1/1-4 original approval),MATCH,https://www.accessdata.fda.gov/scripts/cder/daf/index.cfm?event=overview.process&varApplNo=050339,https://api.fda.gov/drug/drugsfda.json?search=application_number:%22NDA050339%22,Verified (live probe match),"Row of the complete 1939-1964 original-application audit (v26 (2026-09-21)): every ORIG/AP row of the committed SHA-verified openFDA payload; facts verbatim from the payload; application type and holder cross-checked against the full official Drugs@FDA database (Applications_all_types.txt, 29,336 applications); no ticker, indication or applicant lineage asserted."
PRE1965AUDIT-1964-26,1964,NDA050286,NDA,1964-09-08,UNKNOWN,,UNKNOWN,FALSE,NOT PUBLISHED (blank class),PFIZER,MATCH,TERRAMYCIN,OXYTETRACYCLINE HYDROCHLORIDE EQ 250MG BASE,CAPSULE; ORAL,2,Discontinued,first-in-payloads (1939-1964 universe),non-NME row: earlier appearances permitted by construction; see ingredient_first_appearance,none (not a Type 1/1-4 original approval),MATCH,https://www.accessdata.fda.gov/scripts/cder/daf/index.cfm?event=overview.process&varApplNo=050286,https://api.fda.gov/drug/drugsfda.json?search=application_number:%22NDA050286%22,Verified (live probe match),"Row of the complete 1939-1964 original-application audit (v26 (2026-09-21)): every ORIG/AP row of the committed SHA-verified openFDA payload; facts verbatim from the payload; application type and holder cross-checked against the full official Drugs@FDA database (Applications_all_types.txt, 29,336 applications); no ticker, indication or applicant lineage asserted."
PRE1965AUDIT-1964-27,1964,NDA050261,NDA,1964-09-22,,,,FALSE,NOT PUBLISHED (blank class),COREPHARMA,MATCH,DECLOMYCIN,DEMECLOCYCLINE HYDROCHLORIDE 75MG **Federal Register determination that product was not discontinued or withdrawn for safety or effectiveness reasons**,TABLET; ORAL,3,Discontinued,1960-01-14 on NDA050262,non-NME row: earlier appearances permitted by construction; see ingredient_first_appearance,none (not a Type 1/1-4 original approval),MATCH,https://www.accessdata.fda.gov/scripts/cder/daf/index.cfm?event=overview.process&varApplNo=050261,https://api.fda.gov/drug/drugsfda.json?search=application_number:%22NDA050261%22,Verified (live probe match),"Row of the complete 1939-1964 original-application audit (v26 (2026-09-21)): every ORIG/AP row of the committed SHA-verified openFDA payload; facts verbatim from the payload; application type and holder cross-checked against the full official Drugs@FDA database (Applications_all_types.txt, 29,336 applications); no ticker, indication or applicant lineage asserted."
PRE1965AUDIT-1964-28,1964,NDA050237,NDA,1964-10-19,,,,FALSE,NOT PUBLISHED (blank class),BAYER PHARMS,MATCH,NEO-CORT-DOME,HYDROCORTISONE 1%; NEOMYCIN SULFATE EQ 3.5MG BASE/GM,CREAM; TOPICAL,2,Discontinued,1952-08-05 on NDA008506,non-NME row: earlier appearances permitted by construction; see ingredient_first_appearance,none (not a Type 1/1-4 original approval),MATCH,https://www.accessdata.fda.gov/scripts/cder/daf/index.cfm?event=overview.process&varApplNo=050237,https://api.fda.gov/drug/drugsfda.json?search=application_number:%22NDA050237%22,Verified (live probe match),"Row of the complete 1939-1964 original-application audit (v26 (2026-09-21)): every ORIG/AP row of the committed SHA-verified openFDA payload; facts verbatim from the payload; application type and holder cross-checked against the full official Drugs@FDA database (Applications_all_types.txt, 29,336 applications); no ticker, indication or applicant lineage asserted."
PRE1965AUDIT-1964-29,1964,NDA014684,NDA,1964-11-06,TYPE 1,Type 1 - New Molecular Entity,STANDARD,TRUE,NME (Type 1),LILLY,MATCH,AVENTYL HYDROCHLORIDE,NORTRIPTYLINE HYDROCHLORIDE EQ 25MG BASE,CAPSULE; ORAL,2,Discontinued,first-in-payloads (1939-1964 universe),"first appearance in the 1939-1964 payload universe (Drugs@FDA coverage before 1965 is incomplete: re-approval screen, not proof of first marketing)",PRE1965-1964-29 (data/pre1965_fda_decisions.csv),MATCH,https://www.accessdata.fda.gov/scripts/cder/daf/index.cfm?event=overview.process&varApplNo=014684,https://api.fda.gov/drug/drugsfda.json?search=application_number:%22NDA014684%22,Verified (live probe match),"Row of the complete 1939-1964 original-application audit (v26 (2026-09-21)): every ORIG/AP row of the committed SHA-verified openFDA payload; facts verbatim from the payload; application type and holder cross-checked against the full official Drugs@FDA database (Applications_all_types.txt, 29,336 applications); no ticker, indication or applicant lineage asserted."
PRE1965AUDIT-1964-30,1964,NDA014685,NDA,1964-11-06,TYPE 3,Type 3 - New Dosage Form,STANDARD,FALSE,Type 3 - New Dosage Form,RANBAXY,MATCH,AVENTYL,NORTRIPTYLINE HYDROCHLORIDE EQ 10MG BASE/5ML **Federal Register determination that product was not discontinued or withdrawn for safety or effectiveness reasons**,SOLUTION; ORAL,1,Discontinued,1964-11-06 on NDA014684,non-NME row: earlier appearances permitted by construction; see ingredient_first_appearance,none (not a Type 1/1-4 original approval),MATCH,https://www.accessdata.fda.gov/scripts/cder/daf/index.cfm?event=overview.process&varApplNo=014685,https://api.fda.gov/drug/drugsfda.json?search=application_number:%22NDA014685%22,Verified (live probe match),"Row of the complete 1939-1964 original-application audit (v26 (2026-09-21)): every ORIG/AP row of the committed SHA-verified openFDA payload; facts verbatim from the payload; application type and holder cross-checked against the full official Drugs@FDA database (Applications_all_types.txt, 29,336 applications); no ticker, indication or applicant lineage asserted."
PRE1965AUDIT-1964-31,1964,NDA014399,NDA,1964-11-20,TYPE 2,Type 2 - New Active Ingredient,STANDARD,FALSE,Type 2 - New Active Ingredient,VALIDUS PHARMS,MATCH,NORPRAMIN,DESIPRAMINE HYDROCHLORIDE 10MG,TABLET; ORAL,6,Discontinued,first-in-payloads (1939-1964 universe),non-NME row: earlier appearances permitted by construction; see ingredient_first_appearance,none (not a Type 1/1-4 original approval),MATCH,https://www.accessdata.fda.gov/scripts/cder/daf/index.cfm?event=overview.process&varApplNo=014399,https://api.fda.gov/drug/drugsfda.json?search=application_number:%22NDA014399%22,Verified (live probe match),"Row of the complete 1939-1964 original-application audit (v26 (2026-09-21)): every ORIG/AP row of the committed SHA-verified openFDA payload; facts verbatim from the payload; application type and holder cross-checked against the full official Drugs@FDA database (Applications_all_types.txt, 29,336 applications); no ticker, indication or applicant lineage asserted."
PRE1965AUDIT-1964-32,1964,NDA014694,NDA,1964-12-04,TYPE 2,Type 2 - New Active Ingredient,STANDARD,FALSE,Type 2 - New Active Ingredient,ASPEN GLOBAL INC,MATCH,HEXADROL,DEXAMETHASONE SODIUM PHOSPHATE EQ 20MG PHOSPHATE/ML,INJECTABLE; INJECTION,3,Discontinued,1959-08-26 on NDA011983,non-NME row: earlier appearances permitted by construction; see ingredient_first_appearance,none (not a Type 1/1-4 original approval),MATCH,https://www.accessdata.fda.gov/scripts/cder/daf/index.cfm?event=overview.process&varApplNo=014694,https://api.fda.gov/drug/drugsfda.json?search=application_number:%22NDA014694%22,Verified (live probe match),"Row of the complete 1939-1964 original-application audit (v26 (2026-09-21)): every ORIG/AP row of the committed SHA-verified openFDA payload; facts verbatim from the payload; application type and holder cross-checked against the full official Drugs@FDA database (Applications_all_types.txt, 29,336 applications); no ticker, indication or applicant lineage asserted."
PRE1965AUDIT-1964-33,1964,NDA050682,NDA,1964-12-10,TYPE 1,Type 1 - New Molecular Entity,PRIORITY,TRUE,NME (Type 1),RECORDATI RARE,MATCH,COSMEGEN,DACTINOMYCIN 0.5MG/VIAL **Federal Register determination that product was not discontinued or withdrawn for safety or effectiveness reasons**,INJECTABLE; INJECTION,1,Discontinued,first-in-payloads (1939-1964 universe),"first appearance in the 1939-1964 payload universe (Drugs@FDA coverage before 1965 is incomplete: re-approval screen, not proof of first marketing)",PRE1965-1964-33 (data/pre1965_fda_decisions.csv),MATCH,https://www.accessdata.fda.gov/scripts/cder/daf/index.cfm?event=overview.process&varApplNo=050682,https://api.fda.gov/drug/drugsfda.json?search=application_number:%22NDA050682%22,Verified (live probe match),"Row of the complete 1939-1964 original-application audit (v26 (2026-09-21)): every ORIG/AP row of the committed SHA-verified openFDA payload; facts verbatim from the payload; application type and holder cross-checked against the full official Drugs@FDA database (Applications_all_types.txt, 29,336 applications); no ticker, indication or applicant lineage asserted."
PRE1965AUDIT-1964-34,1964,NDA015417,NDA,1964-12-12,TYPE 5,Type 5 - New Formulation or New Manufacturer,STANDARD,FALSE,Type 5 - New Formulation or New Manufacturer,WEST WARD,MATCH,MEPROBAMATE,MEPROBAMATE 200MG,TABLET; ORAL,2,Discontinued,1955-04-28 on NDA009698,non-NME row: earlier appearances permitted by construction; see ingredient_first_appearance,none (not a Type 1/1-4 original approval),MATCH,https://www.accessdata.fda.gov/scripts/cder/daf/index.cfm?event=overview.process&varApplNo=015417,https://api.fda.gov/drug/drugsfda.json?search=application_number:%22NDA015417%22,Verified (live probe match),"Row of the complete 1939-1964 original-application audit (v26 (2026-09-21)): every ORIG/AP row of the committed SHA-verified openFDA payload; facts verbatim from the payload; application type and holder cross-checked against the full official Drugs@FDA database (Applications_all_types.txt, 29,336 applications); no ticker, indication or applicant lineage asserted."
PRE1965AUDIT-1964-35,1964,NDA050169,NDA,1964-12-18,UNKNOWN,,UNKNOWN,FALSE,NOT PUBLISHED (blank class),MONARCH PHARMS,MATCH,CORTISPORIN,"HYDROCORTISONE 1%; NEOMYCIN SULFATE EQ 3.5MG BASE/ML; POLYMYXIN B SULFATE 10,000 UNITS/ML",SUSPENSION/DROPS; OPHTHALMIC,1,Discontinued,1952-08-05 on NDA008506,non-NME row: earlier appearances permitted by construction; see ingredient_first_appearance,none (not a Type 1/1-4 original approval),MATCH,https://www.accessdata.fda.gov/scripts/cder/daf/index.cfm?event=overview.process&varApplNo=050169,https://api.fda.gov/drug/drugsfda.json?search=application_number:%22NDA050169%22,Verified (live probe match),"Row of the complete 1939-1964 original-application audit (v26 (2026-09-21)): every ORIG/AP row of the committed SHA-verified openFDA payload; facts verbatim from the payload; application type and holder cross-checked against the full official Drugs@FDA database (Applications_all_types.txt, 29,336 applications); no ticker, indication or applicant lineage asserted."
PRE1965AUDIT-1964-36,1964,NDA013378,NDA,1964-12-23,TYPE 1,Type 1 - New Molecular Entity,PRIORITY,TRUE,NME (Type 1),LILLY,MATCH,DYMELOR,ACETOHEXAMIDE 500MG,TABLET; ORAL,2,Discontinued,first-in-payloads (1939-1964 universe),"first appearance in the 1939-1964 payload universe (Drugs@FDA coverage before 1965 is incomplete: re-approval screen, not proof of first marketing)",PRE1965-1964-36 (data/pre1965_fda_decisions.csv),MATCH,https://www.accessdata.fda.gov/scripts/cder/daf/index.cfm?event=overview.process&varApplNo=013378,https://api.fda.gov/drug/drugsfda.json?search=application_number:%22NDA013378%22,Verified (live probe match),"Row of the complete 1939-1964 original-application audit (v26 (2026-09-21)): every ORIG/AP row of the committed SHA-verified openFDA payload; facts verbatim from the payload; application type and holder cross-checked against the full official Drugs@FDA database (Applications_all_types.txt, 29,336 applications); no ticker, indication or applicant lineage asserted."
PRE1965AUDIT-1964-37,1964,NDA050316,NDA,1964-12-29,UNKNOWN,,UNKNOWN,FALSE,NOT PUBLISHED (blank class),PHARMACIA AND UPJOHN,MATCH,LINCOCIN,LINCOMYCIN HYDROCHLORIDE EQ 500MG BASE,CAPSULE; ORAL,2,Discontinued,first-in-payloads (1939-1964 universe),non-NME row: earlier appearances permitted by construction; see ingredient_first_appearance,none (not a Type 1/1-4 original approval),MATCH,https://www.accessdata.fda.gov/scripts/cder/daf/index.cfm?event=overview.process&varApplNo=050316,https://api.fda.gov/drug/drugsfda.json?search=application_number:%22NDA050316%22,Verified (live probe match),"Row of the complete 1939-1964 original-application audit (v26 (2026-09-21)): every ORIG/AP row of the committed SHA-verified openFDA payload; facts verbatim from the payload; application type and holder cross-checked against the full official Drugs@FDA database (Applications_all_types.txt, 29,336 applications); no ticker, indication or applicant lineage asserted."
PRE1965AUDIT-1964-38,1964,NDA050317,NDA,1964-12-29,UNKNOWN,,UNKNOWN,FALSE,NOT PUBLISHED (blank class),PFIZER,MATCH,LINCOCIN,LINCOMYCIN HYDROCHLORIDE EQ 300MG BASE/ML,INJECTABLE; INJECTION,1,Prescription,1964-12-29 on NDA050316,non-NME row: earlier appearances permitted by construction; see ingredient_first_appearance,none (not a Type 1/1-4 original approval),MATCH,https://www.accessdata.fda.gov/scripts/cder/daf/index.cfm?event=overview.process&varApplNo=050317,https://api.fda.gov/drug/drugsfda.json?search=application_number:%22NDA050317%22,Verified (live probe match),"Row of the complete 1939-1964 original-application audit (v26 (2026-09-21)): every ORIG/AP row of the committed SHA-verified openFDA payload; facts verbatim from the payload; application type and holder cross-checked against the full official Drugs@FDA database (Applications_all_types.txt, 29,336 applications); no ticker, indication or applicant lineage asserted."
