row_id,year,application_number,application_kind,decision_date,submission_class_code,submission_class_code_description,review_priority,nme_comparable,classification_group,sponsor_name_drugsatfda_holder,first_product_brand,first_product_ingredients,first_product_form_route,n_products,first_product_marketing_status,ingredient_first_appearance,ingredient_screen,tracked_in,live_probe_status,drugsatfda_url,openfda_url,verification_status,notes
PRE1980AUDIT-1965-01,1965,NDA014006,NDA,1965-01-07,TYPE 3,Type 3 - New Dosage Form,STANDARD,FALSE,Type 3 - New Dosage Form,ORGANON USA INC,MAXIBOLIN,ETHYLESTRENOL 2MG/5ML,ELIXIR; ORAL,1,Discontinued,ETHYLESTRENOL first 1964-05-28 on NDA014005,non-NME row: earlier appearances permitted by construction; see ingredient_first_appearance,none (not a Type 1/1-4 original approval),NOT_PROBED_NON_NME_ROW,https://www.accessdata.fda.gov/scripts/cder/daf/index.cfm?event=overview.process&varApplNo=014006,https://api.fda.gov/drug/drugsfda.json?search=application_number:%22NDA014006%22,Payload-verified; no per-row live probe issued for non-NME rows (cross-checked against the full Drugs@FDA database instead),"Row of the complete 1965-1976 original-application audit (v21): every ORIG/AP row of the committed SHA-verified payloads; facts verbatim from the payload; no ticker, indication or applicant lineage asserted."
PRE1980AUDIT-1965-02,1965,NDA015193,NDA,1965-01-25,TYPE 3,Type 3 - New Dosage Form,STANDARD,FALSE,Type 3 - New Dosage Form,BAUSCH,MESTINON,PYRIDOSTIGMINE BROMIDE 60MG/5ML,SYRUP; ORAL,1,Prescription,PYRIDOSTIGMINE BROMIDE first 1955-04-06 on NDA009829,non-NME row: earlier appearances permitted by construction; see ingredient_first_appearance,none (not a Type 1/1-4 original approval),NOT_PROBED_NON_NME_ROW,https://www.accessdata.fda.gov/scripts/cder/daf/index.cfm?event=overview.process&varApplNo=015193,https://api.fda.gov/drug/drugsfda.json?search=application_number:%22NDA015193%22,Payload-verified; no per-row live probe issued for non-NME rows (cross-checked against the full Drugs@FDA database instead),"Row of the complete 1965-1976 original-application audit (v21): every ORIG/AP row of the committed SHA-verified payloads; facts verbatim from the payload; no ticker, indication or applicant lineage asserted."
PRE1980AUDIT-1965-03,1965,NDA014901,NDA,1965-02-01,TYPE 5,Type 5 - New Formulation or New Manufacturer,STANDARD,FALSE,Type 5 - New Formulation or New Manufacturer,APOTHECON,KENALOG-40,TRIAMCINOLONE ACETONIDE 40MG/ML,INJECTABLE; INJECTION,2,Prescription,TRIAMCINOLONE ACETONIDE first 1958-10-23 on NDA011601,non-NME row: earlier appearances permitted by construction; see ingredient_first_appearance,none (not a Type 1/1-4 original approval),NOT_PROBED_NON_NME_ROW,https://www.accessdata.fda.gov/scripts/cder/daf/index.cfm?event=overview.process&varApplNo=014901,https://api.fda.gov/drug/drugsfda.json?search=application_number:%22NDA014901%22,Payload-verified; no per-row live probe issued for non-NME rows (cross-checked against the full Drugs@FDA database instead),"Row of the complete 1965-1976 original-application audit (v21): every ORIG/AP row of the committed SHA-verified payloads; facts verbatim from the payload; no ticker, indication or applicant lineage asserted."
PRE1980AUDIT-1965-04,1965,NDA014602,NDA,1965-03-03,TYPE 1,Type 1 - New Molecular Entity,STANDARD,TRUE,NME (Type 1),ORGANON,Celestone Soluspan,BETAMETHASONE ACETATE 3MG/ML; BETAMETHASONE SODIUM PHOSPHATE EQ 3MG BASE/ML,INJECTABLE; INJECTION,1,Prescription,first-in-payloads (1939-1979 universe),first appearance in the 1939-1979 payload universe,PRE1980-1965-01,MATCH,https://www.accessdata.fda.gov/scripts/cder/daf/index.cfm?event=overview.process&varApplNo=014602,https://api.fda.gov/drug/drugsfda.json?search=application_number:%22NDA014602%22,Verified (live probe match),"Row of the complete 1965-1976 original-application audit (v21): every ORIG/AP row of the committed SHA-verified payloads; facts verbatim from the payload; no ticker, indication or applicant lineage asserted."
PRE1980AUDIT-1965-05,1965,NDA050207,NDA,1965-04-02,UNKNOWN,,UNKNOWN,FALSE,NOT PUBLISHED (blank class),CARNEGIE,ERYPED,ERYTHROMYCIN ETHYLSUCCINATE EQ 200MG BASE/5ML,GRANULE; ORAL,3,Prescription,first-in-payloads (1939-1979 universe),non-NME row: earlier appearances permitted by construction; see ingredient_first_appearance,none (not a Type 1/1-4 original approval),NOT_PROBED_NON_NME_ROW,https://www.accessdata.fda.gov/scripts/cder/daf/index.cfm?event=overview.process&varApplNo=050207,https://api.fda.gov/drug/drugsfda.json?search=application_number:%22NDA050207%22,Payload-verified; no per-row live probe issued for non-NME rows (cross-checked against the full Drugs@FDA database instead),"Row of the complete 1965-1976 original-application audit (v21): every ORIG/AP row of the committed SHA-verified payloads; facts verbatim from the payload; no ticker, indication or applicant lineage asserted."
PRE1980AUDIT-1965-06,1965,NDA016008,NDA,1965-04-07,TYPE 3,Type 3 - New Dosage Form,STANDARD,FALSE,Type 3 - New Dosage Form,SCHERING,PERMITIL,FLUPHENAZINE HYDROCHLORIDE 5MG/ML **Federal Register determination that product was not discontinued or withdrawn for safety or effectiveness reasons**,CONCENTRATE; ORAL,1,Discontinued,FLUPHENAZINE HYDROCHLORIDE first 1959-09-09 on NDA012034,non-NME row: earlier appearances permitted by construction; see ingredient_first_appearance,none (not a Type 1/1-4 original approval),NOT_PROBED_NON_NME_ROW,https://www.accessdata.fda.gov/scripts/cder/daf/index.cfm?event=overview.process&varApplNo=016008,https://api.fda.gov/drug/drugsfda.json?search=application_number:%22NDA016008%22,Payload-verified; no per-row live probe issued for non-NME rows (cross-checked against the full Drugs@FDA database instead),"Row of the complete 1965-1976 original-application audit (v21): every ORIG/AP row of the committed SHA-verified payloads; facts verbatim from the payload; no ticker, indication or applicant lineage asserted."
PRE1980AUDIT-1965-07,1965,NDA014394,NDA,1965-04-20,TYPE 3,Type 3 - New Dosage Form,STANDARD,FALSE,Type 3 - New Dosage Form,ASTRAZENECA,XYLOCAINE,LIDOCAINE 10%,AEROSOL; ORAL,1,Discontinued,LIDOCAINE first 1951-05-17 on NDA008048,non-NME row: earlier appearances permitted by construction; see ingredient_first_appearance,none (not a Type 1/1-4 original approval),NOT_PROBED_NON_NME_ROW,https://www.accessdata.fda.gov/scripts/cder/daf/index.cfm?event=overview.process&varApplNo=014394,https://api.fda.gov/drug/drugsfda.json?search=application_number:%22NDA014394%22,Payload-verified; no per-row live probe issued for non-NME rows (cross-checked against the full Drugs@FDA database instead),"Row of the complete 1965-1976 original-application audit (v21): every ORIG/AP row of the committed SHA-verified payloads; facts verbatim from the payload; no ticker, indication or applicant lineage asserted."
PRE1980AUDIT-1965-08,1965,NDA013026,NDA,1965-04-30,TYPE 1,Type 1 - New Molecular Entity,PRIORITY,TRUE,NME (Type 1),WYETH PHARMS,Trecator,ETHIONAMIDE 250MG,TABLET; ORAL,1,Discontinued,first-in-payloads (1939-1979 universe),first appearance in the 1939-1979 payload universe,PRE1980-1965-02,MATCH,https://www.accessdata.fda.gov/scripts/cder/daf/index.cfm?event=overview.process&varApplNo=013026,https://api.fda.gov/drug/drugsfda.json?search=application_number:%22NDA013026%22,Verified (live probe match),"Row of the complete 1965-1976 original-application audit (v21): every ORIG/AP row of the committed SHA-verified payloads; facts verbatim from the payload; no ticker, indication or applicant lineage asserted."
PRE1980AUDIT-1965-09,1965,BLA101995,BLA,1965-06-04,TYPE 1,Type 1 - New Molecular Entity,UNKNOWN,TRUE,NME (Type 1),SMITH AND NEPHEW,Santyl,COLLAGENASE 250U/GRAM,OINTMENT; TOPICAL,1,Prescription,first-in-payloads (1939-1979 universe),first appearance in the 1939-1979 payload universe,PRE1980-1965-03,MATCH,https://www.accessdata.fda.gov/scripts/cder/daf/index.cfm?event=overview.process&varApplNo=101995,https://api.fda.gov/drug/drugsfda.json?search=application_number:%22BLA101995%22,Verified (live probe match),"Row of the complete 1965-1976 original-application audit (v21): every ORIG/AP row of the committed SHA-verified payloads; facts verbatim from the payload; no ticker, indication or applicant lineage asserted."
PRE1980AUDIT-1965-10,1965,NDA015539,NDA,1965-06-04,TYPE 1,Type 1 - New Molecular Entity,STANDARD,TRUE,NME (Type 1),ALPHARMA US PHARMS,Serax,OXAZEPAM 15MG **Federal Register determination that product was not discontinued or withdrawn for safety or effectiveness reasons**,TABLET; ORAL,4,Discontinued,first-in-payloads (1939-1979 universe),first appearance in the 1939-1979 payload universe,PRE1980-1965-04,MATCH,https://www.accessdata.fda.gov/scripts/cder/daf/index.cfm?event=overview.process&varApplNo=015539,https://api.fda.gov/drug/drugsfda.json?search=application_number:%22NDA015539%22,Verified (live probe match),"Row of the complete 1965-1976 original-application audit (v21): every ORIG/AP row of the committed SHA-verified payloads; facts verbatim from the payload; no ticker, indication or applicant lineage asserted."
PRE1980AUDIT-1965-11,1965,NDA006530,NDA,1965-06-05,UNKNOWN,,UNKNOWN,FALSE,NOT PUBLISHED (blank class),PHARMOBEDIENT,AVC,SULFANILAMIDE 15% **Federal Register determination that product was not discontinued or withdrawn for safety or effectiveness reasons**,CREAM; VAGINAL,2,Discontinued,first-in-payloads (1939-1979 universe),non-NME row: earlier appearances permitted by construction; see ingredient_first_appearance,none (not a Type 1/1-4 original approval),NOT_PROBED_NON_NME_ROW,https://www.accessdata.fda.gov/scripts/cder/daf/index.cfm?event=overview.process&varApplNo=006530,https://api.fda.gov/drug/drugsfda.json?search=application_number:%22NDA006530%22,Payload-verified; no per-row live probe issued for non-NME rows (cross-checked against the full Drugs@FDA database instead),"Row of the complete 1965-1976 original-application audit (v21): every ORIG/AP row of the committed SHA-verified payloads; facts verbatim from the payload; no ticker, indication or applicant lineage asserted."
PRE1980AUDIT-1965-12,1965,NDA016059,NDA,1965-06-10,TYPE 1,Type 1 - New Molecular Entity,PRIORITY,TRUE,NME (Type 1),ZYLA LIFE SCIENCES,Indocin,INDOMETHACIN 25MG **Federal Register determination that product was not discontinued or withdrawn for safety or effectiveness reasons**,CAPSULE; ORAL,2,Discontinued,first-in-payloads (1939-1979 universe),first appearance in the 1939-1979 payload universe,PRE1980-1965-05,MATCH,https://www.accessdata.fda.gov/scripts/cder/daf/index.cfm?event=overview.process&varApplNo=016059,https://api.fda.gov/drug/drugsfda.json?search=application_number:%22NDA016059%22,Verified (live probe match),"Row of the complete 1965-1976 original-application audit (v21): every ORIG/AP row of the committed SHA-verified payloads; facts verbatim from the payload; no ticker, indication or applicant lineage asserted."
PRE1980AUDIT-1965-13,1965,NDA014217,NDA,1965-06-14,TYPE 2,Type 2 - New Active Ingredient,STANDARD,FALSE,Type 2 - New Active Ingredient,PAMLAB LLC,MAOLATE,CHLORPHENESIN CARBAMATE 400MG,TABLET; ORAL,1,Discontinued,first-in-payloads (1939-1979 universe),non-NME row: earlier appearances permitted by construction; see ingredient_first_appearance,none (not a Type 1/1-4 original approval),NOT_PROBED_NON_NME_ROW,https://www.accessdata.fda.gov/scripts/cder/daf/index.cfm?event=overview.process&varApplNo=014217,https://api.fda.gov/drug/drugsfda.json?search=application_number:%22NDA014217%22,Payload-verified; no per-row live probe issued for non-NME rows (cross-checked against the full Drugs@FDA database instead),"Row of the complete 1965-1976 original-application audit (v21): every ORIG/AP row of the committed SHA-verified payloads; facts verbatim from the payload; no ticker, indication or applicant lineage asserted."
PRE1980AUDIT-1965-14,1965,NDA010210,NDA,1965-06-23,TYPE 4,Type 4 - New Combination,STANDARD,FALSE,Type 4 - New Combination,SCHERING,METIMYD,PREDNISOLONE ACETATE 0.5%; SULFACETAMIDE SODIUM 10%,SUSPENSION/DROPS; OPHTHALMIC,2,Discontinued,2 ingredients first seen earlier (earliest 1955-05-22 on NDA010255),non-NME row: earlier appearances permitted by construction; see ingredient_first_appearance,none (not a Type 1/1-4 original approval),NOT_PROBED_NON_NME_ROW,https://www.accessdata.fda.gov/scripts/cder/daf/index.cfm?event=overview.process&varApplNo=010210,https://api.fda.gov/drug/drugsfda.json?search=application_number:%22NDA010210%22,Payload-verified; no per-row live probe issued for non-NME rows (cross-checked against the full Drugs@FDA database instead),"Row of the complete 1965-1976 original-application audit (v21): every ORIG/AP row of the committed SHA-verified payloads; facts verbatim from the payload; no ticker, indication or applicant lineage asserted."
PRE1980AUDIT-1965-15,1965,NDA014879,NDA,1965-06-23,TYPE 1,Type 1 - New Molecular Entity,STANDARD,TRUE,NME (Type 1),HIKMA,Dopram,DOXAPRAM HYDROCHLORIDE 20MG/ML,INJECTABLE; INJECTION,1,Prescription,first-in-payloads (1939-1979 universe),first appearance in the 1939-1979 payload universe,PRE1980-1965-06,MATCH,https://www.accessdata.fda.gov/scripts/cder/daf/index.cfm?event=overview.process&varApplNo=014879,https://api.fda.gov/drug/drugsfda.json?search=application_number:%22NDA014879%22,Verified (live probe match),"Row of the complete 1965-1976 original-application audit (v21): every ORIG/AP row of the committed SHA-verified payloads; facts verbatim from the payload; no ticker, indication or applicant lineage asserted."
PRE1980AUDIT-1965-16,1965,NDA016030,NDA,1965-06-25,TYPE 3,Type 3 - New Dosage Form,STANDARD,FALSE,Type 3 - New Dosage Form,BAYER,MEASURIN,ASPIRIN 650MG,"TABLET, EXTENDED RELEASE; ORAL",2,Discontinued,ASPIRIN first 1950-04-12 on NDA007337,non-NME row: earlier appearances permitted by construction; see ingredient_first_appearance,none (not a Type 1/1-4 original approval),NOT_PROBED_NON_NME_ROW,https://www.accessdata.fda.gov/scripts/cder/daf/index.cfm?event=overview.process&varApplNo=016030,https://api.fda.gov/drug/drugsfda.json?search=application_number:%22NDA016030%22,Payload-verified; no per-row live probe issued for non-NME rows (cross-checked against the full Drugs@FDA database instead),"Row of the complete 1965-1976 original-application audit (v21): every ORIG/AP row of the committed SHA-verified payloads; facts verbatim from the payload; no ticker, indication or applicant lineage asserted."
PRE1980AUDIT-1965-17,1965,NDA013664,NDA,1965-07-01,TYPE 5,Type 5 - New Formulation or New Manufacturer,STANDARD,FALSE,Type 5 - New Formulation or New Manufacturer,ROCHE,GANTANOL,SULFAMETHOXAZOLE 500MG/5ML,SUSPENSION; ORAL,1,Discontinued,first-in-payloads (1939-1979 universe),non-NME row: earlier appearances permitted by construction; see ingredient_first_appearance,none (not a Type 1/1-4 original approval),NOT_PROBED_NON_NME_ROW,https://www.accessdata.fda.gov/scripts/cder/daf/index.cfm?event=overview.process&varApplNo=013664,https://api.fda.gov/drug/drugsfda.json?search=application_number:%22NDA013664%22,Payload-verified; no per-row live probe issued for non-NME rows (cross-checked against the full Drugs@FDA database instead),"Row of the complete 1965-1976 original-application audit (v21): every ORIG/AP row of the committed SHA-verified payloads; facts verbatim from the payload; no ticker, indication or applicant lineage asserted."
PRE1980AUDIT-1965-18,1965,NDA061015,NDA,1965-07-08,,,,FALSE,NOT PUBLISHED (blank class),CASPER PHARMA LLC,TERRAMYCIN W/ POLYMYXIN B SULFATE,"OXYTETRACYCLINE HYDROCHLORIDE EQ 5MG BASE/GM; POLYMYXIN B SULFATE 10,000 UNITS/GM",OINTMENT; OPHTHALMIC,1,Discontinued,2 ingredients first seen earlier (earliest 1964-09-08 on NDA050286),non-NME row: earlier appearances permitted by construction; see ingredient_first_appearance,none (not a Type 1/1-4 original approval),NOT_PROBED_NON_NME_ROW,https://www.accessdata.fda.gov/scripts/cder/daf/index.cfm?event=overview.process&varApplNo=061015,https://api.fda.gov/drug/drugsfda.json?search=application_number:%22NDA061015%22,Payload-verified; no per-row live probe issued for non-NME rows (cross-checked against the full Drugs@FDA database instead),"Row of the complete 1965-1976 original-application audit (v21): every ORIG/AP row of the committed SHA-verified payloads; facts verbatim from the payload; no ticker, indication or applicant lineage asserted."
PRE1980AUDIT-1965-19,1965,NDA016001,NDA,1965-08-17,TYPE 5,Type 5 - New Formulation or New Manufacturer,STANDARD,FALSE,Type 5 - New Formulation or New Manufacturer,SOLVAY,AQUATAG,BENZTHIAZIDE 50MG,TABLET; ORAL,2,Discontinued,BENZTHIAZIDE first 1960-10-14 on NDA012489,non-NME row: earlier appearances permitted by construction; see ingredient_first_appearance,none (not a Type 1/1-4 original approval),NOT_PROBED_NON_NME_ROW,https://www.accessdata.fda.gov/scripts/cder/daf/index.cfm?event=overview.process&varApplNo=016001,https://api.fda.gov/drug/drugsfda.json?search=application_number:%22NDA016001%22,Payload-verified; no per-row live probe issued for non-NME rows (cross-checked against the full Drugs@FDA database instead),"Row of the complete 1965-1976 original-application audit (v21): every ORIG/AP row of the committed SHA-verified payloads; facts verbatim from the payload; no ticker, indication or applicant lineage asserted."
PRE1980AUDIT-1965-20,1965,NDA014715,NDA,1965-08-23,TYPE 4,Type 4 - New Combination,STANDARD,FALSE,Type 4 - New Combination,NEW RIVER,TRIAVIL 4-25,AMITRIPTYLINE HYDROCHLORIDE 25MG; PERPHENAZINE 4MG **Federal Register determination that product was not discontinued or withdrawn for safety or effectiveness reasons**,TABLET; ORAL,5,Discontinued,2 ingredients first seen earlier (earliest 1961-04-07 on NDA012703),non-NME row: earlier appearances permitted by construction; see ingredient_first_appearance,none (not a Type 1/1-4 original approval),NOT_PROBED_NON_NME_ROW,https://www.accessdata.fda.gov/scripts/cder/daf/index.cfm?event=overview.process&varApplNo=014715,https://api.fda.gov/drug/drugsfda.json?search=application_number:%22NDA014715%22,Payload-verified; no per-row live probe issued for non-NME rows (cross-checked against the full Drugs@FDA database instead),"Row of the complete 1965-1976 original-application audit (v21): every ORIG/AP row of the committed SHA-verified payloads; facts verbatim from the payload; no ticker, indication or applicant lineage asserted."
PRE1980AUDIT-1965-21,1965,NDA012715,NDA,1965-08-25,TYPE 1,Type 1 - New Molecular Entity,STANDARD,TRUE,NME (Type 1),ROCHE,Gantanol-DS,SULFAMETHOXAZOLE 1GM,TABLET; ORAL,2,Discontinued,SULFAMETHOXAZOLE first 1965-07-01 on NDA013664,adjudicated earlier appearance (combination component or same-ingredient sibling application); see the decision row notes,PRE1980-1965-07,MATCH,https://www.accessdata.fda.gov/scripts/cder/daf/index.cfm?event=overview.process&varApplNo=012715,https://api.fda.gov/drug/drugsfda.json?search=application_number:%22NDA012715%22,Verified (live probe match),"Row of the complete 1965-1976 original-application audit (v21): every ORIG/AP row of the committed SHA-verified payloads; facts verbatim from the payload; no ticker, indication or applicant lineage asserted."
PRE1980AUDIT-1965-22,1965,NDA016080,NDA,1965-10-08,TYPE 5,Type 5 - New Formulation or New Manufacturer,STANDARD,FALSE,Type 5 - New Formulation or New Manufacturer,B BRAUN,MANNITOL 5% W/ DEXTROSE 5% IN SODIUM CHLORIDE 0.12%,MANNITOL 5GM/100ML,INJECTABLE; INJECTION,7,Discontinued,MANNITOL first 1964-06-08 on NDA013684,non-NME row: earlier appearances permitted by construction; see ingredient_first_appearance,none (not a Type 1/1-4 original approval),NOT_PROBED_NON_NME_ROW,https://www.accessdata.fda.gov/scripts/cder/daf/index.cfm?event=overview.process&varApplNo=016080,https://api.fda.gov/drug/drugsfda.json?search=application_number:%22NDA016080%22,Payload-verified; no per-row live probe issued for non-NME rows (cross-checked against the full Drugs@FDA database instead),"Row of the complete 1965-1976 original-application audit (v21): every ORIG/AP row of the committed SHA-verified payloads; facts verbatim from the payload; no ticker, indication or applicant lineage asserted."
PRE1980AUDIT-1965-23,1965,NDA050199,NDA,1965-10-11,,,,FALSE,NOT PUBLISHED (blank class),WYETH AYERST,UNIPEN,NAFCILLIN SODIUM EQ 250MG BASE/5ML,FOR SOLUTION; ORAL,1,Discontinued,first-in-payloads (1939-1979 universe),non-NME row: earlier appearances permitted by construction; see ingredient_first_appearance,none (not a Type 1/1-4 original approval),NOT_PROBED_NON_NME_ROW,https://www.accessdata.fda.gov/scripts/cder/daf/index.cfm?event=overview.process&varApplNo=050199,https://api.fda.gov/drug/drugsfda.json?search=application_number:%22NDA050199%22,Payload-verified; no per-row live probe issued for non-NME rows (cross-checked against the full Drugs@FDA database instead),"Row of the complete 1965-1976 original-application audit (v21): every ORIG/AP row of the committed SHA-verified payloads; facts verbatim from the payload; no ticker, indication or applicant lineage asserted."
PRE1980AUDIT-1965-24,1965,NDA050313,NDA,1965-10-13,UNKNOWN,,UNKNOWN,FALSE,NOT PUBLISHED (blank class),APOTHECON,FUNGIZONE,AMPHOTERICIN B 3%,OINTMENT; TOPICAL,1,Discontinued,first-in-payloads (1939-1979 universe),non-NME row: earlier appearances permitted by construction; see ingredient_first_appearance,none (not a Type 1/1-4 original approval),NOT_PROBED_NON_NME_ROW,https://www.accessdata.fda.gov/scripts/cder/daf/index.cfm?event=overview.process&varApplNo=050313,https://api.fda.gov/drug/drugsfda.json?search=application_number:%22NDA050313%22,Payload-verified; no per-row live probe issued for non-NME rows (cross-checked against the full Drugs@FDA database instead),"Row of the complete 1965-1976 original-application audit (v21): every ORIG/AP row of the committed SHA-verified payloads; facts verbatim from the payload; no ticker, indication or applicant lineage asserted."
PRE1980AUDIT-1965-25,1965,NDA012806,NDA,1965-10-18,TYPE 1,Type 1 - New Molecular Entity,STANDARD,TRUE,NME (Type 1),INA PHARMS,Cordran,FLURANDRENOLIDE 0.05%,OINTMENT; TOPICAL,4,Discontinued,FLURANDRENOLIDE first 1963-03-19 on NDA013790,adjudicated earlier appearance (combination component or same-ingredient sibling application); see the decision row notes,PRE1980-1965-08,MATCH,https://www.accessdata.fda.gov/scripts/cder/daf/index.cfm?event=overview.process&varApplNo=012806,https://api.fda.gov/drug/drugsfda.json?search=application_number:%22NDA012806%22,Verified (live probe match),"Row of the complete 1965-1976 original-application audit (v21): every ORIG/AP row of the committed SHA-verified payloads; facts verbatim from the payload; no ticker, indication or applicant lineage asserted."
PRE1980AUDIT-1965-26,1965,NDA014763,NDA,1965-11-18,TYPE 1,Type 1 - New Molecular Entity,PRIORITY,TRUE,NME (Type 1),ASTRAZENECA,Citanest Plain,PRILOCAINE HYDROCHLORIDE 4% **Federal Register determination that product was not discontinued or withdrawn for safety or effectiveness reasons**,INJECTABLE; INJECTION,5,Discontinued,EPINEPHRINE BITARTRATE first 1956-03-09 on NDA010374,adjudicated earlier appearance (combination component or same-ingredient sibling application); see the decision row notes,PRE1980-1965-09,MATCH,https://www.accessdata.fda.gov/scripts/cder/daf/index.cfm?event=overview.process&varApplNo=014763,https://api.fda.gov/drug/drugsfda.json?search=application_number:%22NDA014763%22,Verified (live probe match),"Row of the complete 1965-1976 original-application audit (v21): every ORIG/AP row of the committed SHA-verified payloads; facts verbatim from the payload; no ticker, indication or applicant lineage asserted."
PRE1980AUDIT-1965-27,1965,NDA021382,NDA,1965-11-18,UNKNOWN,,UNKNOWN,FALSE,NOT PUBLISHED (blank class),DENTSPLY PHARM,CITANEST PLAIN DENTAL,PRILOCAINE HYDROCHLORIDE 4%,INJECTABLE; INJECTION,1,Discontinued,PRILOCAINE HYDROCHLORIDE first 1965-11-18 on NDA014763,non-NME row: earlier appearances permitted by construction; see ingredient_first_appearance,none (not a Type 1/1-4 original approval),NOT_PROBED_NON_NME_ROW,https://www.accessdata.fda.gov/scripts/cder/daf/index.cfm?event=overview.process&varApplNo=021382,https://api.fda.gov/drug/drugsfda.json?search=application_number:%22NDA021382%22,Payload-verified; no per-row live probe issued for non-NME rows (cross-checked against the full Drugs@FDA database instead),"Row of the complete 1965-1976 original-application audit (v21): every ORIG/AP row of the committed SHA-verified payloads; facts verbatim from the payload; no ticker, indication or applicant lineage asserted."
PRE1980AUDIT-1965-28,1965,NDA021383,NDA,1965-11-18,UNKNOWN,,UNKNOWN,FALSE,NOT PUBLISHED (blank class),DENTSPLY PHARM,CITANEST FORTE DENTAL,EPINEPHRINE BITARTRATE 0.005MG/ML; PRILOCAINE HYDROCHLORIDE 4%,INJECTABLE; INJECTION,1,Prescription,2 ingredients first seen earlier (earliest 1956-03-09 on NDA010374),non-NME row: earlier appearances permitted by construction; see ingredient_first_appearance,none (not a Type 1/1-4 original approval),NOT_PROBED_NON_NME_ROW,https://www.accessdata.fda.gov/scripts/cder/daf/index.cfm?event=overview.process&varApplNo=021383,https://api.fda.gov/drug/drugsfda.json?search=application_number:%22NDA021383%22,Payload-verified; no per-row live probe issued for non-NME rows (cross-checked against the full Drugs@FDA database instead),"Row of the complete 1965-1976 original-application audit (v21): every ORIG/AP row of the committed SHA-verified payloads; facts verbatim from the payload; no ticker, indication or applicant lineage asserted."
PRE1980AUDIT-1965-29,1965,NDA012665,NDA,1965-11-25,TYPE 1,Type 1 - New Molecular Entity,PRIORITY,TRUE,NME (Type 1),LILLY,Velban,VINBLASTINE SULFATE 10MG/VIAL **Federal Register determination that product was not discontinued or withdrawn for safety or effectiveness reasons**,INJECTABLE; INJECTION,1,Discontinued,first-in-payloads (1939-1979 universe),first appearance in the 1939-1979 payload universe,PRE1980-1965-10,MATCH,https://www.accessdata.fda.gov/scripts/cder/daf/index.cfm?event=overview.process&varApplNo=012665,https://api.fda.gov/drug/drugsfda.json?search=application_number:%22NDA012665%22,Verified (live probe match),"Row of the complete 1965-1976 original-application audit (v21): every ORIG/AP row of the committed SHA-verified payloads; facts verbatim from the payload; no ticker, indication or applicant lineage asserted."
PRE1980AUDIT-1965-30,1965,NDA016042,NDA,1965-12-02,TYPE 4,Type 4 - New Combination,STANDARD,FALSE,Type 4 - New Combination,GLAXOSMITHKLINE LLC,DYAZIDE,HYDROCHLOROTHIAZIDE 25MG; TRIAMTERENE 50MG **Federal Register determination that product was not discontinued or withdrawn for safety or effectiveness reasons**,CAPSULE; ORAL,2,Discontinued,2 ingredients first seen earlier (earliest 1959-02-12 on NDA011793),non-NME row: earlier appearances permitted by construction; see ingredient_first_appearance,none (not a Type 1/1-4 original approval),NOT_PROBED_NON_NME_ROW,https://www.accessdata.fda.gov/scripts/cder/daf/index.cfm?event=overview.process&varApplNo=016042,https://api.fda.gov/drug/drugsfda.json?search=application_number:%22NDA016042%22,Payload-verified; no per-row live probe issued for non-NME rows (cross-checked against the full Drugs@FDA database instead),"Row of the complete 1965-1976 original-application audit (v21): every ORIG/AP row of the committed SHA-verified payloads; facts verbatim from the payload; no ticker, indication or applicant lineage asserted."
PRE1980AUDIT-1965-31,1965,NDA013025,NDA,1965-12-16,TYPE 1/4,Type 1 - New Molecular Entity and Type 4 - New Combination,PRIORITY,TRUE,NME + new combination (Type 1/4),HOSPIRA,THAM,TROMETHAMINE 18GM/500ML (3.6GM/100ML),SOLUTION; INJECTION,2,Prescription,first-in-payloads (1939-1979 universe),first appearance in the 1939-1979 payload universe,PRE1980-1965-11,MATCH,https://www.accessdata.fda.gov/scripts/cder/daf/index.cfm?event=overview.process&varApplNo=013025,https://api.fda.gov/drug/drugsfda.json?search=application_number:%22NDA013025%22,Verified (live probe match),"Row of the complete 1965-1976 original-application audit (v21): every ORIG/AP row of the committed SHA-verified payloads; facts verbatim from the payload; no ticker, indication or applicant lineage asserted."
PRE1980AUDIT-1965-32,1965,NDA014242,NDA,1965-12-17,TYPE 5,Type 5 - New Formulation or New Manufacturer,STANDARD,FALSE,Type 5 - New Formulation or New Manufacturer,UCB INC,DEXACORT,DEXAMETHASONE SODIUM PHOSPHATE EQ 0.1MG PHOSPHATE/INH,AEROSOL; NASAL,1,Discontinued,DEXAMETHASONE SODIUM PHOSPHATE first 1959-08-26 on NDA011983,non-NME row: earlier appearances permitted by construction; see ingredient_first_appearance,none (not a Type 1/1-4 original approval),NOT_PROBED_NON_NME_ROW,https://www.accessdata.fda.gov/scripts/cder/daf/index.cfm?event=overview.process&varApplNo=014242,https://api.fda.gov/drug/drugsfda.json?search=application_number:%22NDA014242%22,Payload-verified; no per-row live probe issued for non-NME rows (cross-checked against the full Drugs@FDA database instead),"Row of the complete 1965-1976 original-application audit (v21): every ORIG/AP row of the committed SHA-verified payloads; facts verbatim from the payload; no ticker, indication or applicant lineage asserted."
PRE1980AUDIT-1966-01,1966,NDA016199,NDA,1966-01-12,TYPE 3,Type 3 - New Dosage Form,PRIORITY,FALSE,Type 3 - New Dosage Form,ANI PHARMS,CORTENEMA,HYDROCORTISONE 100MG/60ML,ENEMA; RECTAL,1,Prescription,HYDROCORTISONE first 1952-08-05 on NDA008506,non-NME row: earlier appearances permitted by construction; see ingredient_first_appearance,none (not a Type 1/1-4 original approval),NOT_PROBED_NON_NME_ROW,https://www.accessdata.fda.gov/scripts/cder/daf/index.cfm?event=overview.process&varApplNo=016199,https://api.fda.gov/drug/drugsfda.json?search=application_number:%22NDA016199%22,Payload-verified; no per-row live probe issued for non-NME rows (cross-checked against the full Drugs@FDA database instead),"Row of the complete 1965-1976 original-application audit (v21): every ORIG/AP row of the committed SHA-verified payloads; facts verbatim from the payload; no ticker, indication or applicant lineage asserted."
PRE1980AUDIT-1966-02,1966,NDA012429,NDA,1966-01-18,TYPE 1,Type 1 - New Molecular Entity,PRIORITY,TRUE,NME (Type 1),WAYLIS THERAP,Thioguanine,THIOGUANINE 40MG,TABLET; ORAL,1,Prescription,first-in-payloads (1939-1979 universe),first appearance in the 1939-1979 payload universe,PRE1980-1966-01,MATCH,https://www.accessdata.fda.gov/scripts/cder/daf/index.cfm?event=overview.process&varApplNo=012429,https://api.fda.gov/drug/drugsfda.json?search=application_number:%22NDA012429%22,Verified (live probe match),"Row of the complete 1965-1976 original-application audit (v21): every ORIG/AP row of the committed SHA-verified payloads; facts verbatim from the payload; no ticker, indication or applicant lineage asserted."
PRE1980AUDIT-1966-03,1966,NDA050314,NDA,1966-02-07,,,,FALSE,NOT PUBLISHED (blank class),APOTHECON,FUNGIZONE,AMPHOTERICIN B 3%,CREAM; TOPICAL,1,Discontinued,AMPHOTERICIN B first 1965-10-13 on NDA050313,non-NME row: earlier appearances permitted by construction; see ingredient_first_appearance,none (not a Type 1/1-4 original approval),NOT_PROBED_NON_NME_ROW,https://www.accessdata.fda.gov/scripts/cder/daf/index.cfm?event=overview.process&varApplNo=050314,https://api.fda.gov/drug/drugsfda.json?search=application_number:%22NDA050314%22,Payload-verified; no per-row live probe issued for non-NME rows (cross-checked against the full Drugs@FDA database instead),"Row of the complete 1965-1976 original-application audit (v21): every ORIG/AP row of the committed SHA-verified payloads; facts verbatim from the payload; no ticker, indication or applicant lineage asserted."
PRE1980AUDIT-1966-04,1966,NDA016029,NDA,1966-03-23,TYPE 1/4,Type 1 - New Molecular Entity and Type 4 - New Combination,STANDARD,TRUE,NME + new combination (Type 1/4),GD SEARLE LLC,Ovulen-21,ETHYNODIOL DIACETATE 1MG; MESTRANOL 0.1MG,TABLET; ORAL-21,2,Discontinued,MESTRANOL first 1961-03-09 on NDA010976,adjudicated earlier appearance (combination component or same-ingredient sibling application); see the decision row notes,PRE1980-1966-02,MATCH,https://www.accessdata.fda.gov/scripts/cder/daf/index.cfm?event=overview.process&varApplNo=016029,https://api.fda.gov/drug/drugsfda.json?search=application_number:%22NDA016029%22,Verified (live probe match),"Row of the complete 1965-1976 original-application audit (v21): every ORIG/AP row of the committed SHA-verified payloads; facts verbatim from the payload; no ticker, indication or applicant lineage asserted."
PRE1980AUDIT-1966-05,1966,NDA016000,NDA,1966-07-01,TYPE 1,Type 1 - New Molecular Entity,STANDARD,TRUE,NME (Type 1),BAYER HLTHCARE,Sulla,SULFAMETER 500MG,TABLET; ORAL,1,Discontinued,first-in-payloads (1939-1979 universe),first appearance in the 1939-1979 payload universe,PRE1980-1966-03,MATCH,https://www.accessdata.fda.gov/scripts/cder/daf/index.cfm?event=overview.process&varApplNo=016000,https://api.fda.gov/drug/drugsfda.json?search=application_number:%22NDA016000%22,Verified (live probe match),"Row of the complete 1965-1976 original-application audit (v21): every ORIG/AP row of the committed SHA-verified payloads; facts verbatim from the payload; no ticker, indication or applicant lineage asserted."
PRE1980AUDIT-1966-06,1966,NDA016245,NDA,1966-07-01,TYPE 1,Type 1 - New Molecular Entity,PRIORITY,TRUE,NME (Type 1),ABBOTT,Vercyte,PIPOBROMAN 10MG,TABLET; ORAL,2,Discontinued,first-in-payloads (1939-1979 universe),first appearance in the 1939-1979 payload universe,PRE1980-1966-04,MATCH,https://www.accessdata.fda.gov/scripts/cder/daf/index.cfm?event=overview.process&varApplNo=016245,https://api.fda.gov/drug/drugsfda.json?search=application_number:%22NDA016245%22,Verified (live probe match),"Row of the complete 1965-1976 original-application audit (v21): every ORIG/AP row of the committed SHA-verified payloads; facts verbatim from the payload; no ticker, indication or applicant lineage asserted."
PRE1980AUDIT-1966-07,1966,NDA016273,NDA,1966-07-01,TYPE 1,Type 1 - New Molecular Entity,PRIORITY,TRUE,NME (Type 1),VALIDUS PHARMS,Lasix,FUROSEMIDE 20MG **Federal Register determination that product was not discontinued or withdrawn for safety or effectiveness reasons**,TABLET; ORAL,3,Discontinued,first-in-payloads (1939-1979 universe),first appearance in the 1939-1979 payload universe,PRE1980-1966-05,MATCH,https://www.accessdata.fda.gov/scripts/cder/daf/index.cfm?event=overview.process&varApplNo=016273,https://api.fda.gov/drug/drugsfda.json?search=application_number:%22NDA016273%22,Verified (live probe match),"Row of the complete 1965-1976 original-application audit (v21): every ORIG/AP row of the committed SHA-verified payloads; facts verbatim from the payload; no ticker, indication or applicant lineage asserted."
PRE1980AUDIT-1966-08,1966,NDA015500,NDA,1966-07-18,TYPE 1,Type 1 - New Molecular Entity,PRIORITY,TRUE,NME (Type 1),PHARMACIA AND UPJOHN,Tolinase,TOLAZAMIDE 250MG **Federal Register determination that product was not discontinued or withdrawn for safety or effectiveness reasons**,TABLET; ORAL,3,Discontinued,first-in-payloads (1939-1979 universe),first appearance in the 1939-1979 payload universe,PRE1980-1966-06,MATCH,https://www.accessdata.fda.gov/scripts/cder/daf/index.cfm?event=overview.process&varApplNo=015500,https://api.fda.gov/drug/drugsfda.json?search=application_number:%22NDA015500%22,Verified (live probe match),"Row of the complete 1965-1976 original-application audit (v21): every ORIG/AP row of the committed SHA-verified payloads; facts verbatim from the payload; no ticker, indication or applicant lineage asserted."
PRE1980AUDIT-1966-09,1966,NDA014740,NDA,1966-07-28,TYPE 4,Type 4 - New Combination,STANDARD,FALSE,Type 4 - New Combination,ROCHE,MENRIUM 10-4,"CHLORDIAZEPOXIDE 10MG; ESTROGENS, ESTERIFIED 0.4MG",TABLET; ORAL,3,Discontinued,first-in-payloads (1939-1979 universe),non-NME row: earlier appearances permitted by construction; see ingredient_first_appearance,none (not a Type 1/1-4 original approval),NOT_PROBED_NON_NME_ROW,https://www.accessdata.fda.gov/scripts/cder/daf/index.cfm?event=overview.process&varApplNo=014740,https://api.fda.gov/drug/drugsfda.json?search=application_number:%22NDA014740%22,Payload-verified; no per-row live probe issued for non-NME rows (cross-checked against the full Drugs@FDA database instead),"Row of the complete 1965-1976 original-application audit (v21): every ORIG/AP row of the committed SHA-verified payloads; facts verbatim from the payload; no ticker, indication or applicant lineage asserted."
PRE1980AUDIT-1966-10,1966,NDA016084,NDA,1966-08-19,TYPE 1,Type 1 - New Molecular Entity,PRIORITY,TRUE,NME (Type 1),CASPER PHARMA LLC,Zyloprim,ALLOPURINOL 200MG,TABLET; ORAL,3,Prescription,first-in-payloads (1939-1979 universe),first appearance in the 1939-1979 payload universe,PRE1980-1966-07,MATCH,https://www.accessdata.fda.gov/scripts/cder/daf/index.cfm?event=overview.process&varApplNo=016084,https://api.fda.gov/drug/drugsfda.json?search=application_number:%22NDA016084%22,Verified (live probe match),"Row of the complete 1965-1976 original-application audit (v21): every ORIG/AP row of the committed SHA-verified payloads; facts verbatim from the payload; no ticker, indication or applicant lineage asserted."
PRE1980AUDIT-1966-11,1966,NDA016087,NDA,1966-08-24,TYPE 3,Type 3 - New Dosage Form,STANDARD,FALSE,Type 3 - New Dosage Form,ROCHE,VALIUM,DIAZEPAM 5MG/ML **Federal Register determination that product was not discontinued or withdrawn for safety or effectiveness reasons**,INJECTABLE; INJECTION,1,Discontinued,DIAZEPAM first 1963-11-15 on NDA013263,non-NME row: earlier appearances permitted by construction; see ingredient_first_appearance,none (not a Type 1/1-4 original approval),NOT_PROBED_NON_NME_ROW,https://www.accessdata.fda.gov/scripts/cder/daf/index.cfm?event=overview.process&varApplNo=016087,https://api.fda.gov/drug/drugsfda.json?search=application_number:%22NDA016087%22,Payload-verified; no per-row live probe issued for non-NME rows (cross-checked against the full Drugs@FDA database instead),"Row of the complete 1965-1976 original-application audit (v21): every ORIG/AP row of the committed SHA-verified payloads; facts verbatim from the payload; no ticker, indication or applicant lineage asserted."
PRE1980AUDIT-1966-12,1966,NDA012750,NDA,1966-09-01,TYPE 4,Type 4 - New Combination,STANDARD,FALSE,Type 4 - New Combination,BAUSCH,LIBRAX,CHLORDIAZEPOXIDE HYDROCHLORIDE 5MG; CLIDINIUM BROMIDE 2.5MG,CAPSULE; ORAL,1,Prescription,CHLORDIAZEPOXIDE HYDROCHLORIDE first 1960-02-24 on NDA012249,non-NME row: earlier appearances permitted by construction; see ingredient_first_appearance,none (not a Type 1/1-4 original approval),NOT_PROBED_NON_NME_ROW,https://www.accessdata.fda.gov/scripts/cder/daf/index.cfm?event=overview.process&varApplNo=012750,https://api.fda.gov/drug/drugsfda.json?search=application_number:%22NDA012750%22,Payload-verified; no per-row live probe issued for non-NME rows (cross-checked against the full Drugs@FDA database instead),"Row of the complete 1965-1976 original-application audit (v21): every ORIG/AP row of the committed SHA-verified payloads; facts verbatim from the payload; no ticker, indication or applicant lineage asserted."
PRE1980AUDIT-1966-13,1966,NDA012154,NDA,1966-10-05,TYPE 3,Type 3 - New Dosage Form,STANDARD,FALSE,Type 3 - New Dosage Form,HOSPIRA,UREAPHIL,UREA 40GM/VIAL,INJECTABLE; INJECTION,1,Discontinued,first-in-payloads (1939-1979 universe),non-NME row: earlier appearances permitted by construction; see ingredient_first_appearance,none (not a Type 1/1-4 original approval),NOT_PROBED_NON_NME_ROW,https://www.accessdata.fda.gov/scripts/cder/daf/index.cfm?event=overview.process&varApplNo=012154,https://api.fda.gov/drug/drugsfda.json?search=application_number:%22NDA012154%22,Payload-verified; no per-row live probe issued for non-NME rows (cross-checked against the full Drugs@FDA database instead),"Row of the complete 1965-1976 original-application audit (v21): every ORIG/AP row of the committed SHA-verified payloads; facts verbatim from the payload; no ticker, indication or applicant lineage asserted."
PRE1980AUDIT-1966-14,1966,NDA016144,NDA,1966-10-12,TYPE 5,Type 5 - New Formulation or New Manufacturer,STANDARD,FALSE,Type 5 - New Formulation or New Manufacturer,ALLERGAN,ETHAMIDE,ETHOXZOLAMIDE 125MG,TABLET; ORAL,1,Discontinued,first-in-payloads (1939-1979 universe),non-NME row: earlier appearances permitted by construction; see ingredient_first_appearance,none (not a Type 1/1-4 original approval),NOT_PROBED_NON_NME_ROW,https://www.accessdata.fda.gov/scripts/cder/daf/index.cfm?event=overview.process&varApplNo=016144,https://api.fda.gov/drug/drugsfda.json?search=application_number:%22NDA016144%22,Payload-verified; no per-row live probe issued for non-NME rows (cross-checked against the full Drugs@FDA database instead),"Row of the complete 1965-1976 original-application audit (v21): every ORIG/AP row of the committed SHA-verified payloads; facts verbatim from the payload; no ticker, indication or applicant lineage asserted."
PRE1980AUDIT-1966-15,1966,NDA050238,NDA,1966-12-14,,,,FALSE,NOT PUBLISHED (blank class),BAYER PHARMS,NEO-CORT-DOME,"ACETIC ACID, GLACIAL 2%; HYDROCORTISONE 1%; NEOMYCIN SULFATE EQ 0.35% BASE",SUSPENSION/DROPS; OTIC,1,Discontinued,3 ingredients first seen earlier (earliest 1960-05-17 on NDA012179),non-NME row: earlier appearances permitted by construction; see ingredient_first_appearance,none (not a Type 1/1-4 original approval),NOT_PROBED_NON_NME_ROW,https://www.accessdata.fda.gov/scripts/cder/daf/index.cfm?event=overview.process&varApplNo=050238,https://api.fda.gov/drug/drugsfda.json?search=application_number:%22NDA050238%22,Payload-verified; no per-row live probe issued for non-NME rows (cross-checked against the full Drugs@FDA database instead),"Row of the complete 1965-1976 original-application audit (v21): every ORIG/AP row of the committed SHA-verified payloads; facts verbatim from the payload; no ticker, indication or applicant lineage asserted."
PRE1980AUDIT-1966-16,1966,NDA050072,NDA,1966-12-29,UNKNOWN,,UNKNOWN,FALSE,NOT PUBLISHED (blank class),WYETH AYERST,PENBRITIN-S,AMPICILLIN SODIUM EQ 4GM BASE/VIAL **Federal Register determination that product was not discontinued or withdrawn for safety or effectiveness reasons**,INJECTABLE; INJECTION,6,Discontinued,first-in-payloads (1939-1979 universe),non-NME row: earlier appearances permitted by construction; see ingredient_first_appearance,none (not a Type 1/1-4 original approval),NOT_PROBED_NON_NME_ROW,https://www.accessdata.fda.gov/scripts/cder/daf/index.cfm?event=overview.process&varApplNo=050072,https://api.fda.gov/drug/drugsfda.json?search=application_number:%22NDA050072%22,Payload-verified; no per-row live probe issued for non-NME rows (cross-checked against the full Drugs@FDA database instead),"Row of the complete 1965-1976 original-application audit (v21): every ORIG/AP row of the committed SHA-verified payloads; facts verbatim from the payload; no ticker, indication or applicant lineage asserted."
PRE1980AUDIT-1967-01,1967,NDA016092,NDA,1967-01-10,TYPE 1,Type 1 - New Molecular Entity,STANDARD,TRUE,NME (Type 1),BAUSCH,Edecrin,ETHACRYNIC ACID 25MG,TABLET; ORAL,2,Prescription,first-in-payloads (1939-1979 universe),first appearance in the 1939-1979 payload universe,PRE1980-1967-01,MATCH,https://www.accessdata.fda.gov/scripts/cder/daf/index.cfm?event=overview.process&varApplNo=016092,https://api.fda.gov/drug/drugsfda.json?search=application_number:%22NDA016092%22,Verified (live probe match),"Row of the complete 1965-1976 original-application audit (v21): every ORIG/AP row of the committed SHA-verified payloads; facts verbatim from the payload; no ticker, indication or applicant lineage asserted."
PRE1980AUDIT-1967-02,1967,NDA016093,NDA,1967-01-10,TYPE 2,Type 2 - New Active Ingredient,STANDARD,FALSE,Type 2 - New Active Ingredient,BAUSCH,EDECRIN,ETHACRYNATE SODIUM EQ 50MG BASE/VIAL,INJECTABLE; INJECTION,1,Prescription,first-in-payloads (1939-1979 universe),non-NME row: earlier appearances permitted by construction; see ingredient_first_appearance,none (not a Type 1/1-4 original approval),NOT_PROBED_NON_NME_ROW,https://www.accessdata.fda.gov/scripts/cder/daf/index.cfm?event=overview.process&varApplNo=016093,https://api.fda.gov/drug/drugsfda.json?search=application_number:%22NDA016093%22,Payload-verified; no per-row live probe issued for non-NME rows (cross-checked against the full Drugs@FDA database instead),"Row of the complete 1965-1976 original-application audit (v21): every ORIG/AP row of the committed SHA-verified payloads; facts verbatim from the payload; no ticker, indication or applicant lineage asserted."
PRE1980AUDIT-1967-03,1967,NDA016249,NDA,1967-01-27,TYPE 5,Type 5 - New Formulation or New Manufacturer,STANDARD,FALSE,Type 5 - New Formulation or New Manufacturer,SOLVAY,TRANMEP,MEPROBAMATE 400MG,TABLET; ORAL,1,Discontinued,MEPROBAMATE first 1955-04-28 on NDA009698,non-NME row: earlier appearances permitted by construction; see ingredient_first_appearance,none (not a Type 1/1-4 original approval),NOT_PROBED_NON_NME_ROW,https://www.accessdata.fda.gov/scripts/cder/daf/index.cfm?event=overview.process&varApplNo=016249,https://api.fda.gov/drug/drugsfda.json?search=application_number:%22NDA016249%22,Payload-verified; no per-row live probe issued for non-NME rows (cross-checked against the full Drugs@FDA database instead),"Row of the complete 1965-1976 original-application audit (v21): every ORIG/AP row of the committed SHA-verified payloads; facts verbatim from the payload; no ticker, indication or applicant lineage asserted."
PRE1980AUDIT-1967-04,1967,NDA016131,NDA,1967-02-01,TYPE 1,Type 1 - New Molecular Entity,PRIORITY,TRUE,NME (Type 1),SANOFI AVENTIS US,Clomid,CLOMIPHENE CITRATE 50MG **Federal Register determination that product was not discontinued or withdrawn for safety or effectiveness reasons**,TABLET; ORAL,1,Discontinued,first-in-payloads (1939-1979 universe),first appearance in the 1939-1979 payload universe,PRE1980-1967-02,MATCH,https://www.accessdata.fda.gov/scripts/cder/daf/index.cfm?event=overview.process&varApplNo=016131,https://api.fda.gov/drug/drugsfda.json?search=application_number:%22NDA016131%22,Verified (live probe match),"Row of the complete 1965-1976 original-application audit (v21): every ORIG/AP row of the committed SHA-verified payloads; facts verbatim from the payload; no ticker, indication or applicant lineage asserted."
PRE1980AUDIT-1967-05,1967,NDA016099,NDA,1967-02-08,TYPE 1,Type 1 - New Molecular Entity,PRIORITY,TRUE,NME (Type 1),WYETH AYERST,Atromid-S,CLOFIBRATE 500MG,CAPSULE; ORAL,1,Discontinued,first-in-payloads (1939-1979 universe),first appearance in the 1939-1979 payload universe,PRE1980-1967-03,MATCH,https://www.accessdata.fda.gov/scripts/cder/daf/index.cfm?event=overview.process&varApplNo=016099,https://api.fda.gov/drug/drugsfda.json?search=application_number:%22NDA016099%22,Verified (live probe match),"Row of the complete 1965-1976 original-application audit (v21): every ORIG/AP row of the committed SHA-verified payloads; facts verbatim from the payload; no ticker, indication or applicant lineage asserted."
PRE1980AUDIT-1967-06,1967,NDA016110,NDA,1967-03-15,TYPE 2,Type 2 - New Active Ingredient,PRIORITY,FALSE,Type 2 - New Active Ingredient,APOTHECON,PROLIXIN ENANTHATE,FLUPHENAZINE ENANTHATE 25MG/ML **Federal Register determination that product was not discontinued or withdrawn for safety or effectiveness reasons**,INJECTABLE; INJECTION,1,Discontinued,first-in-payloads (1939-1979 universe),non-NME row: earlier appearances permitted by construction; see ingredient_first_appearance,none (not a Type 1/1-4 original approval),NOT_PROBED_NON_NME_ROW,https://www.accessdata.fda.gov/scripts/cder/daf/index.cfm?event=overview.process&varApplNo=016110,https://api.fda.gov/drug/drugsfda.json?search=application_number:%22NDA016110%22,Payload-verified; no per-row live probe issued for non-NME rows (cross-checked against the full Drugs@FDA database instead),"Row of the complete 1965-1976 original-application audit (v21): every ORIG/AP row of the committed SHA-verified payloads; facts verbatim from the payload; no ticker, indication or applicant lineage asserted."
PRE1980AUDIT-1967-07,1967,NDA015034,NDA,1967-03-28,TYPE 1,Type 1 - New Molecular Entity,STANDARD,TRUE,NME (Type 1),AVION PHARMS,Ponstel,MEFENAMIC ACID 250MG,CAPSULE; ORAL,1,Prescription,first-in-payloads (1939-1979 universe),first appearance in the 1939-1979 payload universe,PRE1980-1967-04,MATCH,https://www.accessdata.fda.gov/scripts/cder/daf/index.cfm?event=overview.process&varApplNo=015034,https://api.fda.gov/drug/drugsfda.json?search=application_number:%22NDA015034%22,Verified (live probe match),"Row of the complete 1965-1976 original-application audit (v21): every ORIG/AP row of the committed SHA-verified payloads; facts verbatim from the payload; no ticker, indication or applicant lineage asserted."
PRE1980AUDIT-1967-08,1967,NDA016033,NDA,1967-04-05,TYPE 1,Type 1 - New Molecular Entity,STANDARD,TRUE,NME (Type 1),GLAXOSMITHKLINE,Vontrol,DIPHENIDOL HYDROCHLORIDE EQ 25MG BASE,TABLET; ORAL,1,Discontinued,first-in-payloads (1939-1979 universe),first appearance in the 1939-1979 payload universe,PRE1980-1967-05,MATCH,https://www.accessdata.fda.gov/scripts/cder/daf/index.cfm?event=overview.process&varApplNo=016033,https://api.fda.gov/drug/drugsfda.json?search=application_number:%22NDA016033%22,Verified (live probe match),"Row of the complete 1965-1976 original-application audit (v21): every ORIG/AP row of the committed SHA-verified payloads; facts verbatim from the payload; no ticker, indication or applicant lineage asserted."
PRE1980AUDIT-1967-09,1967,NDA016096,NDA,1967-04-07,TYPE 1,Type 1 - New Molecular Entity,PRIORITY,TRUE,NME (Type 1),MERCK SHARP DOHME,Mintezol,THIABENDAZOLE 500MG,"TABLET, CHEWABLE; ORAL",1,Discontinued,first-in-payloads (1939-1979 universe),first appearance in the 1939-1979 payload universe,PRE1980-1967-06,MATCH,https://www.accessdata.fda.gov/scripts/cder/daf/index.cfm?event=overview.process&varApplNo=016096,https://api.fda.gov/drug/drugsfda.json?search=application_number:%22NDA016096%22,Verified (live probe match),"Row of the complete 1965-1976 original-application audit (v21): every ORIG/AP row of the committed SHA-verified payloads; facts verbatim from the payload; no ticker, indication or applicant lineage asserted."
PRE1980AUDIT-1967-10,1967,NDA015921,NDA,1967-04-12,TYPE 1,Type 1 - New Molecular Entity,PRIORITY,TRUE,NME (Type 1),ORTHO MCNEIL,Haldol,HALOPERIDOL 0.5MG **Federal Register determination that product was not discontinued or withdrawn for safety or effectiveness reasons**,TABLET; ORAL,6,Discontinued,first-in-payloads (1939-1979 universe),first appearance in the 1939-1979 payload universe,PRE1980-1967-07,MATCH,https://www.accessdata.fda.gov/scripts/cder/daf/index.cfm?event=overview.process&varApplNo=015921,https://api.fda.gov/drug/drugsfda.json?search=application_number:%22NDA015921%22,Verified (live probe match),"Row of the complete 1965-1976 original-application audit (v21): every ORIG/AP row of the committed SHA-verified payloads; facts verbatim from the payload; no ticker, indication or applicant lineage asserted."
PRE1980AUDIT-1967-11,1967,NDA015922,NDA,1967-04-12,TYPE 3,Type 3 - New Dosage Form,PRIORITY,FALSE,Type 3 - New Dosage Form,ORTHO MCNEIL,HALDOL,HALOPERIDOL LACTATE EQ 2MG BASE/ML **Federal Register determination that product was not discontinued or withdrawn for safety or effectiveness reasons**,CONCENTRATE; ORAL,1,Discontinued,first-in-payloads (1939-1979 universe),non-NME row: earlier appearances permitted by construction; see ingredient_first_appearance,none (not a Type 1/1-4 original approval),NOT_PROBED_NON_NME_ROW,https://www.accessdata.fda.gov/scripts/cder/daf/index.cfm?event=overview.process&varApplNo=015922,https://api.fda.gov/drug/drugsfda.json?search=application_number:%22NDA015922%22,Payload-verified; no per-row live probe issued for non-NME rows (cross-checked against the full Drugs@FDA database instead),"Row of the complete 1965-1976 original-application audit (v21): every ORIG/AP row of the committed SHA-verified payloads; facts verbatim from the payload; no ticker, indication or applicant lineage asserted."
PRE1980AUDIT-1967-12,1967,NDA050010,NDA,1967-04-13,,,,FALSE,NOT PUBLISHED (blank class),LILLY,ILOSONE,ERYTHROMYCIN ESTOLATE EQ 125MG BASE/5ML,SUSPENSION; ORAL,2,Discontinued,first-in-payloads (1939-1979 universe),non-NME row: earlier appearances permitted by construction; see ingredient_first_appearance,none (not a Type 1/1-4 original approval),NOT_PROBED_NON_NME_ROW,https://www.accessdata.fda.gov/scripts/cder/daf/index.cfm?event=overview.process&varApplNo=050010,https://api.fda.gov/drug/drugsfda.json?search=application_number:%22NDA050010%22,Payload-verified; no per-row live probe issued for non-NME rows (cross-checked against the full Drugs@FDA database instead),"Row of the complete 1965-1976 original-application audit (v21): every ORIG/AP row of the committed SHA-verified payloads; facts verbatim from the payload; no ticker, indication or applicant lineage asserted."
PRE1980AUDIT-1967-13,1967,NDA012302,NDA,1967-04-14,TYPE 2,Type 2 - New Active Ingredient,PRIORITY,FALSE,Type 2 - New Active Ingredient,ABBVIE,CHOLOXIN,DEXTROTHYROXINE SODIUM 1MG,TABLET; ORAL,4,Discontinued,first-in-payloads (1939-1979 universe),non-NME row: earlier appearances permitted by construction; see ingredient_first_appearance,none (not a Type 1/1-4 original approval),NOT_PROBED_NON_NME_ROW,https://www.accessdata.fda.gov/scripts/cder/daf/index.cfm?event=overview.process&varApplNo=012302,https://api.fda.gov/drug/drugsfda.json?search=application_number:%22NDA012302%22,Payload-verified; no per-row live probe issued for non-NME rows (cross-checked against the full Drugs@FDA database instead),"Row of the complete 1965-1976 original-application audit (v21): every ORIG/AP row of the committed SHA-verified payloads; facts verbatim from the payload; no ticker, indication or applicant lineage asserted."
PRE1980AUDIT-1967-14,1967,NDA016097,NDA,1967-04-21,TYPE 3,Type 3 - New Dosage Form,STANDARD,FALSE,Type 3 - New Dosage Form,MERCK SHARP DOHME,MINTEZOL,THIABENDAZOLE 500MG/5ML,SUSPENSION; ORAL,1,Discontinued,THIABENDAZOLE first 1967-04-07 on NDA016096,non-NME row: earlier appearances permitted by construction; see ingredient_first_appearance,none (not a Type 1/1-4 original approval),NOT_PROBED_NON_NME_ROW,https://www.accessdata.fda.gov/scripts/cder/daf/index.cfm?event=overview.process&varApplNo=016097,https://api.fda.gov/drug/drugsfda.json?search=application_number:%22NDA016097%22,Payload-verified; no per-row live probe issued for non-NME rows (cross-checked against the full Drugs@FDA database instead),"Row of the complete 1965-1976 original-application audit (v21): every ORIG/AP row of the committed SHA-verified payloads; facts verbatim from the payload; no ticker, indication or applicant lineage asserted."
PRE1980AUDIT-1967-15,1967,NDA016149,NDA,1967-06-19,TYPE 3,Type 3 - New Dosage Form,STANDARD,FALSE,Type 3 - New Dosage Form,ROCHE,TARACTAN,CHLORPROTHIXENE 100MG/5ML,CONCENTRATE; ORAL,1,Discontinued,CHLORPROTHIXENE first 1962-03-23 on NDA012487,non-NME row: earlier appearances permitted by construction; see ingredient_first_appearance,none (not a Type 1/1-4 original approval),NOT_PROBED_NON_NME_ROW,https://www.accessdata.fda.gov/scripts/cder/daf/index.cfm?event=overview.process&varApplNo=016149,https://api.fda.gov/drug/drugsfda.json?search=application_number:%22NDA016149%22,Payload-verified; no per-row live probe issued for non-NME rows (cross-checked against the full Drugs@FDA database instead),"Row of the complete 1965-1976 original-application audit (v21): every ORIG/AP row of the committed SHA-verified payloads; facts verbatim from the payload; no ticker, indication or applicant lineage asserted."
PRE1980AUDIT-1967-16,1967,NDA016151,NDA,1967-07-05,TYPE 2,Type 2 - New Active Ingredient,STANDARD,FALSE,Type 2 - New Active Ingredient,QUAGEN,UREX,METHENAMINE HIPPURATE 1GM,TABLET; ORAL,1,Prescription,first-in-payloads (1939-1979 universe),non-NME row: earlier appearances permitted by construction; see ingredient_first_appearance,none (not a Type 1/1-4 original approval),NOT_PROBED_NON_NME_ROW,https://www.accessdata.fda.gov/scripts/cder/daf/index.cfm?event=overview.process&varApplNo=016151,https://api.fda.gov/drug/drugsfda.json?search=application_number:%22NDA016151%22,Payload-verified; no per-row live probe issued for non-NME rows (cross-checked against the full Drugs@FDA database instead),"Row of the complete 1965-1976 original-application audit (v21): every ORIG/AP row of the committed SHA-verified payloads; facts verbatim from the payload; no ticker, indication or applicant lineage asserted."
PRE1980AUDIT-1967-17,1967,NDA016194,NDA,1967-07-24,TYPE 1,Type 1 - New Molecular Entity,PRIORITY,TRUE,NME (Type 1),HOSPIRA,Talwin,PENTAZOCINE LACTATE EQ 30MG BASE/ML,INJECTABLE; INJECTION,1,Discontinued,first-in-payloads (1939-1979 universe),first appearance in the 1939-1979 payload universe,PRE1980-1967-08,MATCH,https://www.accessdata.fda.gov/scripts/cder/daf/index.cfm?event=overview.process&varApplNo=016194,https://api.fda.gov/drug/drugsfda.json?search=application_number:%22NDA016194%22,Verified (live probe match),"Row of the complete 1965-1976 original-application audit (v21): every ORIG/AP row of the committed SHA-verified payloads; facts verbatim from the payload; no ticker, indication or applicant lineage asserted."
PRE1980AUDIT-1967-18,1967,NDA016584,NDA,1967-07-24,TYPE 1,Type 1 - New Molecular Entity,STANDARD,TRUE,NME (Type 1),PFIZER,Navane,THIOTHIXENE 10MG **Federal Register determination that product was not discontinued or withdrawn for safety or effectiveness reasons**,CAPSULE; ORAL,5,Discontinued,first-in-payloads (1939-1979 universe),first appearance in the 1939-1979 payload universe,PRE1980-1967-09,MATCH,https://www.accessdata.fda.gov/scripts/cder/daf/index.cfm?event=overview.process&varApplNo=016584,https://api.fda.gov/drug/drugsfda.json?search=application_number:%22NDA016584%22,Verified (live probe match),"Row of the complete 1965-1976 original-application audit (v21): every ORIG/AP row of the committed SHA-verified payloads; facts verbatim from the payload; no ticker, indication or applicant lineage asserted."
PRE1980AUDIT-1967-19,1967,NDA016161,NDA,1967-07-25,TYPE 5,Type 5 - New Formulation or New Manufacturer,STANDARD,FALSE,Type 5 - New Formulation or New Manufacturer,EUROFARMA,SYNALAR-HP,FLUOCINOLONE ACETONIDE 0.2%,CREAM; TOPICAL,1,Discontinued,FLUOCINOLONE ACETONIDE first 1963-02-15 on NDA012787,non-NME row: earlier appearances permitted by construction; see ingredient_first_appearance,none (not a Type 1/1-4 original approval),NOT_PROBED_NON_NME_ROW,https://www.accessdata.fda.gov/scripts/cder/daf/index.cfm?event=overview.process&varApplNo=016161,https://api.fda.gov/drug/drugsfda.json?search=application_number:%22NDA016161%22,Payload-verified; no per-row live probe issued for non-NME rows (cross-checked against the full Drugs@FDA database instead),"Row of the complete 1965-1976 original-application audit (v21): every ORIG/AP row of the committed SHA-verified payloads; facts verbatim from the payload; no ticker, indication or applicant lineage asserted."
PRE1980AUDIT-1967-20,1967,NDA015868,NDA,1967-09-02,TYPE 3,Type 3 - New Dosage Form,STANDARD,FALSE,Type 3 - New Dosage Form,GLAXOSMITHKLINE,STOXIL,IDOXURIDINE 0.5%,OINTMENT; OPHTHALMIC,1,Discontinued,IDOXURIDINE first 1963-06-11 on NDA013935,non-NME row: earlier appearances permitted by construction; see ingredient_first_appearance,none (not a Type 1/1-4 original approval),NOT_PROBED_NON_NME_ROW,https://www.accessdata.fda.gov/scripts/cder/daf/index.cfm?event=overview.process&varApplNo=015868,https://api.fda.gov/drug/drugsfda.json?search=application_number:%22NDA015868%22,Payload-verified; no per-row live probe issued for non-NME rows (cross-checked against the full Drugs@FDA database instead),"Row of the complete 1965-1976 original-application audit (v21): every ORIG/AP row of the committed SHA-verified payloads; facts verbatim from the payload; no ticker, indication or applicant lineage asserted."
PRE1980AUDIT-1967-21,1967,NDA016322,NDA,1967-09-02,TYPE 2,Type 2 - New Active Ingredient,STANDARD,FALSE,Type 2 - New Active Ingredient,SCHERING,VALISONE,BETAMETHASONE VALERATE EQ 0.1% BASE,CREAM; TOPICAL,2,Discontinued,first-in-payloads (1939-1979 universe),non-NME row: earlier appearances permitted by construction; see ingredient_first_appearance,none (not a Type 1/1-4 original approval),NOT_PROBED_NON_NME_ROW,https://www.accessdata.fda.gov/scripts/cder/daf/index.cfm?event=overview.process&varApplNo=016322,https://api.fda.gov/drug/drugsfda.json?search=application_number:%22NDA016322%22,Payload-verified; no per-row live probe issued for non-NME rows (cross-checked against the full Drugs@FDA database instead),"Row of the complete 1965-1976 original-application audit (v21): every ORIG/AP row of the committed SHA-verified payloads; facts verbatim from the payload; no ticker, indication or applicant lineage asserted."
PRE1980AUDIT-1967-22,1967,NDA016012,NDA,1967-09-27,TYPE 1,Type 1 - New Molecular Entity,STANDARD,TRUE,NME (Type 1),TEVA WOMENS,Vivactil,PROTRIPTYLINE HYDROCHLORIDE 10MG **Federal Register determination that product was not discontinued or withdrawn for safety or effectiveness reasons**,TABLET; ORAL,2,Discontinued,first-in-payloads (1939-1979 universe),first appearance in the 1939-1979 payload universe,PRE1980-1967-10,MATCH,https://www.accessdata.fda.gov/scripts/cder/daf/index.cfm?event=overview.process&varApplNo=016012,https://api.fda.gov/drug/drugsfda.json?search=application_number:%22NDA016012%22,Verified (live probe match),"Row of the complete 1965-1976 original-application audit (v21): every ORIG/AP row of the committed SHA-verified payloads; facts verbatim from the payload; no ticker, indication or applicant lineage asserted."
PRE1980AUDIT-1967-23,1967,NDA016705,NDA,1967-10-02,TYPE 3,Type 3 - New Dosage Form,STANDARD,FALSE,Type 3 - New Dosage Form,GD SEARLE LLC,OVULEN-28,ETHYNODIOL DIACETATE 1MG; MESTRANOL 0.1MG,TABLET; ORAL-28,1,Discontinued,2 ingredients first seen earlier (earliest 1966-03-23 on NDA016029),non-NME row: earlier appearances permitted by construction; see ingredient_first_appearance,none (not a Type 1/1-4 original approval),NOT_PROBED_NON_NME_ROW,https://www.accessdata.fda.gov/scripts/cder/daf/index.cfm?event=overview.process&varApplNo=016705,https://api.fda.gov/drug/drugsfda.json?search=application_number:%22NDA016705%22,Payload-verified; no per-row live probe issued for non-NME rows (cross-checked against the full Drugs@FDA database instead),"Row of the complete 1965-1976 original-application audit (v21): every ORIG/AP row of the committed SHA-verified payloads; facts verbatim from the payload; no ticker, indication or applicant lineage asserted."
PRE1980AUDIT-1967-24,1967,NDA016320,NDA,1967-11-06,TYPE 1,Type 1 - New Molecular Entity,PRIORITY,TRUE,NME (Type 1),KANCHAN HLTHCARE,Myambutol,ETHAMBUTOL HYDROCHLORIDE 200MG,TABLET; ORAL,4,Discontinued,first-in-payloads (1939-1979 universe),first appearance in the 1939-1979 payload universe,PRE1980-1967-11,MATCH,https://www.accessdata.fda.gov/scripts/cder/daf/index.cfm?event=overview.process&varApplNo=016320,https://api.fda.gov/drug/drugsfda.json?search=application_number:%22NDA016320%22,Verified (live probe match),"Row of the complete 1965-1976 original-application audit (v21): every ORIG/AP row of the committed SHA-verified payloads; facts verbatim from the payload; no ticker, indication or applicant lineage asserted."
PRE1980AUDIT-1967-25,1967,NDA016126,NDA,1967-11-08,TYPE 5,Type 5 - New Formulation or New Manufacturer,STANDARD,FALSE,Type 5 - New Formulation or New Manufacturer,WYETH CONS,BRONITIN MIST,EPINEPHRINE BITARTRATE 0.3MG/INH,"AEROSOL, METERED; INHALATION",2,Discontinued,2 ingredients first seen earlier (earliest 1948-11-19 on NDA006488),non-NME row: earlier appearances permitted by construction; see ingredient_first_appearance,none (not a Type 1/1-4 original approval),NOT_PROBED_NON_NME_ROW,https://www.accessdata.fda.gov/scripts/cder/daf/index.cfm?event=overview.process&varApplNo=016126,https://api.fda.gov/drug/drugsfda.json?search=application_number:%22NDA016126%22,Payload-verified; no per-row live probe issued for non-NME rows (cross-checked against the full Drugs@FDA database instead),"Row of the complete 1965-1976 original-application audit (v21): every ORIG/AP row of the committed SHA-verified payloads; facts verbatim from the payload; no ticker, indication or applicant lineage asserted."
PRE1980AUDIT-1967-26,1967,NDA016418,NDA,1967-11-13,TYPE 1,Type 1 - New Molecular Entity,PRIORITY,TRUE,NME (Type 1),WYETH PHARMS,Inderal,PROPRANOLOL HYDROCHLORIDE 80MG **Federal Register determination that product was not discontinued or withdrawn for safety or effectiveness reasons**,TABLET; ORAL,6,Discontinued,first-in-payloads (1939-1979 universe),first appearance in the 1939-1979 payload universe,PRE1980-1967-12,MATCH,https://www.accessdata.fda.gov/scripts/cder/daf/index.cfm?event=overview.process&varApplNo=016418,https://api.fda.gov/drug/drugsfda.json?search=application_number:%22NDA016418%22,Verified (live probe match),"Row of the complete 1965-1976 original-application audit (v21): every ORIG/AP row of the committed SHA-verified payloads; facts verbatim from the payload; no ticker, indication or applicant lineage asserted."
PRE1980AUDIT-1967-27,1967,NDA016419,NDA,1967-11-13,TYPE 3,Type 3 - New Dosage Form,PRIORITY,FALSE,Type 3 - New Dosage Form,BAXTER HLTHCARE CORP,PROPRANOLOL HYDROCHLORIDE,PROPRANOLOL HYDROCHLORIDE 1MG/ML **Federal Register determination that product was not discontinued or withdrawn for safety or effectiveness reasons**,INJECTABLE; INJECTION,1,Discontinued,PROPRANOLOL HYDROCHLORIDE first 1967-11-13 on NDA016418,non-NME row: earlier appearances permitted by construction; see ingredient_first_appearance,none (not a Type 1/1-4 original approval),NOT_PROBED_NON_NME_ROW,https://www.accessdata.fda.gov/scripts/cder/daf/index.cfm?event=overview.process&varApplNo=016419,https://api.fda.gov/drug/drugsfda.json?search=application_number:%22NDA016419%22,Payload-verified; no per-row live probe issued for non-NME rows (cross-checked against the full Drugs@FDA database instead),"Row of the complete 1965-1976 original-application audit (v21): every ORIG/AP row of the committed SHA-verified payloads; facts verbatim from the payload; no ticker, indication or applicant lineage asserted."
PRE1980AUDIT-1967-28,1967,NDA016659,NDA,1967-11-17,TYPE 3,Type 3 - New Dosage Form,PRIORITY,FALSE,Type 3 - New Dosage Form,ACTAVIS LABS UT INC,NORINYL 1+50 28-DAY,MESTRANOL 0.05MG; NORETHINDRONE 1MG,TABLET; ORAL-28,1,Discontinued,2 ingredients first seen earlier (earliest 1961-03-09 on NDA010976),non-NME row: earlier appearances permitted by construction; see ingredient_first_appearance,none (not a Type 1/1-4 original approval),NOT_PROBED_NON_NME_ROW,https://www.accessdata.fda.gov/scripts/cder/daf/index.cfm?event=overview.process&varApplNo=016659,https://api.fda.gov/drug/drugsfda.json?search=application_number:%22NDA016659%22,Payload-verified; no per-row live probe issued for non-NME rows (cross-checked against the full Drugs@FDA database instead),"Row of the complete 1965-1976 original-application audit (v21): every ORIG/AP row of the committed SHA-verified payloads; facts verbatim from the payload; no ticker, indication or applicant lineage asserted."
PRE1980AUDIT-1967-29,1967,NDA050007,NDA,1967-12-05,UNKNOWN,,UNKNOWN,FALSE,NOT PUBLISHED (blank class),PFIZER,VIBRAMYCIN,DOXYCYCLINE HYCLATE EQ 50MG BASE **Federal Register determination that product was not discontinued or withdrawn for safety or effectiveness reasons**,CAPSULE; ORAL,2,Discontinued,first-in-payloads (1939-1979 universe),non-NME row: earlier appearances permitted by construction; see ingredient_first_appearance,none (not a Type 1/1-4 original approval),NOT_PROBED_NON_NME_ROW,https://www.accessdata.fda.gov/scripts/cder/daf/index.cfm?event=overview.process&varApplNo=050007,https://api.fda.gov/drug/drugsfda.json?search=application_number:%22NDA050007%22,Payload-verified; no per-row live probe issued for non-NME rows (cross-checked against the full Drugs@FDA database instead),"Row of the complete 1965-1976 original-application audit (v21): every ORIG/AP row of the committed SHA-verified payloads; facts verbatim from the payload; no ticker, indication or applicant lineage asserted."
PRE1980AUDIT-1967-30,1967,NDA050006,NDA,1967-12-06,UNKNOWN,,UNKNOWN,FALSE,NOT PUBLISHED (blank class),PFIZER,VIBRAMYCIN,DOXYCYCLINE EQ 25MG BASE/5ML **Federal Register determination that product was not discontinued or withdrawn for safety or effectiveness reasons**,FOR SUSPENSION; ORAL,1,Discontinued,first-in-payloads (1939-1979 universe),non-NME row: earlier appearances permitted by construction; see ingredient_first_appearance,none (not a Type 1/1-4 original approval),NOT_PROBED_NON_NME_ROW,https://www.accessdata.fda.gov/scripts/cder/daf/index.cfm?event=overview.process&varApplNo=050006,https://api.fda.gov/drug/drugsfda.json?search=application_number:%22NDA050006%22,Payload-verified; no per-row live probe issued for non-NME rows (cross-checked against the full Drugs@FDA database instead),"Row of the complete 1965-1976 original-application audit (v21): every ORIG/AP row of the committed SHA-verified payloads; facts verbatim from the payload; no ticker, indication or applicant lineage asserted."
PRE1980AUDIT-1967-31,1967,NDA016295,NDA,1967-12-07,TYPE 1,Type 1 - New Molecular Entity,PRIORITY,TRUE,NME (Type 1),WAYLIS THERAP,Droxia,HYDROXYUREA 300MG,CAPSULE; ORAL,4,Prescription,first-in-payloads (1939-1979 universe),first appearance in the 1939-1979 payload universe,PRE1980-1967-13,MATCH,https://www.accessdata.fda.gov/scripts/cder/daf/index.cfm?event=overview.process&varApplNo=016295,https://api.fda.gov/drug/drugsfda.json?search=application_number:%22NDA016295%22,Verified (live probe match),"Row of the complete 1965-1976 original-application audit (v21): every ORIG/AP row of the committed SHA-verified payloads; facts verbatim from the payload; no ticker, indication or applicant lineage asserted."
PRE1980AUDIT-1967-32,1967,NDA016269,NDA,1967-12-22,TYPE 5,Type 5 - New Formulation or New Manufacturer,STANDARD,FALSE,Type 5 - New Formulation or New Manufacturer,HOSPIRA,MANNITOL 25%,MANNITOL 12.5GM/50ML,INJECTABLE; INJECTION,6,Discontinued,MANNITOL first 1964-06-08 on NDA013684,non-NME row: earlier appearances permitted by construction; see ingredient_first_appearance,none (not a Type 1/1-4 original approval),NOT_PROBED_NON_NME_ROW,https://www.accessdata.fda.gov/scripts/cder/daf/index.cfm?event=overview.process&varApplNo=016269,https://api.fda.gov/drug/drugsfda.json?search=application_number:%22NDA016269%22,Payload-verified; no per-row live probe issued for non-NME rows (cross-checked against the full Drugs@FDA database instead),"Row of the complete 1965-1976 original-application audit (v21): every ORIG/AP row of the committed SHA-verified payloads; facts verbatim from the payload; no ticker, indication or applicant lineage asserted."
PRE1980AUDIT-1968-01,1968,NDA016192,NDA,1968-01-16,TYPE 5,Type 5 - New Formulation or New Manufacturer,STANDARD,FALSE,Type 5 - New Formulation or New Manufacturer,ASTRAZENECA,SORBITRATE,ISOSORBIDE DINITRATE 10MG,TABLET; ORAL,2,Discontinued,ISOSORBIDE DINITRATE first 1959-11-09 on NDA012093,non-NME row: earlier appearances permitted by construction; see ingredient_first_appearance,none (not a Type 1/1-4 original approval),NOT_PROBED_NON_NME_ROW,https://www.accessdata.fda.gov/scripts/cder/daf/index.cfm?event=overview.process&varApplNo=016192,https://api.fda.gov/drug/drugsfda.json?search=application_number:%22NDA016192%22,Payload-verified; no per-row live probe issued for non-NME rows (cross-checked against the full Drugs@FDA database instead),"Row of the complete 1965-1976 original-application audit (v21): every ORIG/AP row of the committed SHA-verified payloads; facts verbatim from the payload; no ticker, indication or applicant lineage asserted."
PRE1980AUDIT-1968-02,1968,NDA016023,NDA,1968-02-14,TYPE 3,Type 3 - New Dosage Form,PRIORITY,FALSE,Type 3 - New Dosage Form,ENDO PHARMS,SYMMETREL,AMANTADINE HYDROCHLORIDE 50MG/5ML **Federal Register determination that product was not discontinued or withdrawn for safety or effectiveness reasons**,SYRUP; ORAL,1,Discontinued,first-in-payloads (1939-1979 universe),non-NME row: earlier appearances permitted by construction; see ingredient_first_appearance,none (not a Type 1/1-4 original approval),NOT_PROBED_NON_NME_ROW,https://www.accessdata.fda.gov/scripts/cder/daf/index.cfm?event=overview.process&varApplNo=016023,https://api.fda.gov/drug/drugsfda.json?search=application_number:%22NDA016023%22,Payload-verified; no per-row live probe issued for non-NME rows (cross-checked against the full Drugs@FDA database instead),"Row of the complete 1965-1976 original-application audit (v21): every ORIG/AP row of the committed SHA-verified payloads; facts verbatim from the payload; no ticker, indication or applicant lineage asserted."
PRE1980AUDIT-1968-03,1968,NDA016619,NDA,1968-02-19,TYPE 3,Type 3 - New Dosage Form,PRIORITY,FALSE,Type 3 - New Dosage Form,RISING,SUBLIMAZE PRESERVATIVE FREE,FENTANYL CITRATE EQ 0.05MG BASE/ML,INJECTABLE; INJECTION,1,Prescription,first-in-payloads (1939-1979 universe),non-NME row: earlier appearances permitted by construction; see ingredient_first_appearance,none (not a Type 1/1-4 original approval),NOT_PROBED_NON_NME_ROW,https://www.accessdata.fda.gov/scripts/cder/daf/index.cfm?event=overview.process&varApplNo=016619,https://api.fda.gov/drug/drugsfda.json?search=application_number:%22NDA016619%22,Payload-verified; no per-row live probe issued for non-NME rows (cross-checked against the full Drugs@FDA database instead),"Row of the complete 1965-1976 original-application audit (v21): every ORIG/AP row of the committed SHA-verified payloads; facts verbatim from the payload; no ticker, indication or applicant lineage asserted."
PRE1980AUDIT-1968-04,1968,NDA016608,NDA,1968-03-11,TYPE 1,Type 1 - New Molecular Entity,PRIORITY,TRUE,NME (Type 1),NOVARTIS,Tegretol,CARBAMAZEPINE 200MG,TABLET; ORAL,1,Prescription,first-in-payloads (1939-1979 universe),first appearance in the 1939-1979 payload universe,PRE1980-1968-01,MATCH,https://www.accessdata.fda.gov/scripts/cder/daf/index.cfm?event=overview.process&varApplNo=016608,https://api.fda.gov/drug/drugsfda.json?search=application_number:%22NDA016608%22,Verified (live probe match),"Row of the complete 1965-1976 original-application audit (v21): every ORIG/AP row of the committed SHA-verified payloads; facts verbatim from the payload; no ticker, indication or applicant lineage asserted."
PRE1980AUDIT-1968-05,1968,NDA016016,NDA,1968-03-20,TYPE 4,Type 4 - New Combination,STANDARD,FALSE,Type 4 - New Combination,MERCK,ALDOCLOR-250,CHLOROTHIAZIDE 250MG; METHYLDOPA 250MG,TABLET; ORAL,2,Discontinued,2 ingredients first seen earlier (earliest 1958-09-04 on NDA011145),non-NME row: earlier appearances permitted by construction; see ingredient_first_appearance,none (not a Type 1/1-4 original approval),NOT_PROBED_NON_NME_ROW,https://www.accessdata.fda.gov/scripts/cder/daf/index.cfm?event=overview.process&varApplNo=016016,https://api.fda.gov/drug/drugsfda.json?search=application_number:%22NDA016016%22,Payload-verified; no per-row live probe issued for non-NME rows (cross-checked against the full Drugs@FDA database instead),"Row of the complete 1965-1976 original-application audit (v21): every ORIG/AP row of the committed SHA-verified payloads; facts verbatim from the payload; no ticker, indication or applicant lineage asserted."
PRE1980AUDIT-1968-06,1968,NDA016324,NDA,1968-03-20,TYPE 1,Type 1 - New Molecular Entity,PRIORITY,TRUE,NME (Type 1),LEGACY,Imuran,AZATHIOPRINE 25MG **Federal Register determination that product was not discontinued or withdrawn for safety or effectiveness reasons**,TABLET; ORAL,2,Discontinued,first-in-payloads (1939-1979 universe),first appearance in the 1939-1979 payload universe,PRE1980-1968-02,MATCH,https://www.accessdata.fda.gov/scripts/cder/daf/index.cfm?event=overview.process&varApplNo=016324,https://api.fda.gov/drug/drugsfda.json?search=application_number:%22NDA016324%22,Verified (live probe match),"Row of the complete 1965-1976 original-application audit (v21): every ORIG/AP row of the committed SHA-verified payloads; facts verbatim from the payload; no ticker, indication or applicant lineage asserted."
PRE1980AUDIT-1968-07,1968,NDA016363,NDA,1968-03-20,TYPE 3,Type 3 - New Dosage Form,PRIORITY,FALSE,Type 3 - New Dosage Form,SANOFI AVENTIS US,LASIX,FUROSEMIDE 10MG/ML **Federal Register determination that product was not discontinued or withdrawn for safety or effectiveness reasons**,INJECTABLE; INJECTION,1,Discontinued,FUROSEMIDE first 1966-07-01 on NDA016273,non-NME row: earlier appearances permitted by construction; see ingredient_first_appearance,none (not a Type 1/1-4 original approval),NOT_PROBED_NON_NME_ROW,https://www.accessdata.fda.gov/scripts/cder/daf/index.cfm?event=overview.process&varApplNo=016363,https://api.fda.gov/drug/drugsfda.json?search=application_number:%22NDA016363%22,Payload-verified; no per-row live probe issued for non-NME rows (cross-checked against the full Drugs@FDA database instead),"Row of the complete 1965-1976 original-application audit (v21): every ORIG/AP row of the committed SHA-verified payloads; facts verbatim from the payload; no ticker, indication or applicant lineage asserted."
PRE1980AUDIT-1968-08,1968,NDA050091,NDA,1968-03-20,,,,FALSE,NOT PUBLISHED (blank class),ALLERGAN,CHLOROPTIC,CHLORAMPHENICOL 0.5%,SOLUTION/DROPS; OPHTHALMIC,1,Discontinued,CHLORAMPHENICOL first 1951-06-01 on NDA050143,non-NME row: earlier appearances permitted by construction; see ingredient_first_appearance,none (not a Type 1/1-4 original approval),NOT_PROBED_NON_NME_ROW,https://www.accessdata.fda.gov/scripts/cder/daf/index.cfm?event=overview.process&varApplNo=050091,https://api.fda.gov/drug/drugsfda.json?search=application_number:%22NDA050091%22,Payload-verified; no per-row live probe issued for non-NME rows (cross-checked against the full Drugs@FDA database instead),"Row of the complete 1965-1976 original-application audit (v21): every ORIG/AP row of the committed SHA-verified payloads; facts verbatim from the payload; no ticker, indication or applicant lineage asserted."
PRE1980AUDIT-1968-09,1968,NDA016267,NDA,1968-04-01,TYPE 1,Type 1 - New Molecular Entity,PRIORITY,TRUE,NME (Type 1),MITEM PHARMA,Desferal,DEFEROXAMINE MESYLATE 2GM/VIAL **Federal Register determination that product was not discontinued or withdrawn for safety or effectiveness reasons**,INJECTABLE; INJECTION,2,Discontinued,first-in-payloads (1939-1979 universe),first appearance in the 1939-1979 payload universe,PRE1980-1968-03,MATCH,https://www.accessdata.fda.gov/scripts/cder/daf/index.cfm?event=overview.process&varApplNo=016267,https://api.fda.gov/drug/drugsfda.json?search=application_number:%22NDA016267%22,Verified (live probe match),"Row of the complete 1965-1976 original-application audit (v21): every ORIG/AP row of the committed SHA-verified payloads; facts verbatim from the payload; no ticker, indication or applicant lineage asserted."
PRE1980AUDIT-1968-10,1968,NDA013621,NDA,1968-04-10,TYPE 5,Type 5 - New Formulation or New Manufacturer,STANDARD,FALSE,Type 5 - New Formulation or New Manufacturer,SANOFI AVENTIS US,PERTOFRANE,DESIPRAMINE HYDROCHLORIDE 25MG,CAPSULE; ORAL,2,Discontinued,DESIPRAMINE HYDROCHLORIDE first 1964-11-20 on NDA014399,non-NME row: earlier appearances permitted by construction; see ingredient_first_appearance,none (not a Type 1/1-4 original approval),NOT_PROBED_NON_NME_ROW,https://www.accessdata.fda.gov/scripts/cder/daf/index.cfm?event=overview.process&varApplNo=013621,https://api.fda.gov/drug/drugsfda.json?search=application_number:%22NDA013621%22,Payload-verified; no per-row live probe issued for non-NME rows (cross-checked against the full Drugs@FDA database instead),"Row of the complete 1965-1976 original-application audit (v21): every ORIG/AP row of the committed SHA-verified payloads; facts verbatim from the payload; no ticker, indication or applicant lineage asserted."
PRE1980AUDIT-1968-11,1968,NDA016672,NDA,1968-04-16,TYPE 1/4,Type 1 - New Molecular Entity and Type 4 - New Combination,PRIORITY,TRUE,NME + new combination (Type 1/4),WYETH PHARMS,Ovral,ETHINYL ESTRADIOL 0.05MG; NORGESTREL 0.5MG,TABLET; ORAL-21,1,Discontinued,ETHINYL ESTRADIOL first 1943-06-25 on NDA005292,adjudicated earlier appearance (combination component or same-ingredient sibling application); see the decision row notes,PRE1980-1968-04,MATCH,https://www.accessdata.fda.gov/scripts/cder/daf/index.cfm?event=overview.process&varApplNo=016672,https://api.fda.gov/drug/drugsfda.json?search=application_number:%22NDA016672%22,Verified (live probe match),"Row of the complete 1965-1976 original-application audit (v21): every ORIG/AP row of the committed SHA-verified payloads; facts verbatim from the payload; no ticker, indication or applicant lineage asserted."
PRE1980AUDIT-1968-12,1968,NDA050092,NDA,1968-04-22,,,,FALSE,NOT PUBLISHED (blank class),WYETH AYERST,PATHOCIL,DICLOXACILLIN SODIUM EQ 62.5MG BASE/5ML,FOR SUSPENSION; ORAL,1,Discontinued,first-in-payloads (1939-1979 universe),non-NME row: earlier appearances permitted by construction; see ingredient_first_appearance,none (not a Type 1/1-4 original approval),NOT_PROBED_NON_NME_ROW,https://www.accessdata.fda.gov/scripts/cder/daf/index.cfm?event=overview.process&varApplNo=050092,https://api.fda.gov/drug/drugsfda.json?search=application_number:%22NDA050092%22,Payload-verified; no per-row live probe issued for non-NME rows (cross-checked against the full Drugs@FDA database instead),"Row of the complete 1965-1976 original-application audit (v21): every ORIG/AP row of the committed SHA-verified payloads; facts verbatim from the payload; no ticker, indication or applicant lineage asserted."
PRE1980AUDIT-1968-13,1968,NDA050011,NDA,1968-05-09,,,,FALSE,NOT PUBLISHED (blank class),WYETH AYERST,PATHOCIL,DICLOXACILLIN SODIUM EQ 500MG BASE **Federal Register determination that product was not discontinued or withdrawn for safety or effectiveness reasons**,CAPSULE; ORAL,2,Discontinued,DICLOXACILLIN SODIUM first 1968-04-22 on NDA050092,non-NME row: earlier appearances permitted by construction; see ingredient_first_appearance,none (not a Type 1/1-4 original approval),NOT_PROBED_NON_NME_ROW,https://www.accessdata.fda.gov/scripts/cder/daf/index.cfm?event=overview.process&varApplNo=050011,https://api.fda.gov/drug/drugsfda.json?search=application_number:%22NDA050011%22,Payload-verified; no per-row live probe issued for non-NME rows (cross-checked against the full Drugs@FDA database instead),"Row of the complete 1965-1976 original-application audit (v21): every ORIG/AP row of the committed SHA-verified payloads; facts verbatim from the payload; no ticker, indication or applicant lineage asserted."
PRE1980AUDIT-1968-14,1968,NDA016666,NDA,1968-05-24,TYPE 5,Type 5 - New Formulation or New Manufacturer,STANDARD,FALSE,Type 5 - New Formulation or New Manufacturer,MALLINCKRODT,HIPPURAN I 131,IODOHIPPURATE SODIUM I-131 0.25mCi/ML,INJECTABLE; INJECTION,1,Discontinued,first-in-payloads (1939-1979 universe),non-NME row: earlier appearances permitted by construction; see ingredient_first_appearance,none (not a Type 1/1-4 original approval),NOT_PROBED_NON_NME_ROW,https://www.accessdata.fda.gov/scripts/cder/daf/index.cfm?event=overview.process&varApplNo=016666,https://api.fda.gov/drug/drugsfda.json?search=application_number:%22NDA016666%22,Payload-verified; no per-row live probe issued for non-NME rows (cross-checked against the full Drugs@FDA database instead),"Row of the complete 1965-1976 original-application audit (v21): every ORIG/AP row of the committed SHA-verified payloads; facts verbatim from the payload; no ticker, indication or applicant lineage asserted."
PRE1980AUDIT-1968-15,1968,NDA016709,NDA,1968-08-21,TYPE 3,Type 3 - New Dosage Form,STANDARD,FALSE,Type 3 - New Dosage Form,ORTHO MCNEIL JANSSEN,ORTHO-NOVUM 1/50 28,MESTRANOL 0.05MG; NORETHINDRONE 1MG,TABLET; ORAL-28,1,Discontinued,2 ingredients first seen earlier (earliest 1961-03-09 on NDA010976),non-NME row: earlier appearances permitted by construction; see ingredient_first_appearance,none (not a Type 1/1-4 original approval),NOT_PROBED_NON_NME_ROW,https://www.accessdata.fda.gov/scripts/cder/daf/index.cfm?event=overview.process&varApplNo=016709,https://api.fda.gov/drug/drugsfda.json?search=application_number:%22NDA016709%22,Payload-verified; no per-row live probe issued for non-NME rows (cross-checked against the full Drugs@FDA database instead),"Row of the complete 1965-1976 original-application audit (v21): every ORIG/AP row of the committed SHA-verified payloads; facts verbatim from the payload; no ticker, indication or applicant lineage asserted."
PRE1980AUDIT-1968-16,1968,NDA016297,NDA,1968-11-04,TYPE 3,Type 3 - New Dosage Form,PRIORITY,FALSE,Type 3 - New Dosage Form,FRESENIUS KABI USA,XYLOCAINE 1.5% W/ DEXTROSE 7.5%,LIDOCAINE HYDROCHLORIDE 1.5%,INJECTABLE; SPINAL,1,Discontinued,LIDOCAINE HYDROCHLORIDE first 1948-11-19 on NDA006488,non-NME row: earlier appearances permitted by construction; see ingredient_first_appearance,none (not a Type 1/1-4 original approval),NOT_PROBED_NON_NME_ROW,https://www.accessdata.fda.gov/scripts/cder/daf/index.cfm?event=overview.process&varApplNo=016297,https://api.fda.gov/drug/drugsfda.json?search=application_number:%22NDA016297%22,Payload-verified; no per-row live probe issued for non-NME rows (cross-checked against the full Drugs@FDA database instead),"Row of the complete 1965-1976 original-application audit (v21): every ORIG/AP row of the committed SHA-verified payloads; facts verbatim from the payload; no ticker, indication or applicant lineage asserted."
PRE1980AUDIT-1968-17,1968,NDA016724,NDA,1968-11-06,TYPE 5,Type 5 - New Formulation or New Manufacturer,STANDARD,FALSE,Type 5 - New Formulation or New Manufacturer,GD SEARLE LLC,NORINYL 1+80 21-DAY,MESTRANOL 0.08MG; NORETHINDRONE 1MG,TABLET; ORAL-21,1,Discontinued,2 ingredients first seen earlier (earliest 1961-03-09 on NDA010976),non-NME row: earlier appearances permitted by construction; see ingredient_first_appearance,none (not a Type 1/1-4 original approval),NOT_PROBED_NON_NME_ROW,https://www.accessdata.fda.gov/scripts/cder/daf/index.cfm?event=overview.process&varApplNo=016724,https://api.fda.gov/drug/drugsfda.json?search=application_number:%22NDA016724%22,Payload-verified; no per-row live probe issued for non-NME rows (cross-checked against the full Drugs@FDA database instead),"Row of the complete 1965-1976 original-application audit (v21): every ORIG/AP row of the committed SHA-verified payloads; facts verbatim from the payload; no ticker, indication or applicant lineage asserted."
PRE1980AUDIT-1968-18,1968,NDA016401,NDA,1968-11-07,TYPE 3,Type 3 - New Dosage Form,STANDARD,FALSE,Type 3 - New Dosage Form,POLYMEDICA,NEOPAP,ACETAMINOPHEN 120MG,SUPPOSITORY; RECTAL,1,Discontinued,first-in-payloads (1939-1979 universe),non-NME row: earlier appearances permitted by construction; see ingredient_first_appearance,none (not a Type 1/1-4 original approval),NOT_PROBED_NON_NME_ROW,https://www.accessdata.fda.gov/scripts/cder/daf/index.cfm?event=overview.process&varApplNo=016401,https://api.fda.gov/drug/drugsfda.json?search=application_number:%22NDA016401%22,Payload-verified; no per-row live probe issued for non-NME rows (cross-checked against the full Drugs@FDA database instead),"Row of the complete 1965-1976 original-application audit (v21): every ORIG/AP row of the committed SHA-verified payloads; facts verbatim from the payload; no ticker, indication or applicant lineage asserted."
PRE1980AUDIT-1968-19,1968,NDA016725,NDA,1968-11-08,TYPE 5,Type 5 - New Formulation or New Manufacturer,STANDARD,FALSE,Type 5 - New Formulation or New Manufacturer,GD SEARLE LLC,NORINYL 1+80 28-DAY,MESTRANOL 0.08MG; NORETHINDRONE 1MG,TABLET; ORAL-28,1,Discontinued,2 ingredients first seen earlier (earliest 1961-03-09 on NDA010976),non-NME row: earlier appearances permitted by construction; see ingredient_first_appearance,none (not a Type 1/1-4 original approval),NOT_PROBED_NON_NME_ROW,https://www.accessdata.fda.gov/scripts/cder/daf/index.cfm?event=overview.process&varApplNo=016725,https://api.fda.gov/drug/drugsfda.json?search=application_number:%22NDA016725%22,Payload-verified; no per-row live probe issued for non-NME rows (cross-checked against the full Drugs@FDA database instead),"Row of the complete 1965-1976 original-application audit (v21): every ORIG/AP row of the committed SHA-verified payloads; facts verbatim from the payload; no ticker, indication or applicant lineage asserted."
PRE1980AUDIT-1968-20,1968,NDA011459,NDA,1968-11-15,TYPE 2,Type 2 - New Active Ingredient,STANDARD,FALSE,Type 2 - New Active Ingredient,PFIZER,VISTARIL,HYDROXYZINE PAMOATE EQ 100MG HYDROCHLORIDE **Federal Register determination that product was not discontinued or withdrawn for safety or effectiveness reasons**,CAPSULE; ORAL,3,Discontinued,HYDROXYZINE PAMOATE first 1959-06-03 on NDA011795,non-NME row: earlier appearances permitted by construction; see ingredient_first_appearance,none (not a Type 1/1-4 original approval),NOT_PROBED_NON_NME_ROW,https://www.accessdata.fda.gov/scripts/cder/daf/index.cfm?event=overview.process&varApplNo=011459,https://api.fda.gov/drug/drugsfda.json?search=application_number:%22NDA011459%22,Payload-verified; no per-row live probe issued for non-NME rows (cross-checked against the full Drugs@FDA database instead),"Row of the complete 1965-1976 original-application audit (v21): every ORIG/AP row of the committed SHA-verified payloads; facts verbatim from the payload; no ticker, indication or applicant lineage asserted."
PRE1980AUDIT-1968-21,1968,NDA016806,NDA,1968-11-26,TYPE 3,Type 3 - New Dosage Form,STANDARD,FALSE,Type 3 - New Dosage Form,WYETH PHARMS,OVRAL-28,ETHINYL ESTRADIOL 0.05MG; NORGESTREL 0.5MG,TABLET; ORAL-28,1,Discontinued,2 ingredients first seen earlier (earliest 1943-06-25 on NDA005292),non-NME row: earlier appearances permitted by construction; see ingredient_first_appearance,none (not a Type 1/1-4 original approval),NOT_PROBED_NON_NME_ROW,https://www.accessdata.fda.gov/scripts/cder/daf/index.cfm?event=overview.process&varApplNo=016806,https://api.fda.gov/drug/drugsfda.json?search=application_number:%22NDA016806%22,Payload-verified; no per-row live probe issued for non-NME rows (cross-checked against the full Drugs@FDA database instead),"Row of the complete 1965-1976 original-application audit (v21): every ORIG/AP row of the committed SHA-verified payloads; facts verbatim from the payload; no ticker, indication or applicant lineage asserted."
PRE1980AUDIT-1968-22,1968,NDA014860,NDA,1968-12-09,TYPE 4,Type 4 - New Combination,PRIORITY,FALSE,Type 4 - New Combination,SANOFI AVENTIS US,ARALEN PHOSPHATE W/ PRIMAQUINE PHOSPHATE,CHLOROQUINE PHOSPHATE EQ 300MG BASE; PRIMAQUINE PHOSPHATE EQ 45MG BASE,TABLET; ORAL,1,Discontinued,2 ingredients first seen earlier (earliest 1949-10-31 on NDA006002),non-NME row: earlier appearances permitted by construction; see ingredient_first_appearance,none (not a Type 1/1-4 original approval),NOT_PROBED_NON_NME_ROW,https://www.accessdata.fda.gov/scripts/cder/daf/index.cfm?event=overview.process&varApplNo=014860,https://api.fda.gov/drug/drugsfda.json?search=application_number:%22NDA014860%22,Payload-verified; no per-row live probe issued for non-NME rows (cross-checked against the full Drugs@FDA database instead),"Row of the complete 1965-1976 original-application audit (v21): every ORIG/AP row of the committed SHA-verified payloads; facts verbatim from the payload; no ticker, indication or applicant lineage asserted."
PRE1980AUDIT-1969-01,1969,NDA016763,NDA,1969-01-24,TYPE 2,Type 2 - New Active Ingredient,PRIORITY,FALSE,Type 2 - New Active Ingredient,RISING,SULFAMYLON,MAFENIDE ACETATE EQ 85MG BASE/GM,CREAM; TOPICAL,1,Prescription,first-in-payloads (1939-1979 universe),non-NME row: earlier appearances permitted by construction; see ingredient_first_appearance,none (not a Type 1/1-4 original approval),NOT_PROBED_NON_NME_ROW,https://www.accessdata.fda.gov/scripts/cder/daf/index.cfm?event=overview.process&varApplNo=016763,https://api.fda.gov/drug/drugsfda.json?search=application_number:%22NDA016763%22,Payload-verified; no per-row live probe issued for non-NME rows (cross-checked against the full Drugs@FDA database instead),"Row of the complete 1965-1976 original-application audit (v21): every ORIG/AP row of the committed SHA-verified payloads; facts verbatim from the payload; no ticker, indication or applicant lineage asserted."
PRE1980AUDIT-1969-02,1969,NDA013615,NDA,1969-02-03,TYPE 1,Type 1 - New Molecular Entity,STANDARD,TRUE,NME (Type 1),DOW PHARM,Quide,PIPERACETAZINE 25MG,TABLET; ORAL,2,Discontinued,first-in-payloads (1939-1979 universe),first appearance in the 1939-1979 payload universe,PRE1980-1969-01,MATCH,https://www.accessdata.fda.gov/scripts/cder/daf/index.cfm?event=overview.process&varApplNo=013615,https://api.fda.gov/drug/drugsfda.json?search=application_number:%22NDA013615%22,Verified (live probe match),"Row of the complete 1965-1976 original-application audit (v21): every ORIG/AP row of the committed SHA-verified payloads; facts verbatim from the payload; no ticker, indication or applicant lineage asserted."
PRE1980AUDIT-1969-03,1969,NDA016732,NDA,1969-02-03,TYPE 2,Type 2 - New Active Ingredient,PRIORITY,FALSE,Type 2 - New Active Ingredient,SANOFI AVENTIS US,TALWIN 50,PENTAZOCINE HYDROCHLORIDE EQ 50MG BASE,TABLET; ORAL,1,Discontinued,first-in-payloads (1939-1979 universe),non-NME row: earlier appearances permitted by construction; see ingredient_first_appearance,none (not a Type 1/1-4 original approval),NOT_PROBED_NON_NME_ROW,https://www.accessdata.fda.gov/scripts/cder/daf/index.cfm?event=overview.process&varApplNo=016732,https://api.fda.gov/drug/drugsfda.json?search=application_number:%22NDA016732%22,Payload-verified; no per-row live probe issued for non-NME rows (cross-checked against the full Drugs@FDA database instead),"Row of the complete 1965-1976 original-application audit (v21): every ORIG/AP row of the committed SHA-verified payloads; facts verbatim from the payload; no ticker, indication or applicant lineage asserted."
PRE1980AUDIT-1969-04,1969,NDA016740,NDA,1969-02-17,TYPE 3,Type 3 - New Dosage Form,STANDARD,FALSE,Type 3 - New Dosage Form,SCHERING,VALISONE,BETAMETHASONE VALERATE EQ 0.1% BASE,OINTMENT; TOPICAL,1,Discontinued,BETAMETHASONE VALERATE first 1967-09-02 on NDA016322,non-NME row: earlier appearances permitted by construction; see ingredient_first_appearance,none (not a Type 1/1-4 original approval),NOT_PROBED_NON_NME_ROW,https://www.accessdata.fda.gov/scripts/cder/daf/index.cfm?event=overview.process&varApplNo=016740,https://api.fda.gov/drug/drugsfda.json?search=application_number:%22NDA016740%22,Payload-verified; no per-row live probe issued for non-NME rows (cross-checked against the full Drugs@FDA database instead),"Row of the complete 1965-1976 original-application audit (v21): every ORIG/AP row of the committed SHA-verified payloads; facts verbatim from the payload; no ticker, indication or applicant lineage asserted."
PRE1980AUDIT-1969-05,1969,NDA050336,NDA,1969-05-27,,,,FALSE,NOT PUBLISHED (blank class),PFIZER,TAO,TROLEANDOMYCIN EQ 250MG BASE,CAPSULE; ORAL,1,Discontinued,first-in-payloads (1939-1979 universe),non-NME row: earlier appearances permitted by construction; see ingredient_first_appearance,none (not a Type 1/1-4 original approval),NOT_PROBED_NON_NME_ROW,https://www.accessdata.fda.gov/scripts/cder/daf/index.cfm?event=overview.process&varApplNo=050336,https://api.fda.gov/drug/drugsfda.json?search=application_number:%22NDA050336%22,Payload-verified; no per-row live probe issued for non-NME rows (cross-checked against the full Drugs@FDA database instead),"Row of the complete 1965-1976 original-application audit (v21): every ORIG/AP row of the committed SHA-verified payloads; facts verbatim from the payload; no ticker, indication or applicant lineage asserted."
PRE1980AUDIT-1969-06,1969,NDA016119,NDA,1969-06-03,TYPE 1,Type 1 - New Molecular Entity,STANDARD,TRUE,NME (Type 1),BRISTOL MYERS SQUIBB,Teslac,TESTOLACTONE 100MG/ML,INJECTABLE; INJECTION,1,Discontinued,first-in-payloads (1939-1979 universe),first appearance in the 1939-1979 payload universe,PRE1980-1969-02,MATCH,https://www.accessdata.fda.gov/scripts/cder/daf/index.cfm?event=overview.process&varApplNo=016119,https://api.fda.gov/drug/drugsfda.json?search=application_number:%22NDA016119%22,Verified (live probe match),"Row of the complete 1965-1976 original-application audit (v21): every ORIG/AP row of the committed SHA-verified payloads; facts verbatim from the payload; no ticker, indication or applicant lineage asserted."
PRE1980AUDIT-1969-07,1969,NDA012828,NDA,1969-06-12,TYPE 1,Type 1 - New Molecular Entity,PRIORITY,TRUE,NME (Type 1),ABBOTT,Travase,"SUTILAINS 82,000 UNITS/GM **Federal Register determination that product was not discontinued or withdrawn for safety or efficacy reasons**",OINTMENT; TOPICAL,1,Discontinued,first-in-payloads (1939-1979 universe),first appearance in the 1939-1979 payload universe,PRE1980-1969-03,MATCH,https://www.accessdata.fda.gov/scripts/cder/daf/index.cfm?event=overview.process&varApplNo=012828,https://api.fda.gov/drug/drugsfda.json?search=application_number:%22NDA012828%22,Verified (live probe match),"Row of the complete 1965-1976 original-application audit (v21): every ORIG/AP row of the committed SHA-verified payloads; facts verbatim from the payload; no ticker, indication or applicant lineage asserted."
PRE1980AUDIT-1969-08,1969,NDA016793,NDA,1969-06-17,TYPE 1,Type 1 - New Molecular Entity,PRIORITY,TRUE,NME (Type 1),TEVA PARENTERAL,Cytarabine,CYTARABINE 2GM/VIAL **Federal Register determination that product was not discontinued or withdrawn for safety or effectiveness reasons**,INJECTABLE; INJECTION,4,Discontinued,first-in-payloads (1939-1979 universe),first appearance in the 1939-1979 payload universe,PRE1980-1969-04,MATCH,https://www.accessdata.fda.gov/scripts/cder/daf/index.cfm?event=overview.process&varApplNo=016793,https://api.fda.gov/drug/drugsfda.json?search=application_number:%22NDA016793%22,Verified (live probe match),"Row of the complete 1965-1976 original-application audit (v21): every ORIG/AP row of the committed SHA-verified payloads; facts verbatim from the payload; no ticker, indication or applicant lineage asserted."
PRE1980AUDIT-1969-09,1969,NDA050322,NDA,1969-07-02,,,,FALSE,NOT PUBLISHED (blank class),MERCK,NEODECADRON,DEXAMETHASONE SODIUM PHOSPHATE EQ 0.1% PHOSPHATE; NEOMYCIN SULFATE EQ 3.5MG BASE/ML,SOLUTION/DROPS; OPHTHALMIC,1,Discontinued,2 ingredients first seen earlier (earliest 1959-08-26 on NDA011983),non-NME row: earlier appearances permitted by construction; see ingredient_first_appearance,none (not a Type 1/1-4 original approval),NOT_PROBED_NON_NME_ROW,https://www.accessdata.fda.gov/scripts/cder/daf/index.cfm?event=overview.process&varApplNo=050322,https://api.fda.gov/drug/drugsfda.json?search=application_number:%22NDA050322%22,Payload-verified; no per-row live probe issued for non-NME rows (cross-checked against the full Drugs@FDA database instead),"Row of the complete 1965-1976 original-application audit (v21): every ORIG/AP row of the committed SHA-verified payloads; facts verbatim from the payload; no ticker, indication or applicant lineage asserted."
PRE1980AUDIT-1969-10,1969,NDA000004,NDA,1969-07-16,UNKNOWN,,UNKNOWN,FALSE,NOT PUBLISHED (blank class),PHARMICS,PAREDRINE,HYDROXYAMPHETAMINE HYDROBROMIDE 1%,SOLUTION/DROPS; OPHTHALMIC,1,Discontinued,first-in-payloads (1939-1979 universe),non-NME row: earlier appearances permitted by construction; see ingredient_first_appearance,none (not a Type 1/1-4 original approval),NOT_PROBED_NON_NME_ROW,https://www.accessdata.fda.gov/scripts/cder/daf/index.cfm?event=overview.process&varApplNo=000004,https://api.fda.gov/drug/drugsfda.json?search=application_number:%22NDA000004%22,Payload-verified; no per-row live probe issued for non-NME rows (cross-checked against the full Drugs@FDA database instead),"Row of the complete 1965-1976 original-application audit (v21): every ORIG/AP row of the committed SHA-verified payloads; facts verbatim from the payload; no ticker, indication or applicant lineage asserted."
PRE1980AUDIT-1969-11,1969,NDA016785,NDA,1969-07-22,TYPE 1,Type 1 - New Molecular Entity,PRIORITY,TRUE,NME (Type 1),LEADIANT BIOSCI INC,Matulane,PROCARBAZINE HYDROCHLORIDE EQ 50MG BASE,CAPSULE; ORAL,1,Prescription,first-in-payloads (1939-1979 universe),first appearance in the 1939-1979 payload universe,PRE1980-1969-05,MATCH,https://www.accessdata.fda.gov/scripts/cder/daf/index.cfm?event=overview.process&varApplNo=016785,https://api.fda.gov/drug/drugsfda.json?search=application_number:%22NDA016785%22,Verified (live probe match),"Row of the complete 1965-1976 original-application audit (v21): every ORIG/AP row of the committed SHA-verified payloads; facts verbatim from the payload; no ticker, indication or applicant lineage asserted."
PRE1980AUDIT-1969-12,1969,NDA016455,NDA,1969-07-29,TYPE 3,Type 3 - New Dosage Form,STANDARD,FALSE,Type 3 - New Dosage Form,ALMIRALL,CORDRAN,FLURANDRENOLIDE 0.004MG/SQ CM,TAPE; TOPICAL,1,Prescription,FLURANDRENOLIDE first 1963-03-19 on NDA013790,non-NME row: earlier appearances permitted by construction; see ingredient_first_appearance,none (not a Type 1/1-4 original approval),NOT_PROBED_NON_NME_ROW,https://www.accessdata.fda.gov/scripts/cder/daf/index.cfm?event=overview.process&varApplNo=016455,https://api.fda.gov/drug/drugsfda.json?search=application_number:%22NDA016455%22,Payload-verified; no per-row live probe issued for non-NME rows (cross-checked against the full Drugs@FDA database instead),"Row of the complete 1965-1976 original-application audit (v21): every ORIG/AP row of the committed SHA-verified payloads; facts verbatim from the payload; no ticker, indication or applicant lineage asserted."
PRE1980AUDIT-1969-13,1969,NDA016466,NDA,1969-07-29,TYPE 2,Type 2 - New Active Ingredient,STANDARD,FALSE,Type 2 - New Active Ingredient,ETHYPHARM,ARISTOSPAN,TRIAMCINOLONE HEXACETONIDE 20MG/ML **Federal Register determination that product was not discontinued or withdrawn for safety or effectiveness reasons**,INJECTABLE; INJECTION,2,Discontinued,first-in-payloads (1939-1979 universe),non-NME row: earlier appearances permitted by construction; see ingredient_first_appearance,none (not a Type 1/1-4 original approval),NOT_PROBED_NON_NME_ROW,https://www.accessdata.fda.gov/scripts/cder/daf/index.cfm?event=overview.process&varApplNo=016466,https://api.fda.gov/drug/drugsfda.json?search=application_number:%22NDA016466%22,Payload-verified; no per-row live probe issued for non-NME rows (cross-checked against the full Drugs@FDA database instead),"Row of the complete 1965-1976 original-application audit (v21): every ORIG/AP row of the committed SHA-verified payloads; facts verbatim from the payload; no ticker, indication or applicant lineage asserted."
PRE1980AUDIT-1969-14,1969,NDA016803,NDA,1969-08-11,TYPE 3,Type 3 - New Dosage Form,STANDARD,FALSE,Type 3 - New Dosage Form,STERLING,BRONKAID MIST,EPINEPHRINE 0.25MG/INH,"AEROSOL, METERED; INHALATION",1,Discontinued,EPINEPHRINE first 1948-11-19 on NDA006488,non-NME row: earlier appearances permitted by construction; see ingredient_first_appearance,none (not a Type 1/1-4 original approval),NOT_PROBED_NON_NME_ROW,https://www.accessdata.fda.gov/scripts/cder/daf/index.cfm?event=overview.process&varApplNo=016803,https://api.fda.gov/drug/drugsfda.json?search=application_number:%22NDA016803%22,Payload-verified; no per-row live probe issued for non-NME rows (cross-checked against the full Drugs@FDA database instead),"Row of the complete 1965-1976 original-application audit (v21): every ORIG/AP row of the committed SHA-verified payloads; facts verbatim from the payload; no ticker, indication or applicant lineage asserted."
PRE1980AUDIT-1969-15,1969,NDA006460,NDA,1969-08-13,TYPE 5,Type 5 - New Formulation or New Manufacturer,STANDARD,FALSE,Type 5 - New Formulation or New Manufacturer,LILLY,PROTAMINE SULFATE,PROTAMINE SULFATE 250MG/25ML (10MG/ML) **Federal Register determination that product was not discontinued or withdrawn for safety or effectiveness reasons**,SOLUTION; INTRAVENOUS,2,Discontinued,first-in-payloads (1939-1979 universe),non-NME row: earlier appearances permitted by construction; see ingredient_first_appearance,none (not a Type 1/1-4 original approval),NOT_PROBED_NON_NME_ROW,https://www.accessdata.fda.gov/scripts/cder/daf/index.cfm?event=overview.process&varApplNo=006460,https://api.fda.gov/drug/drugsfda.json?search=application_number:%22NDA006460%22,Payload-verified; no per-row live probe issued for non-NME rows (cross-checked against the full Drugs@FDA database instead),"Row of the complete 1965-1976 original-application audit (v21): every ORIG/AP row of the committed SHA-verified payloads; facts verbatim from the payload; no ticker, indication or applicant lineage asserted."
PRE1980AUDIT-1969-16,1969,NDA016403,NDA,1969-08-21,TYPE 3,Type 3 - New Dosage Form,PRIORITY,FALSE,Type 3 - New Dosage Form,GE HEALTHCARE,HYPAQUE,DIATRIZOATE MEGLUMINE 60%,INJECTABLE; INJECTION,3,Discontinued,DIATRIZOATE MEGLUMINE first 1955-08-02 on NDA010040,non-NME row: earlier appearances permitted by construction; see ingredient_first_appearance,none (not a Type 1/1-4 original approval),NOT_PROBED_NON_NME_ROW,https://www.accessdata.fda.gov/scripts/cder/daf/index.cfm?event=overview.process&varApplNo=016403,https://api.fda.gov/drug/drugsfda.json?search=application_number:%22NDA016403%22,Payload-verified; no per-row live probe issued for non-NME rows (cross-checked against the full Drugs@FDA database instead),"Row of the complete 1965-1976 original-application audit (v21): every ORIG/AP row of the committed SHA-verified payloads; facts verbatim from the payload; no ticker, indication or applicant lineage asserted."
PRE1980AUDIT-1969-17,1969,NDA050324,NDA,1969-09-15,,,,FALSE,NOT PUBLISHED (blank class),MERCK,NEODECADRON,DEXAMETHASONE SODIUM PHOSPHATE EQ 0.05% PHOSPHATE; NEOMYCIN SULFATE EQ 3.5MG BASE/GM,OINTMENT; OPHTHALMIC,1,Discontinued,2 ingredients first seen earlier (earliest 1959-08-26 on NDA011983),non-NME row: earlier appearances permitted by construction; see ingredient_first_appearance,none (not a Type 1/1-4 original approval),NOT_PROBED_NON_NME_ROW,https://www.accessdata.fda.gov/scripts/cder/daf/index.cfm?event=overview.process&varApplNo=050324,https://api.fda.gov/drug/drugsfda.json?search=application_number:%22NDA050324%22,Payload-verified; no per-row live probe issued for non-NME rows (cross-checked against the full Drugs@FDA database instead),"Row of the complete 1965-1976 original-application audit (v21): every ORIG/AP row of the committed SHA-verified payloads; facts verbatim from the payload; no ticker, indication or applicant lineage asserted."
PRE1980AUDIT-1969-18,1969,NDA014713,NDA,1969-09-17,TYPE 5,Type 5 - New Formulation or New Manufacturer,STANDARD,FALSE,Type 5 - New Formulation or New Manufacturer,SCHERING,ETRAFON-FORTE,AMITRIPTYLINE HYDROCHLORIDE 25MG; PERPHENAZINE 4MG **Federal Register determination that product was not discontinued or withdrawn for safety or effectiveness reasons**,TABLET; ORAL,4,Discontinued,2 ingredients first seen earlier (earliest 1961-04-07 on NDA012703),non-NME row: earlier appearances permitted by construction; see ingredient_first_appearance,none (not a Type 1/1-4 original approval),NOT_PROBED_NON_NME_ROW,https://www.accessdata.fda.gov/scripts/cder/daf/index.cfm?event=overview.process&varApplNo=014713,https://api.fda.gov/drug/drugsfda.json?search=application_number:%22NDA014713%22,Payload-verified; no per-row live probe issued for non-NME rows (cross-checked against the full Drugs@FDA database instead),"Row of the complete 1965-1976 original-application audit (v21): every ORIG/AP row of the committed SHA-verified payloads; facts verbatim from the payload; no ticker, indication or applicant lineage asserted."
PRE1980AUDIT-1969-19,1969,NDA016798,NDA,1969-09-23,TYPE 1,Type 1 - New Molecular Entity,STANDARD,TRUE,NME (Type 1),PFIZER,Sinequan,DOXEPIN HYDROCHLORIDE EQ 75MG BASE **Federal Register determination that product was not discontinued or withdrawn for safety or effectiveness reasons**,CAPSULE; ORAL,6,Discontinued,first-in-payloads (1939-1979 universe),first appearance in the 1939-1979 payload universe,PRE1980-1969-06,MATCH,https://www.accessdata.fda.gov/scripts/cder/daf/index.cfm?event=overview.process&varApplNo=016798,https://api.fda.gov/drug/drugsfda.json?search=application_number:%22NDA016798%22,Verified (live probe match),"Row of the complete 1965-1976 original-application audit (v21): every ORIG/AP row of the committed SHA-verified payloads; facts verbatim from the payload; no ticker, indication or applicant lineage asserted."
PRE1980AUDIT-1969-20,1969,NDA016801,NDA,1969-10-06,TYPE 5,Type 5 - New Formulation or New Manufacturer,STANDARD,FALSE,Type 5 - New Formulation or New Manufacturer,FRESENIUS KABI USA,XYLOCAINE PRESERVATIVE FREE,LIDOCAINE HYDROCHLORIDE 10% **Federal Register determination that product was not discontinued or withdrawn for safety or effectiveness reasons**,INJECTABLE; INJECTION,5,Discontinued,LIDOCAINE HYDROCHLORIDE first 1948-11-19 on NDA006488,non-NME row: earlier appearances permitted by construction; see ingredient_first_appearance,none (not a Type 1/1-4 original approval),NOT_PROBED_NON_NME_ROW,https://www.accessdata.fda.gov/scripts/cder/daf/index.cfm?event=overview.process&varApplNo=016801,https://api.fda.gov/drug/drugsfda.json?search=application_number:%22NDA016801%22,Payload-verified; no per-row live probe issued for non-NME rows (cross-checked against the full Drugs@FDA database instead),"Row of the complete 1965-1976 original-application audit (v21): every ORIG/AP row of the committed SHA-verified payloads; facts verbatim from the payload; no ticker, indication or applicant lineage asserted."
PRE1980AUDIT-1969-21,1969,NDA013731,NDA,1969-10-24,TYPE 1,Type 1 - New Molecular Entity,STANDARD,TRUE,NME (Type 1),GE HEALTHCARE,Bilopaque,TYROPANOATE SODIUM 750MG,CAPSULE; ORAL,1,Discontinued,first-in-payloads (1939-1979 universe),first appearance in the 1939-1979 payload universe,PRE1980-1969-07,MATCH,https://www.accessdata.fda.gov/scripts/cder/daf/index.cfm?event=overview.process&varApplNo=013731,https://api.fda.gov/drug/drugsfda.json?search=application_number:%22NDA013731%22,Verified (live probe match),"Row of the complete 1965-1976 original-application audit (v21): every ORIG/AP row of the committed SHA-verified payloads; facts verbatim from the payload; no ticker, indication or applicant lineage asserted."
PRE1980AUDIT-1969-22,1969,NDA016704,NDA,1969-11-18,TYPE 5,Type 5 - New Formulation or New Manufacturer,STANDARD,FALSE,Type 5 - New Formulation or New Manufacturer,B BRAUN,RESECTISOL,MANNITOL 5GM/100ML,SOLUTION; IRRIGATION,1,Discontinued,MANNITOL first 1964-06-08 on NDA013684,non-NME row: earlier appearances permitted by construction; see ingredient_first_appearance,none (not a Type 1/1-4 original approval),NOT_PROBED_NON_NME_ROW,https://www.accessdata.fda.gov/scripts/cder/daf/index.cfm?event=overview.process&varApplNo=016704,https://api.fda.gov/drug/drugsfda.json?search=application_number:%22NDA016704%22,Payload-verified; no per-row live probe issued for non-NME rows (cross-checked against the full Drugs@FDA database instead),"Row of the complete 1965-1976 original-application audit (v21): every ORIG/AP row of the committed SHA-verified payloads; facts verbatim from the payload; no ticker, indication or applicant lineage asserted."
PRE1980AUDIT-1969-23,1969,NDA016807,NDA,1969-11-21,TYPE 5,Type 5 - New Formulation or New Manufacturer,STANDARD,FALSE,Type 5 - New Formulation or New Manufacturer,ALLERGAN,THYROLAR-1,LIOTRIX (T4 0.05MG; T3) 0.0125MG,TABLET; ORAL,6,Discontinued,first-in-payloads (1939-1979 universe),non-NME row: earlier appearances permitted by construction; see ingredient_first_appearance,none (not a Type 1/1-4 original approval),NOT_PROBED_NON_NME_ROW,https://www.accessdata.fda.gov/scripts/cder/daf/index.cfm?event=overview.process&varApplNo=016807,https://api.fda.gov/drug/drugsfda.json?search=application_number:%22NDA016807%22,Payload-verified; no per-row live probe issued for non-NME rows (cross-checked against the full Drugs@FDA database instead),"Row of the complete 1965-1976 original-application audit (v21): every ORIG/AP row of the committed SHA-verified payloads; facts verbatim from the payload; no ticker, indication or applicant lineage asserted."
PRE1980AUDIT-1969-24,1969,NDA016624,NDA,1969-11-28,TYPE 1,Type 1 - New Molecular Entity,STANDARD,TRUE,NME (Type 1),ALLERGAN,HMS,MEDRYSONE 1%,SUSPENSION; OPHTHALMIC,1,Discontinued,first-in-payloads (1939-1979 universe),first appearance in the 1939-1979 payload universe,PRE1980-1969-08,MATCH,https://www.accessdata.fda.gov/scripts/cder/daf/index.cfm?event=overview.process&varApplNo=016624,https://api.fda.gov/drug/drugsfda.json?search=application_number:%22NDA016624%22,Verified (live probe match),"Row of the complete 1965-1976 original-application audit (v21): every ORIG/AP row of the committed SHA-verified payloads; facts verbatim from the payload; no ticker, indication or applicant lineage asserted."
PRE1980AUDIT-1969-25,1969,NDA016647,NDA,1969-12-08,TYPE 3,Type 3 - New Dosage Form,STANDARD,FALSE,Type 3 - New Dosage Form,BAYER HLTHCARE,QUINAGLUTE,QUINIDINE GLUCONATE 324MG **Federal Register determination that product was not discontinued or withdrawn for safety or effectiveness reasons**,"TABLET, EXTENDED RELEASE; ORAL",1,Discontinued,QUINIDINE GLUCONATE first 1950-07-12 on NDA007529,non-NME row: earlier appearances permitted by construction; see ingredient_first_appearance,none (not a Type 1/1-4 original approval),NOT_PROBED_NON_NME_ROW,https://www.accessdata.fda.gov/scripts/cder/daf/index.cfm?event=overview.process&varApplNo=016647,https://api.fda.gov/drug/drugsfda.json?search=application_number:%22NDA016647%22,Payload-verified; no per-row live probe issued for non-NME rows (cross-checked against the full Drugs@FDA database instead),"Row of the complete 1965-1976 original-application audit (v21): every ORIG/AP row of the committed SHA-verified payloads; facts verbatim from the payload; no ticker, indication or applicant lineage asserted."
PRE1980AUDIT-1970-01,1970,NDA016769,NDA,1970-01-15,TYPE 1,Type 1 - New Molecular Entity,STANDARD,TRUE,NME (Type 1),ORTHO MCNEIL JANSSEN,Urispas,FLAVOXATE HYDROCHLORIDE 100MG,TABLET; ORAL,1,Discontinued,first-in-payloads (1939-1979 universe),first appearance in the 1939-1979 payload universe,PRE1980-1970-01,MATCH,https://www.accessdata.fda.gov/scripts/cder/daf/index.cfm?event=overview.process&varApplNo=016769,https://api.fda.gov/drug/drugsfda.json?search=application_number:%22NDA016769%22,Verified (live probe match),"Row of the complete 1965-1976 original-application audit (v21): every ORIG/AP row of the committed SHA-verified payloads; facts verbatim from the payload; no ticker, indication or applicant lineage asserted."
PRE1980AUDIT-1970-02,1970,NDA016812,NDA,1970-02-19,TYPE 1,Type 1 - New Molecular Entity,PRIORITY,TRUE,NME (Type 1),PH HEALTH,Ketalar,KETAMINE HYDROCHLORIDE EQ 10MG BASE/ML,INJECTABLE; INJECTION,3,Prescription,first-in-payloads (1939-1979 universe),first appearance in the 1939-1979 payload universe,PRE1980-1970-02,MATCH,https://www.accessdata.fda.gov/scripts/cder/daf/index.cfm?event=overview.process&varApplNo=016812,https://api.fda.gov/drug/drugsfda.json?search=application_number:%22NDA016812%22,Verified (live probe match),"Row of the complete 1965-1976 original-application audit (v21): every ORIG/AP row of the committed SHA-verified payloads; facts verbatim from the payload; no ticker, indication or applicant lineage asserted."
PRE1980AUDIT-1970-03,1970,NDA050162,NDA,1970-02-22,UNKNOWN,,UNKNOWN,FALSE,NOT PUBLISHED (blank class),PFIZER,CLEOCIN HYDROCHLORIDE,CLINDAMYCIN HYDROCHLORIDE EQ 300MG BASE,CAPSULE; ORAL,3,Prescription,first-in-payloads (1939-1979 universe),non-NME row: earlier appearances permitted by construction; see ingredient_first_appearance,none (not a Type 1/1-4 original approval),NOT_PROBED_NON_NME_ROW,https://www.accessdata.fda.gov/scripts/cder/daf/index.cfm?event=overview.process&varApplNo=050162,https://api.fda.gov/drug/drugsfda.json?search=application_number:%22NDA050162%22,Payload-verified; no per-row live probe issued for non-NME rows (cross-checked against the full Drugs@FDA database instead),"Row of the complete 1965-1976 original-application audit (v21): every ORIG/AP row of the committed SHA-verified payloads; facts verbatim from the payload; no ticker, indication or applicant lineage asserted."
PRE1980AUDIT-1970-04,1970,NDA016774,NDA,1970-02-27,TYPE 1,Type 1 - New Molecular Entity,STANDARD,TRUE,NME (Type 1),NOVARTIS,Serentil,MESORIDAZINE BESYLATE EQ 25MG BASE **Federal Register determination that product was not discontinued or withdrawn for safety or effectiveness reasons**,TABLET; ORAL,4,Discontinued,first-in-payloads (1939-1979 universe),first appearance in the 1939-1979 payload universe,PRE1980-1970-03,MATCH,https://www.accessdata.fda.gov/scripts/cder/daf/index.cfm?event=overview.process&varApplNo=016774,https://api.fda.gov/drug/drugsfda.json?search=application_number:%22NDA016774%22,Verified (live probe match),"Row of the complete 1965-1976 original-application audit (v21): every ORIG/AP row of the committed SHA-verified payloads; facts verbatim from the payload; no ticker, indication or applicant lineage asserted."
PRE1980AUDIT-1970-05,1970,NDA016775,NDA,1970-02-27,TYPE 3,Type 3 - New Dosage Form,STANDARD,FALSE,Type 3 - New Dosage Form,NOVARTIS,SERENTIL,MESORIDAZINE BESYLATE EQ 25MG BASE/ML,INJECTABLE; INJECTION,1,Discontinued,MESORIDAZINE BESYLATE first 1970-02-27 on NDA016774,non-NME row: earlier appearances permitted by construction; see ingredient_first_appearance,none (not a Type 1/1-4 original approval),NOT_PROBED_NON_NME_ROW,https://www.accessdata.fda.gov/scripts/cder/daf/index.cfm?event=overview.process&varApplNo=016775,https://api.fda.gov/drug/drugsfda.json?search=application_number:%22NDA016775%22,Payload-verified; no per-row live probe issued for non-NME rows (cross-checked against the full Drugs@FDA database instead),"Row of the complete 1965-1976 original-application audit (v21): every ORIG/AP row of the committed SHA-verified payloads; facts verbatim from the payload; no ticker, indication or applicant lineage asserted."
PRE1980AUDIT-1970-06,1970,NDA016758,NDA,1970-04-06,TYPE 2,Type 2 - New Active Ingredient,STANDARD,FALSE,Type 2 - New Active Ingredient,PFIZER,NAVANE,THIOTHIXENE HYDROCHLORIDE EQ 5MG BASE/ML **Federal Register determination that product was not discontinued or withdrawn for safety or effectiveness reasons**,CONCENTRATE; ORAL,1,Discontinued,first-in-payloads (1939-1979 universe),non-NME row: earlier appearances permitted by construction; see ingredient_first_appearance,none (not a Type 1/1-4 original approval),NOT_PROBED_NON_NME_ROW,https://www.accessdata.fda.gov/scripts/cder/daf/index.cfm?event=overview.process&varApplNo=016758,https://api.fda.gov/drug/drugsfda.json?search=application_number:%22NDA016758%22,Payload-verified; no per-row live probe issued for non-NME rows (cross-checked against the full Drugs@FDA database instead),"Row of the complete 1965-1976 original-application audit (v21): every ORIG/AP row of the committed SHA-verified payloads; facts verbatim from the payload; no ticker, indication or applicant lineage asserted."
PRE1980AUDIT-1970-07,1970,NDA016782,NDA,1970-04-06,TYPE 1,Type 1 - New Molecular Entity,PRIORITY,TRUE,NME (Type 1),SOLVAY,Lithonate,LITHIUM CARBONATE 300MG,CAPSULE; ORAL,1,Discontinued,first-in-payloads (1939-1979 universe),first appearance in the 1939-1979 payload universe,PRE1980-1970-04,MATCH,https://www.accessdata.fda.gov/scripts/cder/daf/index.cfm?event=overview.process&varApplNo=016782,https://api.fda.gov/drug/drugsfda.json?search=application_number:%22NDA016782%22,Verified (live probe match),"Row of the complete 1965-1976 original-application audit (v21): every ORIG/AP row of the committed SHA-verified payloads; facts verbatim from the payload; no ticker, indication or applicant lineage asserted."
PRE1980AUDIT-1970-08,1970,NDA016834,NDA,1970-04-06,TYPE 3,Type 3 - New Dosage Form,STANDARD,FALSE,Type 3 - New Dosage Form,PFIZER,LITHIUM CARBONATE,LITHIUM CARBONATE 300MG,TABLET; ORAL,1,Discontinued,LITHIUM CARBONATE first 1970-04-06 on NDA016782,non-NME row: earlier appearances permitted by construction; see ingredient_first_appearance,none (not a Type 1/1-4 original approval),NOT_PROBED_NON_NME_ROW,https://www.accessdata.fda.gov/scripts/cder/daf/index.cfm?event=overview.process&varApplNo=016834,https://api.fda.gov/drug/drugsfda.json?search=application_number:%22NDA016834%22,Payload-verified; no per-row live probe issued for non-NME rows (cross-checked against the full Drugs@FDA database instead),"Row of the complete 1965-1976 original-application audit (v21): every ORIG/AP row of the committed SHA-verified payloads; facts verbatim from the payload; no ticker, indication or applicant lineage asserted."
PRE1980AUDIT-1970-09,1970,NDA016860,NDA,1970-04-06,TYPE 5,Type 5 - New Formulation or New Manufacturer,STANDARD,FALSE,Type 5 - New Formulation or New Manufacturer,NOVEN THERAP,ESKALITH,LITHIUM CARBONATE 300MG,CAPSULE; ORAL,1,Discontinued,LITHIUM CARBONATE first 1970-04-06 on NDA016782,non-NME row: earlier appearances permitted by construction; see ingredient_first_appearance,none (not a Type 1/1-4 original approval),NOT_PROBED_NON_NME_ROW,https://www.accessdata.fda.gov/scripts/cder/daf/index.cfm?event=overview.process&varApplNo=016860,https://api.fda.gov/drug/drugsfda.json?search=application_number:%22NDA016860%22,Payload-verified; no per-row live probe issued for non-NME rows (cross-checked against the full Drugs@FDA database instead),"Row of the complete 1965-1976 original-application audit (v21): every ORIG/AP row of the committed SHA-verified payloads; facts verbatim from the payload; no ticker, indication or applicant lineage asserted."
PRE1980AUDIT-1970-10,1970,NDA016721,NDA,1970-04-07,TYPE 1,Type 1 - New Molecular Entity,PRIORITY,TRUE,NME (Type 1),VALEANT PHARM INTL,Dalmane,FLURAZEPAM HYDROCHLORIDE 15MG **Federal Register determination that product was not discontinued or withdrawn for safety or effectiveness reasons**,CAPSULE; ORAL,2,Discontinued,first-in-payloads (1939-1979 universe),first appearance in the 1939-1979 payload universe,PRE1980-1970-05,MATCH,https://www.accessdata.fda.gov/scripts/cder/daf/index.cfm?event=overview.process&varApplNo=016721,https://api.fda.gov/drug/drugsfda.json?search=application_number:%22NDA016721%22,Verified (live probe match),"Row of the complete 1965-1976 original-application audit (v21): every ORIG/AP row of the committed SHA-verified payloads; facts verbatim from the payload; no ticker, indication or applicant lineage asserted."
PRE1980AUDIT-1970-11,1970,NDA050111,NDA,1970-04-07,,,,FALSE,NOT PUBLISHED (blank class),WYETH AYERST,UNIPEN,NAFCILLIN SODIUM EQ 250MG BASE,CAPSULE; ORAL,1,Discontinued,NAFCILLIN SODIUM first 1965-10-11 on NDA050199,non-NME row: earlier appearances permitted by construction; see ingredient_first_appearance,none (not a Type 1/1-4 original approval),NOT_PROBED_NON_NME_ROW,https://www.accessdata.fda.gov/scripts/cder/daf/index.cfm?event=overview.process&varApplNo=050111,https://api.fda.gov/drug/drugsfda.json?search=application_number:%22NDA050111%22,Payload-verified; no per-row live probe issued for non-NME rows (cross-checked against the full Drugs@FDA database instead),"Row of the complete 1965-1976 original-application audit (v21): every ORIG/AP row of the committed SHA-verified payloads; facts verbatim from the payload; no ticker, indication or applicant lineage asserted."
PRE1980AUDIT-1970-12,1970,NDA016750,NDA,1970-04-22,TYPE 1,Type 1 - New Molecular Entity,STANDARD,TRUE,NME (Type 1),AMPHASTAR PHARMS INC,Cortrosyn,COSYNTROPIN 0.25MG/VIAL,INJECTABLE; INJECTION,1,Prescription,first-in-payloads (1939-1979 universe),first appearance in the 1939-1979 payload universe,PRE1980-1970-06,MATCH,https://www.accessdata.fda.gov/scripts/cder/daf/index.cfm?event=overview.process&varApplNo=016750,https://api.fda.gov/drug/drugsfda.json?search=application_number:%22NDA016750%22,Verified (live probe match),"Row of the complete 1965-1976 original-application audit (v21): every ORIG/AP row of the committed SHA-verified payloads; facts verbatim from the payload; no ticker, indication or applicant lineage asserted."
PRE1980AUDIT-1970-13,1970,NDA016927,NDA,1970-04-24,TYPE 4,Type 4 - New Combination,STANDARD,FALSE,Type 4 - New Combination,GD SEARLE LLC,DEMULEN 1/50-21,ETHINYL ESTRADIOL 0.05MG; ETHYNODIOL DIACETATE 1MG,TABLET; ORAL-21,1,Discontinued,2 ingredients first seen earlier (earliest 1943-06-25 on NDA005292),non-NME row: earlier appearances permitted by construction; see ingredient_first_appearance,none (not a Type 1/1-4 original approval),NOT_PROBED_NON_NME_ROW,https://www.accessdata.fda.gov/scripts/cder/daf/index.cfm?event=overview.process&varApplNo=016927,https://api.fda.gov/drug/drugsfda.json?search=application_number:%22NDA016927%22,Payload-verified; no per-row live probe issued for non-NME rows (cross-checked against the full Drugs@FDA database instead),"Row of the complete 1965-1976 original-application audit (v21): every ORIG/AP row of the committed SHA-verified payloads; facts verbatim from the payload; no ticker, indication or applicant lineage asserted."
PRE1980AUDIT-1970-14,1970,NDA050109,NDA,1970-05-05,TYPE 1,Type 1 - New Molecular Entity,PRIORITY,TRUE,NME (Type 1),PFIZER,Mithracin,PLICAMYCIN 2.5MG/VIAL,INJECTABLE; INJECTION,1,Discontinued,first-in-payloads (1939-1979 universe),first appearance in the 1939-1979 payload universe,PRE1980-1970-07,MATCH,https://www.accessdata.fda.gov/scripts/cder/daf/index.cfm?event=overview.process&varApplNo=050109,https://api.fda.gov/drug/drugsfda.json?search=application_number:%22NDA050109%22,Verified (live probe match),"Row of the complete 1965-1976 original-application audit (v21): every ORIG/AP row of the committed SHA-verified payloads; facts verbatim from the payload; no ticker, indication or applicant lineage asserted."
PRE1980AUDIT-1970-15,1970,NDA016118,NDA,1970-05-27,TYPE 3,Type 3 - New Dosage Form,STANDARD,FALSE,Type 3 - New Dosage Form,BRISTOL MYERS SQUIBB,TESLAC,TESTOLACTONE 250MG,TABLET; ORAL,2,Discontinued,TESTOLACTONE first 1969-06-03 on NDA016119,non-NME row: earlier appearances permitted by construction; see ingredient_first_appearance,none (not a Type 1/1-4 original approval),NOT_PROBED_NON_NME_ROW,https://www.accessdata.fda.gov/scripts/cder/daf/index.cfm?event=overview.process&varApplNo=016118,https://api.fda.gov/drug/drugsfda.json?search=application_number:%22NDA016118%22,Payload-verified; no per-row live probe issued for non-NME rows (cross-checked against the full Drugs@FDA database instead),"Row of the complete 1965-1976 original-application audit (v21): every ORIG/AP row of the committed SHA-verified payloads; facts verbatim from the payload; no ticker, indication or applicant lineage asserted."
PRE1980AUDIT-1970-16,1970,NDA016912,NDA,1970-06-04,TYPE 1,Type 1 - New Molecular Entity,PRIORITY,TRUE,NME (Type 1),ROCHE,Larodopa,LEVODOPA 100MG,TABLET; ORAL,6,Discontinued,first-in-payloads (1939-1979 universe),first appearance in the 1939-1979 payload universe,PRE1980-1970-08,MATCH,https://www.accessdata.fda.gov/scripts/cder/daf/index.cfm?event=overview.process&varApplNo=016912,https://api.fda.gov/drug/drugsfda.json?search=application_number:%22NDA016912%22,Verified (live probe match),"Row of the complete 1965-1976 original-application audit (v21): every ORIG/AP row of the committed SHA-verified payloads; facts verbatim from the payload; no ticker, indication or applicant lineage asserted."
PRE1980AUDIT-1970-17,1970,NDA016913,NDA,1970-06-04,TYPE 5,Type 5 - New Formulation or New Manufacturer,STANDARD,FALSE,Type 5 - New Formulation or New Manufacturer,SHIRE,DOPAR,LEVODOPA 500MG,TABLET; ORAL,5,Discontinued,LEVODOPA first 1970-06-04 on NDA016912,non-NME row: earlier appearances permitted by construction; see ingredient_first_appearance,none (not a Type 1/1-4 original approval),NOT_PROBED_NON_NME_ROW,https://www.accessdata.fda.gov/scripts/cder/daf/index.cfm?event=overview.process&varApplNo=016913,https://api.fda.gov/drug/drugsfda.json?search=application_number:%22NDA016913%22,Payload-verified; no per-row live probe issued for non-NME rows (cross-checked against the full Drugs@FDA database instead),"Row of the complete 1965-1976 original-application audit (v21): every ORIG/AP row of the committed SHA-verified payloads; facts verbatim from the payload; no ticker, indication or applicant lineage asserted."
PRE1980AUDIT-1970-18,1970,NDA050108,NDA,1970-06-04,UNKNOWN,,UNKNOWN,FALSE,NOT PUBLISHED (blank class),PH HEALTH,COLY-MYCIN M,COLISTIMETHATE SODIUM EQ 150MG BASE/VIAL,INJECTABLE; INJECTION,1,Discontinued,first-in-payloads (1939-1979 universe),non-NME row: earlier appearances permitted by construction; see ingredient_first_appearance,none (not a Type 1/1-4 original approval),NOT_PROBED_NON_NME_ROW,https://www.accessdata.fda.gov/scripts/cder/daf/index.cfm?event=overview.process&varApplNo=050108,https://api.fda.gov/drug/drugsfda.json?search=application_number:%22NDA050108%22,Payload-verified; no per-row live probe issued for non-NME rows (cross-checked against the full Drugs@FDA database instead),"Row of the complete 1965-1976 original-application audit (v21): every ORIG/AP row of the committed SHA-verified payloads; facts verbatim from the payload; no ticker, indication or applicant lineage asserted."
PRE1980AUDIT-1970-19,1970,NDA016620,NDA,1970-06-05,TYPE 3,Type 3 - New Dosage Form,STANDARD,FALSE,Type 3 - New Dosage Form,ALMATICA,MACRODANTIN,"NITROFURANTOIN, MACROCRYSTALLINE 100MG",CAPSULE; ORAL,3,Discontinued,first-in-payloads (1939-1979 universe),non-NME row: earlier appearances permitted by construction; see ingredient_first_appearance,none (not a Type 1/1-4 original approval),NOT_PROBED_NON_NME_ROW,https://www.accessdata.fda.gov/scripts/cder/daf/index.cfm?event=overview.process&varApplNo=016620,https://api.fda.gov/drug/drugsfda.json?search=application_number:%22NDA016620%22,Payload-verified; no per-row live probe issued for non-NME rows (cross-checked against the full Drugs@FDA database instead),"Row of the complete 1965-1976 original-application audit (v21): every ORIG/AP row of the committed SHA-verified payloads; facts verbatim from the payload; no ticker, indication or applicant lineage asserted."
PRE1980AUDIT-1970-20,1970,NDA016796,NDA,1970-06-11,TYPE 3,Type 3 - New Dosage Form,STANDARD,FALSE,Type 3 - New Dosage Form,RISING,INAPSINE,DROPERIDOL 2.5MG/ML **Federal Register determination that product was not discontinued or withdrawn for safety or effectiveness reasons**,INJECTABLE; INJECTION,1,Discontinued,first-in-payloads (1939-1979 universe),non-NME row: earlier appearances permitted by construction; see ingredient_first_appearance,none (not a Type 1/1-4 original approval),NOT_PROBED_NON_NME_ROW,https://www.accessdata.fda.gov/scripts/cder/daf/index.cfm?event=overview.process&varApplNo=016796,https://api.fda.gov/drug/drugsfda.json?search=application_number:%22NDA016796%22,Payload-verified; no per-row live probe issued for non-NME rows (cross-checked against the full Drugs@FDA database instead),"Row of the complete 1965-1976 original-application audit (v21): every ORIG/AP row of the committed SHA-verified payloads; facts verbatim from the payload; no ticker, indication or applicant lineage asserted."
PRE1980AUDIT-1970-21,1970,NDA050219,NDA,1970-06-12,,,,FALSE,NOT PUBLISHED (blank class),LILLY,KAFOCIN,CEPHALOGLYCIN 250MG,CAPSULE; ORAL,1,Discontinued,first-in-payloads (1939-1979 universe),non-NME row: earlier appearances permitted by construction; see ingredient_first_appearance,none (not a Type 1/1-4 original approval),NOT_PROBED_NON_NME_ROW,https://www.accessdata.fda.gov/scripts/cder/daf/index.cfm?event=overview.process&varApplNo=050219,https://api.fda.gov/drug/drugsfda.json?search=application_number:%22NDA050219%22,Payload-verified; no per-row live probe issued for non-NME rows (cross-checked against the full Drugs@FDA database instead),"Row of the complete 1965-1976 original-application audit (v21): every ORIG/AP row of the committed SHA-verified payloads; facts verbatim from the payload; no ticker, indication or applicant lineage asserted."
PRE1980AUDIT-1970-22,1970,NDA050039,NDA,1970-06-19,,,,FALSE,NOT PUBLISHED (blank class),SCHERING,GARAMYCIN,GENTAMICIN SULFATE EQ 0.3% BASE **Federal Register determination that product was not discontinued or withdrawn for safety or effectiveness reasons**,SOLUTION/DROPS; OPHTHALMIC,1,Discontinued,first-in-payloads (1939-1979 universe),non-NME row: earlier appearances permitted by construction; see ingredient_first_appearance,none (not a Type 1/1-4 original approval),NOT_PROBED_NON_NME_ROW,https://www.accessdata.fda.gov/scripts/cder/daf/index.cfm?event=overview.process&varApplNo=050039,https://api.fda.gov/drug/drugsfda.json?search=application_number:%22NDA050039%22,Payload-verified; no per-row live probe issued for non-NME rows (cross-checked against the full Drugs@FDA database instead),"Row of the complete 1965-1976 original-application audit (v21): every ORIG/AP row of the committed SHA-verified payloads; facts verbatim from the payload; no ticker, indication or applicant lineage asserted."
PRE1980AUDIT-1970-23,1970,NDA050320,NDA,1970-06-23,,,,FALSE,NOT PUBLISHED (blank class),WYETH AYERST,UNIPEN,NAFCILLIN SODIUM EQ 10GM BASE/VIAL **Federal Register determination that product was not discontinued or withdrawn for safety or effectiveness reasons**,INJECTABLE; INJECTION,6,Discontinued,NAFCILLIN SODIUM first 1965-10-11 on NDA050199,non-NME row: earlier appearances permitted by construction; see ingredient_first_appearance,none (not a Type 1/1-4 original approval),NOT_PROBED_NON_NME_ROW,https://www.accessdata.fda.gov/scripts/cder/daf/index.cfm?event=overview.process&varApplNo=050320,https://api.fda.gov/drug/drugsfda.json?search=application_number:%22NDA050320%22,Payload-verified; no per-row live probe issued for non-NME rows (cross-checked against the full Drugs@FDA database instead),"Row of the complete 1965-1976 original-application audit (v21): every ORIG/AP row of the committed SHA-verified payloads; facts verbatim from the payload; no ticker, indication or applicant lineage asserted."
PRE1980AUDIT-1970-24,1970,NDA015419,NDA,1970-06-25,TYPE 5,Type 5 - New Formulation or New Manufacturer,STANDARD,FALSE,Type 5 - New Formulation or New Manufacturer,BRACCO,HIPPUTOPE,IODOHIPPURATE SODIUM I-131 1-2mCi/VIAL,INJECTABLE; INJECTION,1,Discontinued,IODOHIPPURATE SODIUM I-131 first 1968-05-24 on NDA016666,non-NME row: earlier appearances permitted by construction; see ingredient_first_appearance,none (not a Type 1/1-4 original approval),NOT_PROBED_NON_NME_ROW,https://www.accessdata.fda.gov/scripts/cder/daf/index.cfm?event=overview.process&varApplNo=015419,https://api.fda.gov/drug/drugsfda.json?search=application_number:%22NDA015419%22,Payload-verified; no per-row live probe issued for non-NME rows (cross-checked against the full Drugs@FDA database instead),"Row of the complete 1965-1976 original-application audit (v21): every ORIG/AP row of the committed SHA-verified payloads; facts verbatim from the payload; no ticker, indication or applicant lineage asserted."
PRE1980AUDIT-1970-25,1970,NDA016885,NDA,1970-07-08,TYPE 1,Type 1 - New Molecular Entity,PRIORITY,TRUE,NME (Type 1),ESTEVE,Lysodren,MITOTANE 500MG,TABLET; ORAL,1,Prescription,first-in-payloads (1939-1979 universe),first appearance in the 1939-1979 payload universe,PRE1980-1970-09,MATCH,https://www.accessdata.fda.gov/scripts/cder/daf/index.cfm?event=overview.process&varApplNo=016885,https://api.fda.gov/drug/drugsfda.json?search=application_number:%22NDA016885%22,Verified (live probe match),"Row of the complete 1965-1976 original-application audit (v21): every ORIG/AP row of the committed SHA-verified payloads; facts verbatim from the payload; no ticker, indication or applicant lineage asserted."
PRE1980AUDIT-1970-26,1970,NDA016831,NDA,1970-07-29,TYPE 3,Type 3 - New Dosage Form,STANDARD,FALSE,Type 3 - New Dosage Form,EXTROVIS,EFUDEX,FLUOROURACIL 5%,CREAM; TOPICAL,3,Prescription,FLUOROURACIL first 1962-04-25 on NDA012209,non-NME row: earlier appearances permitted by construction; see ingredient_first_appearance,none (not a Type 1/1-4 original approval),NOT_PROBED_NON_NME_ROW,https://www.accessdata.fda.gov/scripts/cder/daf/index.cfm?event=overview.process&varApplNo=016831,https://api.fda.gov/drug/drugsfda.json?search=application_number:%22NDA016831%22,Payload-verified; no per-row live probe issued for non-NME rows (cross-checked against the full Drugs@FDA database instead),"Row of the complete 1965-1976 original-application audit (v21): every ORIG/AP row of the committed SHA-verified payloads; facts verbatim from the payload; no ticker, indication or applicant lineage asserted."
PRE1980AUDIT-1970-27,1970,NDA016765,NDA,1970-07-31,TYPE 3,Type 3 - New Dosage Form,STANDARD,FALSE,Type 3 - New Dosage Form,ELORAC,FLUOROPLEX,FLUOROURACIL 1%,SOLUTION; TOPICAL,1,Discontinued,FLUOROURACIL first 1962-04-25 on NDA012209,non-NME row: earlier appearances permitted by construction; see ingredient_first_appearance,none (not a Type 1/1-4 original approval),NOT_PROBED_NON_NME_ROW,https://www.accessdata.fda.gov/scripts/cder/daf/index.cfm?event=overview.process&varApplNo=016765,https://api.fda.gov/drug/drugsfda.json?search=application_number:%22NDA016765%22,Payload-verified; no per-row live probe issued for non-NME rows (cross-checked against the full Drugs@FDA database instead),"Row of the complete 1965-1976 original-application audit (v21): every ORIG/AP row of the committed SHA-verified payloads; facts verbatim from the payload; no ticker, indication or applicant lineage asserted."
PRE1980AUDIT-1970-28,1970,NDA050297,NDA,1970-08-06,UNKNOWN,,UNKNOWN,FALSE,NOT PUBLISHED (blank class),AZURITY,E.E.S.,ERYTHROMYCIN ETHYLSUCCINATE EQ 200MG BASE,"TABLET, CHEWABLE; ORAL",2,Discontinued,ERYTHROMYCIN ETHYLSUCCINATE first 1965-04-02 on NDA050207,non-NME row: earlier appearances permitted by construction; see ingredient_first_appearance,none (not a Type 1/1-4 original approval),NOT_PROBED_NON_NME_ROW,https://www.accessdata.fda.gov/scripts/cder/daf/index.cfm?event=overview.process&varApplNo=050297,https://api.fda.gov/drug/drugsfda.json?search=application_number:%22NDA050297%22,Payload-verified; no per-row live probe issued for non-NME rows (cross-checked against the full Drugs@FDA database instead),"Row of the complete 1965-1976 original-application audit (v21): every ORIG/AP row of the committed SHA-verified payloads; facts verbatim from the payload; no ticker, indication or applicant lineage asserted."
PRE1980AUDIT-1970-29,1970,NDA016733,NDA,1970-08-12,TYPE 5,Type 5 - New Formulation or New Manufacturer,STANDARD,FALSE,Type 5 - New Formulation or New Manufacturer,B BRAUN,SODIUM CHLORIDE 0.9% IN PLASTIC CONTAINER,SODIUM CHLORIDE 900MG/100ML,SOLUTION; IRRIGATION,1,Prescription,SODIUM CHLORIDE first 1965-12-16 on NDA013025,non-NME row: earlier appearances permitted by construction; see ingredient_first_appearance,none (not a Type 1/1-4 original approval),NOT_PROBED_NON_NME_ROW,https://www.accessdata.fda.gov/scripts/cder/daf/index.cfm?event=overview.process&varApplNo=016733,https://api.fda.gov/drug/drugsfda.json?search=application_number:%22NDA016733%22,Payload-verified; no per-row live probe issued for non-NME rows (cross-checked against the full Drugs@FDA database instead),"Row of the complete 1965-1976 original-application audit (v21): every ORIG/AP row of the committed SHA-verified payloads; facts verbatim from the payload; no ticker, indication or applicant lineage asserted."
PRE1980AUDIT-1970-30,1970,NDA016734,NDA,1970-09-10,TYPE 5,Type 5 - New Formulation or New Manufacturer,STANDARD,FALSE,Type 5 - New Formulation or New Manufacturer,B BRAUN,STERILE WATER IN PLASTIC CONTAINER,STERILE WATER FOR IRRIGATION 100%,LIQUID; IRRIGATION,1,Prescription,first-in-payloads (1939-1979 universe),non-NME row: earlier appearances permitted by construction; see ingredient_first_appearance,none (not a Type 1/1-4 original approval),NOT_PROBED_NON_NME_ROW,https://www.accessdata.fda.gov/scripts/cder/daf/index.cfm?event=overview.process&varApplNo=016734,https://api.fda.gov/drug/drugsfda.json?search=application_number:%22NDA016734%22,Payload-verified; no per-row live probe issued for non-NME rows (cross-checked against the full Drugs@FDA database instead),"Row of the complete 1965-1976 original-application audit (v21): every ORIG/AP row of the committed SHA-verified payloads; facts verbatim from the payload; no ticker, indication or applicant lineage asserted."
PRE1980AUDIT-1970-31,1970,NDA050425,NDA,1970-11-25,,,,FALSE,NOT PUBLISHED (blank class),SCHERING,GARAMYCIN,GENTAMICIN SULFATE EQ 0.3% BASE,OINTMENT; OPHTHALMIC,1,Discontinued,GENTAMICIN SULFATE first 1970-06-19 on NDA050039,non-NME row: earlier appearances permitted by construction; see ingredient_first_appearance,none (not a Type 1/1-4 original approval),NOT_PROBED_NON_NME_ROW,https://www.accessdata.fda.gov/scripts/cder/daf/index.cfm?event=overview.process&varApplNo=050425,https://api.fda.gov/drug/drugsfda.json?search=application_number:%22NDA050425%22,Payload-verified; no per-row live probe issued for non-NME rows (cross-checked against the full Drugs@FDA database instead),"Row of the complete 1965-1976 original-application audit (v21): every ORIG/AP row of the committed SHA-verified payloads; facts verbatim from the payload; no ticker, indication or applicant lineage asserted."
PRE1980AUDIT-1970-32,1970,NDA019853,NDA,1970-12-04,TYPE 1,Type 1 - New Molecular Entity,STANDARD,TRUE,NME (Type 1),VALEANT PHARMS INTL,Cuprimine,PENICILLAMINE 125MG,CAPSULE; ORAL,2,Discontinued,first-in-payloads (1939-1979 universe),first appearance in the 1939-1979 payload universe,PRE1980-1970-10,MATCH,https://www.accessdata.fda.gov/scripts/cder/daf/index.cfm?event=overview.process&varApplNo=019853,https://api.fda.gov/drug/drugsfda.json?search=application_number:%22NDA019853%22,Verified (live probe match),"Row of the complete 1965-1976 original-application audit (v21): every ORIG/AP row of the committed SHA-verified payloads; facts verbatim from the payload; no ticker, indication or applicant lineage asserted."
PRE1980AUDIT-1970-33,1970,NDA016776,NDA,1970-12-07,TYPE 3,Type 3 - New Dosage Form,STANDARD,FALSE,Type 3 - New Dosage Form,ASTRAZENECA,SORBITRATE,ISOSORBIDE DINITRATE 10MG,"TABLET, CHEWABLE; ORAL",2,Discontinued,ISOSORBIDE DINITRATE first 1959-11-09 on NDA012093,non-NME row: earlier appearances permitted by construction; see ingredient_first_appearance,none (not a Type 1/1-4 original approval),NOT_PROBED_NON_NME_ROW,https://www.accessdata.fda.gov/scripts/cder/daf/index.cfm?event=overview.process&varApplNo=016776,https://api.fda.gov/drug/drugsfda.json?search=application_number:%22NDA016776%22,Payload-verified; no per-row live probe issued for non-NME rows (cross-checked against the full Drugs@FDA database instead),"Row of the complete 1965-1976 original-application audit (v21): every ORIG/AP row of the committed SHA-verified payloads; facts verbatim from the payload; no ticker, indication or applicant lineage asserted."
PRE1980AUDIT-1970-34,1970,NDA016689,NDA,1970-12-08,TYPE 5,Type 5 - New Formulation or New Manufacturer,STANDARD,FALSE,Type 5 - New Formulation or New Manufacturer,BAXTER HLTHCARE,DEXTROSE 5% IN SODIUM CHLORIDE 0.2% IN PLASTIC CONTAINER,DEXTROSE 5GM/100ML; SODIUM CHLORIDE 200MG/100ML,INJECTABLE; INJECTION,1,Prescription,2 ingredients first seen earlier (earliest 1946-01-17 on NDA004589),non-NME row: earlier appearances permitted by construction; see ingredient_first_appearance,none (not a Type 1/1-4 original approval),NOT_PROBED_NON_NME_ROW,https://www.accessdata.fda.gov/scripts/cder/daf/index.cfm?event=overview.process&varApplNo=016689,https://api.fda.gov/drug/drugsfda.json?search=application_number:%22NDA016689%22,Payload-verified; no per-row live probe issued for non-NME rows (cross-checked against the full Drugs@FDA database instead),"Row of the complete 1965-1976 original-application audit (v21): every ORIG/AP row of the committed SHA-verified payloads; facts verbatim from the payload; no ticker, indication or applicant lineage asserted."
PRE1980AUDIT-1970-35,1970,NDA016936,NDA,1970-12-08,TYPE 3,Type 3 - New Dosage Form,STANDARD,FALSE,Type 3 - New Dosage Form,GD SEARLE LLC,DEMULEN 1/50-28,ETHINYL ESTRADIOL 0.05MG; ETHYNODIOL DIACETATE 1MG **Federal Register determination that product was not discontinued or withdrawn for safety or effectiveness reasons**,TABLET; ORAL-28,1,Discontinued,2 ingredients first seen earlier (earliest 1943-06-25 on NDA005292),non-NME row: earlier appearances permitted by construction; see ingredient_first_appearance,none (not a Type 1/1-4 original approval),NOT_PROBED_NON_NME_ROW,https://www.accessdata.fda.gov/scripts/cder/daf/index.cfm?event=overview.process&varApplNo=016936,https://api.fda.gov/drug/drugsfda.json?search=application_number:%22NDA016936%22,Payload-verified; no per-row live probe issued for non-NME rows (cross-checked against the full Drugs@FDA database instead),"Row of the complete 1965-1976 original-application audit (v21): every ORIG/AP row of the committed SHA-verified payloads; facts verbatim from the payload; no ticker, indication or applicant lineage asserted."
PRE1980AUDIT-1970-36,1970,NDA016677,NDA,1970-12-09,TYPE 5,Type 5 - New Formulation or New Manufacturer,STANDARD,FALSE,Type 5 - New Formulation or New Manufacturer,BAXTER HLTHCARE,SODIUM CHLORIDE 0.9% IN PLASTIC CONTAINER,SODIUM CHLORIDE 450MG/50ML (9MG/ML),SOLUTION; INJECTION,3,Prescription,SODIUM CHLORIDE first 1965-12-16 on NDA013025,non-NME row: earlier appearances permitted by construction; see ingredient_first_appearance,none (not a Type 1/1-4 original approval),NOT_PROBED_NON_NME_ROW,https://www.accessdata.fda.gov/scripts/cder/daf/index.cfm?event=overview.process&varApplNo=016677,https://api.fda.gov/drug/drugsfda.json?search=application_number:%22NDA016677%22,Payload-verified; no per-row live probe issued for non-NME rows (cross-checked against the full Drugs@FDA database instead),"Row of the complete 1965-1976 original-application audit (v21): every ORIG/AP row of the committed SHA-verified payloads; facts verbatim from the payload; no ticker, indication or applicant lineage asserted."
PRE1980AUDIT-1970-37,1970,NDA016678,NDA,1970-12-09,TYPE 5,Type 5 - New Formulation or New Manufacturer,STANDARD,FALSE,Type 5 - New Formulation or New Manufacturer,BAXTER HLTHCARE,DEXTROSE 5% IN SODIUM CHLORIDE 0.9% IN PLASTIC CONTAINER,DEXTROSE 5GM/100ML; SODIUM CHLORIDE 900MG/100ML,INJECTABLE; INJECTION,1,Prescription,2 ingredients first seen earlier (earliest 1946-01-17 on NDA004589),non-NME row: earlier appearances permitted by construction; see ingredient_first_appearance,none (not a Type 1/1-4 original approval),NOT_PROBED_NON_NME_ROW,https://www.accessdata.fda.gov/scripts/cder/daf/index.cfm?event=overview.process&varApplNo=016678,https://api.fda.gov/drug/drugsfda.json?search=application_number:%22NDA016678%22,Payload-verified; no per-row live probe issued for non-NME rows (cross-checked against the full Drugs@FDA database instead),"Row of the complete 1965-1976 original-application audit (v21): every ORIG/AP row of the committed SHA-verified payloads; facts verbatim from the payload; no ticker, indication or applicant lineage asserted."
PRE1980AUDIT-1970-38,1970,NDA016929,NDA,1970-12-18,TYPE 1,Type 1 - New Molecular Entity,PRIORITY,TRUE,NME (Type 1),HOSPIRA,FUDR,FLOXURIDINE 500MG/VIAL **Federal Register determination that product was not discontinued or withdrawn for safety or effectiveness reasons**,INJECTABLE; INJECTION,1,Discontinued,first-in-payloads (1939-1979 universe),first appearance in the 1939-1979 payload universe,PRE1980-1970-11,MATCH,https://www.accessdata.fda.gov/scripts/cder/daf/index.cfm?event=overview.process&varApplNo=016929,https://api.fda.gov/drug/drugsfda.json?search=application_number:%22NDA016929%22,Verified (live probe match),"Row of the complete 1965-1976 original-application audit (v21): every ORIG/AP row of the committed SHA-verified payloads; facts verbatim from the payload; no ticker, indication or applicant lineage asserted."
PRE1980AUDIT-1971-01,1971,NDA050405,NDA,1971-01-04,UNKNOWN,,UNKNOWN,FALSE,NOT PUBLISHED (blank class),PRAGMA,KEFLEX,CEPHALEXIN EQ 750MG BASE **Federal Register determination that product was not discontinued or withdrawn for safety or effectiveness reasons**,CAPSULE; ORAL,4,Discontinued,first-in-payloads (1939-1979 universe),non-NME row: earlier appearances permitted by construction; see ingredient_first_appearance,none (not a Type 1/1-4 original approval),NOT_PROBED_NON_NME_ROW,https://www.accessdata.fda.gov/scripts/cder/daf/index.cfm?event=overview.process&varApplNo=050405,https://api.fda.gov/drug/drugsfda.json?search=application_number:%22NDA050405%22,Payload-verified; no per-row live probe issued for non-NME rows (cross-checked against the full Drugs@FDA database instead),"Row of the complete 1965-1976 original-application audit (v21): every ORIG/AP row of the committed SHA-verified payloads; facts verbatim from the payload; no ticker, indication or applicant lineage asserted."
PRE1980AUDIT-1971-02,1971,NDA050406,NDA,1971-01-04,TYPE 5,Type 5 - New Formulation or New Manufacturer,STANDARD,FALSE,Type 5 - New Formulation or New Manufacturer,PRAGMA,KEFLEX,CEPHALEXIN EQ 100MG BASE/ML **Federal Register determination that product was not discontinued or withdrawn for safety or effectiveness reasons*,FOR SUSPENSION; ORAL,3,Discontinued,CEPHALEXIN first 1971-01-04 on NDA050405,non-NME row: earlier appearances permitted by construction; see ingredient_first_appearance,none (not a Type 1/1-4 original approval),NOT_PROBED_NON_NME_ROW,https://www.accessdata.fda.gov/scripts/cder/daf/index.cfm?event=overview.process&varApplNo=050406,https://api.fda.gov/drug/drugsfda.json?search=application_number:%22NDA050406%22,Payload-verified; no per-row live probe issued for non-NME rows (cross-checked against the full Drugs@FDA database instead),"Row of the complete 1965-1976 original-application audit (v21): every ORIG/AP row of the committed SHA-verified payloads; facts verbatim from the payload; no ticker, indication or applicant lineage asserted."
PRE1980AUDIT-1971-03,1971,NDA016694,NDA,1971-01-25,TYPE 5,Type 5 - New Formulation or New Manufacturer,STANDARD,FALSE,Type 5 - New Formulation or New Manufacturer,BAXTER HLTHCARE,DEXTROSE 10% IN PLASTIC CONTAINER,DEXTROSE 10GM/100ML,INJECTABLE; INJECTION,1,Prescription,DEXTROSE first 1946-01-17 on NDA004589,non-NME row: earlier appearances permitted by construction; see ingredient_first_appearance,none (not a Type 1/1-4 original approval),NOT_PROBED_NON_NME_ROW,https://www.accessdata.fda.gov/scripts/cder/daf/index.cfm?event=overview.process&varApplNo=016694,https://api.fda.gov/drug/drugsfda.json?search=application_number:%22NDA016694%22,Payload-verified; no per-row live probe issued for non-NME rows (cross-checked against the full Drugs@FDA database instead),"Row of the complete 1965-1976 original-application audit (v21): every ORIG/AP row of the committed SHA-verified payloads; facts verbatim from the payload; no ticker, indication or applicant lineage asserted."
PRE1980AUDIT-1971-04,1971,NDA016783,NDA,1971-01-26,TYPE 4,Type 4 - New Combination,STANDARD,FALSE,Type 4 - New Combination,MALLINCKRODT,VASCORAY,IOTHALAMATE MEGLUMINE 52%; IOTHALAMATE SODIUM 26%,INJECTABLE; INJECTION,1,Discontinued,2 ingredients first seen earlier (earliest 1962-08-16 on NDA013295),non-NME row: earlier appearances permitted by construction; see ingredient_first_appearance,none (not a Type 1/1-4 original approval),NOT_PROBED_NON_NME_ROW,https://www.accessdata.fda.gov/scripts/cder/daf/index.cfm?event=overview.process&varApplNo=016783,https://api.fda.gov/drug/drugsfda.json?search=application_number:%22NDA016783%22,Payload-verified; no per-row live probe issued for non-NME rows (cross-checked against the full Drugs@FDA database instead),"Row of the complete 1965-1976 original-application audit (v21): every ORIG/AP row of the committed SHA-verified payloads; facts verbatim from the payload; no ticker, indication or applicant lineage asserted."
PRE1980AUDIT-1971-05,1971,NDA016367,NDA,1971-02-12,TYPE 5,Type 5 - New Formulation or New Manufacturer,STANDARD,FALSE,Type 5 - New Formulation or New Manufacturer,OTSUKA ICU MEDCL,DEXTROSE 5% IN PLASTIC CONTAINER,DEXTROSE 50MG/ML,INJECTABLE; INJECTION,1,Prescription,DEXTROSE first 1946-01-17 on NDA004589,non-NME row: earlier appearances permitted by construction; see ingredient_first_appearance,none (not a Type 1/1-4 original approval),NOT_PROBED_NON_NME_ROW,https://www.accessdata.fda.gov/scripts/cder/daf/index.cfm?event=overview.process&varApplNo=016367,https://api.fda.gov/drug/drugsfda.json?search=application_number:%22NDA016367%22,Payload-verified; no per-row live probe issued for non-NME rows (cross-checked against the full Drugs@FDA database instead),"Row of the complete 1965-1976 original-application audit (v21): every ORIG/AP row of the committed SHA-verified payloads; facts verbatim from the payload; no ticker, indication or applicant lineage asserted."
PRE1980AUDIT-1971-06,1971,NDA016673,NDA,1971-03-04,TYPE 5,Type 5 - New Formulation or New Manufacturer,STANDARD,FALSE,Type 5 - New Formulation or New Manufacturer,BAXTER HLTHCARE,DEXTROSE 5% IN PLASTIC CONTAINER,DEXTROSE 50MG/ML,INJECTABLE; INJECTION,2,Prescription,DEXTROSE first 1946-01-17 on NDA004589,non-NME row: earlier appearances permitted by construction; see ingredient_first_appearance,none (not a Type 1/1-4 original approval),NOT_PROBED_NON_NME_ROW,https://www.accessdata.fda.gov/scripts/cder/daf/index.cfm?event=overview.process&varApplNo=016673,https://api.fda.gov/drug/drugsfda.json?search=application_number:%22NDA016673%22,Payload-verified; no per-row live probe issued for non-NME rows (cross-checked against the full Drugs@FDA database instead),"Row of the complete 1965-1976 original-application audit (v21): every ORIG/AP row of the committed SHA-verified payloads; facts verbatim from the payload; no ticker, indication or applicant lineage asserted."
PRE1980AUDIT-1971-07,1971,NDA016679,NDA,1971-03-22,TYPE 5,Type 5 - New Formulation or New Manufacturer,STANDARD,FALSE,Type 5 - New Formulation or New Manufacturer,BAXTER HLTHCARE,LACTATED RINGER'S AND DEXTROSE 5% IN PLASTIC CONTAINER,CALCIUM CHLORIDE 20MG/100ML; DEXTROSE 5GM/100ML; POTASSIUM CHLORIDE 30MG/100ML; SODIUM CHLORIDE 600MG/100ML; SODIUM LACTATE 310MG/100ML,INJECTABLE; INJECTION,1,Prescription,3 ingredients first seen earlier (earliest 1946-01-17 on NDA004589),non-NME row: earlier appearances permitted by construction; see ingredient_first_appearance,none (not a Type 1/1-4 original approval),NOT_PROBED_NON_NME_ROW,https://www.accessdata.fda.gov/scripts/cder/daf/index.cfm?event=overview.process&varApplNo=016679,https://api.fda.gov/drug/drugsfda.json?search=application_number:%22NDA016679%22,Payload-verified; no per-row live probe issued for non-NME rows (cross-checked against the full Drugs@FDA database instead),"Row of the complete 1965-1976 original-application audit (v21): every ORIG/AP row of the committed SHA-verified payloads; facts verbatim from the payload; no ticker, indication or applicant lineage asserted."
PRE1980AUDIT-1971-08,1971,NDA016682,NDA,1971-03-22,TYPE 5,Type 5 - New Formulation or New Manufacturer,STANDARD,FALSE,Type 5 - New Formulation or New Manufacturer,BAXTER HLTHCARE,LACTATED RINGER'S IN PLASTIC CONTAINER,CALCIUM CHLORIDE 20MG/100ML; POTASSIUM CHLORIDE 30MG/100ML; SODIUM CHLORIDE 600MG/100ML; SODIUM LACTATE 310MG/100ML,INJECTABLE; INJECTION,1,Prescription,4 ingredients first seen earlier (earliest 1971-03-22 on NDA016679),non-NME row: earlier appearances permitted by construction; see ingredient_first_appearance,none (not a Type 1/1-4 original approval),NOT_PROBED_NON_NME_ROW,https://www.accessdata.fda.gov/scripts/cder/daf/index.cfm?event=overview.process&varApplNo=016682,https://api.fda.gov/drug/drugsfda.json?search=application_number:%22NDA016682%22,Payload-verified; no per-row live probe issued for non-NME rows (cross-checked against the full Drugs@FDA database instead),"Row of the complete 1965-1976 original-application audit (v21): every ORIG/AP row of the committed SHA-verified payloads; facts verbatim from the payload; no ticker, indication or applicant lineage asserted."
PRE1980AUDIT-1971-09,1971,NDA016683,NDA,1971-03-22,TYPE 5,Type 5 - New Formulation or New Manufacturer,STANDARD,FALSE,Type 5 - New Formulation or New Manufacturer,BAXTER HLTHCARE,DEXTROSE 5% IN SODIUM CHLORIDE 0.45% IN PLASTIC CONTAINER,DEXTROSE 5GM/100ML; SODIUM CHLORIDE 450MG/100ML,INJECTABLE; INJECTION,1,Prescription,2 ingredients first seen earlier (earliest 1946-01-17 on NDA004589),non-NME row: earlier appearances permitted by construction; see ingredient_first_appearance,none (not a Type 1/1-4 original approval),NOT_PROBED_NON_NME_ROW,https://www.accessdata.fda.gov/scripts/cder/daf/index.cfm?event=overview.process&varApplNo=016683,https://api.fda.gov/drug/drugsfda.json?search=application_number:%22NDA016683%22,Payload-verified; no per-row live probe issued for non-NME rows (cross-checked against the full Drugs@FDA database instead),"Row of the complete 1965-1976 original-application audit (v21): every ORIG/AP row of the committed SHA-verified payloads; facts verbatim from the payload; no ticker, indication or applicant lineage asserted."
PRE1980AUDIT-1971-10,1971,NDA016687,NDA,1971-03-22,TYPE 5,Type 5 - New Formulation or New Manufacturer,STANDARD,FALSE,Type 5 - New Formulation or New Manufacturer,BAXTER HLTHCARE,DEXTROSE 5% IN SODIUM CHLORIDE 0.33% IN PLASTIC CONTAINER,DEXTROSE 5GM/100ML; SODIUM CHLORIDE 330MG/100ML,INJECTABLE; INJECTION,1,Prescription,2 ingredients first seen earlier (earliest 1946-01-17 on NDA004589),non-NME row: earlier appearances permitted by construction; see ingredient_first_appearance,none (not a Type 1/1-4 original approval),NOT_PROBED_NON_NME_ROW,https://www.accessdata.fda.gov/scripts/cder/daf/index.cfm?event=overview.process&varApplNo=016687,https://api.fda.gov/drug/drugsfda.json?search=application_number:%22NDA016687%22,Payload-verified; no per-row live probe issued for non-NME rows (cross-checked against the full Drugs@FDA database instead),"Row of the complete 1965-1976 original-application audit (v21): every ORIG/AP row of the committed SHA-verified payloads; facts verbatim from the payload; no ticker, indication or applicant lineage asserted."
PRE1980AUDIT-1971-11,1971,NDA016692,NDA,1971-03-22,TYPE 5,Type 5 - New Formulation or New Manufacturer,STANDARD,FALSE,Type 5 - New Formulation or New Manufacturer,BAXTER HLTHCARE,SODIUM LACTATE 0.167 MOLAR IN PLASTIC CONTAINER,SODIUM LACTATE 1.87GM/100ML,INJECTABLE; INJECTION,1,Discontinued,SODIUM LACTATE first 1971-03-22 on NDA016679,non-NME row: earlier appearances permitted by construction; see ingredient_first_appearance,none (not a Type 1/1-4 original approval),NOT_PROBED_NON_NME_ROW,https://www.accessdata.fda.gov/scripts/cder/daf/index.cfm?event=overview.process&varApplNo=016692,https://api.fda.gov/drug/drugsfda.json?search=application_number:%22NDA016692%22,Payload-verified; no per-row live probe issued for non-NME rows (cross-checked against the full Drugs@FDA database instead),"Row of the complete 1965-1976 original-application audit (v21): every ORIG/AP row of the committed SHA-verified payloads; facts verbatim from the payload; no ticker, indication or applicant lineage asserted."
PRE1980AUDIT-1971-12,1971,NDA016693,NDA,1971-03-22,TYPE 5,Type 5 - New Formulation or New Manufacturer,STANDARD,FALSE,Type 5 - New Formulation or New Manufacturer,BAXTER HLTHCARE,RINGER'S IN PLASTIC CONTAINER,CALCIUM CHLORIDE 33MG/100ML; POTASSIUM CHLORIDE 30MG/100ML; SODIUM CHLORIDE 860MG/100ML,INJECTABLE; INJECTION,1,Prescription,3 ingredients first seen earlier (earliest 1971-03-22 on NDA016679),non-NME row: earlier appearances permitted by construction; see ingredient_first_appearance,none (not a Type 1/1-4 original approval),NOT_PROBED_NON_NME_ROW,https://www.accessdata.fda.gov/scripts/cder/daf/index.cfm?event=overview.process&varApplNo=016693,https://api.fda.gov/drug/drugsfda.json?search=application_number:%22NDA016693%22,Payload-verified; no per-row live probe issued for non-NME rows (cross-checked against the full Drugs@FDA database instead),"Row of the complete 1965-1976 original-application audit (v21): every ORIG/AP row of the committed SHA-verified payloads; facts verbatim from the payload; no ticker, indication or applicant lineage asserted."
PRE1980AUDIT-1971-13,1971,NDA016696,NDA,1971-03-22,TYPE 5,Type 5 - New Formulation or New Manufacturer,STANDARD,FALSE,Type 5 - New Formulation or New Manufacturer,BAXTER HLTHCARE,DEXTROSE 10% AND SODIUM CHLORIDE 0.9% IN PLASTIC CONTAINER,DEXTROSE 10GM/100ML; SODIUM CHLORIDE 900MG/100ML,INJECTABLE; INJECTION,1,Discontinued,2 ingredients first seen earlier (earliest 1946-01-17 on NDA004589),non-NME row: earlier appearances permitted by construction; see ingredient_first_appearance,none (not a Type 1/1-4 original approval),NOT_PROBED_NON_NME_ROW,https://www.accessdata.fda.gov/scripts/cder/daf/index.cfm?event=overview.process&varApplNo=016696,https://api.fda.gov/drug/drugsfda.json?search=application_number:%22NDA016696%22,Payload-verified; no per-row live probe issued for non-NME rows (cross-checked against the full Drugs@FDA database instead),"Row of the complete 1965-1976 original-application audit (v21): every ORIG/AP row of the committed SHA-verified payloads; facts verbatim from the payload; no ticker, indication or applicant lineage asserted."
PRE1980AUDIT-1971-14,1971,NDA016697,NDA,1971-03-22,TYPE 5,Type 5 - New Formulation or New Manufacturer,STANDARD,FALSE,Type 5 - New Formulation or New Manufacturer,BAXTER HLTHCARE,DEXTROSE 2.5% AND SODIUM CHLORIDE 0.45% IN PLASTIC CONTAINER,DEXTROSE 2.5GM/100ML; SODIUM CHLORIDE 450MG/100ML,INJECTABLE; INJECTION,1,Prescription,2 ingredients first seen earlier (earliest 1946-01-17 on NDA004589),non-NME row: earlier appearances permitted by construction; see ingredient_first_appearance,none (not a Type 1/1-4 original approval),NOT_PROBED_NON_NME_ROW,https://www.accessdata.fda.gov/scripts/cder/daf/index.cfm?event=overview.process&varApplNo=016697,https://api.fda.gov/drug/drugsfda.json?search=application_number:%22NDA016697%22,Payload-verified; no per-row live probe issued for non-NME rows (cross-checked against the full Drugs@FDA database instead),"Row of the complete 1965-1976 original-application audit (v21): every ORIG/AP row of the committed SHA-verified payloads; facts verbatim from the payload; no ticker, indication or applicant lineage asserted."
PRE1980AUDIT-1971-15,1971,NDA016695,NDA,1971-03-23,TYPE 5,Type 5 - New Formulation or New Manufacturer,STANDARD,FALSE,Type 5 - New Formulation or New Manufacturer,BAXTER HLTHCARE,DEXTROSE 5% IN RINGER'S IN PLASTIC CONTAINER,CALCIUM CHLORIDE 33MG/100ML; DEXTROSE 5GM/100ML; POTASSIUM CHLORIDE 30MG/100ML; SODIUM CHLORIDE 860MG/100ML,INJECTABLE; INJECTION,1,Discontinued,4 ingredients first seen earlier (earliest 1971-03-22 on NDA016679),non-NME row: earlier appearances permitted by construction; see ingredient_first_appearance,none (not a Type 1/1-4 original approval),NOT_PROBED_NON_NME_ROW,https://www.accessdata.fda.gov/scripts/cder/daf/index.cfm?event=overview.process&varApplNo=016695,https://api.fda.gov/drug/drugsfda.json?search=application_number:%22NDA016695%22,Payload-verified; no per-row live probe issued for non-NME rows (cross-checked against the full Drugs@FDA database instead),"Row of the complete 1965-1976 original-application audit (v21): every ORIG/AP row of the committed SHA-verified payloads; facts verbatim from the payload; no ticker, indication or applicant lineage asserted."
PRE1980AUDIT-1971-16,1971,NDA016636,NDA,1971-04-13,TYPE 1,Type 1 - New Molecular Entity,PRIORITY,TRUE,NME (Type 1),ADAPT,Narcan,NALOXONE HYDROCHLORIDE 1MG/ML **Federal Register determination that product was not discontinued or withdrawn for safety or effectiveness reasons**,INJECTABLE; INJECTION,3,Discontinued,first-in-payloads (1939-1979 universe),first appearance in the 1939-1979 payload universe,PRE1980-1971-01,MATCH,https://www.accessdata.fda.gov/scripts/cder/daf/index.cfm?event=overview.process&varApplNo=016636,https://api.fda.gov/drug/drugsfda.json?search=application_number:%22NDA016636%22,Verified (live probe match),"Row of the complete 1965-1976 original-application audit (v21): every ORIG/AP row of the committed SHA-verified payloads; facts verbatim from the payload; no ticker, indication or applicant lineage asserted."
PRE1980AUDIT-1971-17,1971,NDA050299,NDA,1971-04-14,UNKNOWN,,UNKNOWN,FALSE,NOT PUBLISHED (blank class),CHARTWELL MOLECULES,NILSTAT,"NYSTATIN 100,000 UNITS/ML",SUSPENSION; ORAL,1,Prescription,first-in-payloads (1939-1979 universe),non-NME row: earlier appearances permitted by construction; see ingredient_first_appearance,none (not a Type 1/1-4 original approval),NOT_PROBED_NON_NME_ROW,https://www.accessdata.fda.gov/scripts/cder/daf/index.cfm?event=overview.process&varApplNo=050299,https://api.fda.gov/drug/drugsfda.json?search=application_number:%22NDA050299%22,Payload-verified; no per-row live probe issued for non-NME rows (cross-checked against the full Drugs@FDA database instead),"Row of the complete 1965-1976 original-application audit (v21): every ORIG/AP row of the committed SHA-verified payloads; facts verbatim from the payload; no ticker, indication or applicant lineage asserted."
PRE1980AUDIT-1971-18,1971,NDA050416,NDA,1971-05-10,UNKNOWN,,UNKNOWN,FALSE,NOT PUBLISHED (blank class),CASPER PHARMA LLC,CORTISPORIN,"BACITRACIN ZINC 400 UNITS/GM; HYDROCORTISONE 1%; NEOMYCIN SULFATE EQ 3.5MG BASE/GM; POLYMYXIN B SULFATE 10,000 UNITS/GM **Federal Register determination that product was not discontinued or withdrawn for safety or effectiveness reasons**",OINTMENT; OPHTHALMIC,1,Discontinued,4 ingredients first seen earlier (earliest 1957-03-26 on NDA050168),non-NME row: earlier appearances permitted by construction; see ingredient_first_appearance,none (not a Type 1/1-4 original approval),NOT_PROBED_NON_NME_ROW,https://www.accessdata.fda.gov/scripts/cder/daf/index.cfm?event=overview.process&varApplNo=050416,https://api.fda.gov/drug/drugsfda.json?search=application_number:%22NDA050416%22,Payload-verified; no per-row live probe issued for non-NME rows (cross-checked against the full Drugs@FDA database instead),"Row of the complete 1965-1976 original-application audit (v21): every ORIG/AP row of the committed SHA-verified payloads; facts verbatim from the payload; no ticker, indication or applicant lineage asserted."
PRE1980AUDIT-1971-19,1971,NDA050417,NDA,1971-05-10,UNKNOWN,,UNKNOWN,FALSE,NOT PUBLISHED (blank class),CASPER PHARMA LLC,LUMI-SPORYN,"BACITRACIN ZINC 400 UNITS/GM; NEOMYCIN SULFATE EQ 3.5MG BASE/GM; POLYMYXIN B SULFATE 10,000 UNITS/GM",OINTMENT; OPHTHALMIC,1,Prescription,3 ingredients first seen earlier (earliest 1957-03-26 on NDA050168),non-NME row: earlier appearances permitted by construction; see ingredient_first_appearance,none (not a Type 1/1-4 original approval),NOT_PROBED_NON_NME_ROW,https://www.accessdata.fda.gov/scripts/cder/daf/index.cfm?event=overview.process&varApplNo=050417,https://api.fda.gov/drug/drugsfda.json?search=application_number:%22NDA050417%22,Payload-verified; no per-row live probe issued for non-NME rows (cross-checked against the full Drugs@FDA database instead),"Row of the complete 1965-1976 original-application audit (v21): every ORIG/AP row of the committed SHA-verified payloads; facts verbatim from the payload; no ticker, indication or applicant lineage asserted."
PRE1980AUDIT-1971-20,1971,NDA015923,NDA,1971-05-18,TYPE 3,Type 3 - New Dosage Form,STANDARD,FALSE,Type 3 - New Dosage Form,JANSSEN PHARMS,HALDOL,HALOPERIDOL LACTATE EQ 5MG BASE/ML **Federal Register determination that product was not discontinued or withdrawn for safety or effectiveness reasons**,INJECTABLE; INJECTION,1,Discontinued,HALOPERIDOL LACTATE first 1967-04-12 on NDA015922,non-NME row: earlier appearances permitted by construction; see ingredient_first_appearance,none (not a Type 1/1-4 original approval),NOT_PROBED_NON_NME_ROW,https://www.accessdata.fda.gov/scripts/cder/daf/index.cfm?event=overview.process&varApplNo=015923,https://api.fda.gov/drug/drugsfda.json?search=application_number:%22NDA015923%22,Payload-verified; no per-row live probe issued for non-NME rows (cross-checked against the full Drugs@FDA database instead),"Row of the complete 1965-1976 original-application audit (v21): every ORIG/AP row of the committed SHA-verified payloads; facts verbatim from the payload; no ticker, indication or applicant lineage asserted."
PRE1980AUDIT-1971-21,1971,NDA050420,NDA,1971-05-21,UNKNOWN,,UNKNOWN,FALSE,NOT PUBLISHED (blank class),SANOFI AVENTIS US,RIFADIN,RIFAMPIN 300MG **Federal Register determination that product was not discontinued or withdrawn for safety or effectiveness reasons**,CAPSULE; ORAL,2,Discontinued,first-in-payloads (1939-1979 universe),non-NME row: earlier appearances permitted by construction; see ingredient_first_appearance,none (not a Type 1/1-4 original approval),NOT_PROBED_NON_NME_ROW,https://www.accessdata.fda.gov/scripts/cder/daf/index.cfm?event=overview.process&varApplNo=050420,https://api.fda.gov/drug/drugsfda.json?search=application_number:%22NDA050420%22,Payload-verified; no per-row live probe issued for non-NME rows (cross-checked against the full Drugs@FDA database instead),"Row of the complete 1965-1976 original-application audit (v21): every ORIG/AP row of the committed SHA-verified payloads; facts verbatim from the payload; no ticker, indication or applicant lineage asserted."
PRE1980AUDIT-1971-22,1971,NDA050429,NDA,1971-05-21,UNKNOWN,,UNKNOWN,FALSE,NOT PUBLISHED (blank class),OXFORD PHARMS,RIMACTANE,RIFAMPIN 300MG,CAPSULE; ORAL,1,Prescription,RIFAMPIN first 1971-05-21 on NDA050420,non-NME row: earlier appearances permitted by construction; see ingredient_first_appearance,none (not a Type 1/1-4 original approval),NOT_PROBED_NON_NME_ROW,https://www.accessdata.fda.gov/scripts/cder/daf/index.cfm?event=overview.process&varApplNo=050429,https://api.fda.gov/drug/drugsfda.json?search=application_number:%22NDA050429%22,Payload-verified; no per-row live probe issued for non-NME rows (cross-checked against the full Drugs@FDA database instead),"Row of the complete 1965-1976 original-application audit (v21): every ORIG/AP row of the committed SHA-verified payloads; facts verbatim from the payload; no ticker, indication or applicant lineage asserted."
PRE1980AUDIT-1971-23,1971,NDA050095,NDA,1971-06-02,UNKNOWN,,UNKNOWN,FALSE,NOT PUBLISHED (blank class),EPIC PHARMA LLC,CAPASTAT SULFATE,CAPREOMYCIN SULFATE EQ 1GM BASE/VIAL **Federal Register determination that product was not discontinued or withdrawn for safety or effectiveness reasons**,INJECTABLE; INJECTION,1,Discontinued,first-in-payloads (1939-1979 universe),non-NME row: earlier appearances permitted by construction; see ingredient_first_appearance,none (not a Type 1/1-4 original approval),NOT_PROBED_NON_NME_ROW,https://www.accessdata.fda.gov/scripts/cder/daf/index.cfm?event=overview.process&varApplNo=050095,https://api.fda.gov/drug/drugsfda.json?search=application_number:%22NDA050095%22,Payload-verified; no per-row live probe issued for non-NME rows (cross-checked against the full Drugs@FDA database instead),"Row of the complete 1965-1976 original-application audit (v21): every ORIG/AP row of the committed SHA-verified payloads; facts verbatim from the payload; no ticker, indication or applicant lineage asserted."
PRE1980AUDIT-1971-24,1971,NDA050341,NDA,1971-06-02,,,,FALSE,NOT PUBLISHED (blank class),BRISTOL MYERS SQUIBB,FUNGIZONE,AMPHOTERICIN B 100MG/ML,SUSPENSION; ORAL,1,Discontinued,AMPHOTERICIN B first 1965-10-13 on NDA050313,non-NME row: earlier appearances permitted by construction; see ingredient_first_appearance,none (not a Type 1/1-4 original approval),NOT_PROBED_NON_NME_ROW,https://www.accessdata.fda.gov/scripts/cder/daf/index.cfm?event=overview.process&varApplNo=050341,https://api.fda.gov/drug/drugsfda.json?search=application_number:%22NDA050341%22,Payload-verified; no per-row live probe issued for non-NME rows (cross-checked against the full Drugs@FDA database instead),"Row of the complete 1965-1976 original-application audit (v21): every ORIG/AP row of the committed SHA-verified payloads; facts verbatim from the payload; no ticker, indication or applicant lineage asserted."
PRE1980AUDIT-1971-25,1971,NDA016908,NDA,1971-06-30,TYPE 1,Type 1 - New Molecular Entity,STANDARD,TRUE,NME (Type 1),ALVOGEN,Lidex,FLUOCINONIDE 0.05% **Federal Register determination that product was not discontinued or withdrawn for safety or effectiveness reasons**,CREAM; TOPICAL,2,Discontinued,first-in-payloads (1939-1979 universe),first appearance in the 1939-1979 payload universe,PRE1980-1971-02,MATCH,https://www.accessdata.fda.gov/scripts/cder/daf/index.cfm?event=overview.process&varApplNo=016908,https://api.fda.gov/drug/drugsfda.json?search=application_number:%22NDA016908%22,Verified (live probe match),"Row of the complete 1965-1976 original-application audit (v21): every ORIG/AP row of the committed SHA-verified payloads; facts verbatim from the payload; no ticker, indication or applicant lineage asserted."
PRE1980AUDIT-1971-26,1971,NDA050315,NDA,1971-06-30,,,,FALSE,NOT PUBLISHED (blank class),TRIAX PHARMS,MINOCIN,MINOCYCLINE HYDROCHLORIDE EQ 50MG BASE,CAPSULE; ORAL,2,Discontinued,first-in-payloads (1939-1979 universe),non-NME row: earlier appearances permitted by construction; see ingredient_first_appearance,none (not a Type 1/1-4 original approval),NOT_PROBED_NON_NME_ROW,https://www.accessdata.fda.gov/scripts/cder/daf/index.cfm?event=overview.process&varApplNo=050315,https://api.fda.gov/drug/drugsfda.json?search=application_number:%22NDA050315%22,Payload-verified; no per-row live probe issued for non-NME rows (cross-checked against the full Drugs@FDA database instead),"Row of the complete 1965-1976 original-application audit (v21): every ORIG/AP row of the committed SHA-verified payloads; facts verbatim from the payload; no ticker, indication or applicant lineage asserted."
PRE1980AUDIT-1971-27,1971,NDA050347,NDA,1971-06-30,UNKNOWN,,UNKNOWN,FALSE,NOT PUBLISHED (blank class),PFIZER,TROBICIN,SPECTINOMYCIN HYDROCHLORIDE EQ 2GM BASE/VIAL,INJECTABLE; INJECTION,2,Discontinued,first-in-payloads (1939-1979 universe),non-NME row: earlier appearances permitted by construction; see ingredient_first_appearance,none (not a Type 1/1-4 original approval),NOT_PROBED_NON_NME_ROW,https://www.accessdata.fda.gov/scripts/cder/daf/index.cfm?event=overview.process&varApplNo=050347,https://api.fda.gov/drug/drugsfda.json?search=application_number:%22NDA050347%22,Payload-verified; no per-row live probe issued for non-NME rows (cross-checked against the full Drugs@FDA database instead),"Row of the complete 1965-1976 original-application audit (v21): every ORIG/AP row of the committed SHA-verified payloads; facts verbatim from the payload; no ticker, indication or applicant lineage asserted."
PRE1980AUDIT-1971-28,1971,NDA016942,NDA,1971-08-06,TYPE 1,Type 1 - New Molecular Entity,PRIORITY,TRUE,NME (Type 1),WESTWOOD SQUIBB,Halotex,HALOPROGIN 1%,CREAM; TOPICAL,1,Discontinued,first-in-payloads (1939-1979 universe),first appearance in the 1939-1979 payload universe,PRE1980-1971-03,MATCH,https://www.accessdata.fda.gov/scripts/cder/daf/index.cfm?event=overview.process&varApplNo=016942,https://api.fda.gov/drug/drugsfda.json?search=application_number:%22NDA016942%22,Verified (live probe match),"Row of the complete 1965-1976 original-application audit (v21): every ORIG/AP row of the committed SHA-verified payloads; facts verbatim from the payload; no ticker, indication or applicant lineage asserted."
PRE1980AUDIT-1971-29,1971,NDA016943,NDA,1971-08-06,TYPE 3,Type 3 - New Dosage Form,PRIORITY,FALSE,Type 3 - New Dosage Form,WESTWOOD SQUIBB,HALOTEX,HALOPROGIN 1%,SOLUTION; TOPICAL,1,Discontinued,HALOPROGIN first 1971-08-06 on NDA016942,non-NME row: earlier appearances permitted by construction; see ingredient_first_appearance,none (not a Type 1/1-4 original approval),NOT_PROBED_NON_NME_ROW,https://www.accessdata.fda.gov/scripts/cder/daf/index.cfm?event=overview.process&varApplNo=016943,https://api.fda.gov/drug/drugsfda.json?search=application_number:%22NDA016943%22,Payload-verified; no per-row live probe issued for non-NME rows (cross-checked against the full Drugs@FDA database instead),"Row of the complete 1965-1976 original-application audit (v21): every ORIG/AP row of the committed SHA-verified payloads; facts verbatim from the payload; no ticker, indication or applicant lineage asserted."
PRE1980AUDIT-1971-30,1971,NDA016983,NDA,1971-08-06,TYPE 5,Type 5 - New Formulation or New Manufacturer,STANDARD,FALSE,Type 5 - New Formulation or New Manufacturer,LIEBEL-FLARSHEIM,CONRAY 30,IOTHALAMATE MEGLUMINE 30%,INJECTABLE; INJECTION,1,Discontinued,IOTHALAMATE MEGLUMINE first 1962-08-16 on NDA013295,non-NME row: earlier appearances permitted by construction; see ingredient_first_appearance,none (not a Type 1/1-4 original approval),NOT_PROBED_NON_NME_ROW,https://www.accessdata.fda.gov/scripts/cder/daf/index.cfm?event=overview.process&varApplNo=016983,https://api.fda.gov/drug/drugsfda.json?search=application_number:%22NDA016983%22,Payload-verified; no per-row live probe issued for non-NME rows (cross-checked against the full Drugs@FDA database instead),"Row of the complete 1965-1976 original-application audit (v21): every ORIG/AP row of the committed SHA-verified payloads; facts verbatim from the payload; no ticker, indication or applicant lineage asserted."
PRE1980AUDIT-1971-31,1971,NDA016988,NDA,1971-08-06,TYPE 5,Type 5 - New Formulation or New Manufacturer,STANDARD,FALSE,Type 5 - New Formulation or New Manufacturer,CHARTWELL RX,FLUOROPLEX,FLUOROURACIL 1%,CREAM; TOPICAL,1,Discontinued,FLUOROURACIL first 1962-04-25 on NDA012209,non-NME row: earlier appearances permitted by construction; see ingredient_first_appearance,none (not a Type 1/1-4 original approval),NOT_PROBED_NON_NME_ROW,https://www.accessdata.fda.gov/scripts/cder/daf/index.cfm?event=overview.process&varApplNo=016988,https://api.fda.gov/drug/drugsfda.json?search=application_number:%22NDA016988%22,Payload-verified; no per-row live probe issued for non-NME rows (cross-checked against the full Drugs@FDA database instead),"Row of the complete 1965-1976 original-application audit (v21): every ORIG/AP row of the committed SHA-verified payloads; facts verbatim from the payload; no ticker, indication or applicant lineage asserted."
PRE1980AUDIT-1971-32,1971,NDA016515,NDA,1971-08-18,TYPE 5,Type 5 - New Formulation or New Manufacturer,STANDARD,FALSE,Type 5 - New Formulation or New Manufacturer,CURIUM,SODIUM IODIDE I 131,SODIUM IODIDE I-131 3.5-150mCi/VIAL,SOLUTION; ORAL,2,Discontinued,SODIUM IODIDE I-131 first 1957-05-02 on NDA010929,non-NME row: earlier appearances permitted by construction; see ingredient_first_appearance,none (not a Type 1/1-4 original approval),NOT_PROBED_NON_NME_ROW,https://www.accessdata.fda.gov/scripts/cder/daf/index.cfm?event=overview.process&varApplNo=016515,https://api.fda.gov/drug/drugsfda.json?search=application_number:%22NDA016515%22,Payload-verified; no per-row live probe issued for non-NME rows (cross-checked against the full Drugs@FDA database instead),"Row of the complete 1965-1976 original-application audit (v21): every ORIG/AP row of the committed SHA-verified payloads; facts verbatim from the payload; no ticker, indication or applicant lineage asserted."
PRE1980AUDIT-1971-33,1971,NDA016979,NDA,1971-08-18,TYPE 1,Type 1 - New Molecular Entity,STANDARD,TRUE,NME (Type 1),BRISTOL MYERS SQUIBB,Megace,MEGESTROL ACETATE 20MG **Federal Register determination that product was not discontinued or withdrawn for safety or effectiveness reasons**,TABLET; ORAL,2,Discontinued,first-in-payloads (1939-1979 universe),first appearance in the 1939-1979 payload universe,PRE1980-1971-04,MATCH,https://www.accessdata.fda.gov/scripts/cder/daf/index.cfm?event=overview.process&varApplNo=016979,https://api.fda.gov/drug/drugsfda.json?search=application_number:%22NDA016979%22,Verified (live probe match),"Row of the complete 1965-1976 original-application audit (v21): every ORIG/AP row of the committed SHA-verified payloads; facts verbatim from the payload; no ticker, indication or applicant lineage asserted."
PRE1980AUDIT-1971-34,1971,NDA016904,NDA,1971-08-19,TYPE 2,Type 2 - New Active Ingredient,STANDARD,FALSE,Type 2 - New Active Ingredient,PFIZER,NAVANE,THIOTHIXENE HYDROCHLORIDE EQ 10MG BASE/VIAL,INJECTABLE; INJECTION,2,Discontinued,THIOTHIXENE HYDROCHLORIDE first 1970-04-06 on NDA016758,non-NME row: earlier appearances permitted by construction; see ingredient_first_appearance,none (not a Type 1/1-4 original approval),NOT_PROBED_NON_NME_ROW,https://www.accessdata.fda.gov/scripts/cder/daf/index.cfm?event=overview.process&varApplNo=016904,https://api.fda.gov/drug/drugsfda.json?search=application_number:%22NDA016904%22,Payload-verified; no per-row live probe issued for non-NME rows (cross-checked against the full Drugs@FDA database instead),"Row of the complete 1965-1976 original-application audit (v21): every ORIG/AP row of the committed SHA-verified payloads; facts verbatim from the payload; no ticker, indication or applicant lineage asserted."
PRE1980AUDIT-1971-35,1971,NDA016517,NDA,1971-08-20,TYPE 5,Type 5 - New Formulation or New Manufacturer,STANDARD,FALSE,Type 5 - New Formulation or New Manufacturer,CURIUM,SODIUM IODIDE I 131,SODIUM IODIDE I-131 15-100uCi,CAPSULE; ORAL,2,Discontinued,SODIUM IODIDE I-131 first 1957-05-02 on NDA010929,non-NME row: earlier appearances permitted by construction; see ingredient_first_appearance,none (not a Type 1/1-4 original approval),NOT_PROBED_NON_NME_ROW,https://www.accessdata.fda.gov/scripts/cder/daf/index.cfm?event=overview.process&varApplNo=016517,https://api.fda.gov/drug/drugsfda.json?search=application_number:%22NDA016517%22,Payload-verified; no per-row live probe issued for non-NME rows (cross-checked against the full Drugs@FDA database instead),"Row of the complete 1965-1976 original-application audit (v21): every ORIG/AP row of the committed SHA-verified payloads; facts verbatim from the payload; no ticker, indication or applicant lineage asserted."
PRE1980AUDIT-1971-36,1971,NDA016829,NDA,1971-09-09,TYPE 4,Type 4 - New Combination,STANDARD,FALSE,Type 4 - New Combination,AAIPHARMA LLC,DARVON-N W/ ASA,ASPIRIN 325MG; PROPOXYPHENE NAPSYLATE 100MG,CAPSULE; ORAL,1,Discontinued,ASPIRIN first 1950-04-12 on NDA007337,non-NME row: earlier appearances permitted by construction; see ingredient_first_appearance,none (not a Type 1/1-4 original approval),NOT_PROBED_NON_NME_ROW,https://www.accessdata.fda.gov/scripts/cder/daf/index.cfm?event=overview.process&varApplNo=016829,https://api.fda.gov/drug/drugsfda.json?search=application_number:%22NDA016829%22,Payload-verified; no per-row live probe issued for non-NME rows (cross-checked against the full Drugs@FDA database instead),"Row of the complete 1965-1976 original-application audit (v21): every ORIG/AP row of the committed SHA-verified payloads; facts verbatim from the payload; no ticker, indication or applicant lineage asserted."
PRE1980AUDIT-1971-37,1971,NDA016861,NDA,1971-09-09,TYPE 3,Type 3 - New Dosage Form,STANDARD,FALSE,Type 3 - New Dosage Form,AAIPHARMA LLC,DARVON-N,PROPOXYPHENE NAPSYLATE 50MG/5ML,SUSPENSION; ORAL,1,Discontinued,PROPOXYPHENE NAPSYLATE first 1971-09-09 on NDA016829,non-NME row: earlier appearances permitted by construction; see ingredient_first_appearance,none (not a Type 1/1-4 original approval),NOT_PROBED_NON_NME_ROW,https://www.accessdata.fda.gov/scripts/cder/daf/index.cfm?event=overview.process&varApplNo=016861,https://api.fda.gov/drug/drugsfda.json?search=application_number:%22NDA016861%22,Payload-verified; no per-row live probe issued for non-NME rows (cross-checked against the full Drugs@FDA database instead),"Row of the complete 1965-1976 original-application audit (v21): every ORIG/AP row of the committed SHA-verified payloads; facts verbatim from the payload; no ticker, indication or applicant lineage asserted."
PRE1980AUDIT-1971-38,1971,NDA016862,NDA,1971-09-09,TYPE 3,Type 3 - New Dosage Form,STANDARD,FALSE,Type 3 - New Dosage Form,XANODYNE PHARM,DARVON-N,PROPOXYPHENE NAPSYLATE 100MG,TABLET; ORAL,1,Discontinued,PROPOXYPHENE NAPSYLATE first 1971-09-09 on NDA016829,non-NME row: earlier appearances permitted by construction; see ingredient_first_appearance,none (not a Type 1/1-4 original approval),NOT_PROBED_NON_NME_ROW,https://www.accessdata.fda.gov/scripts/cder/daf/index.cfm?event=overview.process&varApplNo=016862,https://api.fda.gov/drug/drugsfda.json?search=application_number:%22NDA016862%22,Payload-verified; no per-row live probe issued for non-NME rows (cross-checked against the full Drugs@FDA database instead),"Row of the complete 1965-1976 original-application audit (v21): every ORIG/AP row of the committed SHA-verified payloads; facts verbatim from the payload; no ticker, indication or applicant lineage asserted."
PRE1980AUDIT-1971-39,1971,NDA016863,NDA,1971-09-09,TYPE 3,Type 3 - New Dosage Form,STANDARD,FALSE,Type 3 - New Dosage Form,AAIPHARMA LLC,DARVON-N W/ ASA,ASPIRIN 325MG; PROPOXYPHENE NAPSYLATE 100MG,TABLET; ORAL,1,Discontinued,2 ingredients first seen earlier (earliest 1950-04-12 on NDA007337),non-NME row: earlier appearances permitted by construction; see ingredient_first_appearance,none (not a Type 1/1-4 original approval),NOT_PROBED_NON_NME_ROW,https://www.accessdata.fda.gov/scripts/cder/daf/index.cfm?event=overview.process&varApplNo=016863,https://api.fda.gov/drug/drugsfda.json?search=application_number:%22NDA016863%22,Payload-verified; no per-row live probe issued for non-NME rows (cross-checked against the full Drugs@FDA database instead),"Row of the complete 1965-1976 original-application audit (v21): every ORIG/AP row of the committed SHA-verified payloads; facts verbatim from the payload; no ticker, indication or applicant lineage asserted."
PRE1980AUDIT-1971-40,1971,NDA016909,NDA,1971-09-22,TYPE 3,Type 3 - New Dosage Form,STANDARD,FALSE,Type 3 - New Dosage Form,ALVOGEN,LIDEX,FLUOCINONIDE 0.05% **Federal Register determination that product was not discontinued or withdrawn for safety or effectiveness reasons**,OINTMENT; TOPICAL,1,Discontinued,FLUOCINONIDE first 1971-06-30 on NDA016908,non-NME row: earlier appearances permitted by construction; see ingredient_first_appearance,none (not a Type 1/1-4 original approval),NOT_PROBED_NON_NME_ROW,https://www.accessdata.fda.gov/scripts/cder/daf/index.cfm?event=overview.process&varApplNo=016909,https://api.fda.gov/drug/drugsfda.json?search=application_number:%22NDA016909%22,Payload-verified; no per-row live probe issued for non-NME rows (cross-checked against the full Drugs@FDA database instead),"Row of the complete 1965-1976 original-application audit (v21): every ORIG/AP row of the committed SHA-verified payloads; facts verbatim from the payload; no ticker, indication or applicant lineage asserted."
PRE1980AUDIT-1971-41,1971,NDA016822,NDA,1971-09-24,TYPE 4,Type 4 - New Combination,PRIORITY,FALSE,Type 4 - New Combination,B BRAUN,FREAMINE HBC 6.9%,AMINO ACIDS 6.9% (6.9GM/100ML),INJECTABLE; INJECTION,7,Discontinued,2 ingredients first seen earlier (earliest 1965-12-16 on NDA013025),non-NME row: earlier appearances permitted by construction; see ingredient_first_appearance,none (not a Type 1/1-4 original approval),NOT_PROBED_NON_NME_ROW,https://www.accessdata.fda.gov/scripts/cder/daf/index.cfm?event=overview.process&varApplNo=016822,https://api.fda.gov/drug/drugsfda.json?search=application_number:%22NDA016822%22,Payload-verified; no per-row live probe issued for non-NME rows (cross-checked against the full Drugs@FDA database instead),"Row of the complete 1965-1976 original-application audit (v21): every ORIG/AP row of the committed SHA-verified payloads; facts verbatim from the payload; no ticker, indication or applicant lineage asserted."
PRE1980AUDIT-1971-42,1971,NDA017038,NDA,1971-10-07,TYPE 5,Type 5 - New Formulation or New Manufacturer,STANDARD,FALSE,Type 5 - New Formulation or New Manufacturer,B BRAUN,SODIUM CHLORIDE,SODIUM CHLORIDE 20GM/100ML,INJECTABLE; INJECTION,1,Discontinued,SODIUM CHLORIDE first 1965-12-16 on NDA013025,non-NME row: earlier appearances permitted by construction; see ingredient_first_appearance,none (not a Type 1/1-4 original approval),NOT_PROBED_NON_NME_ROW,https://www.accessdata.fda.gov/scripts/cder/daf/index.cfm?event=overview.process&varApplNo=017038,https://api.fda.gov/drug/drugsfda.json?search=application_number:%22NDA017038%22,Payload-verified; no per-row live probe issued for non-NME rows (cross-checked against the full Drugs@FDA database instead),"Row of the complete 1965-1976 original-application audit (v21): every ORIG/AP row of the committed SHA-verified payloads; facts verbatim from the payload; no ticker, indication or applicant lineage asserted."
PRE1980AUDIT-1971-43,1971,NDA017013,NDA,1971-10-08,TYPE 5,Type 5 - New Formulation or New Manufacturer,STANDARD,FALSE,Type 5 - New Formulation or New Manufacturer,ABBOTT,SODIUM CHLORIDE,SODIUM CHLORIDE 20GM/100ML,INJECTABLE; INJECTION,1,Discontinued,SODIUM CHLORIDE first 1965-12-16 on NDA013025,non-NME row: earlier appearances permitted by construction; see ingredient_first_appearance,none (not a Type 1/1-4 original approval),NOT_PROBED_NON_NME_ROW,https://www.accessdata.fda.gov/scripts/cder/daf/index.cfm?event=overview.process&varApplNo=017013,https://api.fda.gov/drug/drugsfda.json?search=application_number:%22NDA017013%22,Payload-verified; no per-row live probe issued for non-NME rows (cross-checked against the full Drugs@FDA database instead),"Row of the complete 1965-1976 original-application audit (v21): every ORIG/AP row of the committed SHA-verified payloads; facts verbatim from the payload; no ticker, indication or applicant lineage asserted."
PRE1980AUDIT-1971-44,1971,NDA016921,NDA,1971-10-20,TYPE 1,Type 1 - New Molecular Entity,PRIORITY,TRUE,NME (Type 1),VALEANT INTL,Retin-A,TRETINOIN 0.05%,SWAB; TOPICAL,2,Discontinued,first-in-payloads (1939-1979 universe),first appearance in the 1939-1979 payload universe,PRE1980-1971-05,MATCH,https://www.accessdata.fda.gov/scripts/cder/daf/index.cfm?event=overview.process&varApplNo=016921,https://api.fda.gov/drug/drugsfda.json?search=application_number:%22NDA016921%22,Verified (live probe match),"Row of the complete 1965-1976 original-application audit (v21): every ORIG/AP row of the committed SHA-verified payloads; facts verbatim from the payload; no ticker, indication or applicant lineage asserted."
PRE1980AUDIT-1971-45,1971,NDA016224,NDA,1971-11-23,TYPE 1,Type 1 - New Molecular Entity,PRIORITY,TRUE,NME (Type 1),BRACCO,Robengatope,ROSE BENGAL SODIUM I-131 2mCi/VIAL,INJECTABLE; INJECTION,3,Discontinued,first-in-payloads (1939-1979 universe),first appearance in the 1939-1979 payload universe,PRE1980-1971-06,MATCH,https://www.accessdata.fda.gov/scripts/cder/daf/index.cfm?event=overview.process&varApplNo=016224,https://api.fda.gov/drug/drugsfda.json?search=application_number:%22NDA016224%22,Verified (live probe match),"Row of the complete 1965-1976 original-application audit (v21): every ORIG/AP row of the committed SHA-verified payloads; facts verbatim from the payload; no ticker, indication or applicant lineage asserted."
PRE1980AUDIT-1971-46,1971,NDA017001,NDA,1971-11-26,TYPE 1,Type 1 - New Molecular Entity,PRIORITY,TRUE,NME (Type 1),BAUSCH,Ancobon,FLUCYTOSINE 500MG,CAPSULE; ORAL,2,Prescription,first-in-payloads (1939-1979 universe),first appearance in the 1939-1979 payload universe,PRE1980-1971-07,MATCH,https://www.accessdata.fda.gov/scripts/cder/daf/index.cfm?event=overview.process&varApplNo=017001,https://api.fda.gov/drug/drugsfda.json?search=application_number:%22NDA017001%22,Verified (live probe match),"Row of the complete 1965-1976 original-application audit (v21): every ORIG/AP row of the committed SHA-verified payloads; facts verbatim from the payload; no ticker, indication or applicant lineage asserted."
PRE1980AUDIT-1971-47,1971,NDA016708,NDA,1971-12-23,TYPE 5,Type 5 - New Formulation or New Manufacturer,STANDARD,FALSE,Type 5 - New Formulation or New Manufacturer,CURIUM,SODIUM CHROMATE CR 51,SODIUM CHROMATE CR-51 100uCi/ML,INJECTABLE; INJECTION,1,Discontinued,first-in-payloads (1939-1979 universe),non-NME row: earlier appearances permitted by construction; see ingredient_first_appearance,none (not a Type 1/1-4 original approval),NOT_PROBED_NON_NME_ROW,https://www.accessdata.fda.gov/scripts/cder/daf/index.cfm?event=overview.process&varApplNo=016708,https://api.fda.gov/drug/drugsfda.json?search=application_number:%22NDA016708%22,Payload-verified; no per-row live probe issued for non-NME rows (cross-checked against the full Drugs@FDA database instead),"Row of the complete 1965-1976 original-application audit (v21): every ORIG/AP row of the committed SHA-verified payloads; facts verbatim from the payload; no ticker, indication or applicant lineage asserted."
PRE1980AUDIT-1971-48,1971,NDA013993,NDA,1971-12-27,TYPE 5,Type 5 - New Formulation or New Manufacturer,STANDARD,FALSE,Type 5 - New Formulation or New Manufacturer,BRACCO,CHROMITOPE SODIUM,SODIUM CHROMATE CR-51 200uCi/ML,INJECTABLE; INJECTION,2,Discontinued,SODIUM CHROMATE CR-51 first 1971-12-23 on NDA016708,non-NME row: earlier appearances permitted by construction; see ingredient_first_appearance,none (not a Type 1/1-4 original approval),NOT_PROBED_NON_NME_ROW,https://www.accessdata.fda.gov/scripts/cder/daf/index.cfm?event=overview.process&varApplNo=013993,https://api.fda.gov/drug/drugsfda.json?search=application_number:%22NDA013993%22,Payload-verified; no per-row live probe issued for non-NME rows (cross-checked against the full Drugs@FDA database instead),"Row of the complete 1965-1976 original-application audit (v21): every ORIG/AP row of the committed SHA-verified payloads; facts verbatim from the payload; no ticker, indication or applicant lineage asserted."
PRE1980AUDIT-1972-01,1972,NDA017010,NDA,1972-01-04,TYPE 1,Type 1 - New Molecular Entity,STANDARD,TRUE,NME (Type 1),PADAGIS US,Desonide,DESONIDE 0.05% **Federal Register determination that product was not discontinued or withdrawn for safety or effectiveness reasons**,CREAM; TOPICAL,1,Discontinued,first-in-payloads (1939-1979 universe),first appearance in the 1939-1979 payload universe,PRE1980-1972-01,MATCH,https://www.accessdata.fda.gov/scripts/cder/daf/index.cfm?event=overview.process&varApplNo=017010,https://api.fda.gov/drug/drugsfda.json?search=application_number:%22NDA017010%22,Verified (live probe match),"Row of the complete 1965-1976 original-application audit (v21): every ORIG/AP row of the committed SHA-verified payloads; facts verbatim from the payload; no ticker, indication or applicant lineage asserted."
PRE1980AUDIT-1972-02,1972,NDA016851,NDA,1972-01-12,TYPE 3,Type 3 - New Dosage Form,STANDARD,FALSE,Type 3 - New Dosage Form,ABBVIE,FML,FLUOROMETHOLONE 0.1%,SUSPENSION/DROPS; OPHTHALMIC,1,Prescription,first-in-payloads (1939-1979 universe),non-NME row: earlier appearances permitted by construction; see ingredient_first_appearance,none (not a Type 1/1-4 original approval),NOT_PROBED_NON_NME_ROW,https://www.accessdata.fda.gov/scripts/cder/daf/index.cfm?event=overview.process&varApplNo=016851,https://api.fda.gov/drug/drugsfda.json?search=application_number:%22NDA016851%22,Payload-verified; no per-row live probe issued for non-NME rows (cross-checked against the full Drugs@FDA database instead),"Row of the complete 1965-1976 original-application audit (v21): every ORIG/AP row of the committed SHA-verified payloads; facts verbatim from the payload; no ticker, indication or applicant lineage asserted."
PRE1980AUDIT-1972-03,1972,NDA016848,NDA,1972-01-18,TYPE 5,Type 5 - New Formulation or New Manufacturer,STANDARD,FALSE,Type 5 - New Formulation or New Manufacturer,PHARMOBEDIENT,ANADROL-50,OXYMETHOLONE 50MG,TABLET; ORAL,1,Discontinued,first-in-payloads (1939-1979 universe),non-NME row: earlier appearances permitted by construction; see ingredient_first_appearance,none (not a Type 1/1-4 original approval),NOT_PROBED_NON_NME_ROW,https://www.accessdata.fda.gov/scripts/cder/daf/index.cfm?event=overview.process&varApplNo=016848,https://api.fda.gov/drug/drugsfda.json?search=application_number:%22NDA016848%22,Payload-verified; no per-row live probe issued for non-NME rows (cross-checked against the full Drugs@FDA database instead),"Row of the complete 1965-1976 original-application audit (v21): every ORIG/AP row of the committed SHA-verified payloads; facts verbatim from the payload; no ticker, indication or applicant lineage asserted."
PRE1980AUDIT-1972-04,1972,NDA016987,NDA,1972-01-31,TYPE 5,Type 5 - New Formulation or New Manufacturer,STANDARD,FALSE,Type 5 - New Formulation or New Manufacturer,NEW RIVER,DOXEPIN HYDROCHLORIDE,DOXEPIN HYDROCHLORIDE EQ 150MG BASE,CAPSULE; ORAL,6,Discontinued,DOXEPIN HYDROCHLORIDE first 1969-09-23 on NDA016798,non-NME row: earlier appearances permitted by construction; see ingredient_first_appearance,none (not a Type 1/1-4 original approval),NOT_PROBED_NON_NME_ROW,https://www.accessdata.fda.gov/scripts/cder/daf/index.cfm?event=overview.process&varApplNo=016987,https://api.fda.gov/drug/drugsfda.json?search=application_number:%22NDA016987%22,Payload-verified; no per-row live probe issued for non-NME rows (cross-checked against the full Drugs@FDA database instead),"Row of the complete 1965-1976 original-application audit (v21): every ORIG/AP row of the committed SHA-verified payloads; facts verbatim from the payload; no ticker, indication or applicant lineage asserted."
PRE1980AUDIT-1972-05,1972,NDA016997,NDA,1972-01-31,TYPE 3,Type 3 - New Dosage Form,STANDARD,FALSE,Type 3 - New Dosage Form,NOVARTIS,SERENTIL,MESORIDAZINE BESYLATE EQ 25MG BASE/ML,CONCENTRATE; ORAL,1,Discontinued,MESORIDAZINE BESYLATE first 1970-02-27 on NDA016774,non-NME row: earlier appearances permitted by construction; see ingredient_first_appearance,none (not a Type 1/1-4 original approval),NOT_PROBED_NON_NME_ROW,https://www.accessdata.fda.gov/scripts/cder/daf/index.cfm?event=overview.process&varApplNo=016997,https://api.fda.gov/drug/drugsfda.json?search=application_number:%22NDA016997%22,Payload-verified; no per-row live probe issued for non-NME rows (cross-checked against the full Drugs@FDA database instead),"Row of the complete 1965-1976 original-application audit (v21): every ORIG/AP row of the committed SHA-verified payloads; facts verbatim from the payload; no ticker, indication or applicant lineage asserted."
PRE1980AUDIT-1972-06,1972,NDA017029,NDA,1972-02-22,TYPE 5,Type 5 - New Formulation or New Manufacturer,STANDARD,FALSE,Type 5 - New Formulation or New Manufacturer,FRESENIUS KABI USA,"HEPARIN SODIUM 25,000 UNITS IN SODIUM CHLORIDE 0.45%",HEPARIN SODIUM 50 UNITS/ML,INJECTABLE; INJECTION,16,Prescription,HEPARIN SODIUM first 1939-02-09 on NDA000552,non-NME row: earlier appearances permitted by construction; see ingredient_first_appearance,none (not a Type 1/1-4 original approval),NOT_PROBED_NON_NME_ROW,https://www.accessdata.fda.gov/scripts/cder/daf/index.cfm?event=overview.process&varApplNo=017029,https://api.fda.gov/drug/drugsfda.json?search=application_number:%22NDA017029%22,Payload-verified; no per-row live probe issued for non-NME rows (cross-checked against the full Drugs@FDA database instead),"Row of the complete 1965-1976 original-application audit (v21): every ORIG/AP row of the committed SHA-verified payloads; facts verbatim from the payload; no ticker, indication or applicant lineage asserted."
PRE1980AUDIT-1972-07,1972,NDA016366,NDA,1972-02-24,TYPE 5,Type 5 - New Formulation or New Manufacturer,STANDARD,FALSE,Type 5 - New Formulation or New Manufacturer,OTSUKA ICU MEDCL,SODIUM CHLORIDE 0.9% IN PLASTIC CONTAINER,SODIUM CHLORIDE 900MG/100ML,INJECTABLE; INJECTION,1,Prescription,SODIUM CHLORIDE first 1965-12-16 on NDA013025,non-NME row: earlier appearances permitted by construction; see ingredient_first_appearance,none (not a Type 1/1-4 original approval),NOT_PROBED_NON_NME_ROW,https://www.accessdata.fda.gov/scripts/cder/daf/index.cfm?event=overview.process&varApplNo=016366,https://api.fda.gov/drug/drugsfda.json?search=application_number:%22NDA016366%22,Payload-verified; no per-row live probe issued for non-NME rows (cross-checked against the full Drugs@FDA database instead),"Row of the complete 1965-1976 original-application audit (v21): every ORIG/AP row of the committed SHA-verified payloads; facts verbatim from the payload; no ticker, indication or applicant lineage asserted."
PRE1980AUDIT-1972-08,1972,NDA017042,NDA,1972-02-24,TYPE 1,Type 1 - New Molecular Entity,PRIORITY,TRUE,NME (Type 1),GE HEALTHCARE,Fluorine F-18,SODIUM FLUORIDE F-18 2mCi/ML **Federal Register determination that product was not discontinued or withdrawn for safety or effectiveness reasons**,INJECTABLE; INTRAVENOUS,1,Discontinued,first-in-payloads (1939-1979 universe),first appearance in the 1939-1979 payload universe,PRE1980-1972-02,MATCH,https://www.accessdata.fda.gov/scripts/cder/daf/index.cfm?event=overview.process&varApplNo=017042,https://api.fda.gov/drug/drugsfda.json?search=application_number:%22NDA017042%22,Verified (live probe match),"Row of the complete 1965-1976 original-application audit (v21): every ORIG/AP row of the committed SHA-verified payloads; facts verbatim from the payload; no ticker, indication or applicant lineage asserted."
PRE1980AUDIT-1972-09,1972,NDA017037,NDA,1972-03-22,TYPE 5,Type 5 - New Formulation or New Manufacturer,STANDARD,FALSE,Type 5 - New Formulation or New Manufacturer,HIKMA,HEPARIN SODIUM,"HEPARIN SODIUM 5,000 UNITS/0.5ML",INJECTABLE; INJECTION,4,Prescription,HEPARIN SODIUM first 1939-02-09 on NDA000552,non-NME row: earlier appearances permitted by construction; see ingredient_first_appearance,none (not a Type 1/1-4 original approval),NOT_PROBED_NON_NME_ROW,https://www.accessdata.fda.gov/scripts/cder/daf/index.cfm?event=overview.process&varApplNo=017037,https://api.fda.gov/drug/drugsfda.json?search=application_number:%22NDA017037%22,Payload-verified; no per-row live probe issued for non-NME rows (cross-checked against the full Drugs@FDA database instead),"Row of the complete 1965-1976 original-application audit (v21): every ORIG/AP row of the committed SHA-verified payloads; facts verbatim from the payload; no ticker, indication or applicant lineage asserted."
PRE1980AUDIT-1972-10,1972,NDA017057,NDA,1972-04-17,TYPE 3,Type 3 - New Dosage Form,STANDARD,FALSE,Type 3 - New Dosage Form,LIEBEL-FLARSHEIM,CYSTO-CONRAY II,IOTHALAMATE MEGLUMINE 17.2%,SOLUTION; INTRAVESICAL,2,Prescription,IOTHALAMATE MEGLUMINE first 1962-08-16 on NDA013295,non-NME row: earlier appearances permitted by construction; see ingredient_first_appearance,none (not a Type 1/1-4 original approval),NOT_PROBED_NON_NME_ROW,https://www.accessdata.fda.gov/scripts/cder/daf/index.cfm?event=overview.process&varApplNo=017057,https://api.fda.gov/drug/drugsfda.json?search=application_number:%22NDA017057%22,Payload-verified; no per-row live probe issued for non-NME rows (cross-checked against the full Drugs@FDA database instead),"Row of the complete 1965-1976 original-application audit (v21): every ORIG/AP row of the committed SHA-verified payloads; facts verbatim from the payload; no ticker, indication or applicant lineage asserted."
PRE1980AUDIT-1972-11,1972,NDA016980,NDA,1972-04-24,TYPE 5,Type 5 - New Formulation or New Manufacturer,STANDARD,FALSE,Type 5 - New Formulation or New Manufacturer,SOLVAY,LITHOTABS,LITHIUM CARBONATE 300MG,TABLET; ORAL,1,Discontinued,LITHIUM CARBONATE first 1970-04-06 on NDA016782,non-NME row: earlier appearances permitted by construction; see ingredient_first_appearance,none (not a Type 1/1-4 original approval),NOT_PROBED_NON_NME_ROW,https://www.accessdata.fda.gov/scripts/cder/daf/index.cfm?event=overview.process&varApplNo=016980,https://api.fda.gov/drug/drugsfda.json?search=application_number:%22NDA016980%22,Payload-verified; no per-row live probe issued for non-NME rows (cross-checked against the full Drugs@FDA database instead),"Row of the complete 1965-1976 original-application audit (v21): every ORIG/AP row of the committed SHA-verified payloads; facts verbatim from the payload; no ticker, indication or applicant lineage asserted."
PRE1980AUDIT-1972-12,1972,NDA009176,NDA,1972-05-24,TYPE 3,Type 3 - New Dosage Form,STANDARD,FALSE,Type 3 - New Dosage Form,PFIZER GLOBAL,CORTRIL,HYDROCORTISONE 2.5%,OINTMENT; TOPICAL,2,Discontinued,HYDROCORTISONE first 1952-08-05 on NDA008506,non-NME row: earlier appearances permitted by construction; see ingredient_first_appearance,none (not a Type 1/1-4 original approval),NOT_PROBED_NON_NME_ROW,https://www.accessdata.fda.gov/scripts/cder/daf/index.cfm?event=overview.process&varApplNo=009176,https://api.fda.gov/drug/drugsfda.json?search=application_number:%22NDA009176%22,Payload-verified; no per-row live probe issued for non-NME rows (cross-checked against the full Drugs@FDA database instead),"Row of the complete 1965-1976 original-application audit (v21): every ORIG/AP row of the committed SHA-verified payloads; facts verbatim from the payload; no ticker, indication or applicant lineage asserted."
PRE1980AUDIT-1972-13,1972,NDA050448,NDA,1972-05-30,UNKNOWN,,UNKNOWN,FALSE,NOT PUBLISHED (blank class),JOHNSON AND JOHNSON,GRIFULVIN V,"GRISEOFULVIN, MICROCRYSTALLINE 125MG/5ML **Federal Register determination that product was not discontinued or withdrawn for safety or effectiveness reasons**",SUSPENSION; ORAL,1,Discontinued,"GRISEOFULVIN, MICROCRYSTALLINE first 1962-08-22 on NDA050051",non-NME row: earlier appearances permitted by construction; see ingredient_first_appearance,none (not a Type 1/1-4 original approval),NOT_PROBED_NON_NME_ROW,https://www.accessdata.fda.gov/scripts/cder/daf/index.cfm?event=overview.process&varApplNo=050448,https://api.fda.gov/drug/drugsfda.json?search=application_number:%22NDA050448%22,Payload-verified; no per-row live probe issued for non-NME rows (cross-checked against the full Drugs@FDA database instead),"Row of the complete 1965-1976 original-application audit (v21): every ORIG/AP row of the committed SHA-verified payloads; facts verbatim from the payload; no ticker, indication or applicant lineage asserted."
PRE1980AUDIT-1972-14,1972,NDA016727,NDA,1972-06-20,TYPE 2,Type 2 - New Active Ingredient,STANDARD,FALSE,Type 2 - New Active Ingredient,BRISTOL MYERS SQUIBB,PROLIXIN DECANOATE,FLUPHENAZINE DECANOATE 25MG/ML **Federal Register determination that product was not discontinued or withdrawn for safety or effectiveness reasons**,INJECTABLE; INJECTION,1,Discontinued,first-in-payloads (1939-1979 universe),non-NME row: earlier appearances permitted by construction; see ingredient_first_appearance,none (not a Type 1/1-4 original approval),NOT_PROBED_NON_NME_ROW,https://www.accessdata.fda.gov/scripts/cder/daf/index.cfm?event=overview.process&varApplNo=016727,https://api.fda.gov/drug/drugsfda.json?search=application_number:%22NDA016727%22,Payload-verified; no per-row live probe issued for non-NME rows (cross-checked against the full Drugs@FDA database instead),"Row of the complete 1965-1976 original-application audit (v21): every ORIG/AP row of the committed SHA-verified payloads; facts verbatim from the payload; no ticker, indication or applicant lineage asserted."
PRE1980AUDIT-1972-15,1972,NDA017105,NDA,1972-06-23,TYPE 1,Type 1 - New Molecular Entity,STANDARD,TRUE,NME (Type 1),AJENAT PHARMS,Tranxene,CLORAZEPATE DIPOTASSIUM 15MG **Federal Register determination that product was not discontinued or withdrawn for safety or effectiveness reasons**,TABLET; ORAL,8,Discontinued,first-in-payloads (1939-1979 universe),first appearance in the 1939-1979 payload universe,PRE1980-1972-03,MATCH,https://www.accessdata.fda.gov/scripts/cder/daf/index.cfm?event=overview.process&varApplNo=017105,https://api.fda.gov/drug/drugsfda.json?search=application_number:%22NDA017105%22,Verified (live probe match),"Row of the complete 1965-1976 original-application audit (v21): every ORIG/AP row of the committed SHA-verified payloads; facts verbatim from the payload; no ticker, indication or applicant lineage asserted."
PRE1980AUDIT-1972-16,1972,NDA017020,NDA,1972-08-11,TYPE 5,Type 5 - New Formulation or New Manufacturer,STANDARD,FALSE,Type 5 - New Formulation or New Manufacturer,ABBOTT,PANWARFIN,WARFARIN SODIUM 7.5MG,TABLET; ORAL,5,Discontinued,WARFARIN SODIUM first 1954-06-08 on NDA009218,non-NME row: earlier appearances permitted by construction; see ingredient_first_appearance,none (not a Type 1/1-4 original approval),NOT_PROBED_NON_NME_ROW,https://www.accessdata.fda.gov/scripts/cder/daf/index.cfm?event=overview.process&varApplNo=017020,https://api.fda.gov/drug/drugsfda.json?search=application_number:%22NDA017020%22,Payload-verified; no per-row live probe issued for non-NME rows (cross-checked against the full Drugs@FDA database instead),"Row of the complete 1965-1976 original-application audit (v21): every ORIG/AP row of the committed SHA-verified payloads; facts verbatim from the payload; no ticker, indication or applicant lineage asserted."
PRE1980AUDIT-1972-17,1972,NDA017087,NDA,1972-08-28,TYPE 1,Type 1 - New Molecular Entity,STANDARD,TRUE,NME (Type 1),BAXTER HLTHCARE,Ethrane,ENFLURANE 99.9% **Federal Register determination that product was not discontinued or withdrawn for safety or effectiveness reasons**,LIQUID; INHALATION,1,Discontinued,first-in-payloads (1939-1979 universe),first appearance in the 1939-1979 payload universe,PRE1980-1972-04,MATCH,https://www.accessdata.fda.gov/scripts/cder/daf/index.cfm?event=overview.process&varApplNo=017087,https://api.fda.gov/drug/drugsfda.json?search=application_number:%22NDA017087%22,Verified (live probe match),"Row of the complete 1965-1976 original-application audit (v21): every ORIG/AP row of the committed SHA-verified payloads; facts verbatim from the payload; no ticker, indication or applicant lineage asserted."
PRE1980AUDIT-1972-18,1972,NDA050442,NDA,1972-09-05,UNKNOWN,,UNKNOWN,FALSE,NOT PUBLISHED (blank class),PFIZER,VIBRAMYCIN,DOXYCYCLINE HYCLATE EQ 200MG BASE/VIAL **Federal Register determination that product was not discontinued or withdrawn for safety or effectiveness reasons**,INJECTABLE; INJECTION,2,Discontinued,DOXYCYCLINE HYCLATE first 1967-12-05 on NDA050007,non-NME row: earlier appearances permitted by construction; see ingredient_first_appearance,none (not a Type 1/1-4 original approval),NOT_PROBED_NON_NME_ROW,https://www.accessdata.fda.gov/scripts/cder/daf/index.cfm?event=overview.process&varApplNo=050442,https://api.fda.gov/drug/drugsfda.json?search=application_number:%22NDA050442%22,Payload-verified; no per-row live probe issued for non-NME rows (cross-checked against the full Drugs@FDA database instead),"Row of the complete 1965-1976 original-application audit (v21): every ORIG/AP row of the committed SHA-verified payloads; facts verbatim from the payload; no ticker, indication or applicant lineage asserted."
PRE1980AUDIT-1972-19,1972,NDA016968,NDA,1972-09-28,TYPE 1,Type 1 - New Molecular Entity,PRIORITY,TRUE,NME (Type 1),ALCON,Miostat,CARBACHOL 0.01%,SOLUTION; INTRAOCULAR,1,Prescription,first-in-payloads (1939-1979 universe),first appearance in the 1939-1979 payload universe,PRE1980-1972-05,MATCH,https://www.accessdata.fda.gov/scripts/cder/daf/index.cfm?event=overview.process&varApplNo=016968,https://api.fda.gov/drug/drugsfda.json?search=application_number:%22NDA016968%22,Verified (live probe match),"Row of the complete 1965-1976 original-application audit (v21): every ORIG/AP row of the committed SHA-verified payloads; facts verbatim from the payload; no ticker, indication or applicant lineage asserted."
PRE1980AUDIT-1972-20,1972,NDA050441,NDA,1972-10-02,UNKNOWN,,UNKNOWN,FALSE,NOT PUBLISHED (blank class),PFIZER,CLEOCIN PHOSPHATE,CLINDAMYCIN PHOSPHATE EQ 150MG BASE/ML,INJECTABLE; INJECTION,1,Prescription,first-in-payloads (1939-1979 universe),non-NME row: earlier appearances permitted by construction; see ingredient_first_appearance,none (not a Type 1/1-4 original approval),NOT_PROBED_NON_NME_ROW,https://www.accessdata.fda.gov/scripts/cder/daf/index.cfm?event=overview.process&varApplNo=050441,https://api.fda.gov/drug/drugsfda.json?search=application_number:%22NDA050441%22,Payload-verified; no per-row live probe issued for non-NME rows (cross-checked against the full Drugs@FDA database instead),"Row of the complete 1965-1976 original-application audit (v21): every ORIG/AP row of the committed SHA-verified payloads; facts verbatim from the payload; no ticker, indication or applicant lineage asserted."
PRE1980AUDIT-1972-21,1972,NDA016964,NDA,1972-10-03,TYPE 1,Type 1 - New Molecular Entity,PRIORITY,TRUE,NME (Type 1),HOSPIRA,Marcaine hydrochloride,BUPIVACAINE HYDROCHLORIDE 0.25%; EPINEPHRINE BITARTRATE 0.0091MG/ML,INJECTABLE; INJECTION,10,Prescription,EPINEPHRINE BITARTRATE first 1956-03-09 on NDA010374,adjudicated earlier appearance (combination component or same-ingredient sibling application); see the decision row notes,PRE1980-1972-06,MATCH,https://www.accessdata.fda.gov/scripts/cder/daf/index.cfm?event=overview.process&varApplNo=016964,https://api.fda.gov/drug/drugsfda.json?search=application_number:%22NDA016964%22,Verified (live probe match),"Row of the complete 1965-1976 original-application audit (v21): every ORIG/AP row of the committed SHA-verified payloads; facts verbatim from the payload; no ticker, indication or applicant lineage asserted."
PRE1980AUDIT-1972-22,1972,NDA050440,NDA,1972-10-12,,,,FALSE,NOT PUBLISHED (blank class),LILLY,KEFLET,CEPHALEXIN EQ 1GM BASE,TABLET; ORAL,3,Discontinued,CEPHALEXIN first 1971-01-04 on NDA050405,non-NME row: earlier appearances permitted by construction; see ingredient_first_appearance,none (not a Type 1/1-4 original approval),NOT_PROBED_NON_NME_ROW,https://www.accessdata.fda.gov/scripts/cder/daf/index.cfm?event=overview.process&varApplNo=050440,https://api.fda.gov/drug/drugsfda.json?search=application_number:%22NDA050440%22,Payload-verified; no per-row live probe issued for non-NME rows (cross-checked against the full Drugs@FDA database instead),"Row of the complete 1965-1976 original-application audit (v21): every ORIG/AP row of the committed SHA-verified payloads; facts verbatim from the payload; no ticker, indication or applicant lineage asserted."
PRE1980AUDIT-1972-23,1972,NDA016844,NDA,1972-10-18,TYPE 4,Type 4 - New Combination,STANDARD,FALSE,Type 4 - New Combination,AAIPHARMA LLC,DARVOCET,ACETAMINOPHEN 325MG; PROPOXYPHENE HYDROCHLORIDE 32.5MG,TABLET; ORAL,1,Discontinued,2 ingredients first seen earlier (earliest 1968-11-07 on NDA016401),non-NME row: earlier appearances permitted by construction; see ingredient_first_appearance,none (not a Type 1/1-4 original approval),NOT_PROBED_NON_NME_ROW,https://www.accessdata.fda.gov/scripts/cder/daf/index.cfm?event=overview.process&varApplNo=016844,https://api.fda.gov/drug/drugsfda.json?search=application_number:%22NDA016844%22,Payload-verified; no per-row live probe issued for non-NME rows (cross-checked against the full Drugs@FDA database instead),"Row of the complete 1965-1976 original-application audit (v21): every ORIG/AP row of the committed SHA-verified payloads; facts verbatim from the payload; no ticker, indication or applicant lineage asserted."
PRE1980AUDIT-1972-24,1972,NDA017015,NDA,1972-10-24,TYPE 1,Type 1 - New Molecular Entity,PRIORITY,TRUE,NME (Type 1),ORGANON USA INC,Pavulon,PANCURONIUM BROMIDE 2MG/ML **Federal Register determination that product was not discontinued or withdrawn for safety or effectiveness reasons**,INJECTABLE; INJECTION,2,Discontinued,first-in-payloads (1939-1979 universe),first appearance in the 1939-1979 payload universe,PRE1980-1972-07,MATCH,https://www.accessdata.fda.gov/scripts/cder/daf/index.cfm?event=overview.process&varApplNo=017015,https://api.fda.gov/drug/drugsfda.json?search=application_number:%22NDA017015%22,Verified (live probe match),"Row of the complete 1965-1976 original-application audit (v21): every ORIG/AP row of the committed SHA-verified payloads; facts verbatim from the payload; no ticker, indication or applicant lineage asserted."
PRE1980AUDIT-1972-25,1972,NDA050435,NDA,1972-10-26,UNKNOWN,,UNKNOWN,FALSE,NOT PUBLISHED (blank class),PFIZER,GEOCILLIN,CARBENICILLIN INDANYL SODIUM EQ 382MG BASE,TABLET; ORAL,1,Discontinued,first-in-payloads (1939-1979 universe),non-NME row: earlier appearances permitted by construction; see ingredient_first_appearance,none (not a Type 1/1-4 original approval),NOT_PROBED_NON_NME_ROW,https://www.accessdata.fda.gov/scripts/cder/daf/index.cfm?event=overview.process&varApplNo=050435,https://api.fda.gov/drug/drugsfda.json?search=application_number:%22NDA050435%22,Payload-verified; no per-row live probe issued for non-NME rows (cross-checked against the full Drugs@FDA database instead),"Row of the complete 1965-1976 original-application audit (v21): every ORIG/AP row of the committed SHA-verified payloads; facts verbatim from the payload; no ticker, indication or applicant lineage asserted."
PRE1980AUDIT-1972-26,1972,NDA050444,NDA,1972-10-26,UNKNOWN,,UNKNOWN,FALSE,NOT PUBLISHED (blank class),REMPEX,MINOCIN,MINOCYCLINE HYDROCHLORIDE EQ 100MG BASE/VIAL,INJECTABLE; INJECTION,1,Prescription,MINOCYCLINE HYDROCHLORIDE first 1971-06-30 on NDA050315,non-NME row: earlier appearances permitted by construction; see ingredient_first_appearance,none (not a Type 1/1-4 original approval),NOT_PROBED_NON_NME_ROW,https://www.accessdata.fda.gov/scripts/cder/daf/index.cfm?event=overview.process&varApplNo=050444,https://api.fda.gov/drug/drugsfda.json?search=application_number:%22NDA050444%22,Payload-verified; no per-row live probe issued for non-NME rows (cross-checked against the full Drugs@FDA database instead),"Row of the complete 1965-1976 original-application audit (v21): every ORIG/AP row of the committed SHA-verified payloads; facts verbatim from the payload; no ticker, indication or applicant lineage asserted."
PRE1980AUDIT-1972-27,1972,NDA050445,NDA,1972-10-26,UNKNOWN,,UNKNOWN,FALSE,NOT PUBLISHED (blank class),BAUSCH,MINOCIN,MINOCYCLINE HYDROCHLORIDE EQ 50MG BASE/5ML,SUSPENSION; ORAL,1,Discontinued,MINOCYCLINE HYDROCHLORIDE first 1971-06-30 on NDA050315,non-NME row: earlier appearances permitted by construction; see ingredient_first_appearance,none (not a Type 1/1-4 original approval),NOT_PROBED_NON_NME_ROW,https://www.accessdata.fda.gov/scripts/cder/daf/index.cfm?event=overview.process&varApplNo=050445,https://api.fda.gov/drug/drugsfda.json?search=application_number:%22NDA050445%22,Payload-verified; no per-row live probe issued for non-NME rows (cross-checked against the full Drugs@FDA database instead),"Row of the complete 1965-1976 original-application audit (v21): every ORIG/AP row of the committed SHA-verified payloads; facts verbatim from the payload; no ticker, indication or applicant lineage asserted."
PRE1980AUDIT-1972-28,1972,NDA017100,NDA,1972-11-10,TYPE 3,Type 3 - New Dosage Form,STANDARD,FALSE,Type 3 - New Dosage Form,ABBVIE,PRED MILD,PREDNISOLONE ACETATE 0.12%,SUSPENSION/DROPS; OPHTHALMIC,1,Prescription,PREDNISOLONE ACETATE first 1955-05-22 on NDA010255,non-NME row: earlier appearances permitted by construction; see ingredient_first_appearance,none (not a Type 1/1-4 original approval),NOT_PROBED_NON_NME_ROW,https://www.accessdata.fda.gov/scripts/cder/daf/index.cfm?event=overview.process&varApplNo=017100,https://api.fda.gov/drug/drugsfda.json?search=application_number:%22NDA017100%22,Payload-verified; no per-row live probe issued for non-NME rows (cross-checked against the full Drugs@FDA database instead),"Row of the complete 1965-1976 original-application audit (v21): every ORIG/AP row of the committed SHA-verified payloads; facts verbatim from the payload; no ticker, indication or applicant lineage asserted."
PRE1980AUDIT-1972-29,1972,NDA017122,NDA,1972-12-19,TYPE 4,Type 4 - New Combination,STANDARD,FALSE,Type 4 - New Combination,XANODYNE PHARM,DARVOCET-N 50,ACETAMINOPHEN 325MG; PROPOXYPHENE NAPSYLATE 50MG,TABLET; ORAL,2,Discontinued,2 ingredients first seen earlier (earliest 1968-11-07 on NDA016401),non-NME row: earlier appearances permitted by construction; see ingredient_first_appearance,none (not a Type 1/1-4 original approval),NOT_PROBED_NON_NME_ROW,https://www.accessdata.fda.gov/scripts/cder/daf/index.cfm?event=overview.process&varApplNo=017122,https://api.fda.gov/drug/drugsfda.json?search=application_number:%22NDA017122%22,Payload-verified; no per-row live probe issued for non-NME rows (cross-checked against the full Drugs@FDA database instead),"Row of the complete 1965-1976 original-application audit (v21): every ORIG/AP row of the committed SHA-verified payloads; facts verbatim from the payload; no ticker, indication or applicant lineage asserted."
PRE1980AUDIT-1973-01,1973,NDA016954,NDA,1973-01-02,TYPE 3,Type 3 - New Dosage Form,STANDARD,FALSE,Type 3 - New Dosage Form,JANSSEN PHARMS,MICRONOR,NORETHINDRONE 0.35MG **Federal Register determination that product was not discontinued or withdrawn for safety or effectiveness reasons**,TABLET; ORAL-28,1,Discontinued,NORETHINDRONE first 1962-05-21 on NDA012728,non-NME row: earlier appearances permitted by construction; see ingredient_first_appearance,none (not a Type 1/1-4 original approval),NOT_PROBED_NON_NME_ROW,https://www.accessdata.fda.gov/scripts/cder/daf/index.cfm?event=overview.process&varApplNo=016954,https://api.fda.gov/drug/drugsfda.json?search=application_number:%22NDA016954%22,Payload-verified; no per-row live probe issued for non-NME rows (cross-checked against the full Drugs@FDA database instead),"Row of the complete 1965-1976 original-application audit (v21): every ORIG/AP row of the committed SHA-verified payloads; facts verbatim from the payload; no ticker, indication or applicant lineage asserted."
PRE1980AUDIT-1973-02,1973,NDA017060,NDA,1973-01-02,TYPE 3,Type 3 - New Dosage Form,STANDARD,FALSE,Type 3 - New Dosage Form,TEVA BRANDED PHARM,NOR-QD,NORETHINDRONE 0.35MG,TABLET; ORAL-28,1,Prescription,NORETHINDRONE first 1962-05-21 on NDA012728,non-NME row: earlier appearances permitted by construction; see ingredient_first_appearance,none (not a Type 1/1-4 original approval),NOT_PROBED_NON_NME_ROW,https://www.accessdata.fda.gov/scripts/cder/daf/index.cfm?event=overview.process&varApplNo=017060,https://api.fda.gov/drug/drugsfda.json?search=application_number:%22NDA017060%22,Payload-verified; no per-row live probe issued for non-NME rows (cross-checked against the full Drugs@FDA database instead),"Row of the complete 1965-1976 original-application audit (v21): every ORIG/AP row of the committed SHA-verified payloads; facts verbatim from the payload; no ticker, indication or applicant lineage asserted."
PRE1980AUDIT-1973-03,1973,NDA016932,NDA,1973-01-10,TYPE 3,Type 3 - New Dosage Form,STANDARD,FALSE,Type 3 - New Dosage Form,SCHERING,VALISONE,BETAMETHASONE VALERATE EQ 0.1% BASE,LOTION; TOPICAL,1,Discontinued,BETAMETHASONE VALERATE first 1967-09-02 on NDA016322,non-NME row: earlier appearances permitted by construction; see ingredient_first_appearance,none (not a Type 1/1-4 original approval),NOT_PROBED_NON_NME_ROW,https://www.accessdata.fda.gov/scripts/cder/daf/index.cfm?event=overview.process&varApplNo=016932,https://api.fda.gov/drug/drugsfda.json?search=application_number:%22NDA016932%22,Payload-verified; no per-row live probe issued for non-NME rows (cross-checked against the full Drugs@FDA database instead),"Row of the complete 1965-1976 original-application audit (v21): every ORIG/AP row of the committed SHA-verified payloads; facts verbatim from the payload; no ticker, indication or applicant lineage asserted."
PRE1980AUDIT-1973-04,1973,NDA016996,NDA,1973-01-22,TYPE 1,Type 1 - New Molecular Entity,PRIORITY,TRUE,NME (Type 1),SCHERING,Hyperstat,DIAZOXIDE 15MG/ML,INJECTABLE; INJECTION,1,Discontinued,first-in-payloads (1939-1979 universe),first appearance in the 1939-1979 payload universe,PRE1980-1973-01,MATCH,https://www.accessdata.fda.gov/scripts/cder/daf/index.cfm?event=overview.process&varApplNo=016996,https://api.fda.gov/drug/drugsfda.json?search=application_number:%22NDA016996%22,Verified (live probe match),"Row of the complete 1965-1976 original-application audit (v21): every ORIG/AP row of the committed SHA-verified payloads; facts verbatim from the payload; no ticker, indication or applicant lineage asserted."
PRE1980AUDIT-1973-05,1973,NDA017340,NDA,1973-01-26,TYPE 3,Type 3 - New Dosage Form,STANDARD,FALSE,Type 3 - New Dosage Form,BAUSCH,RETIN-A,TRETINOIN 0.1%,CREAM; TOPICAL,1,Prescription,TRETINOIN first 1971-10-20 on NDA016921,non-NME row: earlier appearances permitted by construction; see ingredient_first_appearance,none (not a Type 1/1-4 original approval),NOT_PROBED_NON_NME_ROW,https://www.accessdata.fda.gov/scripts/cder/daf/index.cfm?event=overview.process&varApplNo=017340,https://api.fda.gov/drug/drugsfda.json?search=application_number:%22NDA017340%22,Payload-verified; no per-row live probe issued for non-NME rows (cross-checked against the full Drugs@FDA database instead),"Row of the complete 1965-1976 original-application audit (v21): every ORIG/AP row of the committed SHA-verified payloads; facts verbatim from the payload; no ticker, indication or applicant lineage asserted."
PRE1980AUDIT-1973-06,1973,NDA016931,NDA,1973-02-28,TYPE 5,Type 5 - New Formulation or New Manufacturer,PRIORITY,FALSE,Type 5 - New Formulation or New Manufacturer,PHARMACIA AND UPJOHN,R-GENE 10,ARGININE HYDROCHLORIDE 10GM/100ML,INJECTABLE; INJECTION,1,Prescription,first-in-payloads (1939-1979 universe),non-NME row: earlier appearances permitted by construction; see ingredient_first_appearance,none (not a Type 1/1-4 original approval),NOT_PROBED_NON_NME_ROW,https://www.accessdata.fda.gov/scripts/cder/daf/index.cfm?event=overview.process&varApplNo=016931,https://api.fda.gov/drug/drugsfda.json?search=application_number:%22NDA016931%22,Payload-verified; no per-row live probe issued for non-NME rows (cross-checked against the full Drugs@FDA database instead),"Row of the complete 1965-1976 original-application audit (v21): every ORIG/AP row of the committed SHA-verified payloads; facts verbatim from the payload; no ticker, indication or applicant lineage asserted."
PRE1980AUDIT-1973-07,1973,BLA017067,BLA,1973-03-05,TYPE 5,Type 5 - New Formulation or New Manufacturer,STANDARD,FALSE,Type 5 - New Formulation or New Manufacturer,FRESENIUS KABI USA,CHORIONIC GONADOTROPIN,"GONADOTROPIN, CHORIONIC 20,000 UNITS/VIAL",INJECTABLE; INJECTION,4,Discontinued,first-in-payloads (1939-1979 universe),non-NME row: earlier appearances permitted by construction; see ingredient_first_appearance,none (not a Type 1/1-4 original approval),NOT_PROBED_NON_NME_ROW,https://www.accessdata.fda.gov/scripts/cder/daf/index.cfm?event=overview.process&varApplNo=017067,https://api.fda.gov/drug/drugsfda.json?search=application_number:%22BLA017067%22,Payload-verified; no per-row live probe issued for non-NME rows (cross-checked against the full Drugs@FDA database instead),"Row of the complete 1965-1976 original-application audit (v21): every ORIG/AP row of the committed SHA-verified payloads; facts verbatim from the payload; no ticker, indication or applicant lineage asserted."
PRE1980AUDIT-1973-08,1973,NDA017090,NDA,1973-03-11,TYPE 2,Type 2 - New Active Ingredient,STANDARD,FALSE,Type 2 - New Active Ingredient,SPECGX LLC,TOFRANIL-PM,IMIPRAMINE PAMOATE EQ 150MG HYDROCHLORIDE **Federal Register determination that product was not discontinued or withdrawn for safety or effectiveness reasons**,CAPSULE; ORAL,4,Discontinued,first-in-payloads (1939-1979 universe),non-NME row: earlier appearances permitted by construction; see ingredient_first_appearance,none (not a Type 1/1-4 original approval),NOT_PROBED_NON_NME_ROW,https://www.accessdata.fda.gov/scripts/cder/daf/index.cfm?event=overview.process&varApplNo=017090,https://api.fda.gov/drug/drugsfda.json?search=application_number:%22NDA017090%22,Payload-verified; no per-row live probe issued for non-NME rows (cross-checked against the full Drugs@FDA database instead),"Row of the complete 1965-1976 original-application audit (v21): every ORIG/AP row of the committed SHA-verified payloads; facts verbatim from the payload; no ticker, indication or applicant lineage asserted."
PRE1980AUDIT-1973-09,1973,NDA017058,NDA,1973-03-14,TYPE 5,Type 5 - New Formulation or New Manufacturer,STANDARD,FALSE,Type 5 - New Formulation or New Manufacturer,HIKMA,METHADONE HYDROCHLORIDE,METHADONE HYDROCHLORIDE 40MG,"TABLET, FOR SUSPENSION; ORAL",1,Prescription,METHADONE HYDROCHLORIDE first 1947-08-13 on NDA006134,non-NME row: earlier appearances permitted by construction; see ingredient_first_appearance,none (not a Type 1/1-4 original approval),NOT_PROBED_NON_NME_ROW,https://www.accessdata.fda.gov/scripts/cder/daf/index.cfm?event=overview.process&varApplNo=017058,https://api.fda.gov/drug/drugsfda.json?search=application_number:%22NDA017058%22,Payload-verified; no per-row live probe issued for non-NME rows (cross-checked against the full Drugs@FDA database instead),"Row of the complete 1965-1976 original-application audit (v21): every ORIG/AP row of the committed SHA-verified payloads; facts verbatim from the payload; no ticker, indication or applicant lineage asserted."
PRE1980AUDIT-1973-10,1973,NDA017108,NDA,1973-03-14,TYPE 3,Type 3 - New Dosage Form,STANDARD,FALSE,Type 3 - New Dosage Form,SANDOZ,WESTADONE,METHADONE HYDROCHLORIDE 10MG,"TABLET, EFFERVESCENT; ORAL",4,Discontinued,METHADONE HYDROCHLORIDE first 1947-08-13 on NDA006134,non-NME row: earlier appearances permitted by construction; see ingredient_first_appearance,none (not a Type 1/1-4 original approval),NOT_PROBED_NON_NME_ROW,https://www.accessdata.fda.gov/scripts/cder/daf/index.cfm?event=overview.process&varApplNo=017108,https://api.fda.gov/drug/drugsfda.json?search=application_number:%22NDA017108%22,Payload-verified; no per-row live probe issued for non-NME rows (cross-checked against the full Drugs@FDA database instead),"Row of the complete 1965-1976 original-application audit (v21): every ORIG/AP row of the committed SHA-verified payloads; facts verbatim from the payload; no ticker, indication or applicant lineage asserted."
PRE1980AUDIT-1973-11,1973,NDA017116,NDA,1973-03-14,TYPE 3,Type 3 - New Dosage Form,STANDARD,FALSE,Type 3 - New Dosage Form,SPECGX LLC,METHADOSE,METHADONE HYDROCHLORIDE 10MG/ML,CONCENTRATE; ORAL,1,Prescription,METHADONE HYDROCHLORIDE first 1947-08-13 on NDA006134,non-NME row: earlier appearances permitted by construction; see ingredient_first_appearance,none (not a Type 1/1-4 original approval),NOT_PROBED_NON_NME_ROW,https://www.accessdata.fda.gov/scripts/cder/daf/index.cfm?event=overview.process&varApplNo=017116,https://api.fda.gov/drug/drugsfda.json?search=application_number:%22NDA017116%22,Payload-verified; no per-row live probe issued for non-NME rows (cross-checked against the full Drugs@FDA database instead),"Row of the complete 1965-1976 original-application audit (v21): every ORIG/AP row of the committed SHA-verified payloads; facts verbatim from the payload; no ticker, indication or applicant lineage asserted."
PRE1980AUDIT-1973-12,1973,NDA017430,NDA,1973-04-17,TYPE 3,Type 3 - New Dosage Form,STANDARD,FALSE,Type 3 - New Dosage Form,SANOFI AVENTIS US,NEGGRAM,NALIDIXIC ACID 250MG/5ML,SUSPENSION; ORAL,1,Discontinued,NALIDIXIC ACID first 1964-03-06 on NDA014214,non-NME row: earlier appearances permitted by construction; see ingredient_first_appearance,none (not a Type 1/1-4 original approval),NOT_PROBED_NON_NME_ROW,https://www.accessdata.fda.gov/scripts/cder/daf/index.cfm?event=overview.process&varApplNo=017430,https://api.fda.gov/drug/drugsfda.json?search=application_number:%22NDA017430%22,Payload-verified; no per-row live probe issued for non-NME rows (cross-checked against the full Drugs@FDA database instead),"Row of the complete 1965-1976 original-application audit (v21): every ORIG/AP row of the committed SHA-verified payloads; facts verbatim from the payload; no ticker, indication or applicant lineage asserted."
PRE1980AUDIT-1973-13,1973,NDA017354,NDA,1973-04-30,TYPE 3,Type 3 - New Dosage Form,PRIORITY,FALSE,Type 3 - New Dosage Form,TEVA BRANDED PHARM,LOESTRIN FE 1/20,ETHINYL ESTRADIOL 0.02MG; NORETHINDRONE ACETATE 1MG **Federal Register determination that product was not discontinued or withdrawn for safety or effectiveness reasons**,TABLET; ORAL-28,1,Discontinued,ETHINYL ESTRADIOL first 1943-06-25 on NDA005292,non-NME row: earlier appearances permitted by construction; see ingredient_first_appearance,none (not a Type 1/1-4 original approval),NOT_PROBED_NON_NME_ROW,https://www.accessdata.fda.gov/scripts/cder/daf/index.cfm?event=overview.process&varApplNo=017354,https://api.fda.gov/drug/drugsfda.json?search=application_number:%22NDA017354%22,Payload-verified; no per-row live probe issued for non-NME rows (cross-checked against the full Drugs@FDA database instead),"Row of the complete 1965-1976 original-application audit (v21): every ORIG/AP row of the committed SHA-verified payloads; facts verbatim from the payload; no ticker, indication or applicant lineage asserted."
PRE1980AUDIT-1973-14,1973,NDA017355,NDA,1973-04-30,TYPE 3,Type 3 - New Dosage Form,PRIORITY,FALSE,Type 3 - New Dosage Form,TEVA BRANDED PHARM,LOESTRIN FE 1.5/30,ETHINYL ESTRADIOL 0.03MG; NORETHINDRONE ACETATE 1.5MG,TABLET; ORAL-21,1,Discontinued,2 ingredients first seen earlier (earliest 1943-06-25 on NDA005292),non-NME row: earlier appearances permitted by construction; see ingredient_first_appearance,none (not a Type 1/1-4 original approval),NOT_PROBED_NON_NME_ROW,https://www.accessdata.fda.gov/scripts/cder/daf/index.cfm?event=overview.process&varApplNo=017355,https://api.fda.gov/drug/drugsfda.json?search=application_number:%22NDA017355%22,Payload-verified; no per-row live probe issued for non-NME rows (cross-checked against the full Drugs@FDA database instead),"Row of the complete 1965-1976 original-application audit (v21): every ORIG/AP row of the committed SHA-verified payloads; facts verbatim from the payload; no ticker, indication or applicant lineage asserted."
PRE1980AUDIT-1973-15,1973,NDA017047,NDA,1973-05-07,TYPE 1,Type 1 - New Molecular Entity,PRIORITY,TRUE,NME (Type 1),BRACCO,Sethotope,SELENOMETHIONINE SE-75 85-550uCi/ML,INJECTABLE; INJECTION,1,Discontinued,first-in-payloads (1939-1979 universe),first appearance in the 1939-1979 payload universe,PRE1980-1973-02,MATCH,https://www.accessdata.fda.gov/scripts/cder/daf/index.cfm?event=overview.process&varApplNo=017047,https://api.fda.gov/drug/drugsfda.json?search=application_number:%22NDA017047%22,Verified (live probe match),"Row of the complete 1965-1976 original-application audit (v21): every ORIG/AP row of the committed SHA-verified payloads; facts verbatim from the payload; no ticker, indication or applicant lineage asserted."
PRE1980AUDIT-1973-16,1973,NDA017098,NDA,1973-05-07,TYPE 5,Type 5 - New Formulation or New Manufacturer,STANDARD,FALSE,Type 5 - New Formulation or New Manufacturer,MALLINCKRODT,SELENOMETHIONINE SE 75,SELENOMETHIONINE SE-75 100uCi/ML,INJECTABLE; INJECTION,1,Discontinued,SELENOMETHIONINE SE-75 first 1973-05-07 on NDA017047,non-NME row: earlier appearances permitted by construction; see ingredient_first_appearance,none (not a Type 1/1-4 original approval),NOT_PROBED_NON_NME_ROW,https://www.accessdata.fda.gov/scripts/cder/daf/index.cfm?event=overview.process&varApplNo=017098,https://api.fda.gov/drug/drugsfda.json?search=application_number:%22NDA017098%22,Payload-verified; no per-row live probe issued for non-NME rows (cross-checked against the full Drugs@FDA database instead),"Row of the complete 1965-1976 original-application audit (v21): every ORIG/AP row of the committed SHA-verified payloads; facts verbatim from the payload; no ticker, indication or applicant lineage asserted."
PRE1980AUDIT-1973-17,1973,NDA017106,NDA,1973-05-15,TYPE 5,Type 5 - New Formulation or New Manufacturer,PRIORITY,FALSE,Type 5 - New Formulation or New Manufacturer,MMT,ATROPEN,ATROPINE EQ 0.25MG SULFATE/0.3ML,SOLUTION; INTRAMUSCULAR,4,Discontinued,first-in-payloads (1939-1979 universe),non-NME row: earlier appearances permitted by construction; see ingredient_first_appearance,none (not a Type 1/1-4 original approval),NOT_PROBED_NON_NME_ROW,https://www.accessdata.fda.gov/scripts/cder/daf/index.cfm?event=overview.process&varApplNo=017106,https://api.fda.gov/drug/drugsfda.json?search=application_number:%22NDA017106%22,Payload-verified; no per-row live probe issued for non-NME rows (cross-checked against the full Drugs@FDA database instead),"Row of the complete 1965-1976 original-application audit (v21): every ORIG/AP row of the committed SHA-verified payloads; facts verbatim from the payload; no ticker, indication or applicant lineage asserted."
PRE1980AUDIT-1973-18,1973,NDA017373,NDA,1973-05-15,TYPE 3,Type 3 - New Dosage Form,STANDARD,FALSE,Type 3 - New Dosage Form,ALVOGEN,FLUOCINONIDE,FLUOCINONIDE 0.05% **Federal Register determination that product was not discontinued or withdrawn for safety or effectiveness reasons**,GEL; TOPICAL,1,Discontinued,FLUOCINONIDE first 1971-06-30 on NDA016908,non-NME row: earlier appearances permitted by construction; see ingredient_first_appearance,none (not a Type 1/1-4 original approval),NOT_PROBED_NON_NME_ROW,https://www.accessdata.fda.gov/scripts/cder/daf/index.cfm?event=overview.process&varApplNo=017373,https://api.fda.gov/drug/drugsfda.json?search=application_number:%22NDA017373%22,Payload-verified; no per-row live probe issued for non-NME rows (cross-checked against the full Drugs@FDA database instead),"Row of the complete 1965-1976 original-application audit (v21): every ORIG/AP row of the committed SHA-verified payloads; facts verbatim from the payload; no ticker, indication or applicant lineage asserted."
PRE1980AUDIT-1973-19,1973,NDA017129,NDA,1973-05-16,TYPE 1,Type 1 - New Molecular Entity,STANDARD,TRUE,NME (Type 1),MALLINCKRODT,Cholebrine,IOCETAMIC ACID 750MG,TABLET; ORAL,1,Discontinued,first-in-payloads (1939-1979 universe),first appearance in the 1939-1979 payload universe,PRE1980-1973-03,MATCH,https://www.accessdata.fda.gov/scripts/cder/daf/index.cfm?event=overview.process&varApplNo=017129,https://api.fda.gov/drug/drugsfda.json?search=application_number:%22NDA017129%22,Verified (live probe match),"Row of the complete 1965-1976 original-application audit (v21): every ORIG/AP row of the committed SHA-verified payloads; facts verbatim from the payload; no ticker, indication or applicant lineage asserted."
PRE1980AUDIT-1973-20,1973,NDA017011,NDA,1973-05-30,TYPE 5,Type 5 - New Formulation or New Manufacturer,STANDARD,FALSE,Type 5 - New Formulation or New Manufacturer,ABBVIE,PRED FORTE,PREDNISOLONE ACETATE 1%,SUSPENSION/DROPS; OPHTHALMIC,1,Prescription,PREDNISOLONE ACETATE first 1955-05-22 on NDA010255,non-NME row: earlier appearances permitted by construction; see ingredient_first_appearance,none (not a Type 1/1-4 original approval),NOT_PROBED_NON_NME_ROW,https://www.accessdata.fda.gov/scripts/cder/daf/index.cfm?event=overview.process&varApplNo=017011,https://api.fda.gov/drug/drugsfda.json?search=application_number:%22NDA017011%22,Payload-verified; no per-row live probe issued for non-NME rows (cross-checked against the full Drugs@FDA database instead),"Row of the complete 1965-1976 original-application audit (v21): every ORIG/AP row of the committed SHA-verified payloads; facts verbatim from the payload; no ticker, indication or applicant lineage asserted."
PRE1980AUDIT-1973-21,1973,NDA017247,NDA,1973-06-14,TYPE 1,Type 1 - New Molecular Entity,STANDARD,TRUE,NME (Type 1),NOVARTIS,Sanorex,MAZINDOL 1MG **Federal Register determination that product was not discontinued or withdrawn for safety or effectiveness reasons**,TABLET; ORAL,2,Discontinued,first-in-payloads (1939-1979 universe),first appearance in the 1939-1979 payload universe,PRE1980-1973-04,MATCH,https://www.accessdata.fda.gov/scripts/cder/daf/index.cfm?event=overview.process&varApplNo=017247,https://api.fda.gov/drug/drugsfda.json?search=application_number:%22NDA017247%22,Verified (live probe match),"Row of the complete 1965-1976 original-application audit (v21): every ORIG/AP row of the committed SHA-verified payloads; facts verbatim from the payload; no ticker, indication or applicant lineage asserted."
PRE1980AUDIT-1973-22,1973,NDA017468,NDA,1973-07-10,TYPE 5,Type 5 - New Formulation or New Manufacturer,STANDARD,FALSE,Type 5 - New Formulation or New Manufacturer,HARROW EYE,ECONOPRED,PREDNISOLONE ACETATE 0.125%,SUSPENSION/DROPS; OPHTHALMIC,1,Discontinued,PREDNISOLONE ACETATE first 1955-05-22 on NDA010255,non-NME row: earlier appearances permitted by construction; see ingredient_first_appearance,none (not a Type 1/1-4 original approval),NOT_PROBED_NON_NME_ROW,https://www.accessdata.fda.gov/scripts/cder/daf/index.cfm?event=overview.process&varApplNo=017468,https://api.fda.gov/drug/drugsfda.json?search=application_number:%22NDA017468%22,Payload-verified; no per-row live probe issued for non-NME rows (cross-checked against the full Drugs@FDA database instead),"Row of the complete 1965-1976 original-application audit (v21): every ORIG/AP row of the committed SHA-verified payloads; facts verbatim from the payload; no ticker, indication or applicant lineage asserted."
PRE1980AUDIT-1973-23,1973,NDA017469,NDA,1973-07-10,TYPE 5,Type 5 - New Formulation or New Manufacturer,STANDARD,FALSE,Type 5 - New Formulation or New Manufacturer,SANDOZ,OMNIPRED,PREDNISOLONE ACETATE 1%,SUSPENSION/DROPS; OPHTHALMIC,1,Prescription,PREDNISOLONE ACETATE first 1955-05-22 on NDA010255,non-NME row: earlier appearances permitted by construction; see ingredient_first_appearance,none (not a Type 1/1-4 original approval),NOT_PROBED_NON_NME_ROW,https://www.accessdata.fda.gov/scripts/cder/daf/index.cfm?event=overview.process&varApplNo=017469,https://api.fda.gov/drug/drugsfda.json?search=application_number:%22NDA017469%22,Payload-verified; no per-row live probe issued for non-NME rows (cross-checked against the full Drugs@FDA database instead),"Row of the complete 1965-1976 original-application audit (v21): every ORIG/AP row of the committed SHA-verified payloads; facts verbatim from the payload; no ticker, indication or applicant lineage asserted."
PRE1980AUDIT-1973-24,1973,NDA017376,NDA,1973-07-30,TYPE 1/4,Type 1 - New Molecular Entity and Type 4 - New Combination,PRIORITY,TRUE,NME + new combination (Type 1/4),MONARCH PHARMS,Septra,SULFAMETHOXAZOLE 400MG; TRIMETHOPRIM 80MG,TABLET; ORAL,2,Discontinued,SULFAMETHOXAZOLE first 1965-07-01 on NDA013664,adjudicated earlier appearance (combination component or same-ingredient sibling application); see the decision row notes,PRE1980-1973-05,MATCH,https://www.accessdata.fda.gov/scripts/cder/daf/index.cfm?event=overview.process&varApplNo=017376,https://api.fda.gov/drug/drugsfda.json?search=application_number:%22NDA017376%22,Verified (live probe match),"Row of the complete 1965-1976 original-application audit (v21): every ORIG/AP row of the committed SHA-verified payloads; facts verbatim from the payload; no ticker, indication or applicant lineage asserted."
PRE1980AUDIT-1973-25,1973,NDA017377,NDA,1973-07-30,TYPE 5,Type 5 - New Formulation or New Manufacturer,STANDARD,FALSE,Type 5 - New Formulation or New Manufacturer,SUN PHARM INDUSTRIES,BACTRIM,SULFAMETHOXAZOLE 400MG; TRIMETHOPRIM 80MG,TABLET; ORAL,2,Prescription,2 ingredients first seen earlier (earliest 1965-07-01 on NDA013664),non-NME row: earlier appearances permitted by construction; see ingredient_first_appearance,none (not a Type 1/1-4 original approval),NOT_PROBED_NON_NME_ROW,https://www.accessdata.fda.gov/scripts/cder/daf/index.cfm?event=overview.process&varApplNo=017377,https://api.fda.gov/drug/drugsfda.json?search=application_number:%22NDA017377%22,Payload-verified; no per-row live probe issued for non-NME rows (cross-checked against the full Drugs@FDA database instead),"Row of the complete 1965-1976 original-application audit (v21): every ORIG/AP row of the committed SHA-verified payloads; facts verbatim from the payload; no ticker, indication or applicant lineage asserted."
PRE1980AUDIT-1973-26,1973,NDA016402,NDA,1973-07-31,TYPE 1,Type 1 - New Molecular Entity,PRIORITY,TRUE,NME (Type 1),BOEHRINGER INGELHEIM,Alupent,METAPROTERENOL SULFATE 0.65MG/INH,"AEROSOL, METERED; INHALATION",1,Discontinued,first-in-payloads (1939-1979 universe),first appearance in the 1939-1979 payload universe,PRE1980-1973-06,MATCH,https://www.accessdata.fda.gov/scripts/cder/daf/index.cfm?event=overview.process&varApplNo=016402,https://api.fda.gov/drug/drugsfda.json?search=application_number:%22NDA016402%22,Verified (live probe match),"Row of the complete 1965-1976 original-application audit (v21): every ORIG/AP row of the committed SHA-verified payloads; facts verbatim from the payload; no ticker, indication or applicant lineage asserted."
PRE1980AUDIT-1973-27,1973,NDA050443,NDA,1973-07-31,TYPE 1,Type 1 - New Molecular Entity,UNKNOWN,TRUE,NME (Type 1),BRISTOL MYERS SQUIBB,Blenoxane,BLEOMYCIN SULFATE EQ 15 UNITS BASE/VIAL **Federal Register determination that product was not discontinued or withdrawn for safety or effectiveness reasons**,INJECTABLE; INJECTION,2,Discontinued,first-in-payloads (1939-1979 universe),first appearance in the 1939-1979 payload universe,PRE1980-1973-07,MATCH,https://www.accessdata.fda.gov/scripts/cder/daf/index.cfm?event=overview.process&varApplNo=050443,https://api.fda.gov/drug/drugsfda.json?search=application_number:%22NDA050443%22,Verified (live probe match),"Row of the complete 1965-1976 original-application audit (v21): every ORIG/AP row of the committed SHA-verified payloads; facts verbatim from the payload; no ticker, indication or applicant lineage asserted."
PRE1980AUDIT-1973-28,1973,NDA016640,NDA,1973-08-03,TYPE 3,Type 3 - New Dosage Form,STANDARD,FALSE,Type 3 - New Dosage Form,BRISTOL MYERS,QUESTRAN,CHOLESTYRAMINE EQ 4GM RESIN/SCOOPFUL **Federal Register determination that product was not discontinued or withdrawn for safety or effectiveness reasons**,POWDER; ORAL,2,Discontinued,first-in-payloads (1939-1979 universe),non-NME row: earlier appearances permitted by construction; see ingredient_first_appearance,none (not a Type 1/1-4 original approval),NOT_PROBED_NON_NME_ROW,https://www.accessdata.fda.gov/scripts/cder/daf/index.cfm?event=overview.process&varApplNo=016640,https://api.fda.gov/drug/drugsfda.json?search=application_number:%22NDA016640%22,Payload-verified; no per-row live probe issued for non-NME rows (cross-checked against the full Drugs@FDA database instead),"Row of the complete 1965-1976 original-application audit (v21): every ORIG/AP row of the committed SHA-verified payloads; facts verbatim from the payload; no ticker, indication or applicant lineage asserted."
PRE1980AUDIT-1973-29,1973,NDA017352,NDA,1973-08-14,TYPE 3,Type 3 - New Dosage Form,STANDARD,FALSE,Type 3 - New Dosage Form,GLAXOSMITHKLINE,FASTIN,PHENTERMINE HYDROCHLORIDE 30MG **Federal Register determination that product was not discontinued or withdrawn for safety or effectiveness reasons**,CAPSULE; ORAL,1,Discontinued,first-in-payloads (1939-1979 universe),non-NME row: earlier appearances permitted by construction; see ingredient_first_appearance,none (not a Type 1/1-4 original approval),NOT_PROBED_NON_NME_ROW,https://www.accessdata.fda.gov/scripts/cder/daf/index.cfm?event=overview.process&varApplNo=017352,https://api.fda.gov/drug/drugsfda.json?search=application_number:%22NDA017352%22,Payload-verified; no per-row live probe issued for non-NME rows (cross-checked against the full Drugs@FDA database instead),"Row of the complete 1965-1976 original-application audit (v21): every ORIG/AP row of the committed SHA-verified payloads; facts verbatim from the payload; no ticker, indication or applicant lineage asserted."
PRE1980AUDIT-1973-30,1973,NDA017398,NDA,1973-08-14,TYPE 5,Type 5 - New Formulation or New Manufacturer,STANDARD,FALSE,Type 5 - New Formulation or New Manufacturer,SANDOZ,REGONOL,PYRIDOSTIGMINE BROMIDE 5MG/ML,INJECTABLE; INJECTION,1,Prescription,PYRIDOSTIGMINE BROMIDE first 1955-04-06 on NDA009829,non-NME row: earlier appearances permitted by construction; see ingredient_first_appearance,none (not a Type 1/1-4 original approval),NOT_PROBED_NON_NME_ROW,https://www.accessdata.fda.gov/scripts/cder/daf/index.cfm?event=overview.process&varApplNo=017398,https://api.fda.gov/drug/drugsfda.json?search=application_number:%22NDA017398%22,Payload-verified; no per-row live probe issued for non-NME rows (cross-checked against the full Drugs@FDA database instead),"Row of the complete 1965-1976 original-application audit (v21): every ORIG/AP row of the committed SHA-verified payloads; facts verbatim from the payload; no ticker, indication or applicant lineage asserted."
PRE1980AUDIT-1973-31,1973,NDA013296,NDA,1973-08-20,TYPE 4,Type 4 - New Combination,STANDARD,FALSE,Type 4 - New Combination,3M,DUO-MEDIHALER,ISOPROTERENOL HYDROCHLORIDE 0.16MG/INH; PHENYLEPHRINE BITARTRATE 0.24MG/INH,"AEROSOL, METERED; INHALATION",1,Discontinued,ISOPROTERENOL HYDROCHLORIDE first 1948-02-19 on NDA006328,non-NME row: earlier appearances permitted by construction; see ingredient_first_appearance,none (not a Type 1/1-4 original approval),NOT_PROBED_NON_NME_ROW,https://www.accessdata.fda.gov/scripts/cder/daf/index.cfm?event=overview.process&varApplNo=013296,https://api.fda.gov/drug/drugsfda.json?search=application_number:%22NDA013296%22,Payload-verified; no per-row live probe issued for non-NME rows (cross-checked against the full Drugs@FDA database instead),"Row of the complete 1965-1976 original-application audit (v21): every ORIG/AP row of the committed SHA-verified payloads; facts verbatim from the payload; no ticker, indication or applicant lineage asserted."
PRE1980AUDIT-1973-32,1973,NDA016675,NDA,1973-09-06,TYPE 2,Type 2 - New Active Ingredient,STANDARD,FALSE,Type 2 - New Active Ingredient,MERCK,DECADRON-LA,DEXAMETHASONE ACETATE EQ 8MG BASE/ML **Federal Register determination that product was not discontinued or withdrawn for safety or effectiveness reasons**,INJECTABLE; INJECTION,1,Discontinued,first-in-payloads (1939-1979 universe),non-NME row: earlier appearances permitted by construction; see ingredient_first_appearance,none (not a Type 1/1-4 original approval),NOT_PROBED_NON_NME_ROW,https://www.accessdata.fda.gov/scripts/cder/daf/index.cfm?event=overview.process&varApplNo=016675,https://api.fda.gov/drug/drugsfda.json?search=application_number:%22NDA016675%22,Payload-verified; no per-row live probe issued for non-NME rows (cross-checked against the full Drugs@FDA database instead),"Row of the complete 1965-1976 original-application audit (v21): every ORIG/AP row of the committed SHA-verified payloads; facts verbatim from the payload; no ticker, indication or applicant lineage asserted."
PRE1980AUDIT-1973-33,1973,NDA017454,NDA,1973-09-28,TYPE 1,Type 1 - New Molecular Entity,PRIORITY,TRUE,NME (Type 1),MALLINCKRODT,Osteoscan,TECHNETIUM TC-99M ETIDRONATE KIT N/A,INJECTABLE; INJECTION,1,Discontinued,first-in-payloads (1939-1979 universe),first appearance in the 1939-1979 payload universe,PRE1980-1973-08,MATCH,https://www.accessdata.fda.gov/scripts/cder/daf/index.cfm?event=overview.process&varApplNo=017454,https://api.fda.gov/drug/drugsfda.json?search=application_number:%22NDA017454%22,Verified (live probe match),"Row of the complete 1965-1976 original-application audit (v21): every ORIG/AP row of the committed SHA-verified payloads; facts verbatim from the payload; no ticker, indication or applicant lineage asserted."
PRE1980AUDIT-1973-34,1973,NDA050461,NDA,1973-10-04,UNKNOWN,,UNKNOWN,FALSE,NOT PUBLISHED (blank class),GLAXOSMITHKLINE,ANCEF,CEFAZOLIN SODIUM EQ 10GM BASE/VIAL **Federal Register determination that product was not discontinued or withdrawn for safety or effectiveness reasons**,INJECTABLE; INJECTION,5,Discontinued,first-in-payloads (1939-1979 universe),non-NME row: earlier appearances permitted by construction; see ingredient_first_appearance,none (not a Type 1/1-4 original approval),NOT_PROBED_NON_NME_ROW,https://www.accessdata.fda.gov/scripts/cder/daf/index.cfm?event=overview.process&varApplNo=050461,https://api.fda.gov/drug/drugsfda.json?search=application_number:%22NDA050461%22,Payload-verified; no per-row live probe issued for non-NME rows (cross-checked against the full Drugs@FDA database instead),"Row of the complete 1965-1976 original-application audit (v21): every ORIG/AP row of the committed SHA-verified payloads; facts verbatim from the payload; no ticker, indication or applicant lineage asserted."
PRE1980AUDIT-1973-35,1973,NDA016211,NDA,1973-10-09,TYPE 1,Type 1 - New Molecular Entity,STANDARD,TRUE,NME (Type 1),NOVARTIS,Miochol,ACETYLCHOLINE CHLORIDE 20MG/VIAL **Federal Register determination that product was not discontinued or withdrawn for safety or effectiveness reasons**,FOR SOLUTION; OPHTHALMIC,1,Discontinued,first-in-payloads (1939-1979 universe),first appearance in the 1939-1979 payload universe,PRE1980-1973-09,MATCH,https://www.accessdata.fda.gov/scripts/cder/daf/index.cfm?event=overview.process&varApplNo=016211,https://api.fda.gov/drug/drugsfda.json?search=application_number:%22NDA016211%22,Verified (live probe match),"Row of the complete 1965-1976 original-application audit (v21): every ORIG/AP row of the committed SHA-verified payloads; facts verbatim from the payload; no ticker, indication or applicant lineage asserted."
PRE1980AUDIT-1973-36,1973,NDA050462,NDA,1973-10-16,TYPE 3,Type 3 - New Dosage Form,STANDARD,FALSE,Type 3 - New Dosage Form,WYETH AYERST,UNIPEN,NAFCILLIN SODIUM EQ 500MG BASE,TABLET; ORAL,1,Discontinued,NAFCILLIN SODIUM first 1965-10-11 on NDA050199,non-NME row: earlier appearances permitted by construction; see ingredient_first_appearance,none (not a Type 1/1-4 original approval),NOT_PROBED_NON_NME_ROW,https://www.accessdata.fda.gov/scripts/cder/daf/index.cfm?event=overview.process&varApplNo=050462,https://api.fda.gov/drug/drugsfda.json?search=application_number:%22NDA050462%22,Payload-verified; no per-row live probe issued for non-NME rows (cross-checked against the full Drugs@FDA database instead),"Row of the complete 1965-1976 original-application audit (v21): every ORIG/AP row of the committed SHA-verified payloads; facts verbatim from the payload; no ticker, indication or applicant lineage asserted."
PRE1980AUDIT-1973-37,1973,NDA017031,NDA,1973-10-23,TYPE 3,Type 3 - New Dosage Form,STANDARD,FALSE,Type 3 - New Dosage Form,LABORATOIRE HRA,OPILL,NORGESTREL 0.075MG,TABLET; ORAL,1,Over-the-counter,NORGESTREL first 1968-04-16 on NDA016672,non-NME row: earlier appearances permitted by construction; see ingredient_first_appearance,none (not a Type 1/1-4 original approval),NOT_PROBED_NON_NME_ROW,https://www.accessdata.fda.gov/scripts/cder/daf/index.cfm?event=overview.process&varApplNo=017031,https://api.fda.gov/drug/drugsfda.json?search=application_number:%22NDA017031%22,Payload-verified; no per-row live probe issued for non-NME rows (cross-checked against the full Drugs@FDA database instead),"Row of the complete 1965-1976 original-application audit (v21): every ORIG/AP row of the committed SHA-verified payloads; facts verbatim from the payload; no ticker, indication or applicant lineage asserted."
PRE1980AUDIT-1973-38,1973,NDA016847,NDA,1973-11-17,TYPE 2/4,Type 2 New Active Ingredient and Type 4 New Combination,STANDARD,FALSE,Type 2 New Active Ingredient and Type 4 New Combination,GE HEALTHCARE,ISOPAQUE 440,CALCIUM METRIZOATE 0.78MG/ML; MEGLUMINE METRIZOATE 75.9MG/ML; METRIZOATE MAGNESIUM 0.15MG/ML; METRIZOATE SODIUM 16.6MG/ML,INJECTABLE; INJECTION,1,Discontinued,first-in-payloads (1939-1979 universe),non-NME row: earlier appearances permitted by construction; see ingredient_first_appearance,none (not a Type 1/1-4 original approval),NOT_PROBED_NON_NME_ROW,https://www.accessdata.fda.gov/scripts/cder/daf/index.cfm?event=overview.process&varApplNo=016847,https://api.fda.gov/drug/drugsfda.json?search=application_number:%22NDA016847%22,Payload-verified; no per-row live probe issued for non-NME rows (cross-checked against the full Drugs@FDA database instead),"Row of the complete 1965-1976 original-application audit (v21): every ORIG/AP row of the committed SHA-verified payloads; facts verbatim from the payload; no ticker, indication or applicant lineage asserted."
PRE1980AUDIT-1973-39,1973,NDA017243,NDA,1973-11-23,TYPE 5,Type 5 - New Formulation or New Manufacturer,STANDARD,FALSE,Type 5 - New Formulation or New Manufacturer,CURIUM,ULTRA-TECHNEKOW V4,TECHNETIUM TC-99M SODIUM PERTECHNETATE GENERATOR 1-19 CI/GENERATOR,SOLUTION; INTRAVENOUS,2,Prescription,first-in-payloads (1939-1979 universe),non-NME row: earlier appearances permitted by construction; see ingredient_first_appearance,none (not a Type 1/1-4 original approval),NOT_PROBED_NON_NME_ROW,https://www.accessdata.fda.gov/scripts/cder/daf/index.cfm?event=overview.process&varApplNo=017243,https://api.fda.gov/drug/drugsfda.json?search=application_number:%22NDA017243%22,Payload-verified; no per-row live probe issued for non-NME rows (cross-checked against the full Drugs@FDA database instead),"Row of the complete 1965-1976 original-application audit (v21): every ORIG/AP row of the committed SHA-verified payloads; facts verbatim from the payload; no ticker, indication or applicant lineage asserted."
PRE1980AUDIT-1973-40,1973,NDA017381,NDA,1973-11-26,TYPE 2,Type 2 - New Active Ingredient,PRIORITY,FALSE,Type 2 - New Active Ingredient,KING PHARMS LLC,SILVADENE,SILVER SULFADIAZINE 1%,CREAM; TOPICAL,1,Prescription,first-in-payloads (1939-1979 universe),non-NME row: earlier appearances permitted by construction; see ingredient_first_appearance,none (not a Type 1/1-4 original approval),NOT_PROBED_NON_NME_ROW,https://www.accessdata.fda.gov/scripts/cder/daf/index.cfm?event=overview.process&varApplNo=017381,https://api.fda.gov/drug/drugsfda.json?search=application_number:%22NDA017381%22,Payload-verified; no per-row live probe issued for non-NME rows (cross-checked against the full Drugs@FDA database instead),"Row of the complete 1965-1976 original-application audit (v21): every ORIG/AP row of the committed SHA-verified payloads; facts verbatim from the payload; no ticker, indication or applicant lineage asserted."
PRE1980AUDIT-1973-41,1973,NDA017386,NDA,1973-11-27,TYPE 1,Type 1 - New Molecular Entity,STANDARD,TRUE,NME (Type 1),I3 PHARMS,Zaroxolyn,METOLAZONE 5MG **Federal Register determination that product was not discontinued or withdrawn for safety or effectiveness reasons**,TABLET; ORAL,3,Discontinued,first-in-payloads (1939-1979 universe),first appearance in the 1939-1979 payload universe,PRE1980-1973-10,MATCH,https://www.accessdata.fda.gov/scripts/cder/daf/index.cfm?event=overview.process&varApplNo=017386,https://api.fda.gov/drug/drugsfda.json?search=application_number:%22NDA017386%22,Verified (live probe match),"Row of the complete 1965-1976 original-application audit (v21): every ORIG/AP row of the committed SHA-verified payloads; facts verbatim from the payload; no ticker, indication or applicant lineage asserted."
PRE1980AUDIT-1973-42,1973,NDA016729,NDA,1973-12-17,TYPE 1,Type 1 - New Molecular Entity,PRIORITY,TRUE,NME (Type 1),MALLINCKRODT,Ferrous citrate Fe 59,"FERROUS CITRATE, FE-59 25uCi/ML",INJECTABLE; INJECTION,1,Discontinued,first-in-payloads (1939-1979 universe),first appearance in the 1939-1979 payload universe,PRE1980-1973-11,MATCH,https://www.accessdata.fda.gov/scripts/cder/daf/index.cfm?event=overview.process&varApplNo=016729,https://api.fda.gov/drug/drugsfda.json?search=application_number:%22NDA016729%22,Verified (live probe match),"Row of the complete 1965-1976 original-application audit (v21): every ORIG/AP row of the committed SHA-verified payloads; facts verbatim from the payload; no ticker, indication or applicant lineage asserted."
PRE1980AUDIT-1973-43,1973,NDA016730,NDA,1973-12-21,TYPE 5,Type 5 - New Formulation or New Manufacturer,STANDARD,FALSE,Type 5 - New Formulation or New Manufacturer,B BRAUN,DEXTROSE 5% IN PLASTIC CONTAINER,DEXTROSE 50MG/ML,INJECTABLE; INJECTION,2,Prescription,DEXTROSE first 1946-01-17 on NDA004589,non-NME row: earlier appearances permitted by construction; see ingredient_first_appearance,none (not a Type 1/1-4 original approval),NOT_PROBED_NON_NME_ROW,https://www.accessdata.fda.gov/scripts/cder/daf/index.cfm?event=overview.process&varApplNo=016730,https://api.fda.gov/drug/drugsfda.json?search=application_number:%22NDA016730%22,Payload-verified; no per-row live probe issued for non-NME rows (cross-checked against the full Drugs@FDA database instead),"Row of the complete 1965-1976 original-application audit (v21): every ORIG/AP row of the committed SHA-verified payloads; facts verbatim from the payload; no ticker, indication or applicant lineage asserted."
PRE1980AUDIT-1974-01,1974,NDA017494,NDA,1974-01-08,TYPE 5,Type 5 - New Formulation or New Manufacturer,STANDARD,FALSE,Type 5 - New Formulation or New Manufacturer,INSIGHT PHARMS,MONISTAT-DERM,MICONAZOLE NITRATE 2%,CREAM; TOPICAL,1,Discontinued,first-in-payloads (1939-1979 universe),non-NME row: earlier appearances permitted by construction; see ingredient_first_appearance,none (not a Type 1/1-4 original approval),NOT_PROBED_NON_NME_ROW,https://www.accessdata.fda.gov/scripts/cder/daf/index.cfm?event=overview.process&varApplNo=017494,https://api.fda.gov/drug/drugsfda.json?search=application_number:%22NDA017494%22,Payload-verified; no per-row live probe issued for non-NME rows (cross-checked against the full Drugs@FDA database instead),"Row of the complete 1965-1976 original-application audit (v21): every ORIG/AP row of the committed SHA-verified payloads; facts verbatim from the payload; no ticker, indication or applicant lineage asserted."
PRE1980AUDIT-1974-02,1974,BLA017016,BLA,1974-01-15,TYPE 5,Type 5 - New Formulation or New Manufacturer,STANDARD,FALSE,Type 5 - New Formulation or New Manufacturer,FERRING,CHORIONIC GONADOTROPIN,"GONADOTROPIN, CHORIONIC 2,000 UNITS/VIAL",INJECTABLE; INJECTION,6,Discontinued,"GONADOTROPIN, CHORIONIC first 1973-03-05 on BLA017067",non-NME row: earlier appearances permitted by construction; see ingredient_first_appearance,none (not a Type 1/1-4 original approval),NOT_PROBED_NON_NME_ROW,https://www.accessdata.fda.gov/scripts/cder/daf/index.cfm?event=overview.process&varApplNo=017016,https://api.fda.gov/drug/drugsfda.json?search=application_number:%22BLA017016%22,Payload-verified; no per-row live probe issued for non-NME rows (cross-checked against the full Drugs@FDA database instead),"Row of the complete 1965-1976 original-application audit (v21): every ORIG/AP row of the committed SHA-verified payloads; facts verbatim from the payload; no ticker, indication or applicant lineage asserted."
PRE1980AUDIT-1974-03,1974,NDA017443,NDA,1974-01-15,TYPE 1,Type 1 - New Molecular Entity,PRIORITY,TRUE,NME (Type 1),PH HEALTH,Dantrium,DANTROLENE SODIUM 50MG,CAPSULE; ORAL,3,Prescription,first-in-payloads (1939-1979 universe),first appearance in the 1939-1979 payload universe,PRE1980-1974-01,MATCH,https://www.accessdata.fda.gov/scripts/cder/daf/index.cfm?event=overview.process&varApplNo=017443,https://api.fda.gov/drug/drugsfda.json?search=application_number:%22NDA017443%22,Verified (live probe match),"Row of the complete 1965-1976 original-application audit (v21): every ORIG/AP row of the committed SHA-verified payloads; facts verbatim from the payload; no ticker, indication or applicant lineage asserted."
PRE1980AUDIT-1974-04,1974,NDA017111,NDA,1974-01-18,TYPE 1,Type 1 - New Molecular Entity,STANDARD,TRUE,NME (Type 1),CHARTWELL RX,Moban,MOLINDONE HYDROCHLORIDE 50MG **Federal Register determination that product was not discontinued or withdrawn for safety or effectiveness reasons**,TABLET; ORAL,8,Discontinued,first-in-payloads (1939-1979 universe),first appearance in the 1939-1979 payload universe,PRE1980-1974-02,MATCH,https://www.accessdata.fda.gov/scripts/cder/daf/index.cfm?event=overview.process&varApplNo=017111,https://api.fda.gov/drug/drugsfda.json?search=application_number:%22NDA017111%22,Verified (live probe match),"Row of the complete 1965-1976 original-application audit (v21): every ORIG/AP row of the committed SHA-verified payloads; facts verbatim from the payload; no ticker, indication or applicant lineage asserted."
PRE1980AUDIT-1974-05,1974,NDA050459,NDA,1974-01-18,TYPE 1,Type 1 - New Molecular Entity,PRIORITY,TRUE,NME (Type 1),GLAXOSMITHKLINE,Amoxil,AMOXICILLIN 500MG **Federal Register determination that product was not discontinued or withdrawn for safety or effectiveness reasons**,CAPSULE; ORAL,2,Discontinued,first-in-payloads (1939-1979 universe),first appearance in the 1939-1979 payload universe,PRE1980-1974-03,MATCH,https://www.accessdata.fda.gov/scripts/cder/daf/index.cfm?event=overview.process&varApplNo=050459,https://api.fda.gov/drug/drugsfda.json?search=application_number:%22NDA050459%22,Verified (live probe match),"Row of the complete 1965-1976 original-application audit (v21): every ORIG/AP row of the committed SHA-verified payloads; facts verbatim from the payload; no ticker, indication or applicant lineage asserted."
PRE1980AUDIT-1974-06,1974,NDA050460,NDA,1974-01-18,TYPE 3,Type 3 - New Dosage Form,PRIORITY,FALSE,Type 3 - New Dosage Form,GLAXOSMITHKLINE,AMOXIL,AMOXICILLIN 125MG/5ML **Federal Register determination that product was not discontinued or withdrawn for safety or effectiveness reasons**,FOR SUSPENSION; ORAL,4,Discontinued,AMOXICILLIN first 1974-01-18 on NDA050459,non-NME row: earlier appearances permitted by construction; see ingredient_first_appearance,none (not a Type 1/1-4 original approval),NOT_PROBED_NON_NME_ROW,https://www.accessdata.fda.gov/scripts/cder/daf/index.cfm?event=overview.process&varApplNo=050460,https://api.fda.gov/drug/drugsfda.json?search=application_number:%22NDA050460%22,Payload-verified; no per-row live probe issued for non-NME rows (cross-checked against the full Drugs@FDA database instead),"Row of the complete 1965-1976 original-application audit (v21): every ORIG/AP row of the committed SHA-verified payloads; facts verbatim from the payload; no ticker, indication or applicant lineage asserted."
PRE1980AUDIT-1974-07,1974,NDA017063,NDA,1974-01-30,TYPE 2,Type 2 - New Active Ingredient,STANDARD,FALSE,Type 2 - New Active Ingredient,ALCON,ISMOTIC,ISOSORBIDE 100GM/220ML,SOLUTION; ORAL,1,Discontinued,first-in-payloads (1939-1979 universe),non-NME row: earlier appearances permitted by construction; see ingredient_first_appearance,none (not a Type 1/1-4 original approval),NOT_PROBED_NON_NME_ROW,https://www.accessdata.fda.gov/scripts/cder/daf/index.cfm?event=overview.process&varApplNo=017063,https://api.fda.gov/drug/drugsfda.json?search=application_number:%22NDA017063%22,Payload-verified; no per-row live probe issued for non-NME rows (cross-checked against the full Drugs@FDA database instead),"Row of the complete 1965-1976 original-application audit (v21): every ORIG/AP row of the committed SHA-verified payloads; facts verbatim from the payload; no ticker, indication or applicant lineage asserted."
PRE1980AUDIT-1974-08,1974,NDA017450,NDA,1974-01-30,TYPE 1,Type 1 - New Molecular Entity,STANDARD,TRUE,NME (Type 1),MEDTECH PRODUCTS,Monistat 7,MICONAZOLE NITRATE 2%,CREAM; VAGINAL,1,Over-the-counter,MICONAZOLE NITRATE first 1974-01-08 on NDA017494,adjudicated earlier appearance (combination component or same-ingredient sibling application); see the decision row notes,PRE1980-1974-04,MATCH,https://www.accessdata.fda.gov/scripts/cder/daf/index.cfm?event=overview.process&varApplNo=017450,https://api.fda.gov/drug/drugsfda.json?search=application_number:%22NDA017450%22,Verified (live probe match),"Row of the complete 1965-1976 original-application audit (v21): every ORIG/AP row of the committed SHA-verified payloads; facts verbatim from the payload; no ticker, indication or applicant lineage asserted."
PRE1980AUDIT-1974-09,1974,NDA017279,NDA,1974-02-12,TYPE 5,Type 5 - New Formulation or New Manufacturer,STANDARD,FALSE,Type 5 - New Formulation or New Manufacturer,ISOTEX,GLOFIL-125,IOTHALAMATE SODIUM I-125 250-300uCi/ML,INJECTABLE; INJECTION,1,Prescription,first-in-payloads (1939-1979 universe),non-NME row: earlier appearances permitted by construction; see ingredient_first_appearance,none (not a Type 1/1-4 original approval),NOT_PROBED_NON_NME_ROW,https://www.accessdata.fda.gov/scripts/cder/daf/index.cfm?event=overview.process&varApplNo=017279,https://api.fda.gov/drug/drugsfda.json?search=application_number:%22NDA017279%22,Payload-verified; no per-row live probe issued for non-NME rows (cross-checked against the full Drugs@FDA database instead),"Row of the complete 1965-1976 original-application audit (v21): every ORIG/AP row of the committed SHA-verified payloads; facts verbatim from the payload; no ticker, indication or applicant lineage asserted."
PRE1980AUDIT-1974-10,1974,NDA017264,NDA,1974-02-14,TYPE 5,Type 5 - New Formulation or New Manufacturer,STANDARD,FALSE,Type 5 - New Formulation or New Manufacturer,GE HEALTHCARE,TECHNETIUM TC-99M PENTETATE KIT,TECHNETIUM TC-99M PENTETATE KIT N/A,INJECTABLE; INJECTION,1,Discontinued,first-in-payloads (1939-1979 universe),non-NME row: earlier appearances permitted by construction; see ingredient_first_appearance,none (not a Type 1/1-4 original approval),NOT_PROBED_NON_NME_ROW,https://www.accessdata.fda.gov/scripts/cder/daf/index.cfm?event=overview.process&varApplNo=017264,https://api.fda.gov/drug/drugsfda.json?search=application_number:%22NDA017264%22,Payload-verified; no per-row live probe issued for non-NME rows (cross-checked against the full Drugs@FDA database instead),"Row of the complete 1965-1976 original-application audit (v21): every ORIG/AP row of the committed SHA-verified payloads; facts verbatim from the payload; no ticker, indication or applicant lineage asserted."
PRE1980AUDIT-1974-11,1974,NDA017395,NDA,1974-02-25,TYPE 1,Type 1 - New Molecular Entity,PRIORITY,TRUE,NME (Type 1),HOSPIRA,Intropin,DOPAMINE HYDROCHLORIDE 160MG/ML,INJECTABLE; INJECTION,3,Discontinued,first-in-payloads (1939-1979 universe),first appearance in the 1939-1979 payload universe,PRE1980-1974-05,MATCH,https://www.accessdata.fda.gov/scripts/cder/daf/index.cfm?event=overview.process&varApplNo=017395,https://api.fda.gov/drug/drugsfda.json?search=application_number:%22NDA017395%22,Verified (live probe match),"Row of the complete 1965-1976 original-application audit (v21): every ORIG/AP row of the committed SHA-verified payloads; facts verbatim from the payload; no ticker, indication or applicant lineage asserted."
PRE1980AUDIT-1974-12,1974,NDA017371,NDA,1974-02-28,TYPE 3,Type 3 - New Dosage Form,STANDARD,FALSE,Type 3 - New Dosage Form,APOTHECON,PRONESTYL,PROCAINAMIDE HYDROCHLORIDE 375MG,TABLET; ORAL,3,Discontinued,PROCAINAMIDE HYDROCHLORIDE first 1950-06-02 on NDA007335,non-NME row: earlier appearances permitted by construction; see ingredient_first_appearance,none (not a Type 1/1-4 original approval),NOT_PROBED_NON_NME_ROW,https://www.accessdata.fda.gov/scripts/cder/daf/index.cfm?event=overview.process&varApplNo=017371,https://api.fda.gov/drug/drugsfda.json?search=application_number:%22NDA017371%22,Payload-verified; no per-row live probe issued for non-NME rows (cross-checked against the full Drugs@FDA database instead),"Row of the complete 1965-1976 original-application audit (v21): every ORIG/AP row of the committed SHA-verified payloads; facts verbatim from the payload; no ticker, indication or applicant lineage asserted."
PRE1980AUDIT-1974-13,1974,NDA017516,NDA,1974-03-11,TYPE 3,Type 3 - New Dosage Form,STANDARD,FALSE,Type 3 - New Dosage Form,PFIZER,SINEQUAN,DOXEPIN HYDROCHLORIDE EQ 10MG BASE/ML **Federal Register determination that product was not discontinued or withdrawn for safety or effectiveness reasons**,CONCENTRATE; ORAL,1,Discontinued,DOXEPIN HYDROCHLORIDE first 1969-09-23 on NDA016798,non-NME row: earlier appearances permitted by construction; see ingredient_first_appearance,none (not a Type 1/1-4 original approval),NOT_PROBED_NON_NME_ROW,https://www.accessdata.fda.gov/scripts/cder/daf/index.cfm?event=overview.process&varApplNo=017516,https://api.fda.gov/drug/drugsfda.json?search=application_number:%22NDA017516%22,Payload-verified; no per-row live probe issued for non-NME rows (cross-checked against the full Drugs@FDA database instead),"Row of the complete 1965-1976 original-application audit (v21): every ORIG/AP row of the committed SHA-verified payloads; facts verbatim from the payload; no ticker, indication or applicant lineage asserted."
PRE1980AUDIT-1974-14,1974,NDA016820,NDA,1974-03-12,TYPE 1,Type 1 - New Molecular Entity,STANDARD,TRUE,NME (Type 1),PFIZER,Emete-Con,BENZQUINAMIDE HYDROCHLORIDE EQ 50MG BASE/VIAL,INJECTABLE; INJECTION,1,Discontinued,first-in-payloads (1939-1979 universe),first appearance in the 1939-1979 payload universe,PRE1980-1974-06,MATCH,https://www.accessdata.fda.gov/scripts/cder/daf/index.cfm?event=overview.process&varApplNo=016820,https://api.fda.gov/drug/drugsfda.json?search=application_number:%22NDA016820%22,Verified (live probe match),"Row of the complete 1965-1976 original-application audit (v21): every ORIG/AP row of the committed SHA-verified payloads; facts verbatim from the payload; no ticker, indication or applicant lineage asserted."
PRE1980AUDIT-1974-15,1974,NDA050344,NDA,1974-03-12,TYPE 5,Type 5 - New Formulation or New Manufacturer,STANDARD,FALSE,Type 5 - New Formulation or New Manufacturer,ALCON,STATROL,"NEOMYCIN SULFATE EQ 3.5MG BASE/GM; POLYMYXIN B SULFATE 10,000 UNITS/GM",OINTMENT; OPHTHALMIC,1,Discontinued,2 ingredients first seen earlier (earliest 1957-03-26 on NDA050168),non-NME row: earlier appearances permitted by construction; see ingredient_first_appearance,none (not a Type 1/1-4 original approval),NOT_PROBED_NON_NME_ROW,https://www.accessdata.fda.gov/scripts/cder/daf/index.cfm?event=overview.process&varApplNo=050344,https://api.fda.gov/drug/drugsfda.json?search=application_number:%22NDA050344%22,Payload-verified; no per-row live probe issued for non-NME rows (cross-checked against the full Drugs@FDA database instead),"Row of the complete 1965-1976 original-application audit (v21): every ORIG/AP row of the committed SHA-verified payloads; facts verbatim from the payload; no ticker, indication or applicant lineage asserted."
PRE1980AUDIT-1974-16,1974,NDA050456,NDA,1974-03-12,TYPE 5,Type 5 - New Formulation or New Manufacturer,STANDARD,FALSE,Type 5 - New Formulation or New Manufacturer,ALCON,STATROL,"NEOMYCIN SULFATE EQ 3.5MG BASE/ML; POLYMYXIN B SULFATE 16,250 UNITS/ML",SOLUTION/DROPS; OPHTHALMIC,1,Discontinued,2 ingredients first seen earlier (earliest 1957-03-26 on NDA050168),non-NME row: earlier appearances permitted by construction; see ingredient_first_appearance,none (not a Type 1/1-4 original approval),NOT_PROBED_NON_NME_ROW,https://www.accessdata.fda.gov/scripts/cder/daf/index.cfm?event=overview.process&varApplNo=050456,https://api.fda.gov/drug/drugsfda.json?search=application_number:%22NDA050456%22,Payload-verified; no per-row live probe issued for non-NME rows (cross-checked against the full Drugs@FDA database instead),"Row of the complete 1965-1976 original-application audit (v21): every ORIG/AP row of the committed SHA-verified payloads; facts verbatim from the payload; no ticker, indication or applicant lineage asserted."
PRE1980AUDIT-1974-17,1974,NDA017466,NDA,1974-03-25,TYPE 1,Type 1 - New Molecular Entity,PRIORITY,TRUE,NME (Type 1),SANOFI AVENTIS US,Bricanyl,TERBUTALINE SULFATE 1MG/ML,INJECTABLE; INJECTION,1,Discontinued,first-in-payloads (1939-1979 universe),first appearance in the 1939-1979 payload universe,PRE1980-1974-07,MATCH,https://www.accessdata.fda.gov/scripts/cder/daf/index.cfm?event=overview.process&varApplNo=017466,https://api.fda.gov/drug/drugsfda.json?search=application_number:%22NDA017466%22,Verified (live probe match),"Row of the complete 1965-1976 original-application audit (v21): every ORIG/AP row of the committed SHA-verified payloads; facts verbatim from the payload; no ticker, indication or applicant lineage asserted."
PRE1980AUDIT-1974-18,1974,BLA017054,BLA,1974-03-26,TYPE 5,Type 5 - New Formulation or New Manufacturer,STANDARD,FALSE,Type 5 - New Formulation or New Manufacturer,BEL MAR,CHORIONIC GONADOTROPIN,"GONADOTROPIN, CHORIONIC 10,000 UNITS/VIAL",INJECTABLE; INJECTION,2,Discontinued,"GONADOTROPIN, CHORIONIC first 1973-03-05 on BLA017067",non-NME row: earlier appearances permitted by construction; see ingredient_first_appearance,none (not a Type 1/1-4 original approval),NOT_PROBED_NON_NME_ROW,https://www.accessdata.fda.gov/scripts/cder/daf/index.cfm?event=overview.process&varApplNo=017054,https://api.fda.gov/drug/drugsfda.json?search=application_number:%22BLA017054%22,Payload-verified; no per-row live probe issued for non-NME rows (cross-checked against the full Drugs@FDA database instead),"Row of the complete 1965-1976 original-application audit (v21): every ORIG/AP row of the committed SHA-verified payloads; facts verbatim from the payload; no ticker, indication or applicant lineage asserted."
PRE1980AUDIT-1974-19,1974,NDA017513,NDA,1974-04-08,TYPE 5,Type 5 - New Formulation or New Manufacturer,STANDARD,FALSE,Type 5 - New Formulation or New Manufacturer,OTSUKA ICU MEDCL,STERILE WATER IN PLASTIC CONTAINER,STERILE WATER FOR IRRIGATION 100%,LIQUID; IRRIGATION,1,Prescription,STERILE WATER FOR IRRIGATION first 1970-09-10 on NDA016734,non-NME row: earlier appearances permitted by construction; see ingredient_first_appearance,none (not a Type 1/1-4 original approval),NOT_PROBED_NON_NME_ROW,https://www.accessdata.fda.gov/scripts/cder/daf/index.cfm?event=overview.process&varApplNo=017513,https://api.fda.gov/drug/drugsfda.json?search=application_number:%22NDA017513%22,Payload-verified; no per-row live probe issued for non-NME rows (cross-checked against the full Drugs@FDA database instead),"Row of the complete 1965-1976 original-application audit (v21): every ORIG/AP row of the committed SHA-verified payloads; facts verbatim from the payload; no ticker, indication or applicant lineage asserted."
PRE1980AUDIT-1974-20,1974,NDA017514,NDA,1974-04-08,TYPE 5,Type 5 - New Formulation or New Manufacturer,STANDARD,FALSE,Type 5 - New Formulation or New Manufacturer,OTSUKA ICU MEDCL,SODIUM CHLORIDE 0.9% IN PLASTIC CONTAINER,SODIUM CHLORIDE 900MG/100ML,SOLUTION; IRRIGATION,1,Prescription,SODIUM CHLORIDE first 1965-12-16 on NDA013025,non-NME row: earlier appearances permitted by construction; see ingredient_first_appearance,none (not a Type 1/1-4 original approval),NOT_PROBED_NON_NME_ROW,https://www.accessdata.fda.gov/scripts/cder/daf/index.cfm?event=overview.process&varApplNo=017514,https://api.fda.gov/drug/drugsfda.json?search=application_number:%22NDA017514%22,Payload-verified; no per-row live probe issued for non-NME rows (cross-checked against the full Drugs@FDA database instead),"Row of the complete 1965-1976 original-application audit (v21): every ORIG/AP row of the committed SHA-verified payloads; facts verbatim from the payload; no ticker, indication or applicant lineage asserted."
PRE1980AUDIT-1974-21,1974,NDA017441,NDA,1974-04-29,TYPE 5,Type 5 - New Formulation or New Manufacturer,PRIORITY,FALSE,Type 5 - New Formulation or New Manufacturer,ALLERGAN,INFED,IRON DEXTRAN EQ 100MG IRON/2ML (EQ 50MG IRON/ML),INJECTABLE; INJECTION,1,Prescription,IRON DEXTRAN first 1957-04-25 on NDA010787,non-NME row: earlier appearances permitted by construction; see ingredient_first_appearance,none (not a Type 1/1-4 original approval),NOT_PROBED_NON_NME_ROW,https://www.accessdata.fda.gov/scripts/cder/daf/index.cfm?event=overview.process&varApplNo=017441,https://api.fda.gov/drug/drugsfda.json?search=application_number:%22NDA017441%22,Payload-verified; no per-row live probe issued for non-NME rows (cross-checked against the full Drugs@FDA database instead),"Row of the complete 1965-1976 original-application audit (v21): every ORIG/AP row of the committed SHA-verified payloads; facts verbatim from the payload; no ticker, indication or applicant lineage asserted."
PRE1980AUDIT-1974-22,1974,NDA017506,NDA,1974-04-30,TYPE 4,Type 4 - New Combination,STANDARD,FALSE,Type 4 - New Combination,GE HEALTHCARE,ISOPAQUE 280,CALCIUM 0.35MG/ML; MEGLUMINE 140.1MG/ML; METRIZOIC ACID 461.8MG/ML,INJECTABLE; INJECTION,1,Discontinued,first-in-payloads (1939-1979 universe),non-NME row: earlier appearances permitted by construction; see ingredient_first_appearance,none (not a Type 1/1-4 original approval),NOT_PROBED_NON_NME_ROW,https://www.accessdata.fda.gov/scripts/cder/daf/index.cfm?event=overview.process&varApplNo=017506,https://api.fda.gov/drug/drugsfda.json?search=application_number:%22NDA017506%22,Payload-verified; no per-row live probe issued for non-NME rows (cross-checked against the full Drugs@FDA database instead),"Row of the complete 1965-1976 original-application audit (v21): every ORIG/AP row of the committed SHA-verified payloads; facts verbatim from the payload; no ticker, indication or applicant lineage asserted."
PRE1980AUDIT-1974-23,1974,NDA017546,NDA,1974-05-10,TYPE 1,Type 1 - New Molecular Entity,PRIORITY,TRUE,NME (Type 1),ROCHE,Nipride,SODIUM NITROPRUSSIDE 50MG/VIAL,INJECTABLE; INJECTION,1,Discontinued,first-in-payloads (1939-1979 universe),first appearance in the 1939-1979 payload universe,PRE1980-1974-08,MATCH,https://www.accessdata.fda.gov/scripts/cder/daf/index.cfm?event=overview.process&varApplNo=017546,https://api.fda.gov/drug/drugsfda.json?search=application_number:%22NDA017546%22,Verified (live probe match),"Row of the complete 1965-1976 original-application audit (v21): every ORIG/AP row of the committed SHA-verified payloads; facts verbatim from the payload; no ticker, indication or applicant lineage asserted."
PRE1980AUDIT-1974-24,1974,NDA015874,NDA,1974-05-13,TYPE 3,Type 3 - New Dosage Form,PRIORITY,FALSE,Type 3 - New Dosage Form,BOEHRINGER INGELHEIM,ALUPENT,METAPROTERENOL SULFATE 20MG,TABLET; ORAL,2,Discontinued,METAPROTERENOL SULFATE first 1973-07-31 on NDA016402,non-NME row: earlier appearances permitted by construction; see ingredient_first_appearance,none (not a Type 1/1-4 original approval),NOT_PROBED_NON_NME_ROW,https://www.accessdata.fda.gov/scripts/cder/daf/index.cfm?event=overview.process&varApplNo=015874,https://api.fda.gov/drug/drugsfda.json?search=application_number:%22NDA015874%22,Payload-verified; no per-row live probe issued for non-NME rows (cross-checked against the full Drugs@FDA database instead),"Row of the complete 1965-1976 original-application audit (v21): every ORIG/AP row of the committed SHA-verified payloads; facts verbatim from the payload; no ticker, indication or applicant lineage asserted."
PRE1980AUDIT-1974-25,1974,NDA011958,NDA,1974-05-16,TYPE 5,Type 5 - New Formulation or New Manufacturer,STANDARD,FALSE,Type 5 - New Formulation or New Manufacturer,MERCK,HYDROPRES 25,HYDROCHLOROTHIAZIDE 25MG; RESERPINE 0.125MG,TABLET; ORAL,2,Discontinued,2 ingredients first seen earlier (earliest 1959-02-12 on NDA011793),non-NME row: earlier appearances permitted by construction; see ingredient_first_appearance,none (not a Type 1/1-4 original approval),NOT_PROBED_NON_NME_ROW,https://www.accessdata.fda.gov/scripts/cder/daf/index.cfm?event=overview.process&varApplNo=011958,https://api.fda.gov/drug/drugsfda.json?search=application_number:%22NDA011958%22,Payload-verified; no per-row live probe issued for non-NME rows (cross-checked against the full Drugs@FDA database instead),"Row of the complete 1965-1976 original-application audit (v21): every ORIG/AP row of the committed SHA-verified payloads; facts verbatim from the payload; no ticker, indication or applicant lineage asserted."
PRE1980AUDIT-1974-26,1974,NDA017007,NDA,1974-05-28,TYPE 3,Type 3 - New Dosage Form,PRIORITY,FALSE,Type 3 - New Dosage Form,HIKMA,HEPARIN SODIUM,"HEPARIN SODIUM 7,500 UNITS/ML **Federal Register determination that product was not discontinued or withdrawn for safety or effectiveness reasons**",INJECTABLE; INJECTION,10,Discontinued,HEPARIN SODIUM first 1939-02-09 on NDA000552,non-NME row: earlier appearances permitted by construction; see ingredient_first_appearance,none (not a Type 1/1-4 original approval),NOT_PROBED_NON_NME_ROW,https://www.accessdata.fda.gov/scripts/cder/daf/index.cfm?event=overview.process&varApplNo=017007,https://api.fda.gov/drug/drugsfda.json?search=application_number:%22NDA017007%22,Payload-verified; no per-row live probe issued for non-NME rows (cross-checked against the full Drugs@FDA database instead),"Row of the complete 1965-1976 original-application audit (v21): every ORIG/AP row of the committed SHA-verified payloads; facts verbatim from the payload; no ticker, indication or applicant lineage asserted."
PRE1980AUDIT-1974-27,1974,NDA017538,NDA,1974-05-28,TYPE 5,Type 5 - New Formulation or New Manufacturer,STANDARD,FALSE,Type 5 - New Formulation or New Manufacturer,CURIUM,TECHNESCAN PYP KIT,TECHNETIUM TC-99M PYROPHOSPHATE KIT N/A,INJECTABLE; INJECTION,1,Prescription,first-in-payloads (1939-1979 universe),non-NME row: earlier appearances permitted by construction; see ingredient_first_appearance,none (not a Type 1/1-4 original approval),NOT_PROBED_NON_NME_ROW,https://www.accessdata.fda.gov/scripts/cder/daf/index.cfm?event=overview.process&varApplNo=017538,https://api.fda.gov/drug/drugsfda.json?search=application_number:%22NDA017538%22,Payload-verified; no per-row live probe issued for non-NME rows (cross-checked against the full Drugs@FDA database instead),"Row of the complete 1965-1976 original-application audit (v21): every ORIG/AP row of the committed SHA-verified payloads; facts verbatim from the payload; no ticker, indication or applicant lineage asserted."
PRE1980AUDIT-1974-28,1974,NDA017269,NDA,1974-06-03,TYPE 5,Type 5 - New Formulation or New Manufacturer,STANDARD,FALSE,Type 5 - New Formulation or New Manufacturer,BRACCO,CHLORMERODRIN HG 197,CHLORMERODRIN HG-197 0.6-1.4mCi/ML,INJECTABLE; INJECTION,1,Discontinued,first-in-payloads (1939-1979 universe),non-NME row: earlier appearances permitted by construction; see ingredient_first_appearance,none (not a Type 1/1-4 original approval),NOT_PROBED_NON_NME_ROW,https://www.accessdata.fda.gov/scripts/cder/daf/index.cfm?event=overview.process&varApplNo=017269,https://api.fda.gov/drug/drugsfda.json?search=application_number:%22NDA017269%22,Payload-verified; no per-row live probe issued for non-NME rows (cross-checked against the full Drugs@FDA database instead),"Row of the complete 1965-1976 original-application audit (v21): every ORIG/AP row of the committed SHA-verified payloads; facts verbatim from the payload; no ticker, indication or applicant lineage asserted."
PRE1980AUDIT-1974-29,1974,NDA017339,NDA,1974-06-03,TYPE 5,Type 5 - New Formulation or New Manufacturer,STANDARD,FALSE,Type 5 - New Formulation or New Manufacturer,BRACCO,MINITEC,TECHNETIUM TC-99M SODIUM PERTECHNETATE GENERATOR 0.22-2.22 CI/GENERATOR,"SOLUTION; INJECTION, ORAL",1,Discontinued,TECHNETIUM TC-99M SODIUM PERTECHNETATE GENERATOR first 1973-11-23 on NDA017243,non-NME row: earlier appearances permitted by construction; see ingredient_first_appearance,none (not a Type 1/1-4 original approval),NOT_PROBED_NON_NME_ROW,https://www.accessdata.fda.gov/scripts/cder/daf/index.cfm?event=overview.process&varApplNo=017339,https://api.fda.gov/drug/drugsfda.json?search=application_number:%22NDA017339%22,Payload-verified; no per-row live probe issued for non-NME rows (cross-checked against the full Drugs@FDA database instead),"Row of the complete 1965-1976 original-application audit (v21): every ORIG/AP row of the committed SHA-verified payloads; facts verbatim from the payload; no ticker, indication or applicant lineage asserted."
PRE1980AUDIT-1974-30,1974,NDA016923,NDA,1974-06-10,TYPE 5,Type 5 - New Formulation or New Manufacturer,STANDARD,FALSE,Type 5 - New Formulation or New Manufacturer,BRACCO,TESULOID,TECHNETIUM TC-99M SULFUR COLLOID KIT N/A,"SOLUTION; INJECTION, ORAL",1,Discontinued,first-in-payloads (1939-1979 universe),non-NME row: earlier appearances permitted by construction; see ingredient_first_appearance,none (not a Type 1/1-4 original approval),NOT_PROBED_NON_NME_ROW,https://www.accessdata.fda.gov/scripts/cder/daf/index.cfm?event=overview.process&varApplNo=016923,https://api.fda.gov/drug/drugsfda.json?search=application_number:%22NDA016923%22,Payload-verified; no per-row live probe issued for non-NME rows (cross-checked against the full Drugs@FDA database instead),"Row of the complete 1965-1976 original-application audit (v21): every ORIG/AP row of the committed SHA-verified payloads; facts verbatim from the payload; no ticker, indication or applicant lineage asserted."
PRE1980AUDIT-1974-31,1974,NDA017406,NDA,1974-06-10,TYPE 5,Type 5 - New Formulation or New Manufacturer,STANDARD,FALSE,Type 5 - New Formulation or New Manufacturer,GE HEALTHCARE,DICOPAC KIT,CYANOCOBALAMIN N/A; CYANOCOBALAMIN CO-57 N/A; CYANOCOBALAMIN CO-58 N/A,N/A; N/A,1,Discontinued,CYANOCOBALAMIN first 1947-07-28 on NDA006071,non-NME row: earlier appearances permitted by construction; see ingredient_first_appearance,none (not a Type 1/1-4 original approval),NOT_PROBED_NON_NME_ROW,https://www.accessdata.fda.gov/scripts/cder/daf/index.cfm?event=overview.process&varApplNo=017406,https://api.fda.gov/drug/drugsfda.json?search=application_number:%22NDA017406%22,Payload-verified; no per-row live probe issued for non-NME rows (cross-checked against the full Drugs@FDA database instead),"Row of the complete 1965-1976 original-application audit (v21): every ORIG/AP row of the committed SHA-verified payloads; facts verbatim from the payload; no ticker, indication or applicant lineage asserted."
PRE1980AUDIT-1974-32,1974,NDA016998,NDA,1974-06-28,TYPE 3,Type 3 - New Dosage Form,STANDARD,FALSE,Type 3 - New Dosage Form,PARKE DAVIS,UTICORT,BETAMETHASONE BENZOATE 0.025%,CREAM; TOPICAL,1,Discontinued,first-in-payloads (1939-1979 universe),non-NME row: earlier appearances permitted by construction; see ingredient_first_appearance,none (not a Type 1/1-4 original approval),NOT_PROBED_NON_NME_ROW,https://www.accessdata.fda.gov/scripts/cder/daf/index.cfm?event=overview.process&varApplNo=016998,https://api.fda.gov/drug/drugsfda.json?search=application_number:%22NDA016998%22,Payload-verified; no per-row live probe issued for non-NME rows (cross-checked against the full Drugs@FDA database instead),"Row of the complete 1965-1976 original-application audit (v21): every ORIG/AP row of the committed SHA-verified payloads; facts verbatim from the payload; no ticker, indication or applicant lineage asserted."
PRE1980AUDIT-1974-33,1974,NDA017109,NDA,1974-06-28,TYPE 5,Type 5 - New Formulation or New Manufacturer,STANDARD,FALSE,Type 5 - New Formulation or New Manufacturer,ROXANE,PREDNISONE,PREDNISONE 20MG,TABLET; ORAL,1,Discontinued,PREDNISONE first 1955-02-21 on NDA009766,non-NME row: earlier appearances permitted by construction; see ingredient_first_appearance,none (not a Type 1/1-4 original approval),NOT_PROBED_NON_NME_ROW,https://www.accessdata.fda.gov/scripts/cder/daf/index.cfm?event=overview.process&varApplNo=017109,https://api.fda.gov/drug/drugsfda.json?search=application_number:%22NDA017109%22,Payload-verified; no per-row live probe issued for non-NME rows (cross-checked against the full Drugs@FDA database instead),"Row of the complete 1965-1976 original-application audit (v21): every ORIG/AP row of the committed SHA-verified payloads; facts verbatim from the payload; no ticker, indication or applicant lineage asserted."
PRE1980AUDIT-1974-34,1974,NDA017481,NDA,1974-06-28,TYPE 1,Type 1 - New Molecular Entity,PRIORITY,TRUE,NME (Type 1),JANSSEN PHARMS,Vermox,MEBENDAZOLE 100MG **Federal Register determination that product was not discontinued or withdrawn for safety or effectiveness reasons**,"TABLET, CHEWABLE; ORAL",1,Discontinued,first-in-payloads (1939-1979 universe),first appearance in the 1939-1979 payload universe,PRE1980-1974-09,MATCH,https://www.accessdata.fda.gov/scripts/cder/daf/index.cfm?event=overview.process&varApplNo=017481,https://api.fda.gov/drug/drugsfda.json?search=application_number:%22NDA017481%22,Verified (live probe match),"Row of the complete 1965-1976 original-application audit (v21): every ORIG/AP row of the committed SHA-verified payloads; facts verbatim from the payload; no ticker, indication or applicant lineage asserted."
PRE1980AUDIT-1974-35,1974,NDA017045,NDA,1974-07-08,TYPE 5,Type 5 - New Formulation or New Manufacturer,STANDARD,FALSE,Type 5 - New Formulation or New Manufacturer,BRACCO,RENOTEC,TECHNETIUM TC-99M FERPENTETATE KIT N/A,INJECTABLE; INJECTION,1,Discontinued,first-in-payloads (1939-1979 universe),non-NME row: earlier appearances permitted by construction; see ingredient_first_appearance,none (not a Type 1/1-4 original approval),NOT_PROBED_NON_NME_ROW,https://www.accessdata.fda.gov/scripts/cder/daf/index.cfm?event=overview.process&varApplNo=017045,https://api.fda.gov/drug/drugsfda.json?search=application_number:%22NDA017045%22,Payload-verified; no per-row live probe issued for non-NME rows (cross-checked against the full Drugs@FDA database instead),"Row of the complete 1965-1976 original-application audit (v21): every ORIG/AP row of the committed SHA-verified payloads; facts verbatim from the payload; no ticker, indication or applicant lineage asserted."
PRE1980AUDIT-1974-36,1974,NDA012678,NDA,1974-07-10,TYPE 5,Type 5 - New Formulation or New Manufacturer,STANDARD,FALSE,Type 5 - New Formulation or New Manufacturer,SANDOZ,TOLBUTAMIDE,TOLBUTAMIDE 500MG,TABLET; ORAL,1,Discontinued,TOLBUTAMIDE first 1957-05-31 on NDA010670,non-NME row: earlier appearances permitted by construction; see ingredient_first_appearance,none (not a Type 1/1-4 original approval),NOT_PROBED_NON_NME_ROW,https://www.accessdata.fda.gov/scripts/cder/daf/index.cfm?event=overview.process&varApplNo=012678,https://api.fda.gov/drug/drugsfda.json?search=application_number:%22NDA012678%22,Payload-verified; no per-row live probe issued for non-NME rows (cross-checked against the full Drugs@FDA database instead),"Row of the complete 1965-1976 original-application audit (v21): every ORIG/AP row of the committed SHA-verified payloads; facts verbatim from the payload; no ticker, indication or applicant lineage asserted."
PRE1980AUDIT-1974-37,1974,NDA017530,NDA,1974-07-12,TYPE 5,Type 5 - New Formulation or New Manufacturer,STANDARD,FALSE,Type 5 - New Formulation or New Manufacturer,PH HEALTH,TIGAN,TRIMETHOBENZAMIDE HYDROCHLORIDE 100MG/ML,INJECTABLE; INJECTION,1,Prescription,first-in-payloads (1939-1979 universe),non-NME row: earlier appearances permitted by construction; see ingredient_first_appearance,none (not a Type 1/1-4 original approval),NOT_PROBED_NON_NME_ROW,https://www.accessdata.fda.gov/scripts/cder/daf/index.cfm?event=overview.process&varApplNo=017530,https://api.fda.gov/drug/drugsfda.json?search=application_number:%22NDA017530%22,Payload-verified; no per-row live probe issued for non-NME rows (cross-checked against the full Drugs@FDA database instead),"Row of the complete 1965-1976 original-application audit (v21): every ORIG/AP row of the committed SHA-verified payloads; facts verbatim from the payload; no ticker, indication or applicant lineage asserted."
PRE1980AUDIT-1974-38,1974,NDA017531,NDA,1974-07-12,TYPE 5,Type 5 - New Formulation or New Manufacturer,STANDARD,FALSE,Type 5 - New Formulation or New Manufacturer,KING PHARMS LLC,TIGAN,TRIMETHOBENZAMIDE HYDROCHLORIDE 300MG **Federal Register determination that product was not discontinued or withdrawn for safety or effectiveness reasons**,CAPSULE; ORAL,1,Discontinued,TRIMETHOBENZAMIDE HYDROCHLORIDE first 1974-07-12 on NDA017530,non-NME row: earlier appearances permitted by construction; see ingredient_first_appearance,none (not a Type 1/1-4 original approval),NOT_PROBED_NON_NME_ROW,https://www.accessdata.fda.gov/scripts/cder/daf/index.cfm?event=overview.process&varApplNo=017531,https://api.fda.gov/drug/drugsfda.json?search=application_number:%22NDA017531%22,Payload-verified; no per-row live probe issued for non-NME rows (cross-checked against the full Drugs@FDA database instead),"Row of the complete 1965-1976 original-application audit (v21): every ORIG/AP row of the committed SHA-verified payloads; facts verbatim from the payload; no ticker, indication or applicant lineage asserted."
PRE1980AUDIT-1974-39,1974,NDA017471,NDA,1974-07-18,TYPE 5,Type 5 - New Formulation or New Manufacturer,STANDARD,FALSE,Type 5 - New Formulation or New Manufacturer,GE HEALTHCARE,SODIUM PERTECHNETATE TC 99M,TECHNETIUM TC-99M SODIUM PERTECHNETATE 2-100mCi/ML **Federal Register determination that product was not discontinued or withdrawn for safety or effectiveness reasons**,"SOLUTION; INJECTION, ORAL",1,Discontinued,first-in-payloads (1939-1979 universe),non-NME row: earlier appearances permitted by construction; see ingredient_first_appearance,none (not a Type 1/1-4 original approval),NOT_PROBED_NON_NME_ROW,https://www.accessdata.fda.gov/scripts/cder/daf/index.cfm?event=overview.process&varApplNo=017471,https://api.fda.gov/drug/drugsfda.json?search=application_number:%22NDA017471%22,Payload-verified; no per-row live probe issued for non-NME rows (cross-checked against the full Drugs@FDA database instead),"Row of the complete 1965-1976 original-application audit (v21): every ORIG/AP row of the committed SHA-verified payloads; facts verbatim from the payload; no ticker, indication or applicant lineage asserted."
PRE1980AUDIT-1974-40,1974,NDA017391,NDA,1974-07-19,TYPE 3,Type 3 - New Dosage Form,PRIORITY,FALSE,Type 3 - New Dosage Form,CASPER PHARMA LLC,IMURAN,AZATHIOPRINE SODIUM EQ 100MG BASE/VIAL **Federal Register determination that product was not discontinued or withdrawn for safety or effectiveness reasons**,INJECTABLE; INJECTION,1,Discontinued,first-in-payloads (1939-1979 universe),non-NME row: earlier appearances permitted by construction; see ingredient_first_appearance,none (not a Type 1/1-4 original approval),NOT_PROBED_NON_NME_ROW,https://www.accessdata.fda.gov/scripts/cder/daf/index.cfm?event=overview.process&varApplNo=017391,https://api.fda.gov/drug/drugsfda.json?search=application_number:%22NDA017391%22,Payload-verified; no per-row live probe issued for non-NME rows (cross-checked against the full Drugs@FDA database instead),"Row of the complete 1965-1976 original-application audit (v21): every ORIG/AP row of the committed SHA-verified payloads; facts verbatim from the payload; no ticker, indication or applicant lineage asserted."
PRE1980AUDIT-1974-41,1974,NDA017522,NDA,1974-07-19,TYPE 5,Type 5 - New Formulation or New Manufacturer,STANDARD,FALSE,Type 5 - New Formulation or New Manufacturer,BAUSCH,RETIN-A,TRETINOIN 0.05%,CREAM; TOPICAL,1,Prescription,TRETINOIN first 1971-10-20 on NDA016921,non-NME row: earlier appearances permitted by construction; see ingredient_first_appearance,none (not a Type 1/1-4 original approval),NOT_PROBED_NON_NME_ROW,https://www.accessdata.fda.gov/scripts/cder/daf/index.cfm?event=overview.process&varApplNo=017522,https://api.fda.gov/drug/drugsfda.json?search=application_number:%22NDA017522%22,Payload-verified; no per-row live probe issued for non-NME rows (cross-checked against the full Drugs@FDA database instead),"Row of the complete 1965-1976 original-application audit (v21): every ORIG/AP row of the committed SHA-verified payloads; facts verbatim from the payload; no ticker, indication or applicant lineage asserted."
PRE1980AUDIT-1974-42,1974,BLA050114,BLA,1974-07-25,TYPE 1,Type 1 - New Molecular Entity,STANDARD,TRUE,NME (Type 1),ALLERQUEST,Pre-Pen,BENZYLPENICILLOYL POLYLYSINE 60UMOLAR,INJECTABLE; INJECTION,1,Prescription,first-in-payloads (1939-1979 universe),first appearance in the 1939-1979 payload universe,PRE1980-1974-10,MATCH,https://www.accessdata.fda.gov/scripts/cder/daf/index.cfm?event=overview.process&varApplNo=050114,https://api.fda.gov/drug/drugsfda.json?search=application_number:%22BLA050114%22,Verified (live probe match),"Row of the complete 1965-1976 original-application audit (v21): every ORIG/AP row of the committed SHA-verified payloads; facts verbatim from the payload; no ticker, indication or applicant lineage asserted."
PRE1980AUDIT-1974-43,1974,NDA017048,NDA,1974-07-26,TYPE 1,Type 1 - New Molecular Entity,PRIORITY,TRUE,NME (Type 1),WYETH AYERST,Peptavlon,PENTAGASTRIN 0.25MG/ML **Federal Register determination that product was not discontinued or withdrawn for safety or effectiveness reasons**,INJECTABLE; INJECTION,1,Discontinued,first-in-payloads (1939-1979 universe),first appearance in the 1939-1979 payload universe,PRE1980-1974-11,MATCH,https://www.accessdata.fda.gov/scripts/cder/daf/index.cfm?event=overview.process&varApplNo=017048,https://api.fda.gov/drug/drugsfda.json?search=application_number:%22NDA017048%22,Verified (live probe match),"Row of the complete 1965-1976 original-application audit (v21): every ORIG/AP row of the committed SHA-verified payloads; facts verbatim from the payload; no ticker, indication or applicant lineage asserted."
PRE1980AUDIT-1974-44,1974,NDA017431,NDA,1974-07-29,TYPE 3,Type 3 - New Dosage Form,PRIORITY,FALSE,Type 3 - New Dosage Form,EPIC PHARMA LLC,OCUSERT PILO-20,PILOCARPINE 5MG,"INSERT, EXTENDED RELEASE; OPHTHALMIC",1,Discontinued,first-in-payloads (1939-1979 universe),non-NME row: earlier appearances permitted by construction; see ingredient_first_appearance,none (not a Type 1/1-4 original approval),NOT_PROBED_NON_NME_ROW,https://www.accessdata.fda.gov/scripts/cder/daf/index.cfm?event=overview.process&varApplNo=017431,https://api.fda.gov/drug/drugsfda.json?search=application_number:%22NDA017431%22,Payload-verified; no per-row live probe issued for non-NME rows (cross-checked against the full Drugs@FDA database instead),"Row of the complete 1965-1976 original-application audit (v21): every ORIG/AP row of the committed SHA-verified payloads; facts verbatim from the payload; no ticker, indication or applicant lineage asserted."
PRE1980AUDIT-1974-45,1974,NDA017548,NDA,1974-07-29,TYPE 3,Type 3 - New Dosage Form,PRIORITY,FALSE,Type 3 - New Dosage Form,EPIC PHARMA LLC,OCUSERT PILO-40,PILOCARPINE 11MG,"INSERT, EXTENDED RELEASE; OPHTHALMIC",1,Discontinued,PILOCARPINE first 1974-07-29 on NDA017431,non-NME row: earlier appearances permitted by construction; see ingredient_first_appearance,none (not a Type 1/1-4 original approval),NOT_PROBED_NON_NME_ROW,https://www.accessdata.fda.gov/scripts/cder/daf/index.cfm?event=overview.process&varApplNo=017548,https://api.fda.gov/drug/drugsfda.json?search=application_number:%22NDA017548%22,Payload-verified; no per-row live probe issued for non-NME rows (cross-checked against the full Drugs@FDA database instead),"Row of the complete 1965-1976 original-application audit (v21): every ORIG/AP row of the committed SHA-verified payloads; facts verbatim from the payload; no ticker, indication or applicant lineage asserted."
PRE1980AUDIT-1974-46,1974,NDA050467,NDA,1974-08-07,TYPE 1,Type 1 - New Molecular Entity,PRIORITY,TRUE,NME (Type 1),PFIZER,Doxorubicin hydrochloride,DOXORUBICIN HYDROCHLORIDE 150MG/VIAL,INJECTABLE; INJECTION,4,Discontinued,first-in-payloads (1939-1979 universe),first appearance in the 1939-1979 payload universe,PRE1980-1974-12,MATCH,https://www.accessdata.fda.gov/scripts/cder/daf/index.cfm?event=overview.process&varApplNo=050467,https://api.fda.gov/drug/drugsfda.json?search=application_number:%22NDA050467%22,Verified (live probe match),"Row of the complete 1965-1976 original-application audit (v21): every ORIG/AP row of the committed SHA-verified payloads; facts verbatim from the payload; no ticker, indication or applicant lineage asserted."
PRE1980AUDIT-1974-47,1974,NDA017407,NDA,1974-09-03,TYPE 3,Type 3 - New Dosage Form,PRIORITY,FALSE,Type 3 - New Dosage Form,BOEHRINGER INGELHEIM,CATAPRES,CLONIDINE HYDROCHLORIDE 0.2MG **Federal Register determination that product was not discontinued or withdrawn for safety or effectiveness reasons**,TABLET; ORAL,3,Discontinued,first-in-payloads (1939-1979 universe),non-NME row: earlier appearances permitted by construction; see ingredient_first_appearance,none (not a Type 1/1-4 original approval),NOT_PROBED_NON_NME_ROW,https://www.accessdata.fda.gov/scripts/cder/daf/index.cfm?event=overview.process&varApplNo=017407,https://api.fda.gov/drug/drugsfda.json?search=application_number:%22NDA017407%22,Payload-verified; no per-row live probe issued for non-NME rows (cross-checked against the full Drugs@FDA database instead),"Row of the complete 1965-1976 original-application audit (v21): every ORIG/AP row of the committed SHA-verified payloads; facts verbatim from the payload; no ticker, indication or applicant lineage asserted."
PRE1980AUDIT-1974-48,1974,NDA017503,NDA,1974-09-03,TYPE 1/4,Type 1 - New Molecular Entity and Type 4 - New Combination,PRIORITY,TRUE,NME + new combination (Type 1/4),BOEHRINGER INGELHEIM,Combipres,CHLORTHALIDONE 15MG; CLONIDINE HYDROCHLORIDE 0.2MG **Federal Register determination that product was not discontinued or withdrawn for safety or effectiveness reasons**,TABLET; ORAL,3,Discontinued,2 ingredients first seen earlier (earliest 1960-04-07 on NDA012283),adjudicated earlier appearance (combination component or same-ingredient sibling application); see the decision row notes,PRE1980-1974-13,MATCH,https://www.accessdata.fda.gov/scripts/cder/daf/index.cfm?event=overview.process&varApplNo=017503,https://api.fda.gov/drug/drugsfda.json?search=application_number:%22NDA017503%22,Verified (live probe match),"Row of the complete 1965-1976 original-application audit (v21): every ORIG/AP row of the committed SHA-verified payloads; facts verbatim from the payload; no ticker, indication or applicant lineage asserted."
PRE1980AUDIT-1974-49,1974,NDA017411,NDA,1974-09-18,TYPE 3,Type 3 - New Dosage Form,STANDARD,FALSE,Type 3 - New Dosage Form,HUNTINGTON LABS,HEXA-GERM,HEXACHLOROPHENE 3%,EMULSION; TOPICAL,1,Discontinued,HEXACHLOROPHENE first 1949-04-19 on NDA006882,non-NME row: earlier appearances permitted by construction; see ingredient_first_appearance,none (not a Type 1/1-4 original approval),NOT_PROBED_NON_NME_ROW,https://www.accessdata.fda.gov/scripts/cder/daf/index.cfm?event=overview.process&varApplNo=017411,https://api.fda.gov/drug/drugsfda.json?search=application_number:%22NDA017411%22,Payload-verified; no per-row live probe issued for non-NME rows (cross-checked against the full Drugs@FDA database instead),"Row of the complete 1965-1976 original-application audit (v21): every ORIG/AP row of the committed SHA-verified payloads; facts verbatim from the payload; no ticker, indication or applicant lineage asserted."
PRE1980AUDIT-1974-50,1974,NDA017463,NDA,1974-09-19,TYPE 1,Type 1 - New Molecular Entity,PRIORITY,TRUE,NME (Type 1),MCNEIL CONSUMER,Motrin,IBUPROFEN 600MG **Federal Register determination that product was not discontinued or withdrawn for safety or effectiveness reasons**,TABLET; ORAL,4,Discontinued,first-in-payloads (1939-1979 universe),first appearance in the 1939-1979 payload universe,PRE1980-1974-14,MATCH,https://www.accessdata.fda.gov/scripts/cder/daf/index.cfm?event=overview.process&varApplNo=017463,https://api.fda.gov/drug/drugsfda.json?search=application_number:%22NDA017463%22,Verified (live probe match),"Row of the complete 1965-1976 original-application audit (v21): every ORIG/AP row of the committed SHA-verified payloads; facts verbatim from the payload; no ticker, indication or applicant lineage asserted."
PRE1980AUDIT-1974-51,1974,NDA017084,NDA,1974-09-23,TYPE 5,Type 5 - New Formulation or New Manufacturer,STANDARD,FALSE,Type 5 - New Formulation or New Manufacturer,CURIUM,PHOSPHOCOL P32,CHROMIC PHOSPHATE P-32 5mCi/ML,INJECTABLE; INJECTION,1,Discontinued,first-in-payloads (1939-1979 universe),non-NME row: earlier appearances permitted by construction; see ingredient_first_appearance,none (not a Type 1/1-4 original approval),NOT_PROBED_NON_NME_ROW,https://www.accessdata.fda.gov/scripts/cder/daf/index.cfm?event=overview.process&varApplNo=017084,https://api.fda.gov/drug/drugsfda.json?search=application_number:%22NDA017084%22,Payload-verified; no per-row live probe issued for non-NME rows (cross-checked against the full Drugs@FDA database instead),"Row of the complete 1965-1976 original-application audit (v21): every ORIG/AP row of the committed SHA-verified payloads; facts verbatim from the payload; no ticker, indication or applicant lineage asserted."
PRE1980AUDIT-1974-52,1974,NDA050480,NDA,1974-09-23,TYPE 2,Type 2 - New Active Ingredient,STANDARD,FALSE,Type 2 - New Active Ingredient,PFIZER,VIBRAMYCIN,DOXYCYCLINE CALCIUM EQ 50MG BASE/5ML,SUSPENSION; ORAL,1,Discontinued,first-in-payloads (1939-1979 universe),non-NME row: earlier appearances permitted by construction; see ingredient_first_appearance,none (not a Type 1/1-4 original approval),NOT_PROBED_NON_NME_ROW,https://www.accessdata.fda.gov/scripts/cder/daf/index.cfm?event=overview.process&varApplNo=050480,https://api.fda.gov/drug/drugsfda.json?search=application_number:%22NDA050480%22,Payload-verified; no per-row live probe issued for non-NME rows (cross-checked against the full Drugs@FDA database instead),"Row of the complete 1965-1976 original-application audit (v21): every ORIG/AP row of the committed SHA-verified payloads; facts verbatim from the payload; no ticker, indication or applicant lineage asserted."
PRE1980AUDIT-1974-53,1974,NDA017456,NDA,1974-09-24,TYPE 5,Type 5 - New Formulation or New Manufacturer,STANDARD,FALSE,Type 5 - New Formulation or New Manufacturer,GE HEALTHCARE,TECHNETIUM TC 99M SULFUR COLLOID,TECHNETIUM TC-99M SULFUR COLLOID 4mCi/ML,"SOLUTION; INJECTION, ORAL",1,Discontinued,first-in-payloads (1939-1979 universe),non-NME row: earlier appearances permitted by construction; see ingredient_first_appearance,none (not a Type 1/1-4 original approval),NOT_PROBED_NON_NME_ROW,https://www.accessdata.fda.gov/scripts/cder/daf/index.cfm?event=overview.process&varApplNo=017456,https://api.fda.gov/drug/drugsfda.json?search=application_number:%22NDA017456%22,Payload-verified; no per-row live probe issued for non-NME rows (cross-checked against the full Drugs@FDA database instead),"Row of the complete 1965-1976 original-application audit (v21): every ORIG/AP row of the committed SHA-verified payloads; facts verbatim from the payload; no ticker, indication or applicant lineage asserted."
PRE1980AUDIT-1974-54,1974,NDA017059,NDA,1974-09-30,TYPE 5,Type 5 - New Formulation or New Manufacturer,STANDARD,FALSE,Type 5 - New Formulation or New Manufacturer,MALLINCKRODT,TECHNECOLL,TECHNETIUM TC-99M SULFUR COLLOID KIT N/A,"SOLUTION; INJECTION, ORAL",1,Discontinued,TECHNETIUM TC-99M SULFUR COLLOID KIT first 1974-06-10 on NDA016923,non-NME row: earlier appearances permitted by construction; see ingredient_first_appearance,none (not a Type 1/1-4 original approval),NOT_PROBED_NON_NME_ROW,https://www.accessdata.fda.gov/scripts/cder/daf/index.cfm?event=overview.process&varApplNo=017059,https://api.fda.gov/drug/drugsfda.json?search=application_number:%22NDA017059%22,Payload-verified; no per-row live probe issued for non-NME rows (cross-checked against the full Drugs@FDA database instead),"Row of the complete 1965-1976 original-application audit (v21): every ORIG/AP row of the committed SHA-verified payloads; facts verbatim from the payload; no ticker, indication or applicant lineage asserted."
PRE1980AUDIT-1974-55,1974,NDA017284,NDA,1974-10-10,TYPE 5,Type 5 - New Formulation or New Manufacturer,STANDARD,FALSE,Type 5 - New Formulation or New Manufacturer,SHINE,XENON XE 133,XENON XE-133 10mCi/VIAL,GAS; INHALATION,2,Prescription,first-in-payloads (1939-1979 universe),non-NME row: earlier appearances permitted by construction; see ingredient_first_appearance,none (not a Type 1/1-4 original approval),NOT_PROBED_NON_NME_ROW,https://www.accessdata.fda.gov/scripts/cder/daf/index.cfm?event=overview.process&varApplNo=017284,https://api.fda.gov/drug/drugsfda.json?search=application_number:%22NDA017284%22,Payload-verified; no per-row live probe issued for non-NME rows (cross-checked against the full Drugs@FDA database instead),"Row of the complete 1965-1976 original-application audit (v21): every ORIG/AP row of the committed SHA-verified payloads; facts verbatim from the payload; no ticker, indication or applicant lineage asserted."
PRE1980AUDIT-1974-56,1974,NDA012104,NDA,1974-10-11,TYPE 3,Type 3 - New Dosage Form,STANDARD,FALSE,Type 3 - New Dosage Form,SUN PHARM INDS INC,KENALOG,TRIAMCINOLONE ACETONIDE 0.147MG/GM **Federal Register determination that product was not discontinued or withdrawn for safety or effectiveness reasons**,SPRAY; TOPICAL,1,Discontinued,TRIAMCINOLONE ACETONIDE first 1958-10-23 on NDA011601,non-NME row: earlier appearances permitted by construction; see ingredient_first_appearance,none (not a Type 1/1-4 original approval),NOT_PROBED_NON_NME_ROW,https://www.accessdata.fda.gov/scripts/cder/daf/index.cfm?event=overview.process&varApplNo=012104,https://api.fda.gov/drug/drugsfda.json?search=application_number:%22NDA012104%22,Payload-verified; no per-row live probe issued for non-NME rows (cross-checked against the full Drugs@FDA database instead),"Row of the complete 1965-1976 original-application audit (v21): every ORIG/AP row of the committed SHA-verified payloads; facts verbatim from the payload; no ticker, indication or applicant lineage asserted."
PRE1980AUDIT-1974-57,1974,NDA017283,NDA,1974-10-11,TYPE 5,Type 5 - New Formulation or New Manufacturer,STANDARD,FALSE,Type 5 - New Formulation or New Manufacturer,LANTHEUS MEDCL,XENON XE 133,XENON XE-133 6.3mCi/ML,INJECTABLE; INJECTION,1,Discontinued,XENON XE-133 first 1974-10-10 on NDA017284,non-NME row: earlier appearances permitted by construction; see ingredient_first_appearance,none (not a Type 1/1-4 original approval),NOT_PROBED_NON_NME_ROW,https://www.accessdata.fda.gov/scripts/cder/daf/index.cfm?event=overview.process&varApplNo=017283,https://api.fda.gov/drug/drugsfda.json?search=application_number:%22NDA017283%22,Payload-verified; no per-row live probe issued for non-NME rows (cross-checked against the full Drugs@FDA database instead),"Row of the complete 1965-1976 original-application audit (v21): every ORIG/AP row of the committed SHA-verified payloads; facts verbatim from the payload; no ticker, indication or applicant lineage asserted."
PRE1980AUDIT-1974-58,1974,NDA017488,NDA,1974-10-15,TYPE 3,Type 3 - New Dosage Form,STANDARD,FALSE,Type 3 - New Dosage Form,ORTHO MCNEIL PHARM,MODICON 21,ETHINYL ESTRADIOL 0.035MG; NORETHINDRONE 0.5MG **Federal Register determination that product was not discontinued or withdrawn for safety or effectiveness reasons**,TABLET; ORAL-21,1,Discontinued,2 ingredients first seen earlier (earliest 1943-06-25 on NDA005292),non-NME row: earlier appearances permitted by construction; see ingredient_first_appearance,none (not a Type 1/1-4 original approval),NOT_PROBED_NON_NME_ROW,https://www.accessdata.fda.gov/scripts/cder/daf/index.cfm?event=overview.process&varApplNo=017488,https://api.fda.gov/drug/drugsfda.json?search=application_number:%22NDA017488%22,Payload-verified; no per-row live probe issued for non-NME rows (cross-checked against the full Drugs@FDA database instead),"Row of the complete 1965-1976 original-application audit (v21): every ORIG/AP row of the committed SHA-verified payloads; facts verbatim from the payload; no ticker, indication or applicant lineage asserted."
PRE1980AUDIT-1974-59,1974,NDA017489,NDA,1974-10-15,TYPE 3,Type 3 - New Dosage Form,STANDARD,FALSE,Type 3 - New Dosage Form,ORTHO MCNEIL PHARM,ORTHO-NOVUM 1/35-21,ETHINYL ESTRADIOL 0.035MG; NORETHINDRONE 1MG **Federal Register determination that product was not discontinued or withdrawn for safety or effectiveness reasons**,TABLET; ORAL-21,1,Discontinued,2 ingredients first seen earlier (earliest 1943-06-25 on NDA005292),non-NME row: earlier appearances permitted by construction; see ingredient_first_appearance,none (not a Type 1/1-4 original approval),NOT_PROBED_NON_NME_ROW,https://www.accessdata.fda.gov/scripts/cder/daf/index.cfm?event=overview.process&varApplNo=017489,https://api.fda.gov/drug/drugsfda.json?search=application_number:%22NDA017489%22,Payload-verified; no per-row live probe issued for non-NME rows (cross-checked against the full Drugs@FDA database instead),"Row of the complete 1965-1976 original-application audit (v21): every ORIG/AP row of the committed SHA-verified payloads; facts verbatim from the payload; no ticker, indication or applicant lineage asserted."
PRE1980AUDIT-1974-60,1974,NDA009238,NDA,1974-11-01,TYPE 5,Type 5 - New Formulation or New Manufacturer,STANDARD,FALSE,Type 5 - New Formulation or New Manufacturer,LILLY,PROGESTERONE,PROGESTERONE 25MG/ML,INJECTABLE; INJECTION,2,Discontinued,first-in-payloads (1939-1979 universe),non-NME row: earlier appearances permitted by construction; see ingredient_first_appearance,none (not a Type 1/1-4 original approval),NOT_PROBED_NON_NME_ROW,https://www.accessdata.fda.gov/scripts/cder/daf/index.cfm?event=overview.process&varApplNo=009238,https://api.fda.gov/drug/drugsfda.json?search=application_number:%22NDA009238%22,Payload-verified; no per-row live probe issued for non-NME rows (cross-checked against the full Drugs@FDA database instead),"Row of the complete 1965-1976 original-application audit (v21): every ORIG/AP row of the committed SHA-verified payloads; facts verbatim from the payload; no ticker, indication or applicant lineage asserted."
PRE1980AUDIT-1974-61,1974,NDA017426,NDA,1974-11-01,TYPE 3,Type 3 - New Dosage Form,STANDARD,FALSE,Type 3 - New Dosage Form,PADAGIS US,DESONIDE,DESONIDE 0.05%,OINTMENT; TOPICAL,1,Prescription,DESONIDE first 1972-01-04 on NDA017010,non-NME row: earlier appearances permitted by construction; see ingredient_first_appearance,none (not a Type 1/1-4 original approval),NOT_PROBED_NON_NME_ROW,https://www.accessdata.fda.gov/scripts/cder/daf/index.cfm?event=overview.process&varApplNo=017426,https://api.fda.gov/drug/drugsfda.json?search=application_number:%22NDA017426%22,Payload-verified; no per-row live probe issued for non-NME rows (cross-checked against the full Drugs@FDA database instead),"Row of the complete 1965-1976 original-application audit (v21): every ORIG/AP row of the committed SHA-verified payloads; facts verbatim from the payload; no ticker, indication or applicant lineage asserted."
PRE1980AUDIT-1974-62,1974,NDA017895,NDA,1974-11-15,TYPE 6,Type 6 - New Indication (no longer used),PRIORITY,FALSE,Type 6 - New Indication (no longer used),ABBOTT,JANIMINE,IMIPRAMINE HYDROCHLORIDE 25MG,TABLET; ORAL,3,Discontinued,IMIPRAMINE HYDROCHLORIDE first 1959-04-16 on NDA011836,non-NME row: earlier appearances permitted by construction; see ingredient_first_appearance,none (not a Type 1/1-4 original approval),NOT_PROBED_NON_NME_ROW,https://www.accessdata.fda.gov/scripts/cder/daf/index.cfm?event=overview.process&varApplNo=017895,https://api.fda.gov/drug/drugsfda.json?search=application_number:%22NDA017895%22,Payload-verified; no per-row live probe issued for non-NME rows (cross-checked against the full Drugs@FDA database instead),"Row of the complete 1965-1976 original-application audit (v21): every ORIG/AP row of the committed SHA-verified payloads; facts verbatim from the payload; no ticker, indication or applicant lineage asserted."
PRE1980AUDIT-1974-63,1974,NDA017551,NDA,1974-11-21,TYPE 1,Type 1 - New Molecular Entity,STANDARD,TRUE,NME (Type 1),MALLINCKRODT,Perchloracap,POTASSIUM PERCHLORATE 200MG,CAPSULE; ORAL,1,Discontinued,first-in-payloads (1939-1979 universe),first appearance in the 1939-1979 payload universe,PRE1980-1974-15,MATCH,https://www.accessdata.fda.gov/scripts/cder/daf/index.cfm?event=overview.process&varApplNo=017551,https://api.fda.gov/drug/drugsfda.json?search=application_number:%22NDA017551%22,Verified (live probe match),"Row of the complete 1965-1976 original-application audit (v21): every ORIG/AP row of the committed SHA-verified payloads; facts verbatim from the payload; no ticker, indication or applicant lineage asserted."
PRE1980AUDIT-1974-64,1974,NDA017064,NDA,1974-11-22,TYPE 5,Type 5 - New Formulation or New Manufacturer,STANDARD,FALSE,Type 5 - New Formulation or New Manufacturer,DR REDDYS,HEPARIN SODIUM,"HEPARIN SODIUM 7,500 UNITS/ML",INJECTABLE; INJECTION,11,Discontinued,HEPARIN SODIUM first 1939-02-09 on NDA000552,non-NME row: earlier appearances permitted by construction; see ingredient_first_appearance,none (not a Type 1/1-4 original approval),NOT_PROBED_NON_NME_ROW,https://www.accessdata.fda.gov/scripts/cder/daf/index.cfm?event=overview.process&varApplNo=017064,https://api.fda.gov/drug/drugsfda.json?search=application_number:%22NDA017064%22,Payload-verified; no per-row live probe issued for non-NME rows (cross-checked against the full Drugs@FDA database instead),"Row of the complete 1965-1976 original-application audit (v21): every ORIG/AP row of the committed SHA-verified payloads; facts verbatim from the payload; no ticker, indication or applicant lineage asserted."
PRE1980AUDIT-1974-65,1974,NDA017556,NDA,1974-11-27,TYPE 1,Type 1 - New Molecular Entity,STANDARD,TRUE,NME (Type 1),SUN PHARM INDS INC,Halog,HALCINONIDE 0.1%,CREAM; TOPICAL,1,Prescription,first-in-payloads (1939-1979 universe),first appearance in the 1939-1979 payload universe,PRE1980-1974-16,MATCH,https://www.accessdata.fda.gov/scripts/cder/daf/index.cfm?event=overview.process&varApplNo=017556,https://api.fda.gov/drug/drugsfda.json?search=application_number:%22NDA017556%22,Verified (live probe match),"Row of the complete 1965-1976 original-application audit (v21): every ORIG/AP row of the committed SHA-verified payloads; facts verbatim from the payload; no ticker, indication or applicant lineage asserted."
PRE1980AUDIT-1974-66,1974,BLA017055,BLA,1974-12-13,TYPE 5,Type 5 - New Formulation or New Manufacturer,STANDARD,FALSE,Type 5 - New Formulation or New Manufacturer,FERRING,A.P.L.,"GONADOTROPIN, CHORIONIC 5,000 UNITS/VIAL",INJECTABLE; INJECTION,3,Discontinued,"GONADOTROPIN, CHORIONIC first 1973-03-05 on BLA017067",non-NME row: earlier appearances permitted by construction; see ingredient_first_appearance,none (not a Type 1/1-4 original approval),NOT_PROBED_NON_NME_ROW,https://www.accessdata.fda.gov/scripts/cder/daf/index.cfm?event=overview.process&varApplNo=017055,https://api.fda.gov/drug/drugsfda.json?search=application_number:%22BLA017055%22,Payload-verified; no per-row live probe issued for non-NME rows (cross-checked against the full Drugs@FDA database instead),"Row of the complete 1965-1976 original-application audit (v21): every ORIG/AP row of the committed SHA-verified payloads; facts verbatim from the payload; no ticker, indication or applicant lineage asserted."
PRE1980AUDIT-1974-67,1974,NDA050482,NDA,1974-12-18,TYPE 3,Type 3 - New Dosage Form,STANDARD,FALSE,Type 3 - New Dosage Form,LILLY,KEFLIN,CEPHALOTHIN SODIUM EQ 2GM BASE/VIAL,INJECTABLE; INJECTION,4,Discontinued,first-in-payloads (1939-1979 universe),non-NME row: earlier appearances permitted by construction; see ingredient_first_appearance,none (not a Type 1/1-4 original approval),NOT_PROBED_NON_NME_ROW,https://www.accessdata.fda.gov/scripts/cder/daf/index.cfm?event=overview.process&varApplNo=050482,https://api.fda.gov/drug/drugsfda.json?search=application_number:%22NDA050482%22,Payload-verified; no per-row live probe issued for non-NME rows (cross-checked against the full Drugs@FDA database instead),"Row of the complete 1965-1976 original-application audit (v21): every ORIG/AP row of the committed SHA-verified payloads; facts verbatim from the payload; no ticker, indication or applicant lineage asserted."
PRE1980AUDIT-1974-68,1974,NDA017439,NDA,1974-12-26,TYPE 5,Type 5 - New Formulation or New Manufacturer,STANDARD,FALSE,Type 5 - New Formulation or New Manufacturer,ALLERGAN,HYDROXYPROGESTERONE CAPROATE,HYDROXYPROGESTERONE CAPROATE 125MG/ML,INJECTABLE; INJECTION,2,Discontinued,first-in-payloads (1939-1979 universe),non-NME row: earlier appearances permitted by construction; see ingredient_first_appearance,none (not a Type 1/1-4 original approval),NOT_PROBED_NON_NME_ROW,https://www.accessdata.fda.gov/scripts/cder/daf/index.cfm?event=overview.process&varApplNo=017439,https://api.fda.gov/drug/drugsfda.json?search=application_number:%22NDA017439%22,Payload-verified; no per-row live probe issued for non-NME rows (cross-checked against the full Drugs@FDA database instead),"Row of the complete 1965-1976 original-application audit (v21): every ORIG/AP row of the committed SHA-verified payloads; facts verbatim from the payload; no ticker, indication or applicant lineage asserted."
PRE1980AUDIT-1974-69,1974,NDA017566,NDA,1974-12-26,TYPE 5,Type 5 - New Formulation or New Manufacturer,STANDARD,FALSE,Type 5 - New Formulation or New Manufacturer,ALLERGAN,BREVICON 21-DAY,ETHINYL ESTRADIOL 0.035MG; NORETHINDRONE 0.5MG,TABLET; ORAL-21,1,Discontinued,2 ingredients first seen earlier (earliest 1943-06-25 on NDA005292),non-NME row: earlier appearances permitted by construction; see ingredient_first_appearance,none (not a Type 1/1-4 original approval),NOT_PROBED_NON_NME_ROW,https://www.accessdata.fda.gov/scripts/cder/daf/index.cfm?event=overview.process&varApplNo=017566,https://api.fda.gov/drug/drugsfda.json?search=application_number:%22NDA017566%22,Payload-verified; no per-row live probe issued for non-NME rows (cross-checked against the full Drugs@FDA database instead),"Row of the complete 1965-1976 original-application audit (v21): every ORIG/AP row of the committed SHA-verified payloads; facts verbatim from the payload; no ticker, indication or applicant lineage asserted."
PRE1980AUDIT-1974-70,1974,NDA017565,NDA,1974-12-27,TYPE 5,Type 5 - New Formulation or New Manufacturer,STANDARD,FALSE,Type 5 - New Formulation or New Manufacturer,ALLERGAN,NORINYL 1+35 21-DAY,ETHINYL ESTRADIOL 0.035MG; NORETHINDRONE 1MG,TABLET; ORAL-21,2,Discontinued,2 ingredients first seen earlier (earliest 1943-06-25 on NDA005292),non-NME row: earlier appearances permitted by construction; see ingredient_first_appearance,none (not a Type 1/1-4 original approval),NOT_PROBED_NON_NME_ROW,https://www.accessdata.fda.gov/scripts/cder/daf/index.cfm?event=overview.process&varApplNo=017565,https://api.fda.gov/drug/drugsfda.json?search=application_number:%22NDA017565%22,Payload-verified; no per-row live probe issued for non-NME rows (cross-checked against the full Drugs@FDA database instead),"Row of the complete 1965-1976 original-application audit (v21): every ORIG/AP row of the committed SHA-verified payloads; facts verbatim from the payload; no ticker, indication or applicant lineage asserted."
PRE1980AUDIT-1974-71,1974,NDA017427,NDA,1974-12-31,TYPE 5,Type 5 - New Formulation or New Manufacturer,STANDARD,FALSE,Type 5 - New Formulation or New Manufacturer,BAXTER HLTHCARE,SODIUM CHLORIDE 0.9% IN PLASTIC CONTAINER,SODIUM CHLORIDE 900MG/100ML,SOLUTION; IRRIGATION,1,Prescription,SODIUM CHLORIDE first 1965-12-16 on NDA013025,non-NME row: earlier appearances permitted by construction; see ingredient_first_appearance,none (not a Type 1/1-4 original approval),NOT_PROBED_NON_NME_ROW,https://www.accessdata.fda.gov/scripts/cder/daf/index.cfm?event=overview.process&varApplNo=017427,https://api.fda.gov/drug/drugsfda.json?search=application_number:%22NDA017427%22,Payload-verified; no per-row live probe issued for non-NME rows (cross-checked against the full Drugs@FDA database instead),"Row of the complete 1965-1976 original-application audit (v21): every ORIG/AP row of the committed SHA-verified payloads; facts verbatim from the payload; no ticker, indication or applicant lineage asserted."
PRE1980AUDIT-1974-72,1974,NDA017428,NDA,1974-12-31,TYPE 5,Type 5 - New Formulation or New Manufacturer,STANDARD,FALSE,Type 5 - New Formulation or New Manufacturer,BAXTER HLTHCARE,STERILE WATER,STERILE WATER FOR IRRIGATION 100%,LIQUID; IRRIGATION,1,Prescription,STERILE WATER FOR IRRIGATION first 1970-09-10 on NDA016734,non-NME row: earlier appearances permitted by construction; see ingredient_first_appearance,none (not a Type 1/1-4 original approval),NOT_PROBED_NON_NME_ROW,https://www.accessdata.fda.gov/scripts/cder/daf/index.cfm?event=overview.process&varApplNo=017428,https://api.fda.gov/drug/drugsfda.json?search=application_number:%22NDA017428%22,Payload-verified; no per-row live probe issued for non-NME rows (cross-checked against the full Drugs@FDA database instead),"Row of the complete 1965-1976 original-application audit (v21): every ORIG/AP row of the committed SHA-verified payloads; facts verbatim from the payload; no ticker, indication or applicant lineage asserted."
PRE1980AUDIT-1974-73,1974,NDA017561,NDA,1974-12-31,TYPE 3,Type 3 - New Dosage Form,STANDARD,FALSE,Type 3 - New Dosage Form,SCHERING,CELESTONE,BETAMETHASONE SODIUM PHOSPHATE EQ 3MG BASE/ML **Federal Register determination that product was not discontinued or withdrawn for safety or effectiveness reasons**,INJECTABLE; INJECTION,1,Discontinued,BETAMETHASONE SODIUM PHOSPHATE first 1965-03-03 on NDA014602,non-NME row: earlier appearances permitted by construction; see ingredient_first_appearance,none (not a Type 1/1-4 original approval),NOT_PROBED_NON_NME_ROW,https://www.accessdata.fda.gov/scripts/cder/daf/index.cfm?event=overview.process&varApplNo=017561,https://api.fda.gov/drug/drugsfda.json?search=application_number:%22NDA017561%22,Payload-verified; no per-row live probe issued for non-NME rows (cross-checked against the full Drugs@FDA database instead),"Row of the complete 1965-1976 original-application audit (v21): every ORIG/AP row of the committed SHA-verified payloads; facts verbatim from the payload; no ticker, indication or applicant lineage asserted."
PRE1980AUDIT-1975-01,1975,NDA016832,NDA,1975-01-27,TYPE 1,Type 1 - New Molecular Entity,PRIORITY,TRUE,NME (Type 1),ABBOTT,Cylert,PEMOLINE 75MG,TABLET; ORAL,3,Discontinued,first-in-payloads (1939-1979 universe),first appearance in the 1939-1979 payload universe,PRE1980-1975-01,MATCH,https://www.accessdata.fda.gov/scripts/cder/daf/index.cfm?event=overview.process&varApplNo=016832,https://api.fda.gov/drug/drugsfda.json?search=application_number:%22NDA016832%22,Verified (live probe match),"Row of the complete 1965-1976 original-application audit (v21): every ORIG/AP row of the committed SHA-verified payloads; facts verbatim from the payload; no ticker, indication or applicant lineage asserted."
PRE1980AUDIT-1975-02,1975,NDA017536,NDA,1975-01-29,TYPE 2,Type 2 - New Active Ingredient,STANDARD,FALSE,Type 2 - New Active Ingredient,SCHERING,DIPROSONE,BETAMETHASONE DIPROPIONATE EQ 0.05% BASE,CREAM; TOPICAL,1,Discontinued,first-in-payloads (1939-1979 universe),non-NME row: earlier appearances permitted by construction; see ingredient_first_appearance,none (not a Type 1/1-4 original approval),NOT_PROBED_NON_NME_ROW,https://www.accessdata.fda.gov/scripts/cder/daf/index.cfm?event=overview.process&varApplNo=017536,https://api.fda.gov/drug/drugsfda.json?search=application_number:%22NDA017536%22,Payload-verified; no per-row live probe issued for non-NME rows (cross-checked against the full Drugs@FDA database instead),"Row of the complete 1965-1976 original-application audit (v21): every ORIG/AP row of the committed SHA-verified payloads; facts verbatim from the payload; no ticker, indication or applicant lineage asserted."
PRE1980AUDIT-1975-03,1975,NDA017613,NDA,1975-02-03,TYPE 1,Type 1 - New Molecular Entity,PRIORITY,TRUE,NME (Type 1),SCHERING PLOUGH,Lotrimin,CLOTRIMAZOLE 1% **Federal Register determination that product was not discontinued or withdrawn for safety or effectiveness reasons**,SOLUTION; TOPICAL,1,Discontinued,first-in-payloads (1939-1979 universe),first appearance in the 1939-1979 payload universe,PRE1980-1975-02,MATCH,https://www.accessdata.fda.gov/scripts/cder/daf/index.cfm?event=overview.process&varApplNo=017613,https://api.fda.gov/drug/drugsfda.json?search=application_number:%22NDA017613%22,Verified (live probe match),"Row of the complete 1965-1976 original-application audit (v21): every ORIG/AP row of the committed SHA-verified payloads; facts verbatim from the payload; no ticker, indication or applicant lineage asserted."
PRE1980AUDIT-1975-04,1975,NDA017558,NDA,1975-02-06,TYPE 3,Type 3 - New Dosage Form,STANDARD,FALSE,Type 3 - New Dosage Form,HIKMA,ROBINUL,GLYCOPYRROLATE 0.2MG/ML,INJECTABLE; INJECTION,1,Prescription,GLYCOPYRROLATE first 1961-08-11 on NDA012827,non-NME row: earlier appearances permitted by construction; see ingredient_first_appearance,none (not a Type 1/1-4 original approval),NOT_PROBED_NON_NME_ROW,https://www.accessdata.fda.gov/scripts/cder/daf/index.cfm?event=overview.process&varApplNo=017558,https://api.fda.gov/drug/drugsfda.json?search=application_number:%22NDA017558%22,Payload-verified; no per-row live probe issued for non-NME rows (cross-checked against the full Drugs@FDA database instead),"Row of the complete 1965-1976 original-application audit (v21): every ORIG/AP row of the committed SHA-verified payloads; facts verbatim from the payload; no ticker, indication or applicant lineage asserted."
PRE1980AUDIT-1975-05,1975,NDA017525,NDA,1975-02-25,TYPE 1,Type 1 - New Molecular Entity,STANDARD,TRUE,NME (Type 1),TEVA BRANDED PHARM,Loxitane,LOXAPINE SUCCINATE EQ 10MG BASE **Federal Register determination that product was discontinued or withdrawn for s or e reasons**,TABLET; ORAL,7,Discontinued,first-in-payloads (1939-1979 universe),first appearance in the 1939-1979 payload universe,PRE1980-1975-03,MATCH,https://www.accessdata.fda.gov/scripts/cder/daf/index.cfm?event=overview.process&varApplNo=017525,https://api.fda.gov/drug/drugsfda.json?search=application_number:%22NDA017525%22,Verified (live probe match),"Row of the complete 1965-1976 original-application audit (v21): every ORIG/AP row of the committed SHA-verified payloads; facts verbatim from the payload; no ticker, indication or applicant lineage asserted."
PRE1980AUDIT-1975-06,1975,NDA017670,NDA,1975-03-10,TYPE 5,Type 5 - New Formulation or New Manufacturer,STANDARD,FALSE,Type 5 - New Formulation or New Manufacturer,HOSPIRA,SODIUM CHLORIDE 0.45% IN PLASTIC CONTAINER,SODIUM CHLORIDE 450MG/100ML,SOLUTION; IRRIGATION,1,Discontinued,SODIUM CHLORIDE first 1965-12-16 on NDA013025,non-NME row: earlier appearances permitted by construction; see ingredient_first_appearance,none (not a Type 1/1-4 original approval),NOT_PROBED_NON_NME_ROW,https://www.accessdata.fda.gov/scripts/cder/daf/index.cfm?event=overview.process&varApplNo=017670,https://api.fda.gov/drug/drugsfda.json?search=application_number:%22NDA017670%22,Payload-verified; no per-row live probe issued for non-NME rows (cross-checked against the full Drugs@FDA database instead),"Row of the complete 1965-1976 original-application audit (v21): every ORIG/AP row of the committed SHA-verified payloads; facts verbatim from the payload; no ticker, indication or applicant lineage asserted."
PRE1980AUDIT-1975-07,1975,NDA017612,NDA,1975-03-17,TYPE 3,Type 3 - New Dosage Form,PRIORITY,FALSE,Type 3 - New Dosage Form,CADENCE HEALTH,LO/OVRAL,ETHINYL ESTRADIOL 0.03MG; NORGESTREL 0.3MG,TABLET; ORAL-21,1,Discontinued,2 ingredients first seen earlier (earliest 1943-06-25 on NDA005292),non-NME row: earlier appearances permitted by construction; see ingredient_first_appearance,none (not a Type 1/1-4 original approval),NOT_PROBED_NON_NME_ROW,https://www.accessdata.fda.gov/scripts/cder/daf/index.cfm?event=overview.process&varApplNo=017612,https://api.fda.gov/drug/drugsfda.json?search=application_number:%22NDA017612%22,Payload-verified; no per-row live probe issued for non-NME rows (cross-checked against the full Drugs@FDA database instead),"Row of the complete 1965-1976 original-application audit (v21): every ORIG/AP row of the committed SHA-verified payloads; facts verbatim from the payload; no ticker, indication or applicant lineage asserted."
PRE1980AUDIT-1975-08,1975,NDA017619,NDA,1975-03-18,TYPE 3,Type 3 - New Dosage Form,STANDARD,FALSE,Type 3 - New Dosage Form,SCHERING PLOUGH,LOTRIMIN,CLOTRIMAZOLE 1% **Federal Register determination that product was not discontinued or withdrawn for safety or effectiveness reasons**,CREAM; TOPICAL,1,Discontinued,CLOTRIMAZOLE first 1975-02-03 on NDA017613,non-NME row: earlier appearances permitted by construction; see ingredient_first_appearance,none (not a Type 1/1-4 original approval),NOT_PROBED_NON_NME_ROW,https://www.accessdata.fda.gov/scripts/cder/daf/index.cfm?event=overview.process&varApplNo=017619,https://api.fda.gov/drug/drugsfda.json?search=application_number:%22NDA017619%22,Payload-verified; no per-row live probe issued for non-NME rows (cross-checked against the full Drugs@FDA database instead),"Row of the complete 1965-1976 original-application audit (v21): every ORIG/AP row of the committed SHA-verified payloads; facts verbatim from the payload; no ticker, indication or applicant lineage asserted."
PRE1980AUDIT-1975-09,1975,NDA017668,NDA,1975-03-20,TYPE 3,Type 3 - New Dosage Form,STANDARD,FALSE,Type 3 - New Dosage Form,SANOFI AVENTIS US,TENUATE,DIETHYLPROPION HYDROCHLORIDE 25MG,TABLET; ORAL,1,Discontinued,DIETHYLPROPION HYDROCHLORIDE first 1959-08-06 on NDA011722,non-NME row: earlier appearances permitted by construction; see ingredient_first_appearance,none (not a Type 1/1-4 original approval),NOT_PROBED_NON_NME_ROW,https://www.accessdata.fda.gov/scripts/cder/daf/index.cfm?event=overview.process&varApplNo=017668,https://api.fda.gov/drug/drugsfda.json?search=application_number:%22NDA017668%22,Payload-verified; no per-row live probe issued for non-NME rows (cross-checked against the full Drugs@FDA database instead),"Row of the complete 1965-1976 original-application audit (v21): every ORIG/AP row of the committed SHA-verified payloads; facts verbatim from the payload; no ticker, indication or applicant lineage asserted."
PRE1980AUDIT-1975-10,1975,NDA017669,NDA,1975-03-20,TYPE 5,Type 5 - New Formulation or New Manufacturer,STANDARD,FALSE,Type 5 - New Formulation or New Manufacturer,SANOFI AVENTIS US,TENUATE,DIETHYLPROPION HYDROCHLORIDE 75MG,"TABLET, EXTENDED RELEASE; ORAL",1,Discontinued,DIETHYLPROPION HYDROCHLORIDE first 1959-08-06 on NDA011722,non-NME row: earlier appearances permitted by construction; see ingredient_first_appearance,none (not a Type 1/1-4 original approval),NOT_PROBED_NON_NME_ROW,https://www.accessdata.fda.gov/scripts/cder/daf/index.cfm?event=overview.process&varApplNo=017669,https://api.fda.gov/drug/drugsfda.json?search=application_number:%22NDA017669%22,Payload-verified; no per-row live probe issued for non-NME rows (cross-checked against the full Drugs@FDA database instead),"Row of the complete 1965-1976 original-application audit (v21): every ORIG/AP row of the committed SHA-verified payloads; facts verbatim from the payload; no ticker, indication or applicant lineage asserted."
PRE1980AUDIT-1975-11,1975,NDA017549,NDA,1975-03-28,TYPE 5,Type 5 - New Formulation or New Manufacturer,STANDARD,FALSE,Type 5 - New Formulation or New Manufacturer,MERIDIAN MEDCL TECHN,LIDOPEN,LIDOCAINE HYDROCHLORIDE 10%,INJECTABLE; INJECTION,1,Discontinued,LIDOCAINE HYDROCHLORIDE first 1948-11-19 on NDA006488,non-NME row: earlier appearances permitted by construction; see ingredient_first_appearance,none (not a Type 1/1-4 original approval),NOT_PROBED_NON_NME_ROW,https://www.accessdata.fda.gov/scripts/cder/daf/index.cfm?event=overview.process&varApplNo=017549,https://api.fda.gov/drug/drugsfda.json?search=application_number:%22NDA017549%22,Payload-verified; no per-row live probe issued for non-NME rows (cross-checked against the full Drugs@FDA database instead),"Row of the complete 1965-1976 original-application audit (v21): every ORIG/AP row of the committed SHA-verified payloads; facts verbatim from the payload; no ticker, indication or applicant lineage asserted."
PRE1980AUDIT-1975-12,1975,NDA017560,NDA,1975-04-15,TYPE 3,Type 3 - New Dosage Form,STANDARD,FALSE,Type 3 - New Dosage Form,SUN PHARM INDUSTRIES,BACTRIM,SULFAMETHOXAZOLE 200MG/5ML; TRIMETHOPRIM 40MG/5ML **Federal Register determination that product was not discontinued or withdrawn for safety or effectiveness reasons**,SUSPENSION; ORAL,2,Discontinued,2 ingredients first seen earlier (earliest 1965-07-01 on NDA013664),non-NME row: earlier appearances permitted by construction; see ingredient_first_appearance,none (not a Type 1/1-4 original approval),NOT_PROBED_NON_NME_ROW,https://www.accessdata.fda.gov/scripts/cder/daf/index.cfm?event=overview.process&varApplNo=017560,https://api.fda.gov/drug/drugsfda.json?search=application_number:%22NDA017560%22,Payload-verified; no per-row live probe issued for non-NME rows (cross-checked against the full Drugs@FDA database instead),"Row of the complete 1965-1976 original-application audit (v21): every ORIG/AP row of the committed SHA-verified payloads; facts verbatim from the payload; no ticker, indication or applicant lineage asserted."
PRE1980AUDIT-1975-13,1975,NDA050475,NDA,1975-04-16,TYPE 5,Type 5 - New Formulation or New Manufacturer,STANDARD,FALSE,Type 5 - New Formulation or New Manufacturer,BAUSCH,GRIS-PEG,"GRISEOFULVIN, ULTRAMICROSIZE 125MG",TABLET; ORAL,2,Prescription,first-in-payloads (1939-1979 universe),non-NME row: earlier appearances permitted by construction; see ingredient_first_appearance,none (not a Type 1/1-4 original approval),NOT_PROBED_NON_NME_ROW,https://www.accessdata.fda.gov/scripts/cder/daf/index.cfm?event=overview.process&varApplNo=050475,https://api.fda.gov/drug/drugsfda.json?search=application_number:%22NDA050475%22,Payload-verified; no per-row live probe issued for non-NME rows (cross-checked against the full Drugs@FDA database instead),"Row of the complete 1965-1976 original-application audit (v21): every ORIG/AP row of the committed SHA-verified payloads; facts verbatim from the payload; no ticker, indication or applicant lineage asserted."
PRE1980AUDIT-1975-14,1975,NDA017579,NDA,1975-04-18,TYPE 3,Type 3 - New Dosage Form,STANDARD,FALSE,Type 3 - New Dosage Form,VALEANT INTL,RETIN-A,TRETINOIN 0.025%,GEL; TOPICAL,1,Prescription,TRETINOIN first 1971-10-20 on NDA016921,non-NME row: earlier appearances permitted by construction; see ingredient_first_appearance,none (not a Type 1/1-4 original approval),NOT_PROBED_NON_NME_ROW,https://www.accessdata.fda.gov/scripts/cder/daf/index.cfm?event=overview.process&varApplNo=017579,https://api.fda.gov/drug/drugsfda.json?search=application_number:%22NDA017579%22,Payload-verified; no per-row live probe issued for non-NME rows (cross-checked against the full Drugs@FDA database instead),"Row of the complete 1965-1976 original-application audit (v21): every ORIG/AP row of the committed SHA-verified payloads; facts verbatim from the payload; no ticker, indication or applicant lineage asserted."
PRE1980AUDIT-1975-15,1975,NDA017618,NDA,1975-04-22,TYPE 3,Type 3 - New Dosage Form,STANDARD,FALSE,Type 3 - New Dosage Form,SANOFI AVENTIS US,BRICANYL,TERBUTALINE SULFATE 5MG,TABLET; ORAL,2,Discontinued,TERBUTALINE SULFATE first 1974-03-25 on NDA017466,non-NME row: earlier appearances permitted by construction; see ingredient_first_appearance,none (not a Type 1/1-4 original approval),NOT_PROBED_NON_NME_ROW,https://www.accessdata.fda.gov/scripts/cder/daf/index.cfm?event=overview.process&varApplNo=017618,https://api.fda.gov/drug/drugsfda.json?search=application_number:%22NDA017618%22,Payload-verified; no per-row live probe issued for non-NME rows (cross-checked against the full Drugs@FDA database instead),"Row of the complete 1965-1976 original-application audit (v21): every ORIG/AP row of the committed SHA-verified payloads; facts verbatim from the payload; no ticker, indication or applicant lineage asserted."
PRE1980AUDIT-1975-16,1975,NDA017476,NDA,1975-04-25,TYPE 5,Type 5 - New Formulation or New Manufacturer,STANDARD,FALSE,Type 5 - New Formulation or New Manufacturer,NOVARTIS,SLOW-K,POTASSIUM CHLORIDE 8MEQ,"TABLET, EXTENDED RELEASE; ORAL",1,Discontinued,POTASSIUM CHLORIDE first 1965-12-16 on NDA013025,non-NME row: earlier appearances permitted by construction; see ingredient_first_appearance,none (not a Type 1/1-4 original approval),NOT_PROBED_NON_NME_ROW,https://www.accessdata.fda.gov/scripts/cder/daf/index.cfm?event=overview.process&varApplNo=017476,https://api.fda.gov/drug/drugsfda.json?search=application_number:%22NDA017476%22,Payload-verified; no per-row live probe issued for non-NME rows (cross-checked against the full Drugs@FDA database instead),"Row of the complete 1965-1976 original-application audit (v21): every ORIG/AP row of the committed SHA-verified payloads; facts verbatim from the payload; no ticker, indication or applicant lineage asserted."
PRE1980AUDIT-1975-17,1975,NDA017555,NDA,1975-05-02,TYPE 1/4,Type 1 - New Molecular Entity and Type 4 - New Combination,PRIORITY,TRUE,NME + new combination (Type 1/4),ORGANON,Sinemet,CARBIDOPA 25MG; LEVODOPA 250MG,TABLET; ORAL,3,Prescription,LEVODOPA first 1970-06-04 on NDA016912,adjudicated earlier appearance (combination component or same-ingredient sibling application); see the decision row notes,PRE1980-1975-04,MATCH,https://www.accessdata.fda.gov/scripts/cder/daf/index.cfm?event=overview.process&varApplNo=017555,https://api.fda.gov/drug/drugsfda.json?search=application_number:%22NDA017555%22,Verified (live probe match),"Row of the complete 1965-1976 original-application audit (v21): every ORIG/AP row of the committed SHA-verified payloads; facts verbatim from the payload; no ticker, indication or applicant lineage asserted."
PRE1980AUDIT-1975-18,1975,NDA017571,NDA,1975-05-23,TYPE 3,Type 3 - New Dosage Form,STANDARD,FALSE,Type 3 - New Dosage Form,BOEHRINGER INGELHEIM,ALUPENT,METAPROTERENOL SULFATE 10MG/5ML,SYRUP; ORAL,1,Discontinued,METAPROTERENOL SULFATE first 1973-07-31 on NDA016402,non-NME row: earlier appearances permitted by construction; see ingredient_first_appearance,none (not a Type 1/1-4 original approval),NOT_PROBED_NON_NME_ROW,https://www.accessdata.fda.gov/scripts/cder/daf/index.cfm?event=overview.process&varApplNo=017571,https://api.fda.gov/drug/drugsfda.json?search=application_number:%22NDA017571%22,Payload-verified; no per-row live probe issued for non-NME rows (cross-checked against the full Drugs@FDA database instead),"Row of the complete 1965-1976 original-application audit (v21): every ORIG/AP row of the committed SHA-verified payloads; facts verbatim from the payload; no ticker, indication or applicant lineage asserted."
PRE1980AUDIT-1975-19,1975,NDA060613,NDA,1975-05-25,,,,FALSE,NOT PUBLISHED (blank class),CASPER PHARMA LLC,CASPORYN HC,"HYDROCORTISONE 1%; NEOMYCIN SULFATE EQ 3.5MG BASE/ML; POLYMYXIN B SULFATE 10,000 UNITS/ML",SUSPENSION/DROPS; OTIC,1,Prescription,3 ingredients first seen earlier (earliest 1952-08-05 on NDA008506),non-NME row: earlier appearances permitted by construction; see ingredient_first_appearance,none (not a Type 1/1-4 original approval),NOT_PROBED_NON_NME_ROW,https://www.accessdata.fda.gov/scripts/cder/daf/index.cfm?event=overview.process&varApplNo=060613,https://api.fda.gov/drug/drugsfda.json?search=application_number:%22NDA060613%22,Payload-verified; no per-row live probe issued for non-NME rows (cross-checked against the full Drugs@FDA database instead),"Row of the complete 1965-1976 original-application audit (v21): every ORIG/AP row of the committed SHA-verified payloads; facts verbatim from the payload; no ticker, indication or applicant lineage asserted."
PRE1980AUDIT-1975-20,1975,NDA017575,NDA,1975-05-27,TYPE 1,Type 1 - New Molecular Entity,STANDARD,TRUE,NME (Type 1),BAYER HLTHCARE,DTIC-Dome,DACARBAZINE 100MG/VIAL **Federal Register determination that product was not discontinued or withdrawn for safety or effectiveness reasons**,INJECTABLE; INJECTION,2,Discontinued,first-in-payloads (1939-1979 universe),first appearance in the 1939-1979 payload universe,PRE1980-1975-05,MATCH,https://www.accessdata.fda.gov/scripts/cder/daf/index.cfm?event=overview.process&varApplNo=017575,https://api.fda.gov/drug/drugsfda.json?search=application_number:%22NDA017575%22,Verified (live probe match),"Row of the complete 1965-1976 original-application audit (v21): every ORIG/AP row of the committed SHA-verified payloads; facts verbatim from the payload; no ticker, indication or applicant lineage asserted."
PRE1980AUDIT-1975-21,1975,NDA017598,NDA,1975-05-31,TYPE 5,Type 5 - New Formulation or New Manufacturer,STANDARD,FALSE,Type 5 - New Formulation or New Manufacturer,MONARCH PHARMS,SEPTRA,SULFAMETHOXAZOLE 200MG/5ML; TRIMETHOPRIM 40MG/5ML **Federal Register determination that product was not discontinued or withdrawn for safety or effectiveness reasons**,SUSPENSION; ORAL,2,Discontinued,2 ingredients first seen earlier (earliest 1965-07-01 on NDA013664),non-NME row: earlier appearances permitted by construction; see ingredient_first_appearance,none (not a Type 1/1-4 original approval),NOT_PROBED_NON_NME_ROW,https://www.accessdata.fda.gov/scripts/cder/daf/index.cfm?event=overview.process&varApplNo=017598,https://api.fda.gov/drug/drugsfda.json?search=application_number:%22NDA017598%22,Payload-verified; no per-row live probe issued for non-NME rows (cross-checked against the full Drugs@FDA database instead),"Row of the complete 1965-1976 original-application audit (v21): every ORIG/AP row of the committed SHA-verified payloads; facts verbatim from the payload; no ticker, indication or applicant lineage asserted."
PRE1980AUDIT-1975-22,1975,NDA017533,NDA,1975-06-04,TYPE 1,Type 1 - New Molecular Entity,PRIORITY,TRUE,NME (Type 1),CHEPLAPHARM,Klonopin,CLONAZEPAM 0.25MG **Federal Register determination that product was not discontinued or withdrawn for safety or effectiveness reasons**,TABLET; ORAL,5,Discontinued,first-in-payloads (1939-1979 universe),first appearance in the 1939-1979 payload universe,PRE1980-1975-06,MATCH,https://www.accessdata.fda.gov/scripts/cder/daf/index.cfm?event=overview.process&varApplNo=017533,https://api.fda.gov/drug/drugsfda.json?search=application_number:%22NDA017533%22,Verified (live probe match),"Row of the complete 1965-1976 original-application audit (v21): every ORIG/AP row of the committed SHA-verified payloads; facts verbatim from the payload; no ticker, indication or applicant lineage asserted."
PRE1980AUDIT-1975-23,1975,NDA050477,NDA,1975-06-11,TYPE 1,Type 1 - New Molecular Entity,STANDARD,TRUE,NME (Type 1),LILLY,Nebcin,TOBRAMYCIN SULFATE EQ 10MG BASE/ML **Federal Register determination that product was not discontinued or withdrawn for safety or effectiveness reasons**,INJECTABLE; INJECTION,1,Discontinued,first-in-payloads (1939-1979 universe),first appearance in the 1939-1979 payload universe,PRE1980-1975-07,MATCH,https://www.accessdata.fda.gov/scripts/cder/daf/index.cfm?event=overview.process&varApplNo=050477,https://api.fda.gov/drug/drugsfda.json?search=application_number:%22NDA050477%22,Verified (live probe match),"Row of the complete 1965-1976 original-application audit (v21): every ORIG/AP row of the committed SHA-verified payloads; facts verbatim from the payload; no ticker, indication or applicant lineage asserted."
PRE1980AUDIT-1975-24,1975,NDA017577,NDA,1975-07-16,TYPE 1,Type 1 - New Molecular Entity,STANDARD,TRUE,NME (Type 1),JANSSEN PHARMS,Ditropan,OXYBUTYNIN CHLORIDE 5MG **Federal Register determination that product was not discontinued or withdrawn for safety or effectiveness reasons**,TABLET; ORAL,1,Discontinued,first-in-payloads (1939-1979 universe),first appearance in the 1939-1979 payload universe,PRE1980-1975-08,MATCH,https://www.accessdata.fda.gov/scripts/cder/daf/index.cfm?event=overview.process&varApplNo=017577,https://api.fda.gov/drug/drugsfda.json?search=application_number:%22NDA017577%22,Verified (live probe match),"Row of the complete 1965-1976 original-application audit (v21): every ORIG/AP row of the committed SHA-verified payloads; facts verbatim from the payload; no ticker, indication or applicant lineage asserted."
PRE1980AUDIT-1975-25,1975,NDA017586,NDA,1975-08-13,TYPE 5,Type 5 - New Formulation or New Manufacturer,STANDARD,FALSE,Type 5 - New Formulation or New Manufacturer,OTSUKA ICU MEDCL,NORMOSOL-R IN PLASTIC CONTAINER,MAGNESIUM CHLORIDE 30MG/100ML; POTASSIUM CHLORIDE 37MG/100ML; SODIUM ACETATE 222MG/100ML; SODIUM CHLORIDE 526MG/100ML; SODIUM GLUCONATE 502MG/100ML,INJECTABLE; INJECTION,1,Prescription,3 ingredients first seen earlier (earliest 1965-12-16 on NDA013025),non-NME row: earlier appearances permitted by construction; see ingredient_first_appearance,none (not a Type 1/1-4 original approval),NOT_PROBED_NON_NME_ROW,https://www.accessdata.fda.gov/scripts/cder/daf/index.cfm?event=overview.process&varApplNo=017586,https://api.fda.gov/drug/drugsfda.json?search=application_number:%22NDA017586%22,Payload-verified; no per-row live probe issued for non-NME rows (cross-checked against the full Drugs@FDA database instead),"Row of the complete 1965-1976 original-application audit (v21): every ORIG/AP row of the committed SHA-verified payloads; facts verbatim from the payload; no ticker, indication or applicant lineage asserted."
PRE1980AUDIT-1975-26,1975,NDA017606,NDA,1975-08-13,TYPE 5,Type 5 - New Formulation or New Manufacturer,STANDARD,FALSE,Type 5 - New Formulation or New Manufacturer,OTSUKA ICU MEDCL,DEXTROSE 5% AND SODIUM CHLORIDE 0.225% IN PLASTIC CONTAINER,DEXTROSE 5GM/100ML; SODIUM CHLORIDE 225MG/100ML,INJECTABLE; INJECTION,1,Prescription,2 ingredients first seen earlier (earliest 1946-01-17 on NDA004589),non-NME row: earlier appearances permitted by construction; see ingredient_first_appearance,none (not a Type 1/1-4 original approval),NOT_PROBED_NON_NME_ROW,https://www.accessdata.fda.gov/scripts/cder/daf/index.cfm?event=overview.process&varApplNo=017606,https://api.fda.gov/drug/drugsfda.json?search=application_number:%22NDA017606%22,Payload-verified; no per-row live probe issued for non-NME rows (cross-checked against the full Drugs@FDA database instead),"Row of the complete 1965-1976 original-application audit (v21): every ORIG/AP row of the committed SHA-verified payloads; facts verbatim from the payload; no ticker, indication or applicant lineage asserted."
PRE1980AUDIT-1975-27,1975,NDA017607,NDA,1975-08-13,TYPE 5,Type 5 - New Formulation or New Manufacturer,STANDARD,FALSE,Type 5 - New Formulation or New Manufacturer,OTSUKA ICU MEDCL,DEXTROSE 5% AND SODIUM CHLORIDE 0.45% IN PLASTIC CONTAINER,DEXTROSE 5GM/100ML; SODIUM CHLORIDE 450MG/100ML,INJECTABLE; INJECTION,1,Prescription,2 ingredients first seen earlier (earliest 1946-01-17 on NDA004589),non-NME row: earlier appearances permitted by construction; see ingredient_first_appearance,none (not a Type 1/1-4 original approval),NOT_PROBED_NON_NME_ROW,https://www.accessdata.fda.gov/scripts/cder/daf/index.cfm?event=overview.process&varApplNo=017607,https://api.fda.gov/drug/drugsfda.json?search=application_number:%22NDA017607%22,Payload-verified; no per-row live probe issued for non-NME rows (cross-checked against the full Drugs@FDA database instead),"Row of the complete 1965-1976 original-application audit (v21): every ORIG/AP row of the committed SHA-verified payloads; facts verbatim from the payload; no ticker, indication or applicant lineage asserted."
PRE1980AUDIT-1975-28,1975,NDA017608,NDA,1975-08-13,TYPE 5,Type 5 - New Formulation or New Manufacturer,STANDARD,FALSE,Type 5 - New Formulation or New Manufacturer,OTSUKA ICU MEDCL,DEXTROSE 5% AND LACTATED RINGER'S IN PLASTIC CONTAINER,CALCIUM CHLORIDE 20MG/100ML; DEXTROSE 5GM/100ML; POTASSIUM CHLORIDE 30MG/100ML; SODIUM CHLORIDE 600MG/100ML; SODIUM LACTATE 310MG/100ML,INJECTABLE; INJECTION,1,Prescription,5 ingredients first seen earlier (earliest 1971-03-22 on NDA016679),non-NME row: earlier appearances permitted by construction; see ingredient_first_appearance,none (not a Type 1/1-4 original approval),NOT_PROBED_NON_NME_ROW,https://www.accessdata.fda.gov/scripts/cder/daf/index.cfm?event=overview.process&varApplNo=017608,https://api.fda.gov/drug/drugsfda.json?search=application_number:%22NDA017608%22,Payload-verified; no per-row live probe issued for non-NME rows (cross-checked against the full Drugs@FDA database instead),"Row of the complete 1965-1976 original-application audit (v21): every ORIG/AP row of the committed SHA-verified payloads; facts verbatim from the payload; no ticker, indication or applicant lineage asserted."
PRE1980AUDIT-1975-29,1975,NDA017609,NDA,1975-08-13,TYPE 5,Type 5 - New Formulation or New Manufacturer,STANDARD,FALSE,Type 5 - New Formulation or New Manufacturer,OTSUKA ICU MEDCL,NORMOSOL-R AND DEXTROSE 5% IN PLASTIC CONTAINER,DEXTROSE 5GM/100ML; MAGNESIUM CHLORIDE 30MG/100ML; POTASSIUM CHLORIDE 37MG/100ML; SODIUM ACETATE 222MG/100ML; SODIUM CHLORIDE 526MG/100ML; SODIUM GLUCONATE 502MG/100ML,INJECTABLE; INJECTION,1,Prescription,6 ingredients first seen earlier (earliest 1946-01-17 on NDA004589),non-NME row: earlier appearances permitted by construction; see ingredient_first_appearance,none (not a Type 1/1-4 original approval),NOT_PROBED_NON_NME_ROW,https://www.accessdata.fda.gov/scripts/cder/daf/index.cfm?event=overview.process&varApplNo=017609,https://api.fda.gov/drug/drugsfda.json?search=application_number:%22NDA017609%22,Payload-verified; no per-row live probe issued for non-NME rows (cross-checked against the full Drugs@FDA database instead),"Row of the complete 1965-1976 original-application audit (v21): every ORIG/AP row of the committed SHA-verified payloads; facts verbatim from the payload; no ticker, indication or applicant lineage asserted."
PRE1980AUDIT-1975-30,1975,NDA017610,NDA,1975-08-13,TYPE 5,Type 5 - New Formulation or New Manufacturer,STANDARD,FALSE,Type 5 - New Formulation or New Manufacturer,OTSUKA ICU MEDCL,NORMOSOL-M AND DEXTROSE 5% IN PLASTIC CONTAINER,DEXTROSE 5GM/100ML; MAGNESIUM ACETATE 21MG/100ML; POTASSIUM ACETATE 128MG/100ML; SODIUM CHLORIDE 234MG/100ML,INJECTABLE; INJECTION,1,Prescription,4 ingredients first seen earlier (earliest 1946-01-17 on NDA004589),non-NME row: earlier appearances permitted by construction; see ingredient_first_appearance,none (not a Type 1/1-4 original approval),NOT_PROBED_NON_NME_ROW,https://www.accessdata.fda.gov/scripts/cder/daf/index.cfm?event=overview.process&varApplNo=017610,https://api.fda.gov/drug/drugsfda.json?search=application_number:%22NDA017610%22,Payload-verified; no per-row live probe issued for non-NME rows (cross-checked against the full Drugs@FDA database instead),"Row of the complete 1965-1976 original-application audit (v21): every ORIG/AP row of the committed SHA-verified payloads; facts verbatim from the payload; no ticker, indication or applicant lineage asserted."
PRE1980AUDIT-1975-31,1975,BLA017646,BLA,1975-08-22,TYPE 5,Type 5 - New Formulation or New Manufacturer,STANDARD,FALSE,Type 5 - New Formulation or New Manufacturer,SERONO,PERGONAL,MENOTROPINS (FSH 75 IU/AMP; LH) 75 IU/AMP,INJECTABLE; INJECTION,2,Discontinued,first-in-payloads (1939-1979 universe),non-NME row: earlier appearances permitted by construction; see ingredient_first_appearance,none (not a Type 1/1-4 original approval),NOT_PROBED_NON_NME_ROW,https://www.accessdata.fda.gov/scripts/cder/daf/index.cfm?event=overview.process&varApplNo=017646,https://api.fda.gov/drug/drugsfda.json?search=application_number:%22BLA017646%22,Payload-verified; no per-row live probe issued for non-NME rows (cross-checked against the full Drugs@FDA database instead),"Row of the complete 1965-1976 original-application audit (v21): every ORIG/AP row of the committed SHA-verified payloads; facts verbatim from the payload; no ticker, indication or applicant lineage asserted."
PRE1980AUDIT-1975-32,1975,NDA017576,NDA,1975-08-28,TYPE 3,Type 3 - New Dosage Form,STANDARD,FALSE,Type 3 - New Dosage Form,WARNER CHILCOTT LLC,OVCON-50,ETHINYL ESTRADIOL 0.05MG; NORETHINDRONE 1MG **Federal Register determination that product was not discontinued or withdrawn for safety or effectiveness reasons**,TABLET; ORAL-28,1,Discontinued,2 ingredients first seen earlier (earliest 1943-06-25 on NDA005292),non-NME row: earlier appearances permitted by construction; see ingredient_first_appearance,none (not a Type 1/1-4 original approval),NOT_PROBED_NON_NME_ROW,https://www.accessdata.fda.gov/scripts/cder/daf/index.cfm?event=overview.process&varApplNo=017576,https://api.fda.gov/drug/drugsfda.json?search=application_number:%22NDA017576%22,Payload-verified; no per-row live probe issued for non-NME rows (cross-checked against the full Drugs@FDA database instead),"Row of the complete 1965-1976 original-application audit (v21): every ORIG/AP row of the committed SHA-verified payloads; facts verbatim from the payload; no ticker, indication or applicant lineage asserted."
PRE1980AUDIT-1975-33,1975,NDA017603,NDA,1975-08-29,TYPE 3,Type 3 - New Dosage Form,STANDARD,FALSE,Type 3 - New Dosage Form,SANOFI AVENTIS US,NOVAFED,PSEUDOEPHEDRINE HYDROCHLORIDE 120MG,"CAPSULE, EXTENDED RELEASE; ORAL",1,Discontinued,first-in-payloads (1939-1979 universe),non-NME row: earlier appearances permitted by construction; see ingredient_first_appearance,none (not a Type 1/1-4 original approval),NOT_PROBED_NON_NME_ROW,https://www.accessdata.fda.gov/scripts/cder/daf/index.cfm?event=overview.process&varApplNo=017603,https://api.fda.gov/drug/drugsfda.json?search=application_number:%22NDA017603%22,Payload-verified; no per-row live probe issued for non-NME rows (cross-checked against the full Drugs@FDA database instead),"Row of the complete 1965-1976 original-application audit (v21): every ORIG/AP row of the committed SHA-verified payloads; facts verbatim from the payload; no ticker, indication or applicant lineage asserted."
PRE1980AUDIT-1975-34,1975,NDA017569,NDA,1975-09-12,TYPE 1,Type 1 - New Molecular Entity,PRIORITY,TRUE,NME (Type 1),GLENWOOD,Renoquid,SULFACYTINE 250MG,TABLET; ORAL,1,Discontinued,first-in-payloads (1939-1979 universe),first appearance in the 1939-1979 payload universe,PRE1980-1975-09,MATCH,https://www.accessdata.fda.gov/scripts/cder/daf/index.cfm?event=overview.process&varApplNo=017569,https://api.fda.gov/drug/drugsfda.json?search=application_number:%22NDA017569%22,Verified (live probe match),"Row of the complete 1965-1976 original-application audit (v21): every ORIG/AP row of the committed SHA-verified payloads; facts verbatim from the payload; no ticker, indication or applicant lineage asserted."
PRE1980AUDIT-1975-35,1975,NDA017643,NDA,1975-10-07,TYPE 3,Type 3 - New Dosage Form,STANDARD,FALSE,Type 3 - New Dosage Form,FRESENIUS,INTRALIPID 10%,SOYBEAN OIL 10%,INJECTABLE; INJECTION,1,Discontinued,first-in-payloads (1939-1979 universe),non-NME row: earlier appearances permitted by construction; see ingredient_first_appearance,none (not a Type 1/1-4 original approval),NOT_PROBED_NON_NME_ROW,https://www.accessdata.fda.gov/scripts/cder/daf/index.cfm?event=overview.process&varApplNo=017643,https://api.fda.gov/drug/drugsfda.json?search=application_number:%22NDA017643%22,Payload-verified; no per-row live probe issued for non-NME rows (cross-checked against the full Drugs@FDA database instead),"Row of the complete 1965-1976 original-application audit (v21): every ORIG/AP row of the committed SHA-verified payloads; facts verbatim from the payload; no ticker, indication or applicant lineage asserted."
PRE1980AUDIT-1975-36,1975,NDA016891,NDA,1975-11-12,TYPE 4,Type 4 - New Combination,STANDARD,FALSE,Type 4 - New Combination,SANOFI AVENTIS US,TALWIN COMPOUND,ASPIRIN 325MG; PENTAZOCINE HYDROCHLORIDE EQ 12.5MG BASE **Federal Register determination that product was not discontinued or withdrawn for safety or effectiveness reasons**,TABLET; ORAL,1,Discontinued,2 ingredients first seen earlier (earliest 1950-04-12 on NDA007337),non-NME row: earlier appearances permitted by construction; see ingredient_first_appearance,none (not a Type 1/1-4 original approval),NOT_PROBED_NON_NME_ROW,https://www.accessdata.fda.gov/scripts/cder/daf/index.cfm?event=overview.process&varApplNo=016891,https://api.fda.gov/drug/drugsfda.json?search=application_number:%22NDA016891%22,Payload-verified; no per-row live probe issued for non-NME rows (cross-checked against the full Drugs@FDA database instead),"Row of the complete 1965-1976 original-application audit (v21): every ORIG/AP row of the committed SHA-verified payloads; facts verbatim from the payload; no ticker, indication or applicant lineage asserted."
PRE1980AUDIT-1975-37,1975,NDA017673,NDA,1975-12-03,TYPE 3,Type 3 - New Dosage Form,STANDARD,FALSE,Type 3 - New Dosage Form,ICU MEDICAL INC,AMINOSYN 10% (PH6),AMINO ACIDS 10% (10GM/100ML),INJECTABLE; INJECTION,9,Discontinued,4 ingredients first seen earlier (earliest 1971-09-24 on NDA016822),non-NME row: earlier appearances permitted by construction; see ingredient_first_appearance,none (not a Type 1/1-4 original approval),NOT_PROBED_NON_NME_ROW,https://www.accessdata.fda.gov/scripts/cder/daf/index.cfm?event=overview.process&varApplNo=017673,https://api.fda.gov/drug/drugsfda.json?search=application_number:%22NDA017673%22,Payload-verified; no per-row live probe issued for non-NME rows (cross-checked against the full Drugs@FDA database instead),"Row of the complete 1965-1976 original-application audit (v21): every ORIG/AP row of the committed SHA-verified payloads; facts verbatim from the payload; no ticker, indication or applicant lineage asserted."
PRE1980AUDIT-1975-38,1975,NDA050479,NDA,1975-12-09,TYPE 5,Type 5 - New Formulation or New Manufacturer,STANDARD,FALSE,Type 5 - New Formulation or New Manufacturer,MONARCH PHARMS,CORTISPORIN,"HYDROCORTISONE 1%; NEOMYCIN SULFATE EQ 3.5MG BASE/ML; POLYMYXIN B SULFATE 10,000 UNITS/ML **Federal Register determination that product was not discontinued or withdrawn for safety or effectiveness reasons**",SOLUTION/DROPS; OTIC,1,Discontinued,3 ingredients first seen earlier (earliest 1952-08-05 on NDA008506),non-NME row: earlier appearances permitted by construction; see ingredient_first_appearance,none (not a Type 1/1-4 original approval),NOT_PROBED_NON_NME_ROW,https://www.accessdata.fda.gov/scripts/cder/daf/index.cfm?event=overview.process&varApplNo=050479,https://api.fda.gov/drug/drugsfda.json?search=application_number:%22NDA050479%22,Payload-verified; no per-row live probe issued for non-NME rows (cross-checked against the full Drugs@FDA database instead),"Row of the complete 1965-1976 original-application audit (v21): every ORIG/AP row of the committed SHA-verified payloads; facts verbatim from the payload; no ticker, indication or applicant lineage asserted."
PRE1980AUDIT-1975-39,1975,NDA017486,NDA,1975-12-10,TYPE 5,Type 5 - New Formulation or New Manufacturer,STANDARD,FALSE,Type 5 - New Formulation or New Manufacturer,EPIC PHARMA LLC,HEPARIN SODIUM,"HEPARIN SODIUM 20,000 UNITS/ML",INJECTABLE; INJECTION,5,Discontinued,HEPARIN SODIUM first 1939-02-09 on NDA000552,non-NME row: earlier appearances permitted by construction; see ingredient_first_appearance,none (not a Type 1/1-4 original approval),NOT_PROBED_NON_NME_ROW,https://www.accessdata.fda.gov/scripts/cder/daf/index.cfm?event=overview.process&varApplNo=017486,https://api.fda.gov/drug/drugsfda.json?search=application_number:%22NDA017486%22,Payload-verified; no per-row live probe issued for non-NME rows (cross-checked against the full Drugs@FDA database instead),"Row of the complete 1965-1976 original-application audit (v21): every ORIG/AP row of the committed SHA-verified payloads; facts verbatim from the payload; no ticker, indication or applicant lineage asserted."
PRE1980AUDIT-1976-01,1976,NDA017585,NDA,1976-01-07,TYPE 5,Type 5 - New Formulation or New Manufacturer,STANDARD,FALSE,Type 5 - New Formulation or New Manufacturer,OTSUKA ICU MEDCL,DEXTROSE 5% AND SODIUM CHLORIDE 0.9% IN PLASTIC CONTAINER,DEXTROSE 5GM/100ML; SODIUM CHLORIDE 900MG/100ML,INJECTABLE; INJECTION,1,Prescription,2 ingredients first seen earlier (earliest 1946-01-17 on NDA004589),non-NME row: earlier appearances permitted by construction; see ingredient_first_appearance,none (not a Type 1/1-4 original approval),NOT_PROBED_NON_NME_ROW,https://www.accessdata.fda.gov/scripts/cder/daf/index.cfm?event=overview.process&varApplNo=017585,https://api.fda.gov/drug/drugsfda.json?search=application_number:%22NDA017585%22,Payload-verified; no per-row live probe issued for non-NME rows (cross-checked against the full Drugs@FDA database instead),"Row of the complete 1965-1976 original-application audit (v21): every ORIG/AP row of the committed SHA-verified payloads; facts verbatim from the payload; no ticker, indication or applicant lineage asserted."
PRE1980AUDIT-1976-02,1976,NDA017641,NDA,1976-01-26,TYPE 5,Type 5 - New Formulation or New Manufacturer,STANDARD,FALSE,Type 5 - New Formulation or New Manufacturer,OTSUKA ICU MEDCL,LACTATED RINGER'S IN PLASTIC CONTAINER,CALCIUM CHLORIDE 20MG/100ML; POTASSIUM CHLORIDE 30MG/100ML; SODIUM CHLORIDE 600MG/100ML; SODIUM LACTATE 310MG/100ML,INJECTABLE; INJECTION,1,Prescription,4 ingredients first seen earlier (earliest 1971-03-22 on NDA016679),non-NME row: earlier appearances permitted by construction; see ingredient_first_appearance,none (not a Type 1/1-4 original approval),NOT_PROBED_NON_NME_ROW,https://www.accessdata.fda.gov/scripts/cder/daf/index.cfm?event=overview.process&varApplNo=017641,https://api.fda.gov/drug/drugsfda.json?search=application_number:%22NDA017641%22,Payload-verified; no per-row live probe issued for non-NME rows (cross-checked against the full Drugs@FDA database instead),"Row of the complete 1965-1976 original-application audit (v21): every ORIG/AP row of the committed SHA-verified payloads; facts verbatim from the payload; no ticker, indication or applicant lineage asserted."
PRE1980AUDIT-1976-03,1976,NDA017703,NDA,1976-01-30,TYPE 3,Type 3 - New Dosage Form,PRIORITY,FALSE,Type 3 - New Dosage Form,ABBOTT,CYLERT,PEMOLINE 37.5MG,"TABLET, CHEWABLE; ORAL",1,Discontinued,PEMOLINE first 1975-01-27 on NDA016832,non-NME row: earlier appearances permitted by construction; see ingredient_first_appearance,none (not a Type 1/1-4 original approval),NOT_PROBED_NON_NME_ROW,https://www.accessdata.fda.gov/scripts/cder/daf/index.cfm?event=overview.process&varApplNo=017703,https://api.fda.gov/drug/drugsfda.json?search=application_number:%22NDA017703%22,Payload-verified; no per-row live probe issued for non-NME rows (cross-checked against the full Drugs@FDA database instead),"Row of the complete 1965-1976 original-application audit (v21): every ORIG/AP row of the committed SHA-verified payloads; facts verbatim from the payload; no ticker, indication or applicant lineage asserted."
PRE1980AUDIT-1976-04,1976,NDA017553,NDA,1976-02-04,TYPE 3,Type 3 - New Dosage Form,PRIORITY,FALSE,Type 3 - New Dosage Form,ALZA,PROGESTASERT,PROGESTERONE 38MG,"INSERT, EXTENDED RELEASE; INTRAUTERINE",1,Discontinued,PROGESTERONE first 1974-11-01 on NDA009238,non-NME row: earlier appearances permitted by construction; see ingredient_first_appearance,none (not a Type 1/1-4 original approval),NOT_PROBED_NON_NME_ROW,https://www.accessdata.fda.gov/scripts/cder/daf/index.cfm?event=overview.process&varApplNo=017553,https://api.fda.gov/drug/drugsfda.json?search=application_number:%22NDA017553%22,Payload-verified; no per-row live probe issued for non-NME rows (cross-checked against the full Drugs@FDA database instead),"Row of the complete 1965-1976 original-application audit (v21): every ORIG/AP row of the committed SHA-verified payloads; facts verbatim from the payload; no ticker, indication or applicant lineage asserted."
PRE1980AUDIT-1976-05,1976,BLA017833,BLA,1976-02-23,TYPE 2,Type 2 - New Active Ingredient,STANDARD,FALSE,Type 2 - New Active Ingredient,BRACCO,MACROTEC,TECHNETIUM TC-99M ALBUMIN AGGREGATED KIT N/A,INJECTABLE; INJECTION,1,Discontinued,first-in-payloads (1939-1979 universe),non-NME row: earlier appearances permitted by construction; see ingredient_first_appearance,none (not a Type 1/1-4 original approval),NOT_PROBED_NON_NME_ROW,https://www.accessdata.fda.gov/scripts/cder/daf/index.cfm?event=overview.process&varApplNo=017833,https://api.fda.gov/drug/drugsfda.json?search=application_number:%22BLA017833%22,Payload-verified; no per-row live probe issued for non-NME rows (cross-checked against the full Drugs@FDA database instead),"Row of the complete 1965-1976 original-application audit (v21): every ORIG/AP row of the committed SHA-verified payloads; facts verbatim from the payload; no ticker, indication or applicant lineage asserted."
PRE1980AUDIT-1976-06,1976,BLA017835,BLA,1976-02-23,TYPE 1,Type 1 - New Molecular Entity,PRIORITY,TRUE,NME (Type 1),ISO TEX,Chromalbin,ALBUMIN CHROMATED CR-51 SERUM 250uCi/VIAL,INJECTABLE; INJECTION,3,Discontinued,first-in-payloads (1939-1979 universe),first appearance in the 1939-1979 payload universe,PRE1980-1976-01,MATCH,https://www.accessdata.fda.gov/scripts/cder/daf/index.cfm?event=overview.process&varApplNo=017835,https://api.fda.gov/drug/drugsfda.json?search=application_number:%22BLA017835%22,Verified (live probe match),"Row of the complete 1965-1976 original-application audit (v21): every ORIG/AP row of the committed SHA-verified payloads; facts verbatim from the payload; no ticker, indication or applicant lineage asserted."
PRE1980AUDIT-1976-07,1976,BLA017836,BLA,1976-02-23,TYPE 1,Type 1 - New Molecular Entity,PRIORITY,TRUE,NME (Type 1),ISO TEX,Jeanatope,ALBUMIN IODINATED I-125 SERUM 500uCi/0.5ML,INJECTABLE; INJECTION,3,Prescription,first-in-payloads (1939-1979 universe),first appearance in the 1939-1979 payload universe,PRE1980-1976-02,MATCH,https://www.accessdata.fda.gov/scripts/cder/daf/index.cfm?event=overview.process&varApplNo=017836,https://api.fda.gov/drug/drugsfda.json?search=application_number:%22BLA017836%22,Verified (live probe match),"Row of the complete 1965-1976 original-application audit (v21): every ORIG/AP row of the committed SHA-verified payloads; facts verbatim from the payload; no ticker, indication or applicant lineage asserted."
PRE1980AUDIT-1976-08,1976,BLA017837,BLA,1976-02-23,TYPE 5,Type 5 - New Formulation or New Manufacturer,STANDARD,FALSE,Type 5 - New Formulation or New Manufacturer,ISO TEX,MEGATOPE,ALBUMIN IODINATED I-131 SERUM 20uCi/AMP,INJECTABLE; INJECTION,5,Discontinued,first-in-payloads (1939-1979 universe),non-NME row: earlier appearances permitted by construction; see ingredient_first_appearance,none (not a Type 1/1-4 original approval),NOT_PROBED_NON_NME_ROW,https://www.accessdata.fda.gov/scripts/cder/daf/index.cfm?event=overview.process&varApplNo=017837,https://api.fda.gov/drug/drugsfda.json?search=application_number:%22BLA017837%22,Payload-verified; no per-row live probe issued for non-NME rows (cross-checked against the full Drugs@FDA database instead),"Row of the complete 1965-1976 original-application audit (v21): every ORIG/AP row of the committed SHA-verified payloads; facts verbatim from the payload; no ticker, indication or applicant lineage asserted."
PRE1980AUDIT-1976-09,1976,NDA017421,NDA,1976-03-10,TYPE 5,Type 5 - New Formulation or New Manufacturer,STANDARD,FALSE,Type 5 - New Formulation or New Manufacturer,DIAL,DIAL,HEXACHLOROPHENE 0.25%,SOLUTION; TOPICAL,1,Discontinued,HEXACHLOROPHENE first 1949-04-19 on NDA006882,non-NME row: earlier appearances permitted by construction; see ingredient_first_appearance,none (not a Type 1/1-4 original approval),NOT_PROBED_NON_NME_ROW,https://www.accessdata.fda.gov/scripts/cder/daf/index.cfm?event=overview.process&varApplNo=017421,https://api.fda.gov/drug/drugsfda.json?search=application_number:%22NDA017421%22,Payload-verified; no per-row live probe issued for non-NME rows (cross-checked against the full Drugs@FDA database instead),"Row of the complete 1965-1976 original-application audit (v21): every ORIG/AP row of the committed SHA-verified payloads; facts verbatim from the payload; no ticker, indication or applicant lineage asserted."
PRE1980AUDIT-1976-10,1976,NDA017518,NDA,1976-03-11,TYPE 1,Type 1 - New Molecular Entity,PRIORITY,TRUE,NME (Type 1),3M,Ytterbium Yb 169 DTPA,PENTETATE CALCIUM TRISODIUM YB-169 2mCi/ML,INJECTABLE; INJECTION,1,Discontinued,first-in-payloads (1939-1979 universe),first appearance in the 1939-1979 payload universe,PRE1980-1976-03,MATCH,https://www.accessdata.fda.gov/scripts/cder/daf/index.cfm?event=overview.process&varApplNo=017518,https://api.fda.gov/drug/drugsfda.json?search=application_number:%22NDA017518%22,Verified (live probe match),"Row of the complete 1965-1976 original-application audit (v21): every ORIG/AP row of the committed SHA-verified payloads; facts verbatim from the payload; no ticker, indication or applicant lineage asserted."
PRE1980AUDIT-1976-11,1976,NDA017581,NDA,1976-03-11,TYPE 1,Type 1 - New Molecular Entity,STANDARD,TRUE,NME (Type 1),ATNAHS PHARMA US,Naprosyn,NAPROXEN 500MG,TABLET; ORAL,3,Prescription,first-in-payloads (1939-1979 universe),first appearance in the 1939-1979 payload universe,PRE1980-1976-04,MATCH,https://www.accessdata.fda.gov/scripts/cder/daf/index.cfm?event=overview.process&varApplNo=017581,https://api.fda.gov/drug/drugsfda.json?search=application_number:%22NDA017581%22,Verified (live probe match),"Row of the complete 1965-1976 original-application audit (v21): every ORIG/AP row of the committed SHA-verified payloads; facts verbatim from the payload; no ticker, indication or applicant lineage asserted."
PRE1980AUDIT-1976-12,1976,NDA017604,NDA,1976-03-16,TYPE 1,Type 1 - New Molecular Entity,PRIORITY,TRUE,NME (Type 1),PHARMACO,Nalfon,FENOPROFEN CALCIUM EQ 200MG BASE **Federal Register determination that product was not discontinued or withdrawn for safety or effectiveness reasons**,CAPSULE; ORAL,3,Discontinued,first-in-payloads (1939-1979 universe),first appearance in the 1939-1979 payload universe,PRE1980-1976-05,MATCH,https://www.accessdata.fda.gov/scripts/cder/daf/index.cfm?event=overview.process&varApplNo=017604,https://api.fda.gov/drug/drugsfda.json?search=application_number:%22NDA017604%22,Verified (live probe match),"Row of the complete 1965-1976 original-application audit (v21): every ORIG/AP row of the committed SHA-verified payloads; facts verbatim from the payload; no ticker, indication or applicant lineage asserted."
PRE1980AUDIT-1976-13,1976,NDA017802,NDA,1976-03-16,TYPE 3,Type 3 - New Dosage Form,STANDARD,FALSE,Type 3 - New Dosage Form,WYETH PHARMS,LO/OVRAL-28,ETHINYL ESTRADIOL 0.03MG; NORGESTREL 0.3MG **Federal Register determination that product was not discontinued or withdrawn for safety or effectiveness reasons**,TABLET; ORAL-28,1,Discontinued,2 ingredients first seen earlier (earliest 1943-06-25 on NDA005292),non-NME row: earlier appearances permitted by construction; see ingredient_first_appearance,none (not a Type 1/1-4 original approval),NOT_PROBED_NON_NME_ROW,https://www.accessdata.fda.gov/scripts/cder/daf/index.cfm?event=overview.process&varApplNo=017802,https://api.fda.gov/drug/drugsfda.json?search=application_number:%22NDA017802%22,Payload-verified; no per-row live probe issued for non-NME rows (cross-checked against the full Drugs@FDA database instead),"Row of the complete 1965-1976 original-application audit (v21): every ORIG/AP row of the committed SHA-verified payloads; facts verbatim from the payload; no ticker, indication or applicant lineage asserted."
PRE1980AUDIT-1976-14,1976,NDA017493,NDA,1976-03-24,TYPE 5,Type 5 - New Formulation or New Manufacturer,STANDARD,FALSE,Type 5 - New Formulation or New Manufacturer,BAXTER HLTHCARE,TRAVASOL 10% W/O ELECTROLYTES,AMINO ACIDS 10% (10GM/100ML),INJECTABLE; INJECTION,7,Discontinued,5 ingredients first seen earlier (earliest 1971-09-24 on NDA016822),non-NME row: earlier appearances permitted by construction; see ingredient_first_appearance,none (not a Type 1/1-4 original approval),NOT_PROBED_NON_NME_ROW,https://www.accessdata.fda.gov/scripts/cder/daf/index.cfm?event=overview.process&varApplNo=017493,https://api.fda.gov/drug/drugsfda.json?search=application_number:%22NDA017493%22,Payload-verified; no per-row live probe issued for non-NME rows (cross-checked against the full Drugs@FDA database instead),"Row of the complete 1965-1976 original-application audit (v21): every ORIG/AP row of the committed SHA-verified payloads; facts verbatim from the payload; no ticker, indication or applicant lineage asserted."
PRE1980AUDIT-1976-15,1976,NDA017550,NDA,1976-03-24,TYPE 5,Type 5 - New Formulation or New Manufacturer,STANDARD,FALSE,Type 5 - New Formulation or New Manufacturer,GEN ELECTRIC,XENON XE 133,XENON XE-133 0.25-5 CI/AMP,GAS; INHALATION,2,Discontinued,XENON XE-133 first 1974-10-10 on NDA017284,non-NME row: earlier appearances permitted by construction; see ingredient_first_appearance,none (not a Type 1/1-4 original approval),NOT_PROBED_NON_NME_ROW,https://www.accessdata.fda.gov/scripts/cder/daf/index.cfm?event=overview.process&varApplNo=017550,https://api.fda.gov/drug/drugsfda.json?search=application_number:%22NDA017550%22,Payload-verified; no per-row live probe issued for non-NME rows (cross-checked against the full Drugs@FDA database instead),"Row of the complete 1965-1976 original-application audit (v21): every ORIG/AP row of the committed SHA-verified payloads; facts verbatim from the payload; no ticker, indication or applicant lineage asserted."
PRE1980AUDIT-1976-16,1976,NDA017628,NDA,1976-03-24,TYPE 1,Type 1 - New Molecular Entity,STANDARD,TRUE,NME (Type 1),ORTHO MCNEIL JANSSEN,Tolectin 600,TOLMETIN SODIUM EQ 600MG BASE,TABLET; ORAL,2,Discontinued,first-in-payloads (1939-1979 universe),first appearance in the 1939-1979 payload universe,PRE1980-1976-06,MATCH,https://www.accessdata.fda.gov/scripts/cder/daf/index.cfm?event=overview.process&varApplNo=017628,https://api.fda.gov/drug/drugsfda.json?search=application_number:%22NDA017628%22,Verified (live probe match),"Row of the complete 1965-1976 original-application audit (v21): every ORIG/AP row of the committed SHA-verified payloads; facts verbatim from the payload; no ticker, indication or applicant lineage asserted."
PRE1980AUDIT-1976-17,1976,NDA017630,NDA,1976-03-24,TYPE 1,Type 1 - New Molecular Entity,PRIORITY,TRUE,NME (Type 1),GE HEALTHCARE,Sodium iodide I 123,SODIUM IODIDE I-123 200uCi,CAPSULE; ORAL,3,Discontinued,first-in-payloads (1939-1979 universe),first appearance in the 1939-1979 payload universe,PRE1980-1976-07,MATCH,https://www.accessdata.fda.gov/scripts/cder/daf/index.cfm?event=overview.process&varApplNo=017630,https://api.fda.gov/drug/drugsfda.json?search=application_number:%22NDA017630%22,Verified (live probe match),"Row of the complete 1965-1976 original-application audit (v21): every ORIG/AP row of the committed SHA-verified payloads; facts verbatim from the payload; no ticker, indication or applicant lineage asserted."
PRE1980AUDIT-1976-18,1976,NDA017717,NDA,1976-03-24,UNKNOWN,,UNKNOWN,FALSE,NOT PUBLISHED (blank class),BAYER HEALTHCARE LLC,GYNE-LOTRIMIN,CLOTRIMAZOLE 100MG,TABLET; VAGINAL,1,Discontinued,CLOTRIMAZOLE first 1975-02-03 on NDA017613,non-NME row: earlier appearances permitted by construction; see ingredient_first_appearance,none (not a Type 1/1-4 original approval),NOT_PROBED_NON_NME_ROW,https://www.accessdata.fda.gov/scripts/cder/daf/index.cfm?event=overview.process&varApplNo=017717,https://api.fda.gov/drug/drugsfda.json?search=application_number:%22NDA017717%22,Payload-verified; no per-row live probe issued for non-NME rows (cross-checked against the full Drugs@FDA database instead),"Row of the complete 1965-1976 original-application audit (v21): every ORIG/AP row of the committed SHA-verified payloads; facts verbatim from the payload; no ticker, indication or applicant lineage asserted."
PRE1980AUDIT-1976-19,1976,NDA017657,NDA,1976-03-25,TYPE 1,Type 1 - New Molecular Entity,PRIORITY,TRUE,NME (Type 1),SANOFI AVENTIS US,Cephulac,LACTULOSE 10GM/15ML **Federal Register determination that product was not discontinued or withdrawn for safety or effectiveness reasons**,"SOLUTION; ORAL, RECTAL",1,Discontinued,first-in-payloads (1939-1979 universe),first appearance in the 1939-1979 payload universe,PRE1980-1976-08,MATCH,https://www.accessdata.fda.gov/scripts/cder/daf/index.cfm?event=overview.process&varApplNo=017657,https://api.fda.gov/drug/drugsfda.json?search=application_number:%22NDA017657%22,Verified (live probe match),"Row of the complete 1965-1976 original-application audit (v21): every ORIG/AP row of the committed SHA-verified payloads; facts verbatim from the payload; no ticker, indication or applicant lineage asserted."
PRE1980AUDIT-1976-20,1976,NDA017584,NDA,1976-03-26,TYPE 5,Type 5 - New Formulation or New Manufacturer,STANDARD,FALSE,Type 5 - New Formulation or New Manufacturer,FRESENIUS KABI USA,LIDOCAINE HYDROCHLORIDE PRESERVATIVE FREE,LIDOCAINE HYDROCHLORIDE 4%,INJECTABLE; INJECTION,2,Prescription,LIDOCAINE HYDROCHLORIDE first 1948-11-19 on NDA006488,non-NME row: earlier appearances permitted by construction; see ingredient_first_appearance,none (not a Type 1/1-4 original approval),NOT_PROBED_NON_NME_ROW,https://www.accessdata.fda.gov/scripts/cder/daf/index.cfm?event=overview.process&varApplNo=017584,https://api.fda.gov/drug/drugsfda.json?search=application_number:%22NDA017584%22,Payload-verified; no per-row live probe issued for non-NME rows (cross-checked against the full Drugs@FDA database instead),"Row of the complete 1965-1976 original-application audit (v21): every ORIG/AP row of the committed SHA-verified payloads; facts verbatim from the payload; no ticker, indication or applicant lineage asserted."
PRE1980AUDIT-1976-21,1976,NDA017716,NDA,1976-03-29,TYPE 3,Type 3 - New Dosage Form,STANDARD,FALSE,Type 3 - New Dosage Form,WARNER CHILCOTT LLC,OVCON-35,ETHINYL ESTRADIOL 0.035MG; NORETHINDRONE 0.4MG **Federal Register determination that product was not discontinued or withdrawn for safety or effectiveness reasons**,TABLET; ORAL-28,1,Discontinued,2 ingredients first seen earlier (earliest 1943-06-25 on NDA005292),non-NME row: earlier appearances permitted by construction; see ingredient_first_appearance,none (not a Type 1/1-4 original approval),NOT_PROBED_NON_NME_ROW,https://www.accessdata.fda.gov/scripts/cder/daf/index.cfm?event=overview.process&varApplNo=017716,https://api.fda.gov/drug/drugsfda.json?search=application_number:%22NDA017716%22,Payload-verified; no per-row live probe issued for non-NME rows (cross-checked against the full Drugs@FDA database instead),"Row of the complete 1965-1976 original-application audit (v21): every ORIG/AP row of the committed SHA-verified payloads; facts verbatim from the payload; no ticker, indication or applicant lineage asserted."
PRE1980AUDIT-1976-22,1976,NDA017743,NDA,1976-03-29,TYPE 3,Type 3 - New Dosage Form,STANDARD,FALSE,Type 3 - New Dosage Form,ALLERGAN,BREVICON 28-DAY,ETHINYL ESTRADIOL 0.035MG; NORETHINDRONE 0.5MG,TABLET; ORAL-28,1,Discontinued,2 ingredients first seen earlier (earliest 1943-06-25 on NDA005292),non-NME row: earlier appearances permitted by construction; see ingredient_first_appearance,none (not a Type 1/1-4 original approval),NOT_PROBED_NON_NME_ROW,https://www.accessdata.fda.gov/scripts/cder/daf/index.cfm?event=overview.process&varApplNo=017743,https://api.fda.gov/drug/drugsfda.json?search=application_number:%22NDA017743%22,Payload-verified; no per-row live probe issued for non-NME rows (cross-checked against the full Drugs@FDA database instead),"Row of the complete 1965-1976 original-application audit (v21): every ORIG/AP row of the committed SHA-verified payloads; facts verbatim from the payload; no ticker, indication or applicant lineage asserted."
PRE1980AUDIT-1976-23,1976,NDA017255,NDA,1976-04-15,TYPE 5,Type 5 - New Formulation or New Manufacturer,STANDARD,FALSE,Type 5 - New Formulation or New Manufacturer,GE HEALTHCARE,MPI DTPA KIT - CHELATE,TECHNETIUM TC-99M PENTETATE KIT N/A,INJECTABLE; INJECTION,1,Discontinued,TECHNETIUM TC-99M PENTETATE KIT first 1974-02-14 on NDA017264,non-NME row: earlier appearances permitted by construction; see ingredient_first_appearance,none (not a Type 1/1-4 original approval),NOT_PROBED_NON_NME_ROW,https://www.accessdata.fda.gov/scripts/cder/daf/index.cfm?event=overview.process&varApplNo=017255,https://api.fda.gov/drug/drugsfda.json?search=application_number:%22NDA017255%22,Payload-verified; no per-row live probe issued for non-NME rows (cross-checked against the full Drugs@FDA database instead),"Row of the complete 1965-1976 original-application audit (v21): every ORIG/AP row of the committed SHA-verified payloads; facts verbatim from the payload; no ticker, indication or applicant lineage asserted."
PRE1980AUDIT-1976-24,1976,NDA017691,NDA,1976-04-15,TYPE 3,Type 3 - New Dosage Form,STANDARD,FALSE,Type 3 - New Dosage Form,SCHERING,DIPROSONE,BETAMETHASONE DIPROPIONATE EQ 0.05% BASE,OINTMENT; TOPICAL,1,Discontinued,BETAMETHASONE DIPROPIONATE first 1975-01-29 on NDA017536,non-NME row: earlier appearances permitted by construction; see ingredient_first_appearance,none (not a Type 1/1-4 original approval),NOT_PROBED_NON_NME_ROW,https://www.accessdata.fda.gov/scripts/cder/daf/index.cfm?event=overview.process&varApplNo=017691,https://api.fda.gov/drug/drugsfda.json?search=application_number:%22NDA017691%22,Payload-verified; no per-row live probe issued for non-NME rows (cross-checked against the full Drugs@FDA database instead),"Row of the complete 1965-1976 original-application audit (v21): every ORIG/AP row of the committed SHA-verified payloads; facts verbatim from the payload; no ticker, indication or applicant lineage asserted."
PRE1980AUDIT-1976-25,1976,NDA017534,NDA,1976-05-04,TYPE 5,Type 5 - New Formulation or New Manufacturer,STANDARD,FALSE,Type 5 - New Formulation or New Manufacturer,ALLERGAN,FIORINAL,ASPIRIN 325MG; BUTALBITAL 50MG; CAFFEINE 40MG **Federal Register determination that product was not discontinued or withdrawn for safety or effectiveness reasons**,TABLET; ORAL,2,Discontinued,2 ingredients first seen earlier (earliest 1950-04-12 on NDA007337),non-NME row: earlier appearances permitted by construction; see ingredient_first_appearance,none (not a Type 1/1-4 original approval),NOT_PROBED_NON_NME_ROW,https://www.accessdata.fda.gov/scripts/cder/daf/index.cfm?event=overview.process&varApplNo=017534,https://api.fda.gov/drug/drugsfda.json?search=application_number:%22NDA017534%22,Payload-verified; no per-row live probe issued for non-NME rows (cross-checked against the full Drugs@FDA database instead),"Row of the complete 1965-1976 original-application audit (v21): every ORIG/AP row of the committed SHA-verified payloads; facts verbatim from the payload; no ticker, indication or applicant lineage asserted."
PRE1980AUDIT-1976-26,1976,NDA017658,NDA,1976-05-04,TYPE 2,Type 2 - New Active Ingredient,STANDARD,FALSE,Type 2 - New Active Ingredient,TEVA BRANDED PHARM,LOXITANE C,LOXAPINE HYDROCHLORIDE EQ 25MG BASE/ML,CONCENTRATE; ORAL,1,Discontinued,first-in-payloads (1939-1979 universe),non-NME row: earlier appearances permitted by construction; see ingredient_first_appearance,none (not a Type 1/1-4 original approval),NOT_PROBED_NON_NME_ROW,https://www.accessdata.fda.gov/scripts/cder/daf/index.cfm?event=overview.process&varApplNo=017658,https://api.fda.gov/drug/drugsfda.json?search=application_number:%22NDA017658%22,Payload-verified; no per-row live probe issued for non-NME rows (cross-checked against the full Drugs@FDA database instead),"Row of the complete 1965-1976 original-application audit (v21): every ORIG/AP row of the committed SHA-verified payloads; facts verbatim from the payload; no ticker, indication or applicant lineage asserted."
PRE1980AUDIT-1976-27,1976,NDA017573,NDA,1976-05-12,TYPE 1,Type 1 - New Molecular Entity,PRIORITY,TRUE,NME (Type 1),SCHERING,Vanceril,BECLOMETHASONE DIPROPIONATE 0.042MG/INH,"AEROSOL, METERED; INHALATION",1,Discontinued,first-in-payloads (1939-1979 universe),first appearance in the 1939-1979 payload universe,PRE1980-1976-09,MATCH,https://www.accessdata.fda.gov/scripts/cder/daf/index.cfm?event=overview.process&varApplNo=017573,https://api.fda.gov/drug/drugsfda.json?search=application_number:%22NDA017573%22,Verified (live probe match),"Row of the complete 1965-1976 original-application audit (v21): every ORIG/AP row of the committed SHA-verified payloads; facts verbatim from the payload; no ticker, indication or applicant lineage asserted."
PRE1980AUDIT-1976-28,1976,NDA017635,NDA,1976-05-14,TYPE 5,Type 5 - New Formulation or New Manufacturer,STANDARD,FALSE,Type 5 - New Formulation or New Manufacturer,OTSUKA ICU MEDCL,RINGER'S IN PLASTIC CONTAINER,CALCIUM CHLORIDE 33MG/100ML; POTASSIUM CHLORIDE 30MG/100ML; SODIUM CHLORIDE 860MG/100ML,SOLUTION; IRRIGATION,1,Prescription,3 ingredients first seen earlier (earliest 1971-03-22 on NDA016679),non-NME row: earlier appearances permitted by construction; see ingredient_first_appearance,none (not a Type 1/1-4 original approval),NOT_PROBED_NON_NME_ROW,https://www.accessdata.fda.gov/scripts/cder/daf/index.cfm?event=overview.process&varApplNo=017635,https://api.fda.gov/drug/drugsfda.json?search=application_number:%22NDA017635%22,Payload-verified; no per-row live probe issued for non-NME rows (cross-checked against the full Drugs@FDA database instead),"Row of the complete 1965-1976 original-application audit (v21): every ORIG/AP row of the committed SHA-verified payloads; facts verbatim from the payload; no ticker, indication or applicant lineage asserted."
PRE1980AUDIT-1976-29,1976,NDA017735,NDA,1976-05-14,TYPE 5,Type 5 - New Formulation or New Manufacturer,STANDARD,FALSE,Type 5 - New Formulation or New Manufacturer,JANSSEN PHARMS,MODICON 28,ETHINYL ESTRADIOL 0.035MG; NORETHINDRONE 0.5MG **Federal Register determination that product was not discontinued or withdrawn for safety or effectiveness reasons**,TABLET; ORAL-28,1,Discontinued,2 ingredients first seen earlier (earliest 1943-06-25 on NDA005292),non-NME row: earlier appearances permitted by construction; see ingredient_first_appearance,none (not a Type 1/1-4 original approval),NOT_PROBED_NON_NME_ROW,https://www.accessdata.fda.gov/scripts/cder/daf/index.cfm?event=overview.process&varApplNo=017735,https://api.fda.gov/drug/drugsfda.json?search=application_number:%22NDA017735%22,Payload-verified; no per-row live probe issued for non-NME rows (cross-checked against the full Drugs@FDA database instead),"Row of the complete 1965-1976 original-application audit (v21): every ORIG/AP row of the committed SHA-verified payloads; facts verbatim from the payload; no ticker, indication or applicant lineage asserted."
PRE1980AUDIT-1976-30,1976,NDA017789,NDA,1976-05-14,TYPE 3,Type 3 - New Dosage Form,STANDARD,FALSE,Type 3 - New Dosage Form,ICU MEDICAL INC,AMINOSYN 3.5% M,AMINO ACIDS 3.5%; MAGNESIUM ACETATE 21MG/100ML; PHOSPHORIC ACID 40MG/100ML; POTASSIUM ACETATE 128MG/100ML; SODIUM CHLORIDE 234MG/100ML,INJECTABLE; INJECTION,4,Discontinued,7 ingredients first seen earlier (earliest 1971-09-24 on NDA016822),non-NME row: earlier appearances permitted by construction; see ingredient_first_appearance,none (not a Type 1/1-4 original approval),NOT_PROBED_NON_NME_ROW,https://www.accessdata.fda.gov/scripts/cder/daf/index.cfm?event=overview.process&varApplNo=017789,https://api.fda.gov/drug/drugsfda.json?search=application_number:%22NDA017789%22,Payload-verified; no per-row live probe issued for non-NME rows (cross-checked against the full Drugs@FDA database instead),"Row of the complete 1965-1976 original-application audit (v21): every ORIG/AP row of the committed SHA-verified payloads; facts verbatim from the payload; no ticker, indication or applicant lineage asserted."
PRE1980AUDIT-1976-31,1976,NDA017478,NDA,1976-05-17,TYPE 1,Type 1 - New Molecular Entity,PRIORITY,TRUE,NME (Type 1),LANTHEUS MEDCL,Gallium citrate Ga 67,GALLIUM CITRATE GA-67 2mCi/ML,INJECTABLE; INJECTION,1,Discontinued,first-in-payloads (1939-1979 universe),first appearance in the 1939-1979 payload universe,PRE1980-1976-10,MATCH,https://www.accessdata.fda.gov/scripts/cder/daf/index.cfm?event=overview.process&varApplNo=017478,https://api.fda.gov/drug/drugsfda.json?search=application_number:%22NDA017478%22,Verified (live probe match),"Row of the complete 1965-1976 original-application audit (v21): every ORIG/AP row of the committed SHA-verified payloads; facts verbatim from the payload; no ticker, indication or applicant lineage asserted."
PRE1980AUDIT-1976-32,1976,NDA017849,NDA,1976-05-17,TYPE 5,Type 5 - New Formulation or New Manufacturer,STANDARD,FALSE,Type 5 - New Formulation or New Manufacturer,ANI PHARMS,BRETHINE,TERBUTALINE SULFATE 2.5MG,TABLET; ORAL,2,Prescription,TERBUTALINE SULFATE first 1974-03-25 on NDA017466,non-NME row: earlier appearances permitted by construction; see ingredient_first_appearance,none (not a Type 1/1-4 original approval),NOT_PROBED_NON_NME_ROW,https://www.accessdata.fda.gov/scripts/cder/daf/index.cfm?event=overview.process&varApplNo=017849,https://api.fda.gov/drug/drugsfda.json?search=application_number:%22NDA017849%22,Payload-verified; no per-row live probe issued for non-NME rows (cross-checked against the full Drugs@FDA database instead),"Row of the complete 1965-1976 original-application audit (v21): every ORIG/AP row of the committed SHA-verified payloads; facts verbatim from the payload; no ticker, indication or applicant lineage asserted."
PRE1980AUDIT-1976-33,1976,NDA017633,NDA,1976-05-25,TYPE 5,Type 5 - New Formulation or New Manufacturer,STANDARD,FALSE,Type 5 - New Formulation or New Manufacturer,HOSPIRA,GLYCINE 1.5% IN PLASTIC CONTAINER,GLYCINE 1.5GM/100ML,SOLUTION; IRRIGATION,1,Discontinued,first-in-payloads (1939-1979 universe),non-NME row: earlier appearances permitted by construction; see ingredient_first_appearance,none (not a Type 1/1-4 original approval),NOT_PROBED_NON_NME_ROW,https://www.accessdata.fda.gov/scripts/cder/daf/index.cfm?event=overview.process&varApplNo=017633,https://api.fda.gov/drug/drugsfda.json?search=application_number:%22NDA017633%22,Payload-verified; no per-row live probe issued for non-NME rows (cross-checked against the full Drugs@FDA database instead),"Row of the complete 1965-1976 original-application audit (v21): every ORIG/AP row of the committed SHA-verified payloads; facts verbatim from the payload; no ticker, indication or applicant lineage asserted."
PRE1980AUDIT-1976-34,1976,NDA017756,NDA,1976-05-26,TYPE 5,Type 5 - New Formulation or New Manufacturer,STANDARD,FALSE,Type 5 - New Formulation or New Manufacturer,J AND J CONSUMER INC,TYLENOL,ACETAMINOPHEN 650MG,SUPPOSITORY; RECTAL,2,Discontinued,ACETAMINOPHEN first 1968-11-07 on NDA016401,non-NME row: earlier appearances permitted by construction; see ingredient_first_appearance,none (not a Type 1/1-4 original approval),NOT_PROBED_NON_NME_ROW,https://www.accessdata.fda.gov/scripts/cder/daf/index.cfm?event=overview.process&varApplNo=017756,https://api.fda.gov/drug/drugsfda.json?search=application_number:%22NDA017756%22,Payload-verified; no per-row live probe issued for non-NME rows (cross-checked against the full Drugs@FDA database instead),"Row of the complete 1965-1976 original-application audit (v21): every ORIG/AP row of the committed SHA-verified payloads; facts verbatim from the payload; no ticker, indication or applicant lineage asserted."
PRE1980AUDIT-1976-35,1976,NDA017425,NDA,1976-05-28,TYPE 3,Type 3 - New Dosage Form,PRIORITY,FALSE,Type 3 - New Dosage Form,TEVA BRANDED PHARM,PROGLYCEM,DIAZOXIDE 50MG,CAPSULE; ORAL,2,Discontinued,DIAZOXIDE first 1973-01-22 on NDA016996,non-NME row: earlier appearances permitted by construction; see ingredient_first_appearance,none (not a Type 1/1-4 original approval),NOT_PROBED_NON_NME_ROW,https://www.accessdata.fda.gov/scripts/cder/daf/index.cfm?event=overview.process&varApplNo=017425,https://api.fda.gov/drug/drugsfda.json?search=application_number:%22NDA017425%22,Payload-verified; no per-row live probe issued for non-NME rows (cross-checked against the full Drugs@FDA database instead),"Row of the complete 1965-1976 original-application audit (v21): every ORIG/AP row of the committed SHA-verified payloads; facts verbatim from the payload; no ticker, indication or applicant lineage asserted."
PRE1980AUDIT-1976-36,1976,NDA017453,NDA,1976-05-28,TYPE 3,Type 3 - New Dosage Form,PRIORITY,FALSE,Type 3 - New Dosage Form,TEVA BRANDED PHARM,PROGLYCEM,DIAZOXIDE 50MG/ML,SUSPENSION; ORAL,1,Prescription,DIAZOXIDE first 1973-01-22 on NDA016996,non-NME row: earlier appearances permitted by construction; see ingredient_first_appearance,none (not a Type 1/1-4 original approval),NOT_PROBED_NON_NME_ROW,https://www.accessdata.fda.gov/scripts/cder/daf/index.cfm?event=overview.process&varApplNo=017453,https://api.fda.gov/drug/drugsfda.json?search=application_number:%22NDA017453%22,Payload-verified; no per-row live probe issued for non-NME rows (cross-checked against the full Drugs@FDA database instead),"Row of the complete 1965-1976 original-application audit (v21): every ORIG/AP row of the committed SHA-verified payloads; facts verbatim from the payload; no ticker, indication or applicant lineage asserted."
PRE1980AUDIT-1976-37,1976,NDA017656,NDA,1976-06-02,TYPE 5,Type 5 - New Formulation or New Manufacturer,STANDARD,FALSE,Type 5 - New Formulation or New Manufacturer,OTSUKA ICU MEDCL,ACETIC ACID 0.25% IN PLASTIC CONTAINER,"ACETIC ACID, GLACIAL 250MG/100ML","SOLUTION; IRRIGATION, URETHRAL",1,Prescription,"ACETIC ACID, GLACIAL first 1960-05-17 on NDA012179",non-NME row: earlier appearances permitted by construction; see ingredient_first_appearance,none (not a Type 1/1-4 original approval),NOT_PROBED_NON_NME_ROW,https://www.accessdata.fda.gov/scripts/cder/daf/index.cfm?event=overview.process&varApplNo=017656,https://api.fda.gov/drug/drugsfda.json?search=application_number:%22NDA017656%22,Payload-verified; no per-row live probe issued for non-NME rows (cross-checked against the full Drugs@FDA database instead),"Row of the complete 1965-1976 original-application audit (v21): every ORIG/AP row of the committed SHA-verified payloads; facts verbatim from the payload; no ticker, indication or applicant lineage asserted."
PRE1980AUDIT-1976-38,1976,NDA017557,NDA,1976-06-21,TYPE 1,Type 1 - New Molecular Entity,PRIORITY,TRUE,NME (Type 1),SANOFI AVENTIS US,Danocrine,DANAZOL 50MG **Federal Register determination that product was not discontinued or withdrawn for safety or effectiveness reasons**,CAPSULE; ORAL,3,Discontinued,first-in-payloads (1939-1979 universe),first appearance in the 1939-1979 payload universe,PRE1980-1976-11,MATCH,https://www.accessdata.fda.gov/scripts/cder/daf/index.cfm?event=overview.process&varApplNo=017557,https://api.fda.gov/drug/drugsfda.json?search=application_number:%22NDA017557%22,Verified (live probe match),"Row of the complete 1965-1976 original-application audit (v21): every ORIG/AP row of the committed SHA-verified payloads; facts verbatim from the payload; no ticker, indication or applicant lineage asserted."
PRE1980AUDIT-1976-39,1976,NDA017636,NDA,1976-06-21,TYPE 5,Type 5 - New Formulation or New Manufacturer,STANDARD,FALSE,Type 5 - New Formulation or New Manufacturer,HOSPIRA,SORBITOL-MANNITOL IN PLASTIC CONTAINER,MANNITOL 540MG/100ML; SORBITOL 2.7GM/100ML,SOLUTION; IRRIGATION,1,Discontinued,MANNITOL first 1964-06-08 on NDA013684,non-NME row: earlier appearances permitted by construction; see ingredient_first_appearance,none (not a Type 1/1-4 original approval),NOT_PROBED_NON_NME_ROW,https://www.accessdata.fda.gov/scripts/cder/daf/index.cfm?event=overview.process&varApplNo=017636,https://api.fda.gov/drug/drugsfda.json?search=application_number:%22NDA017636%22,Payload-verified; no per-row live probe issued for non-NME rows (cross-checked against the full Drugs@FDA database instead),"Row of the complete 1965-1976 original-application audit (v21): every ORIG/AP row of the committed SHA-verified payloads; facts verbatim from the payload; no ticker, indication or applicant lineage asserted."
PRE1980AUDIT-1976-40,1976,NDA017442,NDA,1976-06-23,TYPE 1,Type 1 - New Molecular Entity,PRIORITY,TRUE,NME (Type 1),PFIZER,Minipress,PRAZOSIN HYDROCHLORIDE EQ 2MG BASE,CAPSULE; ORAL,3,Prescription,first-in-payloads (1939-1979 universe),first appearance in the 1939-1979 payload universe,PRE1980-1976-12,MATCH,https://www.accessdata.fda.gov/scripts/cder/daf/index.cfm?event=overview.process&varApplNo=017442,https://api.fda.gov/drug/drugsfda.json?search=application_number:%22NDA017442%22,Verified (live probe match),"Row of the complete 1965-1976 original-application audit (v21): every ORIG/AP row of the committed SHA-verified payloads; facts verbatim from the payload; no ticker, indication or applicant lineage asserted."
PRE1980AUDIT-1976-41,1976,NDA017452,NDA,1976-07-08,TYPE 3,Type 3 - New Dosage Form,STANDARD,FALSE,Type 3 - New Dosage Form,BECTON DICKINSON,E-Z SCRUB,HEXACHLOROPHENE 450MG,SPONGE; TOPICAL,1,Discontinued,HEXACHLOROPHENE first 1949-04-19 on NDA006882,non-NME row: earlier appearances permitted by construction; see ingredient_first_appearance,none (not a Type 1/1-4 original approval),NOT_PROBED_NON_NME_ROW,https://www.accessdata.fda.gov/scripts/cder/daf/index.cfm?event=overview.process&varApplNo=017452,https://api.fda.gov/drug/drugsfda.json?search=application_number:%22NDA017452%22,Payload-verified; no per-row live probe issued for non-NME rows (cross-checked against the full Drugs@FDA database instead),"Row of the complete 1965-1976 original-application audit (v21): every ORIG/AP row of the committed SHA-verified payloads; facts verbatim from the payload; no ticker, indication or applicant lineage asserted."
PRE1980AUDIT-1976-42,1976,NDA017118,NDA,1976-07-20,TYPE 6,Type 6 - New Indication (no longer used),PRIORITY,FALSE,Type 6 - New Indication (no longer used),ENDO PHARMS,SYMMETREL,AMANTADINE HYDROCHLORIDE 50MG/5ML,SYRUP; ORAL,1,Discontinued,AMANTADINE HYDROCHLORIDE first 1968-02-14 on NDA016023,non-NME row: earlier appearances permitted by construction; see ingredient_first_appearance,none (not a Type 1/1-4 original approval),NOT_PROBED_NON_NME_ROW,https://www.accessdata.fda.gov/scripts/cder/daf/index.cfm?event=overview.process&varApplNo=017118,https://api.fda.gov/drug/drugsfda.json?search=application_number:%22NDA017118%22,Payload-verified; no per-row live probe issued for non-NME rows (cross-checked against the full Drugs@FDA database instead),"Row of the complete 1965-1976 original-application audit (v21): every ORIG/AP row of the committed SHA-verified payloads; facts verbatim from the payload; no ticker, indication or applicant lineage asserted."
PRE1980AUDIT-1976-43,1976,NDA017697,NDA,1976-07-21,TYPE 1,Type 1 - New Molecular Entity,PRIORITY,TRUE,NME (Type 1),BRACCO,Kinevac,SINCALIDE 0.005MG/VIAL,POWDER; INTRAVENOUS,1,Prescription,first-in-payloads (1939-1979 universe),first appearance in the 1939-1979 payload universe,PRE1980-1976-13,MATCH,https://www.accessdata.fda.gov/scripts/cder/daf/index.cfm?event=overview.process&varApplNo=017697,https://api.fda.gov/drug/drugsfda.json?search=application_number:%22NDA017697%22,Verified (live probe match),"Row of the complete 1965-1976 original-application audit (v21): every ORIG/AP row of the committed SHA-verified payloads; facts verbatim from the payload; no ticker, indication or applicant lineage asserted."
PRE1980AUDIT-1976-44,1976,NDA017078,NDA,1976-08-02,TYPE 5,Type 5 - New Formulation or New Manufacturer,STANDARD,FALSE,Type 5 - New Formulation or New Manufacturer,IMPAX LABS INC,DEXEDRINE SPANSULE,DEXTROAMPHETAMINE SULFATE 15MG,"CAPSULE, EXTENDED RELEASE; ORAL",3,Prescription,DEXTROAMPHETAMINE SULFATE first 1960-01-19 on NDA011522,non-NME row: earlier appearances permitted by construction; see ingredient_first_appearance,none (not a Type 1/1-4 original approval),NOT_PROBED_NON_NME_ROW,https://www.accessdata.fda.gov/scripts/cder/daf/index.cfm?event=overview.process&varApplNo=017078,https://api.fda.gov/drug/drugsfda.json?search=application_number:%22NDA017078%22,Payload-verified; no per-row live probe issued for non-NME rows (cross-checked against the full Drugs@FDA database instead),"Row of the complete 1965-1976 original-application audit (v21): every ORIG/AP row of the committed SHA-verified payloads; facts verbatim from the payload; no ticker, indication or applicant lineage asserted."
PRE1980AUDIT-1976-45,1976,NDA017588,NDA,1976-08-04,TYPE 1,Type 1 - New Molecular Entity,STANDARD,TRUE,NME (Type 1),AZURITY,Gleostine,LOMUSTINE 40MG,CAPSULE; ORAL,4,Prescription,first-in-payloads (1939-1979 universe),first appearance in the 1939-1979 payload universe,PRE1980-1976-14,MATCH,https://www.accessdata.fda.gov/scripts/cder/daf/index.cfm?event=overview.process&varApplNo=017588,https://api.fda.gov/drug/drugsfda.json?search=application_number:%22NDA017588%22,Verified (live probe match),"Row of the complete 1965-1976 original-application audit (v21): every ORIG/AP row of the committed SHA-verified payloads; facts verbatim from the payload; no ticker, indication or applicant lineage asserted."
PRE1980AUDIT-1976-46,1976,NDA017562,NDA,1976-08-05,TYPE 5,Type 5 - New Formulation or New Manufacturer,STANDARD,FALSE,Type 5 - New Formulation or New Manufacturer,GE HEALTHCARE,TECHNETIUM TC 99M DIPHOSPHONATE-TIN KIT,TECHNETIUM TC-99M ETIDRONATE KIT N/A,INJECTABLE; INJECTION,1,Discontinued,TECHNETIUM TC-99M ETIDRONATE KIT first 1973-09-28 on NDA017454,non-NME row: earlier appearances permitted by construction; see ingredient_first_appearance,none (not a Type 1/1-4 original approval),NOT_PROBED_NON_NME_ROW,https://www.accessdata.fda.gov/scripts/cder/daf/index.cfm?event=overview.process&varApplNo=017562,https://api.fda.gov/drug/drugsfda.json?search=application_number:%22NDA017562%22,Payload-verified; no per-row live probe issued for non-NME rows (cross-checked against the full Drugs@FDA database instead),"Row of the complete 1965-1976 original-application audit (v21): every ORIG/AP row of the committed SHA-verified payloads; facts verbatim from the payload; no ticker, indication or applicant lineage asserted."
PRE1980AUDIT-1976-47,1976,NDA017751,NDA,1976-08-30,TYPE 1,Type 1 - New Molecular Entity,STANDARD,TRUE,NME (Type 1),ASTRAZENECA,Duranest,EPINEPHRINE BITARTRATE 0.005MG/ML; ETIDOCAINE HYDROCHLORIDE 1% **Federal Register determination that product was not discontinued or withdrawn for safety or effectiveness reasons**,INJECTABLE; INJECTION,5,Discontinued,2 ingredients first seen earlier (earliest 1948-11-19 on NDA006488),adjudicated earlier appearance (combination component or same-ingredient sibling application); see the decision row notes,PRE1980-1976-15,MATCH,https://www.accessdata.fda.gov/scripts/cder/daf/index.cfm?event=overview.process&varApplNo=017751,https://api.fda.gov/drug/drugsfda.json?search=application_number:%22NDA017751%22,Verified (live probe match),"Row of the complete 1965-1976 original-application audit (v21): every ORIG/AP row of the committed SHA-verified payloads; facts verbatim from the payload; no ticker, indication or applicant lineage asserted."
PRE1980AUDIT-1976-48,1976,NDA021384,NDA,1976-08-30,,,,FALSE,NOT PUBLISHED (blank class),DENTSPLY PHARM,DURANEST,EPINEPHRINE BITARTRATE 0.005MG/ML; ETIDOCAINE HYDROCHLORIDE 1.5% **Federal Register determination that product was not discontinued or withdrawn for safety or effectiveness reasons**,INJECTABLE; INJECTION,1,Discontinued,2 ingredients first seen earlier (earliest 1956-03-09 on NDA010374),non-NME row: earlier appearances permitted by construction; see ingredient_first_appearance,none (not a Type 1/1-4 original approval),NOT_PROBED_NON_NME_ROW,https://www.accessdata.fda.gov/scripts/cder/daf/index.cfm?event=overview.process&varApplNo=021384,https://api.fda.gov/drug/drugsfda.json?search=application_number:%22NDA021384%22,Payload-verified; no per-row live probe issued for non-NME rows (cross-checked against the full Drugs@FDA database instead),"Row of the complete 1965-1976 original-application audit (v21): every ORIG/AP row of the committed SHA-verified payloads; facts verbatim from the payload; no ticker, indication or applicant lineage asserted."
PRE1980AUDIT-1976-49,1976,NDA017685,NDA,1976-09-07,TYPE 5,Type 5 - New Formulation or New Manufacturer,STANDARD,FALSE,Type 5 - New Formulation or New Manufacturer,MALLINCKRODT,CONRAY 325,IOTHALAMATE SODIUM 54.3%,INJECTABLE; INJECTION,1,Discontinued,IOTHALAMATE SODIUM first 1963-09-30 on NDA014295,non-NME row: earlier appearances permitted by construction; see ingredient_first_appearance,none (not a Type 1/1-4 original approval),NOT_PROBED_NON_NME_ROW,https://www.accessdata.fda.gov/scripts/cder/daf/index.cfm?event=overview.process&varApplNo=017685,https://api.fda.gov/drug/drugsfda.json?search=application_number:%22NDA017685%22,Payload-verified; no per-row live probe issued for non-NME rows (cross-checked against the full Drugs@FDA database instead),"Row of the complete 1965-1976 original-application audit (v21): every ORIG/AP row of the committed SHA-verified payloads; facts verbatim from the payload; no ticker, indication or applicant lineage asserted."
PRE1980AUDIT-1976-50,1976,NDA017681,NDA,1976-09-09,TYPE 5,Type 5 - New Formulation or New Manufacturer,STANDARD,FALSE,Type 5 - New Formulation or New Manufacturer,ESJAY PHARMA,HIPREX,METHENAMINE HIPPURATE 1GM,TABLET; ORAL,1,Prescription,METHENAMINE HIPPURATE first 1967-07-05 on NDA016151,non-NME row: earlier appearances permitted by construction; see ingredient_first_appearance,none (not a Type 1/1-4 original approval),NOT_PROBED_NON_NME_ROW,https://www.accessdata.fda.gov/scripts/cder/daf/index.cfm?event=overview.process&varApplNo=017681,https://api.fda.gov/drug/drugsfda.json?search=application_number:%22NDA017681%22,Payload-verified; no per-row live probe issued for non-NME rows (cross-checked against the full Drugs@FDA database instead),"Row of the complete 1965-1976 original-application audit (v21): every ORIG/AP row of the committed SHA-verified payloads; facts verbatim from the payload; no ticker, indication or applicant lineage asserted."
PRE1980AUDIT-1976-51,1976,NDA017768,NDA,1976-09-17,TYPE 2,Type 2 - New Active Ingredient,PRIORITY,FALSE,Type 2 - New Active Ingredient,MOLNLYCKE HLTH,HIBICLENS,CHLORHEXIDINE GLUCONATE 4%,SOLUTION; TOPICAL,1,Over-the-counter,first-in-payloads (1939-1979 universe),non-NME row: earlier appearances permitted by construction; see ingredient_first_appearance,none (not a Type 1/1-4 original approval),NOT_PROBED_NON_NME_ROW,https://www.accessdata.fda.gov/scripts/cder/daf/index.cfm?event=overview.process&varApplNo=017768,https://api.fda.gov/drug/drugsfda.json?search=application_number:%22NDA017768%22,Payload-verified; no per-row live probe issued for non-NME rows (cross-checked against the full Drugs@FDA database instead),"Row of the complete 1965-1976 original-application audit (v21): every ORIG/AP row of the committed SHA-verified payloads; facts verbatim from the payload; no ticker, indication or applicant lineage asserted."
PRE1980AUDIT-1976-52,1976,NDA017875,NDA,1976-10-01,TYPE 3,Type 3 - New Dosage Form,STANDARD,FALSE,Type 3 - New Dosage Form,TEVA BRANDED PHARM,LOESTRIN 21 1.5/30,ETHINYL ESTRADIOL 0.03MG; NORETHINDRONE ACETATE 1.5MG,TABLET; ORAL-21,1,Discontinued,2 ingredients first seen earlier (earliest 1943-06-25 on NDA005292),non-NME row: earlier appearances permitted by construction; see ingredient_first_appearance,none (not a Type 1/1-4 original approval),NOT_PROBED_NON_NME_ROW,https://www.accessdata.fda.gov/scripts/cder/daf/index.cfm?event=overview.process&varApplNo=017875,https://api.fda.gov/drug/drugsfda.json?search=application_number:%22NDA017875%22,Payload-verified; no per-row live probe issued for non-NME rows (cross-checked against the full Drugs@FDA database instead),"Row of the complete 1965-1976 original-application audit (v21): every ORIG/AP row of the committed SHA-verified payloads; facts verbatim from the payload; no ticker, indication or applicant lineage asserted."
PRE1980AUDIT-1976-53,1976,NDA017876,NDA,1976-10-01,TYPE 3,Type 3 - New Dosage Form,STANDARD,FALSE,Type 3 - New Dosage Form,TEVA BRANDED PHARM,LOESTRIN 21 1/20,ETHINYL ESTRADIOL 0.02MG; NORETHINDRONE ACETATE 1MG **Federal Register determination that product was not discontinued or withdrawn for safety or effectiveness reasons**,TABLET; ORAL-21,1,Discontinued,2 ingredients first seen earlier (earliest 1943-06-25 on NDA005292),non-NME row: earlier appearances permitted by construction; see ingredient_first_appearance,none (not a Type 1/1-4 original approval),NOT_PROBED_NON_NME_ROW,https://www.accessdata.fda.gov/scripts/cder/daf/index.cfm?event=overview.process&varApplNo=017876,https://api.fda.gov/drug/drugsfda.json?search=application_number:%22NDA017876%22,Payload-verified; no per-row live probe issued for non-NME rows (cross-checked against the full Drugs@FDA database instead),"Row of the complete 1965-1976 original-application audit (v21): every ORIG/AP row of the committed SHA-verified payloads; facts verbatim from the payload; no ticker, indication or applicant lineage asserted."
PRE1980AUDIT-1976-54,1976,NDA017594,NDA,1976-10-19,TYPE 1,Type 1 - New Molecular Entity,STANDARD,TRUE,NME (Type 1),WESTWOOD SQUIBB,Capitrol,CHLOROXINE 2%,SHAMPOO; TOPICAL,1,Discontinued,first-in-payloads (1939-1979 universe),first appearance in the 1939-1979 payload universe,PRE1980-1976-16,MATCH,https://www.accessdata.fda.gov/scripts/cder/daf/index.cfm?event=overview.process&varApplNo=017594,https://api.fda.gov/drug/drugsfda.json?search=application_number:%22NDA017594%22,Verified (live probe match),"Row of the complete 1965-1976 original-application audit (v21): every ORIG/AP row of the committed SHA-verified payloads; facts verbatim from the payload; no ticker, indication or applicant lineage asserted."
PRE1980AUDIT-1976-55,1976,BLA017692,BLA,1976-10-20,TYPE 5,Type 5 - New Formulation or New Manufacturer,STANDARD,FALSE,Type 5 - New Formulation or New Manufacturer,ORGANON USA LLC,PREGNYL,"GONADOTROPIN, CHORIONIC 10,000 UNITS/VIAL",INJECTABLE; INJECTION,1,Prescription,"GONADOTROPIN, CHORIONIC first 1973-03-05 on BLA017067",non-NME row: earlier appearances permitted by construction; see ingredient_first_appearance,none (not a Type 1/1-4 original approval),NOT_PROBED_NON_NME_ROW,https://www.accessdata.fda.gov/scripts/cder/daf/index.cfm?event=overview.process&varApplNo=017692,https://api.fda.gov/drug/drugsfda.json?search=application_number:%22BLA017692%22,Payload-verified; no per-row live probe issued for non-NME rows (cross-checked against the full Drugs@FDA database instead),"Row of the complete 1965-1976 original-application audit (v21): every ORIG/AP row of the committed SHA-verified payloads; facts verbatim from the payload; no ticker, indication or applicant lineage asserted."
PRE1980AUDIT-1976-56,1976,NDA017321,NDA,1976-10-20,TYPE 5,Type 5 - New Formulation or New Manufacturer,STANDARD,FALSE,Type 5 - New Formulation or New Manufacturer,SUN PHARM INDS INC,SODIUM PERTECHNETATE TC 99M,TECHNETIUM TC-99M SODIUM PERTECHNETATE 48mCi/ML,"SOLUTION; INJECTION, ORAL",3,Discontinued,TECHNETIUM TC-99M SODIUM PERTECHNETATE first 1974-07-18 on NDA017471,non-NME row: earlier appearances permitted by construction; see ingredient_first_appearance,none (not a Type 1/1-4 original approval),NOT_PROBED_NON_NME_ROW,https://www.accessdata.fda.gov/scripts/cder/daf/index.cfm?event=overview.process&varApplNo=017321,https://api.fda.gov/drug/drugsfda.json?search=application_number:%22NDA017321%22,Payload-verified; no per-row live probe issued for non-NME rows (cross-checked against the full Drugs@FDA database instead),"Row of the complete 1965-1976 original-application audit (v21): every ORIG/AP row of the committed SHA-verified payloads; facts verbatim from the payload; no ticker, indication or applicant lineage asserted."
PRE1980AUDIT-1976-57,1976,NDA017680,NDA,1976-10-20,TYPE 5,Type 5 - New Formulation or New Manufacturer,STANDARD,FALSE,Type 5 - New Formulation or New Manufacturer,BRACCO,PHOSPHOTEC,TECHNETIUM TC-99M PYROPHOSPHATE KIT N/A,INJECTABLE; INJECTION,1,Discontinued,TECHNETIUM TC-99M PYROPHOSPHATE KIT first 1974-05-28 on NDA017538,non-NME row: earlier appearances permitted by construction; see ingredient_first_appearance,none (not a Type 1/1-4 original approval),NOT_PROBED_NON_NME_ROW,https://www.accessdata.fda.gov/scripts/cder/daf/index.cfm?event=overview.process&varApplNo=017680,https://api.fda.gov/drug/drugsfda.json?search=application_number:%22NDA017680%22,Payload-verified; no per-row live probe issued for non-NME rows (cross-checked against the full Drugs@FDA database instead),"Row of the complete 1965-1976 original-application audit (v21): every ORIG/AP row of the committed SHA-verified payloads; facts verbatim from the payload; no ticker, indication or applicant lineage asserted."
PRE1980AUDIT-1976-58,1976,NDA017508,NDA,1976-10-27,TYPE 5,Type 5 - New Formulation or New Manufacturer,STANDARD,FALSE,Type 5 - New Formulation or New Manufacturer,ABRAXIS PHARM,LIDOCAINE HYDROCHLORIDE,LIDOCAINE HYDROCHLORIDE 2%,INJECTABLE; INJECTION,3,Discontinued,LIDOCAINE HYDROCHLORIDE first 1948-11-19 on NDA006488,non-NME row: earlier appearances permitted by construction; see ingredient_first_appearance,none (not a Type 1/1-4 original approval),NOT_PROBED_NON_NME_ROW,https://www.accessdata.fda.gov/scripts/cder/daf/index.cfm?event=overview.process&varApplNo=017508,https://api.fda.gov/drug/drugsfda.json?search=application_number:%22NDA017508%22,Payload-verified; no per-row live probe issued for non-NME rows (cross-checked against the full Drugs@FDA database instead),"Row of the complete 1965-1976 original-application audit (v21): every ORIG/AP row of the committed SHA-verified payloads; facts verbatim from the payload; no ticker, indication or applicant lineage asserted."
PRE1980AUDIT-1976-59,1976,NDA017664,NDA,1976-10-28,TYPE 5,Type 5 - New Formulation or New Manufacturer,STANDARD,FALSE,Type 5 - New Formulation or New Manufacturer,GE HEALTHCARE,SODIUM POLYPHOSPHATE-TIN KIT,TECHNETIUM TC-99M POLYPHOSPHATE KIT N/A,INJECTABLE; INJECTION,1,Discontinued,first-in-payloads (1939-1979 universe),non-NME row: earlier appearances permitted by construction; see ingredient_first_appearance,none (not a Type 1/1-4 original approval),NOT_PROBED_NON_NME_ROW,https://www.accessdata.fda.gov/scripts/cder/daf/index.cfm?event=overview.process&varApplNo=017664,https://api.fda.gov/drug/drugsfda.json?search=application_number:%22NDA017664%22,Payload-verified; no per-row live probe issued for non-NME rows (cross-checked against the full Drugs@FDA database instead),"Row of the complete 1965-1976 original-application audit (v21): every ORIG/AP row of the committed SHA-verified payloads; facts verbatim from the payload; no ticker, indication or applicant lineage asserted."
PRE1980AUDIT-1976-60,1976,NDA017638,NDA,1976-11-05,TYPE 1,Type 1 - New Molecular Entity,PRIORITY,TRUE,NME (Type 1),ABBOTT,Thypinone,PROTIRELIN 0.5MG/ML,INJECTABLE; INJECTION,1,Discontinued,first-in-payloads (1939-1979 universe),first appearance in the 1939-1979 payload universe,PRE1980-1976-17,MATCH,https://www.accessdata.fda.gov/scripts/cder/daf/index.cfm?event=overview.process&varApplNo=017638,https://api.fda.gov/drug/drugsfda.json?search=application_number:%22NDA017638%22,Verified (live probe match),"Row of the complete 1965-1976 original-application audit (v21): every ORIG/AP row of the committed SHA-verified payloads; facts verbatim from the payload; no ticker, indication or applicant lineage asserted."
PRE1980AUDIT-1976-61,1976,NDA017256,NDA,1976-11-09,TYPE 5,Type 5 - New Formulation or New Manufacturer,STANDARD,FALSE,Type 5 - New Formulation or New Manufacturer,GE HEALTHCARE,XENON XE 133,XENON XE-133 1 CI/AMP,GAS; INHALATION,2,Discontinued,XENON XE-133 first 1974-10-10 on NDA017284,non-NME row: earlier appearances permitted by construction; see ingredient_first_appearance,none (not a Type 1/1-4 original approval),NOT_PROBED_NON_NME_ROW,https://www.accessdata.fda.gov/scripts/cder/daf/index.cfm?event=overview.process&varApplNo=017256,https://api.fda.gov/drug/drugsfda.json?search=application_number:%22NDA017256%22,Payload-verified; no per-row live probe issued for non-NME rows (cross-checked against the full Drugs@FDA database instead),"Row of the complete 1965-1976 original-application audit (v21): every ORIG/AP row of the committed SHA-verified payloads; facts verbatim from the payload; no ticker, indication or applicant lineage asserted."
PRE1980AUDIT-1976-62,1976,NDA017257,NDA,1976-11-09,TYPE 5,Type 5 - New Formulation or New Manufacturer,STANDARD,FALSE,Type 5 - New Formulation or New Manufacturer,GE HEALTHCARE,SELENOMETHIONINE SE 75,SELENOMETHIONINE SE-75 250uCi/ML,INJECTABLE; INJECTION,1,Discontinued,SELENOMETHIONINE SE-75 first 1973-05-07 on NDA017047,non-NME row: earlier appearances permitted by construction; see ingredient_first_appearance,none (not a Type 1/1-4 original approval),NOT_PROBED_NON_NME_ROW,https://www.accessdata.fda.gov/scripts/cder/daf/index.cfm?event=overview.process&varApplNo=017257,https://api.fda.gov/drug/drugsfda.json?search=application_number:%22NDA017257%22,Payload-verified; no per-row live probe issued for non-NME rows (cross-checked against the full Drugs@FDA database instead),"Row of the complete 1965-1976 original-application audit (v21): every ORIG/AP row of the committed SHA-verified payloads; facts verbatim from the payload; no ticker, indication or applicant lineage asserted."
PRE1980AUDIT-1976-63,1976,NDA017316,NDA,1976-11-09,TYPE 5,Type 5 - New Formulation or New Manufacturer,STANDARD,FALSE,Type 5 - New Formulation or New Manufacturer,CIS,SODIUM IODIDE I 131,SODIUM IODIDE I-131 100uCi,CAPSULE; ORAL,2,Discontinued,SODIUM IODIDE I-131 first 1957-05-02 on NDA010929,non-NME row: earlier appearances permitted by construction; see ingredient_first_appearance,none (not a Type 1/1-4 original approval),NOT_PROBED_NON_NME_ROW,https://www.accessdata.fda.gov/scripts/cder/daf/index.cfm?event=overview.process&varApplNo=017316,https://api.fda.gov/drug/drugsfda.json?search=application_number:%22NDA017316%22,Payload-verified; no per-row live probe issued for non-NME rows (cross-checked against the full Drugs@FDA database instead),"Row of the complete 1965-1976 original-application audit (v21): every ORIG/AP row of the committed SHA-verified payloads; facts verbatim from the payload; no ticker, indication or applicant lineage asserted."
PRE1980AUDIT-1976-64,1976,NDA050497,NDA,1976-11-09,TYPE 1,Type 1 - New Molecular Entity,STANDARD,TRUE,NME (Type 1),GLAXOSMITHKLINE,Ticar,TICARCILLIN DISODIUM EQ 20GM BASE/VIAL,INJECTABLE; INJECTION,5,Discontinued,first-in-payloads (1939-1979 universe),first appearance in the 1939-1979 payload universe,PRE1980-1976-18,MATCH,https://www.accessdata.fda.gov/scripts/cder/daf/index.cfm?event=overview.process&varApplNo=050497,https://api.fda.gov/drug/drugsfda.json?search=application_number:%22NDA050497%22,Verified (live probe match),"Row of the complete 1965-1976 original-application audit (v21): every ORIG/AP row of the committed SHA-verified payloads; facts verbatim from the payload; no ticker, indication or applicant lineage asserted."
PRE1980AUDIT-1976-65,1976,NDA017869,NDA,1976-11-10,TYPE 1,Type 1 - New Molecular Entity,STANDARD,TRUE,NME (Type 1),NOVARTIS,Funduscein-25,FLUORESCEIN SODIUM 25% **Federal Register determination that product was not discontinued or withdrawn for safety or effectiveness reasons**,INJECTABLE; INJECTION,1,Discontinued,first-in-payloads (1939-1979 universe),first appearance in the 1939-1979 payload universe,PRE1980-1976-19,MATCH,https://www.accessdata.fda.gov/scripts/cder/daf/index.cfm?event=overview.process&varApplNo=017869,https://api.fda.gov/drug/drugsfda.json?search=application_number:%22NDA017869%22,Verified (live probe match),"Row of the complete 1965-1976 original-application audit (v21): every ORIG/AP row of the committed SHA-verified payloads; facts verbatim from the payload; no ticker, indication or applicant lineage asserted."
PRE1980AUDIT-1976-66,1976,NDA017693,NDA,1976-11-15,TYPE 5,Type 5 - New Formulation or New Manufacturer,STANDARD,FALSE,Type 5 - New Formulation or New Manufacturer,GE HEALTHCARE,DRYTEC,TECHNETIUM TC-99M SODIUM PERTECHNETATE GENERATOR 830-16600mCi/GENERATOR,"SOLUTION; INTRAVENOUS, ORAL",2,Discontinued,TECHNETIUM TC-99M SODIUM PERTECHNETATE GENERATOR first 1973-11-23 on NDA017243,non-NME row: earlier appearances permitted by construction; see ingredient_first_appearance,none (not a Type 1/1-4 original approval),NOT_PROBED_NON_NME_ROW,https://www.accessdata.fda.gov/scripts/cder/daf/index.cfm?event=overview.process&varApplNo=017693,https://api.fda.gov/drug/drugsfda.json?search=application_number:%22NDA017693%22,Payload-verified; no per-row live probe issued for non-NME rows (cross-checked against the full Drugs@FDA database instead),"Row of the complete 1965-1976 original-application audit (v21): every ORIG/AP row of the committed SHA-verified payloads; facts verbatim from the payload; no ticker, indication or applicant lineage asserted."
PRE1980AUDIT-1976-67,1976,BLA017776,BLA,1976-11-16,TYPE 5,Type 5 - New Formulation or New Manufacturer,STANDARD,FALSE,Type 5 - New Formulation or New Manufacturer,JUBILANT DRAXIMAGE,PULMOLITE,TECHNETIUM TC-99M ALBUMIN AGGREGATED KIT N/A,INJECTABLE; INJECTION,1,Discontinued,TECHNETIUM TC-99M ALBUMIN AGGREGATED KIT first 1976-02-23 on BLA017833,non-NME row: earlier appearances permitted by construction; see ingredient_first_appearance,none (not a Type 1/1-4 original approval),NOT_PROBED_NON_NME_ROW,https://www.accessdata.fda.gov/scripts/cder/daf/index.cfm?event=overview.process&varApplNo=017776,https://api.fda.gov/drug/drugsfda.json?search=application_number:%22BLA017776%22,Payload-verified; no per-row live probe issued for non-NME rows (cross-checked against the full Drugs@FDA database instead),"Row of the complete 1965-1976 original-application audit (v21): every ORIG/AP row of the committed SHA-verified payloads; facts verbatim from the payload; no ticker, indication or applicant lineage asserted."
PRE1980AUDIT-1976-68,1976,NDA017315,NDA,1976-11-16,TYPE 5,Type 5 - New Formulation or New Manufacturer,STANDARD,FALSE,Type 5 - New Formulation or New Manufacturer,SUN PHARM INDS INC,SODIUM IODIDE I 131,SODIUM IODIDE I-131 50mCi/ML,SOLUTION; ORAL,1,Discontinued,SODIUM IODIDE I-131 first 1957-05-02 on NDA010929,non-NME row: earlier appearances permitted by construction; see ingredient_first_appearance,none (not a Type 1/1-4 original approval),NOT_PROBED_NON_NME_ROW,https://www.accessdata.fda.gov/scripts/cder/daf/index.cfm?event=overview.process&varApplNo=017315,https://api.fda.gov/drug/drugsfda.json?search=application_number:%22NDA017315%22,Payload-verified; no per-row live probe issued for non-NME rows (cross-checked against the full Drugs@FDA database instead),"Row of the complete 1965-1976 original-application audit (v21): every ORIG/AP row of the committed SHA-verified payloads; facts verbatim from the payload; no ticker, indication or applicant lineage asserted."
PRE1980AUDIT-1976-69,1976,NDA017687,NDA,1976-11-16,TYPE 5,Type 5 - New Formulation or New Manufacturer,STANDARD,FALSE,Type 5 - New Formulation or New Manufacturer,GE HEALTHCARE,XENON XE 133,XENON XE-133 20mCi/VIAL,GAS; INHALATION,3,Discontinued,XENON XE-133 first 1974-10-10 on NDA017284,non-NME row: earlier appearances permitted by construction; see ingredient_first_appearance,none (not a Type 1/1-4 original approval),NOT_PROBED_NON_NME_ROW,https://www.accessdata.fda.gov/scripts/cder/daf/index.cfm?event=overview.process&varApplNo=017687,https://api.fda.gov/drug/drugsfda.json?search=application_number:%22NDA017687%22,Payload-verified; no per-row live probe issued for non-NME rows (cross-checked against the full Drugs@FDA database instead),"Row of the complete 1965-1976 original-application audit (v21): every ORIG/AP row of the committed SHA-verified payloads; facts verbatim from the payload; no ticker, indication or applicant lineage asserted."
PRE1980AUDIT-1976-70,1976,NDA017714,NDA,1976-11-16,TYPE 5,Type 5 - New Formulation or New Manufacturer,STANDARD,FALSE,Type 5 - New Formulation or New Manufacturer,JUBILANT DRAXIMAGE,AN-DTPA,TECHNETIUM TC-99M PENTETATE KIT N/A,INJECTABLE; INJECTION,1,Discontinued,TECHNETIUM TC-99M PENTETATE KIT first 1974-02-14 on NDA017264,non-NME row: earlier appearances permitted by construction; see ingredient_first_appearance,none (not a Type 1/1-4 original approval),NOT_PROBED_NON_NME_ROW,https://www.accessdata.fda.gov/scripts/cder/daf/index.cfm?event=overview.process&varApplNo=017714,https://api.fda.gov/drug/drugsfda.json?search=application_number:%22NDA017714%22,Payload-verified; no per-row live probe issued for non-NME rows (cross-checked against the full Drugs@FDA database instead),"Row of the complete 1965-1976 original-application audit (v21): every ORIG/AP row of the committed SHA-verified payloads; facts verbatim from the payload; no ticker, indication or applicant lineage asserted."
PRE1980AUDIT-1976-71,1976,NDA017771,NDA,1976-11-16,TYPE 5,Type 5 - New Formulation or New Manufacturer,STANDARD,FALSE,Type 5 - New Formulation or New Manufacturer,SHINE,TECHNELITE,TECHNETIUM TC-99M SODIUM PERTECHNETATE GENERATOR 0.0083-2.7 CI/GENERATOR,SOLUTION; INTRAVENOUS,2,Discontinued,TECHNETIUM TC-99M SODIUM PERTECHNETATE GENERATOR first 1973-11-23 on NDA017243,non-NME row: earlier appearances permitted by construction; see ingredient_first_appearance,none (not a Type 1/1-4 original approval),NOT_PROBED_NON_NME_ROW,https://www.accessdata.fda.gov/scripts/cder/daf/index.cfm?event=overview.process&varApplNo=017771,https://api.fda.gov/drug/drugsfda.json?search=application_number:%22NDA017771%22,Payload-verified; no per-row live probe issued for non-NME rows (cross-checked against the full Drugs@FDA database instead),"Row of the complete 1965-1976 original-application audit (v21): every ORIG/AP row of the committed SHA-verified payloads; facts verbatim from the payload; no ticker, indication or applicant lineage asserted."
PRE1980AUDIT-1976-72,1976,NDA017653,NDA,1976-11-18,TYPE 5,Type 5 - New Formulation or New Manufacturer,STANDARD,FALSE,Type 5 - New Formulation or New Manufacturer,GE HEALTHCARE,CINTICHEM TECHNETIUM 99M HEDSPA,TECHNETIUM TC-99M ETIDRONATE KIT N/A,INJECTABLE; INJECTION,1,Discontinued,TECHNETIUM TC-99M ETIDRONATE KIT first 1973-09-28 on NDA017454,non-NME row: earlier appearances permitted by construction; see ingredient_first_appearance,none (not a Type 1/1-4 original approval),NOT_PROBED_NON_NME_ROW,https://www.accessdata.fda.gov/scripts/cder/daf/index.cfm?event=overview.process&varApplNo=017653,https://api.fda.gov/drug/drugsfda.json?search=application_number:%22NDA017653%22,Payload-verified; no per-row live probe issued for non-NME rows (cross-checked against the full Drugs@FDA database instead),"Row of the complete 1965-1976 original-application audit (v21): every ORIG/AP row of the committed SHA-verified payloads; facts verbatim from the payload; no ticker, indication or applicant lineage asserted."
PRE1980AUDIT-1976-73,1976,NDA017784,NDA,1976-11-18,TYPE 5,Type 5 - New Formulation or New Manufacturer,STANDARD,FALSE,Type 5 - New Formulation or New Manufacturer,GE HEALTHCARE,TECHNETIUM TC 99M TSC,TECHNETIUM TC-99M SULFUR COLLOID KIT N/A,"SOLUTION; INJECTION, ORAL",1,Discontinued,TECHNETIUM TC-99M SULFUR COLLOID KIT first 1974-06-10 on NDA016923,non-NME row: earlier appearances permitted by construction; see ingredient_first_appearance,none (not a Type 1/1-4 original approval),NOT_PROBED_NON_NME_ROW,https://www.accessdata.fda.gov/scripts/cder/daf/index.cfm?event=overview.process&varApplNo=017784,https://api.fda.gov/drug/drugsfda.json?search=application_number:%22NDA017784%22,Payload-verified; no per-row live probe issued for non-NME rows (cross-checked against the full Drugs@FDA database instead),"Row of the complete 1965-1976 original-application audit (v21): every ORIG/AP row of the committed SHA-verified payloads; facts verbatim from the payload; no ticker, indication or applicant lineage asserted."
PRE1980AUDIT-1976-74,1976,NDA017684,NDA,1976-11-19,TYPE 5,Type 5 - New Formulation or New Manufacturer,STANDARD,FALSE,Type 5 - New Formulation or New Manufacturer,PHARMALUCENCE,PYROLITE,TECHNETIUM TC-99M PYRO/TRIMETA PHOSPHATES KIT N/A,INJECTABLE; INJECTION,1,Discontinued,first-in-payloads (1939-1979 universe),non-NME row: earlier appearances permitted by construction; see ingredient_first_appearance,none (not a Type 1/1-4 original approval),NOT_PROBED_NON_NME_ROW,https://www.accessdata.fda.gov/scripts/cder/daf/index.cfm?event=overview.process&varApplNo=017684,https://api.fda.gov/drug/drugsfda.json?search=application_number:%22NDA017684%22,Payload-verified; no per-row live probe issued for non-NME rows (cross-checked against the full Drugs@FDA database instead),"Row of the complete 1965-1976 original-application audit (v21): every ORIG/AP row of the committed SHA-verified payloads; facts verbatim from the payload; no ticker, indication or applicant lineage asserted."
PRE1980AUDIT-1976-75,1976,NDA050486,NDA,1976-11-26,TYPE 1,Type 1 - New Molecular Entity,PRIORITY,TRUE,NME (Type 1),PARKEDALE,Vira-A,VIDARABINE 3%,OINTMENT; OPHTHALMIC,1,Discontinued,first-in-payloads (1939-1979 universe),first appearance in the 1939-1979 payload universe,PRE1980-1976-20,MATCH,https://www.accessdata.fda.gov/scripts/cder/daf/index.cfm?event=overview.process&varApplNo=050486,https://api.fda.gov/drug/drugsfda.json?search=application_number:%22NDA050486%22,Verified (live probe match),"Row of the complete 1965-1976 original-application audit (v21): every ORIG/AP row of the committed SHA-verified payloads; facts verbatim from the payload; no ticker, indication or applicant lineage asserted."
PRE1980AUDIT-1976-76,1976,NDA017701,NDA,1976-12-03,TYPE 5,Type 5 - New Formulation or New Manufacturer,STANDARD,FALSE,Type 5 - New Formulation or New Manufacturer,INTL MEDICATION,LIDOCAINE HYDROCHLORIDE,LIDOCAINE HYDROCHLORIDE 1%,INJECTABLE; INJECTION,2,Discontinued,LIDOCAINE HYDROCHLORIDE first 1948-11-19 on NDA006488,non-NME row: earlier appearances permitted by construction; see ingredient_first_appearance,none (not a Type 1/1-4 original approval),NOT_PROBED_NON_NME_ROW,https://www.accessdata.fda.gov/scripts/cder/daf/index.cfm?event=overview.process&varApplNo=017701,https://api.fda.gov/drug/drugsfda.json?search=application_number:%22NDA017701%22,Payload-verified; no per-row live probe issued for non-NME rows (cross-checked against the full Drugs@FDA database instead),"Row of the complete 1965-1976 original-application audit (v21): every ORIG/AP row of the committed SHA-verified payloads; facts verbatim from the payload; no ticker, indication or applicant lineage asserted."
PRE1980AUDIT-1976-77,1976,NDA017702,NDA,1976-12-20,TYPE 5,Type 5 - New Formulation or New Manufacturer,STANDARD,FALSE,Type 5 - New Formulation or New Manufacturer,INTL MEDICATION,LIDOCAINE HYDROCHLORIDE PRESERVATIVE FREE,LIDOCAINE HYDROCHLORIDE 4%,INJECTABLE; INJECTION,2,Discontinued,LIDOCAINE HYDROCHLORIDE first 1948-11-19 on NDA006488,non-NME row: earlier appearances permitted by construction; see ingredient_first_appearance,none (not a Type 1/1-4 original approval),NOT_PROBED_NON_NME_ROW,https://www.accessdata.fda.gov/scripts/cder/daf/index.cfm?event=overview.process&varApplNo=017702,https://api.fda.gov/drug/drugsfda.json?search=application_number:%22NDA017702%22,Payload-verified; no per-row live probe issued for non-NME rows (cross-checked against the full Drugs@FDA database instead),"Row of the complete 1965-1976 original-application audit (v21): every ORIG/AP row of the committed SHA-verified payloads; facts verbatim from the payload; no ticker, indication or applicant lineage asserted."
PRE1980AUDIT-1976-78,1976,NDA017698,NDA,1976-12-22,TYPE 6,Type 6 - New Indication (no longer used),STANDARD,FALSE,Type 6 - New Indication (no longer used),HOSPIRA,STERILE UREA,UREA 40GM/VIAL,INJECTABLE; INJECTION,1,Discontinued,UREA first 1966-10-05 on NDA012154,non-NME row: earlier appearances permitted by construction; see ingredient_first_appearance,none (not a Type 1/1-4 original approval),NOT_PROBED_NON_NME_ROW,https://www.accessdata.fda.gov/scripts/cder/daf/index.cfm?event=overview.process&varApplNo=017698,https://api.fda.gov/drug/drugsfda.json?search=application_number:%22NDA017698%22,Payload-verified; no per-row live probe issued for non-NME rows (cross-checked against the full Drugs@FDA database instead),"Row of the complete 1965-1976 original-application audit (v21): every ORIG/AP row of the committed SHA-verified payloads; facts verbatim from the payload; no ticker, indication or applicant lineage asserted."
PRE1980AUDIT-1976-79,1976,NDA017690,NDA,1976-12-28,TYPE 5,Type 5 - New Formulation or New Manufacturer,STANDARD,FALSE,Type 5 - New Formulation or New Manufacturer,J AND J CONSUMER INC,IMODIUM,LOPERAMIDE HYDROCHLORIDE 2MG **Federal Register determination that product was not discontinued or withdrawn for safety or effectiveness reasons**,CAPSULE; ORAL,1,Discontinued,first-in-payloads (1939-1979 universe),non-NME row: earlier appearances permitted by construction; see ingredient_first_appearance,none (not a Type 1/1-4 original approval),NOT_PROBED_NON_NME_ROW,https://www.accessdata.fda.gov/scripts/cder/daf/index.cfm?event=overview.process&varApplNo=017690,https://api.fda.gov/drug/drugsfda.json?search=application_number:%22NDA017690%22,Payload-verified; no per-row live probe issued for non-NME rows (cross-checked against the full Drugs@FDA database instead),"Row of the complete 1965-1976 original-application audit (v21): every ORIG/AP row of the committed SHA-verified payloads; facts verbatim from the payload; no ticker, indication or applicant lineage asserted."
PRE1980AUDIT-1976-80,1976,NDA017694,NDA,1976-12-28,TYPE 1,Type 1 - New Molecular Entity,STANDARD,TRUE,NME (Type 1),J AND J CONSUMER INC,Imodium,LOPERAMIDE HYDROCHLORIDE 2MG **Federal Register determination that product was not discontinued or withdrawn for safety or effectiveness reasons**,CAPSULE; ORAL,1,Discontinued,LOPERAMIDE HYDROCHLORIDE first 1976-12-28 on NDA017690,adjudicated earlier appearance (combination component or same-ingredient sibling application); see the decision row notes,PRE1980-1976-21,MATCH,https://www.accessdata.fda.gov/scripts/cder/daf/index.cfm?event=overview.process&varApplNo=017694,https://api.fda.gov/drug/drugsfda.json?search=application_number:%22NDA017694%22,Verified (live probe match),"Row of the complete 1965-1976 original-application audit (v21): every ORIG/AP row of the committed SHA-verified payloads; facts verbatim from the payload; no ticker, indication or applicant lineage asserted."
