ticker,company,decision_date,decision_type,close_before,date_before,close_on_or_after,date_on_or_after,pct_change_on_decision,price_t1,pct_change_t1,source_url,verification_status,notes,manual_verification_url,secondary_verification_url
TLX,Telix Pharmaceuticals Limited,2026-09-11,Approval,11.899999618530273,2026-09-10,11.289999961853027,2026-09-11,-5.13,11.779999732971191,,https://query1.finance.yahoo.com/v8/finance/chart/TLX?period1=1788480000&period2=1789776000&interval=1d (verbatim JSON in data/raw/stock_yahoo_events_1998_2026/TLX_2026-09-11.json),Verified,"longName=Telix Pharmaceuticals Limited; meta symbol=TLX (NasdaqGS ADS; ordinary shares ASX:TLX); raw bars 9; source file TLX_2026-09-11.json; decision D1028 Pixclara (FDA 2026 table row #40, 9/11/2026); close 09-10 11.90 -> 09-11 11.29 (-5.13%) -> 09-14 11.78 (+4.34% T+1)",https://finance.yahoo.com/quote/TLX/history/,https://www.stockanalysis.com/stocks/tlx/history/
SRRK,Scholar Rock Holding Corporation,2026-09-11,Approval,55.66999816894531,2026-09-10,55.40999984741211,2026-09-11,-0.47,51.849998474121094,,https://query1.finance.yahoo.com/v8/finance/chart/SRRK?period1=&period2=&interval=1d (verbatim JSON in data/raw/stock_yahoo_batch_2026_09/SRRK_2026-09-11.json),Verified,longName=Scholar Rock Holding Corporation; meta symbol=SRRK; raw bars 12; source file SRRK_2026-09-11.json,https://finance.yahoo.com/quote/SRRK/history/,https://www.stockanalysis.com/stocks/srrk/history/
PHAR,,2026-09-11,,10.805,2026-09-10,11.21,2026-09-11,3.75,10.82,,https://query1.finance.yahoo.com/v8/finance/chart/PHAR?period1=1788048000&period2=1790121600&interval=1d&includePrePost=false,Verified,,https://finance.yahoo.com/quote/PHAR/history/,https://www.stockanalysis.com/stocks/phar/history/
BFRI,,2026-09-09,,1.56,2026-09-08,1.54,2026-09-09,-1.28,1.46,,https://query1.finance.yahoo.com/v8/finance/chart/BFRI?period1=1787875200&period2=1789948800&interval=1d&includePrePost=false,Verified,,https://finance.yahoo.com/quote/BFRI/history/,https://www.stockanalysis.com/stocks/bfri/history/
BAYRY,,2026-09-09,,14.32,2026-09-08,14.31,2026-09-09,-0.07,14.07,,https://query1.finance.yahoo.com/v8/finance/chart/BAYRY?period1=1787875200&period2=1789948800&interval=1d&includePrePost=false,Verified,,https://finance.yahoo.com/quote/BAYRY/history/,https://www.stockanalysis.com/stocks/bayry/history/
AZN,AstraZeneca plc,2026-09-04,Approval,164.77000427246094,2026-09-03,162.6999969482422,2026-09-04,-1.26,160.0399932861328,,https://query1.finance.yahoo.com/v8/finance/chart/AZN?period1=&period2=&interval=1d (verbatim JSON in data/raw/stock_yahoo_batch_2026_09/AZN_2026-09-04.json),Verified,longName=AstraZeneca PLC; meta symbol=AZN; raw bars 17; source file AZN_2026-09-04.json,https://finance.yahoo.com/quote/AZN/history/,https://www.stockanalysis.com/stocks/azn/history/
IONS,"Ionis Pharmaceuticals, Inc.",2026-09-03,Approval,61.33000183105469,2026-09-02,58.130001068115234,2026-09-03,-5.22,58.09000015258789,,https://query1.finance.yahoo.com/v8/finance/chart/IONS?period1=&period2=&interval=1d (verbatim JSON in data/raw/stock_yahoo_batch_2026_09/IONS_2026-09-03.json),Verified,"longName=Ionis Pharmaceuticals, Inc.; meta symbol=IONS; raw bars 16; source file IONS_2026-09-03.json",https://finance.yahoo.com/quote/IONS/history/,https://www.stockanalysis.com/stocks/ions/history/
PTGX,Protagonist Therapeutics,2026-08-28,Approval,154.32,2026-08-19,149.5,2026-08-28,-3.12,,,https://query1.finance.yahoo.com/v8/finance/chart/PTGX,Verified,Mimrylo approval,https://finance.yahoo.com/quote/PTGX/history/,https://www.stockanalysis.com/stocks/ptgx/history/
JNJ,,2026-08-28,,265.77,2026-08-27,268.04,2026-08-28,0.85,265.85,,https://query1.finance.yahoo.com/v8/finance/chart/JNJ?period1=1786838400&period2=1788912000&interval=1d&includePrePost=false,Verified,,https://finance.yahoo.com/quote/JNJ/history/,https://www.stockanalysis.com/stocks/jnj/history/
ROIV,Roivant Sciences,2026-08-27,Approval,36.84,2026-08-19,36.75,2026-08-27,-0.24,,,https://query1.finance.yahoo.com/v8/finance/chart/ROIV,Verified,Lisraya approval,https://finance.yahoo.com/quote/ROIV/history/,https://www.stockanalysis.com/stocks/roiv/history/
LLY,,2026-08-27,,1189.41,2026-08-26,1176.1,2026-08-27,-1.12,1174.61,,https://query1.finance.yahoo.com/v8/finance/chart/LLY?period1=1786752000&period2=1788825600&interval=1d&includePrePost=false,Verified,,https://finance.yahoo.com/quote/LLY/history/,https://www.stockanalysis.com/stocks/lly/history/
GILD,,2026-08-27,,148.09,2026-08-26,148.86,2026-08-27,0.52,145.68,,https://query1.finance.yahoo.com/v8/finance/chart/GILD?period1=1786752000&period2=1788825600&interval=1d&includePrePost=false,Verified,,https://finance.yahoo.com/quote/GILD/history/,https://www.stockanalysis.com/stocks/gild/history/
RVMD,Revolution Medicines,2026-08-26,Approval,214.66,2026-08-19,211.38,2026-08-26,-1.53,,,https://query1.finance.yahoo.com/v8/finance/chart/RVMD,Verified,Rasonque approval,https://finance.yahoo.com/quote/RVMD/history/,https://www.stockanalysis.com/stocks/rvmd/history/
LLY,,2026-08-26,,1233.66,2026-08-25,1189.41,2026-08-26,-3.59,1176.1,,https://query1.finance.yahoo.com/v8/finance/chart/LLY?period1=1786665600&period2=1788739200&interval=1d&includePrePost=false,Verified,,https://finance.yahoo.com/quote/LLY/history/,https://www.stockanalysis.com/stocks/lly/history/
ONC,,2026-08-25,,371.98,2026-08-24,376.37,2026-08-25,1.18,375.8,,https://query1.finance.yahoo.com/v8/finance/chart/ONC?period1=1786579200&period2=1788652800&interval=1d&includePrePost=false,Verified,,https://finance.yahoo.com/quote/ONC/history/,https://www.stockanalysis.com/stocks/onc/history/
JAZZ,,2026-08-25,,254.47,2026-08-24,260.23,2026-08-25,2.26,249.29,,https://query1.finance.yahoo.com/v8/finance/chart/JAZZ?period1=1786579200&period2=1788652800&interval=1d&includePrePost=false,Verified,,https://finance.yahoo.com/quote/JAZZ/history/,https://www.stockanalysis.com/stocks/jazz/history/
JNJ,,2026-08-24,,270.24,2026-08-21,273.04,2026-08-24,1.04,273.14,,https://query1.finance.yahoo.com/v8/finance/chart/JNJ?period1=1786492800&period2=1788566400&interval=1d&includePrePost=false,Verified,,https://finance.yahoo.com/quote/JNJ/history/,https://www.stockanalysis.com/stocks/jnj/history/
APLS,,2026-08-20,,,,,,,,,https://query1.finance.yahoo.com/v8/finance/chart/APLS?period1=1786147200&period2=1788220800&interval=1d&includePrePost=false,Data unavailable - acquired/delisted or pre-Yahoo coverage,fetch status: FAILED HTTPError: HTTP Error 404: Not Found,https://finance.yahoo.com/quote/APLS/history/,https://www.stockanalysis.com/stocks/apls/history/
REGN,"Regeneron Pharmaceuticals, Inc.",2026-08-19,Approval,810.239990234375,2026-08-18,840.8400268554688,2026-08-19,3.78,826.6400146484375,,https://query1.finance.yahoo.com/v8/finance/chart/REGN?period1=&period2=&interval=1d (verbatim JSON in data/raw/stock_yahoo_batch_2026_09/REGN_2026-08-19.json),Verified,"longName=Regeneron Pharmaceuticals, Inc.; meta symbol=REGN; raw bars 17; source file REGN_2026-08-19.json",https://finance.yahoo.com/quote/REGN/history/,https://www.stockanalysis.com/stocks/regn/history/
BAX,,2026-08-14,,27.05,2026-08-13,26.73,2026-08-14,-1.18,25.91,,https://query1.finance.yahoo.com/v8/finance/chart/BAX?period1=1785628800&period2=1787702400&interval=1d&includePrePost=false,Verified,,https://finance.yahoo.com/quote/BAX/history/,https://www.stockanalysis.com/stocks/bax/history/
LNTH,"Lantheus Holdings, Inc.",2026-08-13,Approval,100.7300033569336,2026-08-12,100.94000244140625,2026-08-13,0.21,100.94999694824219,,https://query1.finance.yahoo.com/v8/finance/chart/LNTH?period1=&period2=&interval=1d (verbatim JSON in data/raw/stock_yahoo_batch_2026_09/LNTH_2026-08-13.json),Verified,"longName=Lantheus Holdings, Inc.; meta symbol=LNTH; raw bars 17; source file LNTH_2026-08-13.json",https://finance.yahoo.com/quote/LNTH/history/,https://www.stockanalysis.com/stocks/lnth/history/
BMY,Bristol Myers Squibb Company,2026-08-13,Approval,63.70000076293945,2026-08-12,64.6500015258789,2026-08-13,1.49,63.83000183105469,,https://query1.finance.yahoo.com/v8/finance/chart/BMY?period1=&period2=&interval=1d (verbatim JSON in data/raw/stock_yahoo_batch_2026_09/BMY_2026-08-13.json),Verified,longName=Bristol-Myers Squibb Company; meta symbol=BMY; raw bars 17; source file BMY_2026-08-13.json,https://finance.yahoo.com/quote/BMY/history/,https://www.stockanalysis.com/stocks/bmy/history/
TAK,Takeda Pharmaceutical,2026-08-05,Approval,17.75,2026-07-29,16.56,2026-08-05,-6.7,,,https://query1.finance.yahoo.com/v8/finance/chart/TAK,Verified,Orzeyful approval,https://finance.yahoo.com/quote/TAK/history/,https://www.stockanalysis.com/stocks/tak/history/
RDY,,2026-07-31,,11.83,2026-07-30,11.85,2026-07-31,0.17,12.07,,https://query1.finance.yahoo.com/v8/finance/chart/RDY?period1=1784419200&period2=1786492800&interval=1d&includePrePost=false,Verified,,https://finance.yahoo.com/quote/RDY/history/,https://www.stockanalysis.com/stocks/rdy/history/
NVS,,2026-07-31,,158.44,2026-07-30,156.15,2026-07-31,-1.45,153.67,,https://query1.finance.yahoo.com/v8/finance/chart/NVS?period1=1784419200&period2=1786492800&interval=1d&includePrePost=false,Verified,,https://finance.yahoo.com/quote/NVS/history/,https://www.stockanalysis.com/stocks/nvs/history/
FSNUY,,2026-07-29,,12.71,2026-07-28,12.78,2026-07-29,0.55,12.99,,https://query1.finance.yahoo.com/v8/finance/chart/FSNUY?period1=1784246400&period2=1786320000&interval=1d&includePrePost=false,Verified,,https://finance.yahoo.com/quote/FSNUY/history/,https://www.stockanalysis.com/stocks/fsnuy/history/
VTRS,,2026-07-28,,17.64,2026-07-27,17.86,2026-07-28,1.25,17.82,,https://query1.finance.yahoo.com/v8/finance/chart/VTRS?period1=1784160000&period2=1786233600&interval=1d&includePrePost=false,Verified,,https://finance.yahoo.com/quote/VTRS/history/,https://www.stockanalysis.com/stocks/vtrs/history/
OTLK,"Outlook Therapeutics, Inc.",2026-07-24,Approval,1.3200000524520874,2026-07-23,1.4049999713897705,2026-07-24,6.44,1.065000057220459,,https://query1.finance.yahoo.com/v8/finance/chart/OTLK?period1=&period2=&interval=1d (verbatim JSON in data/raw/stock_yahoo_batch_2026_09/OTLK_2026-07-24.json),Verified,"longName=Outlook Therapeutics, Inc.; meta symbol=OTLK; raw bars 18; source file OTLK_2026-07-24.json",https://finance.yahoo.com/quote/OTLK/history/,https://www.stockanalysis.com/stocks/otlk/history/
KVUE,,2026-07-24,,18.9,2026-07-23,19.28,2026-07-24,2.01,19.48,,https://query1.finance.yahoo.com/v8/finance/chart/KVUE?period1=1783814400&period2=1785888000&interval=1d&includePrePost=false,Verified,,https://finance.yahoo.com/quote/KVUE/history/,https://www.stockanalysis.com/stocks/kvue/history/
ALPMY,,2026-07-24,,13.09,2026-07-23,13.21,2026-07-24,0.92,13.41,,https://query1.finance.yahoo.com/v8/finance/chart/ALPMY?period1=1783814400&period2=1785888000&interval=1d&includePrePost=false,Verified,,https://finance.yahoo.com/quote/ALPMY/history/,https://www.stockanalysis.com/stocks/alpmy/history/
AEZS,,2026-07-23,,,,,,,,,https://query1.finance.yahoo.com/v8/finance/chart/AEZS?period1=1783728000&period2=1785801600&interval=1d&includePrePost=false,Data unavailable - acquired/delisted or pre-Yahoo coverage,fetch status: FAILED HTTPError: HTTP Error 404: Not Found,https://finance.yahoo.com/quote/AEZS/history/,https://www.stockanalysis.com/stocks/aezs/history/
NUVL,"Nuvalent, Inc.",2026-07-22,Approval,,,,,,,,https://query1.finance.yahoo.com/v8/finance/chart/NUVL,Flagged - degenerate zero-volume series - no price data,"Yahoo chart API returned 0 bars for NUVL around 2026-07-22; longName=Nuvalent Inc; flagged as unreliable, blank beats guessed",https://finance.yahoo.com/quote/NUVL/history/,https://www.stockanalysis.com/stocks/nuvl/history/
NVS,,2026-07-16,,150.8,2026-07-15,152.73,2026-07-16,1.28,153.76,,https://query1.finance.yahoo.com/v8/finance/chart/NVS?period1=1783123200&period2=1785196800&interval=1d&includePrePost=false,Verified,,https://finance.yahoo.com/quote/NVS/history/,https://www.stockanalysis.com/stocks/nvs/history/
MRK,"Merck & Co., Inc.",2026-07-15,Approval,120.77999877929688,2026-07-14,123.61000061035156,2026-07-15,2.34,127.62999725341797,,https://query1.finance.yahoo.com/v8/finance/chart/MRK?period1=&period2=&interval=1d (verbatim JSON in data/raw/stock_yahoo_batch_2026_09/MRK_2026-07-15.json),Verified,"longName=Merck & Co., Inc.; meta symbol=MRK; raw bars 16; source file MRK_2026-07-15.json",https://finance.yahoo.com/quote/MRK/history/,https://www.stockanalysis.com/stocks/mrk/history/
LLY,,2026-07-14,,1181.87,2026-07-13,1152.54,2026-07-14,-2.48,1156.63,,https://query1.finance.yahoo.com/v8/finance/chart/LLY?period1=1782950400&period2=1785024000&interval=1d&includePrePost=false,Verified,,https://finance.yahoo.com/quote/LLY/history/,https://www.stockanalysis.com/stocks/lly/history/
CELC,Celcuity Inc.,2026-07-14,Approval,103.79000091552734,2026-07-13,111.05000305175781,2026-07-14,6.99,91.51000213623047,,https://query1.finance.yahoo.com/v8/finance/chart/CELC?period1=&period2=&interval=1d (verbatim JSON in data/raw/stock_yahoo_batch_2026_09/CELC_2026-07-14.json),Verified,longName=Celcuity Inc.; meta symbol=CELC; raw bars 16; source file CELC_2026-07-14.json,https://finance.yahoo.com/quote/CELC/history/,https://www.stockanalysis.com/stocks/celc/history/
LLY,,2026-07-13,,1188.58,2026-07-10,1181.87,2026-07-13,-0.56,1152.54,,https://query1.finance.yahoo.com/v8/finance/chart/LLY?period1=1782864000&period2=1784937600&interval=1d&includePrePost=false,Verified,,https://finance.yahoo.com/quote/LLY/history/,https://www.stockanalysis.com/stocks/lly/history/
ESALY,,2026-07-13,,,,,,,,,https://query1.finance.yahoo.com/v8/finance/chart/ESALY?period1=1782864000&period2=1784937600&interval=1d&includePrePost=false,Data unavailable - acquired/delisted or pre-Yahoo coverage,fetch status: FAILED HTTPError: HTTP Error 404: Not Found,https://finance.yahoo.com/quote/ESALY/history/,https://www.stockanalysis.com/stocks/esaly/history/
MRK,,2026-07-10,,125.07,2026-07-09,123.54,2026-07-10,-1.22,124.03,,https://query1.finance.yahoo.com/v8/finance/chart/MRK?period1=1782604800&period2=1784678400&interval=1d&includePrePost=false,Verified,,https://finance.yahoo.com/quote/MRK/history/,https://www.stockanalysis.com/stocks/mrk/history/
ALPMY,,2026-07-10,,13.19,2026-07-09,13.25,2026-07-10,0.45,13.07,,https://query1.finance.yahoo.com/v8/finance/chart/ALPMY?period1=1782604800&period2=1784678400&interval=1d&includePrePost=false,Verified,,https://finance.yahoo.com/quote/ALPMY/history/,https://www.stockanalysis.com/stocks/alpmy/history/
SNY,,2026-07-09,,42.78,2026-07-08,43.9,2026-07-09,2.62,43.5,,https://query1.finance.yahoo.com/v8/finance/chart/SNY?period1=1782518400&period2=1784592000&interval=1d&includePrePost=false,Verified,,https://finance.yahoo.com/quote/SNY/history/,https://www.stockanalysis.com/stocks/sny/history/
AMRX,,2026-07-09,,16.96,2026-07-08,17.02,2026-07-09,0.35,17.01,,https://query1.finance.yahoo.com/v8/finance/chart/AMRX?period1=1782518400&period2=1784592000&interval=1d&includePrePost=false,Verified,,https://finance.yahoo.com/quote/AMRX/history/,https://www.stockanalysis.com/stocks/amrx/history/
VERA,"Vera Therapeutics, Inc.",2026-07-07,Approval,40.130001068115234,2026-07-06,42.959999084472656,2026-07-07,7.05,42.43000030517578,,https://query1.finance.yahoo.com/v8/finance/chart/VERA?period1=&period2=&interval=1d (verbatim JSON in data/raw/stock_yahoo_batch_2026_09/VERA_2026-07-07.json),Verified,"longName=Vera Therapeutics, Inc.; meta symbol=VERA; raw bars 16; source file VERA_2026-07-07.json",https://finance.yahoo.com/quote/VERA/history/,https://www.stockanalysis.com/stocks/vera/history/
NVS,,2026-07-01,,156.72,2026-06-30,154.14,2026-07-01,-1.65,159.9,,https://query1.finance.yahoo.com/v8/finance/chart/NVS?period1=1781827200&period2=1783900800&interval=1d&includePrePost=false,Verified,,https://finance.yahoo.com/quote/NVS/history/,https://www.stockanalysis.com/stocks/nvs/history/
UNCY,Unicycive Therapeutics Inc.,2026-06-29,CRL,7.13,2026-06-26,7.7,2026-06-29,7.99,4.69,,https://query1.finance.yahoo.com/v8/finance/chart/UNCY?period1=1781654400&period2=1783814399&interval=1d&includePrePost=false,Verified,,https://finance.yahoo.com/quote/UNCY/history/,https://www.stockanalysis.com/stocks/uncy/history/
VRDN,"Viridian Therapeutics, Inc.",2026-06-26,Approval,17.389999389648438,2026-06-25,17.899999618530273,2026-06-26,2.93,18.790000915527344,,https://query1.finance.yahoo.com/v8/finance/chart/VRDN?period1=&period2=&interval=1d (verbatim JSON in data/raw/stock_yahoo_batch_2026_09/VRDN_2026-06-26.json),Verified,"longName=Viridian Therapeutics, Inc.; meta symbol=VRDN; raw bars 16; source file VRDN_2026-06-26.json",https://finance.yahoo.com/quote/VRDN/history/,https://www.stockanalysis.com/stocks/vrdn/history/
ABBV,,2026-06-26,,243.14,2026-06-25,253.35,2026-06-26,4.2,254.31,,https://query1.finance.yahoo.com/v8/finance/chart/ABBV?period1=1781395200&period2=1783468800&interval=1d&includePrePost=false,Verified,,https://finance.yahoo.com/quote/ABBV/history/,https://www.stockanalysis.com/stocks/abbv/history/
PFE,,2026-06-24,,24.72,2026-06-23,24.04,2026-06-24,-2.75,23.67,,https://query1.finance.yahoo.com/v8/finance/chart/PFE?period1=1781222400&period2=1783296000&interval=1d&includePrePost=false,Verified,,https://finance.yahoo.com/quote/PFE/history/,https://www.stockanalysis.com/stocks/pfe/history/
MRK,,2026-06-24,,119.6,2026-06-23,120.6,2026-06-24,0.84,125.45,,https://query1.finance.yahoo.com/v8/finance/chart/MRK?period1=1781222400&period2=1783296000&interval=1d&includePrePost=false,Verified,,https://finance.yahoo.com/quote/MRK/history/,https://www.stockanalysis.com/stocks/mrk/history/
IONS,,2026-06-24,,75.99,2026-06-23,76.52,2026-06-24,0.7,78.34,,https://query1.finance.yahoo.com/v8/finance/chart/IONS?period1=1781222400&period2=1783296000&interval=1d&includePrePost=false,Verified,,https://finance.yahoo.com/quote/IONS/history/,https://www.stockanalysis.com/stocks/ions/history/
IMMU,,2026-06-24,,,,,,,,,https://query1.finance.yahoo.com/v8/finance/chart/IMMU?period1=1781222400&period2=1783296000&interval=1d&includePrePost=false,Data unavailable - acquired/delisted or pre-Yahoo coverage,fetch status: FAILED HTTPError: HTTP Error 404: Not Found,https://finance.yahoo.com/quote/IMMU/history/,https://www.stockanalysis.com/stocks/immu/history/
ACHV,"Achieve Life Sciences, Inc.",2026-06-20,CRL,4.85,2026-06-18,5.1,2026-06-22,5.15,5.01,,https://query1.finance.yahoo.com/v8/finance/chart/ACHV?period1=1780876800&period2=1783036799&interval=1d&includePrePost=false,Verified - approx window,decision date 2026-06-20 was not a trading day in the capture; using next trading day 2026-06-22,https://finance.yahoo.com/quote/ACHV/history/,https://www.stockanalysis.com/stocks/achv/history/
ZLDPF,,2026-06-18,,45.01,2026-06-17,44.75,2026-06-18,-0.58,44.75,,https://query1.finance.yahoo.com/v8/finance/chart/ZLDPF?period1=1780704000&period2=1782777600&interval=1d&includePrePost=false,Verified,,https://finance.yahoo.com/quote/ZLDPF/history/,https://www.stockanalysis.com/stocks/zldpf/history/
SPRO,Spero Therapeutics,2026-06-17,Approval,2.54,2026-06-10,,2026-06-17,,,,https://query1.finance.yahoo.com/v8/finance/chart/SPRO,Verified - partial,"Utebzi approval (GSK-marketed); note steep subsequent decline to ~$1.13 by Sept 2026, unrelated later catalyst - flagged for manual review",https://finance.yahoo.com/quote/SPRO/history/,https://www.stockanalysis.com/stocks/spro/history/
AMPH,,2026-06-16,,19.71,2026-06-15,19.96,2026-06-16,1.27,19.41,,https://query1.finance.yahoo.com/v8/finance/chart/AMPH?period1=1780531200&period2=1782604800&interval=1d&includePrePost=false,Verified,,https://finance.yahoo.com/quote/AMPH/history/,https://www.stockanalysis.com/stocks/amph/history/
MRK,,2026-06-12,,120.76,2026-06-11,119.05,2026-06-12,-1.42,114.9,,https://query1.finance.yahoo.com/v8/finance/chart/MRK?period1=1780185600&period2=1782259200&interval=1d&includePrePost=false,Verified,,https://finance.yahoo.com/quote/MRK/history/,https://www.stockanalysis.com/stocks/mrk/history/
BAYRY,Bayer AG,2026-06-12,Approval,10.399999618530273,2026-06-11,10.4399995803833,2026-06-12,0.38,10.4399995803833,,https://query1.finance.yahoo.com/v8/finance/chart/BAYRY?period1=&period2=&interval=1d (verbatim JSON in data/raw/stock_yahoo_batch_2026_09/BAYRY_2026-06-12.json),Verified,longName=Bayer Aktiengesellschaft; meta symbol=BAYRY; raw bars 17; source file BAYRY_2026-06-12.json,https://finance.yahoo.com/quote/BAYRY/history/,https://www.stockanalysis.com/stocks/bayry/history/
AZN,,2026-06-12,,182.28,2026-06-11,178.75,2026-06-12,-1.94,177.27,,https://query1.finance.yahoo.com/v8/finance/chart/AZN?period1=1780185600&period2=1782259200&interval=1d&includePrePost=false,Verified,,https://finance.yahoo.com/quote/AZN/history/,https://www.stockanalysis.com/stocks/azn/history/
ABBV,,2026-06-12,,224.77,2026-06-11,227.73,2026-06-12,1.32,221.59,,https://query1.finance.yahoo.com/v8/finance/chart/ABBV?period1=1780185600&period2=1782259200&interval=1d&includePrePost=false,Verified,,https://finance.yahoo.com/quote/ABBV/history/,https://www.stockanalysis.com/stocks/abbv/history/
LLY,,2026-06-09,,1149.15,2026-06-08,1144.6801,2026-06-09,-0.39,1136.37,,https://query1.finance.yahoo.com/v8/finance/chart/LLY?period1=1779926400&period2=1782000000&interval=1d&includePrePost=false,Verified,,https://finance.yahoo.com/quote/LLY/history/,https://www.stockanalysis.com/stocks/lly/history/
PFE,,2026-06-05,,25.69,2026-06-04,26.04,2026-06-05,1.36,25.62,,https://query1.finance.yahoo.com/v8/finance/chart/PFE?period1=1779580800&period2=1781654400&interval=1d&includePrePost=false,Verified,,https://finance.yahoo.com/quote/PFE/history/,https://www.stockanalysis.com/stocks/pfe/history/
SGIOF,"Shionogi & Co., Ltd.",2026-05-29,Approval,18.881999969482422,2026-05-28,18.881999969482422,2026-05-29,0.00,18.881999969482422,,https://query1.finance.yahoo.com/v8/finance/chart/SGIOF?period1=&period2=&interval=1d (verbatim JSON in data/raw/stock_yahoo_batch_2026_09/SGIOF_2026-05-29.json),Verified,"longName=Shionogi & Co., Ltd.; meta symbol=SGIOF; raw bars 17; source file SGIOF_2026-05-29.json",https://finance.yahoo.com/quote/SGIOF/history/,https://www.stockanalysis.com/stocks/sgiof/history/
CING,Cingulate Inc.,2026-05-29,CRL,4.34,2026-05-28,4.16,2026-05-29,-4.15,3.6,,https://query1.finance.yahoo.com/v8/finance/chart/CING?period1=1778976000&period2=1781135999&interval=1d&includePrePost=false,Verified,,https://finance.yahoo.com/quote/CING/history/,https://www.stockanalysis.com/stocks/cing/history/
JNJ,,2026-05-28,,231.29,2026-05-27,230.8,2026-05-28,-0.21,225.33,,https://query1.finance.yahoo.com/v8/finance/chart/JNJ?period1=1778889600&period2=1780963200&interval=1d&includePrePost=false,Verified,,https://finance.yahoo.com/quote/JNJ/history/,https://www.stockanalysis.com/stocks/jnj/history/
AZN,,2026-05-28,,185.65,2026-05-27,185.33,2026-05-28,-0.17,185.67,,https://query1.finance.yahoo.com/v8/finance/chart/AZN?period1=1778889600&period2=1780963200&interval=1d&includePrePost=false,Verified,,https://finance.yahoo.com/quote/AZN/history/,https://www.stockanalysis.com/stocks/azn/history/
ABBV,AbbVie Inc.,2026-05-27,Approval,213.1199951171875,2026-05-26,215.39999389648438,2026-05-27,1.07,218.6300048828125,,https://query1.finance.yahoo.com/v8/finance/chart/ABBV?period1=&period2=&interval=1d (verbatim JSON in data/raw/stock_yahoo_batch_2026_09/ABBV_2026-05-27.json),Verified,longName=AbbVie Inc.; meta symbol=ABBV; raw bars 16; source file ABBV_2026-05-27.json,https://finance.yahoo.com/quote/ABBV/history/,https://www.stockanalysis.com/stocks/abbv/history/
JNJ,,2026-05-23,,234.34,2026-05-22,230.18,2026-05-26,-1.78,231.29,,https://query1.finance.yahoo.com/v8/finance/chart/JNJ?period1=1778457600&period2=1780531200&interval=1d&includePrePost=false,Verified - approx window,next trading day used: 2026-05-26,https://finance.yahoo.com/quote/JNJ/history/,https://www.stockanalysis.com/stocks/jnj/history/
GILD,"Gilead Sciences, Inc.",2026-05-22,Approval,130.5,2026-05-21,134.36000061035156,2026-05-22,2.96,133.72999572753906,,https://query1.finance.yahoo.com/v8/finance/chart/GILD?period1=&period2=&interval=1d (verbatim JSON in data/raw/stock_yahoo_batch_2026_09/GILD_2026-05-22.json),Verified,"longName=Gilead Sciences, Inc.; meta symbol=GILD; raw bars 17; source file GILD_2026-05-22.json",https://finance.yahoo.com/quote/GILD/history/,https://www.stockanalysis.com/stocks/gild/history/
GALDY,,2026-05-22,,40.59,2026-05-21,40.65,2026-05-22,0.15,40.38,,https://query1.finance.yahoo.com/v8/finance/chart/GALDY?period1=1778371200&period2=1780444800&interval=1d&includePrePost=false,Verified,,https://finance.yahoo.com/quote/GALDY/history/,https://www.stockanalysis.com/stocks/galdy/history/
DSNKY,,2026-05-22,,16.64,2026-05-21,16.62,2026-05-22,-0.12,16.92,,https://query1.finance.yahoo.com/v8/finance/chart/DSNKY?period1=1778371200&period2=1780444800&interval=1d&includePrePost=false,Verified,,https://finance.yahoo.com/quote/DSNKY/history/,https://www.stockanalysis.com/stocks/dsnky/history/
ABBV,,2026-05-21,,212.3,2026-05-20,214.5,2026-05-21,1.04,215.7,,https://query1.finance.yahoo.com/v8/finance/chart/ABBV?period1=1778284800&period2=1780358400&interval=1d&includePrePost=false,Verified,,https://finance.yahoo.com/quote/ABBV/history/,https://www.stockanalysis.com/stocks/abbv/history/
ABBV,,2026-05-20,,213.76,2026-05-19,212.3,2026-05-20,-0.68,214.5,,https://query1.finance.yahoo.com/v8/finance/chart/ABBV?period1=1778198400&period2=1780272000&interval=1d&includePrePost=false,Verified,,https://finance.yahoo.com/quote/ABBV/history/,https://www.stockanalysis.com/stocks/abbv/history/
INCY,,2026-05-18,,95.31,2026-05-15,95.19,2026-05-18,-0.13,95.6,,https://query1.finance.yahoo.com/v8/finance/chart/INCY?period1=1778025600&period2=1780099200&interval=1d&includePrePost=false,Verified,,https://finance.yahoo.com/quote/INCY/history/,https://www.stockanalysis.com/stocks/incy/history/
DSNKY,,2026-05-15,,16.26,2026-05-14,16.23,2026-05-15,-0.18,16.46,,https://query1.finance.yahoo.com/v8/finance/chart/DSNKY?period1=1777766400&period2=1779840000&interval=1d&includePrePost=false,Verified,,https://finance.yahoo.com/quote/DSNKY/history/,https://www.stockanalysis.com/stocks/dsnky/history/
AZN,AstraZeneca plc,2026-05-15,Approval,184.9600067138672,2026-05-14,181.5800018310547,2026-05-15,-1.83,183.9199981689453,,https://query1.finance.yahoo.com/v8/finance/chart/AZN?period1=&period2=&interval=1d (verbatim JSON in data/raw/stock_yahoo_batch_2026_09/AZN_2026-05-15.json),Verified,longName=AstraZeneca PLC; meta symbol=AZN; raw bars 17; source file AZN_2026-05-15.json,https://finance.yahoo.com/quote/AZN/history/,https://www.stockanalysis.com/stocks/azn/history/
OTSKY,,2026-05-13,,34.92,2026-05-12,35.33,2026-05-13,1.17,36.19,,https://query1.finance.yahoo.com/v8/finance/chart/OTSKY?period1=1777593600&period2=1779667200&interval=1d&includePrePost=false,Verified,,https://finance.yahoo.com/quote/OTSKY/history/,https://www.stockanalysis.com/stocks/otsky/history/
ONC,BeOne Medicines,2026-05-13,Approval (Accelerated),313.32,2026-05-06,315.07,2026-05-13,0.56,,,https://query1.finance.yahoo.com/v8/finance/chart/ONC,Verified,Beqalzi (sonrotoclax) approval (second ONC entry),https://finance.yahoo.com/quote/ONC/history/,https://www.stockanalysis.com/stocks/onc/history/
AZN,,2026-05-13,,184.54,2026-05-12,187.72,2026-05-13,1.72,184.96,,https://query1.finance.yahoo.com/v8/finance/chart/AZN?period1=1777593600&period2=1779667200&interval=1d&includePrePost=false,Verified,,https://finance.yahoo.com/quote/AZN/history/,https://www.stockanalysis.com/stocks/azn/history/
RIGL,"Rigel Pharmaceuticals, Inc. (current holder) / Arvinas, Inc. + Pfizer (applicant at approval)",2026-05-01,Approval,28.899999618530273,2026-04-30,29.399999618530273,2026-05-01,1.73,29.540000915527344,,https://query1.finance.yahoo.com/v8/finance/chart/RIGL?period1=&period2=&interval=1d (verbatim JSON in data/raw/stock_yahoo_batch_2026_09/RIGL_2026-05-01.json),Verified,"longName=Rigel Pharmaceuticals, Inc.; meta symbol=RIGL; raw bars 18; source file RIGL_2026-05-01.json",https://finance.yahoo.com/quote/RIGL/history/,https://www.stockanalysis.com/stocks/rigl/history/
INCY,,2026-05-01,,95.27,2026-04-30,96.91,2026-05-01,1.72,97.14,,https://query1.finance.yahoo.com/v8/finance/chart/INCY?period1=1776556800&period2=1778630400&interval=1d&includePrePost=false,Verified,,https://finance.yahoo.com/quote/INCY/history/,https://www.stockanalysis.com/stocks/incy/history/
DSNKY,,2026-04-27,,15.56,2026-04-24,16.23,2026-04-27,4.31,16.4,,https://query1.finance.yahoo.com/v8/finance/chart/DSNKY?period1=1776211200&period2=1778284800&interval=1d&includePrePost=false,Verified,,https://finance.yahoo.com/quote/DSNKY/history/,https://www.stockanalysis.com/stocks/dsnky/history/
AZN,,2026-04-27,,189.75,2026-04-24,187.51,2026-04-27,-1.18,186.68,,https://query1.finance.yahoo.com/v8/finance/chart/AZN?period1=1776211200&period2=1778284800&interval=1d&includePrePost=false,Verified,,https://finance.yahoo.com/quote/AZN/history/,https://www.stockanalysis.com/stocks/azn/history/
ACAD,,2026-04-27,,21.96,2026-04-24,22.3,2026-04-27,1.55,22.67,,https://query1.finance.yahoo.com/v8/finance/chart/ACAD?period1=1776211200&period2=1778284800&interval=1d&includePrePost=false,Verified,,https://finance.yahoo.com/quote/ACAD/history/,https://www.stockanalysis.com/stocks/acad/history/
MRK,,2026-04-24,,114.62,2026-04-23,111.9,2026-04-24,-2.37,110.23,,https://query1.finance.yahoo.com/v8/finance/chart/MRK?period1=1775952000&period2=1778025600&interval=1d&includePrePost=false,Verified,,https://finance.yahoo.com/quote/MRK/history/,https://www.stockanalysis.com/stocks/mrk/history/
AZN,,2026-04-24,,192.3,2026-04-23,189.75,2026-04-24,-1.33,187.51,,https://query1.finance.yahoo.com/v8/finance/chart/AZN?period1=1775952000&period2=1778025600&interval=1d&includePrePost=false,Verified,,https://finance.yahoo.com/quote/AZN/history/,https://www.stockanalysis.com/stocks/azn/history/
RARE,,2026-04-23,,24.61,2026-04-22,24.28,2026-04-23,-1.34,24.1,,https://query1.finance.yahoo.com/v8/finance/chart/RARE?period1=1775865600&period2=1777939200&interval=1d&includePrePost=false,Verified,,https://finance.yahoo.com/quote/RARE/history/,https://www.stockanalysis.com/stocks/rare/history/
KPTI,,2026-04-23,,9.55,2026-04-22,8.75,2026-04-23,-8.38,8.66,,https://query1.finance.yahoo.com/v8/finance/chart/KPTI?period1=1775865600&period2=1777939200&interval=1d&includePrePost=false,Verified,,https://finance.yahoo.com/quote/KPTI/history/,https://www.stockanalysis.com/stocks/kpti/history/
GRCE,Grace Therapeutics,2026-04-23,CRL,4.49,2026-04-16,4.31,2026-04-23,-4.01,2.35,,https://query1.finance.yahoo.com/v8/finance/chart/GRCE,Verified,GTx-104 CRL; confirmed ~48% decline day after disclosure per Yahoo Finance,https://finance.yahoo.com/quote/GRCE/history/,https://www.stockanalysis.com/stocks/grce/history/
ABBV,AbbVie,2026-04-23,CRL,200.5,2026-04-22,200.95,2026-04-23,0.22,198.71,,https://query1.finance.yahoo.com/v8/finance/chart/ABBV?period1=1775865600&period2=1778025599&interval=1d&includePrePost=false,Verified,,https://finance.yahoo.com/quote/ABBV/history/,https://www.stockanalysis.com/stocks/abbv/history/
REGN,,2026-04-22,,747.36,2026-04-21,746.58,2026-04-22,-0.1,766.02,,https://query1.finance.yahoo.com/v8/finance/chart/REGN?period1=1775779200&period2=1777852800&interval=1d&includePrePost=false,Verified,,https://finance.yahoo.com/quote/REGN/history/,https://www.stockanalysis.com/stocks/regn/history/
ABBV,AbbVie Inc.,2026-04-22,CRL,205.12,2026-04-21,200.5,2026-04-22,-2.25,200.95,,https://query1.finance.yahoo.com/v8/finance/chart/ABBV?period1=1775779200&period2=1777939199&interval=1d&includePrePost=false,Verified,,https://finance.yahoo.com/quote/ABBV/history/,https://www.stockanalysis.com/stocks/abbv/history/
MRK,"Merck & Co., Inc.",2026-04-20,Approval,119.06999969482422,2026-04-17,117.0999984741211,2026-04-20,-1.65,112.55999755859375,,https://query1.finance.yahoo.com/v8/finance/chart/MRK?period1=&period2=&interval=1d (verbatim JSON in data/raw/stock_yahoo_batch_2026_09/MRK_2026-04-20.json),Verified,"longName=Merck & Co., Inc.; meta symbol=MRK; raw bars 18; source file MRK_2026-04-20.json",https://finance.yahoo.com/quote/MRK/history/,https://www.stockanalysis.com/stocks/mrk/history/
NVS,,2026-04-17,,149.73,2026-04-16,151.97,2026-04-17,1.5,150.99,,https://query1.finance.yahoo.com/v8/finance/chart/NVS?period1=1775347200&period2=1777420800&interval=1d&includePrePost=false,Verified,,https://finance.yahoo.com/quote/NVS/history/,https://www.stockanalysis.com/stocks/nvs/history/
JNJ,,2026-04-15,,240.1,2026-04-14,238.67,2026-04-15,-0.6,234.54,,https://query1.finance.yahoo.com/v8/finance/chart/JNJ?period1=1775174400&period2=1777248000&interval=1d&includePrePost=false,Verified,,https://finance.yahoo.com/quote/JNJ/history/,https://www.stockanalysis.com/stocks/jnj/history/
AZN,,2026-04-15,,204.38,2026-04-14,201.21,2026-04-15,-1.55,200.47,,https://query1.finance.yahoo.com/v8/finance/chart/AZN?period1=1775174400&period2=1777248000&interval=1d&includePrePost=false,Verified,,https://finance.yahoo.com/quote/AZN/history/,https://www.stockanalysis.com/stocks/azn/history/
TVTX,,2026-04-13,,28.96,2026-04-10,30.7,2026-04-13,6.01,42.13,,https://query1.finance.yahoo.com/v8/finance/chart/TVTX?period1=1775001600&period2=1777075200&interval=1d&includePrePost=false,Verified,,https://finance.yahoo.com/quote/TVTX/history/,https://www.stockanalysis.com/stocks/tvtx/history/
EGRX,"Eagle Pharmaceuticals, Inc.",2026-04-13,CRL,0.341,2026-04-10,0.341,2026-04-13,0.0,0.341,,https://query1.finance.yahoo.com/v8/finance/chart/EGRX?period1=1775001600&period2=1777161599&interval=1d&includePrePost=false,Verified,,https://finance.yahoo.com/quote/EGRX/history/,https://www.stockanalysis.com/stocks/egrx/history/
TLX,Telix Pharmaceuticals (US) Inc.,2026-04-10,CRL,9.8,2026-04-09,10.54,2026-04-10,7.55,11.24,,https://query1.finance.yahoo.com/v8/finance/chart/TLX?period1=1774742400&period2=1776902399&interval=1d&includePrePost=false,Verified,,https://finance.yahoo.com/quote/TLX/history/,https://www.stockanalysis.com/stocks/tlx/history/
REPL,"Replimune Group, Inc.",2026-04-10,CRL,5.91,2026-04-09,4.76,2026-04-10,-19.46,1.7,,https://query1.finance.yahoo.com/v8/finance/chart/REPL?period1=1774742400&period2=1776902399&interval=1d&includePrePost=false,Verified,,https://finance.yahoo.com/quote/REPL/history/,https://www.stockanalysis.com/stocks/repl/history/
BMY,,2026-04-09,,59.2,2026-04-08,59.47,2026-04-09,0.46,58.62,,https://query1.finance.yahoo.com/v8/finance/chart/BMY?period1=1774656000&period2=1776729600&interval=1d&includePrePost=false,Verified,,https://finance.yahoo.com/quote/BMY/history/,https://www.stockanalysis.com/stocks/bmy/history/
REGN,,2026-04-02,,777.25,2026-04-01,761.85,2026-04-02,-1.98,763.04,,https://query1.finance.yahoo.com/v8/finance/chart/REGN?period1=1774051200&period2=1776124800&interval=1d&includePrePost=false,Verified,,https://finance.yahoo.com/quote/REGN/history/,https://www.stockanalysis.com/stocks/regn/history/
LLY,Eli Lilly and Company,2026-04-01,Approval,919.77001953125,2026-03-31,954.52001953125,2026-04-01,3.78,935.5800170898438,,https://query1.finance.yahoo.com/v8/finance/chart/LLY?period1=&period2=&interval=1d (verbatim JSON in data/raw/stock_yahoo_batch_2026_09/LLY_2026-04-01.json),Verified,longName=Eli Lilly and Company; meta symbol=LLY; raw bars 16; source file LLY_2026-04-01.json,https://finance.yahoo.com/quote/LLY/history/,https://www.stockanalysis.com/stocks/lly/history/
INCY,,2026-03-30,,90.3,2026-03-27,90.33,2026-03-30,0.03,94.12,,https://query1.finance.yahoo.com/v8/finance/chart/INCY?period1=1773792000&period2=1775865600&interval=1d&includePrePost=false,Verified,,https://finance.yahoo.com/quote/INCY/history/,https://www.stockanalysis.com/stocks/incy/history/
BAX,,2026-03-30,,15.97,2026-03-27,15.8,2026-03-30,-1.06,16.8,,https://query1.finance.yahoo.com/v8/finance/chart/BAX?period1=1773792000&period2=1775865600&interval=1d&includePrePost=false,Verified,,https://finance.yahoo.com/quote/BAX/history/,https://www.stockanalysis.com/stocks/bax/history/
VRTX,,2026-03-27,,453.74,2026-03-26,433.07,2026-03-27,-4.56,443.16,,https://query1.finance.yahoo.com/v8/finance/chart/VRTX?period1=1773532800&period2=1775606400&interval=1d&includePrePost=false,Verified,,https://finance.yahoo.com/quote/VRTX/history/,https://www.stockanalysis.com/stocks/vrtx/history/
TEVA,,2026-03-27,,29.78,2026-03-26,28.74,2026-03-27,-3.49,28.35,,https://query1.finance.yahoo.com/v8/finance/chart/TEVA?period1=1773532800&period2=1775606400&interval=1d&includePrePost=false,Verified,,https://finance.yahoo.com/quote/TEVA/history/,https://www.stockanalysis.com/stocks/teva/history/
GMAB,,2026-03-27,,26.03,2026-03-26,25.82,2026-03-27,-0.81,25.83,,https://query1.finance.yahoo.com/v8/finance/chart/GMAB?period1=1773532800&period2=1775606400&interval=1d&includePrePost=false,Verified,,https://finance.yahoo.com/quote/GMAB/history/,https://www.stockanalysis.com/stocks/gmab/history/
BIIB,,2026-03-27,,191.06,2026-03-26,183.84,2026-03-27,-3.78,187.57,,https://query1.finance.yahoo.com/v8/finance/chart/BIIB?period1=1773532800&period2=1775606400&interval=1d&includePrePost=false,Verified,,https://finance.yahoo.com/quote/BIIB/history/,https://www.stockanalysis.com/stocks/biib/history/
ACAD,,2026-03-27,,21.47,2026-03-26,20.75,2026-03-27,-3.35,21.07,,https://query1.finance.yahoo.com/v8/finance/chart/ACAD?period1=1773532800&period2=1775606400&interval=1d&includePrePost=false,Verified,,https://finance.yahoo.com/quote/ACAD/history/,https://www.stockanalysis.com/stocks/acad/history/
NVO,Novo Nordisk A/S,2026-03-26,Approval,36.33000183105469,2026-03-25,36.400001525878906,2026-03-26,0.19,36.040000915527344,,https://query1.finance.yahoo.com/v8/finance/chart/NVO?period1=&period2=&interval=1d (verbatim JSON in data/raw/stock_yahoo_batch_2026_09/NVO_2026-03-26.json),Verified,longName=Novo Nordisk A/S; meta symbol=NVO; raw bars 16; source file NVO_2026-03-26.json,https://finance.yahoo.com/quote/NVO/history/,https://www.stockanalysis.com/stocks/nvo/history/
CORT,Corcept Therapeutics Incorporated,2026-03-25,Approval,33.81999969482422,2026-03-24,40.470001220703125,2026-03-25,19.66,38.529998779296875,,https://query1.finance.yahoo.com/v8/finance/chart/CORT?period1=&period2=&interval=1d (verbatim JSON in data/raw/stock_yahoo_batch_2026_09/CORT_2026-03-25.json),Verified,longName=Corcept Therapeutics Incorporated; meta symbol=CORT; raw bars 16; source file CORT_2026-03-25.json,https://finance.yahoo.com/quote/CORT/history/,https://www.stockanalysis.com/stocks/cort/history/
DNLI,Denali Therapeutics,2026-03-24,Approval (Accelerated),20.71,2026-03-17,21.09,2026-03-24,1.83,,,https://query1.finance.yahoo.com/v8/finance/chart/DNLI,Verified,Avlayah approval,https://finance.yahoo.com/quote/DNLI/history/,https://www.stockanalysis.com/stocks/dnli/history/
BMY,,2026-03-20,,58.11,2026-03-19,57.48,2026-03-20,-1.08,57,,https://query1.finance.yahoo.com/v8/finance/chart/BMY?period1=1772928000&period2=1775001600&interval=1d&includePrePost=false,Verified,,https://finance.yahoo.com/quote/BMY/history/,https://www.stockanalysis.com/stocks/bmy/history/
RYTM,,2026-03-19,,85.86,2026-03-18,90.31,2026-03-19,5.18,87.45,,https://query1.finance.yahoo.com/v8/finance/chart/RYTM?period1=1772841600&period2=1774915200&interval=1d&includePrePost=false,Verified,,https://finance.yahoo.com/quote/RYTM/history/,https://www.stockanalysis.com/stocks/rytm/history/
NVO,,2026-03-19,,37.45,2026-03-18,37.08,2026-03-19,-0.99,36.53,,https://query1.finance.yahoo.com/v8/finance/chart/NVO?period1=1772841600&period2=1774915200&interval=1d&includePrePost=false,Verified,,https://finance.yahoo.com/quote/NVO/history/,https://www.stockanalysis.com/stocks/nvo/history/
JNJ,Johnson & Johnson (Janssen Biotech),2026-03-17,Approval,243.19000244140625,2026-03-16,238.11000061035156,2026-03-17,-2.09,237.27999877929688,,https://query1.finance.yahoo.com/v8/finance/chart/JNJ?period1=&period2=&interval=1d (verbatim JSON in data/raw/stock_yahoo_batch_2026_09/JNJ_2026-03-17.json),Verified,longName=Johnson & Johnson; meta symbol=JNJ; raw bars 17; source file JNJ_2026-03-17.json,https://finance.yahoo.com/quote/JNJ/history/,https://www.stockanalysis.com/stocks/jnj/history/
GSK,Intercept Pharmaceuticals / Alfasigma S.p.A. (current holder) / GSK plc (applicant at approval),2026-03-17,Approval,53.77000045776367,2026-03-16,53.40999984741211,2026-03-17,-0.67,52.060001373291016,,https://query1.finance.yahoo.com/v8/finance/chart/GSK?period1=&period2=&interval=1d (verbatim JSON in data/raw/stock_yahoo_batch_2026_09/GSK_2026-03-17.json),Verified,longName=GSK plc; meta symbol=GSK; raw bars 17; source file GSK_2026-03-17.json,https://finance.yahoo.com/quote/GSK/history/,https://www.stockanalysis.com/stocks/gsk/history/
ALDX,Aldeyra Therapeutics,2026-03-17,CRL,5.01,2026-03-10,1.24,2026-03-17,-75.25,1.42,,https://query1.finance.yahoo.com/v8/finance/chart/ALDX,Verified,"Reproxalap 3rd CRL; confirmed ~75% single-day collapse per Yahoo Finance price data (larger than earlier press estimate of 70.7%, likely due to differing close-vs-close windows)",https://finance.yahoo.com/quote/ALDX/history/,https://www.stockanalysis.com/stocks/aldx/history/
ALDX,"Aldeyra Therapeutics, Inc.",2026-03-16,CRL,4.125,2026-03-13,4.23,2026-03-16,2.55,1.24,,https://query1.finance.yahoo.com/v8/finance/chart/ALDX?period1=1772582400&period2=1774742399&interval=1d&includePrePost=false,Verified,,https://finance.yahoo.com/quote/ALDX/history/,https://www.stockanalysis.com/stocks/aldx/history/
NVS,,2026-03-12,,155.8,2026-03-11,154.25,2026-03-12,-0.99,153.44,,https://query1.finance.yahoo.com/v8/finance/chart/NVS?period1=1772236800&period2=1774310400&interval=1d&includePrePost=false,Verified,,https://finance.yahoo.com/quote/NVS/history/,https://www.stockanalysis.com/stocks/nvs/history/
GSK,,2026-03-09,,54.51,2026-03-06,55.51,2026-03-09,1.83,55.32,,https://query1.finance.yahoo.com/v8/finance/chart/GSK?period1=1771977600&period2=1774051200&interval=1d&includePrePost=false,Verified,,https://finance.yahoo.com/quote/GSK/history/,https://www.stockanalysis.com/stocks/gsk/history/
PFE,,2026-03-06,,26.61,2026-03-05,27.05,2026-03-06,1.65,26.81,,https://query1.finance.yahoo.com/v8/finance/chart/PFE?period1=1771718400&period2=1773792000&interval=1d&includePrePost=false,Verified,,https://finance.yahoo.com/quote/PFE/history/,https://www.stockanalysis.com/stocks/pfe/history/
BMY,,2026-03-06,,60.74,2026-03-05,60.29,2026-03-06,-0.74,60.63,,https://query1.finance.yahoo.com/v8/finance/chart/BMY?period1=1771718400&period2=1773792000&interval=1d&includePrePost=false,Verified,,https://finance.yahoo.com/quote/BMY/history/,https://www.stockanalysis.com/stocks/bmy/history/
ABBV,,2026-03-06,,232.35,2026-03-05,230.11,2026-03-06,-0.96,227.45,,https://query1.finance.yahoo.com/v8/finance/chart/ABBV?period1=1771718400&period2=1773792000&interval=1d&includePrePost=false,Verified,,https://finance.yahoo.com/quote/ABBV/history/,https://www.stockanalysis.com/stocks/abbv/history/
JNJ,,2026-03-05,,245.3,2026-03-04,239.63,2026-03-05,-2.31,240.4,,https://query1.finance.yahoo.com/v8/finance/chart/JNJ?period1=1771632000&period2=1773705600&interval=1d&includePrePost=false,Verified,,https://finance.yahoo.com/quote/JNJ/history/,https://www.stockanalysis.com/stocks/jnj/history/
NVO,,2026-02-27,,37.62,2026-02-26,37.45,2026-02-27,-0.45,37.76,,https://query1.finance.yahoo.com/v8/finance/chart/NVO?period1=1771113600&period2=1773187200&interval=1d&includePrePost=false,Verified,,https://finance.yahoo.com/quote/NVO/history/,https://www.stockanalysis.com/stocks/nvo/history/
JNJ,,2026-02-27,,243.47,2026-02-26,248.43,2026-02-27,2.04,248.56,,https://query1.finance.yahoo.com/v8/finance/chart/JNJ?period1=1771113600&period2=1773187200&interval=1d&includePrePost=false,Verified,,https://finance.yahoo.com/quote/JNJ/history/,https://www.stockanalysis.com/stocks/jnj/history/
FSNUY,Fresenius SE & Co. KGaA,2026-02-27,CRL,15.21,2026-02-26,15.1,2026-02-27,-0.72,14.75,,https://query1.finance.yahoo.com/v8/finance/chart/FSNUY?period1=1771113600&period2=1773273599&interval=1d&includePrePost=false,Verified,,https://finance.yahoo.com/quote/FSNUY/history/,https://www.stockanalysis.com/stocks/fsnuy/history/
BMRN,,2026-02-27,,61.11,2026-02-26,61.73,2026-02-27,1.01,59.74,,https://query1.finance.yahoo.com/v8/finance/chart/BMRN?period1=1771113600&period2=1773187200&interval=1d&includePrePost=false,Verified,,https://finance.yahoo.com/quote/BMRN/history/,https://www.stockanalysis.com/stocks/bmrn/history/
ASND,Ascendis Pharma,2026-02-27,Approval (Accelerated),228.99000549316406,2026-02-26,233.5,2026-02-27,1.97,242.08999633789062,,https://query1.finance.yahoo.com/v8/finance/chart/ASND?period1=&period2=&interval=1d (verbatim JSON in data/raw/stock_yahoo_batch_2026_09/ASND_2026-02-27.json),Verified,longName=Ascendis Pharma A/S; meta symbol=ASND; raw bars 17; source file ASND_2026-02-27.json,https://finance.yahoo.com/quote/ASND/history/,https://www.stockanalysis.com/stocks/asnd/history/
AMPH,"Amphastar Pharmaceuticals, Inc.",2026-02-26,CRL,27.97,2026-02-25,26.49,2026-02-26,-5.29,20.23,,https://query1.finance.yahoo.com/v8/finance/chart/AMPH?period1=1771027200&period2=1773187199&interval=1d&includePrePost=false,Verified,,https://finance.yahoo.com/quote/AMPH/history/,https://www.stockanalysis.com/stocks/amph/history/
ARRY,,2026-02-24,,10.69,2026-02-23,10.73,2026-02-24,0.37,11,,https://query1.finance.yahoo.com/v8/finance/chart/ARRY?period1=1770854400&period2=1772928000&interval=1d&includePrePost=false,Verified,,https://finance.yahoo.com/quote/ARRY/history/,https://www.stockanalysis.com/stocks/arry/history/
REGN,,2026-02-23,,779.67,2026-02-20,787.04,2026-02-23,0.95,772.19,,https://query1.finance.yahoo.com/v8/finance/chart/REGN?period1=1770768000&period2=1772841600&interval=1d&includePrePost=false,Verified,,https://finance.yahoo.com/quote/REGN/history/,https://www.stockanalysis.com/stocks/regn/history/
VNDA,Vanda Pharmaceuticals,2026-02-20,Approval,6.09,2026-02-13,5.76,2026-02-20,-5.42,,,https://query1.finance.yahoo.com/v8/finance/chart/VNDA,Verified,"Bysanti approval; note large subsequent spike to ~$8.60, likely additional catalyst beyond approval - flagged for manual review",https://finance.yahoo.com/quote/VNDA/history/,https://www.stockanalysis.com/stocks/vnda/history/
AZN,,2026-02-19,,208.67,2026-02-18,208.62,2026-02-19,-0.02,204.2,,https://query1.finance.yahoo.com/v8/finance/chart/AZN?period1=1770422400&period2=1772496000&interval=1d&includePrePost=false,Verified,,https://finance.yahoo.com/quote/AZN/history/,https://www.stockanalysis.com/stocks/azn/history/
ABBV,,2026-02-19,,228.72,2026-02-18,224.35,2026-02-19,-1.91,224.81,,https://query1.finance.yahoo.com/v8/finance/chart/ABBV?period1=1770422400&period2=1772496000&interval=1d&includePrePost=false,Verified,,https://finance.yahoo.com/quote/ABBV/history/,https://www.stockanalysis.com/stocks/abbv/history/
JNJ,,2026-02-13,,244.55,2026-02-12,243.45,2026-02-13,-0.45,243.33,,https://query1.finance.yahoo.com/v8/finance/chart/JNJ?period1=1769904000&period2=1771977600&interval=1d&includePrePost=false,Verified,,https://finance.yahoo.com/quote/JNJ/history/,https://www.stockanalysis.com/stocks/jnj/history/
IRON,"Disc Medicine, Inc.",2026-02-13,CRL,71.65,2026-02-12,55.95,2026-02-13,-21.91,65.57,,https://query1.finance.yahoo.com/v8/finance/chart/IRON?period1=1769904000&period2=1772063999&interval=1d&includePrePost=false,Verified,,https://finance.yahoo.com/quote/IRON/history/,https://www.stockanalysis.com/stocks/iron/history/
HRMY,,2026-02-13,,35.85,2026-02-12,36.01,2026-02-13,0.45,36.92,,https://query1.finance.yahoo.com/v8/finance/chart/HRMY?period1=1769904000&period2=1771977600&interval=1d&includePrePost=false,Verified,,https://finance.yahoo.com/quote/HRMY/history/,https://www.stockanalysis.com/stocks/hrmy/history/
NVS,,2026-02-12,,160.06,2026-02-11,161.18,2026-02-12,0.7,163.1,,https://query1.finance.yahoo.com/v8/finance/chart/NVS?period1=1769817600&period2=1771891200&interval=1d&includePrePost=false,Verified,,https://finance.yahoo.com/quote/NVS/history/,https://www.stockanalysis.com/stocks/nvs/history/
MRK,,2026-02-10,,117.65,2026-02-09,117.15,2026-02-10,-0.42,119.31,,https://query1.finance.yahoo.com/v8/finance/chart/MRK?period1=1769644800&period2=1771718400&interval=1d&includePrePost=false,Verified,,https://finance.yahoo.com/quote/MRK/history/,https://www.stockanalysis.com/stocks/mrk/history/
RGNX,REGENXBIO,2026-02-07,CRL,10.78,2026-01-31,10.26,2026-02-07,-4.82,10.33,,https://query1.finance.yahoo.com/v8/finance/chart/RGNX,Verified,"RGX-121 CRL; note the largest drop (10.33->8.85) occurred a few days later (~Feb 12), likely when fuller CRL details were disclosed - flagged for manual review of exact disclosure timeline",https://finance.yahoo.com/quote/RGNX/history/,https://www.stockanalysis.com/stocks/rgnx/history/
AQST,Aquestive Therapeutics Inc.,2026-01-30,CRL,3.16,2026-01-29,2.95,2026-01-30,-6.65,4.1,,https://query1.finance.yahoo.com/v8/finance/chart/AQST?period1=1768694400&period2=1770854399&interval=1d&includePrePost=false,Verified,,https://finance.yahoo.com/quote/AQST/history/,https://www.stockanalysis.com/stocks/aqst/history/
CORT,Corcept Therapeutics,2026-01-28,CRL,46.22,2026-01-27,45.85,2026-01-28,-0.8,44.61,,https://query1.finance.yahoo.com/v8/finance/chart/CORT?period1=1768521600&period2=1770681599&interval=1d&includePrePost=false,Verified,,https://finance.yahoo.com/quote/CORT/history/,https://www.stockanalysis.com/stocks/cort/history/
MRK,,2026-01-27,,107.4,2026-01-26,107.92,2026-01-27,0.48,106.9,,https://query1.finance.yahoo.com/v8/finance/chart/MRK?period1=1768435200&period2=1770508800&interval=1d&includePrePost=false,Verified,,https://finance.yahoo.com/quote/MRK/history/,https://www.stockanalysis.com/stocks/mrk/history/
JNJ,,2026-01-27,,221.49,2026-01-26,224.44,2026-01-27,1.33,227.72,,https://query1.finance.yahoo.com/v8/finance/chart/JNJ?period1=1768435200&period2=1770508800&interval=1d&includePrePost=false,Verified,,https://finance.yahoo.com/quote/JNJ/history/,https://www.stockanalysis.com/stocks/jnj/history/
JAZZ,,2026-01-27,,166.35,2026-01-26,167.85,2026-01-27,0.9,165.41,,https://query1.finance.yahoo.com/v8/finance/chart/JAZZ?period1=1768435200&period2=1770508800&interval=1d&includePrePost=false,Verified,,https://finance.yahoo.com/quote/JAZZ/history/,https://www.stockanalysis.com/stocks/jazz/history/
MRK,,2026-01-21,,109.45,2026-01-20,111.11,2026-01-21,1.52,109.18,,https://query1.finance.yahoo.com/v8/finance/chart/MRK?period1=1767916800&period2=1769990400&interval=1d&includePrePost=false,Verified,,https://finance.yahoo.com/quote/MRK/history/,https://www.stockanalysis.com/stocks/mrk/history/
OGN,,2026-01-16,,8.7,2026-01-15,8.76,2026-01-16,0.69,9.46,,https://query1.finance.yahoo.com/v8/finance/chart/OGN?period1=1767484800&period2=1769558400&interval=1d&includePrePost=false,Verified,,https://finance.yahoo.com/quote/OGN/history/,https://www.stockanalysis.com/stocks/ogn/history/
FBIO,Fortress Biotech,2026-01-13,Approval,4.21,2026-01-06,4.2,2026-01-13,-0.24,,,https://query1.finance.yahoo.com/v8/finance/chart/FBIO,Verified,Zycubo approval via Cyprium subsidiary; muted move,https://finance.yahoo.com/quote/FBIO/history/,https://www.stockanalysis.com/stocks/fbio/history/
SNY,,2026-01-12,,49.03,2026-01-09,47.6,2026-01-12,-2.92,47.2,,https://query1.finance.yahoo.com/v8/finance/chart/SNY?period1=1767139200&period2=1769212800&interval=1d&includePrePost=false,Verified,,https://finance.yahoo.com/quote/SNY/history/,https://www.stockanalysis.com/stocks/sny/history/
OTLK,Outlook Therapeutics,2025-12-31,CRL,1.83,2025-12-24,1.58,2025-12-31,-63.93,0.66,,https://query1.finance.yahoo.com/v8/finance/chart/OTLK,Verified,ONS-5010/Lytenava 3rd CRL; confirmed ~64% decline by next trading session per Yahoo Finance,https://finance.yahoo.com/quote/OTLK/history/,https://www.stockanalysis.com/stocks/otlk/history/
VNDA,Vanda Pharmaceuticals Inc.,2025-12-30,Approval,7.199999809265137,2025-12-29,7.03000020980835,2025-12-30,-2.36,8.819999694824219,,https://query1.finance.yahoo.com/v8/finance/chart/VNDA?period1=&period2=&interval=1d (verbatim JSON in data/raw/stock_yahoo_batch_2026_09/VNDA_2025-12-30.json),Verified,longName=Vanda Pharmaceuticals Inc.; meta symbol=VNDA; raw bars 15; source file VNDA_2025-12-30.json,https://finance.yahoo.com/quote/VNDA/history/,https://www.stockanalysis.com/stocks/vnda/history/
RDY,"Dr. Reddy’s Laboratories, Inc.",2025-12-30,CRL,14.11,2025-12-29,14.06,2025-12-30,-0.35,14.04,,https://query1.finance.yahoo.com/v8/finance/chart/RDY?period1=1766016000&period2=1768175999&interval=1d&includePrePost=false,Verified,,https://finance.yahoo.com/quote/RDY/history/,https://www.stockanalysis.com/stocks/rdy/history/
OTLK,"Outlook Therapeutics, Inc.",2025-12-30,CRL,1.98,2025-12-29,1.865,2025-12-30,-5.81,1.58,,https://query1.finance.yahoo.com/v8/finance/chart/OTLK?period1=1766016000&period2=1768175999&interval=1d&includePrePost=false,Verified,,https://finance.yahoo.com/quote/OTLK/history/,https://www.stockanalysis.com/stocks/otlk/history/
SNY,Sanofi,2025-12-23,CRL,48.03,2025-12-22,48.32,2025-12-23,0.6,48.36,,https://query1.finance.yahoo.com/v8/finance/chart/SNY?period1=1765411200&period2=1767571199&interval=1d&includePrePost=false,Verified,lineage proxy per master precedent (see master row notes: decision-date symbol differs from the modern ticker),https://finance.yahoo.com/quote/SNY/history/,https://www.stockanalysis.com/stocks/sny/history/
OMER,Omeros Corporation,2025-12-23,Approval,8.77,2025-12-16,9.51,2025-12-23,8.44,,,https://query1.finance.yahoo.com/v8/finance/chart/OMER,Verified,"Yartemlea approval; note huge subsequent spike to $15-17 within days, likely additional catalyst beyond approval alone - flagged for manual review",https://finance.yahoo.com/quote/OMER/history/,https://www.stockanalysis.com/stocks/omer/history/
AGIO,,2025-12-23,,24.95,2025-12-22,24.59,2025-12-23,-1.44,29.17,,https://query1.finance.yahoo.com/v8/finance/chart/AGIO?period1=1765411200&period2=1767484800&interval=1d&includePrePost=false,Verified,,https://finance.yahoo.com/quote/AGIO/history/,https://www.stockanalysis.com/stocks/agio/history/
RBGLY,,2025-12-22,,16.9656,2025-12-19,16.9135,2025-12-22,-0.31,16.8613,,https://query1.finance.yahoo.com/v8/finance/chart/RBGLY?period1=1765324800&period2=1767398400&interval=1d&includePrePost=false,Verified,,https://finance.yahoo.com/quote/RBGLY/history/,https://www.stockanalysis.com/stocks/rbgly/history/
NVO,,2025-12-22,,48.09,2025-12-19,48.1,2025-12-22,0.02,51.61,,https://query1.finance.yahoo.com/v8/finance/chart/NVO?period1=1765324800&period2=1767398400&interval=1d&includePrePost=false,Verified,,https://finance.yahoo.com/quote/NVO/history/,https://www.stockanalysis.com/stocks/nvo/history/
LLY,,2025-12-19,,1056.88,2025-12-18,1071.4399,2025-12-19,1.38,1076.48,,https://query1.finance.yahoo.com/v8/finance/chart/LLY?period1=1765065600&period2=1767139200&interval=1d&includePrePost=false,Verified,,https://finance.yahoo.com/quote/LLY/history/,https://www.stockanalysis.com/stocks/lly/history/
CYTK,Cytokinetics Incorporated,2025-12-19,Approval,63.35,2025-12-12,62.2,2025-12-19,-1.82,,,https://query1.finance.yahoo.com/v8/finance/chart/CYTK,Verified,Myqorzo approval,https://finance.yahoo.com/quote/CYTK/history/,https://www.stockanalysis.com/stocks/cytk/history/
AMRX,,2025-12-19,,12.64,2025-12-18,12.57,2025-12-19,-0.55,12.82,,https://query1.finance.yahoo.com/v8/finance/chart/AMRX?period1=1765065600&period2=1767139200&interval=1d&includePrePost=false,Verified,,https://finance.yahoo.com/quote/AMRX/history/,https://www.stockanalysis.com/stocks/amrx/history/
ABBV,,2025-12-18,,224.31,2025-12-17,222.82,2025-12-18,-0.66,226.82,,https://query1.finance.yahoo.com/v8/finance/chart/ABBV?period1=1764979200&period2=1767052800&interval=1d&includePrePost=false,Verified,,https://finance.yahoo.com/quote/ABBV/history/,https://www.stockanalysis.com/stocks/abbv/history/
JNJ,,2025-12-17,,209.3,2025-12-16,210.33,2025-12-17,0.49,208.31,,https://query1.finance.yahoo.com/v8/finance/chart/JNJ?period1=1764892800&period2=1766966400&interval=1d&includePrePost=false,Verified,,https://finance.yahoo.com/quote/JNJ/history/,https://www.stockanalysis.com/stocks/jnj/history/
INCY,,2025-12-17,,97.03,2025-12-16,97.63,2025-12-17,0.62,97.31,,https://query1.finance.yahoo.com/v8/finance/chart/INCY?period1=1764892800&period2=1766966400&interval=1d&includePrePost=false,Verified,,https://finance.yahoo.com/quote/INCY/history/,https://www.stockanalysis.com/stocks/incy/history/
GSK,GSK plc,2025-12-16,Approval,47.27,2025-12-09,49.24,2025-12-16,4.17,,,https://query1.finance.yahoo.com/v8/finance/chart/GSK,Verified,"Exdensur approval (second GSK entry, joined by ticker+decision_date)",https://finance.yahoo.com/quote/GSK/history/,https://www.stockanalysis.com/stocks/gsk/history/
DSNKY,,2025-12-15,,21.4,2025-12-12,22.7,2025-12-15,6.07,22.02,,https://query1.finance.yahoo.com/v8/finance/chart/DSNKY?period1=1764720000&period2=1766793600&interval=1d&includePrePost=false,Verified,,https://finance.yahoo.com/quote/DSNKY/history/,https://www.stockanalysis.com/stocks/dsnky/history/
MIST,Milestone Pharmaceuticals,2025-12-12,Approval,2.68,2025-12-05,2.95,2025-12-12,10.07,,,https://query1.finance.yahoo.com/v8/finance/chart/MIST,Verified,"Cardamyst approval; note steep subsequent decline to ~$1.00 by mid-2026 (unrelated commercial launch concerns, not part of this approval-day snapshot)",https://finance.yahoo.com/quote/MIST/history/,https://www.stockanalysis.com/stocks/mist/history/
JNJ,,2025-12-12,,210.01,2025-12-11,211.58,2025-12-12,0.75,214.17,,https://query1.finance.yahoo.com/v8/finance/chart/JNJ?period1=1764460800&period2=1766534400&interval=1d&includePrePost=false,Verified,,https://finance.yahoo.com/quote/JNJ/history/,https://www.stockanalysis.com/stocks/jnj/history/
INVA,Innoviva,2025-12-12,Approval,20.62,2025-12-11,20.63,2025-12-12,0.05,20.14,,https://query1.finance.yahoo.com/v8/finance/chart/INVA,Verified,"Nuzolvence approval (second INVA entry, joined by ticker+decision_date)",https://finance.yahoo.com/quote/INVA/history/,https://www.stockanalysis.com/stocks/inva/history/
VIE,,2025-12-11,,,,,,,,,https://query1.finance.yahoo.com/v8/finance/chart/VIE?period1=1764374400&period2=1766448000&interval=1d&includePrePost=false,Data unavailable - acquired/delisted or pre-Yahoo coverage,fetch status: FAILED HTTPError: HTTP Error 404: Not Found,https://finance.yahoo.com/quote/VIE/history/,https://www.stockanalysis.com/stocks/vie/history/
GSK,,2025-12-11,,48.41,2025-12-10,48.88,2025-12-11,0.97,48.81,,https://query1.finance.yahoo.com/v8/finance/chart/GSK?period1=1764374400&period2=1766448000&interval=1d&includePrePost=false,Verified,,https://finance.yahoo.com/quote/GSK/history/,https://www.stockanalysis.com/stocks/gsk/history/
BCRX,,2025-12-11,,7.66,2025-12-10,7.58,2025-12-11,-1.04,7.57,,https://query1.finance.yahoo.com/v8/finance/chart/BCRX?period1=1764374400&period2=1766448000&interval=1d&includePrePost=false,Verified,,https://finance.yahoo.com/quote/BCRX/history/,https://www.stockanalysis.com/stocks/bcrx/history/
ACAD,,2025-12-11,,26.81,2025-12-10,26.68,2025-12-11,-0.48,27.15,,https://query1.finance.yahoo.com/v8/finance/chart/ACAD?period1=1764374400&period2=1766448000&interval=1d&includePrePost=false,Verified,,https://finance.yahoo.com/quote/ACAD/history/,https://www.stockanalysis.com/stocks/acad/history/
ONC,,2025-12-09,,326.49,2025-12-08,318.69,2025-12-09,-2.39,322.68,,https://query1.finance.yahoo.com/v8/finance/chart/ONC?period1=1764201600&period2=1766275200&interval=1d&includePrePost=false,Verified,,https://finance.yahoo.com/quote/ONC/history/,https://www.stockanalysis.com/stocks/onc/history/
MRK,,2025-12-09,,98.93,2025-12-08,96.89,2025-12-09,-2.06,97.62,,https://query1.finance.yahoo.com/v8/finance/chart/MRK?period1=1764201600&period2=1766275200&interval=1d&includePrePost=false,Verified,,https://finance.yahoo.com/quote/MRK/history/,https://www.stockanalysis.com/stocks/mrk/history/
ALVO,Alvotech USA Inc.,2025-11-26,CRL,5.34,2025-11-25,5.15,2025-11-26,-3.56,5.1,,https://query1.finance.yahoo.com/v8/finance/chart/ALVO?period1=1763078400&period2=1765238399&interval=1d&includePrePost=false,Verified,,https://finance.yahoo.com/quote/ALVO/history/,https://www.stockanalysis.com/stocks/alvo/history/
NVS,,2025-11-25,,126.54,2025-11-24,130.26,2025-11-25,2.94,130.44,,https://query1.finance.yahoo.com/v8/finance/chart/NVS?period1=1762992000&period2=1765065600&interval=1d&includePrePost=false,Verified,,https://finance.yahoo.com/quote/NVS/history/,https://www.stockanalysis.com/stocks/nvs/history/
AZN,,2025-11-25,,183.04,2025-11-24,186.48,2025-11-25,1.88,186.64,,https://query1.finance.yahoo.com/v8/finance/chart/AZN?period1=1762992000&period2=1765065600&interval=1d&includePrePost=false,Verified,,https://finance.yahoo.com/quote/AZN/history/,https://www.stockanalysis.com/stocks/azn/history/
BMY,,2025-11-24,,46.25,2025-11-21,47.76,2025-11-24,3.26,49.05,,https://query1.finance.yahoo.com/v8/finance/chart/BMY?period1=1762905600&period2=1764979200&interval=1d&includePrePost=false,Verified,,https://finance.yahoo.com/quote/BMY/history/,https://www.stockanalysis.com/stocks/bmy/history/
ALVO,Alvotech USA Inc.,2025-11-24,CRL,5.14,2025-11-21,5.47,2025-11-24,6.42,5.34,,https://query1.finance.yahoo.com/v8/finance/chart/ALVO?period1=1762905600&period2=1765065599&interval=1d&includePrePost=false,Verified,,https://finance.yahoo.com/quote/ALVO/history/,https://www.stockanalysis.com/stocks/alvo/history/
TAK,,2025-11-21,,14.06,2025-11-20,14.3,2025-11-21,1.71,14.22,,https://query1.finance.yahoo.com/v8/finance/chart/TAK?period1=1762646400&period2=1764720000&interval=1d&includePrePost=false,Verified,,https://finance.yahoo.com/quote/TAK/history/,https://www.stockanalysis.com/stocks/tak/history/
NVO,,2025-11-21,,47.6,2025-11-20,47.63,2025-11-21,0.06,44.97,,https://query1.finance.yahoo.com/v8/finance/chart/NVO?period1=1762646400&period2=1764720000&interval=1d&includePrePost=false,Verified,,https://finance.yahoo.com/quote/NVO/history/,https://www.stockanalysis.com/stocks/nvo/history/
MRK,,2025-11-21,,94.97,2025-11-20,97.76,2025-11-21,2.94,100.4,,https://query1.finance.yahoo.com/v8/finance/chart/MRK?period1=1762646400&period2=1764720000&interval=1d&includePrePost=false,Verified,,https://finance.yahoo.com/quote/MRK/history/,https://www.stockanalysis.com/stocks/mrk/history/
ALPMY,,2025-11-21,,12.43,2025-11-20,12.56,2025-11-21,1.05,12.6,,https://query1.finance.yahoo.com/v8/finance/chart/ALPMY?period1=1762646400&period2=1764720000&interval=1d&includePrePost=false,Verified,,https://finance.yahoo.com/quote/ALPMY/history/,https://www.stockanalysis.com/stocks/alpmy/history/
LLY,,2025-11-20,,1049.6,2025-11-19,1043.29,2025-11-20,-0.6,1059.7,,https://query1.finance.yahoo.com/v8/finance/chart/LLY?period1=1762560000&period2=1764633600&interval=1d&includePrePost=false,Verified,,https://finance.yahoo.com/quote/LLY/history/,https://www.stockanalysis.com/stocks/lly/history/
REGN,,2025-11-19,,725.34,2025-11-18,702.75,2025-11-19,-3.11,737,,https://query1.finance.yahoo.com/v8/finance/chart/REGN?period1=1762473600&period2=1764547200&interval=1d&includePrePost=false,Verified,,https://finance.yahoo.com/quote/REGN/history/,https://www.stockanalysis.com/stocks/regn/history/
JNJ,,2025-11-19,,200,2025-11-18,202.51,2025-11-19,1.26,203.07,,https://query1.finance.yahoo.com/v8/finance/chart/JNJ?period1=1762473600&period2=1764547200&interval=1d&includePrePost=false,Verified,,https://finance.yahoo.com/quote/JNJ/history/,https://www.stockanalysis.com/stocks/jnj/history/
BAYRY,Bayer AG,2025-11-19,Approval (Accelerated),7.91,2025-11-18,7.77,2025-11-19,-1.77,7.68,,https://query1.finance.yahoo.com/v8/finance/chart/BAYRY?period1=1762473600&period2=1764633599&interval=1d&includePrePost=false,Verified,master decision D080,https://finance.yahoo.com/quote/BAYRY/history/,https://www.stockanalysis.com/stocks/bayry/history/
AZN,,2025-11-19,,179.1,2025-11-18,177.98,2025-11-19,-0.63,177.36,,https://query1.finance.yahoo.com/v8/finance/chart/AZN?period1=1762473600&period2=1764547200&interval=1d&includePrePost=false,Verified,,https://finance.yahoo.com/quote/AZN/history/,https://www.stockanalysis.com/stocks/azn/history/
AMGN,,2025-11-19,,343.99,2025-11-18,342.4,2025-11-19,-0.46,336.07,,https://query1.finance.yahoo.com/v8/finance/chart/AMGN?period1=1762473600&period2=1764547200&interval=1d&includePrePost=false,Verified,,https://finance.yahoo.com/quote/AMGN/history/,https://www.stockanalysis.com/stocks/amgn/history/
GMAB,,2025-11-18,,30.42,2025-11-17,30.32,2025-11-18,-0.33,30.57,,https://query1.finance.yahoo.com/v8/finance/chart/GMAB?period1=1762387200&period2=1764460800&interval=1d&includePrePost=false,Verified,,https://finance.yahoo.com/quote/GMAB/history/,https://www.stockanalysis.com/stocks/gmab/history/
ARWR,Arrowhead Pharmaceuticals,2025-11-18,Approval,41.5,2025-11-11,40.15,2025-11-18,-3.25,,,https://query1.finance.yahoo.com/v8/finance/chart/ARWR,Verified,Redemplo approval,https://finance.yahoo.com/quote/ARWR/history/,https://www.stockanalysis.com/stocks/arwr/history/
KURA,Kura Oncology,2025-11-13,Approval (Accelerated),,2025-11-06,10.16,2025-11-13,,,,https://query1.finance.yahoo.com/v8/finance/chart/KURA,Verified - partial,Beqalzi approval,https://finance.yahoo.com/quote/KURA/history/,https://www.stockanalysis.com/stocks/kura/history/
JNJ,,2025-11-06,,186,2025-11-05,186.97,2025-11-06,0.52,186.57,,https://query1.finance.yahoo.com/v8/finance/chart/JNJ?period1=1761350400&period2=1763424000&interval=1d&includePrePost=false,Verified,,https://finance.yahoo.com/quote/JNJ/history/,https://www.stockanalysis.com/stocks/jnj/history/
BHVN,Biohaven Ltd.,2025-11-04,CRL,14.85,2025-11-03,13.95,2025-11-04,-6.06,8.34,,https://query1.finance.yahoo.com/v8/finance/chart/BHVN?period1=1761177600&period2=1763337599&interval=1d&includePrePost=false,Verified,,https://finance.yahoo.com/quote/BHVN/history/,https://www.stockanalysis.com/stocks/bhvn/history/
ABBV,,2025-11-04,,211.96,2025-11-03,215.89,2025-11-04,1.85,216.77,,https://query1.finance.yahoo.com/v8/finance/chart/ABBV?period1=1761177600&period2=1763251200&interval=1d&includePrePost=false,Verified,,https://finance.yahoo.com/quote/ABBV/history/,https://www.stockanalysis.com/stocks/abbv/history/
ALVO,Alvotech USA Inc.,2025-10-31,CRL,7.84,2025-10-30,7.65,2025-10-31,-2.42,5.03,,https://query1.finance.yahoo.com/v8/finance/chart/ALVO?period1=1760832000&period2=1762991999&interval=1d&includePrePost=false,Verified,,https://finance.yahoo.com/quote/ALVO/history/,https://www.stockanalysis.com/stocks/alvo/history/
REGN,,2025-10-29,,654.48,2025-10-28,652.91,2025-10-29,-0.24,654.04,,https://query1.finance.yahoo.com/v8/finance/chart/REGN?period1=1760659200&period2=1762732800&interval=1d&includePrePost=false,Verified,,https://finance.yahoo.com/quote/REGN/history/,https://www.stockanalysis.com/stocks/regn/history/
BMY,,2025-10-27,,43.83,2025-10-24,43.39,2025-10-27,-1.0,42.82,,https://query1.finance.yahoo.com/v8/finance/chart/BMY?period1=1760486400&period2=1762560000&interval=1d&includePrePost=false,Verified,,https://finance.yahoo.com/quote/BMY/history/,https://www.stockanalysis.com/stocks/bmy/history/
SNDX,,2025-10-24,,14.68,2025-10-23,13.53,2025-10-24,-7.83,13.11,,https://query1.finance.yahoo.com/v8/finance/chart/SNDX?period1=1760227200&period2=1762300800&interval=1d&includePrePost=false,Verified,,https://finance.yahoo.com/quote/SNDX/history/,https://www.stockanalysis.com/stocks/sndx/history/
MRK,,2025-10-24,,87.18,2025-10-23,87.49,2025-10-24,0.36,88,,https://query1.finance.yahoo.com/v8/finance/chart/MRK?period1=1760227200&period2=1762300800&interval=1d&includePrePost=false,Verified,,https://finance.yahoo.com/quote/MRK/history/,https://www.stockanalysis.com/stocks/mrk/history/
BAYRY,Bayer AG,2025-10-24,Approval,7.96,2025-10-23,8.02,2025-10-24,0.75,7.97,,https://query1.finance.yahoo.com/v8/finance/chart/BAYRY?period1=1760227200&period2=1762387199&interval=1d&includePrePost=false,Verified,master decision D252,https://finance.yahoo.com/quote/BAYRY/history/,https://www.stockanalysis.com/stocks/bayry/history/
GSK,GlaxoSmithKline LLC,2025-10-23,CRL,44.26,2025-10-22,45.54,2025-10-23,2.89,43.24,,https://query1.finance.yahoo.com/v8/finance/chart/GSK?period1=1760140800&period2=1762300799&interval=1d&includePrePost=false,Verified,lineage proxy per master precedent (see master row notes: decision-date symbol differs from the modern ticker),https://finance.yahoo.com/quote/GSK/history/,https://www.stockanalysis.com/stocks/gsk/history/
AZN,,2025-10-20,,169.38,2025-10-17,167.74,2025-10-20,-0.97,166.44,,https://query1.finance.yahoo.com/v8/finance/chart/AZN?period1=1759881600&period2=1761955200&interval=1d&includePrePost=false,Verified,,https://finance.yahoo.com/quote/AZN/history/,https://www.stockanalysis.com/stocks/azn/history/
NVO,,2025-10-17,,56.09,2025-10-16,54.37,2025-10-17,-3.07,55.74,,https://query1.finance.yahoo.com/v8/finance/chart/NVO?period1=1759622400&period2=1761696000&interval=1d&includePrePost=false,Verified,,https://finance.yahoo.com/quote/NVO/history/,https://www.stockanalysis.com/stocks/nvo/history/
AZN,,2025-10-17,,167.66,2025-10-16,169.38,2025-10-17,1.03,167.74,,https://query1.finance.yahoo.com/v8/finance/chart/AZN?period1=1759622400&period2=1761696000&interval=1d&includePrePost=false,Verified,,https://finance.yahoo.com/quote/AZN/history/,https://www.stockanalysis.com/stocks/azn/history/
RDY,Dr. Reddy’s Laboratories SA,2025-10-16,CRL,14.07,2025-10-15,14.22,2025-10-16,1.07,14.45,,https://query1.finance.yahoo.com/v8/finance/chart/RDY?period1=1759536000&period2=1761695999&interval=1d&includePrePost=false,Verified,,https://finance.yahoo.com/quote/RDY/history/,https://www.stockanalysis.com/stocks/rdy/history/
PFE,,2025-10-16,,24.39,2025-10-15,24.23,2025-10-16,-0.66,24.51,,https://query1.finance.yahoo.com/v8/finance/chart/PFE?period1=1759536000&period2=1761609600&interval=1d&includePrePost=false,Verified,,https://finance.yahoo.com/quote/PFE/history/,https://www.stockanalysis.com/stocks/pfe/history/
MRK,,2025-10-15,,84.7,2025-10-14,84.11,2025-10-15,-0.7,83.92,,https://query1.finance.yahoo.com/v8/finance/chart/MRK?period1=1759449600&period2=1761523200&interval=1d&includePrePost=false,Verified,,https://finance.yahoo.com/quote/MRK/history/,https://www.stockanalysis.com/stocks/mrk/history/
TEVA,,2025-10-10,,20.04,2025-10-09,20.03,2025-10-10,-0.05,20.02,,https://query1.finance.yahoo.com/v8/finance/chart/TEVA?period1=1759017600&period2=1761091200&interval=1d&includePrePost=false,Verified,,https://finance.yahoo.com/quote/TEVA/history/,https://www.stockanalysis.com/stocks/teva/history/
TAK,,2025-10-10,,14.08,2025-10-09,13.71,2025-10-10,-2.63,13.72,,https://query1.finance.yahoo.com/v8/finance/chart/TAK?period1=1759017600&period2=1761091200&interval=1d&includePrePost=false,Verified,,https://finance.yahoo.com/quote/TAK/history/,https://www.stockanalysis.com/stocks/tak/history/
AZN,AstraZeneca PLC,2025-10-10,CRL,170.08,2025-10-09,169.06,2025-10-10,-0.6,169.02,,https://query1.finance.yahoo.com/v8/finance/chart/AZN?period1=1759017600&period2=1761177599&interval=1d&includePrePost=false,Verified,lineage proxy per master precedent (see master row notes: decision-date symbol differs from the modern ticker),https://finance.yahoo.com/quote/AZN/history/,https://www.stockanalysis.com/stocks/azn/history/
ABBV,,2025-10-10,,230.69,2025-10-09,230.5,2025-10-10,-0.08,230.3,,https://query1.finance.yahoo.com/v8/finance/chart/ABBV?period1=1759017600&period2=1761091200&interval=1d&includePrePost=false,Verified,,https://finance.yahoo.com/quote/ABBV/history/,https://www.stockanalysis.com/stocks/abbv/history/
REGN,,2025-10-09,,563.86,2025-10-08,569.9,2025-10-09,1.07,564.63,,https://query1.finance.yahoo.com/v8/finance/chart/REGN?period1=1758931200&period2=1761004800&interval=1d&includePrePost=false,Verified,,https://finance.yahoo.com/quote/REGN/history/,https://www.stockanalysis.com/stocks/regn/history/
REGN,,2025-10-08,,583.24,2025-10-07,563.86,2025-10-08,-3.32,569.9,,https://query1.finance.yahoo.com/v8/finance/chart/REGN?period1=1758844800&period2=1760918400&interval=1d&includePrePost=false,Verified,,https://finance.yahoo.com/quote/REGN/history/,https://www.stockanalysis.com/stocks/regn/history/
JNJ,,2025-10-07,,188.16,2025-10-06,188.89,2025-10-07,0.39,189.69,,https://query1.finance.yahoo.com/v8/finance/chart/JNJ?period1=1758758400&period2=1760832000&interval=1d&includePrePost=false,Verified,,https://finance.yahoo.com/quote/JNJ/history/,https://www.stockanalysis.com/stocks/jnj/history/
NVS,,2025-10-02,,131.72,2025-10-01,130.97,2025-10-02,-0.57,132.39,,https://query1.finance.yahoo.com/v8/finance/chart/NVS?period1=1758326400&period2=1760400000&interval=1d&includePrePost=false,Verified,,https://finance.yahoo.com/quote/NVS/history/,https://www.stockanalysis.com/stocks/nvs/history/
JAZZ,,2025-10-02,,136.9,2025-10-01,137.21,2025-10-02,0.23,139.48,,https://query1.finance.yahoo.com/v8/finance/chart/JAZZ?period1=1758326400&period2=1760400000&interval=1d&includePrePost=false,Verified,,https://finance.yahoo.com/quote/JAZZ/history/,https://www.stockanalysis.com/stocks/jazz/history/
NVS,Novartis AG,2025-09-30,Approval,124.1,2025-09-29,128.24,2025-09-30,3.34,131.72,,https://query1.finance.yahoo.com/v8/finance/chart/NVS,Verified,Rhapsido approval,https://finance.yahoo.com/quote/NVS/history/,https://www.stockanalysis.com/stocks/nvs/history/
JNJ,,2025-09-26,,177.73,2025-09-25,179.71,2025-09-26,1.11,181.62,,https://query1.finance.yahoo.com/v8/finance/chart/JNJ?period1=1757808000&period2=1759881600&interval=1d&includePrePost=false,Verified,,https://finance.yahoo.com/quote/JNJ/history/,https://www.stockanalysis.com/stocks/jnj/history/
REGN,,2025-09-25,,576.98,2025-09-24,555.51,2025-09-25,-3.72,563.9,,https://query1.finance.yahoo.com/v8/finance/chart/REGN?period1=1757721600&period2=1759795200&interval=1d&includePrePost=false,Verified,,https://finance.yahoo.com/quote/REGN/history/,https://www.stockanalysis.com/stocks/regn/history/
LLY,Eli Lilly and Company,2025-09-25,Approval,741.85,2025-09-24,714.59,2025-09-25,-3.67,724.54,,https://query1.finance.yahoo.com/v8/finance/chart/LLY,Verified - caveat,Inluriyo approval; LLY fell 3.7% on the day but the decline appears driven by broader same-day news rather than the approval itself - flagged for manual review of causality,https://finance.yahoo.com/quote/LLY/history/,https://www.stockanalysis.com/stocks/lly/history/
CRNX,Crinetics Pharmaceuticals,2025-09-25,Approval,,,,,,,,https://investors.vrtx.com/news-releases/news-release-details/vertex-completes-acquisition-crinetics-pharmaceuticals-and,Data unavailable - acquired/delisted,"Crinetics acquired by Vertex Pharmaceuticals ($85/sh, ~$10B, closed Sep 1 2026); CRNX delisted and Yahoo Finance no longer serves the Sep 2025 approval-window series. Flagged for manual archive lookup.",https://finance.yahoo.com/quote/CRNX/history/,https://www.stockanalysis.com/stocks/crnx/history/
SRRK,Scholar Rock Holding Corporation,2025-09-22,CRL,30.84,2025-09-19,32.58,2025-09-22,5.64,33.75,,https://query1.finance.yahoo.com/v8/finance/chart/SRRK?period1=1757462400&period2=1759622399&interval=1d&includePrePost=false,Verified,,https://finance.yahoo.com/quote/SRRK/history/,https://www.stockanalysis.com/stocks/srrk/history/
BIIB,Biogen Inc.,2025-09-22,CRL,142.5,2025-09-19,140.66,2025-09-22,-1.29,139.31,,https://query1.finance.yahoo.com/v8/finance/chart/BIIB?period1=1757462400&period2=1759622399&interval=1d&includePrePost=false,Verified,,https://finance.yahoo.com/quote/BIIB/history/,https://www.stockanalysis.com/stocks/biib/history/
MRK,Merck & Co.,2025-09-19,Approval,82.81,2025-09-12,,,,,,https://query1.finance.yahoo.com/v8/finance/chart/MRK,Verified - partial,"Keytruda Qlex subcutaneous approval (third MRK entry, joined by ticker+decision_date)",https://finance.yahoo.com/quote/MRK/history/,https://www.stockanalysis.com/stocks/mrk/history/
MITO,Stealth BioTherapeutics,2025-09-19,Approval,,,,,,,,https://www.stocktitan.net/overview/MITO/,Data unavailable - went private pre-approval,"Stealth BioTherapeutics went private via merger in Jan 2023, delisting MITO from Nasdaq; FORZINITY approval (Sept 2025) therefore occurred while privately held. No public share price exists for this decision date.",https://finance.yahoo.com/quote/MITO/history/,https://www.stockanalysis.com/stocks/mito/history/
JNJ,,2025-09-19,,174.16,2025-09-18,176.19,2025-09-19,1.17,174.21,,https://query1.finance.yahoo.com/v8/finance/chart/JNJ?period1=1757203200&period2=1759276800&interval=1d&includePrePost=false,Verified,,https://finance.yahoo.com/quote/JNJ/history/,https://www.stockanalysis.com/stocks/jnj/history/
INCY,,2025-09-18,,84.8,2025-09-17,86,2025-09-18,1.42,86.53,,https://query1.finance.yahoo.com/v8/finance/chart/INCY?period1=1757116800&period2=1759190400&interval=1d&includePrePost=false,Verified,,https://finance.yahoo.com/quote/INCY/history/,https://www.stockanalysis.com/stocks/incy/history/
PFE,,2025-09-16,,23.97,2025-09-15,23.9,2025-09-16,-0.29,24.05,,https://query1.finance.yahoo.com/v8/finance/chart/PFE?period1=1756944000&period2=1759017600&interval=1d&includePrePost=false,Verified,,https://finance.yahoo.com/quote/PFE/history/,https://www.stockanalysis.com/stocks/pfe/history/
AZN,,2025-09-15,,159.12,2025-09-12,156.1,2025-09-15,-1.9,155.12,,https://query1.finance.yahoo.com/v8/finance/chart/AZN?period1=1756857600&period2=1758931200&interval=1d&includePrePost=false,Verified,,https://finance.yahoo.com/quote/AZN/history/,https://www.stockanalysis.com/stocks/azn/history/
EXEL,,2025-09-10,,38.28,2025-09-09,37.7,2025-09-10,-1.52,39.07,,https://query1.finance.yahoo.com/v8/finance/chart/EXEL?period1=1756425600&period2=1758499200&interval=1d&includePrePost=false,Verified,,https://finance.yahoo.com/quote/EXEL/history/,https://www.stockanalysis.com/stocks/exel/history/
AZN,,2025-09-10,,162.44,2025-09-09,161.62,2025-09-10,-0.5,162.2,,https://query1.finance.yahoo.com/v8/finance/chart/AZN?period1=1756425600&period2=1758499200&interval=1d&includePrePost=false,Verified,,https://finance.yahoo.com/quote/AZN/history/,https://www.stockanalysis.com/stocks/azn/history/
JNJ,,2025-09-09,,178.13,2025-09-08,176.96,2025-09-09,-0.66,175.79,,https://query1.finance.yahoo.com/v8/finance/chart/JNJ?period1=1756339200&period2=1758412800&interval=1d&includePrePost=false,Verified,,https://finance.yahoo.com/quote/JNJ/history/,https://www.stockanalysis.com/stocks/jnj/history/
ABBV,,2025-09-03,,211.92,2025-09-02,211.86,2025-09-03,-0.03,213,,https://query1.finance.yahoo.com/v8/finance/chart/ABBV?period1=1755820800&period2=1757894400&interval=1d&includePrePost=false,Verified,,https://finance.yahoo.com/quote/ABBV/history/,https://www.stockanalysis.com/stocks/abbv/history/
SNY,Sanofi,2025-08-29,Approval,51.35,2025-08-22,45.33,2025-08-29,-11.72,,,https://query1.finance.yahoo.com/v8/finance/chart/SNY,Verified - caveat,"Wayrilz approval (second SNY entry, joined by ticker+decision_date); large drop appears driven by broader stock-specific news around Aug 29, not necessarily the approval - flagged for manual review of causality",https://finance.yahoo.com/quote/SNY/history/,https://www.stockanalysis.com/stocks/sny/history/
ESALY,,2025-08-29,,,,,,,,,https://query1.finance.yahoo.com/v8/finance/chart/ESALY?period1=1755388800&period2=1757462400&interval=1d&includePrePost=false,Data unavailable - acquired/delisted or pre-Yahoo coverage,fetch status: FAILED HTTPError: HTTP Error 404: Not Found,https://finance.yahoo.com/quote/ESALY/history/,https://www.stockanalysis.com/stocks/esaly/history/
AMGN,,2025-08-29,,285.61,2025-08-28,287.71,2025-08-29,0.74,286.92,,https://query1.finance.yahoo.com/v8/finance/chart/AMGN?period1=1755388800&period2=1757462400&interval=1d&includePrePost=false,Verified,,https://finance.yahoo.com/quote/AMGN/history/,https://www.stockanalysis.com/stocks/amgn/history/
TVTX,,2025-08-27,,17.44,2025-08-26,17.44,2025-08-27,0.0,17.7,,https://query1.finance.yahoo.com/v8/finance/chart/TVTX?period1=1755216000&period2=1757289600&interval=1d&includePrePost=false,Verified,,https://finance.yahoo.com/quote/TVTX/history/,https://www.stockanalysis.com/stocks/tvtx/history/
OTLK,"Outlook Therapeutics, Inc.",2025-08-27,CRL,2.7,2025-08-26,2.375,2025-08-27,-12.04,1.09,,https://query1.finance.yahoo.com/v8/finance/chart/OTLK?period1=1755216000&period2=1757375999&interval=1d&includePrePost=false,Verified,,https://finance.yahoo.com/quote/OTLK/history/,https://www.stockanalysis.com/stocks/otlk/history/
DAWN,,2025-08-27,,,,,,,,,https://query1.finance.yahoo.com/v8/finance/chart/DAWN?period1=1755216000&period2=1757289600&interval=1d&includePrePost=false,Data unavailable - acquired/delisted or pre-Yahoo coverage,fetch status: FAILED HTTPError: HTTP Error 404: Not Found,https://finance.yahoo.com/quote/DAWN/history/,https://www.stockanalysis.com/stocks/dawn/history/
IONS,Ionis Pharmaceuticals,2025-08-21,Approval,42.85,2025-08-14,42.81,2025-08-21,-0.09,,,https://query1.finance.yahoo.com/v8/finance/chart/IONS,Verified,Dawnzera approval (second IONS entry),https://finance.yahoo.com/quote/IONS/history/,https://www.stockanalysis.com/stocks/ions/history/
PTCT,"PTC Therapeutics, Inc.",2025-08-18,CRL,48.82,2025-08-15,49.8,2025-08-18,2.01,49.59,,https://query1.finance.yahoo.com/v8/finance/chart/PTCT?period1=1754438400&period2=1756598399&interval=1d&includePrePost=false,Verified,,https://finance.yahoo.com/quote/PTCT/history/,https://www.stockanalysis.com/stocks/ptct/history/
NVO,,2025-08-15,,50.95,2025-08-14,52.41,2025-08-15,2.87,53.75,,https://query1.finance.yahoo.com/v8/finance/chart/NVO?period1=1754179200&period2=1756252800&interval=1d&includePrePost=false,Verified,,https://finance.yahoo.com/quote/NVO/history/,https://www.stockanalysis.com/stocks/nvo/history/
JNJ,,2025-08-14,,174.42,2025-08-13,174.72,2025-08-14,0.17,176.64,,https://query1.finance.yahoo.com/v8/finance/chart/JNJ?period1=1754092800&period2=1756166400&interval=1d&includePrePost=false,Verified,,https://finance.yahoo.com/quote/JNJ/history/,https://www.stockanalysis.com/stocks/jnj/history/
INSM,Insmed Incorporated,2025-08-12,Approval,111.61,2025-08-05,112.89,2025-08-12,1.15,,,https://query1.finance.yahoo.com/v8/finance/chart/INSM,Verified,Brinsupri approval,https://finance.yahoo.com/quote/INSM/history/,https://www.stockanalysis.com/stocks/insm/history/
CMRX,Chimerix Incorporated,2025-08-06,Approval (Accelerated),,,,,,,,https://stockanalysis.com/stocks/cmrx/,Data unavailable - acquired/delisted,"Chimerix acquired by Jazz Pharmaceuticals ($8.55/share, $935M) closed April 2025; CMRX delisted from Nasdaq BEFORE the Aug 6 2025 Modeyso approval. Approval occurred while Chimerix was a Jazz Pharmaceuticals subsidiary - see JAZZ ticker for any related market impact instead.",https://finance.yahoo.com/quote/CMRX/history/,https://www.stockanalysis.com/stocks/cmrx/history/
TEVA,,2025-08-05,,15.69,2025-08-04,15.71,2025-08-05,0.13,16.01,,https://query1.finance.yahoo.com/v8/finance/chart/TEVA?period1=1753315200&period2=1755388800&interval=1d&includePrePost=false,Verified,,https://finance.yahoo.com/quote/TEVA/history/,https://www.stockanalysis.com/stocks/teva/history/
NVS,,2025-07-31,,116.63,2025-07-30,113.74,2025-07-31,-2.48,115.3,,https://query1.finance.yahoo.com/v8/finance/chart/NVS?period1=1752883200&period2=1754956800&interval=1d&includePrePost=false,Verified,,https://finance.yahoo.com/quote/NVS/history/,https://www.stockanalysis.com/stocks/nvs/history/
NVO,,2025-07-31,,50.03,2025-07-30,47.07,2025-07-31,-5.92,48.19,,https://query1.finance.yahoo.com/v8/finance/chart/NVO?period1=1752883200&period2=1754956800&interval=1d&includePrePost=false,Verified,,https://finance.yahoo.com/quote/NVO/history/,https://www.stockanalysis.com/stocks/nvo/history/
LENZ,LENZ Therapeutics,2025-07-31,Approval,33.4,2025-07-24,30.76,2025-07-31,-7.9,,,https://query1.finance.yahoo.com/v8/finance/chart/LENZ,Verified,Vizz approval,https://finance.yahoo.com/quote/LENZ/history/,https://www.stockanalysis.com/stocks/lenz/history/
TEVA,Teva Pharmaceutical Industries Ltd.,2025-07-30,CRL,16.54,2025-07-29,16.83,2025-07-30,1.75,15.45,,https://query1.finance.yahoo.com/v8/finance/chart/TEVA?period1=1752796800&period2=1754956799&interval=1d&includePrePost=false,Verified,,https://finance.yahoo.com/quote/TEVA/history/,https://www.stockanalysis.com/stocks/teva/history/
REGN,Regeneron Pharmaceuticals,2025-07-30,CRL,558.15,2025-07-29,554.58,2025-07-30,-0.64,545.46,,https://query1.finance.yahoo.com/v8/finance/chart/REGN?period1=1752796800&period2=1754956799&interval=1d&includePrePost=false,Verified,,https://finance.yahoo.com/quote/REGN/history/,https://www.stockanalysis.com/stocks/regn/history/
GILD,,2025-07-30,,114.23,2025-07-29,114.76,2025-07-30,0.46,112.29,,https://query1.finance.yahoo.com/v8/finance/chart/GILD?period1=1752796800&period2=1754870400&interval=1d&includePrePost=false,Verified,,https://finance.yahoo.com/quote/GILD/history/,https://www.stockanalysis.com/stocks/gild/history/
PTCT,PTC Therapeutics,2025-07-28,Approval,47.86,2025-07-21,44.74,2025-07-28,-6.52,,,https://query1.finance.yahoo.com/v8/finance/chart/PTCT,Verified,Sephience approval,https://finance.yahoo.com/quote/PTCT/history/,https://www.stockanalysis.com/stocks/ptct/history/
JNJ,,2025-07-28,,168.3,2025-07-25,166.22,2025-07-28,-1.24,168.11,,https://query1.finance.yahoo.com/v8/finance/chart/JNJ?period1=1752624000&period2=1754697600&interval=1d&includePrePost=false,Verified,,https://finance.yahoo.com/quote/JNJ/history/,https://www.stockanalysis.com/stocks/jnj/history/
APLS,,2025-07-28,,,,,,,,,https://query1.finance.yahoo.com/v8/finance/chart/APLS?period1=1752624000&period2=1754697600&interval=1d&includePrePost=false,Data unavailable - acquired/delisted or pre-Yahoo coverage,fetch status: FAILED HTTPError: HTTP Error 404: Not Found,https://finance.yahoo.com/quote/APLS/history/,https://www.stockanalysis.com/stocks/apls/history/
ASND,,2025-07-25,,168.31,2025-07-24,167.47,2025-07-25,-0.5,164.16,,https://query1.finance.yahoo.com/v8/finance/chart/ASND?period1=1752364800&period2=1754438400&interval=1d&includePrePost=false,Verified,,https://finance.yahoo.com/quote/ASND/history/,https://www.stockanalysis.com/stocks/asnd/history/
MRK,,2025-07-24,,83.98,2025-07-23,84.11,2025-07-24,0.15,84.71,,https://query1.finance.yahoo.com/v8/finance/chart/MRK?period1=1752278400&period2=1754352000&interval=1d&includePrePost=false,Verified,,https://finance.yahoo.com/quote/MRK/history/,https://www.stockanalysis.com/stocks/mrk/history/
AMGN,,2025-07-23,,305.69,2025-07-22,309.22,2025-07-23,1.15,308.55,,https://query1.finance.yahoo.com/v8/finance/chart/AMGN?period1=1752192000&period2=1754265600&interval=1d&includePrePost=false,Verified,,https://finance.yahoo.com/quote/AMGN/history/,https://www.stockanalysis.com/stocks/amgn/history/
REPL,"Replimune Group, Inc.",2025-07-21,CRL,12.09,2025-07-18,12.325,2025-07-21,1.94,2.805,,https://query1.finance.yahoo.com/v8/finance/chart/REPL?period1=1752019200&period2=1754179199&interval=1d&includePrePost=false,Verified,,https://finance.yahoo.com/quote/REPL/history/,https://www.stockanalysis.com/stocks/repl/history/
FSNUY,,2025-07-16,,12,2025-07-15,12,2025-07-16,0.0,11.99,,https://query1.finance.yahoo.com/v8/finance/chart/FSNUY?period1=1751587200&period2=1753660800&interval=1d&includePrePost=false,Verified,,https://finance.yahoo.com/quote/FSNUY/history/,https://www.stockanalysis.com/stocks/fsnuy/history/
BAYRY,,2025-07-11,,8.12,2025-07-10,7.98,2025-07-11,-1.72,8.05,,https://query1.finance.yahoo.com/v8/finance/chart/BAYRY?period1=1751155200&period2=1753228800&interval=1d&includePrePost=false,Verified,,https://finance.yahoo.com/quote/BAYRY/history/,https://www.stockanalysis.com/stocks/bayry/history/
TAK,,2025-07-10,,15.13,2025-07-09,14.84,2025-07-10,-1.92,14.68,,https://query1.finance.yahoo.com/v8/finance/chart/TAK?period1=1751068800&period2=1753142400&interval=1d&includePrePost=false,Verified,,https://finance.yahoo.com/quote/TAK/history/,https://www.stockanalysis.com/stocks/tak/history/
PFE,,2025-07-10,,25.56,2025-07-09,25.78,2025-07-10,0.86,25.65,,https://query1.finance.yahoo.com/v8/finance/chart/PFE?period1=1751068800&period2=1753142400&interval=1d&includePrePost=false,Verified,,https://finance.yahoo.com/quote/PFE/history/,https://www.stockanalysis.com/stocks/pfe/history/
CAPR,"Capricor Therapeutics, Inc.",2025-07-09,CRL,10.17,2025-07-08,11.42,2025-07-09,12.29,11.4,,https://query1.finance.yahoo.com/v8/finance/chart/CAPR?period1=1750982400&period2=1753142399&interval=1d&includePrePost=false,Verified,,https://finance.yahoo.com/quote/CAPR/history/,https://www.stockanalysis.com/stocks/capr/history/
RARE,Ultragenyx Pharmaceutical Inc.,2025-07-07,CRL,39.91,2025-07-03,39.61,2025-07-07,-0.75,39.42,,https://query1.finance.yahoo.com/v8/finance/chart/RARE?period1=1750809600&period2=1752969599&interval=1d&includePrePost=false,Verified,,https://finance.yahoo.com/quote/RARE/history/,https://www.stockanalysis.com/stocks/rare/history/
KALV,KalVista Pharmaceuticals,2025-07-03,Approval,,,,,,,,https://www.tipranks.com/news/company-announcements/chiesi-group-completes-acquisition-of-kalvista-pharmaceuticals,Data unavailable - acquired/delisted,"KalVista later acquired by Chiesi Group for $27/share, completed June 11 2026; KALV delisted. Yahoo Finance chart API for this ticker now only returns flat $27 post-acquisition data, no historical July 2025 prices retrievable. Flagged for manual archive lookup.",https://finance.yahoo.com/quote/KALV/history/,https://www.stockanalysis.com/stocks/kalv/history/
REGN,Regeneron Pharmaceuticals,2025-07-02,Approval (Accelerated),534.91,2025-07-01,547.74,2025-07-02,2.4,547.36,,https://query1.finance.yahoo.com/v8/finance/chart/REGN,Verified,Lynozyfic approval,https://finance.yahoo.com/quote/REGN/history/,https://www.stockanalysis.com/stocks/regn/history/
LLY,,2025-07-01,,779.53,2025-06-30,775.9,2025-07-01,-0.47,779.28,,https://query1.finance.yahoo.com/v8/finance/chart/LLY?period1=1750291200&period2=1752364800&interval=1d&includePrePost=false,Verified,,https://finance.yahoo.com/quote/LLY/history/,https://www.stockanalysis.com/stocks/lly/history/
CAPR,Capricor Therapeutics,2025-07-01,CRL,12.38,2025-06-24,8.26,2025-07-01,-33.28,7.68,,https://query1.finance.yahoo.com/v8/finance/chart/CAPR,Verified,Deramiocel CRL; ~33% single-day decline confirmed by Yahoo Finance price data,https://finance.yahoo.com/quote/CAPR/history/,https://www.stockanalysis.com/stocks/capr/history/
UNCY,Unicycive Therapeutics Inc.,2025-06-27,CRL,5.94,2025-06-26,6.8,2025-06-27,14.48,4.77,,https://query1.finance.yahoo.com/v8/finance/chart/UNCY?period1=1749945600&period2=1752105599&interval=1d&includePrePost=false,Verified,,https://finance.yahoo.com/quote/UNCY/history/,https://www.stockanalysis.com/stocks/uncy/history/
LNTH,,2025-06-23,,79.19,2025-06-20,80.81,2025-06-23,2.05,80.95,,https://query1.finance.yahoo.com/v8/finance/chart/LNTH?period1=1749600000&period2=1751673600&interval=1d&includePrePost=false,Verified,,https://finance.yahoo.com/quote/LNTH/history/,https://www.stockanalysis.com/stocks/lnth/history/
GEHC,,2025-06-23,,71.28,2025-06-20,71.16,2025-06-23,-0.17,71.98,,https://query1.finance.yahoo.com/v8/finance/chart/GEHC?period1=1749600000&period2=1751673600&interval=1d&includePrePost=false,Verified,,https://finance.yahoo.com/quote/GEHC/history/,https://www.stockanalysis.com/stocks/gehc/history/
GSK,,2025-06-20,,38.64,2025-06-18,38.07,2025-06-20,-1.48,38.26,,https://query1.finance.yahoo.com/v8/finance/chart/GSK?period1=1749340800&period2=1751414400&interval=1d&includePrePost=false,Verified,,https://finance.yahoo.com/quote/GSK/history/,https://www.stockanalysis.com/stocks/gsk/history/
GILD,,2025-06-20,,108,2025-06-18,108.5,2025-06-20,0.46,106.19,,https://query1.finance.yahoo.com/v8/finance/chart/GILD?period1=1749340800&period2=1751414400&interval=1d&includePrePost=false,Verified,,https://finance.yahoo.com/quote/GILD/history/,https://www.stockanalysis.com/stocks/gild/history/
REGN,,2025-06-18,,508.86,2025-06-17,513.58,2025-06-18,0.93,509.72,,https://query1.finance.yahoo.com/v8/finance/chart/REGN?period1=1749168000&period2=1751241600&interval=1d&includePrePost=false,Verified,,https://finance.yahoo.com/quote/REGN/history/,https://www.stockanalysis.com/stocks/regn/history/
GSK,,2025-06-18,,39.72,2025-06-17,38.64,2025-06-18,-2.72,38.07,,https://query1.finance.yahoo.com/v8/finance/chart/GSK?period1=1749168000&period2=1751241600&interval=1d&includePrePost=false,Verified,,https://finance.yahoo.com/quote/GSK/history/,https://www.stockanalysis.com/stocks/gsk/history/
GILD,,2025-06-18,,108,2025-06-17,108,2025-06-18,0.0,108.5,,https://query1.finance.yahoo.com/v8/finance/chart/GILD?period1=1749168000&period2=1751241600&interval=1d&includePrePost=false,Verified,,https://finance.yahoo.com/quote/GILD/history/,https://www.stockanalysis.com/stocks/gild/history/
PFE,,2025-06-12,,24.48,2025-06-11,24.84,2025-06-12,1.47,24.54,,https://query1.finance.yahoo.com/v8/finance/chart/PFE?period1=1748649600&period2=1750723200&interval=1d&includePrePost=false,Verified,,https://finance.yahoo.com/quote/PFE/history/,https://www.stockanalysis.com/stocks/pfe/history/
MRK,,2025-06-12,,80.32,2025-06-11,81.82,2025-06-12,1.87,81.71,,https://query1.finance.yahoo.com/v8/finance/chart/MRK?period1=1748649600&period2=1750723200&interval=1d&includePrePost=false,Verified,,https://finance.yahoo.com/quote/MRK/history/,https://www.stockanalysis.com/stocks/mrk/history/
SNY,,2025-06-11,,49.88,2025-06-10,49.7,2025-06-11,-0.36,50.83,,https://query1.finance.yahoo.com/v8/finance/chart/SNY?period1=1748563200&period2=1750636800&interval=1d&includePrePost=false,Verified,,https://finance.yahoo.com/quote/SNY/history/,https://www.stockanalysis.com/stocks/sny/history/
NUVB,Nuvation Bio,2025-06-11,Approval,2.45,2025-06-04,2.53,2025-06-11,3.27,,,https://query1.finance.yahoo.com/v8/finance/chart/NUVB,Verified,Ibtrozi approval,https://finance.yahoo.com/quote/NUVB/history/,https://www.stockanalysis.com/stocks/nuvb/history/
ONC,,2025-06-10,,263.78,2025-06-09,263.42,2025-06-10,-0.14,262.41,,https://query1.finance.yahoo.com/v8/finance/chart/ONC?period1=1748476800&period2=1750550400&interval=1d&includePrePost=false,Verified,,https://finance.yahoo.com/quote/ONC/history/,https://www.stockanalysis.com/stocks/onc/history/
ABBV,,2025-06-10,,189.16,2025-06-09,189.5,2025-06-10,0.18,191.5,,https://query1.finance.yahoo.com/v8/finance/chart/ABBV?period1=1748476800&period2=1750550400&interval=1d&includePrePost=false,Verified,,https://finance.yahoo.com/quote/ABBV/history/,https://www.stockanalysis.com/stocks/abbv/history/
MRK,Merck & Co.,2025-06-09,Approval,82.81,2025-06-02,81.53,2025-06-09,-1.55,,,https://query1.finance.yahoo.com/v8/finance/chart/MRK,Verified,"Enflonsia approval (second MRK entry, joined by ticker+decision_date)",https://finance.yahoo.com/quote/MRK/history/,https://www.stockanalysis.com/stocks/mrk/history/
FSNUY,,2025-06-09,,12.68,2025-06-06,12.63,2025-06-09,-0.39,12.62,,https://query1.finance.yahoo.com/v8/finance/chart/FSNUY?period1=1748390400&period2=1750464000&interval=1d&includePrePost=false,Verified,,https://finance.yahoo.com/quote/FSNUY/history/,https://www.stockanalysis.com/stocks/fsnuy/history/
MRK,,2025-06-06,,77.62,2025-06-05,78.97,2025-06-06,1.74,79.33,,https://query1.finance.yahoo.com/v8/finance/chart/MRK?period1=1748131200&period2=1750204800&interval=1d&includePrePost=false,Verified,,https://finance.yahoo.com/quote/MRK/history/,https://www.stockanalysis.com/stocks/mrk/history/
ALPMY,,2025-06-06,,9.66,2025-06-05,9.65,2025-06-06,-0.1,9.71,,https://query1.finance.yahoo.com/v8/finance/chart/ALPMY?period1=1748131200&period2=1750204800&interval=1d&includePrePost=false,Verified,,https://finance.yahoo.com/quote/ALPMY/history/,https://www.stockanalysis.com/stocks/alpmy/history/
MRK,,2025-06-03,,76.25,2025-06-02,77.14,2025-06-03,1.17,78.27,,https://query1.finance.yahoo.com/v8/finance/chart/MRK?period1=1747872000&period2=1749945600&interval=1d&includePrePost=false,Verified,,https://finance.yahoo.com/quote/MRK/history/,https://www.stockanalysis.com/stocks/mrk/history/
BAYRY,,2025-06-03,,7.24,2025-06-02,7.12,2025-06-03,-1.66,7.21,,https://query1.finance.yahoo.com/v8/finance/chart/BAYRY?period1=1747872000&period2=1749945600&interval=1d&includePrePost=false,Verified,,https://finance.yahoo.com/quote/BAYRY/history/,https://www.stockanalysis.com/stocks/bayry/history/
RDY,,2025-05-30,,14.75,2025-05-29,14.72,2025-05-30,-0.2,14.74,,https://query1.finance.yahoo.com/v8/finance/chart/RDY?period1=1747526400&period2=1749600000&interval=1d&includePrePost=false,Verified,,https://finance.yahoo.com/quote/RDY/history/,https://www.stockanalysis.com/stocks/rdy/history/
ALC,Alcon Inc.,2025-05-28,Approval,87.54,2025-05-21,85.38,2025-05-28,-2.47,,,https://query1.finance.yahoo.com/v8/finance/chart/ALC,Verified,Tryptyr approval,https://finance.yahoo.com/quote/ALC/history/,https://www.stockanalysis.com/stocks/alc/history/
BMY,,2025-05-23,,47.03,2025-05-22,46.85,2025-05-23,-0.38,46.89,,https://query1.finance.yahoo.com/v8/finance/chart/BMY?period1=1746921600&period2=1748995200&interval=1d&includePrePost=false,Verified,,https://finance.yahoo.com/quote/BMY/history/,https://www.stockanalysis.com/stocks/bmy/history/
VRTX,,2025-05-22,,435.32,2025-05-21,434.03,2025-05-22,-0.3,436,,https://query1.finance.yahoo.com/v8/finance/chart/VRTX?period1=1746835200&period2=1748908800&interval=1d&includePrePost=false,Verified,,https://finance.yahoo.com/quote/VRTX/history/,https://www.stockanalysis.com/stocks/vrtx/history/
MRK,,2025-05-22,,76.98,2025-05-21,77.84,2025-05-22,1.12,77.58,,https://query1.finance.yahoo.com/v8/finance/chart/MRK?period1=1746835200&period2=1748908800&interval=1d&includePrePost=false,Verified,,https://finance.yahoo.com/quote/MRK/history/,https://www.stockanalysis.com/stocks/mrk/history/
GSK,,2025-05-22,,38.54,2025-05-21,38.92,2025-05-22,0.99,38.66,,https://query1.finance.yahoo.com/v8/finance/chart/GSK?period1=1746835200&period2=1748908800&interval=1d&includePrePost=false,Verified,,https://finance.yahoo.com/quote/GSK/history/,https://www.stockanalysis.com/stocks/gsk/history/
AMGN,,2025-05-22,,271.34,2025-05-21,271.9,2025-05-22,0.21,271.66,,https://query1.finance.yahoo.com/v8/finance/chart/AMGN?period1=1746835200&period2=1748908800&interval=1d&includePrePost=false,Verified,,https://finance.yahoo.com/quote/AMGN/history/,https://www.stockanalysis.com/stocks/amgn/history/
ABBV,,2025-05-22,,181.8,2025-05-21,182.54,2025-05-22,0.41,183.26,,https://query1.finance.yahoo.com/v8/finance/chart/ABBV?period1=1746835200&period2=1748908800&interval=1d&includePrePost=false,Verified,,https://finance.yahoo.com/quote/ABBV/history/,https://www.stockanalysis.com/stocks/abbv/history/
AMGN,,2025-05-20,,275.85,2025-05-19,275.01,2025-05-20,-0.3,271.34,,https://query1.finance.yahoo.com/v8/finance/chart/AMGN?period1=1746662400&period2=1748736000&interval=1d&includePrePost=false,Verified,,https://finance.yahoo.com/quote/AMGN/history/,https://www.stockanalysis.com/stocks/amgn/history/
MITO,Stealth BioTherapeutics Inc.,2025-05-15,CRL,,,,,,,,https://query1.finance.yahoo.com/v8/finance/chart/MITO?period1=1746230400&period2=1748390399&interval=1d&includePrePost=false,Data unavailable - acquired/delisted or pre-Yahoo coverage,fetch status: FAILED HTTPError: HTTP Error 404: Not Found (recorded in the job manifest; never retried with a successor ticker),https://finance.yahoo.com/quote/MITO/history/,https://www.stockanalysis.com/stocks/mito/history/
INCY,,2025-05-15,,61.16,2025-05-14,62.76,2025-05-15,2.62,63.31,,https://query1.finance.yahoo.com/v8/finance/chart/INCY?period1=1746230400&period2=1748304000&interval=1d&includePrePost=false,Verified,,https://finance.yahoo.com/quote/INCY/history/,https://www.stockanalysis.com/stocks/incy/history/
MRK,,2025-05-14,,76.63,2025-05-13,73.47,2025-05-14,-4.12,74.8,,https://query1.finance.yahoo.com/v8/finance/chart/MRK?period1=1746144000&period2=1748217600&interval=1d&includePrePost=false,Verified,,https://finance.yahoo.com/quote/MRK/history/,https://www.stockanalysis.com/stocks/mrk/history/
AMRX,,2025-05-14,,7.5,2025-05-13,7.35,2025-05-14,-2.0,7.5,,https://query1.finance.yahoo.com/v8/finance/chart/AMRX?period1=1746144000&period2=1748217600&interval=1d&includePrePost=false,Verified,,https://finance.yahoo.com/quote/AMRX/history/,https://www.stockanalysis.com/stocks/amrx/history/
ABBV,AbbVie,2025-05-14,Approval (Accelerated),188.09,2025-05-07,188.0,2025-05-14,-0.05,,,https://query1.finance.yahoo.com/v8/finance/chart/ABBV,Verified,Emrelis approval,https://finance.yahoo.com/quote/ABBV/history/,https://www.stockanalysis.com/stocks/abbv/history/
GEHC,,2025-05-09,,70.5,2025-05-08,69.87,2025-05-09,-0.89,74.11,,https://query1.finance.yahoo.com/v8/finance/chart/GEHC?period1=1745712000&period2=1747785600&interval=1d&includePrePost=false,Verified,,https://finance.yahoo.com/quote/GEHC/history/,https://www.stockanalysis.com/stocks/gehc/history/
VSTM,Verastem Oncology,2025-05-08,Approval (Accelerated),7.43,2025-05-01,6.53,2025-05-08,-12.11,,,https://query1.finance.yahoo.com/v8/finance/chart/VSTM,Verified,Avmapki Fakzynja Co-Pack approval; decline may reflect prior run-up/sell-the-news,https://finance.yahoo.com/quote/VSTM/history/,https://www.stockanalysis.com/stocks/vstm/history/
FSNUY,,2025-04-30,,11.73,2025-04-29,11.91,2025-04-30,1.53,11.79,,https://query1.finance.yahoo.com/v8/finance/chart/FSNUY?period1=1744934400&period2=1747008000&interval=1d&includePrePost=false,Verified,,https://finance.yahoo.com/quote/FSNUY/history/,https://www.stockanalysis.com/stocks/fsnuy/history/
JNJ,Johnson & Johnson,2025-04-29,Approval,157.75,2025-04-22,155.35,2025-04-29,-1.52,,,https://query1.finance.yahoo.com/v8/finance/chart/JNJ,Verified,"Imaavy approval (second JNJ entry, joined by ticker+decision_date)",https://finance.yahoo.com/quote/JNJ/history/,https://www.stockanalysis.com/stocks/jnj/history/
ABBV,,2025-04-28,,186.06,2025-04-25,192.34,2025-04-28,3.38,193.51,,https://query1.finance.yahoo.com/v8/finance/chart/ABBV?period1=1744761600&period2=1746835200&interval=1d&includePrePost=false,Verified,,https://finance.yahoo.com/quote/ABBV/history/,https://www.stockanalysis.com/stocks/abbv/history/
TLX,Telix Pharmaceuticals (US) Inc.,2025-04-25,CRL,19.22,2025-04-24,18.8,2025-04-25,-2.19,17.57,,https://query1.finance.yahoo.com/v8/finance/chart/TLX?period1=1744502400&period2=1746662399&interval=1d&includePrePost=false,Verified,,https://finance.yahoo.com/quote/TLX/history/,https://www.stockanalysis.com/stocks/tlx/history/
FSNUY,Fresenius SE & Co. KGaA,2025-04-25,CRL,11.43,2025-04-24,11.39,2025-04-25,-0.35,11.64,,https://query1.finance.yahoo.com/v8/finance/chart/FSNUY?period1=1744502400&period2=1746662399&interval=1d&includePrePost=false,Verified,,https://finance.yahoo.com/quote/FSNUY/history/,https://www.stockanalysis.com/stocks/fsnuy/history/
PFE,,2025-04-23,,22.53,2025-04-22,22.39,2025-04-23,-0.62,22.78,,https://query1.finance.yahoo.com/v8/finance/chart/PFE?period1=1744329600&period2=1746403200&interval=1d&includePrePost=false,Verified,,https://finance.yahoo.com/quote/PFE/history/,https://www.stockanalysis.com/stocks/pfe/history/
ONC,,2025-04-22,,229.22,2025-04-21,252.77,2025-04-22,10.27,249.13,,https://query1.finance.yahoo.com/v8/finance/chart/ONC?period1=1744243200&period2=1746316800&interval=1d&includePrePost=false,Verified,,https://finance.yahoo.com/quote/ONC/history/,https://www.stockanalysis.com/stocks/onc/history/
MRK,,2025-04-21,,78,2025-04-17,77.85,2025-04-21,-0.19,78.97,,https://query1.finance.yahoo.com/v8/finance/chart/MRK?period1=1744156800&period2=1746230400&interval=1d&includePrePost=false,Verified,,https://finance.yahoo.com/quote/MRK/history/,https://www.stockanalysis.com/stocks/mrk/history/
REGN,,2025-04-17,,549.28,2025-04-16,563.16,2025-04-17,2.53,561.49,,https://query1.finance.yahoo.com/v8/finance/chart/REGN?period1=1743811200&period2=1745884800&interval=1d&includePrePost=false,Verified,,https://finance.yahoo.com/quote/REGN/history/,https://www.stockanalysis.com/stocks/regn/history/
BMY,,2025-04-17,,49.36,2025-04-16,49.23,2025-04-17,-0.26,48.94,,https://query1.finance.yahoo.com/v8/finance/chart/BMY?period1=1743811200&period2=1745884800&interval=1d&includePrePost=false,Verified,,https://finance.yahoo.com/quote/BMY/history/,https://www.stockanalysis.com/stocks/bmy/history/
MRK,,2025-04-15,,79.17,2025-04-14,78.39,2025-04-15,-0.99,76.46,,https://query1.finance.yahoo.com/v8/finance/chart/MRK?period1=1743638400&period2=1745712000&interval=1d&includePrePost=false,Verified,,https://finance.yahoo.com/quote/MRK/history/,https://www.stockanalysis.com/stocks/mrk/history/
BMY,,2025-04-11,,50.46,2025-04-10,50.71,2025-04-11,0.5,51.34,,https://query1.finance.yahoo.com/v8/finance/chart/BMY?period1=1743292800&period2=1745366400&interval=1d&includePrePost=false,Verified,,https://finance.yahoo.com/quote/BMY/history/,https://www.stockanalysis.com/stocks/bmy/history/
MIRM,,2025-04-10,,41.47,2025-04-09,39.12,2025-04-10,-5.67,39.58,,https://query1.finance.yahoo.com/v8/finance/chart/MIRM?period1=1743206400&period2=1745280000&interval=1d&includePrePost=false,Verified,,https://finance.yahoo.com/quote/MIRM/history/,https://www.stockanalysis.com/stocks/mirm/history/
JNJ,,2025-04-10,,150.97,2025-04-09,148.69,2025-04-10,-1.51,151.73,,https://query1.finance.yahoo.com/v8/finance/chart/JNJ?period1=1743206400&period2=1745280000&interval=1d&includePrePost=false,Verified,,https://finance.yahoo.com/quote/JNJ/history/,https://www.stockanalysis.com/stocks/jnj/history/
BAYRY,,2025-04-09,,5.48,2025-04-08,5.73,2025-04-09,4.56,5.63,,https://query1.finance.yahoo.com/v8/finance/chart/BAYRY?period1=1743120000&period2=1745193600&interval=1d&includePrePost=false,Verified,,https://finance.yahoo.com/quote/BAYRY/history/,https://www.stockanalysis.com/stocks/bayry/history/
BMY,,2025-04-08,,55.19,2025-04-07,53.07,2025-04-08,-3.84,53.74,,https://query1.finance.yahoo.com/v8/finance/chart/BMY?period1=1743033600&period2=1745107200&interval=1d&includePrePost=false,Verified,,https://finance.yahoo.com/quote/BMY/history/,https://www.stockanalysis.com/stocks/bmy/history/
LLY,,2025-04-07,,738.21,2025-04-04,723.73,2025-04-07,-1.96,726.24,,https://query1.finance.yahoo.com/v8/finance/chart/LLY?period1=1742947200&period2=1745020800&interval=1d&includePrePost=false,Verified,,https://finance.yahoo.com/quote/LLY/history/,https://www.stockanalysis.com/stocks/lly/history/
AMGN,,2025-04-07,,294.39,2025-04-04,289.69,2025-04-07,-1.6,280.26,,https://query1.finance.yahoo.com/v8/finance/chart/AMGN?period1=1742947200&period2=1745020800&interval=1d&includePrePost=false,Verified,,https://finance.yahoo.com/quote/AMGN/history/,https://www.stockanalysis.com/stocks/amgn/history/
VIE,,2025-04-03,,,,,,,,,https://query1.finance.yahoo.com/v8/finance/chart/VIE?period1=1742601600&period2=1744675200&interval=1d&includePrePost=false,Data unavailable - acquired/delisted or pre-Yahoo coverage,fetch status: FAILED HTTPError: HTTP Error 404: Not Found,https://finance.yahoo.com/quote/VIE/history/,https://www.stockanalysis.com/stocks/vie/history/
NVS,Novartis AG,2025-04-02,Approval (Accelerated),109.61,2025-03-31,111.48,2025-04-02,1.71,,,https://query1.finance.yahoo.com/v8/finance/chart/NVS,Verified,Vanrafia approval,https://finance.yahoo.com/quote/NVS/history/,https://www.stockanalysis.com/stocks/nvs/history/
AMRX,"Amneal Pharmaceuticals, Inc.",2025-04-02,CRL,8.23,2025-04-01,8.17,2025-04-02,-0.73,7.81,,https://query1.finance.yahoo.com/v8/finance/chart/AMRX?period1=1742515200&period2=1744675199&interval=1d&includePrePost=false,Verified,,https://finance.yahoo.com/quote/AMRX/history/,https://www.stockanalysis.com/stocks/amrx/history/
ALDX,"Aldeyra Therapeutics, Inc.",2025-04-02,CRL,5.475,2025-04-01,5.325,2025-04-02,-2.74,1.42,,https://query1.finance.yahoo.com/v8/finance/chart/ALDX?period1=1742515200&period2=1744675199&interval=1d&includePrePost=false,Verified,,https://finance.yahoo.com/quote/ALDX/history/,https://www.stockanalysis.com/stocks/aldx/history/
SNY,Sanofi,2025-03-28,Approval,56.9,2025-03-21,54.5,2025-03-28,-4.22,,,https://query1.finance.yahoo.com/v8/finance/chart/SNY,Verified,Qfitlia approval,https://finance.yahoo.com/quote/SNY/history/,https://www.stockanalysis.com/stocks/sny/history/
NVS,,2025-03-28,,111.4,2025-03-27,112.57,2025-03-28,1.05,111.48,,https://query1.finance.yahoo.com/v8/finance/chart/NVS?period1=1742083200&period2=1744156800&interval=1d&includePrePost=false,Verified,,https://finance.yahoo.com/quote/NVS/history/,https://www.stockanalysis.com/stocks/nvs/history/
AZN,,2025-03-28,,145.68,2025-03-27,147.58,2025-03-28,1.3,147,,https://query1.finance.yahoo.com/v8/finance/chart/AZN?period1=1742083200&period2=1744156800&interval=1d&includePrePost=false,Verified,,https://finance.yahoo.com/quote/AZN/history/,https://www.stockanalysis.com/stocks/azn/history/
NVO,,2025-03-27,,71.73,2025-03-26,70.16,2025-03-27,-2.19,69.3,,https://query1.finance.yahoo.com/v8/finance/chart/NVO?period1=1741996800&period2=1744070400&interval=1d&includePrePost=false,Verified,,https://finance.yahoo.com/quote/NVO/history/,https://www.stockanalysis.com/stocks/nvo/history/
MIST,"Milestone Pharmaceuticals USA, Inc.",2025-03-27,CRL,2.01,2025-03-26,2.25,2025-03-27,11.94,0.88,,https://query1.finance.yahoo.com/v8/finance/chart/MIST?period1=1741996800&period2=1744156799&interval=1d&includePrePost=false,Verified,,https://finance.yahoo.com/quote/MIST/history/,https://www.stockanalysis.com/stocks/mist/history/
EXEL,,2025-03-26,,37.71,2025-03-25,37.01,2025-03-26,-1.86,36.84,,https://query1.finance.yahoo.com/v8/finance/chart/EXEL?period1=1741910400&period2=1743984000&interval=1d&includePrePost=false,Verified,,https://finance.yahoo.com/quote/EXEL/history/,https://www.stockanalysis.com/stocks/exel/history/
GSK,GSK plc,2025-03-25,Approval,40.39,2025-03-18,39.24,2025-03-25,-2.85,,,https://query1.finance.yahoo.com/v8/finance/chart/GSK,Verified,Blujepa approval,https://finance.yahoo.com/quote/GSK/history/,https://www.stockanalysis.com/stocks/gsk/history/
FSNUY,,2025-03-25,,10.67,2025-03-24,10.86,2025-03-25,1.78,10.87,,https://query1.finance.yahoo.com/v8/finance/chart/FSNUY?period1=1741824000&period2=1743897600&interval=1d&includePrePost=false,Verified,,https://finance.yahoo.com/quote/FSNUY/history/,https://www.stockanalysis.com/stocks/fsnuy/history/
JNJ,,2025-03-21,,163.02,2025-03-20,163.63,2025-03-21,0.37,163.29,,https://query1.finance.yahoo.com/v8/finance/chart/JNJ?period1=1741478400&period2=1743552000&interval=1d&includePrePost=false,Verified,,https://finance.yahoo.com/quote/JNJ/history/,https://www.stockanalysis.com/stocks/jnj/history/
TLX,,2025-03-20,,17.6,2025-03-19,17.53,2025-03-20,-0.4,17.79,,https://query1.finance.yahoo.com/v8/finance/chart/TLX?period1=1741392000&period2=1743465600&interval=1d&includePrePost=false,Verified,,https://finance.yahoo.com/quote/TLX/history/,https://www.stockanalysis.com/stocks/tlx/history/
NVS,,2025-03-20,,111.56,2025-03-19,113.21,2025-03-20,1.48,112.13,,https://query1.finance.yahoo.com/v8/finance/chart/NVS?period1=1741392000&period2=1743465600&interval=1d&includePrePost=false,Verified,,https://finance.yahoo.com/quote/NVS/history/,https://www.stockanalysis.com/stocks/nvs/history/
JNJ,,2025-03-20,,162.99,2025-03-19,163.02,2025-03-20,0.02,163.63,,https://query1.finance.yahoo.com/v8/finance/chart/JNJ?period1=1741392000&period2=1743465600&interval=1d&includePrePost=false,Verified,,https://finance.yahoo.com/quote/JNJ/history/,https://www.stockanalysis.com/stocks/jnj/history/
ALNY,,2025-03-20,,253.44,2025-03-19,253.55,2025-03-20,0.04,283.34,,https://query1.finance.yahoo.com/v8/finance/chart/ALNY?period1=1741392000&period2=1743465600&interval=1d&includePrePost=false,Verified,,https://finance.yahoo.com/quote/ALNY/history/,https://www.stockanalysis.com/stocks/alny/history/
MRK,,2025-03-19,,94.72,2025-03-18,94.02,2025-03-19,-0.74,94.73,,https://query1.finance.yahoo.com/v8/finance/chart/MRK?period1=1741305600&period2=1743379200&interval=1d&includePrePost=false,Verified,,https://finance.yahoo.com/quote/MRK/history/,https://www.stockanalysis.com/stocks/mrk/history/
AMPH,,2025-03-17,,26.66,2025-03-14,27.69,2025-03-17,3.86,27.36,,https://query1.finance.yahoo.com/v8/finance/chart/AMPH?period1=1741132800&period2=1743206400&interval=1d&includePrePost=false,Verified,,https://finance.yahoo.com/quote/AMPH/history/,https://www.stockanalysis.com/stocks/amph/history/
FSNUY,,2025-03-14,,10.63,2025-03-13,10.86,2025-03-14,2.16,10.98,,https://query1.finance.yahoo.com/v8/finance/chart/FSNUY?period1=1740873600&period2=1742947200&interval=1d&includePrePost=false,Verified,,https://finance.yahoo.com/quote/FSNUY/history/,https://www.stockanalysis.com/stocks/fsnuy/history/
FSNUY,,2025-03-13,,10.88,2025-03-12,10.63,2025-03-13,-2.3,10.86,,https://query1.finance.yahoo.com/v8/finance/chart/FSNUY?period1=1740787200&period2=1742860800&interval=1d&includePrePost=false,Verified,,https://finance.yahoo.com/quote/FSNUY/history/,https://www.stockanalysis.com/stocks/fsnuy/history/
ARRY,,2025-03-12,,6.27,2025-03-11,6.03,2025-03-12,-3.83,6.06,,https://query1.finance.yahoo.com/v8/finance/chart/ARRY?period1=1740700800&period2=1742774400&interval=1d&includePrePost=false,Verified,,https://finance.yahoo.com/quote/ARRY/history/,https://www.stockanalysis.com/stocks/arry/history/
NVS,,2025-03-07,,112.87,2025-03-06,115.57,2025-03-07,2.39,115.47,,https://query1.finance.yahoo.com/v8/finance/chart/NVS?period1=1740268800&period2=1742342400&interval=1d&includePrePost=false,Verified,,https://finance.yahoo.com/quote/NVS/history/,https://www.stockanalysis.com/stocks/nvs/history/
ONC,,2025-03-03,,271.8,2025-02-28,245.53,2025-03-03,-9.67,257.31,,https://query1.finance.yahoo.com/v8/finance/chart/ONC?period1=1739923200&period2=1741996800&interval=1d&includePrePost=false,Verified,,https://finance.yahoo.com/quote/ONC/history/,https://www.stockanalysis.com/stocks/onc/history/
JNJ,,2025-02-28,,163.73,2025-02-27,165.02,2025-02-28,0.79,167.28,,https://query1.finance.yahoo.com/v8/finance/chart/JNJ?period1=1739664000&period2=1741737600&interval=1d&includePrePost=false,Verified,,https://finance.yahoo.com/quote/JNJ/history/,https://www.stockanalysis.com/stocks/jnj/history/
BAX,,2025-02-28,,35.1,2025-02-27,34.51,2025-02-28,-1.68,34.86,,https://query1.finance.yahoo.com/v8/finance/chart/BAX?period1=1739664000&period2=1741737600&interval=1d&includePrePost=false,Verified,,https://finance.yahoo.com/quote/BAX/history/,https://www.stockanalysis.com/stocks/bax/history/
AZN,,2025-02-28,,151.3,2025-02-27,152.42,2025-02-28,0.74,152.2,,https://query1.finance.yahoo.com/v8/finance/chart/AZN?period1=1739664000&period2=1741737600&interval=1d&includePrePost=false,Verified,,https://finance.yahoo.com/quote/AZN/history/,https://www.stockanalysis.com/stocks/azn/history/
PFE,,2025-02-21,,25.9,2025-02-20,26.3,2025-02-21,1.54,26.65,,https://query1.finance.yahoo.com/v8/finance/chart/PFE?period1=1739059200&period2=1741132800&interval=1d&includePrePost=false,Verified,,https://finance.yahoo.com/quote/PFE/history/,https://www.stockanalysis.com/stocks/pfe/history/
MIRM,,2025-02-21,,53.16,2025-02-20,52.45,2025-02-21,-1.34,50.95,,https://query1.finance.yahoo.com/v8/finance/chart/MIRM?period1=1739059200&period2=1741132800&interval=1d&includePrePost=false,Verified,,https://finance.yahoo.com/quote/MIRM/history/,https://www.stockanalysis.com/stocks/mirm/history/
INDV,,2025-02-21,,8.99,2025-02-20,8.45,2025-02-21,-6.01,8.25,,https://query1.finance.yahoo.com/v8/finance/chart/INDV?period1=1739059200&period2=1741132800&interval=1d&includePrePost=false,Verified,,https://finance.yahoo.com/quote/INDV/history/,https://www.stockanalysis.com/stocks/indv/history/
GILD,,2025-02-19,,105.25,2025-02-18,107.65,2025-02-19,2.28,110.03,,https://query1.finance.yahoo.com/v8/finance/chart/GILD?period1=1738886400&period2=1740960000&interval=1d&includePrePost=false,Verified,,https://finance.yahoo.com/quote/GILD/history/,https://www.stockanalysis.com/stocks/gild/history/
SNY,,2025-02-14,,53.99,2025-02-13,54.5,2025-02-14,0.94,53.95,,https://query1.finance.yahoo.com/v8/finance/chart/SNY?period1=1738454400&period2=1740528000&interval=1d&includePrePost=false,Verified,,https://finance.yahoo.com/quote/SNY/history/,https://www.stockanalysis.com/stocks/sny/history/
NO_TICKER,,2025-02-14,,,,,,,,,https://query1.finance.yahoo.com/v8/finance/chart/NO_TICKER?period1=1738454400&period2=1740528000&interval=1d&includePrePost=false,Data unavailable - acquired/delisted or pre-Yahoo coverage,fetch status: FAILED HTTPError: HTTP Error 404: Not Found,https://finance.yahoo.com/quote/NO_TICKER/history/,https://www.stockanalysis.com/stocks/no_ticker/history/
ALPMY,,2025-02-12,,9.53,2025-02-11,9.35,2025-02-12,-1.89,9.73,,https://query1.finance.yahoo.com/v8/finance/chart/ALPMY?period1=1738281600&period2=1740355200&interval=1d&includePrePost=false,Verified,,https://finance.yahoo.com/quote/ALPMY/history/,https://www.stockanalysis.com/stocks/alpmy/history/
SWTX,SpringWorks Therapeutics,2025-02-11,Approval,,,,,,,,https://stockanalysis.com/stocks/swtx/,Data unavailable - acquired/delisted,"SpringWorks acquired by Merck KGaA ($47/share, $3.9B) closed July 1 2025; SWTX delisted from Nasdaq. Yahoo Finance no longer serves historical data under this symbol for the Feb 2025 approval date.",https://finance.yahoo.com/quote/SWTX/history/,https://www.stockanalysis.com/stocks/swtx/history/
SGEN,,2025-02-11,,,,,,,,,https://query1.finance.yahoo.com/v8/finance/chart/SGEN?period1=1738195200&period2=1740268800&interval=1d&includePrePost=false,Data unavailable - acquired/delisted or pre-Yahoo coverage,fetch status: FAILED HTTPError: HTTP Error 404: Not Found,https://finance.yahoo.com/quote/SGEN/history/,https://www.stockanalysis.com/stocks/sgen/history/
ABBV,,2025-02-07,,192.97,2025-02-06,190.6,2025-02-07,-1.23,190.34,,https://query1.finance.yahoo.com/v8/finance/chart/ABBV?period1=1737849600&period2=1739923200&interval=1d&includePrePost=false,Verified,,https://finance.yahoo.com/quote/ABBV/history/,https://www.stockanalysis.com/stocks/abbv/history/
PFE,,2025-01-31,,26.91,2025-01-30,26.52,2025-01-31,-1.45,26.2,,https://query1.finance.yahoo.com/v8/finance/chart/PFE?period1=1737244800&period2=1739318400&interval=1d&includePrePost=false,Verified,,https://finance.yahoo.com/quote/PFE/history/,https://www.stockanalysis.com/stocks/pfe/history/
VRTX,Vertex Pharmaceuticals,2025-01-30,Approval,441.5199890136719,2025-01-29,438.3999938964844,2025-01-30,-0.71,461.67999267578125,,https://query1.finance.yahoo.com/v8/finance/chart/VRTX?period1=&period2=&interval=1d (verbatim JSON in data/raw/stock_yahoo_batch_2026_09/VRTX_2025-01-30.json),Verified,longName=Vertex Pharmaceuticals Incorporated; meta symbol=VRTX; raw bars 16; source file VRTX_2025-01-30.json,https://finance.yahoo.com/quote/VRTX/history/,https://www.stockanalysis.com/stocks/vrtx/history/
ESALY,,2025-01-29,,,,,,,,,https://query1.finance.yahoo.com/v8/finance/chart/ESALY?period1=1737072000&period2=1739145600&interval=1d&includePrePost=false,Data unavailable - acquired/delisted or pre-Yahoo coverage,fetch status: FAILED HTTPError: HTTP Error 404: Not Found,https://finance.yahoo.com/quote/ESALY/history/,https://www.stockanalysis.com/stocks/esaly/history/
NVO,,2025-01-28,,87.51,2025-01-27,85.19,2025-01-28,-2.65,84.03,,https://query1.finance.yahoo.com/v8/finance/chart/NVO?period1=1736985600&period2=1739059200&interval=1d&includePrePost=false,Verified,,https://finance.yahoo.com/quote/NVO/history/,https://www.stockanalysis.com/stocks/nvo/history/
MRK,,2025-01-28,,97.94,2025-01-27,97.45,2025-01-28,-0.5,98.28,,https://query1.finance.yahoo.com/v8/finance/chart/MRK?period1=1736985600&period2=1739059200&interval=1d&includePrePost=false,Verified,,https://finance.yahoo.com/quote/MRK/history/,https://www.stockanalysis.com/stocks/mrk/history/
BMY,,2025-01-28,,60.6,2025-01-27,58.76,2025-01-28,-3.04,59.05,,https://query1.finance.yahoo.com/v8/finance/chart/BMY?period1=1736985600&period2=1739059200&interval=1d&includePrePost=false,Verified,,https://finance.yahoo.com/quote/BMY/history/,https://www.stockanalysis.com/stocks/bmy/history/
LLY,,2025-01-27,,785.41,2025-01-24,808.17,2025-01-27,2.9,804.99,,https://query1.finance.yahoo.com/v8/finance/chart/LLY?period1=1736899200&period2=1738972800&interval=1d&includePrePost=false,Verified,,https://finance.yahoo.com/quote/LLY/history/,https://www.stockanalysis.com/stocks/lly/history/
DSNKY,,2025-01-27,,28.15,2025-01-24,28.28,2025-01-27,0.46,28.87,,https://query1.finance.yahoo.com/v8/finance/chart/DSNKY?period1=1736899200&period2=1738972800&interval=1d&includePrePost=false,Verified,,https://finance.yahoo.com/quote/DSNKY/history/,https://www.stockanalysis.com/stocks/dsnky/history/
ESALY,,2025-01-24,,,,,,,,,https://query1.finance.yahoo.com/v8/finance/chart/ESALY?period1=1736640000&period2=1738713600&interval=1d&includePrePost=false,Data unavailable - acquired/delisted or pre-Yahoo coverage,fetch status: FAILED HTTPError: HTTP Error 404: Not Found,https://finance.yahoo.com/quote/ESALY/history/,https://www.stockanalysis.com/stocks/esaly/history/
JNJ,,2025-01-23,,145.27,2025-01-22,146.64,2025-01-23,0.94,146.82,,https://query1.finance.yahoo.com/v8/finance/chart/JNJ?period1=1736553600&period2=1738627200&interval=1d&includePrePost=false,Verified,,https://finance.yahoo.com/quote/JNJ/history/,https://www.stockanalysis.com/stocks/jnj/history/
PFE,Pfizer Inc.,2025-01-17,CRL,26.49,2025-01-16,26.3,2025-01-17,-0.72,26.64,,https://query1.finance.yahoo.com/v8/finance/chart/PFE?period1=1736035200&period2=1738195199&interval=1d&includePrePost=false,Verified,,https://finance.yahoo.com/quote/PFE/history/,https://www.stockanalysis.com/stocks/pfe/history/
JNJ,,2025-01-17,,147.77,2025-01-16,147.03,2025-01-17,-0.5,148.15,,https://query1.finance.yahoo.com/v8/finance/chart/JNJ?period1=1736035200&period2=1738108800&interval=1d&includePrePost=false,Verified,,https://finance.yahoo.com/quote/JNJ/history/,https://www.stockanalysis.com/stocks/jnj/history/
AZN,AstraZeneca / Daiichi Sankyo,2025-01-17,Approval,133.82,2025-01-16,133.2,2025-01-17,-0.46,135.92,,https://query1.finance.yahoo.com/v8/finance/chart/AZN?period1=1736035200&period2=1738195199&interval=1d&includePrePost=false,Verified,lineage proxy per master precedent (see master row notes: decision-date symbol differs from the modern ticker); master decision D043,https://finance.yahoo.com/quote/AZN/history/,https://www.stockanalysis.com/stocks/azn/history/
AZN,,2025-01-16,,131.36,2025-01-15,133.82,2025-01-16,1.87,133.2,,https://query1.finance.yahoo.com/v8/finance/chart/AZN?period1=1735948800&period2=1738022400&interval=1d&includePrePost=false,Verified,,https://finance.yahoo.com/quote/AZN/history/,https://www.stockanalysis.com/stocks/azn/history/
AMGN,,2025-01-16,,268.94,2025-01-15,269.43,2025-01-16,0.18,272.11,,https://query1.finance.yahoo.com/v8/finance/chart/AMGN?period1=1735948800&period2=1738022400&interval=1d&includePrePost=false,Verified,,https://finance.yahoo.com/quote/AMGN/history/,https://www.stockanalysis.com/stocks/amgn/history/
LLY,,2025-01-15,,744.91,2025-01-14,746.74,2025-01-15,0.25,757.6,,https://query1.finance.yahoo.com/v8/finance/chart/LLY?period1=1735862400&period2=1737936000&interval=1d&includePrePost=false,Verified,,https://finance.yahoo.com/quote/LLY/history/,https://www.stockanalysis.com/stocks/lly/history/
ATRA,"Atara Biotherapeutics, Inc.",2025-01-15,CRL,12.31,2025-01-14,13.16,2025-01-15,6.9,7.83,,https://query1.finance.yahoo.com/v8/finance/chart/ATRA?period1=1735862400&period2=1738022399&interval=1d&includePrePost=false,Verified,,https://finance.yahoo.com/quote/ATRA/history/,https://www.stockanalysis.com/stocks/atra/history/
BMY,,2024-12-27,,58,2024-12-26,57.68,2024-12-27,-0.55,56.06,,https://query1.finance.yahoo.com/v8/finance/chart/BMY?period1=1734220800&period2=1736294400&interval=1d&includePrePost=false,Verified,,https://finance.yahoo.com/quote/BMY/history/,https://www.stockanalysis.com/stocks/bmy/history/
ONC,,2024-12-26,,181.62,2024-12-24,184.68,2024-12-26,1.68,181.89,,https://query1.finance.yahoo.com/v8/finance/chart/ONC?period1=1734134400&period2=1736208000&interval=1d&includePrePost=false,Verified,,https://finance.yahoo.com/quote/ONC/history/,https://www.stockanalysis.com/stocks/onc/history/
AMGN,,2024-12-26,,264.49,2024-12-24,263.18,2024-12-26,-0.5,262.65,,https://query1.finance.yahoo.com/v8/finance/chart/AMGN?period1=1734134400&period2=1736208000&interval=1d&includePrePost=false,Verified,,https://finance.yahoo.com/quote/AMGN/history/,https://www.stockanalysis.com/stocks/amgn/history/
VTRS,,2024-12-23,,12.52,2024-12-20,12.49,2024-12-23,-0.24,12.4,,https://query1.finance.yahoo.com/v8/finance/chart/VTRS?period1=1733875200&period2=1735948800&interval=1d&includePrePost=false,Verified,,https://finance.yahoo.com/quote/VTRS/history/,https://www.stockanalysis.com/stocks/vtrs/history/
VRTX,Vertex Pharmaceuticals,2024-12-20,Approval,396.64,2024-12-19,397.27,2024-12-20,0.16,405.27,,https://query1.finance.yahoo.com/v8/finance/chart/VRTX?period1=1733616000&period2=1735775999&interval=1d&includePrePost=false,Verified,master decision D041,https://finance.yahoo.com/quote/VRTX/history/,https://www.stockanalysis.com/stocks/vrtx/history/
RYTM,,2024-12-20,,55.48,2024-12-19,56.12,2024-12-20,1.15,56.04,,https://query1.finance.yahoo.com/v8/finance/chart/RYTM?period1=1733616000&period2=1735689600&interval=1d&includePrePost=false,Verified,,https://finance.yahoo.com/quote/RYTM/history/,https://www.stockanalysis.com/stocks/rytm/history/
NVO,Novo Nordisk,2024-12-20,Approval,103.44,2024-12-19,85,2024-12-20,-17.83,88.71,,https://query1.finance.yahoo.com/v8/finance/chart/NVO?period1=1733616000&period2=1735775999&interval=1d&includePrePost=false,Verified,lineage proxy per master precedent (see master row notes: decision-date symbol differs from the modern ticker); master decision D042,https://finance.yahoo.com/quote/NVO/history/,https://www.stockanalysis.com/stocks/nvo/history/
LXRX,"Lexicon Pharmaceuticals, Inc.",2024-12-20,CRL,0.72,2024-12-19,0.71,2024-12-20,-1.39,0.83,,https://query1.finance.yahoo.com/v8/finance/chart/LXRX?period1=1733616000&period2=1735775999&interval=1d&includePrePost=false,Verified,,https://finance.yahoo.com/quote/LXRX/history/,https://www.stockanalysis.com/stocks/lxrx/history/
LLY,,2024-12-20,,757.54,2024-12-19,767.76,2024-12-20,1.35,796.28,,https://query1.finance.yahoo.com/v8/finance/chart/LLY?period1=1733616000&period2=1735689600&interval=1d&includePrePost=false,Verified,,https://finance.yahoo.com/quote/LLY/history/,https://www.stockanalysis.com/stocks/lly/history/
BIIB,,2024-12-20,,147.39,2024-12-19,146.47,2024-12-20,-0.62,149.38,,https://query1.finance.yahoo.com/v8/finance/chart/BIIB?period1=1733616000&period2=1735689600&interval=1d&includePrePost=false,Verified,,https://finance.yahoo.com/quote/BIIB/history/,https://www.stockanalysis.com/stocks/biib/history/
AZN,,2024-12-20,,128.88,2024-12-19,130.7,2024-12-20,1.41,133.26,,https://query1.finance.yahoo.com/v8/finance/chart/AZN?period1=1733616000&period2=1735689600&interval=1d&includePrePost=false,Verified,,https://finance.yahoo.com/quote/AZN/history/,https://www.stockanalysis.com/stocks/azn/history/
ARRY,,2024-12-20,,5.34,2024-12-19,5.63,2024-12-20,5.43,6.1,,https://query1.finance.yahoo.com/v8/finance/chart/ARRY?period1=1733616000&period2=1735689600&interval=1d&includePrePost=false,Verified,,https://finance.yahoo.com/quote/ARRY/history/,https://www.stockanalysis.com/stocks/arry/history/
ZLDPF,Zealand Pharma A/S,2024-12-19,CRL,113.28,2024-12-18,99.8,2024-12-19,-11.9,100.51,,https://query1.finance.yahoo.com/v8/finance/chart/ZLDPF?period1=1733529600&period2=1735689599&interval=1d&includePrePost=false,Verified,,https://finance.yahoo.com/quote/ZLDPF/history/,https://www.stockanalysis.com/stocks/zldpf/history/
IONS,Ionis Pharmaceuticals,2024-12-19,Approval,36.25,2024-12-18,35.59,2024-12-19,-1.82,35.63,,https://query1.finance.yahoo.com/v8/finance/chart/IONS?period1=1733529600&period2=1735689599&interval=1d&includePrePost=false,Verified,master decision D040,https://finance.yahoo.com/quote/IONS/history/,https://www.stockanalysis.com/stocks/ions/history/
JNJ,,2024-12-18,,146.41,2024-12-17,144.75,2024-12-18,-1.13,143.58,,https://query1.finance.yahoo.com/v8/finance/chart/JNJ?period1=1733443200&period2=1735516800&interval=1d&includePrePost=false,Verified,,https://finance.yahoo.com/quote/JNJ/history/,https://www.stockanalysis.com/stocks/jnj/history/
VRTX,,2024-12-13,,464.12,2024-12-12,463.73,2024-12-13,-0.08,468.09,,https://query1.finance.yahoo.com/v8/finance/chart/VRTX?period1=1733011200&period2=1735084800&interval=1d&includePrePost=false,Verified,,https://finance.yahoo.com/quote/VRTX/history/,https://www.stockanalysis.com/stocks/vrtx/history/
NBIX,"Neurocrine Biosciences, Inc.",2024-12-13,Approval,126.79000091552734,2024-12-12,126.69999694824219,2024-12-13,-0.07,133.0500030517578,,https://query1.finance.yahoo.com/v8/finance/chart/NBIX?period1=&period2=&interval=1d (verbatim JSON in data/raw/stock_yahoo_batch_2026_09/NBIX_2024-12-13.json),Verified,"longName=Neurocrine Biosciences, Inc.; meta symbol=NBIX; raw bars 17; source file NBIX_2024-12-13.json",https://finance.yahoo.com/quote/NBIX/history/,https://www.stockanalysis.com/stocks/nbix/history/
JNJ,Johnson & Johnson,2024-12-13,CRL,146.24,2024-12-12,146.62,2024-12-13,0.26,143.85,,https://query1.finance.yahoo.com/v8/finance/chart/JNJ?period1=1733011200&period2=1735171199&interval=1d&includePrePost=false,Verified,,https://finance.yahoo.com/quote/JNJ/history/,https://www.stockanalysis.com/stocks/jnj/history/
CKPT,"Checkpoint Therapeutics, Inc. (acquired by Sun Pharma, 2025)",2024-12-13,Approval,,,,,,,,https://query1.finance.yahoo.com/v8/finance/chart/CKPT?period1=1733529600&period2=1734566400&interval=1d,Verified - price unavailable,"Yahoo Finance returned ""No data found, symbol may be delisted"" - Checkpoint Therapeutics was acquired by Sun Pharma in 2025 and its history has been withdrawn from the chart API.",https://finance.yahoo.com/quote/CKPT/history/,https://www.stockanalysis.com/stocks/ckpt/history/
OGN,,2024-12-12,,15.68,2024-12-11,15.35,2024-12-12,-2.1,15.3,,https://query1.finance.yahoo.com/v8/finance/chart/OGN?period1=1732924800&period2=1734998400&interval=1d&includePrePost=false,Verified,,https://finance.yahoo.com/quote/OGN/history/,https://www.stockanalysis.com/stocks/ogn/history/
MRK,,2024-12-12,,99.75,2024-12-11,101.25,2024-12-12,1.5,102,,https://query1.finance.yahoo.com/v8/finance/chart/MRK?period1=1732924800&period2=1734998400&interval=1d&includePrePost=false,Verified,,https://finance.yahoo.com/quote/MRK/history/,https://www.stockanalysis.com/stocks/mrk/history/
MRK,,2024-12-11,,101,2024-12-10,99.75,2024-12-11,-1.24,101.25,,https://query1.finance.yahoo.com/v8/finance/chart/MRK?period1=1732838400&period2=1734912000&interval=1d&includePrePost=false,Verified,,https://finance.yahoo.com/quote/MRK/history/,https://www.stockanalysis.com/stocks/mrk/history/
FSNUY,Fresenius SE & Co. KGaA,2024-12-11,CRL,8.88,2024-12-10,9.07,2024-12-11,2.14,9.07,,https://query1.finance.yahoo.com/v8/finance/chart/FSNUY?period1=1732838400&period2=1734998399&interval=1d&includePrePost=false,Verified,,https://finance.yahoo.com/quote/FSNUY/history/,https://www.stockanalysis.com/stocks/fsnuy/history/
NVO,,2024-12-09,,110.77,2024-12-06,111.08,2024-12-09,0.28,109.19,,https://query1.finance.yahoo.com/v8/finance/chart/NVO?period1=1732665600&period2=1734739200&interval=1d&includePrePost=false,Verified,,https://finance.yahoo.com/quote/NVO/history/,https://www.stockanalysis.com/stocks/nvo/history/
MRUS,"Merus N.V. (acquired by Genmab, 2025)",2024-12-04,Approval,,,,,,,,https://query1.finance.yahoo.com/v8/finance/chart/MRUS?period1=1732752000&period2=1733788800&interval=1d,Verified - price unavailable,"Yahoo Finance returned ""No data found, symbol may be delisted"" - Merus was acquired by Genmab in 2025 and its history has been withdrawn from the chart API.",https://finance.yahoo.com/quote/MRUS/history/,https://www.stockanalysis.com/stocks/mrus/history/
AZN,,2024-12-04,,136.1,2024-12-03,133.56,2024-12-04,-1.87,135.06,,https://query1.finance.yahoo.com/v8/finance/chart/AZN?period1=1732233600&period2=1734307200&interval=1d&includePrePost=false,Verified,,https://finance.yahoo.com/quote/AZN/history/,https://www.stockanalysis.com/stocks/azn/history/
NVO,,2024-11-27,,106.13,2024-11-26,106.13,2024-11-27,0.0,106.8,,https://query1.finance.yahoo.com/v8/finance/chart/NVO?period1=1731628800&period2=1733702400&interval=1d&includePrePost=false,Verified,,https://finance.yahoo.com/quote/NVO/history/,https://www.stockanalysis.com/stocks/nvo/history/
APLT,"Applied Therapeutics, Inc.",2024-11-27,CRL,,,,,,,,https://query1.finance.yahoo.com/v8/finance/chart/APLT?period1=1731628800&period2=1733788799&interval=1d&includePrePost=false,Data unavailable - acquired/delisted or pre-Yahoo coverage,fetch status: FAILED HTTPError: HTTP Error 404: Not Found (recorded in the job manifest; never retried with a successor ticker),https://finance.yahoo.com/quote/APLT/history/,https://www.stockanalysis.com/stocks/aplt/history/
GILD,,2024-11-25,,90.19,2024-11-22,90.49,2024-11-25,0.33,91.35,,https://query1.finance.yahoo.com/v8/finance/chart/GILD?period1=1731456000&period2=1733529600&interval=1d&includePrePost=false,Verified,,https://finance.yahoo.com/quote/GILD/history/,https://www.stockanalysis.com/stocks/gild/history/
VTRS,,2024-11-22,,13.25,2024-11-21,13.37,2024-11-22,0.91,13.36,,https://query1.finance.yahoo.com/v8/finance/chart/VTRS?period1=1731196800&period2=1733270400&interval=1d&includePrePost=false,Verified,,https://finance.yahoo.com/quote/VTRS/history/,https://www.stockanalysis.com/stocks/vtrs/history/
JNJ,,2024-11-22,,155.5,2024-11-21,155.17,2024-11-22,-0.21,155.78,,https://query1.finance.yahoo.com/v8/finance/chart/JNJ?period1=1731196800&period2=1733270400&interval=1d&includePrePost=false,Verified,,https://finance.yahoo.com/quote/JNJ/history/,https://www.stockanalysis.com/stocks/jnj/history/
IMMU,,2024-11-22,,,,,,,,,https://query1.finance.yahoo.com/v8/finance/chart/IMMU?period1=1731196800&period2=1733270400&interval=1d&includePrePost=false,Data unavailable - acquired/delisted or pre-Yahoo coverage,fetch status: FAILED HTTPError: HTTP Error 404: Not Found,https://finance.yahoo.com/quote/IMMU/history/,https://www.stockanalysis.com/stocks/immu/history/
BBIO,"BridgeBio Pharma, Inc.",2024-11-22,Approval,23.239999771118164,2024-11-21,23.420000076293945,2024-11-22,0.77,27.190000534057617,,https://query1.finance.yahoo.com/v8/finance/chart/BBIO?period1=&period2=&interval=1d (verbatim JSON in data/raw/stock_yahoo_batch_2026_09/BBIO_2024-11-22.json),Verified,"longName=BridgeBio Pharma, Inc.; meta symbol=BBIO; raw bars 17; source file BBIO_2024-11-22.json",https://finance.yahoo.com/quote/BBIO/history/,https://www.stockanalysis.com/stocks/bbio/history/
ZYME,Zymeworks Inc.,2024-11-20,Approval (Accelerated),14.770000457763672,2024-11-19,14.550000190734863,2024-11-20,-1.49,13.680000305175781,,https://query1.finance.yahoo.com/v8/finance/chart/ZYME?period1=&period2=&interval=1d (verbatim JSON in data/raw/stock_yahoo_batch_2026_09/ZYME_2024-11-20.json),Verified,longName=Zymeworks Inc.; meta symbol=ZYME; raw bars 16; source file ZYME_2024-11-20.json,https://finance.yahoo.com/quote/ZYME/history/,https://www.stockanalysis.com/stocks/zyme/history/
SNDX,Syndax Pharmaceuticals,2024-11-15,Approval,16.79,2024-11-14,15.83,2024-11-15,-5.72,16.11,,https://query1.finance.yahoo.com/v8/finance/chart/SNDX?period1=1730592000&period2=1732751999&interval=1d&includePrePost=false,Verified,master decision D035,https://finance.yahoo.com/quote/SNDX/history/,https://www.stockanalysis.com/stocks/sndx/history/
LLY,,2024-11-13,,818.86,2024-11-12,811.81,2024-11-13,-0.86,786.23,,https://query1.finance.yahoo.com/v8/finance/chart/LLY?period1=1730419200&period2=1732492800&interval=1d&includePrePost=false,Verified,,https://finance.yahoo.com/quote/LLY/history/,https://www.stockanalysis.com/stocks/lly/history/
NVS,,2024-10-29,,115.63,2024-10-28,110.53,2024-10-29,-4.41,109.91,,https://query1.finance.yahoo.com/v8/finance/chart/NVS?period1=1729123200&period2=1731196800&interval=1d&includePrePost=false,Verified,,https://finance.yahoo.com/quote/NVS/history/,https://www.stockanalysis.com/stocks/nvs/history/
SNY,,2024-10-25,,52.05,2024-10-24,54.34,2024-10-25,4.4,54.36,,https://query1.finance.yahoo.com/v8/finance/chart/SNY?period1=1728777600&period2=1730851200&interval=1d&includePrePost=false,Verified,,https://finance.yahoo.com/quote/SNY/history/,https://www.stockanalysis.com/stocks/sny/history/
ITRM,Iterum Therapeutics,2024-10-25,Approval,,,,,,,,https://query1.finance.yahoo.com/v8/finance/chart/ITRM?period1=1728777600&period2=1730937599&interval=1d&includePrePost=false,Data unavailable - acquired/delisted or pre-Yahoo coverage,fetch status: FAILED HTTPError: HTTP Error 404: Not Found (recorded in the job manifest; never retried with a successor ticker); master decision D036,https://finance.yahoo.com/quote/ITRM/history/,https://www.stockanalysis.com/stocks/itrm/history/
LLY,,2024-10-18,,917.12,2024-10-17,917.97,2024-10-18,0.09,906.13,,https://query1.finance.yahoo.com/v8/finance/chart/LLY?period1=1728172800&period2=1730246400&interval=1d&includePrePost=false,Verified,,https://finance.yahoo.com/quote/LLY/history/,https://www.stockanalysis.com/stocks/lly/history/
ALPMY,Astellas Pharma Inc.,2024-10-18,Approval,11.53,2024-10-17,11.73,2024-10-18,1.73,11.77,,https://query1.finance.yahoo.com/v8/finance/chart/ALPMY?period1=1728172800&period2=1730332799&interval=1d&includePrePost=false,Verified,master decision D250,https://finance.yahoo.com/quote/ALPMY/history/,https://www.stockanalysis.com/stocks/alpmy/history/
ABBV,,2024-10-18,,188.57,2024-10-17,188.86,2024-10-18,0.15,186.54,,https://query1.finance.yahoo.com/v8/finance/chart/ABBV?period1=1728172800&period2=1730246400&interval=1d&includePrePost=false,Verified,,https://finance.yahoo.com/quote/ABBV/history/,https://www.stockanalysis.com/stocks/abbv/history/
ALKS,,2024-10-16,,28,2024-10-15,28.09,2024-10-16,0.32,28.33,,https://query1.finance.yahoo.com/v8/finance/chart/ALKS?period1=1728000000&period2=1730073600&interval=1d&includePrePost=false,Verified,,https://finance.yahoo.com/quote/ALKS/history/,https://www.stockanalysis.com/stocks/alks/history/
ABBV,,2024-10-16,,191.86,2024-10-15,190.46,2024-10-16,-0.73,188.57,,https://query1.finance.yahoo.com/v8/finance/chart/ABBV?period1=1728000000&period2=1730073600&interval=1d&includePrePost=false,Verified,,https://finance.yahoo.com/quote/ABBV/history/,https://www.stockanalysis.com/stocks/abbv/history/
PFE,,2024-10-15,,29.08,2024-10-14,29.44,2024-10-15,1.24,29.67,,https://query1.finance.yahoo.com/v8/finance/chart/PFE?period1=1727913600&period2=1729987200&interval=1d&includePrePost=false,Verified,,https://finance.yahoo.com/quote/PFE/history/,https://www.stockanalysis.com/stocks/pfe/history/
PFE,Pfizer,2024-10-11,Approval,29.34,2024-10-10,29.16,2024-10-11,-0.61,29.08,,https://query1.finance.yahoo.com/v8/finance/chart/PFE?period1=1727568000&period2=1729727999&interval=1d&includePrePost=false,Verified,master decision D037,https://finance.yahoo.com/quote/PFE/history/,https://www.stockanalysis.com/stocks/pfe/history/
AZN,,2024-10-11,,153.74,2024-10-10,154.7,2024-10-11,0.62,156.2,,https://query1.finance.yahoo.com/v8/finance/chart/AZN?period1=1727568000&period2=1729641600&interval=1d&includePrePost=false,Verified,,https://finance.yahoo.com/quote/AZN/history/,https://www.stockanalysis.com/stocks/azn/history/
RHHBY,Roche Holding AG (Genentech),2024-10-10,Approval,38.41,2024-10-09,38.87,2024-10-10,1.2,39.18,,https://query1.finance.yahoo.com/v8/finance/chart/RHHBY?period1=1727481600&period2=1729641599&interval=1d&includePrePost=false,Verified,lineage proxy per master precedent (see master row notes: decision-date symbol differs from the modern ticker); master decision D038,https://finance.yahoo.com/quote/RHHBY/history/,https://www.stockanalysis.com/stocks/rhhby/history/
ZLDPF,Zealand Pharma A/S,2024-10-08,CRL,115.075,2024-10-07,117.765,2024-10-08,2.34,115,,https://query1.finance.yahoo.com/v8/finance/chart/ZLDPF?period1=1727308800&period2=1729468799&interval=1d&includePrePost=false,Verified,,https://finance.yahoo.com/quote/ZLDPF/history/,https://www.stockanalysis.com/stocks/zldpf/history/
BFRI,,2024-10-04,,1.16,2024-10-03,0.96,2024-10-04,-17.24,0.869,,https://query1.finance.yahoo.com/v8/finance/chart/BFRI?period1=1726963200&period2=1729036800&interval=1d&includePrePost=false,Verified,,https://finance.yahoo.com/quote/BFRI/history/,https://www.stockanalysis.com/stocks/bfri/history/
AMRX,,2024-10-04,,8.55,2024-10-03,8.65,2024-10-04,1.17,8.46,,https://query1.finance.yahoo.com/v8/finance/chart/AMRX?period1=1726963200&period2=1729036800&interval=1d&includePrePost=false,Verified,,https://finance.yahoo.com/quote/AMRX/history/,https://www.stockanalysis.com/stocks/amrx/history/
BMY,,2024-10-03,,53.76,2024-10-02,54.2,2024-10-03,0.82,53.96,,https://query1.finance.yahoo.com/v8/finance/chart/BMY?period1=1726876800&period2=1728950400&interval=1d&includePrePost=false,Verified,,https://finance.yahoo.com/quote/BMY/history/,https://www.stockanalysis.com/stocks/bmy/history/
ACAD,,2024-09-30,,15.69,2024-09-27,15.38,2024-09-30,-1.98,15.3,,https://query1.finance.yahoo.com/v8/finance/chart/ACAD?period1=1726617600&period2=1728691200&interval=1d&includePrePost=false,Verified,,https://finance.yahoo.com/quote/ACAD/history/,https://www.stockanalysis.com/stocks/acad/history/
REGN,,2024-09-27,,1039.96,2024-09-26,1042.6899,2024-09-27,0.26,1051.24,,https://query1.finance.yahoo.com/v8/finance/chart/REGN?period1=1726358400&period2=1728432000&interval=1d&includePrePost=false,Verified,,https://finance.yahoo.com/quote/REGN/history/,https://www.stockanalysis.com/stocks/regn/history/
LLY,,2024-09-27,,909.32,2024-09-26,877.79,2024-09-27,-3.47,885.94,,https://query1.finance.yahoo.com/v8/finance/chart/LLY?period1=1726358400&period2=1728432000&interval=1d&includePrePost=false,Verified,,https://finance.yahoo.com/quote/LLY/history/,https://www.stockanalysis.com/stocks/lly/history/
GEHC,GE HealthCare Technologies,2024-09-27,Approval,92.49,2024-09-26,91.99,2024-09-27,-0.54,93.85,,https://query1.finance.yahoo.com/v8/finance/chart/GEHC?period1=1726358400&period2=1728518399&interval=1d&includePrePost=false,Verified,master decision D039,https://finance.yahoo.com/quote/GEHC/history/,https://www.stockanalysis.com/stocks/gehc/history/
FSNUY,,2024-09-27,,9.46,2024-09-26,9.42,2024-09-27,-0.42,9.58,,https://query1.finance.yahoo.com/v8/finance/chart/FSNUY?period1=1726358400&period2=1728432000&interval=1d&includePrePost=false,Verified,,https://finance.yahoo.com/quote/FSNUY/history/,https://www.stockanalysis.com/stocks/fsnuy/history/
BMY,Bristol Myers Squibb,2024-09-26,Approval,50.94,2024-09-25,49.95,2024-09-26,-1.94,50.12,,https://query1.finance.yahoo.com/v8/finance/chart/BMY,Verified,Cobenfy approval; slight dip possibly unrelated market noise,https://finance.yahoo.com/quote/BMY/history/,https://www.stockanalysis.com/stocks/bmy/history/
AZN,,2024-09-25,,153.74,2024-09-24,155.08,2024-09-25,0.87,156.36,,https://query1.finance.yahoo.com/v8/finance/chart/AZN?period1=1726185600&period2=1728259200&interval=1d&includePrePost=false,Verified,,https://finance.yahoo.com/quote/AZN/history/,https://www.stockanalysis.com/stocks/azn/history/
ZVRA,Zevra Therapeutics,2024-09-20,Approval,7.83,2024-09-19,8.02,2024-09-20,2.43,8.06,,https://query1.finance.yahoo.com/v8/finance/chart/ZVRA,Verified,Miplyffa approval,https://finance.yahoo.com/quote/ZVRA/history/,https://www.stockanalysis.com/stocks/zvra/history/
SNY,,2024-09-20,,58.26,2024-09-19,57.63,2024-09-20,-1.08,57.43,,https://query1.finance.yahoo.com/v8/finance/chart/SNY?period1=1725753600&period2=1727827200&interval=1d&includePrePost=false,Verified,,https://finance.yahoo.com/quote/SNY/history/,https://www.stockanalysis.com/stocks/sny/history/
JNJ,,2024-09-19,,166.15,2024-09-18,164.82,2024-09-19,-0.8,164.16,,https://query1.finance.yahoo.com/v8/finance/chart/JNJ?period1=1725667200&period2=1727740800&interval=1d&includePrePost=false,Verified,,https://finance.yahoo.com/quote/JNJ/history/,https://www.stockanalysis.com/stocks/jnj/history/
NVS,,2024-09-17,,116.95,2024-09-16,115.7,2024-09-17,-1.07,115.97,,https://query1.finance.yahoo.com/v8/finance/chart/NVS?period1=1725494400&period2=1727568000&interval=1d&includePrePost=false,Verified,,https://finance.yahoo.com/quote/NVS/history/,https://www.stockanalysis.com/stocks/nvs/history/
MRK,,2024-09-17,,117.96,2024-09-16,118.29,2024-09-17,0.28,118.64,,https://query1.finance.yahoo.com/v8/finance/chart/MRK?period1=1725494400&period2=1727568000&interval=1d&includePrePost=false,Verified,,https://finance.yahoo.com/quote/MRK/history/,https://www.stockanalysis.com/stocks/mrk/history/
AZN,,2024-09-17,,158.08,2024-09-16,157.06,2024-09-17,-0.65,157.16,,https://query1.finance.yahoo.com/v8/finance/chart/AZN?period1=1725494400&period2=1727568000&interval=1d&includePrePost=false,Verified,,https://finance.yahoo.com/quote/AZN/history/,https://www.stockanalysis.com/stocks/azn/history/
VVUS,,2024-09-13,,,,,,,,,https://query1.finance.yahoo.com/v8/finance/chart/VVUS?period1=1725148800&period2=1727222400&interval=1d&includePrePost=false,Data unavailable - acquired/delisted or pre-Yahoo coverage,fetch status: FAILED HTTPError: HTTP Error 404: Not Found,https://finance.yahoo.com/quote/VVUS/history/,https://www.stockanalysis.com/stocks/vvus/history/
LLY,Eli Lilly and Company,2024-09-13,Approval,935.02,2024-09-12,923.71,2024-09-13,-1.21,923.54,,https://query1.finance.yahoo.com/v8/finance/chart/LLY?period1=1725148800&period2=1727308799&interval=1d&includePrePost=false,Verified,master decision D027,https://finance.yahoo.com/quote/LLY/history/,https://www.stockanalysis.com/stocks/lly/history/
REGN,,2024-09-12,,1141.45,2024-09-11,1164.46,2024-09-12,2.02,1153.35,,https://query1.finance.yahoo.com/v8/finance/chart/REGN?period1=1725062400&period2=1727136000&interval=1d&includePrePost=false,Verified,,https://finance.yahoo.com/quote/REGN/history/,https://www.stockanalysis.com/stocks/regn/history/
ARRY,,2024-09-12,,6.6,2024-09-11,6.68,2024-09-12,1.21,6.82,,https://query1.finance.yahoo.com/v8/finance/chart/ARRY?period1=1725062400&period2=1727136000&interval=1d&includePrePost=false,Verified,,https://finance.yahoo.com/quote/ARRY/history/,https://www.stockanalysis.com/stocks/arry/history/
JNJ,,2024-09-11,,167.38,2024-09-10,164.82,2024-09-11,-1.53,164.64,,https://query1.finance.yahoo.com/v8/finance/chart/JNJ?period1=1724976000&period2=1727049600&interval=1d&includePrePost=false,Verified,,https://finance.yahoo.com/quote/JNJ/history/,https://www.stockanalysis.com/stocks/jnj/history/
TVTX,,2024-09-05,,10.05,2024-09-04,9.93,2024-09-05,-1.19,10.98,,https://query1.finance.yahoo.com/v8/finance/chart/TVTX?period1=1724457600&period2=1726531200&interval=1d&includePrePost=false,Verified,,https://finance.yahoo.com/quote/TVTX/history/,https://www.stockanalysis.com/stocks/tvtx/history/
MRK,,2024-08-30,,117.46,2024-08-29,118.45,2024-08-30,0.84,116.58,,https://query1.finance.yahoo.com/v8/finance/chart/MRK?period1=1723939200&period2=1726012800&interval=1d&includePrePost=false,Verified,,https://finance.yahoo.com/quote/MRK/history/,https://www.stockanalysis.com/stocks/mrk/history/
BMY,,2024-08-30,,49.72,2024-08-29,49.95,2024-08-30,0.46,50.52,,https://query1.finance.yahoo.com/v8/finance/chart/BMY?period1=1723939200&period2=1726012800&interval=1d&includePrePost=false,Verified,,https://finance.yahoo.com/quote/BMY/history/,https://www.stockanalysis.com/stocks/bmy/history/
AMGN,,2024-08-23,,324.53,2024-08-22,328.8,2024-08-23,1.32,326.78,,https://query1.finance.yahoo.com/v8/finance/chart/AMGN?period1=1723334400&period2=1725408000&interval=1d&includePrePost=false,Verified,,https://finance.yahoo.com/quote/AMGN/history/,https://www.stockanalysis.com/stocks/amgn/history/
AZN,,2024-08-22,,171.12,2024-08-21,171.78,2024-08-22,0.39,173.32,,https://query1.finance.yahoo.com/v8/finance/chart/AZN?period1=1723248000&period2=1725321600&interval=1d&includePrePost=false,Verified,,https://finance.yahoo.com/quote/AZN/history/,https://www.stockanalysis.com/stocks/azn/history/
REGN,Regeneron Pharmaceuticals,2024-08-20,CRL,1196.88,2024-08-19,1192.23,2024-08-20,-0.39,1185.34,,https://query1.finance.yahoo.com/v8/finance/chart/REGN?period1=1723075200&period2=1725235199&interval=1d&includePrePost=false,Verified,,https://finance.yahoo.com/quote/REGN/history/,https://www.stockanalysis.com/stocks/regn/history/
AMGN,,2024-08-20,,327.97,2024-08-19,328.55,2024-08-20,0.18,329.15,,https://query1.finance.yahoo.com/v8/finance/chart/AMGN?period1=1723075200&period2=1725148800&interval=1d&includePrePost=false,Verified,,https://finance.yahoo.com/quote/AMGN/history/,https://www.stockanalysis.com/stocks/amgn/history/
JNJ,Johnson & Johnson,2024-08-19,Approval,159.09,2024-08-14,159.39,2024-08-19,0.19,,,https://query1.finance.yahoo.com/v8/finance/chart/JNJ,Verified - approx window,Lazcluze approval; JNJ is large-cap so isolated stock impact expected to be minimal,https://finance.yahoo.com/quote/JNJ/history/,https://www.stockanalysis.com/stocks/jnj/history/
MDWD,,2024-08-15,,17.47,2024-08-14,18.17,2024-08-15,4.01,19.27,,https://query1.finance.yahoo.com/v8/finance/chart/MDWD?period1=1722643200&period2=1724716800&interval=1d&includePrePost=false,Verified,,https://finance.yahoo.com/quote/MDWD/history/,https://www.stockanalysis.com/stocks/mdwd/history/
AZN,,2024-08-15,,167.52,2024-08-14,169.8,2024-08-15,1.36,168.82,,https://query1.finance.yahoo.com/v8/finance/chart/AZN?period1=1722643200&period2=1724716800&interval=1d&includePrePost=false,Verified,,https://finance.yahoo.com/quote/AZN/history/,https://www.stockanalysis.com/stocks/azn/history/
INCY,Incyte Corporation,2024-08-14,Approval,60.29,2024-08-07,61.12,2024-08-14,1.38,,,https://query1.finance.yahoo.com/v8/finance/chart/INCY,Verified,Niktimvo approval,https://finance.yahoo.com/quote/INCY/history/,https://www.stockanalysis.com/stocks/incy/history/
GILD,Gilead Sciences,2024-08-14,Approval (Accelerated),74.0,2024-08-07,72.99,2024-08-14,-1.36,,,https://query1.finance.yahoo.com/v8/finance/chart/GILD,Verified,Livdelzi approval,https://finance.yahoo.com/quote/GILD/history/,https://www.stockanalysis.com/stocks/gild/history/
PFE,,2024-08-12,,28.55,2024-08-09,28.45,2024-08-12,-0.35,28.85,,https://query1.finance.yahoo.com/v8/finance/chart/PFE?period1=1722384000&period2=1724457600&interval=1d&includePrePost=false,Verified,,https://finance.yahoo.com/quote/PFE/history/,https://www.stockanalysis.com/stocks/pfe/history/
ASND,Ascendis Pharma,2024-08-09,Approval,132.26,2024-08-02,139.66,2024-08-09,5.6,,,https://query1.finance.yahoo.com/v8/finance/chart/ASND,Verified,Yorvipath approval,https://finance.yahoo.com/quote/ASND/history/,https://www.stockanalysis.com/stocks/asnd/history/
NVS,,2024-08-07,,110.06,2024-08-06,111.16,2024-08-07,1.0,111.02,,https://query1.finance.yahoo.com/v8/finance/chart/NVS?period1=1721952000&period2=1724025600&interval=1d&includePrePost=false,Verified,,https://finance.yahoo.com/quote/NVS/history/,https://www.stockanalysis.com/stocks/nvs/history/
MRK,,2024-08-07,,111.15,2024-08-06,112.49,2024-08-07,1.21,113.92,,https://query1.finance.yahoo.com/v8/finance/chart/MRK?period1=1721952000&period2=1724025600&interval=1d&includePrePost=false,Verified,,https://finance.yahoo.com/quote/MRK/history/,https://www.stockanalysis.com/stocks/mrk/history/
AMRX,,2024-08-07,,6.88,2024-08-06,6.81,2024-08-07,-1.02,7.77,,https://query1.finance.yahoo.com/v8/finance/chart/AMRX?period1=1721952000&period2=1724025600&interval=1d&includePrePost=false,Verified,,https://finance.yahoo.com/quote/AMRX/history/,https://www.stockanalysis.com/stocks/amrx/history/
GSK,,2024-08-01,,38.77,2024-07-31,39.64,2024-08-01,2.24,40.42,,https://query1.finance.yahoo.com/v8/finance/chart/GSK?period1=1721433600&period2=1723507200&interval=1d&includePrePost=false,Verified,,https://finance.yahoo.com/quote/GSK/history/,https://www.stockanalysis.com/stocks/gsk/history/
JNJ,,2024-07-31,,161.33,2024-07-30,157.85,2024-07-31,-2.16,160.76,,https://query1.finance.yahoo.com/v8/finance/chart/JNJ?period1=1721347200&period2=1723420800&interval=1d&includePrePost=false,Verified,,https://finance.yahoo.com/quote/JNJ/history/,https://www.stockanalysis.com/stocks/jnj/history/
JNJ,,2024-07-30,,158.56,2024-07-29,161.33,2024-07-30,1.75,157.85,,https://query1.finance.yahoo.com/v8/finance/chart/JNJ?period1=1721260800&period2=1723334400&interval=1d&includePrePost=false,Verified,,https://finance.yahoo.com/quote/JNJ/history/,https://www.stockanalysis.com/stocks/jnj/history/
AMRX,,2024-07-26,,7.38,2024-07-25,7.44,2024-07-26,0.81,7.34,,https://query1.finance.yahoo.com/v8/finance/chart/AMRX?period1=1720915200&period2=1722988800&interval=1d&includePrePost=false,Verified,,https://finance.yahoo.com/quote/AMRX/history/,https://www.stockanalysis.com/stocks/amrx/history/
MIRM,,2024-07-24,,40.2,2024-07-23,39.07,2024-07-24,-2.81,40.37,,https://query1.finance.yahoo.com/v8/finance/chart/MIRM?period1=1720742400&period2=1722816000&interval=1d&includePrePost=false,Verified,,https://finance.yahoo.com/quote/MIRM/history/,https://www.stockanalysis.com/stocks/mirm/history/
BMRN,,2024-07-24,,84.43,2024-07-23,84.63,2024-07-24,0.24,85.59,,https://query1.finance.yahoo.com/v8/finance/chart/BMRN?period1=1720742400&period2=1722816000&interval=1d&includePrePost=false,Verified,,https://finance.yahoo.com/quote/BMRN/history/,https://www.stockanalysis.com/stocks/bmrn/history/
NVS,,2024-07-22,,106.13,2024-07-19,108.73,2024-07-22,2.45,107.7,,https://query1.finance.yahoo.com/v8/finance/chart/NVS?period1=1720569600&period2=1722643200&interval=1d&includePrePost=false,Verified,,https://finance.yahoo.com/quote/NVS/history/,https://www.stockanalysis.com/stocks/nvs/history/
PHAT,,2024-07-17,,12.22,2024-07-16,12.11,2024-07-17,-0.9,11.18,,https://query1.finance.yahoo.com/v8/finance/chart/PHAT?period1=1720137600&period2=1722211200&interval=1d&includePrePost=false,Verified,,https://finance.yahoo.com/quote/PHAT/history/,https://www.stockanalysis.com/stocks/phat/history/
NVO,Novo Nordisk A/S,2024-07-10,CRL,140.43,2024-07-09,142.74,2024-07-10,1.64,139.79,,https://query1.finance.yahoo.com/v8/finance/chart/NVO?period1=1719532800&period2=1721692799&interval=1d&includePrePost=false,Verified,lineage proxy per master precedent (see master row notes: decision-date symbol differs from the modern ticker),https://finance.yahoo.com/quote/NVO/history/,https://www.stockanalysis.com/stocks/nvo/history/
LLY,Eli Lilly and Company,2024-07-02,Approval,905.38,2024-07-01,914.37,2024-07-02,0.99,906.71,,https://query1.finance.yahoo.com/v8/finance/chart/LLY,Verified,Kisunla approval,https://finance.yahoo.com/quote/LLY/history/,https://www.stockanalysis.com/stocks/lly/history/
AMRX,"Amneal Pharmaceuticals, Inc.",2024-07-01,CRL,6.35,2024-06-28,6.42,2024-07-01,1.1,6.54,,https://query1.finance.yahoo.com/v8/finance/chart/AMRX?period1=1718755200&period2=1720915199&interval=1d&includePrePost=false,Verified,,https://finance.yahoo.com/quote/AMRX/history/,https://www.stockanalysis.com/stocks/amrx/history/
VTRS,,2024-06-26,,10.31,2024-06-25,10.43,2024-06-26,1.16,10.48,,https://query1.finance.yahoo.com/v8/finance/chart/VTRS?period1=1718323200&period2=1720396800&interval=1d&includePrePost=false,Verified,,https://finance.yahoo.com/quote/VTRS/history/,https://www.stockanalysis.com/stocks/vtrs/history/
VRNA,Verona Pharma,2024-06-26,Approval,,,,,,,,https://www.investing.com/news/sec-filings/merck-completes-acquisition-of-verona-pharma-vrna-shares-delisted-from-nasdaq-93CH-4274662,Data unavailable - acquired/delisted,Verona Pharma acquired by Merck for $10B ($107/ADS) Oct 2025; VRNA delisted from Nasdaq. Yahoo Finance no longer serves 2024 historical data under this symbol. Flagged for manual archive lookup.,https://finance.yahoo.com/quote/VRNA/history/,https://www.stockanalysis.com/stocks/vrna/history/
NVS,,2024-06-26,,107.37,2024-06-25,107.07,2024-06-26,-0.28,106.55,,https://query1.finance.yahoo.com/v8/finance/chart/NVS?period1=1718323200&period2=1720396800&interval=1d&includePrePost=false,Verified,,https://finance.yahoo.com/quote/NVS/history/,https://www.stockanalysis.com/stocks/nvs/history/
GMAB,,2024-06-26,,25.78,2024-06-25,25.67,2024-06-26,-0.43,25.58,,https://query1.finance.yahoo.com/v8/finance/chart/GMAB?period1=1718323200&period2=1720396800&interval=1d&includePrePost=false,Verified,,https://finance.yahoo.com/quote/GMAB/history/,https://www.stockanalysis.com/stocks/gmab/history/
DSNKY,"Daiichi Sankyo, Inc.",2024-06-26,CRL,34.91,2024-06-25,35.02,2024-06-26,0.32,34.26,,https://query1.finance.yahoo.com/v8/finance/chart/DSNKY?period1=1718323200&period2=1720483199&interval=1d&includePrePost=false,Verified,,https://finance.yahoo.com/quote/DSNKY/history/,https://www.stockanalysis.com/stocks/dsnky/history/
JNJ,,2024-06-21,,147.78,2024-06-20,148.75,2024-06-21,0.66,149.12,,https://query1.finance.yahoo.com/v8/finance/chart/JNJ?period1=1717891200&period2=1719964800&interval=1d&includePrePost=false,Verified,,https://finance.yahoo.com/quote/JNJ/history/,https://www.stockanalysis.com/stocks/jnj/history/
HRMY,,2024-06-21,,28.81,2024-06-20,30.13,2024-06-21,4.58,30.1,,https://query1.finance.yahoo.com/v8/finance/chart/HRMY?period1=1717891200&period2=1719964800&interval=1d&includePrePost=false,Verified,,https://finance.yahoo.com/quote/HRMY/history/,https://www.stockanalysis.com/stocks/hrmy/history/
BMY,,2024-06-21,,41.04,2024-06-20,41.93,2024-06-21,2.17,42.23,,https://query1.finance.yahoo.com/v8/finance/chart/BMY?period1=1717891200&period2=1719964800&interval=1d&includePrePost=false,Verified,,https://finance.yahoo.com/quote/BMY/history/,https://www.stockanalysis.com/stocks/bmy/history/
RHHBY,Roche Holding AG (Genentech),2024-06-20,Approval,34.98,2024-06-18,35.22,2024-06-20,0.69,35.59,,https://query1.finance.yahoo.com/v8/finance/chart/RHHBY?period1=1717804800&period2=1719964799&interval=1d&includePrePost=false,Verified,lineage proxy per master precedent (see master row notes: decision-date symbol differs from the modern ticker); master decision D021,https://finance.yahoo.com/quote/RHHBY/history/,https://www.stockanalysis.com/stocks/rhhby/history/
BOT.AX,,2024-06-18,,0.33,2024-06-17,0.335,2024-06-18,1.52,0.335,,https://query1.finance.yahoo.com/v8/finance/chart/BOT.AX?period1=1717632000&period2=1719705600&interval=1d&includePrePost=false,Verified,,https://finance.yahoo.com/quote/BOT.AX/history/,https://www.stockanalysis.com/stocks/bot.ax/history/
ABBV,AbbVie Inc.,2024-06-18,CRL,169.68,2024-06-17,171.36,2024-06-18,0.99,172.13,,https://query1.finance.yahoo.com/v8/finance/chart/ABBV?period1=1717632000&period2=1719791999&interval=1d&includePrePost=false,Verified,,https://finance.yahoo.com/quote/ABBV/history/,https://www.stockanalysis.com/stocks/abbv/history/
MRK,,2024-06-17,,129.48,2024-06-14,127.5,2024-06-17,-1.53,127.99,,https://query1.finance.yahoo.com/v8/finance/chart/MRK?period1=1717545600&period2=1719619200&interval=1d&includePrePost=false,Verified,,https://finance.yahoo.com/quote/MRK/history/,https://www.stockanalysis.com/stocks/mrk/history/
RCKT,"Rocket Pharmaceuticals, Inc.",2024-06-14,CRL,22.86,2024-06-13,21.86,2024-06-14,-4.37,21.2,,https://query1.finance.yahoo.com/v8/finance/chart/RCKT?period1=1717286400&period2=1719446399&interval=1d&includePrePost=false,Verified,,https://finance.yahoo.com/quote/RCKT/history/,https://www.stockanalysis.com/stocks/rckt/history/
AZN,,2024-06-14,,159.06,2024-06-13,159.18,2024-06-14,0.08,158.62,,https://query1.finance.yahoo.com/v8/finance/chart/AZN?period1=1717286400&period2=1719360000&interval=1d&includePrePost=false,Verified,,https://finance.yahoo.com/quote/AZN/history/,https://www.stockanalysis.com/stocks/azn/history/
AMGN,,2024-06-14,,298.5,2024-06-13,298.62,2024-06-14,0.04,303.28,,https://query1.finance.yahoo.com/v8/finance/chart/AMGN?period1=1717286400&period2=1719360000&interval=1d&includePrePost=false,Verified,,https://finance.yahoo.com/quote/AMGN/history/,https://www.stockanalysis.com/stocks/amgn/history/
BMY,,2024-06-13,,42.41,2024-06-12,41.48,2024-06-13,-2.19,41.2,,https://query1.finance.yahoo.com/v8/finance/chart/BMY?period1=1717200000&period2=1719273600&interval=1d&includePrePost=false,Verified,,https://finance.yahoo.com/quote/BMY/history/,https://www.stockanalysis.com/stocks/bmy/history/
BAYRY,Bayer AG,2024-06-13,CRL,7.52,2024-06-12,7.37,2024-06-13,-1.99,7.24,,https://query1.finance.yahoo.com/v8/finance/chart/BAYRY?period1=1717200000&period2=1719359999&interval=1d&includePrePost=false,Verified,,https://finance.yahoo.com/quote/BAYRY/history/,https://www.stockanalysis.com/stocks/bayry/history/
LLY,,2024-06-12,,865.82,2024-06-11,867.3,2024-06-12,0.17,883.33,,https://query1.finance.yahoo.com/v8/finance/chart/LLY?period1=1717113600&period2=1719187200&interval=1d&includePrePost=false,Verified,,https://finance.yahoo.com/quote/LLY/history/,https://www.stockanalysis.com/stocks/lly/history/
AZN,,2024-06-12,,158.46,2024-06-11,160.14,2024-06-12,1.06,159.06,,https://query1.finance.yahoo.com/v8/finance/chart/AZN?period1=1717113600&period2=1719187200&interval=1d&includePrePost=false,Verified,,https://finance.yahoo.com/quote/AZN/history/,https://www.stockanalysis.com/stocks/azn/history/
SNY,,2024-06-10,,48.98,2024-06-07,48.86,2024-06-10,-0.24,48.51,,https://query1.finance.yahoo.com/v8/finance/chart/SNY?period1=1716940800&period2=1719014400&interval=1d&includePrePost=false,Verified,,https://finance.yahoo.com/quote/SNY/history/,https://www.stockanalysis.com/stocks/sny/history/
MRK,,2024-06-07,,130.52,2024-06-06,130.67,2024-06-07,0.11,131.49,,https://query1.finance.yahoo.com/v8/finance/chart/MRK?period1=1716681600&period2=1718755200&interval=1d&includePrePost=false,Verified,,https://finance.yahoo.com/quote/MRK/history/,https://www.stockanalysis.com/stocks/mrk/history/
ESALY,,2024-06-07,,,,,,,,,https://query1.finance.yahoo.com/v8/finance/chart/ESALY?period1=1716681600&period2=1718755200&interval=1d&includePrePost=false,Data unavailable - acquired/delisted or pre-Yahoo coverage,fetch status: FAILED HTTPError: HTTP Error 404: Not Found,https://finance.yahoo.com/quote/ESALY/history/,https://www.stockanalysis.com/stocks/esaly/history/
GERN,Geron Corporation,2024-06-06,Approval,3.99,2024-06-05,4.0,2024-06-06,0.25,3.89,,https://query1.finance.yahoo.com/v8/finance/chart/GERN,Verified,Rytelo approval,https://finance.yahoo.com/quote/GERN/history/,https://www.stockanalysis.com/stocks/gern/history/
BAX,,2024-05-31,,33.43,2024-05-30,34.09,2024-05-31,1.97,34.08,,https://query1.finance.yahoo.com/v8/finance/chart/BAX?period1=1716076800&period2=1718150400&interval=1d&includePrePost=false,Verified,,https://finance.yahoo.com/quote/BAX/history/,https://www.stockanalysis.com/stocks/bax/history/
CPRX,,2024-05-30,,,,,,,,,https://query1.finance.yahoo.com/v8/finance/chart/CPRX?period1=1715990400&period2=1718064000&interval=1d&includePrePost=false,Data unavailable - acquired/delisted or pre-Yahoo coverage,fetch status: FAILED HTTPError: HTTP Error 404: Not Found,https://finance.yahoo.com/quote/CPRX/history/,https://www.stockanalysis.com/stocks/cprx/history/
LLY,,2024-05-29,,807.86,2024-05-28,811.53,2024-05-29,0.45,815.06,,https://query1.finance.yahoo.com/v8/finance/chart/LLY?period1=1715904000&period2=1717977600&interval=1d&includePrePost=false,Verified,,https://finance.yahoo.com/quote/LLY/history/,https://www.stockanalysis.com/stocks/lly/history/
AMGN,,2024-05-28,,305.84,2024-05-24,300.19,2024-05-28,-1.85,296.37,,https://query1.finance.yahoo.com/v8/finance/chart/AMGN?period1=1715817600&period2=1717891200&interval=1d&includePrePost=false,Verified,,https://finance.yahoo.com/quote/AMGN/history/,https://www.stockanalysis.com/stocks/amgn/history/
GSK,,2024-05-16,,45.7,2024-05-15,44.88,2024-05-16,-1.79,44.98,,https://query1.finance.yahoo.com/v8/finance/chart/GSK?period1=1714780800&period2=1716854400&interval=1d&includePrePost=false,Verified,,https://finance.yahoo.com/quote/GSK/history/,https://www.stockanalysis.com/stocks/gsk/history/
AMGN,Amgen,2024-05-16,Approval (Accelerated),311.41,2024-05-15,319.04,2024-05-16,2.45,314.72,,https://query1.finance.yahoo.com/v8/finance/chart/AMGN,Verified,Imdelltra approval,https://finance.yahoo.com/quote/AMGN/history/,https://www.stockanalysis.com/stocks/amgn/history/
NBIX,,2024-04-30,,138.89,2024-04-29,137.54,2024-04-30,-0.97,143.03,,https://query1.finance.yahoo.com/v8/finance/chart/NBIX?period1=1713398400&period2=1715472000&interval=1d&includePrePost=false,Verified,,https://finance.yahoo.com/quote/NBIX/history/,https://www.stockanalysis.com/stocks/nbix/history/
AUPH,,2024-04-29,,4.91,2024-04-26,5.01,2024-04-29,2.04,5.09,,https://query1.finance.yahoo.com/v8/finance/chart/AUPH?period1=1713312000&period2=1715385600&interval=1d&includePrePost=false,Verified,,https://finance.yahoo.com/quote/AUPH/history/,https://www.stockanalysis.com/stocks/auph/history/
ALPMY,,2024-04-29,,9.55,2024-04-26,9.63,2024-04-29,0.84,9.55,,https://query1.finance.yahoo.com/v8/finance/chart/ALPMY?period1=1713312000&period2=1715385600&interval=1d&includePrePost=false,Verified,,https://finance.yahoo.com/quote/ALPMY/history/,https://www.stockanalysis.com/stocks/alpmy/history/
XFOR,X4 Pharmaceuticals,2024-04-26,Approval,36.9,2024-04-25,38.7,2024-04-26,4.88,33.9,,https://query1.finance.yahoo.com/v8/finance/chart/XFOR,Verified - price scale caveat,X4 executed a 1-for-20 reverse stock split in Nov 2024; these 2024-04 prices from Yahoo appear to be split-adjusted retroactively (actual contemporaneous trading price was likely ~$1.75-2.00/share pre-split). Flagged for manual reconciliation.,https://finance.yahoo.com/quote/XFOR/history/,https://www.stockanalysis.com/stocks/xfor/history/
ABBV,,2024-04-26,,167.29,2024-04-25,159.62,2024-04-26,-4.58,161.52,,https://query1.finance.yahoo.com/v8/finance/chart/ABBV?period1=1713052800&period2=1715126400&interval=1d&includePrePost=false,Verified,,https://finance.yahoo.com/quote/ABBV/history/,https://www.stockanalysis.com/stocks/abbv/history/
AMGN,,2024-04-25,,273.01,2024-04-24,269.38,2024-04-25,-1.33,269.98,,https://query1.finance.yahoo.com/v8/finance/chart/AMGN?period1=1712966400&period2=1715040000&interval=1d&includePrePost=false,Verified,,https://finance.yahoo.com/quote/AMGN/history/,https://www.stockanalysis.com/stocks/amgn/history/
NVS,,2024-04-24,,97.28,2024-04-23,98.35,2024-04-24,1.1,99.06,,https://query1.finance.yahoo.com/v8/finance/chart/NVS?period1=1712880000&period2=1714953600&interval=1d&includePrePost=false,Verified,,https://finance.yahoo.com/quote/NVS/history/,https://www.stockanalysis.com/stocks/nvs/history/
GILD,,2024-04-24,,67.03,2024-04-23,67.08,2024-04-24,0.07,65.27,,https://query1.finance.yahoo.com/v8/finance/chart/GILD?period1=1712880000&period2=1714953600&interval=1d&includePrePost=false,Verified,,https://finance.yahoo.com/quote/GILD/history/,https://www.stockanalysis.com/stocks/gild/history/
BAX,,2024-04-24,,41.02,2024-04-23,40.93,2024-04-24,-0.22,40.23,,https://query1.finance.yahoo.com/v8/finance/chart/BAX?period1=1712880000&period2=1714953600&interval=1d&includePrePost=false,Verified,,https://finance.yahoo.com/quote/BAX/history/,https://www.stockanalysis.com/stocks/bax/history/
DAWN,Day One Biopharmaceuticals,2024-04-23,Approval (Accelerated),,,,,,,,https://query1.finance.yahoo.com/v8/finance/chart/DAWN,Data unavailable - acquired/delisted,"DAWN was acquired by Servier and delisted April 23, 2026; Yahoo Finance chart API no longer serves historical data for delisted tickers under old symbol. Flagged for manual archive lookup (e.g. SEC EDGAR historical filings) if 2024 price needed.",https://finance.yahoo.com/quote/DAWN/history/,https://www.stockanalysis.com/stocks/dawn/history/
IBRX,ImmunityBio,2024-04-22,Approval,5.24,2024-04-19,5.27,2024-04-22,0.57,4.94,,https://query1.finance.yahoo.com/v8/finance/chart/IBRX,Verified,Anktiva approval,https://finance.yahoo.com/quote/IBRX/history/,https://www.stockanalysis.com/stocks/ibrx/history/
RDY,Dr. Reddy’s Laboratories SA,2024-04-19,CRL,14.182,2024-04-18,14.228,2024-04-19,0.32,14.43,,https://query1.finance.yahoo.com/v8/finance/chart/RDY?period1=1712448000&period2=1714607999&interval=1d&includePrePost=false,Verified,,https://finance.yahoo.com/quote/RDY/history/,https://www.stockanalysis.com/stocks/rdy/history/
BLCO,,2024-04-19,,14.32,2024-04-18,14.64,2024-04-19,2.23,14.64,,https://query1.finance.yahoo.com/v8/finance/chart/BLCO?period1=1712448000&period2=1714521600&interval=1d&includePrePost=false,Verified,,https://finance.yahoo.com/quote/BLCO/history/,https://www.stockanalysis.com/stocks/blco/history/
TAK,,2024-04-18,,13.15,2024-04-17,13.16,2024-04-18,0.08,13.24,,https://query1.finance.yahoo.com/v8/finance/chart/TAK?period1=1712361600&period2=1714435200&interval=1d&includePrePost=false,Verified,,https://finance.yahoo.com/quote/TAK/history/,https://www.stockanalysis.com/stocks/tak/history/
ABEO,"Abeona Therapeutics, Inc.",2024-04-16,CRL,7.64,2024-04-15,7.76,2024-04-16,1.57,7.93,,https://query1.finance.yahoo.com/v8/finance/chart/ABEO?period1=1712188800&period2=1714348799&interval=1d&includePrePost=false,Verified,,https://finance.yahoo.com/quote/ABEO/history/,https://www.stockanalysis.com/stocks/abeo/history/
NVS,,2024-04-12,,94.34,2024-04-11,93.52,2024-04-12,-0.87,94.41,,https://query1.finance.yahoo.com/v8/finance/chart/NVS?period1=1711843200&period2=1713916800&interval=1d&includePrePost=false,Verified,,https://finance.yahoo.com/quote/NVS/history/,https://www.stockanalysis.com/stocks/nvs/history/
LLY,,2024-04-10,,757.24,2024-04-09,761.98,2024-04-10,0.63,759.59,,https://query1.finance.yahoo.com/v8/finance/chart/LLY?period1=1711670400&period2=1713744000&interval=1d&includePrePost=false,Verified,,https://finance.yahoo.com/quote/LLY/history/,https://www.stockanalysis.com/stocks/lly/history/
REGN,,2024-04-05,,937.02,2024-04-04,942.7,2024-04-05,0.61,938.48,,https://query1.finance.yahoo.com/v8/finance/chart/REGN?period1=1711238400&period2=1713312000&interval=1d&includePrePost=false,Verified,,https://finance.yahoo.com/quote/REGN/history/,https://www.stockanalysis.com/stocks/regn/history/
DSNKY,,2024-04-05,,31.03,2024-04-04,31.15,2024-04-05,0.39,30.9,,https://query1.finance.yahoo.com/v8/finance/chart/DSNKY?period1=1711238400&period2=1713312000&interval=1d&includePrePost=false,Verified,,https://finance.yahoo.com/quote/DSNKY/history/,https://www.stockanalysis.com/stocks/dsnky/history/
AZN,,2024-04-05,,134.68,2024-04-04,134.9,2024-04-05,0.16,135.4,,https://query1.finance.yahoo.com/v8/finance/chart/AZN?period1=1711238400&period2=1713312000&interval=1d&includePrePost=false,Verified,,https://finance.yahoo.com/quote/AZN/history/,https://www.stockanalysis.com/stocks/azn/history/
INVA,Innoviva,2024-04-03,Approval,15.21,2024-04-02,14.8,2024-04-03,-2.7,14.81,,https://query1.finance.yahoo.com/v8/finance/chart/INVA,Verified,Zevtera approval (3 indications),https://finance.yahoo.com/quote/INVA/history/,https://www.stockanalysis.com/stocks/inva/history/
ESALY,,2024-04-03,,,,,,,,,https://query1.finance.yahoo.com/v8/finance/chart/ESALY?period1=1711065600&period2=1713139200&interval=1d&includePrePost=false,Data unavailable - acquired/delisted or pre-Yahoo coverage,fetch status: FAILED HTTPError: HTTP Error 404: Not Found,https://finance.yahoo.com/quote/ESALY/history/,https://www.stockanalysis.com/stocks/esaly/history/
VNDA,,2024-04-02,,4.12,2024-04-01,3.91,2024-04-02,-5.1,5.05,,https://query1.finance.yahoo.com/v8/finance/chart/VNDA?period1=1710979200&period2=1713052800&interval=1d&includePrePost=false,Verified,,https://finance.yahoo.com/quote/VNDA/history/,https://www.stockanalysis.com/stocks/vnda/history/
BAX,Baxter International Inc.,2024-03-29,CRL,42.74,2024-03-28,43.55,2024-04-01,1.9,42.91,,https://query1.finance.yahoo.com/v8/finance/chart/BAX?period1=1710633600&period2=1712793599&interval=1d&includePrePost=false,Verified - approx window,decision date 2024-03-29 was not a trading day in the capture; using next trading day 2024-04-01,https://finance.yahoo.com/quote/BAX/history/,https://www.stockanalysis.com/stocks/bax/history/
GILD,,2024-03-27,,72.41,2024-03-26,73.01,2024-03-27,0.83,73.25,,https://query1.finance.yahoo.com/v8/finance/chart/GILD?period1=1710460800&period2=1712534400&interval=1d&includePrePost=false,Verified,,https://finance.yahoo.com/quote/GILD/history/,https://www.stockanalysis.com/stocks/gild/history/
BAX,Baxter International Inc.,2024-03-27,CRL,41.54,2024-03-26,42.69,2024-03-27,2.77,42.74,,https://query1.finance.yahoo.com/v8/finance/chart/BAX?period1=1710460800&period2=1712620799&interval=1d&includePrePost=false,Verified,,https://finance.yahoo.com/quote/BAX/history/,https://www.stockanalysis.com/stocks/bax/history/
AKBA,Akebia Therapeutics,2024-03-27,Approval,2.17,2024-03-26,2.21,2024-03-27,1.84,2.0,,https://query1.finance.yahoo.com/v8/finance/chart/AKBA,Verified,Vafseo approval,https://finance.yahoo.com/quote/AKBA/history/,https://www.stockanalysis.com/stocks/akba/history/
MRK,Merck & Co.,2024-03-26,Approval,123.85,2024-03-25,125.31,2024-03-26,1.18,125.52,,https://query1.finance.yahoo.com/v8/finance/chart/MRK,Verified,Winrevair approval; muted move given MRK's size,https://finance.yahoo.com/quote/MRK/history/,https://www.stockanalysis.com/stocks/mrk/history/
REGN,Regeneron Pharmaceuticals,2024-03-22,CRL,968.01,2024-03-21,967.24,2024-03-22,-0.08,961.09,,https://query1.finance.yahoo.com/v8/finance/chart/REGN?period1=1710028800&period2=1712188799&interval=1d&includePrePost=false,Verified,,https://finance.yahoo.com/quote/REGN/history/,https://www.stockanalysis.com/stocks/regn/history/
JNJ,,2024-03-22,,155.75,2024-03-21,155.23,2024-03-22,-0.33,155.22,,https://query1.finance.yahoo.com/v8/finance/chart/JNJ?period1=1710028800&period2=1712102400&interval=1d&includePrePost=false,Verified,,https://finance.yahoo.com/quote/JNJ/history/,https://www.stockanalysis.com/stocks/jnj/history/
AZN,,2024-03-22,,132.38,2024-03-21,132.52,2024-03-22,0.11,131.72,,https://query1.finance.yahoo.com/v8/finance/chart/AZN?period1=1710028800&period2=1712102400&interval=1d&includePrePost=false,Verified,,https://finance.yahoo.com/quote/AZN/history/,https://www.stockanalysis.com/stocks/azn/history/
TAK,,2024-03-19,,14.56,2024-03-18,14.41,2024-03-19,-1.03,14.55,,https://query1.finance.yahoo.com/v8/finance/chart/TAK?period1=1709769600&period2=1711843200&interval=1d&includePrePost=false,Verified,,https://finance.yahoo.com/quote/TAK/history/,https://www.stockanalysis.com/stocks/tak/history/
JNJ,,2024-03-15,,159.21,2024-03-14,158.18,2024-03-15,-0.65,156.76,,https://query1.finance.yahoo.com/v8/finance/chart/JNJ?period1=1709424000&period2=1711497600&interval=1d&includePrePost=false,Verified,,https://finance.yahoo.com/quote/JNJ/history/,https://www.stockanalysis.com/stocks/jnj/history/
MDGL,Madrigal Pharmaceuticals,2024-03-14,Approval (Accelerated),262.67,2024-03-13,272.98,2024-03-14,3.93,243.57,,https://query1.finance.yahoo.com/v8/finance/chart/MDGL,Verified,First MASH approval; some retracement next day likely profit-taking,https://finance.yahoo.com/quote/MDGL/history/,https://www.stockanalysis.com/stocks/mdgl/history/
ONC,BeOne Medicines (formerly BeiGene),2024-03-13,Approval,163.75,2024-03-12,176.47,2024-03-13,7.77,168.9,,https://query1.finance.yahoo.com/v8/finance/chart/ONC?period1=1709251200&period2=1711411199&interval=1d&includePrePost=false,Verified,master decision D004,https://finance.yahoo.com/quote/ONC/history/,https://www.stockanalysis.com/stocks/onc/history/
MIRM,,2024-03-13,,27.48,2024-03-12,27.77,2024-03-13,1.06,28.17,,https://query1.finance.yahoo.com/v8/finance/chart/MIRM?period1=1709251200&period2=1711324800&interval=1d&includePrePost=false,Verified,,https://finance.yahoo.com/quote/MIRM/history/,https://www.stockanalysis.com/stocks/mirm/history/
REGN,,2024-03-08,,973.31,2024-03-07,968.83,2024-03-08,-0.46,964.44,,https://query1.finance.yahoo.com/v8/finance/chart/REGN?period1=1708819200&period2=1710892800&interval=1d&includePrePost=false,Verified,,https://finance.yahoo.com/quote/REGN/history/,https://www.stockanalysis.com/stocks/regn/history/
NVO,,2024-03-08,,135.92,2024-03-07,133.07,2024-03-08,-2.1,131.24,,https://query1.finance.yahoo.com/v8/finance/chart/NVO?period1=1708819200&period2=1710892800&interval=1d&includePrePost=false,Verified,,https://finance.yahoo.com/quote/NVO/history/,https://www.stockanalysis.com/stocks/nvo/history/
SNY,,2024-03-07,,47.68,2024-03-06,48.06,2024-03-07,0.8,48.25,,https://query1.finance.yahoo.com/v8/finance/chart/SNY?period1=1708732800&period2=1710806400&interval=1d&includePrePost=false,Verified,,https://finance.yahoo.com/quote/SNY/history/,https://www.stockanalysis.com/stocks/sny/history/
PFE,,2024-03-07,,27.19,2024-03-06,26.79,2024-03-07,-1.47,27.22,,https://query1.finance.yahoo.com/v8/finance/chart/PFE?period1=1708732800&period2=1710806400&interval=1d&includePrePost=false,Verified,,https://finance.yahoo.com/quote/PFE/history/,https://www.stockanalysis.com/stocks/pfe/history/
ONC,,2024-03-07,,159.52,2024-03-06,162.25,2024-03-07,1.71,158.52,,https://query1.finance.yahoo.com/v8/finance/chart/ONC?period1=1708732800&period2=1710806400&interval=1d&includePrePost=false,Verified,,https://finance.yahoo.com/quote/ONC/history/,https://www.stockanalysis.com/stocks/onc/history/
PFE,,2024-03-06,,26.08,2024-03-05,27.19,2024-03-06,4.26,26.79,,https://query1.finance.yahoo.com/v8/finance/chart/PFE?period1=1708646400&period2=1710720000&interval=1d&includePrePost=false,Verified,,https://finance.yahoo.com/quote/PFE/history/,https://www.stockanalysis.com/stocks/pfe/history/
BMY,,2024-03-06,,51.82,2024-03-05,53.38,2024-03-06,3.01,53.28,,https://query1.finance.yahoo.com/v8/finance/chart/BMY?period1=1708646400&period2=1710720000&interval=1d&includePrePost=false,Verified,,https://finance.yahoo.com/quote/BMY/history/,https://www.stockanalysis.com/stocks/bmy/history/
FSNUY,,2024-03-05,,6.71,2024-03-04,6.9,2024-03-05,2.83,6.82,,https://query1.finance.yahoo.com/v8/finance/chart/FSNUY?period1=1708560000&period2=1710633600&interval=1d&includePrePost=false,Verified,,https://finance.yahoo.com/quote/FSNUY/history/,https://www.stockanalysis.com/stocks/fsnuy/history/
AMGN,,2024-03-05,,279.39,2024-03-04,276.65,2024-03-05,-0.98,276.59,,https://query1.finance.yahoo.com/v8/finance/chart/AMGN?period1=1708560000&period2=1710633600&interval=1d&includePrePost=false,Verified,,https://finance.yahoo.com/quote/AMGN/history/,https://www.stockanalysis.com/stocks/amgn/history/
HROW,,2024-03-04,,10.95,2024-03-01,11.21,2024-03-04,2.37,11.09,,https://query1.finance.yahoo.com/v8/finance/chart/HROW?period1=1708473600&period2=1710547200&interval=1d&includePrePost=false,Verified,,https://finance.yahoo.com/quote/HROW/history/,https://www.stockanalysis.com/stocks/hrow/history/
LNTH,,2024-03-01,,65.38,2024-02-29,64.64,2024-03-01,-1.13,65.36,,https://query1.finance.yahoo.com/v8/finance/chart/LNTH?period1=1708214400&period2=1710288000&interval=1d&includePrePost=false,Verified,,https://finance.yahoo.com/quote/LNTH/history/,https://www.stockanalysis.com/stocks/lnth/history/
JNJ,,2024-03-01,,161.38,2024-02-29,162.12,2024-03-01,0.46,159.84,,https://query1.finance.yahoo.com/v8/finance/chart/JNJ?period1=1708214400&period2=1710288000&interval=1d&includePrePost=false,Verified,,https://finance.yahoo.com/quote/JNJ/history/,https://www.stockanalysis.com/stocks/jnj/history/
GILD,,2024-02-28,,73.02,2024-02-27,72.7,2024-02-28,-0.44,72.1,,https://query1.finance.yahoo.com/v8/finance/chart/GILD?period1=1708041600&period2=1710115200&interval=1d&includePrePost=false,Verified,,https://finance.yahoo.com/quote/GILD/history/,https://www.stockanalysis.com/stocks/gild/history/
NERV,"Minerva Neurosciences, Inc",2024-02-26,CRL,6.87,2024-02-23,6.8,2024-02-26,-1.02,2.8,,https://query1.finance.yahoo.com/v8/finance/chart/NERV?period1=1707868800&period2=1710028799&interval=1d&includePrePost=false,Verified,,https://finance.yahoo.com/quote/NERV/history/,https://www.stockanalysis.com/stocks/nerv/history/
GILD,,2024-02-23,,72.78,2024-02-22,73.55,2024-02-23,1.06,72.95,,https://query1.finance.yahoo.com/v8/finance/chart/GILD?period1=1707609600&period2=1709683200&interval=1d&includePrePost=false,Verified,,https://finance.yahoo.com/quote/GILD/history/,https://www.stockanalysis.com/stocks/gild/history/
JNJ,,2024-02-20,,156.55,2024-02-16,157.86,2024-02-20,0.84,158.68,,https://query1.finance.yahoo.com/v8/finance/chart/JNJ?period1=1707350400&period2=1709424000&interval=1d&includePrePost=false,Verified,,https://finance.yahoo.com/quote/JNJ/history/,https://www.stockanalysis.com/stocks/jnj/history/
AZN,,2024-02-16,,125.68,2024-02-15,128.54,2024-02-16,2.28,130.08,,https://query1.finance.yahoo.com/v8/finance/chart/AZN?period1=1707004800&period2=1709078400&interval=1d&includePrePost=false,Verified,,https://finance.yahoo.com/quote/AZN/history/,https://www.stockanalysis.com/stocks/azn/history/
DSNKY,,2024-02-15,,32.06,2024-02-14,32.24,2024-02-15,0.56,32.58,,https://query1.finance.yahoo.com/v8/finance/chart/DSNKY?period1=1706918400&period2=1708992000&interval=1d&includePrePost=false,Verified,,https://finance.yahoo.com/quote/DSNKY/history/,https://www.stockanalysis.com/stocks/dsnky/history/
BAX,,2024-02-14,,39.62,2024-02-13,39.64,2024-02-14,0.05,40.94,,https://query1.finance.yahoo.com/v8/finance/chart/BAX?period1=1706832000&period2=1708905600&interval=1d&includePrePost=false,Verified,,https://finance.yahoo.com/quote/BAX/history/,https://www.stockanalysis.com/stocks/bax/history/
TAK,,2024-02-09,,14,2024-02-08,14.24,2024-02-09,1.71,14.31,,https://query1.finance.yahoo.com/v8/finance/chart/TAK?period1=1706400000&period2=1708473600&interval=1d&includePrePost=false,Verified,,https://finance.yahoo.com/quote/TAK/history/,https://www.stockanalysis.com/stocks/tak/history/
BAX,,2024-02-01,,38.69,2024-01-31,39.19,2024-02-01,1.29,38.98,,https://query1.finance.yahoo.com/v8/finance/chart/BAX?period1=1705708800&period2=1707782400&interval=1d&includePrePost=false,Verified,,https://finance.yahoo.com/quote/BAX/history/,https://www.stockanalysis.com/stocks/bax/history/
AZN,,2024-01-31,,134.4,2024-01-30,133.28,2024-01-31,-0.83,133.7,,https://query1.finance.yahoo.com/v8/finance/chart/AZN?period1=1705622400&period2=1707696000&interval=1d&includePrePost=false,Verified,,https://finance.yahoo.com/quote/AZN/history/,https://www.stockanalysis.com/stocks/azn/history/
BMY,,2024-01-26,,49.61,2024-01-25,49.7,2024-01-26,0.18,49.87,,https://query1.finance.yahoo.com/v8/finance/chart/BMY?period1=1705190400&period2=1707264000&interval=1d&includePrePost=false,Verified,,https://finance.yahoo.com/quote/BMY/history/,https://www.stockanalysis.com/stocks/bmy/history/
ABBV,,2024-01-26,,165.13,2024-01-25,164.4,2024-01-26,-0.44,163.91,,https://query1.finance.yahoo.com/v8/finance/chart/ABBV?period1=1705190400&period2=1707264000&interval=1d&includePrePost=false,Verified,,https://finance.yahoo.com/quote/ABBV/history/,https://www.stockanalysis.com/stocks/abbv/history/
REGN,,2024-01-25,,948.24,2024-01-24,948.87,2024-01-25,0.07,940.05,,https://query1.finance.yahoo.com/v8/finance/chart/REGN?period1=1705104000&period2=1707177600&interval=1d&includePrePost=false,Verified,,https://finance.yahoo.com/quote/REGN/history/,https://www.stockanalysis.com/stocks/regn/history/
MRK,,2024-01-25,,118.88,2024-01-24,120.13,2024-01-25,1.05,120.82,,https://query1.finance.yahoo.com/v8/finance/chart/MRK?period1=1705104000&period2=1707177600&interval=1d&includePrePost=false,Verified,,https://finance.yahoo.com/quote/MRK/history/,https://www.stockanalysis.com/stocks/mrk/history/
AZN,,2024-01-24,,133.5,2024-01-23,133.2,2024-01-24,-0.22,134.04,,https://query1.finance.yahoo.com/v8/finance/chart/AZN?period1=1705017600&period2=1707091200&interval=1d&includePrePost=false,Verified,,https://finance.yahoo.com/quote/AZN/history/,https://www.stockanalysis.com/stocks/azn/history/
JNJ,,2024-01-19,,161.21,2024-01-18,161.68,2024-01-19,0.29,162.47,,https://query1.finance.yahoo.com/v8/finance/chart/JNJ?period1=1704585600&period2=1706659200&interval=1d&includePrePost=false,Verified,,https://finance.yahoo.com/quote/JNJ/history/,https://www.stockanalysis.com/stocks/jnj/history/
NVS,,2024-01-18,,108.26,2024-01-17,108.03,2024-01-18,-0.21,108.23,,https://query1.finance.yahoo.com/v8/finance/chart/NVS?period1=1704499200&period2=1706572800&interval=1d&includePrePost=false,Verified,,https://finance.yahoo.com/quote/NVS/history/,https://www.stockanalysis.com/stocks/nvs/history/
REGN,,2024-01-12,,915.97,2024-01-11,933.2,2024-01-12,1.88,937.32,,https://query1.finance.yahoo.com/v8/finance/chart/REGN?period1=1703980800&period2=1706054400&interval=1d&includePrePost=false,Verified,,https://finance.yahoo.com/quote/REGN/history/,https://www.stockanalysis.com/stocks/regn/history/
MRK,,2024-01-12,,118.43,2024-01-11,118.63,2024-01-12,0.17,118.49,,https://query1.finance.yahoo.com/v8/finance/chart/MRK?period1=1703980800&period2=1706054400&interval=1d&includePrePost=false,Verified,,https://finance.yahoo.com/quote/MRK/history/,https://www.stockanalysis.com/stocks/mrk/history/
LGND,Ligand Pharmaceuticals,2024-01-05,Approval,70.36,2024-01-04,70.83,2024-01-05,0.67,74.35,,https://query1.finance.yahoo.com/v8/finance/chart/LGND,Verified,,https://finance.yahoo.com/quote/LGND/history/,https://www.stockanalysis.com/stocks/lgnd/history/
FSNUY,,2024-01-05,,7.9,2024-01-04,7.88,2024-01-05,-0.25,7.81,,https://query1.finance.yahoo.com/v8/finance/chart/FSNUY?period1=1703376000&period2=1705449600&interval=1d&includePrePost=false,Verified,,https://finance.yahoo.com/quote/FSNUY/history/,https://www.stockanalysis.com/stocks/fsnuy/history/
CHRS,,2023-12-22,,2.02,2023-12-21,2.02,2023-12-22,0.0,2.18,,https://query1.finance.yahoo.com/v8/finance/chart/CHRS?period1=1702166400&period2=1704240000&interval=1d&includePrePost=false,Verified,,https://finance.yahoo.com/quote/CHRS/history/,https://www.stockanalysis.com/stocks/chrs/history/
ONC,,2023-12-21,,175.25,2023-12-20,177.09,2023-12-21,1.05,176.11,,https://query1.finance.yahoo.com/v8/finance/chart/ONC?period1=1702080000&period2=1704153600&interval=1d&includePrePost=false,Verified,,https://finance.yahoo.com/quote/ONC/history/,https://www.stockanalysis.com/stocks/onc/history/
IONS,AstraZeneca (current holder per openFDA) / Ionis Pharmaceuticals (applicant at approval),2023-12-21,Approval,48.33,2023-12-20,49.11,2023-12-21,1.61,51.19,,https://query1.finance.yahoo.com/v8/finance/chart/IONS?period1=1702080000&period2=1704239999&interval=1d&includePrePost=false,Verified,master decision D200,https://finance.yahoo.com/quote/IONS/history/,https://www.stockanalysis.com/stocks/ions/history/
JNJ,,2023-12-19,,155.44,2023-12-18,156.46,2023-12-19,0.66,153.27,,https://query1.finance.yahoo.com/v8/finance/chart/JNJ?period1=1701907200&period2=1703980800&interval=1d&includePrePost=false,Verified,,https://finance.yahoo.com/quote/JNJ/history/,https://www.stockanalysis.com/stocks/jnj/history/
MRK,,2023-12-15,,105.88,2023-12-14,105.11,2023-12-15,-0.73,106.04,,https://query1.finance.yahoo.com/v8/finance/chart/MRK?period1=1701561600&period2=1703635200&interval=1d&includePrePost=false,Verified,,https://finance.yahoo.com/quote/MRK/history/,https://www.stockanalysis.com/stocks/mrk/history/
CKPT,"Checkpoint Therapeutics, Inc. (acquired by Sun Pharma, 2025)",2023-12-15,CRL,,,,,,,,https://query1.finance.yahoo.com/v8/finance/chart/CKPT?period1=1701561600&period2=1703721599&interval=1d&includePrePost=false,Data unavailable - acquired/delisted or pre-Yahoo coverage,fetch status: FAILED HTTPError: HTTP Error 404: Not Found (recorded in the job manifest; never retried with a successor ticker),https://finance.yahoo.com/quote/CKPT/history/,https://www.stockanalysis.com/stocks/ckpt/history/
ALPMY,,2023-12-15,,11.61,2023-12-14,11.36,2023-12-15,-2.15,11.42,,https://query1.finance.yahoo.com/v8/finance/chart/ALPMY?period1=1701561600&period2=1703635200&interval=1d&includePrePost=false,Verified,,https://finance.yahoo.com/quote/ALPMY/history/,https://www.stockanalysis.com/stocks/alpmy/history/
PFE,,2023-12-14,,26.66,2023-12-13,26.13,2023-12-14,-1.99,26.63,,https://query1.finance.yahoo.com/v8/finance/chart/PFE?period1=1701475200&period2=1703548800&interval=1d&includePrePost=false,Verified,,https://finance.yahoo.com/quote/PFE/history/,https://www.stockanalysis.com/stocks/pfe/history/
MRK,,2023-12-14,,107.11,2023-12-13,105.88,2023-12-14,-1.15,105.11,,https://query1.finance.yahoo.com/v8/finance/chart/MRK?period1=1701475200&period2=1703548800&interval=1d&includePrePost=false,Verified,,https://finance.yahoo.com/quote/MRK/history/,https://www.stockanalysis.com/stocks/mrk/history/
ALPMY,,2023-12-08,,12.26,2023-12-07,11.96,2023-12-08,-2.45,11.88,,https://query1.finance.yahoo.com/v8/finance/chart/ALPMY?period1=1700956800&period2=1703030400&interval=1d&includePrePost=false,Verified,,https://finance.yahoo.com/quote/ALPMY/history/,https://www.stockanalysis.com/stocks/alpmy/history/
NVS,Novartis AG,2023-12-05,Approval,98.99,2023-12-04,96.97,2023-12-05,-2.04,97.05,,https://query1.finance.yahoo.com/v8/finance/chart/NVS?period1=1700697600&period2=1702857599&interval=1d&includePrePost=false,Verified,lineage proxy per master precedent (see master row notes: decision-date symbol differs from the modern ticker); master decision D198,https://finance.yahoo.com/quote/NVS/history/,https://www.stockanalysis.com/stocks/nvs/history/
AZN,,2023-12-01,,129.18,2023-11-30,129.58,2023-12-01,0.31,130.04,,https://query1.finance.yahoo.com/v8/finance/chart/AZN?period1=1700352000&period2=1702425600&interval=1d&includePrePost=false,Verified,,https://finance.yahoo.com/quote/AZN/history/,https://www.stockanalysis.com/stocks/azn/history/
TEVA,,2023-11-29,,9.8,2023-11-28,9.69,2023-11-29,-1.12,9.82,,https://query1.finance.yahoo.com/v8/finance/chart/TEVA?period1=1700179200&period2=1702252800&interval=1d&includePrePost=false,Verified,,https://finance.yahoo.com/quote/TEVA/history/,https://www.stockanalysis.com/stocks/teva/history/
SWTX,,2023-11-27,,,,,,,,,https://query1.finance.yahoo.com/v8/finance/chart/SWTX?period1=1700006400&period2=1702080000&interval=1d&includePrePost=false,Data unavailable - acquired/delisted or pre-Yahoo coverage,fetch status: FAILED HTTPError: HTTP Error 404: Not Found,https://finance.yahoo.com/quote/SWTX/history/,https://www.stockanalysis.com/stocks/swtx/history/
TEVA,,2023-11-21,,9.45,2023-11-20,9.27,2023-11-21,-1.9,9.46,,https://query1.finance.yahoo.com/v8/finance/chart/TEVA?period1=1699488000&period2=1701561600&interval=1d&includePrePost=false,Verified,,https://finance.yahoo.com/quote/TEVA/history/,https://www.stockanalysis.com/stocks/teva/history/
MRK,,2023-11-16,,101.35,2023-11-15,101.99,2023-11-16,0.63,101.75,,https://query1.finance.yahoo.com/v8/finance/chart/MRK?period1=1699056000&period2=1701129600&interval=1d&includePrePost=false,Verified,,https://finance.yahoo.com/quote/MRK/history/,https://www.stockanalysis.com/stocks/mrk/history/
AZN,AstraZeneca,2023-11-16,Approval,126.26,2023-11-15,127.6,2023-11-16,1.06,128.26,,https://query1.finance.yahoo.com/v8/finance/chart/AZN?period1=1699056000&period2=1701215999&interval=1d&includePrePost=false,Verified,lineage proxy per master precedent (see master row notes: decision-date symbol differs from the modern ticker); master decision D196,https://finance.yahoo.com/quote/AZN/history/,https://www.stockanalysis.com/stocks/azn/history/
ALPMY,,2023-11-16,,11.65,2023-11-15,11.57,2023-11-16,-0.69,11.94,,https://query1.finance.yahoo.com/v8/finance/chart/ALPMY?period1=1699056000&period2=1701129600&interval=1d&includePrePost=false,Verified,,https://finance.yahoo.com/quote/ALPMY/history/,https://www.stockanalysis.com/stocks/alpmy/history/
CRMD,CorMedix,2023-11-15,Approval,3.13,2023-11-14,3.33,2023-11-15,6.39,3.8,,https://query1.finance.yahoo.com/v8/finance/chart/CRMD?period1=1698969600&period2=1701129599&interval=1d&includePrePost=false,Verified,master decision D194,https://finance.yahoo.com/quote/CRMD/history/,https://www.stockanalysis.com/stocks/crmd/history/
BMY,Bristol Myers Squibb,2023-11-15,Approval,50.52,2023-11-14,51.57,2023-11-15,2.08,50.84,,https://query1.finance.yahoo.com/v8/finance/chart/BMY?period1=1698969600&period2=1701129599&interval=1d&includePrePost=false,Verified,master decision D193,https://finance.yahoo.com/quote/BMY/history/,https://www.stockanalysis.com/stocks/bmy/history/
TAK,Takeda Pharmaceutical Company,2023-11-08,Approval,13.78,2023-11-07,13.77,2023-11-08,-0.07,13.59,,https://query1.finance.yahoo.com/v8/finance/chart/TAK?period1=1698364800&period2=1700524799&interval=1d&includePrePost=false,Verified,master decision D192,https://finance.yahoo.com/quote/TAK/history/,https://www.stockanalysis.com/stocks/tak/history/
LLY,,2023-11-08,,599.93,2023-11-07,619.13,2023-11-08,3.2,591.32,,https://query1.finance.yahoo.com/v8/finance/chart/LLY?period1=1698364800&period2=1700438400&interval=1d&includePrePost=false,Verified,,https://finance.yahoo.com/quote/LLY/history/,https://www.stockanalysis.com/stocks/lly/history/
MRK,,2023-11-07,,104.34,2023-11-06,104,2023-11-07,-0.33,104.4,,https://query1.finance.yahoo.com/v8/finance/chart/MRK?period1=1698278400&period2=1700352000&interval=1d&includePrePost=false,Verified,,https://finance.yahoo.com/quote/MRK/history/,https://www.stockanalysis.com/stocks/mrk/history/
AZN,,2023-11-06,,127.92,2023-11-03,128.1,2023-11-06,0.14,127.22,,https://query1.finance.yahoo.com/v8/finance/chart/AZN?period1=1698192000&period2=1700265600&interval=1d&includePrePost=false,Verified,,https://finance.yahoo.com/quote/AZN/history/,https://www.stockanalysis.com/stocks/azn/history/
SNY,,2023-11-01,,45.25,2023-10-31,46.33,2023-11-01,2.39,46.51,,https://query1.finance.yahoo.com/v8/finance/chart/SNY?period1=1697760000&period2=1699833600&interval=1d&includePrePost=false,Verified,,https://finance.yahoo.com/quote/SNY/history/,https://www.stockanalysis.com/stocks/sny/history/
PHAT,,2023-11-01,,9.3,2023-10-31,9.61,2023-11-01,3.33,7.98,,https://query1.finance.yahoo.com/v8/finance/chart/PHAT?period1=1697760000&period2=1699833600&interval=1d&includePrePost=false,Verified,,https://finance.yahoo.com/quote/PHAT/history/,https://www.stockanalysis.com/stocks/phat/history/
NVS,,2023-10-31,,93.76,2023-10-30,93.58,2023-10-31,-0.19,94.26,,https://query1.finance.yahoo.com/v8/finance/chart/NVS?period1=1697673600&period2=1699747200&interval=1d&includePrePost=false,Verified,,https://finance.yahoo.com/quote/NVS/history/,https://www.stockanalysis.com/stocks/nvs/history/
MRK,,2023-10-31,,102.68,2023-10-30,102.7,2023-10-31,0.02,102.85,,https://query1.finance.yahoo.com/v8/finance/chart/MRK?period1=1697673600&period2=1699747200&interval=1d&includePrePost=false,Verified,,https://finance.yahoo.com/quote/MRK/history/,https://www.stockanalysis.com/stocks/mrk/history/
AMGN,,2023-10-31,,263.19,2023-10-30,255.7,2023-10-31,-2.85,260.84,,https://query1.finance.yahoo.com/v8/finance/chart/AMGN?period1=1697673600&period2=1699747200&interval=1d&includePrePost=false,Verified,,https://finance.yahoo.com/quote/AMGN/history/,https://www.stockanalysis.com/stocks/amgn/history/
BMY,,2023-10-30,,51.02,2023-10-27,51.25,2023-10-30,0.45,51.53,,https://query1.finance.yahoo.com/v8/finance/chart/BMY?period1=1697587200&period2=1699660800&interval=1d&includePrePost=false,Verified,,https://finance.yahoo.com/quote/BMY/history/,https://www.stockanalysis.com/stocks/bmy/history/
CHRS,Coherus BioSciences (now Coherus Oncology) with partner Junshi Biosciences,2023-10-27,Approval,2.74,2023-10-26,2.64,2023-10-27,-3.65,3.01,,https://query1.finance.yahoo.com/v8/finance/chart/CHRS?period1=1697328000&period2=1699487999&interval=1d&includePrePost=false,Verified,master decision D191,https://finance.yahoo.com/quote/CHRS/history/,https://www.stockanalysis.com/stocks/chrs/history/
LLY,Eli Lilly and Company,2023-10-26,Approval,586.46,2023-10-25,568.1,2023-10-26,-3.13,560.23,,https://query1.finance.yahoo.com/v8/finance/chart/LLY?period1=1697241600&period2=1699401599&interval=1d&includePrePost=false,Verified,master decision D190,https://finance.yahoo.com/quote/LLY/history/,https://www.stockanalysis.com/stocks/lly/history/
CPRX,Catalyst Pharmaceuticals,2023-10-26,Approval,,,,,,,,https://query1.finance.yahoo.com/v8/finance/chart/CPRX?period1=1697241600&period2=1699401599&interval=1d&includePrePost=false,Data unavailable - acquired/delisted or pre-Yahoo coverage,fetch status: FAILED HTTPError: HTTP Error 404: Not Found (recorded in the job manifest; never retried with a successor ticker); master decision D189,https://finance.yahoo.com/quote/CPRX/history/,https://www.stockanalysis.com/stocks/cprx/history/
SNY,,2023-10-23,,52.05,2023-10-20,52.07,2023-10-23,0.04,52.33,,https://query1.finance.yahoo.com/v8/finance/chart/SNY?period1=1696982400&period2=1699056000&interval=1d&includePrePost=false,Verified,,https://finance.yahoo.com/quote/SNY/history/,https://www.stockanalysis.com/stocks/sny/history/
MRK,,2023-10-23,,102.67,2023-10-20,103.35,2023-10-23,0.66,103.03,,https://query1.finance.yahoo.com/v8/finance/chart/MRK?period1=1696982400&period2=1699056000&interval=1d&includePrePost=false,Verified,,https://finance.yahoo.com/quote/MRK/history/,https://www.stockanalysis.com/stocks/mrk/history/
ESALY,,2023-10-23,,,,,,,,,https://query1.finance.yahoo.com/v8/finance/chart/ESALY?period1=1696982400&period2=1699056000&interval=1d&includePrePost=false,Data unavailable - acquired/delisted or pre-Yahoo coverage,fetch status: FAILED HTTPError: HTTP Error 404: Not Found,https://finance.yahoo.com/quote/ESALY/history/,https://www.stockanalysis.com/stocks/esaly/history/
JAZZ,,2023-10-20,,132.03,2023-10-19,133.55,2023-10-20,1.15,128.59,,https://query1.finance.yahoo.com/v8/finance/chart/JAZZ?period1=1696723200&period2=1698796800&interval=1d&includePrePost=false,Verified,,https://finance.yahoo.com/quote/JAZZ/history/,https://www.stockanalysis.com/stocks/jazz/history/
BMRN,,2023-10-20,,82.59,2023-10-19,82.11,2023-10-20,-0.58,82.84,,https://query1.finance.yahoo.com/v8/finance/chart/BMRN?period1=1696723200&period2=1698796800&interval=1d&includePrePost=false,Verified,,https://finance.yahoo.com/quote/BMRN/history/,https://www.stockanalysis.com/stocks/bmrn/history/
BHC,,2023-10-20,,7.34,2023-10-19,7.32,2023-10-20,-0.27,7.04,,https://query1.finance.yahoo.com/v8/finance/chart/BHC?period1=1696723200&period2=1698796800&interval=1d&includePrePost=false,Verified,,https://finance.yahoo.com/quote/BHC/history/,https://www.stockanalysis.com/stocks/bhc/history/
DSNKY,,2023-10-18,,26.3,2023-10-17,25.15,2023-10-18,-4.37,23.74,,https://query1.finance.yahoo.com/v8/finance/chart/DSNKY?period1=1696550400&period2=1698624000&interval=1d&includePrePost=false,Verified,,https://finance.yahoo.com/quote/DSNKY/history/,https://www.stockanalysis.com/stocks/dsnky/history/
ARDX,,2023-10-17,,3.47,2023-10-16,3.45,2023-10-17,-0.58,3.91,,https://query1.finance.yahoo.com/v8/finance/chart/ARDX?period1=1696464000&period2=1698537600&interval=1d&includePrePost=false,Verified,,https://finance.yahoo.com/quote/ARDX/history/,https://www.stockanalysis.com/stocks/ardx/history/
MRK,,2023-10-16,,104.01,2023-10-13,104.14,2023-10-16,0.12,104.17,,https://query1.finance.yahoo.com/v8/finance/chart/MRK?period1=1696377600&period2=1698451200&interval=1d&includePrePost=false,Verified,,https://finance.yahoo.com/quote/MRK/history/,https://www.stockanalysis.com/stocks/mrk/history/
BMY,,2023-10-13,,56.26,2023-10-12,56.47,2023-10-13,0.37,57.17,,https://query1.finance.yahoo.com/v8/finance/chart/BMY?period1=1696118400&period2=1698192000&interval=1d&includePrePost=false,Verified,,https://finance.yahoo.com/quote/BMY/history/,https://www.stockanalysis.com/stocks/bmy/history/
PFE,Pfizer,2023-10-12,Approval,33.11,2023-10-11,32.92,2023-10-12,-0.57,32.11,,https://query1.finance.yahoo.com/v8/finance/chart/PFE?period1=1696032000&period2=1698191999&interval=1d&includePrePost=false,Verified,master decision D186,https://finance.yahoo.com/quote/PFE/history/,https://www.stockanalysis.com/stocks/pfe/history/
MRK,,2023-10-12,,103.46,2023-10-11,103.59,2023-10-12,0.13,104.01,,https://query1.finance.yahoo.com/v8/finance/chart/MRK?period1=1696032000&period2=1698105600&interval=1d&includePrePost=false,Verified,,https://finance.yahoo.com/quote/MRK/history/,https://www.stockanalysis.com/stocks/mrk/history/
ARRY,,2023-10-11,,20.62,2023-10-10,21.13,2023-10-11,2.47,20.28,,https://query1.finance.yahoo.com/v8/finance/chart/ARRY?period1=1695945600&period2=1698019200&interval=1d&includePrePost=false,Verified,,https://finance.yahoo.com/quote/ARRY/history/,https://www.stockanalysis.com/stocks/arry/history/
ALVO,Alvotech USA Inc.,2023-10-11,CRL,9.37,2023-10-10,9.1,2023-10-11,-2.88,9.02,,https://query1.finance.yahoo.com/v8/finance/chart/ALVO?period1=1695945600&period2=1698105599&interval=1d&includePrePost=false,Verified,,https://finance.yahoo.com/quote/ALVO/history/,https://www.stockanalysis.com/stocks/alvo/history/
NVS,,2023-10-06,,96.15,2023-10-05,97.14,2023-10-06,1.03,97.59,,https://query1.finance.yahoo.com/v8/finance/chart/NVS?period1=1695513600&period2=1697587200&interval=1d&includePrePost=false,Verified,,https://finance.yahoo.com/quote/NVS/history/,https://www.stockanalysis.com/stocks/nvs/history/
PFE,,2023-10-04,,33.9,2023-10-03,33.31,2023-10-04,-1.74,33.47,,https://query1.finance.yahoo.com/v8/finance/chart/PFE?period1=1695340800&period2=1697414400&interval=1d&includePrePost=false,Verified,,https://finance.yahoo.com/quote/PFE/history/,https://www.stockanalysis.com/stocks/pfe/history/
NVO,Novo Nordisk,2023-09-29,Approval,91.52,2023-09-28,90.94,2023-09-29,-0.63,91.8,,https://query1.finance.yahoo.com/v8/finance/chart/NVO?period1=1694908800&period2=1697068799&interval=1d&includePrePost=false,Verified,lineage proxy per master precedent (see master row notes: decision-date symbol differs from the modern ticker); master decision D185,https://finance.yahoo.com/quote/NVO/history/,https://www.stockanalysis.com/stocks/nvo/history/
BIIB,,2023-09-29,,257.83,2023-09-28,257.01,2023-09-29,-0.32,252.86,,https://query1.finance.yahoo.com/v8/finance/chart/BIIB?period1=1694908800&period2=1696982400&interval=1d&includePrePost=false,Verified,,https://finance.yahoo.com/quote/BIIB/history/,https://www.stockanalysis.com/stocks/biib/history/
BAX,,2023-09-29,,37.54,2023-09-28,37.74,2023-09-29,0.53,37.35,,https://query1.finance.yahoo.com/v8/finance/chart/BAX?period1=1694908800&period2=1696982400&interval=1d&includePrePost=false,Verified,,https://finance.yahoo.com/quote/BAX/history/,https://www.stockanalysis.com/stocks/bax/history/
LLY,Eli Lilly and Company,2023-09-28,CRL,549.76,2023-09-27,544.45,2023-09-28,-0.97,537.13,,https://query1.finance.yahoo.com/v8/finance/chart/LLY?period1=1694822400&period2=1696982399&interval=1d&includePrePost=false,Verified,,https://finance.yahoo.com/quote/LLY/history/,https://www.stockanalysis.com/stocks/lly/history/
FOLD,,2023-09-28,,,,,,,,,https://query1.finance.yahoo.com/v8/finance/chart/FOLD?period1=1694822400&period2=1696896000&interval=1d&includePrePost=false,Data unavailable - acquired/delisted or pre-Yahoo coverage,fetch status: FAILED HTTPError: HTTP Error 404: Not Found,https://finance.yahoo.com/quote/FOLD/history/,https://www.stockanalysis.com/stocks/fold/history/
TAK,,2023-09-27,,15.96,2023-09-26,15.95,2023-09-27,-0.06,15.59,,https://query1.finance.yahoo.com/v8/finance/chart/TAK?period1=1694736000&period2=1696809600&interval=1d&includePrePost=false,Verified,,https://finance.yahoo.com/quote/TAK/history/,https://www.stockanalysis.com/stocks/tak/history/
PFE,,2023-09-26,,32.98,2023-09-25,32.4,2023-09-26,-1.76,32.1,,https://query1.finance.yahoo.com/v8/finance/chart/PFE?period1=1694649600&period2=1696723200&interval=1d&includePrePost=false,Verified,,https://finance.yahoo.com/quote/PFE/history/,https://www.stockanalysis.com/stocks/pfe/history/
SPRY,"ARS Pharmaceuticals, Inc.",2023-09-19,CRL,7.44,2023-09-18,6.605,2023-09-19,-11.22,2.92,,https://query1.finance.yahoo.com/v8/finance/chart/SPRY?period1=1694044800&period2=1696204799&interval=1d&includePrePost=false,Verified,,https://finance.yahoo.com/quote/SPRY/history/,https://www.stockanalysis.com/stocks/spry/history/
SNY,,2023-09-15,,54.55,2023-09-14,54.54,2023-09-15,-0.02,54.08,,https://query1.finance.yahoo.com/v8/finance/chart/SNY?period1=1693699200&period2=1695772800&interval=1d&includePrePost=false,Verified,,https://finance.yahoo.com/quote/SNY/history/,https://www.stockanalysis.com/stocks/sny/history/
GSK,GSK plc,2023-09-15,Approval,37.39,2023-09-14,37.43,2023-09-15,0.11,37.35,,https://query1.finance.yahoo.com/v8/finance/chart/GSK?period1=1693699200&period2=1695859199&interval=1d&includePrePost=false,Verified,lineage proxy per master precedent (see master row notes: decision-date symbol differs from the modern ticker); master decision D182,https://finance.yahoo.com/quote/GSK/history/,https://www.stockanalysis.com/stocks/gsk/history/
ACAD,,2023-09-15,,25.85,2023-09-14,24.72,2023-09-15,-4.37,24.42,,https://query1.finance.yahoo.com/v8/finance/chart/ACAD?period1=1693699200&period2=1695772800&interval=1d&includePrePost=false,Verified,,https://finance.yahoo.com/quote/ACAD/history/,https://www.stockanalysis.com/stocks/acad/history/
MRK,,2023-09-14,,107.81,2023-09-13,108.24,2023-09-14,0.4,107.52,,https://query1.finance.yahoo.com/v8/finance/chart/MRK?period1=1693612800&period2=1695686400&interval=1d&includePrePost=false,Verified,,https://finance.yahoo.com/quote/MRK/history/,https://www.stockanalysis.com/stocks/mrk/history/
BLRX,Ayrmid Pharma (current holder per openFDA) / BioLineRx (applicant at approval),2023-09-08,Approval,86.8,2023-09-07,83.6,2023-09-08,-3.69,81.2,,https://query1.finance.yahoo.com/v8/finance/chart/BLRX?period1=1693094400&period2=1695254399&interval=1d&includePrePost=false,Verified,master decision D181,https://finance.yahoo.com/quote/BLRX/history/,https://www.stockanalysis.com/stocks/blrx/history/
PFE,,2023-09-07,,34.37,2023-09-06,34.28,2023-09-07,-0.26,34.25,,https://query1.finance.yahoo.com/v8/finance/chart/PFE?period1=1693008000&period2=1695081600&interval=1d&includePrePost=false,Verified,,https://finance.yahoo.com/quote/PFE/history/,https://www.stockanalysis.com/stocks/pfe/history/
PFE,,2023-09-06,,35.38,2023-09-05,34.37,2023-09-06,-2.85,34.28,,https://query1.finance.yahoo.com/v8/finance/chart/PFE?period1=1692921600&period2=1694995200&interval=1d&includePrePost=false,Verified,,https://finance.yahoo.com/quote/PFE/history/,https://www.stockanalysis.com/stocks/pfe/history/
NVS,,2023-08-31,,101.91,2023-08-30,100.48,2023-08-31,-1.4,100.72,,https://query1.finance.yahoo.com/v8/finance/chart/NVS?period1=1692403200&period2=1694476800&interval=1d&includePrePost=false,Verified,,https://finance.yahoo.com/quote/NVS/history/,https://www.stockanalysis.com/stocks/nvs/history/
BMY,,2023-08-28,,62.08,2023-08-25,61.64,2023-08-28,-0.71,62.85,,https://query1.finance.yahoo.com/v8/finance/chart/BMY?period1=1692144000&period2=1694217600&interval=1d&includePrePost=false,Verified,,https://finance.yahoo.com/quote/BMY/history/,https://www.stockanalysis.com/stocks/bmy/history/
NVS,,2023-08-25,,100.84,2023-08-24,101.78,2023-08-25,0.93,102.34,,https://query1.finance.yahoo.com/v8/finance/chart/NVS?period1=1691884800&period2=1693958400&interval=1d&includePrePost=false,Verified,,https://finance.yahoo.com/quote/NVS/history/,https://www.stockanalysis.com/stocks/nvs/history/
TAK,,2023-08-23,,15.04,2023-08-22,15.23,2023-08-23,1.26,15.14,,https://query1.finance.yahoo.com/v8/finance/chart/TAK?period1=1691712000&period2=1693785600&interval=1d&includePrePost=false,Verified,,https://finance.yahoo.com/quote/TAK/history/,https://www.stockanalysis.com/stocks/tak/history/
REGN,Regeneron Pharmaceuticals,2023-08-18,Approval,796.73,2023-08-17,812.4,2023-08-18,1.97,844.37,,https://query1.finance.yahoo.com/v8/finance/chart/REGN?period1=1691280000&period2=1693439999&interval=1d&includePrePost=false,Verified,master decision D180,https://finance.yahoo.com/quote/REGN/history/,https://www.stockanalysis.com/stocks/regn/history/
NBIX,,2023-08-18,,104.3,2023-08-17,106.96,2023-08-18,2.55,108.32,,https://query1.finance.yahoo.com/v8/finance/chart/NBIX?period1=1691280000&period2=1693353600&interval=1d&includePrePost=false,Verified,,https://finance.yahoo.com/quote/NBIX/history/,https://www.stockanalysis.com/stocks/nbix/history/
PFE,Pfizer,2023-08-14,Approval (Accelerated),36.04,2023-08-11,36.07,2023-08-14,0.08,35.39,,https://query1.finance.yahoo.com/v8/finance/chart/PFE?period1=1690934400&period2=1693094399&interval=1d&includePrePost=false,Verified,master decision D178,https://finance.yahoo.com/quote/PFE/history/,https://www.stockanalysis.com/stocks/pfe/history/
MRK,,2023-08-14,,107.44,2023-08-11,108.91,2023-08-14,1.37,108.66,,https://query1.finance.yahoo.com/v8/finance/chart/MRK?period1=1690934400&period2=1693008000&interval=1d&includePrePost=false,Verified,,https://finance.yahoo.com/quote/MRK/history/,https://www.stockanalysis.com/stocks/mrk/history/
AMGN,,2023-08-14,,262.51,2023-08-11,260.97,2023-08-14,-0.59,266.01,,https://query1.finance.yahoo.com/v8/finance/chart/AMGN?period1=1690934400&period2=1693008000&interval=1d&includePrePost=false,Verified,,https://finance.yahoo.com/quote/AMGN/history/,https://www.stockanalysis.com/stocks/amgn/history/
JNJ,,2023-08-11,,172.17,2023-08-10,173.85,2023-08-11,0.98,173.44,,https://query1.finance.yahoo.com/v8/finance/chart/JNJ?period1=1690675200&period2=1692748800&interval=1d&includePrePost=false,Verified,,https://finance.yahoo.com/quote/JNJ/history/,https://www.stockanalysis.com/stocks/jnj/history/
ABBV,,2023-08-11,,151.44,2023-08-10,152.18,2023-08-11,0.49,152.27,,https://query1.finance.yahoo.com/v8/finance/chart/ABBV?period1=1690675200&period2=1692748800&interval=1d&includePrePost=false,Verified,,https://finance.yahoo.com/quote/ABBV/history/,https://www.stockanalysis.com/stocks/abbv/history/
RIGL,,2023-08-09,,11.7,2023-08-08,11,2023-08-09,-5.98,11.7,,https://query1.finance.yahoo.com/v8/finance/chart/RIGL?period1=1690502400&period2=1692576000&interval=1d&includePrePost=false,Verified,,https://finance.yahoo.com/quote/RIGL/history/,https://www.stockanalysis.com/stocks/rigl/history/
JNJ,Janssen Biotech (Johnson & Johnson),2023-08-09,Approval (Accelerated),173.18,2023-08-08,173.07,2023-08-09,-0.06,172.17,,https://query1.finance.yahoo.com/v8/finance/chart/JNJ?period1=1690502400&period2=1692662399&interval=1d&includePrePost=false,Verified,master decision D177,https://finance.yahoo.com/quote/JNJ/history/,https://www.stockanalysis.com/stocks/jnj/history/
ISEE,,2023-08-04,,,,,,,,,https://query1.finance.yahoo.com/v8/finance/chart/ISEE?period1=1690070400&period2=1692144000&interval=1d&includePrePost=false,Data unavailable - acquired/delisted or pre-Yahoo coverage,fetch status: FAILED HTTPError: HTTP Error 404: Not Found,https://finance.yahoo.com/quote/ISEE/history/,https://www.stockanalysis.com/stocks/isee/history/
BIIB,Biogen in partnership with Sage Therapeutics,2023-08-04,Approval,267.75,2023-08-03,268.92,2023-08-04,0.44,271.23,,https://query1.finance.yahoo.com/v8/finance/chart/BIIB?period1=1690070400&period2=1692230399&interval=1d&includePrePost=false,Verified,master decision D176,https://finance.yahoo.com/quote/BIIB/history/,https://www.stockanalysis.com/stocks/biib/history/
OTSKY,,2023-08-02,,18.43,2023-08-01,18.295,2023-08-02,-0.73,18.3,,https://query1.finance.yahoo.com/v8/finance/chart/OTSKY?period1=1689897600&period2=1691971200&interval=1d&includePrePost=false,Verified,,https://finance.yahoo.com/quote/OTSKY/history/,https://www.stockanalysis.com/stocks/otsky/history/
MRK,,2023-08-02,,105.28,2023-08-01,105.7,2023-08-02,0.4,105.73,,https://query1.finance.yahoo.com/v8/finance/chart/MRK?period1=1689897600&period2=1691971200&interval=1d&includePrePost=false,Verified,,https://finance.yahoo.com/quote/MRK/history/,https://www.stockanalysis.com/stocks/mrk/history/
MESO,"Mesoblast, Inc.",2023-08-01,CRL,8,2023-07-31,7.98,2023-08-01,-0.25,7.98,,https://query1.finance.yahoo.com/v8/finance/chart/MESO?period1=1689811200&period2=1691971199&interval=1d&includePrePost=false,Verified,,https://finance.yahoo.com/quote/MESO/history/,https://www.stockanalysis.com/stocks/meso/history/
GSK,,2023-07-31,,35.44,2023-07-28,35.57,2023-07-31,0.37,34.93,,https://query1.finance.yahoo.com/v8/finance/chart/GSK?period1=1689724800&period2=1691798400&interval=1d&includePrePost=false,Verified,,https://finance.yahoo.com/quote/GSK/history/,https://www.stockanalysis.com/stocks/gsk/history/
CTXR,"Citius Pharmaceuticals, Inc.",2023-07-28,CRL,27.25,2023-07-27,28,2023-07-28,2.75,24.75,,https://query1.finance.yahoo.com/v8/finance/chart/CTXR?period1=1689465600&period2=1691625599&interval=1d&includePrePost=false,Verified,,https://finance.yahoo.com/quote/CTXR/history/,https://www.stockanalysis.com/stocks/ctxr/history/
TAK,,2023-07-27,,15.45,2023-07-26,15.61,2023-07-27,1.04,15.31,,https://query1.finance.yahoo.com/v8/finance/chart/TAK?period1=1689379200&period2=1691452800&interval=1d&includePrePost=false,Verified,,https://finance.yahoo.com/quote/TAK/history/,https://www.stockanalysis.com/stocks/tak/history/
PFE,,2023-07-27,,37.21,2023-07-26,36.2,2023-07-27,-2.71,36.07,,https://query1.finance.yahoo.com/v8/finance/chart/PFE?period1=1689379200&period2=1691452800&interval=1d&includePrePost=false,Verified,,https://finance.yahoo.com/quote/PFE/history/,https://www.stockanalysis.com/stocks/pfe/history/
TARS,Tarsus Pharmaceuticals,2023-07-25,Approval,23.99,2023-07-24,18.035,2023-07-25,-24.82,19.87,,https://query1.finance.yahoo.com/v8/finance/chart/TARS?period1=1689206400&period2=1691366399&interval=1d&includePrePost=false,Verified,master decision D174,https://finance.yahoo.com/quote/TARS/history/,https://www.stockanalysis.com/stocks/tars/history/
NVO,,2023-07-21,,82.24,2023-07-20,82.83,2023-07-21,0.72,81.035,,https://query1.finance.yahoo.com/v8/finance/chart/NVO?period1=1688860800&period2=1690934400&interval=1d&includePrePost=false,Verified,,https://finance.yahoo.com/quote/NVO/history/,https://www.stockanalysis.com/stocks/nvo/history/
DSNKY,Daiichi Sankyo,2023-07-20,Approval,28.63,2023-07-19,28.32,2023-07-20,-1.08,28.66,,https://query1.finance.yahoo.com/v8/finance/chart/DSNKY?period1=1688774400&period2=1690934399&interval=1d&includePrePost=false,Verified,master decision D173,https://finance.yahoo.com/quote/DSNKY/history/,https://www.stockanalysis.com/stocks/dsnky/history/
AMGN,,2023-07-20,,232.05,2023-07-19,233.23,2023-07-20,0.51,234.82,,https://query1.finance.yahoo.com/v8/finance/chart/AMGN?period1=1688774400&period2=1690848000&interval=1d&includePrePost=false,Verified,,https://finance.yahoo.com/quote/AMGN/history/,https://www.stockanalysis.com/stocks/amgn/history/
AZN,AstraZeneca,2023-07-17,Approval,134.76,2023-07-14,134.1,2023-07-17,-0.49,133.54,,https://query1.finance.yahoo.com/v8/finance/chart/AZN?period1=1688515200&period2=1690675199&interval=1d&includePrePost=false,Verified,lineage proxy per master precedent (see master row notes: decision-date symbol differs from the modern ticker); master decision D172,https://finance.yahoo.com/quote/AZN/history/,https://www.stockanalysis.com/stocks/azn/history/
GILD,,2023-07-13,,76.38,2023-07-12,76.71,2023-07-13,0.43,77.19,,https://query1.finance.yahoo.com/v8/finance/chart/GILD?period1=1688169600&period2=1690243200&interval=1d&includePrePost=false,Verified,,https://finance.yahoo.com/quote/GILD/history/,https://www.stockanalysis.com/stocks/gild/history/
ESALY,,2023-07-06,,,,,,,,,https://query1.finance.yahoo.com/v8/finance/chart/ESALY?period1=1687564800&period2=1689638400&interval=1d&includePrePost=false,Data unavailable - acquired/delisted or pre-Yahoo coverage,fetch status: FAILED HTTPError: HTTP Error 404: Not Found,https://finance.yahoo.com/quote/ESALY/history/,https://www.stockanalysis.com/stocks/esaly/history/
ALVO,"Alvotech USA, Inc.",2023-06-28,CRL,7.45,2023-06-27,7.35,2023-06-28,-1.34,6.9,,https://query1.finance.yahoo.com/v8/finance/chart/ALVO?period1=1686873600&period2=1689033599&interval=1d&includePrePost=false,Verified,,https://finance.yahoo.com/quote/ALVO/history/,https://www.stockanalysis.com/stocks/alvo/history/
REGN,Regeneron Pharmaceuticals,2023-06-27,CRL,784.38,2023-06-26,716.09,2023-06-27,-8.71,700.03,,https://query1.finance.yahoo.com/v8/finance/chart/REGN?period1=1686787200&period2=1688947199&interval=1d&includePrePost=false,Verified,,https://finance.yahoo.com/quote/REGN/history/,https://www.stockanalysis.com/stocks/regn/history/
PFE,Pfizer (with OPKO Health partnership),2023-06-27,Approval,36.89,2023-06-26,36.42,2023-06-27,-1.27,36.29,,https://query1.finance.yahoo.com/v8/finance/chart/PFE?period1=1686787200&period2=1688947199&interval=1d&includePrePost=false,Verified,master decision D171,https://finance.yahoo.com/quote/PFE/history/,https://www.stockanalysis.com/stocks/pfe/history/
BAX,,2023-06-27,,44.71,2023-06-26,45.4,2023-06-27,1.54,45.08,,https://query1.finance.yahoo.com/v8/finance/chart/BAX?period1=1686787200&period2=1688860800&interval=1d&includePrePost=false,Verified,,https://finance.yahoo.com/quote/BAX/history/,https://www.stockanalysis.com/stocks/bax/history/
PFE,Pfizer,2023-06-23,Approval,38.73,2023-06-22,38.3,2023-06-23,-1.11,36.89,,https://query1.finance.yahoo.com/v8/finance/chart/PFE?period1=1686441600&period2=1688601599&interval=1d&includePrePost=false,Verified,master decision D169,https://finance.yahoo.com/quote/PFE/history/,https://www.stockanalysis.com/stocks/pfe/history/
ABBV,,2023-06-22,,136.86,2023-06-21,137.41,2023-06-22,0.4,135.92,,https://query1.finance.yahoo.com/v8/finance/chart/ABBV?period1=1686355200&period2=1688428800&interval=1d&includePrePost=false,Verified,,https://finance.yahoo.com/quote/ABBV/history/,https://www.stockanalysis.com/stocks/abbv/history/
PFE,,2023-06-20,,40.06,2023-06-16,39.34,2023-06-20,-1.8,38.9,,https://query1.finance.yahoo.com/v8/finance/chart/PFE?period1=1686182400&period2=1688256000&interval=1d&includePrePost=false,Verified,,https://finance.yahoo.com/quote/PFE/history/,https://www.stockanalysis.com/stocks/pfe/history/
HALO,,2023-06-20,,34.98,2023-06-16,34.57,2023-06-20,-1.17,36.12,,https://query1.finance.yahoo.com/v8/finance/chart/HALO?period1=1686182400&period2=1688256000&interval=1d&includePrePost=false,Verified,,https://finance.yahoo.com/quote/HALO/history/,https://www.stockanalysis.com/stocks/halo/history/
AMGN,,2023-06-20,,229.66,2023-06-16,228.59,2023-06-20,-0.47,227.04,,https://query1.finance.yahoo.com/v8/finance/chart/AMGN?period1=1686182400&period2=1688256000&interval=1d&includePrePost=false,Verified,,https://finance.yahoo.com/quote/AMGN/history/,https://www.stockanalysis.com/stocks/amgn/history/
RHHBY,Roche Holding AG (Genentech),2023-06-15,Approval (Accelerated),38.09,2023-06-14,38.63,2023-06-15,1.42,39,,https://query1.finance.yahoo.com/v8/finance/chart/RHHBY?period1=1685750400&period2=1687910399&interval=1d&includePrePost=false,Verified,lineage proxy per master precedent (see master row notes: decision-date symbol differs from the modern ticker); master decision D168,https://finance.yahoo.com/quote/RHHBY/history/,https://www.stockanalysis.com/stocks/rhhby/history/
BMY,,2023-06-15,,64.16,2023-06-14,64.67,2023-06-15,0.79,66.16,,https://query1.finance.yahoo.com/v8/finance/chart/BMY?period1=1685750400&period2=1687824000&interval=1d&includePrePost=false,Verified,,https://finance.yahoo.com/quote/BMY/history/,https://www.stockanalysis.com/stocks/bmy/history/
SGEN,,2023-06-14,,,,,,,,,https://query1.finance.yahoo.com/v8/finance/chart/SGEN?period1=1685664000&period2=1687737600&interval=1d&includePrePost=false,Data unavailable - acquired/delisted or pre-Yahoo coverage,fetch status: FAILED HTTPError: HTTP Error 404: Not Found,https://finance.yahoo.com/quote/SGEN/history/,https://www.stockanalysis.com/stocks/sgen/history/
PFE,,2023-06-14,,40.28,2023-06-13,39.36,2023-06-14,-2.28,39.75,,https://query1.finance.yahoo.com/v8/finance/chart/PFE?period1=1685664000&period2=1687737600&interval=1d&includePrePost=false,Verified,,https://finance.yahoo.com/quote/PFE/history/,https://www.stockanalysis.com/stocks/pfe/history/
ABBV,,2023-06-12,,138.18,2023-06-09,137.73,2023-06-12,-0.33,138.31,,https://query1.finance.yahoo.com/v8/finance/chart/ABBV?period1=1685491200&period2=1687564800&interval=1d&includePrePost=false,Verified,,https://finance.yahoo.com/quote/ABBV/history/,https://www.stockanalysis.com/stocks/abbv/history/
MRK,,2023-06-05,,112.52,2023-06-02,113.11,2023-06-05,0.52,110.01,,https://query1.finance.yahoo.com/v8/finance/chart/MRK?period1=1684886400&period2=1686960000&interval=1d&includePrePost=false,Verified,,https://finance.yahoo.com/quote/MRK/history/,https://www.stockanalysis.com/stocks/mrk/history/
BAYRY,,2023-06-02,,13.98,2023-06-01,14.09,2023-06-02,0.79,13.92,,https://query1.finance.yahoo.com/v8/finance/chart/BAYRY?period1=1684627200&period2=1686700800&interval=1d&includePrePost=false,Verified,,https://finance.yahoo.com/quote/BAYRY/history/,https://www.stockanalysis.com/stocks/bayry/history/
FSNUY,Fresenius SE & Co. KGaA,2023-05-31,CRL,7.03,2023-05-30,6.86,2023-05-31,-2.42,6.95,,https://query1.finance.yahoo.com/v8/finance/chart/FSNUY?period1=1684454400&period2=1686614399&interval=1d&includePrePost=false,Verified,,https://finance.yahoo.com/quote/FSNUY/history/,https://www.stockanalysis.com/stocks/fsnuy/history/
AZN,,2023-05-31,,142.86,2023-05-30,146.16,2023-05-31,2.31,145.68,,https://query1.finance.yahoo.com/v8/finance/chart/AZN?period1=1684454400&period2=1686528000&interval=1d&includePrePost=false,Verified,,https://finance.yahoo.com/quote/AZN/history/,https://www.stockanalysis.com/stocks/azn/history/
HROW,,2023-05-30,,20.11,2023-05-26,19.16,2023-05-30,-4.72,18.86,,https://query1.finance.yahoo.com/v8/finance/chart/HROW?period1=1684368000&period2=1686441600&interval=1d&includePrePost=false,Verified,,https://finance.yahoo.com/quote/HROW/history/,https://www.stockanalysis.com/stocks/hrow/history/
MRK,,2023-05-26,,112.3,2023-05-25,111.07,2023-05-26,-1.1,109.17,,https://query1.finance.yahoo.com/v8/finance/chart/MRK?period1=1684022400&period2=1686096000&interval=1d&includePrePost=false,Verified,,https://finance.yahoo.com/quote/MRK/history/,https://www.stockanalysis.com/stocks/mrk/history/
LXRX,Lexicon Pharmaceuticals,2023-05-26,Approval,2.9,2023-05-25,3.18,2023-05-26,9.66,2.9,,https://query1.finance.yahoo.com/v8/finance/chart/LXRX?period1=1684022400&period2=1686182399&interval=1d&includePrePost=false,Verified,master decision D167,https://finance.yahoo.com/quote/LXRX/history/,https://www.stockanalysis.com/stocks/lxrx/history/
PFE,Pfizer,2023-05-25,Approval,38.63,2023-05-24,37.83,2023-05-25,-2.07,37.6,,https://query1.finance.yahoo.com/v8/finance/chart/PFE?period1=1683936000&period2=1686095999&interval=1d&includePrePost=false,Verified,master decision D165,https://finance.yahoo.com/quote/PFE/history/,https://www.stockanalysis.com/stocks/pfe/history/
LNTH,Lantheus Holdings (Blue Earth Diagnostics subsidiary),2023-05-25,Approval,96.29,2023-05-24,97.85,2023-05-25,1.62,91.05,,https://query1.finance.yahoo.com/v8/finance/chart/LNTH?period1=1683936000&period2=1686095999&interval=1d&includePrePost=false,Verified,master decision D166,https://finance.yahoo.com/quote/LNTH/history/,https://www.stockanalysis.com/stocks/lnth/history/
BAYRY,,2023-05-25,,14.49,2023-05-24,14.31,2023-05-25,-1.24,14.59,,https://query1.finance.yahoo.com/v8/finance/chart/BAYRY?period1=1683936000&period2=1686009600&interval=1d&includePrePost=false,Verified,,https://finance.yahoo.com/quote/BAYRY/history/,https://www.stockanalysis.com/stocks/bayry/history/
INVA,"Innoviva (Entasis Therapeutics, an Innoviva company)",2023-05-23,Approval,13.64,2023-05-22,13.54,2023-05-23,-0.73,13.24,,https://query1.finance.yahoo.com/v8/finance/chart/INVA?period1=1683763200&period2=1685923199&interval=1d&includePrePost=false,Verified,master decision D164,https://finance.yahoo.com/quote/INVA/history/,https://www.stockanalysis.com/stocks/inva/history/
INDV,,2023-05-22,,19.34,2023-05-19,18.529,2023-05-22,-4.19,18.35,,https://query1.finance.yahoo.com/v8/finance/chart/INDV?period1=1683676800&period2=1685750400&interval=1d&includePrePost=false,Verified,,https://finance.yahoo.com/quote/INDV/history/,https://www.stockanalysis.com/stocks/indv/history/
BPMC,,2023-05-22,,,,,,,,,https://query1.finance.yahoo.com/v8/finance/chart/BPMC?period1=1683676800&period2=1685750400&interval=1d&includePrePost=false,Data unavailable - acquired/delisted or pre-Yahoo coverage,fetch status: FAILED HTTPError: HTTP Error 404: Not Found,https://finance.yahoo.com/quote/BPMC/history/,https://www.stockanalysis.com/stocks/bpmc/history/
GMAB,Genmab,2023-05-19,Approval (Accelerated),40.68,2023-05-18,41.64,2023-05-19,2.36,42.37,,https://query1.finance.yahoo.com/v8/finance/chart/GMAB?period1=1683417600&period2=1685577599&interval=1d&includePrePost=false,Verified,master decision D163,https://finance.yahoo.com/quote/GMAB/history/,https://www.stockanalysis.com/stocks/gmab/history/
BLCO,Bausch + Lomb,2023-05-18,Approval,19.51,2023-05-17,19.41,2023-05-18,-0.51,19.45,,https://query1.finance.yahoo.com/v8/finance/chart/BLCO?period1=1683331200&period2=1685491199&interval=1d&includePrePost=false,Verified,master decision D162,https://finance.yahoo.com/quote/BLCO/history/,https://www.stockanalysis.com/stocks/blco/history/
ABBV,,2023-05-18,,143.35,2023-05-17,143.44,2023-05-18,0.06,145.11,,https://query1.finance.yahoo.com/v8/finance/chart/ABBV?period1=1683331200&period2=1685404800&interval=1d&includePrePost=false,Verified,,https://finance.yahoo.com/quote/ABBV/history/,https://www.stockanalysis.com/stocks/abbv/history/
ABBV,,2023-05-12,,146.59,2023-05-11,147.15,2023-05-12,0.38,146.59,,https://query1.finance.yahoo.com/v8/finance/chart/ABBV?period1=1682812800&period2=1684886400&interval=1d&includePrePost=false,Verified,,https://finance.yahoo.com/quote/ABBV/history/,https://www.stockanalysis.com/stocks/abbv/history/
TEVA,,2023-05-11,,8.35,2023-05-10,8.21,2023-05-11,-1.68,8.03,,https://query1.finance.yahoo.com/v8/finance/chart/TEVA?period1=1682726400&period2=1684800000&interval=1d&includePrePost=false,Verified,,https://finance.yahoo.com/quote/TEVA/history/,https://www.stockanalysis.com/stocks/teva/history/
NVS,,2023-05-11,,103.63,2023-05-10,103.42,2023-05-11,-0.2,103.14,,https://query1.finance.yahoo.com/v8/finance/chart/NVS?period1=1682726400&period2=1684800000&interval=1d&includePrePost=false,Verified,,https://finance.yahoo.com/quote/NVS/history/,https://www.stockanalysis.com/stocks/nvs/history/
PLX,Chiesi Farmaceutici (applicant; private) with Protalix BioTherapeutics (developer),2023-05-09,Approval,3.04,2023-05-08,2.92,2023-05-09,-3.95,2.94,,https://query1.finance.yahoo.com/v8/finance/chart/PLX?period1=1682553600&period2=1684713599&interval=1d&includePrePost=false,Verified,master decision D160,https://finance.yahoo.com/quote/PLX/history/,https://www.stockanalysis.com/stocks/plx/history/
AZN,,2023-05-08,,150.54,2023-05-05,150.66,2023-05-08,0.08,150.16,,https://query1.finance.yahoo.com/v8/finance/chart/AZN?period1=1682467200&period2=1684540800&interval=1d&includePrePost=false,Verified,,https://finance.yahoo.com/quote/AZN/history/,https://www.stockanalysis.com/stocks/azn/history/
EYEN,,2023-05-05,,,,,,,,,https://query1.finance.yahoo.com/v8/finance/chart/EYEN?period1=1682208000&period2=1684281600&interval=1d&includePrePost=false,Data unavailable - acquired/delisted or pre-Yahoo coverage,fetch status: FAILED HTTPError: HTTP Error 404: Not Found,https://finance.yahoo.com/quote/EYEN/history/,https://www.stockanalysis.com/stocks/eyen/history/
VRTX,,2023-05-03,,346.03,2023-05-02,346.36,2023-05-03,0.1,346.59,,https://query1.finance.yahoo.com/v8/finance/chart/VRTX?period1=1682035200&period2=1684108800&interval=1d&includePrePost=false,Verified,,https://finance.yahoo.com/quote/VRTX/history/,https://www.stockanalysis.com/stocks/vrtx/history/
ALKS,,2023-05-01,,28.55,2023-04-28,28.64,2023-05-01,0.32,28.51,,https://query1.finance.yahoo.com/v8/finance/chart/ALKS?period1=1681862400&period2=1683936000&interval=1d&includePrePost=false,Verified,,https://finance.yahoo.com/quote/ALKS/history/,https://www.stockanalysis.com/stocks/alks/history/
TEVA,,2023-04-28,,8.52,2023-04-27,8.73,2023-04-28,2.46,8.84,,https://query1.finance.yahoo.com/v8/finance/chart/TEVA?period1=1681603200&period2=1683676800&interval=1d&includePrePost=false,Verified,,https://finance.yahoo.com/quote/TEVA/history/,https://www.stockanalysis.com/stocks/teva/history/
REGN,,2023-04-28,,792.29,2023-04-27,801.79,2023-04-28,1.2,806.72,,https://query1.finance.yahoo.com/v8/finance/chart/REGN?period1=1681603200&period2=1683676800&interval=1d&includePrePost=false,Verified,,https://finance.yahoo.com/quote/REGN/history/,https://www.stockanalysis.com/stocks/regn/history/
NVO,,2023-04-28,,83.01,2023-04-27,83.545,2023-04-28,0.64,83.71,,https://query1.finance.yahoo.com/v8/finance/chart/NVO?period1=1681603200&period2=1683676800&interval=1d&includePrePost=false,Verified,,https://finance.yahoo.com/quote/NVO/history/,https://www.stockanalysis.com/stocks/nvo/history/
AZN,,2023-04-28,,147.56,2023-04-27,146.44,2023-04-28,-0.76,147,,https://query1.finance.yahoo.com/v8/finance/chart/AZN?period1=1681603200&period2=1683676800&interval=1d&includePrePost=false,Verified,,https://finance.yahoo.com/quote/AZN/history/,https://www.stockanalysis.com/stocks/azn/history/
VRTX,,2023-04-26,,331.93,2023-04-25,323.3,2023-04-26,-2.6,339.37,,https://query1.finance.yahoo.com/v8/finance/chart/VRTX?period1=1681430400&period2=1683504000&interval=1d&includePrePost=false,Verified,,https://finance.yahoo.com/quote/VRTX/history/,https://www.stockanalysis.com/stocks/vrtx/history/
GSK,,2023-04-26,,36.91,2023-04-25,35.93,2023-04-26,-2.66,36.01,,https://query1.finance.yahoo.com/v8/finance/chart/GSK?period1=1681430400&period2=1683504000&interval=1d&includePrePost=false,Verified,,https://finance.yahoo.com/quote/GSK/history/,https://www.stockanalysis.com/stocks/gsk/history/
BIIB,Biogen,2023-04-25,Approval (Accelerated),293.03,2023-04-24,282.41,2023-04-25,-3.62,288.04,,https://query1.finance.yahoo.com/v8/finance/chart/BIIB?period1=1681344000&period2=1683503999&interval=1d&includePrePost=false,Verified,master decision D159,https://finance.yahoo.com/quote/BIIB/history/,https://www.stockanalysis.com/stocks/biib/history/
NVO,Novo Nordisk A/S,2023-04-24,CRL,86.325,2023-04-21,85.24,2023-04-24,-1.26,84.29,,https://query1.finance.yahoo.com/v8/finance/chart/NVO?period1=1681257600&period2=1683417599&interval=1d&includePrePost=false,Verified,lineage proxy per master precedent (see master row notes: decision-date symbol differs from the modern ticker),https://finance.yahoo.com/quote/NVO/history/,https://www.stockanalysis.com/stocks/nvo/history/
ESALY,,2023-04-20,,,,,,,,,https://query1.finance.yahoo.com/v8/finance/chart/ESALY?period1=1680912000&period2=1682985600&interval=1d&includePrePost=false,Data unavailable - acquired/delisted or pre-Yahoo coverage,fetch status: FAILED HTTPError: HTTP Error 404: Not Found,https://finance.yahoo.com/quote/ESALY/history/,https://www.stockanalysis.com/stocks/esaly/history/
ABBV,,2023-04-17,,161.59,2023-04-14,161.18,2023-04-17,-0.25,159.59,,https://query1.finance.yahoo.com/v8/finance/chart/ABBV?period1=1680652800&period2=1682726400&interval=1d&includePrePost=false,Verified,,https://finance.yahoo.com/quote/ABBV/history/,https://www.stockanalysis.com/stocks/abbv/history/
ABBV,,2023-04-14,,162.69,2023-04-13,161.59,2023-04-14,-0.68,161.18,,https://query1.finance.yahoo.com/v8/finance/chart/ABBV?period1=1680393600&period2=1682467200&interval=1d&includePrePost=false,Verified,,https://finance.yahoo.com/quote/ABBV/history/,https://www.stockanalysis.com/stocks/abbv/history/
MRK,,2023-04-03,,106.39,2023-03-31,108.87,2023-04-03,2.33,108.83,,https://query1.finance.yahoo.com/v8/finance/chart/MRK?period1=1679443200&period2=1681516800&interval=1d&includePrePost=false,Verified,,https://finance.yahoo.com/quote/MRK/history/,https://www.stockanalysis.com/stocks/mrk/history/
ALPMY,,2023-04-03,,14.2,2023-03-31,14.08,2023-04-03,-0.85,14.43,,https://query1.finance.yahoo.com/v8/finance/chart/ALPMY?period1=1679443200&period2=1681516800&interval=1d&includePrePost=false,Verified,,https://finance.yahoo.com/quote/ALPMY/history/,https://www.stockanalysis.com/stocks/alpmy/history/
LLY,Eli Lilly and Company,2023-03-30,CRL,335.87,2023-03-29,340.69,2023-03-30,1.44,343.42,,https://query1.finance.yahoo.com/v8/finance/chart/LLY?period1=1679097600&period2=1681257599&interval=1d&includePrePost=false,Verified,,https://finance.yahoo.com/quote/LLY/history/,https://www.stockanalysis.com/stocks/lly/history/
MRK,,2023-03-28,,106.93,2023-03-27,105.53,2023-03-28,-1.31,104.92,,https://query1.finance.yahoo.com/v8/finance/chart/MRK?period1=1678924800&period2=1680998400&interval=1d&includePrePost=false,Verified,,https://finance.yahoo.com/quote/MRK/history/,https://www.stockanalysis.com/stocks/mrk/history/
ABBV,,2023-03-28,,157.54,2023-03-27,158.25,2023-03-28,0.45,158,,https://query1.finance.yahoo.com/v8/finance/chart/ABBV?period1=1678924800&period2=1680998400&interval=1d&includePrePost=false,Verified,,https://finance.yahoo.com/quote/ABBV/history/,https://www.stockanalysis.com/stocks/abbv/history/
PHAR,Pharming Group,2023-03-24,Approval,11.27,2023-03-23,14.96,2023-03-24,32.74,12.26,,https://query1.finance.yahoo.com/v8/finance/chart/PHAR?period1=1678579200&period2=1680739199&interval=1d&includePrePost=false,Verified,master decision D158,https://finance.yahoo.com/quote/PHAR/history/,https://www.stockanalysis.com/stocks/phar/history/
ABBV,,2023-03-24,,155.3,2023-03-23,158.02,2023-03-24,1.75,157.54,,https://query1.finance.yahoo.com/v8/finance/chart/ABBV?period1=1678579200&period2=1680652800&interval=1d&includePrePost=false,Verified,,https://finance.yahoo.com/quote/ABBV/history/,https://www.stockanalysis.com/stocks/abbv/history/
INCY,Incyte Corporation,2023-03-22,Approval (Accelerated),73.49,2023-03-21,72.26,2023-03-22,-1.67,72.26,,https://query1.finance.yahoo.com/v8/finance/chart/INCY?period1=1678406400&period2=1680566399&interval=1d&includePrePost=false,Verified,master decision D157,https://finance.yahoo.com/quote/INCY/history/,https://www.stockanalysis.com/stocks/incy/history/
CDTX,,2023-03-22,,,,,,,,,https://query1.finance.yahoo.com/v8/finance/chart/CDTX?period1=1678406400&period2=1680480000&interval=1d&includePrePost=false,Data unavailable - acquired/delisted or pre-Yahoo coverage,fetch status: FAILED HTTPError: HTTP Error 404: Not Found,https://finance.yahoo.com/quote/CDTX/history/,https://www.stockanalysis.com/stocks/cdtx/history/
AMGN,,2023-03-22,,232.95,2023-03-21,229.83,2023-03-22,-1.34,233.1,,https://query1.finance.yahoo.com/v8/finance/chart/AMGN?period1=1678406400&period2=1680480000&interval=1d&includePrePost=false,Verified,,https://finance.yahoo.com/quote/AMGN/history/,https://www.stockanalysis.com/stocks/amgn/history/
REGN,,2023-03-21,,759.25,2023-03-20,759.76,2023-03-21,0.07,751.3,,https://query1.finance.yahoo.com/v8/finance/chart/REGN?period1=1678320000&period2=1680393600&interval=1d&includePrePost=false,Verified,,https://finance.yahoo.com/quote/REGN/history/,https://www.stockanalysis.com/stocks/regn/history/
ABBV,AbbVie Inc.,2023-03-17,CRL,155.3,2023-03-16,154.22,2023-03-17,-0.7,156.12,,https://query1.finance.yahoo.com/v8/finance/chart/ABBV?period1=1677974400&period2=1680134399&interval=1d&includePrePost=false,Verified,,https://finance.yahoo.com/quote/ABBV/history/,https://www.stockanalysis.com/stocks/abbv/history/
NVS,,2023-03-16,,82.1,2023-03-15,82.78,2023-03-16,0.83,82.19,,https://query1.finance.yahoo.com/v8/finance/chart/NVS?period1=1677888000&period2=1679961600&interval=1d&includePrePost=false,Verified,,https://finance.yahoo.com/quote/NVS/history/,https://www.stockanalysis.com/stocks/nvs/history/
MIRM,,2023-03-13,,22.3,2023-03-10,22.66,2023-03-13,1.61,24.1,,https://query1.finance.yahoo.com/v8/finance/chart/MIRM?period1=1677628800&period2=1679702400&interval=1d&includePrePost=false,Verified,,https://finance.yahoo.com/quote/MIRM/history/,https://www.stockanalysis.com/stocks/mirm/history/
ACAD,Acadia Pharmaceuticals,2023-03-10,Approval,20.51,2023-03-09,20.37,2023-03-10,-0.68,19.41,,https://query1.finance.yahoo.com/v8/finance/chart/ACAD?period1=1677369600&period2=1679529599&interval=1d&includePrePost=false,Verified,master decision D155,https://finance.yahoo.com/quote/ACAD/history/,https://www.stockanalysis.com/stocks/acad/history/
PFE,Pfizer,2023-03-09,Approval,40.12,2023-03-08,39.46,2023-03-09,-1.65,39.39,,https://query1.finance.yahoo.com/v8/finance/chart/PFE?period1=1677283200&period2=1679443199&interval=1d&includePrePost=false,Verified,master decision D154,https://finance.yahoo.com/quote/PFE/history/,https://www.stockanalysis.com/stocks/pfe/history/
AMPH,,2023-03-07,,35.13,2023-03-06,35.3,2023-03-07,0.48,35.43,,https://query1.finance.yahoo.com/v8/finance/chart/AMPH?period1=1677110400&period2=1679184000&interval=1d&includePrePost=false,Verified,,https://finance.yahoo.com/quote/AMPH/history/,https://www.stockanalysis.com/stocks/amph/history/
VTRS,,2023-03-03,,11.13,2023-03-02,11.13,2023-03-03,0.0,10.86,,https://query1.finance.yahoo.com/v8/finance/chart/VTRS?period1=1676764800&period2=1678838400&interval=1d&includePrePost=false,Verified,,https://finance.yahoo.com/quote/VTRS/history/,https://www.stockanalysis.com/stocks/vtrs/history/
LLY,,2023-03-03,,315.05,2023-03-02,318.43,2023-03-03,1.07,318.96,,https://query1.finance.yahoo.com/v8/finance/chart/LLY?period1=1676764800&period2=1678838400&interval=1d&includePrePost=false,Verified,,https://finance.yahoo.com/quote/LLY/history/,https://www.stockanalysis.com/stocks/lly/history/
CHRS,,2023-03-03,,6.8,2023-03-02,7.06,2023-03-03,3.82,6.77,,https://query1.finance.yahoo.com/v8/finance/chart/CHRS?period1=1676764800&period2=1678838400&interval=1d&includePrePost=false,Verified,,https://finance.yahoo.com/quote/CHRS/history/,https://www.stockanalysis.com/stocks/chrs/history/
GSK,,2023-03-01,,34.27,2023-02-28,34.26,2023-03-01,-0.03,34.58,,https://query1.finance.yahoo.com/v8/finance/chart/GSK?period1=1676592000&period2=1678665600&interval=1d&includePrePost=false,Verified,,https://finance.yahoo.com/quote/GSK/history/,https://www.stockanalysis.com/stocks/gsk/history/
SNY,,2023-02-28,,47.85,2023-02-27,46.85,2023-02-28,-2.09,47.02,,https://query1.finance.yahoo.com/v8/finance/chart/SNY?period1=1676505600&period2=1678579200&interval=1d&includePrePost=false,Verified,,https://finance.yahoo.com/quote/SNY/history/,https://www.stockanalysis.com/stocks/sny/history/
RETA,,2023-02-28,,,,,,,,,https://query1.finance.yahoo.com/v8/finance/chart/RETA?period1=1676505600&period2=1678579200&interval=1d&includePrePost=false,Data unavailable - acquired/delisted or pre-Yahoo coverage,fetch status: FAILED HTTPError: HTTP Error 404: Not Found,https://finance.yahoo.com/quote/RETA/history/,https://www.stockanalysis.com/stocks/reta/history/
BAX,,2023-02-27,,40.16,2023-02-24,39.82,2023-02-27,-0.85,39.95,,https://query1.finance.yahoo.com/v8/finance/chart/BAX?period1=1676419200&period2=1678492800&interval=1d&includePrePost=false,Verified,,https://finance.yahoo.com/quote/BAX/history/,https://www.stockanalysis.com/stocks/bax/history/
TVTX,Travere Therapeutics,2023-02-17,Approval (Accelerated),20.3,2023-02-16,17.82,2023-02-17,-12.22,21.3,,https://query1.finance.yahoo.com/v8/finance/chart/TVTX?period1=1675555200&period2=1677715199&interval=1d&includePrePost=false,Verified,master decision D152,https://finance.yahoo.com/quote/TVTX/history/,https://www.stockanalysis.com/stocks/tvtx/history/
TEVA,,2023-02-17,,10.1,2023-02-16,10.06,2023-02-17,-0.4,9.92,,https://query1.finance.yahoo.com/v8/finance/chart/TEVA?period1=1675555200&period2=1677628800&interval=1d&includePrePost=false,Verified,,https://finance.yahoo.com/quote/TEVA/history/,https://www.stockanalysis.com/stocks/teva/history/
APLS,,2023-02-17,,,,,,,,,https://query1.finance.yahoo.com/v8/finance/chart/APLS?period1=1675555200&period2=1677628800&interval=1d&includePrePost=false,Data unavailable - acquired/delisted or pre-Yahoo coverage,fetch status: FAILED HTTPError: HTTP Error 404: Not Found,https://finance.yahoo.com/quote/APLS/history/,https://www.stockanalysis.com/stocks/apls/history/
GSK,,2023-02-15,,36.06,2023-02-14,35.57,2023-02-15,-1.36,35.14,,https://query1.finance.yahoo.com/v8/finance/chart/GSK?period1=1675382400&period2=1677456000&interval=1d&includePrePost=false,Verified,,https://finance.yahoo.com/quote/GSK/history/,https://www.stockanalysis.com/stocks/gsk/history/
BMY,,2023-02-15,,72.25,2023-02-14,71.47,2023-02-15,-1.08,70.85,,https://query1.finance.yahoo.com/v8/finance/chart/BMY?period1=1675382400&period2=1677456000&interval=1d&includePrePost=false,Verified,,https://finance.yahoo.com/quote/BMY/history/,https://www.stockanalysis.com/stocks/bmy/history/
BIIB,,2023-02-10,,287,2023-02-09,286.3,2023-02-10,-0.24,290.46,,https://query1.finance.yahoo.com/v8/finance/chart/BIIB?period1=1674950400&period2=1677024000&interval=1d&includePrePost=false,Verified,,https://finance.yahoo.com/quote/BIIB/history/,https://www.stockanalysis.com/stocks/biib/history/
PFE,,2023-02-09,,43.98,2023-02-08,43.34,2023-02-09,-1.46,43.88,,https://query1.finance.yahoo.com/v8/finance/chart/PFE?period1=1674864000&period2=1676937600&interval=1d&includePrePost=false,Verified,,https://finance.yahoo.com/quote/PFE/history/,https://www.stockanalysis.com/stocks/pfe/history/
GSK,,2023-02-09,,36.32,2023-02-08,36.43,2023-02-09,0.3,35.84,,https://query1.finance.yahoo.com/v8/finance/chart/GSK?period1=1674864000&period2=1676937600&interval=1d&includePrePost=false,Verified,,https://finance.yahoo.com/quote/GSK/history/,https://www.stockanalysis.com/stocks/gsk/history/
REGN,,2023-02-08,,769.94,2023-02-07,749.66,2023-02-08,-2.63,744.77,,https://query1.finance.yahoo.com/v8/finance/chart/REGN?period1=1674777600&period2=1676851200&interval=1d&includePrePost=false,Verified,,https://finance.yahoo.com/quote/REGN/history/,https://www.stockanalysis.com/stocks/regn/history/
BIIB,,2023-02-08,,291.43,2023-02-07,285.45,2023-02-08,-2.05,287,,https://query1.finance.yahoo.com/v8/finance/chart/BIIB?period1=1674777600&period2=1676851200&interval=1d&includePrePost=false,Verified,,https://finance.yahoo.com/quote/BIIB/history/,https://www.stockanalysis.com/stocks/biib/history/
APLS,,2023-02-08,,,,,,,,,https://query1.finance.yahoo.com/v8/finance/chart/APLS?period1=1674777600&period2=1676851200&interval=1d&includePrePost=false,Data unavailable - acquired/delisted or pre-Yahoo coverage,fetch status: FAILED HTTPError: HTTP Error 404: Not Found,https://finance.yahoo.com/quote/APLS/history/,https://www.stockanalysis.com/stocks/apls/history/
PHAT,"Phathom Pharmaceuticals, Inc.",2023-02-07,CRL,11.99,2023-02-06,11.99,2023-02-07,0.0,11.63,,https://query1.finance.yahoo.com/v8/finance/chart/PHAT?period1=1674691200&period2=1676851199&interval=1d&includePrePost=false,Verified,,https://finance.yahoo.com/quote/PHAT/history/,https://www.stockanalysis.com/stocks/phat/history/
IMMU,,2023-02-03,,,,,,,,,https://query1.finance.yahoo.com/v8/finance/chart/IMMU?period1=1674345600&period2=1676419200&interval=1d&includePrePost=false,Data unavailable - acquired/delisted or pre-Yahoo coverage,fetch status: FAILED HTTPError: HTTP Error 404: Not Found,https://finance.yahoo.com/quote/IMMU/history/,https://www.stockanalysis.com/stocks/immu/history/
GSK,GSK plc,2023-02-01,Approval,35.26,2023-01-31,35.49,2023-02-01,0.65,35.13,,https://query1.finance.yahoo.com/v8/finance/chart/GSK?period1=1674172800&period2=1676332799&interval=1d&includePrePost=false,Verified,lineage proxy per master precedent (see master row notes: decision-date symbol differs from the modern ticker); master decision D150,https://finance.yahoo.com/quote/GSK/history/,https://www.stockanalysis.com/stocks/gsk/history/
AZN,,2023-02-01,,130.74,2023-01-31,127.12,2023-02-01,-2.77,126.3,,https://query1.finance.yahoo.com/v8/finance/chart/AZN?period1=1674172800&period2=1676246400&interval=1d&includePrePost=false,Verified,,https://finance.yahoo.com/quote/AZN/history/,https://www.stockanalysis.com/stocks/azn/history/
VTRS,,2023-01-31,,11.94,2023-01-30,12.16,2023-01-31,1.84,12.26,,https://query1.finance.yahoo.com/v8/finance/chart/VTRS?period1=1674086400&period2=1676160000&interval=1d&includePrePost=false,Verified,,https://finance.yahoo.com/quote/VTRS/history/,https://www.stockanalysis.com/stocks/vtrs/history/
LLY,Eli Lilly and Company (LOXO Oncology at approval),2023-01-27,Approval (Accelerated),348.01,2023-01-26,342.1,2023-01-27,-1.7,340.5,,https://query1.finance.yahoo.com/v8/finance/chart/LLY?period1=1673740800&period2=1675900799&interval=1d&includePrePost=false,Verified,master decision D148,https://finance.yahoo.com/quote/LLY/history/,https://www.stockanalysis.com/stocks/lly/history/
MRK,,2023-01-26,,108.59,2023-01-25,106.87,2023-01-26,-1.58,105.38,,https://query1.finance.yahoo.com/v8/finance/chart/MRK?period1=1673654400&period2=1675728000&interval=1d&includePrePost=false,Verified,,https://finance.yahoo.com/quote/MRK/history/,https://www.stockanalysis.com/stocks/mrk/history/
TAK,,2023-01-25,,16.13,2023-01-24,16.24,2023-01-25,0.68,16.1,,https://query1.finance.yahoo.com/v8/finance/chart/TAK?period1=1673568000&period2=1675641600&interval=1d&includePrePost=false,Verified,,https://finance.yahoo.com/quote/TAK/history/,https://www.stockanalysis.com/stocks/tak/history/
SOLV,,2023-01-20,,,,,,,,,https://query1.finance.yahoo.com/v8/finance/chart/SOLV?period1=1673136000&period2=1675209600&interval=1d&includePrePost=false,Data unavailable - acquired/delisted or pre-Yahoo coverage,fetch status: FAILED HTTPError: HTTP Error 400: Bad Request,https://finance.yahoo.com/quote/SOLV/history/,https://www.stockanalysis.com/stocks/solv/history/
ONC,,2023-01-19,,265,2023-01-18,274.5,2023-01-19,3.58,266.42,,https://query1.finance.yahoo.com/v8/finance/chart/ONC?period1=1673049600&period2=1675123200&interval=1d&includePrePost=false,Verified,,https://finance.yahoo.com/quote/ONC/history/,https://www.stockanalysis.com/stocks/onc/history/
JNJ,,2023-01-19,,169.76,2023-01-18,169.53,2023-01-19,-0.14,168.74,,https://query1.finance.yahoo.com/v8/finance/chart/JNJ?period1=1673049600&period2=1675123200&interval=1d&includePrePost=false,Verified,,https://finance.yahoo.com/quote/JNJ/history/,https://www.stockanalysis.com/stocks/jnj/history/
ALPMY,,2023-01-19,,15.12,2023-01-18,15.08,2023-01-19,-0.26,15.26,,https://query1.finance.yahoo.com/v8/finance/chart/ALPMY?period1=1673049600&period2=1675123200&interval=1d&includePrePost=false,Verified,,https://finance.yahoo.com/quote/ALPMY/history/,https://www.stockanalysis.com/stocks/alpmy/history/
LLY,Eli Lilly and Company,2023-01-18,CRL,357.74,2023-01-17,352.01,2023-01-18,-1.6,351.08,,https://query1.finance.yahoo.com/v8/finance/chart/LLY?period1=1672963200&period2=1675123199&interval=1d&includePrePost=false,Verified,,https://finance.yahoo.com/quote/LLY/history/,https://www.stockanalysis.com/stocks/lly/history/
VTRS,Viatris Inc,2023-01-13,CRL,11.66,2023-01-12,11.54,2023-01-13,-1.03,11.84,,https://query1.finance.yahoo.com/v8/finance/chart/VTRS?period1=1672531200&period2=1674691199&interval=1d&includePrePost=false,Verified,,https://finance.yahoo.com/quote/VTRS/history/,https://www.stockanalysis.com/stocks/vtrs/history/
ALNY,,2023-01-13,,229.84,2023-01-12,235.53,2023-01-13,2.48,233.73,,https://query1.finance.yahoo.com/v8/finance/chart/ALNY?period1=1672531200&period2=1674604800&interval=1d&includePrePost=false,Verified,,https://finance.yahoo.com/quote/ALNY/history/,https://www.stockanalysis.com/stocks/alny/history/
AZN,,2023-01-10,,141.8,2023-01-09,143.2,2023-01-10,0.99,140.9,,https://query1.finance.yahoo.com/v8/finance/chart/AZN?period1=1672272000&period2=1674345600&interval=1d&includePrePost=false,Verified,,https://finance.yahoo.com/quote/AZN/history/,https://www.stockanalysis.com/stocks/azn/history/
TGTX,TG Therapeutics,2022-12-28,Approval,7.82,2022-12-27,8.46,2022-12-28,8.18,10.4,,https://query1.finance.yahoo.com/v8/finance/chart/TGTX?period1=1671148800&period2=1673308799&interval=1d&includePrePost=false,Verified,master decision D144,https://finance.yahoo.com/quote/TGTX/history/,https://www.stockanalysis.com/stocks/tgtx/history/
MDWD,MediWound,2022-12-28,Approval,11.56,2022-12-27,12.87,2022-12-28,11.33,13.38,,https://query1.finance.yahoo.com/v8/finance/chart/MDWD?period1=1671148800&period2=1673308799&interval=1d&includePrePost=false,Verified,master decision D145,https://finance.yahoo.com/quote/MDWD/history/,https://www.stockanalysis.com/stocks/mdwd/history/
NVO,,2022-12-23,,66.81,2022-12-22,67,2022-12-23,0.28,66.625,,https://query1.finance.yahoo.com/v8/finance/chart/NVO?period1=1670716800&period2=1672790400&interval=1d&includePrePost=false,Verified,,https://finance.yahoo.com/quote/NVO/history/,https://www.stockanalysis.com/stocks/nvo/history/
RHHBY,Roche Holding AG (Genentech),2022-12-22,Approval (Accelerated),39.93,2022-12-21,39.52,2022-12-22,-1.03,39.39,,https://query1.finance.yahoo.com/v8/finance/chart/RHHBY?period1=1670630400&period2=1672790399&interval=1d&includePrePost=false,Verified,lineage proxy per master precedent (see master row notes: decision-date symbol differs from the modern ticker); master decision D141,https://finance.yahoo.com/quote/RHHBY/history/,https://www.stockanalysis.com/stocks/rhhby/history/
GILD,Gilead Sciences,2022-12-22,Approval,85.27,2022-12-21,85.28,2022-12-22,0.01,84.75,,https://query1.finance.yahoo.com/v8/finance/chart/GILD?period1=1670630400&period2=1672790399&interval=1d&includePrePost=false,Verified,master decision D142,https://finance.yahoo.com/quote/GILD/history/,https://www.stockanalysis.com/stocks/gild/history/
ALVO,"Alvotech USA, Inc.",2022-12-20,CRL,7.838,2022-12-19,8,2022-12-20,2.07,8.3,,https://query1.finance.yahoo.com/v8/finance/chart/ALVO?period1=1670457600&period2=1672617599&interval=1d&includePrePost=false,Verified,,https://finance.yahoo.com/quote/ALVO/history/,https://www.stockanalysis.com/stocks/alvo/history/
ABBV,,2022-12-20,,161.49,2022-12-19,160.58,2022-12-20,-0.56,162.21,,https://query1.finance.yahoo.com/v8/finance/chart/ABBV?period1=1670457600&period2=1672531200&interval=1d&includePrePost=false,Verified,,https://finance.yahoo.com/quote/ABBV/history/,https://www.stockanalysis.com/stocks/abbv/history/
RDUS,,2022-12-19,,,,,,,,,https://query1.finance.yahoo.com/v8/finance/chart/RDUS?period1=1670371200&period2=1672444800&interval=1d&includePrePost=false,Data unavailable - acquired/delisted or pre-Yahoo coverage,fetch status: FAILED HTTPError: HTTP Error 404: Not Found,https://finance.yahoo.com/quote/RDUS/history/,https://www.stockanalysis.com/stocks/rdus/history/
INCY,,2022-12-19,,82.03,2022-12-16,80.59,2022-12-19,-1.76,81.07,,https://query1.finance.yahoo.com/v8/finance/chart/INCY?period1=1670371200&period2=1672444800&interval=1d&includePrePost=false,Verified,,https://finance.yahoo.com/quote/INCY/history/,https://www.stockanalysis.com/stocks/incy/history/
PFE,,2022-12-16,,53.61,2022-12-15,51.4,2022-12-16,-4.12,51.36,,https://query1.finance.yahoo.com/v8/finance/chart/PFE?period1=1670112000&period2=1672185600&interval=1d&includePrePost=false,Verified,,https://finance.yahoo.com/quote/PFE/history/,https://www.stockanalysis.com/stocks/pfe/history/
MRK,,2022-12-16,,109.63,2022-12-15,109.2,2022-12-16,-0.39,109.44,,https://query1.finance.yahoo.com/v8/finance/chart/MRK?period1=1670112000&period2=1672185600&interval=1d&includePrePost=false,Verified,,https://finance.yahoo.com/quote/MRK/history/,https://www.stockanalysis.com/stocks/mrk/history/
ABBV,,2022-12-16,,163.1,2022-12-15,160.48,2022-12-16,-1.61,161.49,,https://query1.finance.yahoo.com/v8/finance/chart/ABBV?period1=1670112000&period2=1672185600&interval=1d&includePrePost=false,Verified,,https://finance.yahoo.com/quote/ABBV/history/,https://www.stockanalysis.com/stocks/abbv/history/
PFE,,2022-12-15,,54.48,2022-12-14,53.61,2022-12-15,-1.6,51.4,,https://query1.finance.yahoo.com/v8/finance/chart/PFE?period1=1670025600&period2=1672099200&interval=1d&includePrePost=false,Verified,,https://finance.yahoo.com/quote/PFE/history/,https://www.stockanalysis.com/stocks/pfe/history/
INDV,,2022-12-15,,22,2022-12-14,22,2022-12-15,0.0,22,,https://query1.finance.yahoo.com/v8/finance/chart/INDV?period1=1670025600&period2=1672099200&interval=1d&includePrePost=false,Verified,,https://finance.yahoo.com/quote/INDV/history/,https://www.stockanalysis.com/stocks/indv/history/
BAX,,2022-12-15,,52.3,2022-12-14,50.76,2022-12-15,-2.94,49.71,,https://query1.finance.yahoo.com/v8/finance/chart/BAX?period1=1670025600&period2=1672099200&interval=1d&includePrePost=false,Verified,,https://finance.yahoo.com/quote/BAX/history/,https://www.stockanalysis.com/stocks/bax/history/
PFE,,2022-12-13,,52.16,2022-12-12,53.07,2022-12-13,1.74,54.48,,https://query1.finance.yahoo.com/v8/finance/chart/PFE?period1=1669852800&period2=1671926400&interval=1d&includePrePost=false,Verified,,https://finance.yahoo.com/quote/PFE/history/,https://www.stockanalysis.com/stocks/pfe/history/
FSNUY,,2022-12-13,,6.85,2022-12-12,6.99,2022-12-13,2.04,7.09,,https://query1.finance.yahoo.com/v8/finance/chart/FSNUY?period1=1669852800&period2=1671926400&interval=1d&includePrePost=false,Verified,,https://finance.yahoo.com/quote/FSNUY/history/,https://www.stockanalysis.com/stocks/fsnuy/history/
MRTX,,2022-12-12,,,,,,,,,https://query1.finance.yahoo.com/v8/finance/chart/MRTX?period1=1669766400&period2=1671840000&interval=1d&includePrePost=false,Data unavailable - acquired/delisted or pre-Yahoo coverage,fetch status: FAILED HTTPError: HTTP Error 404: Not Found,https://finance.yahoo.com/quote/MRTX/history/,https://www.stockanalysis.com/stocks/mrtx/history/
PFE,,2022-12-09,,51.78,2022-12-08,51.72,2022-12-09,-0.12,52.16,,https://query1.finance.yahoo.com/v8/finance/chart/PFE?period1=1669507200&period2=1671580800&interval=1d&includePrePost=false,Verified,,https://finance.yahoo.com/quote/PFE/history/,https://www.stockanalysis.com/stocks/pfe/history/
GSK,,2022-12-08,,36.88,2022-12-07,36.6,2022-12-08,-0.76,35.97,,https://query1.finance.yahoo.com/v8/finance/chart/GSK?period1=1669420800&period2=1671494400&interval=1d&includePrePost=false,Verified,,https://finance.yahoo.com/quote/GSK/history/,https://www.stockanalysis.com/stocks/gsk/history/
RIGL,Rigel Pharmaceuticals,2022-12-01,Approval,6.7,2022-11-30,6.8,2022-12-01,1.49,8.3,,https://query1.finance.yahoo.com/v8/finance/chart/RIGL?period1=1668816000&period2=1670975999&interval=1d&includePrePost=false,Verified,master decision D139,https://finance.yahoo.com/quote/RIGL/history/,https://www.stockanalysis.com/stocks/rigl/history/
GSK,,2022-11-30,,34.36,2022-11-29,34.59,2022-11-30,0.67,35.03,,https://query1.finance.yahoo.com/v8/finance/chart/GSK?period1=1668729600&period2=1670803200&interval=1d&includePrePost=false,Verified,,https://finance.yahoo.com/quote/GSK/history/,https://www.stockanalysis.com/stocks/gsk/history/
CHRS,,2022-11-28,,6.58,2022-11-25,6.44,2022-11-28,-2.13,6.58,,https://query1.finance.yahoo.com/v8/finance/chart/CHRS?period1=1668556800&period2=1670630400&interval=1d&includePrePost=false,Verified,,https://finance.yahoo.com/quote/CHRS/history/,https://www.stockanalysis.com/stocks/chrs/history/
NVS,,2022-11-22,,86.79,2022-11-21,87.7,2022-11-22,1.05,87.29,,https://query1.finance.yahoo.com/v8/finance/chart/NVS?period1=1668038400&period2=1670112000&interval=1d&includePrePost=false,Verified,,https://finance.yahoo.com/quote/NVS/history/,https://www.stockanalysis.com/stocks/nvs/history/
PRVB,,2022-11-18,,,,,,,,,https://query1.finance.yahoo.com/v8/finance/chart/PRVB?period1=1667692800&period2=1669766400&interval=1d&includePrePost=false,Data unavailable - acquired/delisted or pre-Yahoo coverage,fetch status: FAILED HTTPError: HTTP Error 404: Not Found,https://finance.yahoo.com/quote/PRVB/history/,https://www.stockanalysis.com/stocks/prvb/history/
JAZZ,,2022-11-18,,145.12,2022-11-17,147.18,2022-11-18,1.42,148.86,,https://query1.finance.yahoo.com/v8/finance/chart/JAZZ?period1=1667692800&period2=1669766400&interval=1d&includePrePost=false,Verified,,https://finance.yahoo.com/quote/JAZZ/history/,https://www.stockanalysis.com/stocks/jazz/history/
LLY,,2022-11-17,,352.93,2022-11-16,360.77,2022-11-17,2.22,361.67,,https://query1.finance.yahoo.com/v8/finance/chart/LLY?period1=1667606400&period2=1669680000&interval=1d&includePrePost=false,Verified,,https://finance.yahoo.com/quote/LLY/history/,https://www.stockanalysis.com/stocks/lly/history/
LLY,,2022-11-16,,349.95,2022-11-15,352.93,2022-11-16,0.85,360.77,,https://query1.finance.yahoo.com/v8/finance/chart/LLY?period1=1667520000&period2=1669593600&interval=1d&includePrePost=false,Verified,,https://finance.yahoo.com/quote/LLY/history/,https://www.stockanalysis.com/stocks/lly/history/
IMGN,,2022-11-14,,,,,,,,,https://query1.finance.yahoo.com/v8/finance/chart/IMGN?period1=1667347200&period2=1669420800&interval=1d&includePrePost=false,Data unavailable - acquired/delisted or pre-Yahoo coverage,fetch status: FAILED HTTPError: HTTP Error 404: Not Found,https://finance.yahoo.com/quote/IMGN/history/,https://www.stockanalysis.com/stocks/imgn/history/
SGEN,,2022-11-10,,,,,,,,,https://query1.finance.yahoo.com/v8/finance/chart/SGEN?period1=1667001600&period2=1669075200&interval=1d&includePrePost=false,Data unavailable - acquired/delisted or pre-Yahoo coverage,fetch status: FAILED HTTPError: HTTP Error 404: Not Found,https://finance.yahoo.com/quote/SGEN/history/,https://www.stockanalysis.com/stocks/sgen/history/
AZN,,2022-11-10,,122.1,2022-11-09,130.18,2022-11-10,6.62,125.54,,https://query1.finance.yahoo.com/v8/finance/chart/AZN?period1=1667001600&period2=1669075200&interval=1d&includePrePost=false,Verified,,https://finance.yahoo.com/quote/AZN/history/,https://www.stockanalysis.com/stocks/azn/history/
REGN,,2022-11-08,,750.93,2022-11-07,751.95,2022-11-08,0.14,742.95,,https://query1.finance.yahoo.com/v8/finance/chart/REGN?period1=1666828800&period2=1668902400&interval=1d&includePrePost=false,Verified,,https://finance.yahoo.com/quote/REGN/history/,https://www.stockanalysis.com/stocks/regn/history/
JNJ,,2022-11-04,,170.72,2022-11-03,171.48,2022-11-04,0.45,172.98,,https://query1.finance.yahoo.com/v8/finance/chart/JNJ?period1=1666483200&period2=1668556800&interval=1d&includePrePost=false,Verified,,https://finance.yahoo.com/quote/JNJ/history/,https://www.stockanalysis.com/stocks/jnj/history/
DSNKY,,2022-11-04,,31.86,2022-11-03,31.82,2022-11-04,-0.13,31.85,,https://query1.finance.yahoo.com/v8/finance/chart/DSNKY?period1=1666483200&period2=1668556800&interval=1d&includePrePost=false,Verified,,https://finance.yahoo.com/quote/DSNKY/history/,https://www.stockanalysis.com/stocks/dsnky/history/
GEHC,,2022-11-01,,,,,,,,,https://query1.finance.yahoo.com/v8/finance/chart/GEHC?period1=1666224000&period2=1668297600&interval=1d&includePrePost=false,Data unavailable - acquired/delisted or pre-Yahoo coverage,fetch status: FAILED HTTPError: HTTP Error 400: Bad Request,https://finance.yahoo.com/quote/GEHC/history/,https://www.stockanalysis.com/stocks/gehc/history/
JNJ,Janssen Biotech (Johnson & Johnson),2022-10-25,Approval (Accelerated),170.98,2022-10-24,170.71,2022-10-25,-0.16,172.21,,https://query1.finance.yahoo.com/v8/finance/chart/JNJ?period1=1665619200&period2=1667779199&interval=1d&includePrePost=false,Verified,master decision D136,https://finance.yahoo.com/quote/JNJ/history/,https://www.stockanalysis.com/stocks/jnj/history/
AZN,AstraZeneca,2022-10-21,Approval,108.7,2022-10-20,109.94,2022-10-21,1.14,110.36,,https://query1.finance.yahoo.com/v8/finance/chart/AZN?period1=1665273600&period2=1667433599&interval=1d&includePrePost=false,Verified,lineage proxy per master precedent (see master row notes: decision-date symbol differs from the modern ticker); master decision D135,https://finance.yahoo.com/quote/AZN/history/,https://www.stockanalysis.com/stocks/azn/history/
ABBV,,2022-10-21,,142.93,2022-10-20,147.06,2022-10-21,2.89,150.89,,https://query1.finance.yahoo.com/v8/finance/chart/ABBV?period1=1665273600&period2=1667347200&interval=1d&includePrePost=false,Verified,,https://finance.yahoo.com/quote/ABBV/history/,https://www.stockanalysis.com/stocks/abbv/history/
VVUS,,2022-10-18,,,,,,,,,https://query1.finance.yahoo.com/v8/finance/chart/VVUS?period1=1665014400&period2=1667088000&interval=1d&includePrePost=false,Data unavailable - acquired/delisted or pre-Yahoo coverage,fetch status: FAILED HTTPError: HTTP Error 404: Not Found,https://finance.yahoo.com/quote/VVUS/history/,https://www.stockanalysis.com/stocks/vvus/history/
GILD,,2022-10-17,,66.17,2022-10-14,66.38,2022-10-17,0.32,66.87,,https://query1.finance.yahoo.com/v8/finance/chart/GILD?period1=1664928000&period2=1667001600&interval=1d&includePrePost=false,Verified,,https://finance.yahoo.com/quote/GILD/history/,https://www.stockanalysis.com/stocks/gild/history/
LLY,,2022-10-14,,332.1,2022-10-13,331.39,2022-10-14,-0.21,332.76,,https://query1.finance.yahoo.com/v8/finance/chart/LLY?period1=1664668800&period2=1666742400&interval=1d&includePrePost=false,Verified,,https://finance.yahoo.com/quote/LLY/history/,https://www.stockanalysis.com/stocks/lly/history/
GILD,,2022-10-14,,66.46,2022-10-13,66.17,2022-10-14,-0.44,66.38,,https://query1.finance.yahoo.com/v8/finance/chart/GILD?period1=1664668800&period2=1666742400&interval=1d&includePrePost=false,Verified,,https://finance.yahoo.com/quote/GILD/history/,https://www.stockanalysis.com/stocks/gild/history/
DSNKY,,2022-10-14,,28.6,2022-10-13,29.39,2022-10-14,2.76,28.88,,https://query1.finance.yahoo.com/v8/finance/chart/DSNKY?period1=1664668800&period2=1666742400&interval=1d&includePrePost=false,Verified,,https://finance.yahoo.com/quote/DSNKY/history/,https://www.stockanalysis.com/stocks/dsnky/history/
NVS,,2022-10-12,,75.86,2022-10-11,75.31,2022-10-12,-0.73,76.01,,https://query1.finance.yahoo.com/v8/finance/chart/NVS?period1=1664496000&period2=1666569600&interval=1d&includePrePost=false,Verified,,https://finance.yahoo.com/quote/NVS/history/,https://www.stockanalysis.com/stocks/nvs/history/
DSNKY,,2022-10-06,,29.43,2022-10-05,29.48,2022-10-06,0.17,29.21,,https://query1.finance.yahoo.com/v8/finance/chart/DSNKY?period1=1663977600&period2=1666051200&interval=1d&includePrePost=false,Verified,,https://finance.yahoo.com/quote/DSNKY/history/,https://www.stockanalysis.com/stocks/dsnky/history/
ALNY,,2022-10-06,,201.02,2022-10-05,202.37,2022-10-06,0.67,195.81,,https://query1.finance.yahoo.com/v8/finance/chart/ALNY?period1=1663977600&period2=1666051200&interval=1d&includePrePost=false,Verified,,https://finance.yahoo.com/quote/ALNY/history/,https://www.stockanalysis.com/stocks/alny/history/
NVS,,2022-10-03,,76.01,2022-09-30,76.67,2022-10-03,0.87,78.23,,https://query1.finance.yahoo.com/v8/finance/chart/NVS?period1=1663718400&period2=1665792000&interval=1d&includePrePost=false,Verified,,https://finance.yahoo.com/quote/NVS/history/,https://www.stockanalysis.com/stocks/nvs/history/
AMGN,,2022-10-03,,225.4,2022-09-30,230.44,2022-10-03,2.24,233.02,,https://query1.finance.yahoo.com/v8/finance/chart/AMGN?period1=1663718400&period2=1665792000&interval=1d&includePrePost=false,Verified,,https://finance.yahoo.com/quote/AMGN/history/,https://www.stockanalysis.com/stocks/amgn/history/
CPRX,,2022-09-29,,,,,,,,,https://query1.finance.yahoo.com/v8/finance/chart/CPRX?period1=1663372800&period2=1665446400&interval=1d&includePrePost=false,Data unavailable - acquired/delisted or pre-Yahoo coverage,fetch status: FAILED HTTPError: HTTP Error 404: Not Found,https://finance.yahoo.com/quote/CPRX/history/,https://www.stockanalysis.com/stocks/cprx/history/
AMLX,Amylyx Pharmaceuticals,2022-09-29,Approval,29.23,2022-09-28,30.19,2022-09-29,3.28,28.15,,https://query1.finance.yahoo.com/v8/finance/chart/AMLX?period1=1663372800&period2=1665532799&interval=1d&includePrePost=false,Verified,master decision D133,https://finance.yahoo.com/quote/AMLX/history/,https://www.stockanalysis.com/stocks/amlx/history/
REGN,,2022-09-28,,695.01,2022-09-27,705.42,2022-09-28,1.5,691.82,,https://query1.finance.yahoo.com/v8/finance/chart/REGN?period1=1663286400&period2=1665360000&interval=1d&includePrePost=false,Verified,,https://finance.yahoo.com/quote/REGN/history/,https://www.stockanalysis.com/stocks/regn/history/
JAZZ,,2022-09-27,,127.28,2022-09-26,126.59,2022-09-27,-0.54,128.94,,https://query1.finance.yahoo.com/v8/finance/chart/JAZZ?period1=1663200000&period2=1665273600&interval=1d&includePrePost=false,Verified,,https://finance.yahoo.com/quote/JAZZ/history/,https://www.stockanalysis.com/stocks/jazz/history/
HROW,,2022-09-27,,7.61,2022-09-26,9.73,2022-09-27,27.86,9.91,,https://query1.finance.yahoo.com/v8/finance/chart/HROW?period1=1663200000&period2=1665273600&interval=1d&includePrePost=false,Verified,,https://finance.yahoo.com/quote/HROW/history/,https://www.stockanalysis.com/stocks/hrow/history/
ABBV,,2022-09-23,,143.01,2022-09-22,143.06,2022-09-23,0.03,141.21,,https://query1.finance.yahoo.com/v8/finance/chart/ABBV?period1=1662854400&period2=1664928000&interval=1d&includePrePost=false,Verified,,https://finance.yahoo.com/quote/ABBV/history/,https://www.stockanalysis.com/stocks/abbv/history/
PFE,,2022-09-22,,43.92,2022-09-21,44.57,2022-09-22,1.48,44.08,,https://query1.finance.yahoo.com/v8/finance/chart/PFE?period1=1662768000&period2=1664841600&interval=1d&includePrePost=false,Verified,,https://finance.yahoo.com/quote/PFE/history/,https://www.stockanalysis.com/stocks/pfe/history/
LLY,,2022-09-21,,301.73,2022-09-20,296.48,2022-09-21,-1.74,310.87,,https://query1.finance.yahoo.com/v8/finance/chart/LLY?period1=1662681600&period2=1664755200&interval=1d&includePrePost=false,Verified,,https://finance.yahoo.com/quote/LLY/history/,https://www.stockanalysis.com/stocks/lly/history/
HRTX,,2022-09-16,,4.87,2022-09-15,4.67,2022-09-16,-4.11,4.62,,https://query1.finance.yahoo.com/v8/finance/chart/HRTX?period1=1662249600&period2=1664323200&interval=1d&includePrePost=false,Verified,,https://finance.yahoo.com/quote/HRTX/history/,https://www.stockanalysis.com/stocks/hrtx/history/
MNK,,2022-09-14,,,,,,,,,https://query1.finance.yahoo.com/v8/finance/chart/MNK?period1=1662076800&period2=1664150400&interval=1d&includePrePost=false,Data unavailable - acquired/delisted or pre-Yahoo coverage,fetch status: FAILED HTTPError: HTTP Error 404: Not Found,https://finance.yahoo.com/quote/MNK/history/,https://www.stockanalysis.com/stocks/mnk/history/
ESALY,,2022-09-13,,,,,,,,,https://query1.finance.yahoo.com/v8/finance/chart/ESALY?period1=1661990400&period2=1664064000&interval=1d&includePrePost=false,Data unavailable - acquired/delisted or pre-Yahoo coverage,fetch status: FAILED HTTPError: HTTP Error 404: Not Found,https://finance.yahoo.com/quote/ESALY/history/,https://www.stockanalysis.com/stocks/esaly/history/
SPPI,,2022-09-09,,,,,,,,,https://query1.finance.yahoo.com/v8/finance/chart/SPPI?period1=1661644800&period2=1663718400&interval=1d&includePrePost=false,Data unavailable - acquired/delisted or pre-Yahoo coverage,fetch status: FAILED HTTPError: HTTP Error 404: Not Found,https://finance.yahoo.com/quote/SPPI/history/,https://www.stockanalysis.com/stocks/sppi/history/
BMY,Bristol Myers Squibb,2022-09-09,Approval,69.38,2022-09-08,70.16,2022-09-09,1.12,72.36,,https://query1.finance.yahoo.com/v8/finance/chart/BMY?period1=1661644800&period2=1663804799&interval=1d&includePrePost=false,Verified,master decision D129,https://finance.yahoo.com/quote/BMY/history/,https://www.stockanalysis.com/stocks/bmy/history/
ALPMY,,2022-09-09,,13.83,2022-09-08,14.18,2022-09-09,2.53,14.13,,https://query1.finance.yahoo.com/v8/finance/chart/ALPMY?period1=1661644800&period2=1663718400&interval=1d&includePrePost=false,Verified,,https://finance.yahoo.com/quote/ALPMY/history/,https://www.stockanalysis.com/stocks/alpmy/history/
RVNC,,2022-09-07,,,,,,,,,https://query1.finance.yahoo.com/v8/finance/chart/RVNC?period1=1661472000&period2=1663545600&interval=1d&includePrePost=false,Data unavailable - acquired/delisted or pre-Yahoo coverage,fetch status: FAILED HTTPError: HTTP Error 404: Not Found,https://finance.yahoo.com/quote/RVNC/history/,https://www.stockanalysis.com/stocks/rvnc/history/
VRTX,,2022-09-02,,290.2,2022-09-01,281.04,2022-09-02,-3.16,279.18,,https://query1.finance.yahoo.com/v8/finance/chart/VRTX?period1=1661040000&period2=1663113600&interval=1d&includePrePost=false,Verified,,https://finance.yahoo.com/quote/VRTX/history/,https://www.stockanalysis.com/stocks/vrtx/history/
AZN,,2022-09-02,,123.58,2022-09-01,121.38,2022-09-02,-1.78,120.82,,https://query1.finance.yahoo.com/v8/finance/chart/AZN?period1=1661040000&period2=1663113600&interval=1d&includePrePost=false,Verified,,https://finance.yahoo.com/quote/AZN/history/,https://www.stockanalysis.com/stocks/azn/history/
FSNUY,,2022-09-01,,6.24,2022-08-31,6.19,2022-09-01,-0.8,6.25,,https://query1.finance.yahoo.com/v8/finance/chart/FSNUY?period1=1660953600&period2=1663027200&interval=1d&includePrePost=false,Verified,,https://finance.yahoo.com/quote/FSNUY/history/,https://www.stockanalysis.com/stocks/fsnuy/history/
BAYRY,,2022-09-01,,13.2,2022-08-31,12.82,2022-09-01,-2.88,12.8,,https://query1.finance.yahoo.com/v8/finance/chart/BAYRY?period1=1660953600&period2=1663027200&interval=1d&includePrePost=false,Verified,,https://finance.yahoo.com/quote/BAYRY/history/,https://www.stockanalysis.com/stocks/bayry/history/
SNY,Sanofi (Genzyme),2022-08-31,Approval,41.24,2022-08-30,41.03,2022-08-31,-0.51,40.4,,https://query1.finance.yahoo.com/v8/finance/chart/SNY?period1=1660867200&period2=1663027199&interval=1d&includePrePost=false,Verified,lineage proxy per master precedent (see master row notes: decision-date symbol differs from the modern ticker); master decision D125,https://finance.yahoo.com/quote/SNY/history/,https://www.stockanalysis.com/stocks/sny/history/
LLY,,2022-08-31,,307.04,2022-08-30,301.23,2022-08-31,-1.89,309.13,,https://query1.finance.yahoo.com/v8/finance/chart/LLY?period1=1660867200&period2=1662940800&interval=1d&includePrePost=false,Verified,,https://finance.yahoo.com/quote/LLY/history/,https://www.stockanalysis.com/stocks/lly/history/
INCY,,2022-08-26,,72.68,2022-08-25,71.48,2022-08-26,-1.65,70.51,,https://query1.finance.yahoo.com/v8/finance/chart/INCY?period1=1660435200&period2=1662508800&interval=1d&includePrePost=false,Verified,,https://finance.yahoo.com/quote/INCY/history/,https://www.stockanalysis.com/stocks/incy/history/
AZN,,2022-08-26,,136.52,2022-08-25,132.64,2022-08-26,-2.84,131.66,,https://query1.finance.yahoo.com/v8/finance/chart/AZN?period1=1660435200&period2=1662508800&interval=1d&includePrePost=false,Verified,,https://finance.yahoo.com/quote/AZN/history/,https://www.stockanalysis.com/stocks/azn/history/
BAYRY,,2022-08-12,,13.33,2022-08-11,13.91,2022-08-12,4.35,13.65,,https://query1.finance.yahoo.com/v8/finance/chart/BAYRY?period1=1659225600&period2=1661299200&interval=1d&includePrePost=false,Verified,,https://finance.yahoo.com/quote/BAYRY/history/,https://www.stockanalysis.com/stocks/bayry/history/
DSNKY,,2022-08-11,,27.61,2022-08-10,27.46,2022-08-11,-0.54,31.4,,https://query1.finance.yahoo.com/v8/finance/chart/DSNKY?period1=1659139200&period2=1661212800&interval=1d&includePrePost=false,Verified,,https://finance.yahoo.com/quote/DSNKY/history/,https://www.stockanalysis.com/stocks/dsnky/history/
NVS,,2022-08-10,,87.15,2022-08-09,87.43,2022-08-10,0.32,85.58,,https://query1.finance.yahoo.com/v8/finance/chart/NVS?period1=1659052800&period2=1661126400&interval=1d&includePrePost=false,Verified,,https://finance.yahoo.com/quote/NVS/history/,https://www.stockanalysis.com/stocks/nvs/history/
DSNKY,,2022-08-05,,25.64,2022-08-04,26.9,2022-08-05,4.91,26.95,,https://query1.finance.yahoo.com/v8/finance/chart/DSNKY?period1=1658620800&period2=1660694400&interval=1d&includePrePost=false,Verified,,https://finance.yahoo.com/quote/DSNKY/history/,https://www.stockanalysis.com/stocks/dsnky/history/
BAYRY,,2022-08-05,,14.67,2022-08-04,13.63,2022-08-05,-7.09,13.47,,https://query1.finance.yahoo.com/v8/finance/chart/BAYRY?period1=1658620800&period2=1660694400&interval=1d&includePrePost=false,Verified,,https://finance.yahoo.com/quote/BAYRY/history/,https://www.stockanalysis.com/stocks/bayry/history/
CRMD,CorMedix Inc.,2022-08-04,CRL,6.25,2022-08-03,6.55,2022-08-04,4.8,7.13,,https://query1.finance.yahoo.com/v8/finance/chart/CRMD?period1=1658534400&period2=1660694399&interval=1d&includePrePost=false,Verified,,https://finance.yahoo.com/quote/CRMD/history/,https://www.stockanalysis.com/stocks/crmd/history/
AZN,,2022-08-03,,130.52,2022-08-02,130.64,2022-08-03,0.09,132.58,,https://query1.finance.yahoo.com/v8/finance/chart/AZN?period1=1658448000&period2=1660521600&interval=1d&includePrePost=false,Verified,,https://finance.yahoo.com/quote/AZN/history/,https://www.stockanalysis.com/stocks/azn/history/
PFE,,2022-07-29,,50.72,2022-07-28,50.51,2022-07-29,-0.41,50.61,,https://query1.finance.yahoo.com/v8/finance/chart/PFE?period1=1658016000&period2=1660089600&interval=1d&includePrePost=false,Verified,,https://finance.yahoo.com/quote/PFE/history/,https://www.stockanalysis.com/stocks/pfe/history/
JNJ,,2022-07-29,,174.2,2022-07-28,174.52,2022-07-29,0.18,173.91,,https://query1.finance.yahoo.com/v8/finance/chart/JNJ?period1=1658016000&period2=1660089600&interval=1d&includePrePost=false,Verified,,https://finance.yahoo.com/quote/JNJ/history/,https://www.stockanalysis.com/stocks/jnj/history/
AMGN,,2022-07-28,,251.72,2022-07-27,249.75,2022-07-28,-0.78,247.47,,https://query1.finance.yahoo.com/v8/finance/chart/AMGN?period1=1657929600&period2=1660003200&interval=1d&includePrePost=false,Verified,,https://finance.yahoo.com/quote/AMGN/history/,https://www.stockanalysis.com/stocks/amgn/history/
GSK,,2022-07-26,,42.16,2022-07-25,42.52,2022-07-26,0.85,43.54,,https://query1.finance.yahoo.com/v8/finance/chart/GSK?period1=1657756800&period2=1659830400&interval=1d&includePrePost=false,Verified,,https://finance.yahoo.com/quote/GSK/history/,https://www.stockanalysis.com/stocks/gsk/history/
SNY,,2022-07-18,,50.48,2022-07-15,50.15,2022-07-18,-0.65,51.6,,https://query1.finance.yahoo.com/v8/finance/chart/SNY?period1=1657065600&period2=1659139200&interval=1d&includePrePost=false,Verified,,https://finance.yahoo.com/quote/SNY/history/,https://www.stockanalysis.com/stocks/sny/history/
INCY,,2022-07-18,,80.03,2022-07-15,78.86,2022-07-18,-1.46,81.36,,https://query1.finance.yahoo.com/v8/finance/chart/INCY?period1=1657065600&period2=1659139200&interval=1d&includePrePost=false,Verified,,https://finance.yahoo.com/quote/INCY/history/,https://www.stockanalysis.com/stocks/incy/history/
VTRS,,2022-07-14,,9.98,2022-07-13,9.85,2022-07-14,-1.3,9.85,,https://query1.finance.yahoo.com/v8/finance/chart/VTRS?period1=1656720000&period2=1658793600&interval=1d&includePrePost=false,Verified,,https://finance.yahoo.com/quote/VTRS/history/,https://www.stockanalysis.com/stocks/vtrs/history/
PFE,,2022-07-14,,51.79,2022-07-13,51.39,2022-07-14,-0.77,51.75,,https://query1.finance.yahoo.com/v8/finance/chart/PFE?period1=1656720000&period2=1658793600&interval=1d&includePrePost=false,Verified,,https://finance.yahoo.com/quote/PFE/history/,https://www.stockanalysis.com/stocks/pfe/history/
EXEL,,2022-07-14,,21.63,2022-07-13,21.35,2022-07-14,-1.29,21.34,,https://query1.finance.yahoo.com/v8/finance/chart/EXEL?period1=1656720000&period2=1658793600&interval=1d&includePrePost=false,Verified,,https://finance.yahoo.com/quote/EXEL/history/,https://www.stockanalysis.com/stocks/exel/history/
BMY,,2022-07-14,,74.53,2022-07-13,74.01,2022-07-14,-0.7,75.65,,https://query1.finance.yahoo.com/v8/finance/chart/BMY?period1=1656720000&period2=1658793600&interval=1d&includePrePost=false,Verified,,https://finance.yahoo.com/quote/BMY/history/,https://www.stockanalysis.com/stocks/bmy/history/
HZNP,,2022-07-07,,,,,,,,,https://query1.finance.yahoo.com/v8/finance/chart/HZNP?period1=1656115200&period2=1658188800&interval=1d&includePrePost=false,Data unavailable - acquired/delisted or pre-Yahoo coverage,fetch status: FAILED HTTPError: HTTP Error 404: Not Found,https://finance.yahoo.com/quote/HZNP/history/,https://www.stockanalysis.com/stocks/hznp/history/
NVO,,2022-07-01,,55.715,2022-06-30,55.82,2022-07-01,0.19,55.62,,https://query1.finance.yahoo.com/v8/finance/chart/NVO?period1=1655596800&period2=1657670400&interval=1d&includePrePost=false,Verified,,https://finance.yahoo.com/quote/NVO/history/,https://www.stockanalysis.com/stocks/nvo/history/
AMGN,,2022-06-30,,245.43,2022-06-29,243.3,2022-06-30,-0.87,245.55,,https://query1.finance.yahoo.com/v8/finance/chart/AMGN?period1=1655510400&period2=1657584000&interval=1d&includePrePost=false,Verified,,https://finance.yahoo.com/quote/AMGN/history/,https://www.stockanalysis.com/stocks/amgn/history/
VVUS,,2022-06-24,,,,,,,,,https://query1.finance.yahoo.com/v8/finance/chart/VVUS?period1=1654992000&period2=1657065600&interval=1d&includePrePost=false,Data unavailable - acquired/delisted or pre-Yahoo coverage,fetch status: FAILED HTTPError: HTTP Error 404: Not Found,https://finance.yahoo.com/quote/VVUS/history/,https://www.stockanalysis.com/stocks/vvus/history/
PFE,,2022-06-22,,48.11,2022-06-21,49.07,2022-06-22,2.0,50.09,,https://query1.finance.yahoo.com/v8/finance/chart/PFE?period1=1654819200&period2=1656892800&interval=1d&includePrePost=false,Verified,,https://finance.yahoo.com/quote/PFE/history/,https://www.stockanalysis.com/stocks/pfe/history/
NVS,,2022-06-22,,81.49,2022-06-21,81.51,2022-06-22,0.02,81.86,,https://query1.finance.yahoo.com/v8/finance/chart/NVS?period1=1654819200&period2=1656892800&interval=1d&includePrePost=false,Verified,,https://finance.yahoo.com/quote/NVS/history/,https://www.stockanalysis.com/stocks/nvs/history/
RYTM,,2022-06-16,,3.45,2022-06-15,3.9,2022-06-16,13.04,3.94,,https://query1.finance.yahoo.com/v8/finance/chart/RYTM?period1=1654300800&period2=1656374400&interval=1d&includePrePost=false,Verified,,https://finance.yahoo.com/quote/RYTM/history/,https://www.stockanalysis.com/stocks/rytm/history/
ABBV,,2022-06-16,,138.09,2022-06-15,139.15,2022-06-16,0.77,138.28,,https://query1.finance.yahoo.com/v8/finance/chart/ABBV?period1=1654300800&period2=1656374400&interval=1d&includePrePost=false,Verified,,https://finance.yahoo.com/quote/ABBV/history/,https://www.stockanalysis.com/stocks/abbv/history/
LLY,,2022-06-13,,297.01,2022-06-10,291.28,2022-06-13,-1.93,290.79,,https://query1.finance.yahoo.com/v8/finance/chart/LLY?period1=1654041600&period2=1656115200&interval=1d&includePrePost=false,Verified,,https://finance.yahoo.com/quote/LLY/history/,https://www.stockanalysis.com/stocks/lly/history/
ALNY,Alnylam Pharmaceuticals,2022-06-13,Approval,132.11,2022-06-10,127.7,2022-06-13,-3.34,133.52,,https://query1.finance.yahoo.com/v8/finance/chart/ALNY?period1=1654041600&period2=1656201599&interval=1d&includePrePost=false,Verified,master decision D124,https://finance.yahoo.com/quote/ALNY/history/,https://www.stockanalysis.com/stocks/alny/history/
PFE,,2022-06-10,,51.78,2022-06-09,49.97,2022-06-10,-3.5,47.91,,https://query1.finance.yahoo.com/v8/finance/chart/PFE?period1=1653782400&period2=1655856000&interval=1d&includePrePost=false,Verified,,https://finance.yahoo.com/quote/PFE/history/,https://www.stockanalysis.com/stocks/pfe/history/
REGN,,2022-06-07,,609.03,2022-06-06,613.98,2022-06-07,0.81,607.76,,https://query1.finance.yahoo.com/v8/finance/chart/REGN?period1=1653523200&period2=1655596800&interval=1d&includePrePost=false,Verified,,https://finance.yahoo.com/quote/REGN/history/,https://www.stockanalysis.com/stocks/regn/history/
AMGN,,2022-06-03,,248.28,2022-06-02,248.45,2022-06-03,0.07,245.44,,https://query1.finance.yahoo.com/v8/finance/chart/AMGN?period1=1653177600&period2=1655251200&interval=1d&includePrePost=false,Verified,,https://finance.yahoo.com/quote/AMGN/history/,https://www.stockanalysis.com/stocks/amgn/history/
NVS,,2022-05-27,,91.26,2022-05-26,91.46,2022-05-27,0.22,90.94,,https://query1.finance.yahoo.com/v8/finance/chart/NVS?period1=1652572800&period2=1654646400&interval=1d&includePrePost=false,Verified,,https://finance.yahoo.com/quote/NVS/history/,https://www.stockanalysis.com/stocks/nvs/history/
BMY,,2022-05-27,,77.59,2022-05-26,76.14,2022-05-27,-1.87,75.45,,https://query1.finance.yahoo.com/v8/finance/chart/BMY?period1=1652572800&period2=1654646400&interval=1d&includePrePost=false,Verified,,https://finance.yahoo.com/quote/BMY/history/,https://www.stockanalysis.com/stocks/bmy/history/
VRCA,Verrica Pharmaceuticals Inc.,2022-05-23,CRL,59.4,2022-05-20,63,2022-05-23,6.06,55.6,,https://query1.finance.yahoo.com/v8/finance/chart/VRCA?period1=1652227200&period2=1654387199&interval=1d&includePrePost=false,Verified,,https://finance.yahoo.com/quote/VRCA/history/,https://www.stockanalysis.com/stocks/vrca/history/
UTHR,,2022-05-23,,188.33,2022-05-20,210.14,2022-05-23,11.58,218.95,,https://query1.finance.yahoo.com/v8/finance/chart/UTHR?period1=1652227200&period2=1654300800&interval=1d&includePrePost=false,Verified,,https://finance.yahoo.com/quote/UTHR/history/,https://www.stockanalysis.com/stocks/uthr/history/
ROIV,"Organon (current US rights) / Dermavant Sciences, a Roivant company (applicant at approval)",2022-05-23,Approval,3.7,2022-05-20,3.65,2022-05-23,-1.35,3.91,,https://query1.finance.yahoo.com/v8/finance/chart/ROIV?period1=1652227200&period2=1654387199&interval=1d&includePrePost=false,Verified,master decision D123,https://finance.yahoo.com/quote/ROIV/history/,https://www.stockanalysis.com/stocks/roiv/history/
REGN,,2022-05-20,,657.15,2022-05-19,661.14,2022-05-20,0.61,681.91,,https://query1.finance.yahoo.com/v8/finance/chart/REGN?period1=1651968000&period2=1654041600&interval=1d&includePrePost=false,Verified,,https://finance.yahoo.com/quote/REGN/history/,https://www.stockanalysis.com/stocks/regn/history/
MRK,,2022-05-20,,92.09,2022-05-19,93.55,2022-05-20,1.59,93.83,,https://query1.finance.yahoo.com/v8/finance/chart/MRK?period1=1651968000&period2=1654041600&interval=1d&includePrePost=false,Verified,,https://finance.yahoo.com/quote/MRK/history/,https://www.stockanalysis.com/stocks/mrk/history/
BMY,,2022-05-20,,75.96,2022-05-19,76.19,2022-05-20,0.3,76.7,,https://query1.finance.yahoo.com/v8/finance/chart/BMY?period1=1651968000&period2=1654041600&interval=1d&includePrePost=false,Verified,,https://finance.yahoo.com/quote/BMY/history/,https://www.stockanalysis.com/stocks/bmy/history/
SIGA,,2022-05-18,,7.28,2022-05-17,7.39,2022-05-18,1.51,8.65,,https://query1.finance.yahoo.com/v8/finance/chart/SIGA?period1=1651795200&period2=1653868800&interval=1d&includePrePost=false,Verified,,https://finance.yahoo.com/quote/SIGA/history/,https://www.stockanalysis.com/stocks/siga/history/
LLY,Eli Lilly and Company,2022-05-13,Approval,291.8,2022-05-12,291.63,2022-05-13,-0.06,299.38,,https://query1.finance.yahoo.com/v8/finance/chart/LLY?period1=1651363200&period2=1653523199&interval=1d&includePrePost=false,Verified,master decision D122,https://finance.yahoo.com/quote/LLY/history/,https://www.stockanalysis.com/stocks/lly/history/
SGIOF,,2022-05-12,,17.6667,2022-05-11,17.1897,2022-05-12,-2.7,17.5667,,https://query1.finance.yahoo.com/v8/finance/chart/SGIOF?period1=1651276800&period2=1653350400&interval=1d&includePrePost=false,Verified,,https://finance.yahoo.com/quote/SGIOF/history/,https://www.stockanalysis.com/stocks/sgiof/history/
BMY,,2022-05-11,,76.29,2022-05-10,76.15,2022-05-11,-0.18,76.3,,https://query1.finance.yahoo.com/v8/finance/chart/BMY?period1=1651190400&period2=1653264000&interval=1d&includePrePost=false,Verified,,https://finance.yahoo.com/quote/BMY/history/,https://www.stockanalysis.com/stocks/bmy/history/
LLY,,2022-05-10,,289.23,2022-05-09,285.7,2022-05-10,-1.22,286.69,,https://query1.finance.yahoo.com/v8/finance/chart/LLY?period1=1651104000&period2=1653177600&interval=1d&includePrePost=false,Verified,,https://finance.yahoo.com/quote/LLY/history/,https://www.stockanalysis.com/stocks/lly/history/
AZN,,2022-05-09,,128.72,2022-05-06,125.16,2022-05-09,-2.77,127.28,,https://query1.finance.yahoo.com/v8/finance/chart/AZN?period1=1651017600&period2=1653091200&interval=1d&includePrePost=false,Verified,,https://finance.yahoo.com/quote/AZN/history/,https://www.stockanalysis.com/stocks/azn/history/
LLY,,2022-05-04,,288.07,2022-05-03,294.9,2022-05-04,2.37,292.37,,https://query1.finance.yahoo.com/v8/finance/chart/LLY?period1=1650585600&period2=1652659200&interval=1d&includePrePost=false,Verified,,https://finance.yahoo.com/quote/LLY/history/,https://www.stockanalysis.com/stocks/lly/history/
DSNKY,,2022-05-04,,25.9,2022-05-03,26.29,2022-05-04,1.51,25.57,,https://query1.finance.yahoo.com/v8/finance/chart/DSNKY?period1=1650585600&period2=1652659200&interval=1d&includePrePost=false,Verified,,https://finance.yahoo.com/quote/DSNKY/history/,https://www.stockanalysis.com/stocks/dsnky/history/
PHAT,Phathom Pharmaceuticals,2022-05-03,Approval,13.96,2022-05-02,14.63,2022-05-03,4.8,13.65,,https://query1.finance.yahoo.com/v8/finance/chart/PHAT?period1=1650499200&period2=1652659199&interval=1d&includePrePost=false,Verified,master decision D121,https://finance.yahoo.com/quote/PHAT/history/,https://www.stockanalysis.com/stocks/phat/history/
PFE,,2022-05-02,,49.07,2022-04-29,48.34,2022-05-02,-1.49,49.29,,https://query1.finance.yahoo.com/v8/finance/chart/PFE?period1=1650412800&period2=1652486400&interval=1d&includePrePost=false,Verified,,https://finance.yahoo.com/quote/PFE/history/,https://www.stockanalysis.com/stocks/pfe/history/
MRK,,2022-05-02,,88.69,2022-04-29,87.65,2022-05-02,-1.17,87.1,,https://query1.finance.yahoo.com/v8/finance/chart/MRK?period1=1650412800&period2=1652486400&interval=1d&includePrePost=false,Verified,,https://finance.yahoo.com/quote/MRK/history/,https://www.stockanalysis.com/stocks/mrk/history/
VTRS,,2022-04-29,,10.49,2022-04-28,10.33,2022-04-29,-1.53,10.21,,https://query1.finance.yahoo.com/v8/finance/chart/VTRS?period1=1650153600&period2=1652227200&interval=1d&includePrePost=false,Verified,,https://finance.yahoo.com/quote/VTRS/history/,https://www.stockanalysis.com/stocks/vtrs/history/
SUPN,,2022-04-29,,28.42,2022-04-28,27.9,2022-04-29,-1.83,28.88,,https://query1.finance.yahoo.com/v8/finance/chart/SUPN?period1=1650153600&period2=1652227200&interval=1d&includePrePost=false,Verified,,https://finance.yahoo.com/quote/SUPN/history/,https://www.stockanalysis.com/stocks/supn/history/
CHRS,"Coherus BioSciences, Inc.",2022-04-29,CRL,9.43,2022-04-28,9.04,2022-04-29,-4.14,9.68,,https://query1.finance.yahoo.com/v8/finance/chart/CHRS?period1=1650153600&period2=1652313599&interval=1d&includePrePost=false,Verified,,https://finance.yahoo.com/quote/CHRS/history/,https://www.stockanalysis.com/stocks/chrs/history/
ABBV,,2022-04-29,,156.31,2022-04-28,146.88,2022-04-29,-6.03,147.87,,https://query1.finance.yahoo.com/v8/finance/chart/ABBV?period1=1650153600&period2=1652227200&interval=1d&includePrePost=false,Verified,,https://finance.yahoo.com/quote/ABBV/history/,https://www.stockanalysis.com/stocks/abbv/history/
TAK,,2022-04-28,,14.43,2022-04-27,14.59,2022-04-28,1.11,14.54,,https://query1.finance.yahoo.com/v8/finance/chart/TAK?period1=1650067200&period2=1652140800&interval=1d&includePrePost=false,Verified,,https://finance.yahoo.com/quote/TAK/history/,https://www.stockanalysis.com/stocks/tak/history/
BMY,Bristol Myers Squibb,2022-04-28,Approval,75.81,2022-04-27,77.2,2022-04-28,1.83,75.27,,https://query1.finance.yahoo.com/v8/finance/chart/BMY?period1=1650067200&period2=1652227199&interval=1d&includePrePost=false,Verified,master decision D120,https://finance.yahoo.com/quote/BMY/history/,https://www.stockanalysis.com/stocks/bmy/history/
GILD,,2022-04-27,,61.77,2022-04-26,61.59,2022-04-27,-0.29,61.56,,https://query1.finance.yahoo.com/v8/finance/chart/GILD?period1=1649980800&period2=1652054400&interval=1d&includePrePost=false,Verified,,https://finance.yahoo.com/quote/GILD/history/,https://www.stockanalysis.com/stocks/gild/history/
GILD,,2022-04-25,,62.25,2022-04-22,62.65,2022-04-25,0.64,61.77,,https://query1.finance.yahoo.com/v8/finance/chart/GILD?period1=1649808000&period2=1651881600&interval=1d&includePrePost=false,Verified,,https://finance.yahoo.com/quote/GILD/history/,https://www.stockanalysis.com/stocks/gild/history/
FSNUY,,2022-04-21,,9.56,2022-04-20,9.56,2022-04-21,0.0,9.33,,https://query1.finance.yahoo.com/v8/finance/chart/FSNUY?period1=1649462400&period2=1651536000&interval=1d&includePrePost=false,Verified,,https://finance.yahoo.com/quote/FSNUY/history/,https://www.stockanalysis.com/stocks/fsnuy/history/
RDY,Dr. Reddy’s Laboratories Limited,2022-04-18,CRL,11.202,2022-04-14,11.064,2022-04-18,-1.23,11.096,,https://query1.finance.yahoo.com/v8/finance/chart/RDY?period1=1649203200&period2=1651363199&interval=1d&includePrePost=false,Verified,,https://finance.yahoo.com/quote/RDY/history/,https://www.stockanalysis.com/stocks/rdy/history/
ABBV,,2022-04-18,,162.31,2022-04-14,159.36,2022-04-18,-1.82,156.35,,https://query1.finance.yahoo.com/v8/finance/chart/ABBV?period1=1649203200&period2=1651276800&interval=1d&includePrePost=false,Verified,,https://finance.yahoo.com/quote/ABBV/history/,https://www.stockanalysis.com/stocks/abbv/history/
AMRX,,2022-04-13,,4.29,2022-04-12,4.34,2022-04-13,1.17,4.12,,https://query1.finance.yahoo.com/v8/finance/chart/AMRX?period1=1648771200&period2=1650844800&interval=1d&includePrePost=false,Verified,,https://finance.yahoo.com/quote/AMRX/history/,https://www.stockanalysis.com/stocks/amrx/history/
PFE,,2022-04-11,,55.17,2022-04-08,53.93,2022-04-11,-2.25,53.11,,https://query1.finance.yahoo.com/v8/finance/chart/PFE?period1=1648598400&period2=1650672000&interval=1d&includePrePost=false,Verified,,https://finance.yahoo.com/quote/PFE/history/,https://www.stockanalysis.com/stocks/pfe/history/
AZN,,2022-04-11,,142.28,2022-04-08,141.26,2022-04-11,-0.72,137.22,,https://query1.finance.yahoo.com/v8/finance/chart/AZN?period1=1648598400&period2=1650672000&interval=1d&includePrePost=false,Verified,,https://finance.yahoo.com/quote/AZN/history/,https://www.stockanalysis.com/stocks/azn/history/
NVS,,2022-04-05,,87.33,2022-04-04,88.17,2022-04-05,0.96,90.65,,https://query1.finance.yahoo.com/v8/finance/chart/NVS?period1=1648080000&period2=1650153600&interval=1d&includePrePost=false,Verified,,https://finance.yahoo.com/quote/NVS/history/,https://www.stockanalysis.com/stocks/nvs/history/
JNJ,,2022-03-29,,177.83,2022-03-28,177.74,2022-03-29,-0.05,179.59,,https://query1.finance.yahoo.com/v8/finance/chart/JNJ?period1=1647475200&period2=1649548800&interval=1d&includePrePost=false,Verified,,https://finance.yahoo.com/quote/JNJ/history/,https://www.stockanalysis.com/stocks/jnj/history/
AKBA,"Akebia Therapeutics, Inc.",2022-03-29,CRL,2.44,2022-03-28,2.44,2022-03-29,0.0,0.829,,https://query1.finance.yahoo.com/v8/finance/chart/AKBA?period1=1647475200&period2=1649635199&interval=1d&includePrePost=false,Verified,,https://finance.yahoo.com/quote/AKBA/history/,https://www.stockanalysis.com/stocks/akba/history/
NVO,,2022-03-28,,53.255,2022-03-25,53.955,2022-03-28,1.31,55.1,,https://query1.finance.yahoo.com/v8/finance/chart/NVO?period1=1647388800&period2=1649462400&interval=1d&includePrePost=false,Verified,,https://finance.yahoo.com/quote/NVO/history/,https://www.stockanalysis.com/stocks/nvo/history/
NVS,Novartis AG,2022-03-23,Approval,85.91,2022-03-22,85.55,2022-03-23,-0.42,86.64,,https://query1.finance.yahoo.com/v8/finance/chart/NVS?period1=1646956800&period2=1649116799&interval=1d&includePrePost=false,Verified,lineage proxy per master precedent (see master row notes: decision-date symbol differs from the modern ticker); master decision D118,https://finance.yahoo.com/quote/NVS/history/,https://www.stockanalysis.com/stocks/nvs/history/
FSNUY,,2022-03-22,,8.78,2022-03-21,8.88,2022-03-22,1.14,8.78,,https://query1.finance.yahoo.com/v8/finance/chart/FSNUY?period1=1646870400&period2=1648944000&interval=1d&includePrePost=false,Verified,,https://finance.yahoo.com/quote/FSNUY/history/,https://www.stockanalysis.com/stocks/fsnuy/history/
BMY,,2022-03-22,,71.05,2022-03-21,70.82,2022-03-22,-0.32,71.38,,https://query1.finance.yahoo.com/v8/finance/chart/BMY?period1=1646870400&period2=1648944000&interval=1d&includePrePost=false,Verified,,https://finance.yahoo.com/quote/BMY/history/,https://www.stockanalysis.com/stocks/bmy/history/
MRK,,2022-03-21,,79.11,2022-03-18,79.06,2022-03-21,-0.06,79.3,,https://query1.finance.yahoo.com/v8/finance/chart/MRK?period1=1646784000&period2=1648857600&interval=1d&includePrePost=false,Verified,,https://finance.yahoo.com/quote/MRK/history/,https://www.stockanalysis.com/stocks/mrk/history/
MRNS,,2022-03-18,,,,,,,,,https://query1.finance.yahoo.com/v8/finance/chart/MRNS?period1=1646524800&period2=1648598400&interval=1d&includePrePost=false,Data unavailable - acquired/delisted or pre-Yahoo coverage,fetch status: FAILED HTTPError: HTTP Error 404: Not Found,https://finance.yahoo.com/quote/MRNS/history/,https://www.stockanalysis.com/stocks/mrns/history/
BMY,Bristol Myers Squibb,2022-03-18,Approval,70.52,2022-03-17,71.02,2022-03-18,0.71,71.05,,https://query1.finance.yahoo.com/v8/finance/chart/BMY?period1=1646524800&period2=1648684799&interval=1d&includePrePost=false,Verified,master decision D116,https://finance.yahoo.com/quote/BMY/history/,https://www.stockanalysis.com/stocks/bmy/history/
PRGO,,2022-03-17,,38.18,2022-03-16,38.53,2022-03-17,0.92,38.26,,https://query1.finance.yahoo.com/v8/finance/chart/PRGO?period1=1646438400&period2=1648512000&interval=1d&includePrePost=false,Verified,,https://finance.yahoo.com/quote/PRGO/history/,https://www.stockanalysis.com/stocks/prgo/history/
ABBV,,2022-03-16,,155.88,2022-03-15,156.05,2022-03-16,0.11,158.59,,https://query1.finance.yahoo.com/v8/finance/chart/ABBV?period1=1646352000&period2=1648425600&interval=1d&includePrePost=false,Verified,,https://finance.yahoo.com/quote/ABBV/history/,https://www.stockanalysis.com/stocks/abbv/history/
BLCO,,2022-03-15,,,,,,,,,https://query1.finance.yahoo.com/v8/finance/chart/BLCO?period1=1646265600&period2=1648339200&interval=1d&includePrePost=false,Data unavailable - acquired/delisted or pre-Yahoo coverage,fetch status: FAILED HTTPError: HTTP Error 400: Bad Request,https://finance.yahoo.com/quote/BLCO/history/,https://www.stockanalysis.com/stocks/blco/history/
AZN,,2022-03-11,,121.8,2022-03-10,120.6,2022-03-11,-0.99,120.78,,https://query1.finance.yahoo.com/v8/finance/chart/AZN?period1=1645920000&period2=1647993600&interval=1d&includePrePost=false,Verified,,https://finance.yahoo.com/quote/AZN/history/,https://www.stockanalysis.com/stocks/azn/history/
JNJ,,2022-03-04,,168.48,2022-03-03,169.48,2022-03-04,0.59,172.21,,https://query1.finance.yahoo.com/v8/finance/chart/JNJ?period1=1645315200&period2=1647388800&interval=1d&includePrePost=false,Verified,,https://finance.yahoo.com/quote/JNJ/history/,https://www.stockanalysis.com/stocks/jnj/history/
BMY,,2022-03-04,,69.11,2022-03-03,69.36,2022-03-04,0.36,68.77,,https://query1.finance.yahoo.com/v8/finance/chart/BMY?period1=1645315200&period2=1647388800&interval=1d&includePrePost=false,Verified,,https://finance.yahoo.com/quote/BMY/history/,https://www.stockanalysis.com/stocks/bmy/history/
NVS,,2022-03-01,,87.46,2022-02-28,87.12,2022-03-01,-0.39,87.68,,https://query1.finance.yahoo.com/v8/finance/chart/NVS?period1=1645056000&period2=1647129600&interval=1d&includePrePost=false,Verified,,https://finance.yahoo.com/quote/NVS/history/,https://www.stockanalysis.com/stocks/nvs/history/
TAK,,2022-02-28,,15.03,2022-02-25,15.2,2022-02-28,1.13,15.06,,https://query1.finance.yahoo.com/v8/finance/chart/TAK?period1=1644969600&period2=1647043200&interval=1d&includePrePost=false,Verified,,https://finance.yahoo.com/quote/TAK/history/,https://www.stockanalysis.com/stocks/tak/history/
GILD,"Gilead Sciences, Inc.",2022-02-28,CRL,61.12,2022-02-25,60.4,2022-02-28,-1.18,60.26,,https://query1.finance.yahoo.com/v8/finance/chart/GILD?period1=1644969600&period2=1647129599&interval=1d&includePrePost=false,Verified,,https://finance.yahoo.com/quote/GILD/history/,https://www.stockanalysis.com/stocks/gild/history/
CTIC,,2022-02-28,,,,,,,,,https://query1.finance.yahoo.com/v8/finance/chart/CTIC?period1=1644969600&period2=1647043200&interval=1d&includePrePost=false,Data unavailable - acquired/delisted or pre-Yahoo coverage,fetch status: FAILED HTTPError: HTTP Error 404: Not Found,https://finance.yahoo.com/quote/CTIC/history/,https://www.stockanalysis.com/stocks/ctic/history/
JNJ,,2022-02-25,,158.14,2022-02-24,166,2022-02-25,4.97,164.57,,https://query1.finance.yahoo.com/v8/finance/chart/JNJ?period1=1644710400&period2=1646784000&interval=1d&includePrePost=false,Verified,,https://finance.yahoo.com/quote/JNJ/history/,https://www.stockanalysis.com/stocks/jnj/history/
AGIO,Agios Pharmaceuticals,2022-02-17,Approval,31.07,2022-02-16,29.46,2022-02-17,-5.18,29.42,,https://query1.finance.yahoo.com/v8/finance/chart/AGIO?period1=1644019200&period2=1646179199&interval=1d&includePrePost=false,Verified,master decision D114,https://finance.yahoo.com/quote/AGIO/history/,https://www.stockanalysis.com/stocks/agio/history/
TAK,,2022-02-15,,15.06,2022-02-14,15.19,2022-02-15,0.86,15.26,,https://query1.finance.yahoo.com/v8/finance/chart/TAK?period1=1643846400&period2=1645920000&interval=1d&includePrePost=false,Verified,,https://finance.yahoo.com/quote/TAK/history/,https://www.stockanalysis.com/stocks/tak/history/
SNY,"Recordati Rare Diseases (current holder) / Bioverativ, a Sanofi company (applicant at approval)",2022-02-04,Approval,52.46,2022-02-03,52.08,2022-02-04,-0.72,53.05,,https://query1.finance.yahoo.com/v8/finance/chart/SNY?period1=1642896000&period2=1645055999&interval=1d&includePrePost=false,Verified,lineage proxy per master precedent (see master row notes: decision-date symbol differs from the modern ticker); master decision D113,https://finance.yahoo.com/quote/SNY/history/,https://www.stockanalysis.com/stocks/sny/history/
MRK,,2022-02-04,,79.01,2022-02-03,78.56,2022-02-04,-0.57,77.58,,https://query1.finance.yahoo.com/v8/finance/chart/MRK?period1=1642896000&period2=1644969600&interval=1d&includePrePost=false,Verified,,https://finance.yahoo.com/quote/MRK/history/,https://www.stockanalysis.com/stocks/mrk/history/
AZN,,2022-02-03,,118.02,2022-02-02,114.66,2022-02-03,-2.85,111.44,,https://query1.finance.yahoo.com/v8/finance/chart/AZN?period1=1642809600&period2=1644883200&interval=1d&includePrePost=false,Verified,,https://finance.yahoo.com/quote/AZN/history/,https://www.stockanalysis.com/stocks/azn/history/
JNJ,,2022-01-31,,171.79,2022-01-28,172.29,2022-01-31,0.29,170.88,,https://query1.finance.yahoo.com/v8/finance/chart/JNJ?period1=1642550400&period2=1644624000&interval=1d&includePrePost=false,Verified,,https://finance.yahoo.com/quote/JNJ/history/,https://www.stockanalysis.com/stocks/jnj/history/
AZN,,2022-01-31,,118.6,2022-01-28,116.42,2022-01-31,-1.84,115.36,,https://query1.finance.yahoo.com/v8/finance/chart/AZN?period1=1642550400&period2=1644624000&interval=1d&includePrePost=false,Verified,,https://finance.yahoo.com/quote/AZN/history/,https://www.stockanalysis.com/stocks/azn/history/
VTRS,,2022-01-28,,14.59,2022-01-27,14.63,2022-01-28,0.27,14.97,,https://query1.finance.yahoo.com/v8/finance/chart/VTRS?period1=1642291200&period2=1644364800&interval=1d&includePrePost=false,Verified,,https://finance.yahoo.com/quote/VTRS/history/,https://www.stockanalysis.com/stocks/vtrs/history/
RHHBY,Roche Holding AG (Genentech),2022-01-28,Approval,47.7,2022-01-27,48.31,2022-01-28,1.28,48.59,,https://query1.finance.yahoo.com/v8/finance/chart/RHHBY?period1=1642291200&period2=1644451199&interval=1d&includePrePost=false,Verified,lineage proxy per master precedent (see master row notes: decision-date symbol differs from the modern ticker); master decision D112,https://finance.yahoo.com/quote/RHHBY/history/,https://www.stockanalysis.com/stocks/rhhby/history/
NVS,,2022-01-28,,85.14,2022-01-27,85.91,2022-01-28,0.9,86.91,,https://query1.finance.yahoo.com/v8/finance/chart/NVS?period1=1642291200&period2=1644364800&interval=1d&includePrePost=false,Verified,,https://finance.yahoo.com/quote/NVS/history/,https://www.stockanalysis.com/stocks/nvs/history/
MRK,,2022-01-27,,79.14,2022-01-26,80.58,2022-01-27,1.82,80.9,,https://query1.finance.yahoo.com/v8/finance/chart/MRK?period1=1642204800&period2=1644278400&interval=1d&includePrePost=false,Verified,,https://finance.yahoo.com/quote/MRK/history/,https://www.stockanalysis.com/stocks/mrk/history/
IMCR,Immunocore Holdings,2022-01-25,Approval,21.63,2022-01-24,21.93,2022-01-25,1.39,23.58,,https://query1.finance.yahoo.com/v8/finance/chart/IMCR?period1=1642032000&period2=1644191999&interval=1d&includePrePost=false,Verified,master decision D111,https://finance.yahoo.com/quote/IMCR/history/,https://www.stockanalysis.com/stocks/imcr/history/
BAX,,2022-01-25,,85.96,2022-01-24,85.07,2022-01-25,-1.04,84.27,,https://query1.finance.yahoo.com/v8/finance/chart/BAX?period1=1642032000&period2=1644105600&interval=1d&includePrePost=false,Verified,,https://finance.yahoo.com/quote/BAX/history/,https://www.stockanalysis.com/stocks/bax/history/
PFE,Pfizer Inc.,2022-01-21,CRL,54.05,2022-01-20,52.79,2022-01-21,-2.33,51.54,,https://query1.finance.yahoo.com/v8/finance/chart/PFE?period1=1641686400&period2=1643846399&interval=1d&includePrePost=false,Verified,,https://finance.yahoo.com/quote/PFE/history/,https://www.stockanalysis.com/stocks/pfe/history/
GILD,,2022-01-21,,67.81,2022-01-20,68.51,2022-01-21,1.03,68.57,,https://query1.finance.yahoo.com/v8/finance/chart/GILD?period1=1641686400&period2=1643760000&interval=1d&includePrePost=false,Verified,,https://finance.yahoo.com/quote/GILD/history/,https://www.stockanalysis.com/stocks/gild/history/
ABBV,,2022-01-21,,133.03,2022-01-20,131.98,2022-01-21,-0.79,132.16,,https://query1.finance.yahoo.com/v8/finance/chart/ABBV?period1=1641686400&period2=1643760000&interval=1d&includePrePost=false,Verified,,https://finance.yahoo.com/quote/ABBV/history/,https://www.stockanalysis.com/stocks/abbv/history/
PFE,Pfizer,2022-01-14,Approval,55.54,2022-01-13,54.95,2022-01-14,-1.06,54.11,,https://query1.finance.yahoo.com/v8/finance/chart/PFE?period1=1641081600&period2=1643241599&interval=1d&includePrePost=false,Verified,master decision D110,https://finance.yahoo.com/quote/PFE/history/,https://www.stockanalysis.com/stocks/pfe/history/
ABBV,,2022-01-14,,133.52,2022-01-13,135.87,2022-01-14,1.76,136.78,,https://query1.finance.yahoo.com/v8/finance/chart/ABBV?period1=1641081600&period2=1643155200&interval=1d&includePrePost=false,Verified,,https://finance.yahoo.com/quote/ABBV/history/,https://www.stockanalysis.com/stocks/abbv/history/
JNJ,,2022-01-13,,169.79,2022-01-12,168.76,2022-01-13,-0.61,167.84,,https://query1.finance.yahoo.com/v8/finance/chart/JNJ?period1=1640995200&period2=1643068800&interval=1d&includePrePost=false,Verified,,https://finance.yahoo.com/quote/JNJ/history/,https://www.stockanalysis.com/stocks/jnj/history/
GILD,,2022-01-07,,71.59,2022-01-06,71.26,2022-01-07,-0.46,72.09,,https://query1.finance.yahoo.com/v8/finance/chart/GILD?period1=1640476800&period2=1642550400&interval=1d&includePrePost=false,Verified,,https://finance.yahoo.com/quote/GILD/history/,https://www.stockanalysis.com/stocks/gild/history/
NVS,,2021-12-30,,88.12,2021-12-29,87.46,2021-12-30,-0.75,87.47,,https://query1.finance.yahoo.com/v8/finance/chart/NVS?period1=1639785600&period2=1641859200&interval=1d&includePrePost=false,Verified,,https://finance.yahoo.com/quote/NVS/history/,https://www.stockanalysis.com/stocks/nvs/history/
RDUS,,2021-12-22,,,,,,,,,https://query1.finance.yahoo.com/v8/finance/chart/RDUS?period1=1639094400&period2=1641168000&interval=1d&includePrePost=false,Data unavailable - acquired/delisted or pre-Yahoo coverage,fetch status: FAILED HTTPError: HTTP Error 404: Not Found,https://finance.yahoo.com/quote/RDUS/history/,https://www.stockanalysis.com/stocks/rdus/history/
NVS,Novartis AG,2021-12-22,Approval,85.99,2021-12-21,86.31,2021-12-22,0.37,86.66,,https://query1.finance.yahoo.com/v8/finance/chart/NVS?period1=1639612800&period2=1640649600&interval=1d,Verified,,https://finance.yahoo.com/quote/NVS/history/,https://www.stockanalysis.com/stocks/nvs/history/
JNJ,,2021-12-20,,168.23,2021-12-17,167.75,2021-12-20,-0.29,167.21,,https://query1.finance.yahoo.com/v8/finance/chart/JNJ?period1=1638921600&period2=1640995200&interval=1d&includePrePost=false,Verified,,https://finance.yahoo.com/quote/JNJ/history/,https://www.stockanalysis.com/stocks/jnj/history/
AMGN,,2021-12-20,,222.5,2021-12-17,219.99,2021-12-20,-1.13,220.92,,https://query1.finance.yahoo.com/v8/finance/chart/AMGN?period1=1638921600&period2=1640995200&interval=1d&includePrePost=false,Verified,,https://finance.yahoo.com/quote/AMGN/history/,https://www.stockanalysis.com/stocks/amgn/history/
ESALY,,2021-12-19,,,,,,,,,https://query1.finance.yahoo.com/v8/finance/chart/ESALY?period1=1638835200&period2=1640908800&interval=1d&includePrePost=false,Data unavailable - acquired/delisted or pre-Yahoo coverage,fetch status: FAILED HTTPError: HTTP Error 404: Not Found,https://finance.yahoo.com/quote/ESALY/history/,https://www.stockanalysis.com/stocks/esaly/history/
TLX,,2021-12-17,,,,,,,,,https://query1.finance.yahoo.com/v8/finance/chart/TLX?period1=1638662400&period2=1640736000&interval=1d&includePrePost=false,Data unavailable - acquired/delisted or pre-Yahoo coverage,fetch status: FAILED HTTPError: HTTP Error 400: Bad Request,https://finance.yahoo.com/quote/TLX/history/,https://www.stockanalysis.com/stocks/tlx/history/
TAK,Takeda Pharmaceutical,2021-12-17,CRL,13.69,2021-12-16,13.74,2021-12-17,0.37,13.9,,https://query1.finance.yahoo.com/v8/finance/chart/TAK?period1=1638662400&period2=1640822399&interval=1d&includePrePost=false,Verified,,https://finance.yahoo.com/quote/TAK/history/,https://www.stockanalysis.com/stocks/tak/history/
MRK,,2021-12-17,,75.91,2021-12-16,75.69,2021-12-17,-0.29,76.41,,https://query1.finance.yahoo.com/v8/finance/chart/MRK?period1=1638662400&period2=1640736000&interval=1d&includePrePost=false,Verified,,https://finance.yahoo.com/quote/MRK/history/,https://www.stockanalysis.com/stocks/mrk/history/
LLY,Eli Lilly and Company,2021-12-17,CRL,279.04,2021-12-16,267.42,2021-12-17,-4.16,263.48,,https://query1.finance.yahoo.com/v8/finance/chart/LLY?period1=1638662400&period2=1640822399&interval=1d&includePrePost=false,Verified,,https://finance.yahoo.com/quote/LLY/history/,https://www.stockanalysis.com/stocks/lly/history/
AZN,AstraZeneca plc / Amgen Inc.,2021-12-17,Approval,114.18,2021-12-16,112.04,2021-12-17,-1.87,113.12,,https://query1.finance.yahoo.com/v8/finance/chart/AZN?period1=1639180800&period2=1640217600&interval=1d,Verified,,https://finance.yahoo.com/quote/AZN/history/,https://www.stockanalysis.com/stocks/azn/history/
ARGX,argenx SE,2021-12-17,Approval,297.14,2021-12-16,310.26,2021-12-17,4.42,337.51,,https://query1.finance.yahoo.com/v8/finance/chart/ARGX?period1=1639180800&period2=1640217600&interval=1d,Verified,,https://finance.yahoo.com/quote/ARGX/history/,https://www.stockanalysis.com/stocks/argx/history/
BMY,,2021-12-15,,59.51,2021-12-14,60.61,2021-12-15,1.85,62.17,,https://query1.finance.yahoo.com/v8/finance/chart/BMY?period1=1638489600&period2=1640563200&interval=1d&includePrePost=false,Verified,,https://finance.yahoo.com/quote/BMY/history/,https://www.stockanalysis.com/stocks/bmy/history/
PFE,,2021-12-14,,55.2,2021-12-13,55.54,2021-12-14,0.62,58.8,,https://query1.finance.yahoo.com/v8/finance/chart/PFE?period1=1638403200&period2=1640476800&interval=1d&includePrePost=false,Verified,,https://finance.yahoo.com/quote/PFE/history/,https://www.stockanalysis.com/stocks/pfe/history/
ABBV,,2021-12-14,,126.51,2021-12-13,127.29,2021-12-14,0.62,130.23,,https://query1.finance.yahoo.com/v8/finance/chart/ABBV?period1=1638403200&period2=1640476800&interval=1d&includePrePost=false,Verified,,https://finance.yahoo.com/quote/ABBV/history/,https://www.stockanalysis.com/stocks/abbv/history/
NVS,,2021-12-10,,80.44,2021-12-09,80.67,2021-12-10,0.29,80.85,,https://query1.finance.yahoo.com/v8/finance/chart/NVS?period1=1638057600&period2=1640131200&interval=1d&includePrePost=false,Verified,,https://finance.yahoo.com/quote/NVS/history/,https://www.stockanalysis.com/stocks/nvs/history/
ABBV,,2021-12-10,,124.15,2021-12-09,125.47,2021-12-10,1.06,126.51,,https://query1.finance.yahoo.com/v8/finance/chart/ABBV?period1=1638057600&period2=1640131200&interval=1d&includePrePost=false,Verified,,https://finance.yahoo.com/quote/ABBV/history/,https://www.stockanalysis.com/stocks/abbv/history/
MRK,,2021-12-09,,73.21,2021-12-08,72.86,2021-12-09,-0.48,72.62,,https://query1.finance.yahoo.com/v8/finance/chart/MRK?period1=1637971200&period2=1640044800&interval=1d&includePrePost=false,Verified,,https://finance.yahoo.com/quote/MRK/history/,https://www.stockanalysis.com/stocks/mrk/history/
OGN,,2021-12-07,,29.31,2021-12-06,29.31,2021-12-07,0.0,29.33,,https://query1.finance.yahoo.com/v8/finance/chart/OGN?period1=1637798400&period2=1639872000&interval=1d&includePrePost=false,Verified,,https://finance.yahoo.com/quote/OGN/history/,https://www.stockanalysis.com/stocks/ogn/history/
MRK,,2021-12-03,,73.89,2021-12-02,73.34,2021-12-03,-0.74,73.42,,https://query1.finance.yahoo.com/v8/finance/chart/MRK?period1=1637452800&period2=1639526400&interval=1d&includePrePost=false,Verified,,https://finance.yahoo.com/quote/MRK/history/,https://www.stockanalysis.com/stocks/mrk/history/
JNJ,,2021-11-30,,159.75,2021-11-29,155.93,2021-11-30,-2.39,158.08,,https://query1.finance.yahoo.com/v8/finance/chart/JNJ?period1=1637193600&period2=1639267200&interval=1d&includePrePost=false,Verified,,https://finance.yahoo.com/quote/JNJ/history/,https://www.stockanalysis.com/stocks/jnj/history/
AMGN,,2021-11-30,,203.47,2021-11-29,198.88,2021-11-30,-2.26,200.8,,https://query1.finance.yahoo.com/v8/finance/chart/AMGN?period1=1637193600&period2=1639267200&interval=1d&includePrePost=false,Verified,,https://finance.yahoo.com/quote/AMGN/history/,https://www.stockanalysis.com/stocks/amgn/history/
FENC,"Fennec Pharmaceuticals, Inc.",2021-11-26,CRL,9.85,2021-11-24,9.64,2021-11-26,-2.13,4.78,,https://query1.finance.yahoo.com/v8/finance/chart/FENC?period1=1636848000&period2=1639007999&interval=1d&includePrePost=false,Verified,,https://finance.yahoo.com/quote/FENC/history/,https://www.stockanalysis.com/stocks/fenc/history/
TAK,Takeda Pharmaceutical Company Limited,2021-11-23,Approval,13.81,2021-11-22,13.79,2021-11-23,-0.14,13.65,,https://query1.finance.yahoo.com/v8/finance/chart/TAK?period1=1637107200&period2=1638144000&interval=1d,Verified,,https://finance.yahoo.com/quote/TAK/history/,https://www.stockanalysis.com/stocks/tak/history/
SIGA,,2021-11-23,,9.18,2021-11-22,9.18,2021-11-23,0.0,8.87,,https://query1.finance.yahoo.com/v8/finance/chart/SIGA?period1=1636588800&period2=1638662400&interval=1d&includePrePost=false,Verified,,https://finance.yahoo.com/quote/SIGA/history/,https://www.stockanalysis.com/stocks/siga/history/
BMRN,BioMarin Pharmaceutical Inc.,2021-11-19,Approval,82.92,2021-11-18,91.47,2021-11-19,10.31,90.3,,https://query1.finance.yahoo.com/v8/finance/chart/BMRN?period1=1636761600&period2=1637798400&interval=1d,Verified,,https://finance.yahoo.com/quote/BMRN/history/,https://www.stockanalysis.com/stocks/bmrn/history/
MRK,,2021-11-17,,84.11,2021-11-16,82.6,2021-11-17,-1.8,83.05,,https://query1.finance.yahoo.com/v8/finance/chart/MRK?period1=1636070400&period2=1638144000&interval=1d&includePrePost=false,Verified,,https://finance.yahoo.com/quote/MRK/history/,https://www.stockanalysis.com/stocks/mrk/history/
PFE,,2021-11-15,,49.73,2021-11-12,49.65,2021-11-15,-0.16,49.6,,https://query1.finance.yahoo.com/v8/finance/chart/PFE?period1=1635897600&period2=1637971200&interval=1d&includePrePost=false,Verified,,https://finance.yahoo.com/quote/PFE/history/,https://www.stockanalysis.com/stocks/pfe/history/
AMGN,,2021-11-15,,211.39,2021-11-12,207.4,2021-11-15,-1.89,205.39,,https://query1.finance.yahoo.com/v8/finance/chart/AMGN?period1=1635897600&period2=1637971200&interval=1d&includePrePost=false,Verified,,https://finance.yahoo.com/quote/AMGN/history/,https://www.stockanalysis.com/stocks/amgn/history/
AZN,,2021-11-04,,127.66,2021-11-03,127.66,2021-11-04,0.0,126.18,,https://query1.finance.yahoo.com/v8/finance/chart/AZN?period1=1634947200&period2=1637020800&interval=1d&includePrePost=false,Verified,,https://finance.yahoo.com/quote/AZN/history/,https://www.stockanalysis.com/stocks/azn/history/
NVS,Novartis AG,2021-10-29,Approval,83.31,2021-10-28,82.76,2021-10-29,-0.66,84.05,,https://query1.finance.yahoo.com/v8/finance/chart/NVS?period1=1634947200&period2=1635984000&interval=1d,Verified,,https://finance.yahoo.com/quote/NVS/history/,https://www.stockanalysis.com/stocks/nvs/history/
ABBV,,2021-10-28,,108.4,2021-10-27,109.67,2021-10-28,1.17,114.67,,https://query1.finance.yahoo.com/v8/finance/chart/ABBV?period1=1634342400&period2=1636416000&interval=1d&includePrePost=false,Verified,,https://finance.yahoo.com/quote/ABBV/history/,https://www.stockanalysis.com/stocks/abbv/history/
EYEN,"Eyenovia, Inc.",2021-10-22,CRL,,,,,,,,https://query1.finance.yahoo.com/v8/finance/chart/EYEN?period1=1633824000&period2=1635983999&interval=1d&includePrePost=false,Data unavailable - acquired/delisted or pre-Yahoo coverage,fetch status: FAILED HTTPError: HTTP Error 404: Not Found (recorded in the job manifest; never retried with a successor ticker),https://finance.yahoo.com/quote/EYEN/history/,https://www.stockanalysis.com/stocks/eyen/history/
BLCO,,2021-10-22,,,,,,,,,https://query1.finance.yahoo.com/v8/finance/chart/BLCO?period1=1633824000&period2=1635897600&interval=1d&includePrePost=false,Data unavailable - acquired/delisted or pre-Yahoo coverage,fetch status: FAILED HTTPError: HTTP Error 400: Bad Request,https://finance.yahoo.com/quote/BLCO/history/,https://www.stockanalysis.com/stocks/blco/history/
REGN,,2021-10-20,,552.11,2021-10-19,562.71,2021-10-20,1.92,569.37,,https://query1.finance.yahoo.com/v8/finance/chart/REGN?period1=1633651200&period2=1635724800&interval=1d&includePrePost=false,Verified,,https://finance.yahoo.com/quote/REGN/history/,https://www.stockanalysis.com/stocks/regn/history/
UTHR,United Therapeutics Corporation,2021-10-15,CRL,187.6,2021-10-14,187.07,2021-10-15,-0.28,184.32,,https://query1.finance.yahoo.com/v8/finance/chart/UTHR?period1=1633219200&period2=1635379199&interval=1d&includePrePost=false,Verified,,https://finance.yahoo.com/quote/UTHR/history/,https://www.stockanalysis.com/stocks/uthr/history/
OMER,Omeros Corporation,2021-10-15,CRL,7.73,2021-10-14,7.73,2021-10-15,0.0,5.67,,https://query1.finance.yahoo.com/v8/finance/chart/OMER?period1=1633219200&period2=1635379199&interval=1d&includePrePost=false,Verified,,https://finance.yahoo.com/quote/OMER/history/,https://www.stockanalysis.com/stocks/omer/history/
RVNC,"Revance Therapeutics, Inc.",2021-10-14,CRL,,,,,,,,https://query1.finance.yahoo.com/v8/finance/chart/RVNC?period1=1633132800&period2=1635292799&interval=1d&includePrePost=false,Data unavailable - acquired/delisted or pre-Yahoo coverage,fetch status: FAILED HTTPError: HTTP Error 404: Not Found (recorded in the job manifest; never retried with a successor ticker),https://finance.yahoo.com/quote/RVNC/history/,https://www.stockanalysis.com/stocks/rvnc/history/
MRK,,2021-10-13,,79.59,2021-10-12,78.95,2021-10-13,-0.8,78.33,,https://query1.finance.yahoo.com/v8/finance/chart/MRK?period1=1633046400&period2=1635120000&interval=1d&includePrePost=false,Verified,,https://finance.yahoo.com/quote/MRK/history/,https://www.stockanalysis.com/stocks/mrk/history/
LLY,,2021-10-12,,233.67,2021-10-11,232.78,2021-10-12,-0.38,236.44,,https://query1.finance.yahoo.com/v8/finance/chart/LLY?period1=1632960000&period2=1635033600&interval=1d&includePrePost=false,Verified,,https://finance.yahoo.com/quote/LLY/history/,https://www.stockanalysis.com/stocks/lly/history/
GILD,,2021-10-07,,67.48,2021-10-06,68.14,2021-10-07,0.98,68.05,,https://query1.finance.yahoo.com/v8/finance/chart/GILD?period1=1632528000&period2=1634601600&interval=1d&includePrePost=false,Verified,,https://finance.yahoo.com/quote/GILD/history/,https://www.stockanalysis.com/stocks/gild/history/
CCXI,"ChemoCentryx, Inc. (acquired by Amgen, Oct 2022)",2021-10-07,Approval,,,,,,,,https://query1.finance.yahoo.com/v8/finance/chart/CCXI?period1=1633046400&period2=1634083200&interval=1d,Verified - price unavailable,"Yahoo Finance returned ""Data doesn't exist for startDate"" - ChemoCentryx (CCXI) was acquired by Amgen in Oct 2022 and its history has been withdrawn from the chart API.",https://finance.yahoo.com/quote/CCXI/history/,https://www.stockanalysis.com/stocks/ccxi/history/
ABBV,,2021-10-04,,109.09,2021-10-01,108.73,2021-10-04,-0.33,109.51,,https://query1.finance.yahoo.com/v8/finance/chart/ABBV?period1=1632268800&period2=1634342400&interval=1d&includePrePost=false,Verified,,https://finance.yahoo.com/quote/ABBV/history/,https://www.stockanalysis.com/stocks/abbv/history/
MIRM,"Mirum Pharmaceuticals, Inc.",2021-09-29,Approval,18.75,2021-09-28,18.67,2021-09-29,-0.43,19.92,,https://query1.finance.yahoo.com/v8/finance/chart/MIRM?period1=1632355200&period2=1633392000&interval=1d,Verified,,https://finance.yahoo.com/quote/MIRM/history/,https://www.stockanalysis.com/stocks/mirm/history/
ABBV,AbbVie Inc.,2021-09-28,Approval,107.72,2021-09-27,107.34,2021-09-28,-0.35,108.84,,https://query1.finance.yahoo.com/v8/finance/chart/ABBV?period1=1632268800&period2=1633305600&interval=1d,Verified,,https://finance.yahoo.com/quote/ABBV/history/,https://www.stockanalysis.com/stocks/abbv/history/
AMGN,,2021-09-24,,215.05,2021-09-23,213.61,2021-09-24,-0.67,213.11,,https://query1.finance.yahoo.com/v8/finance/chart/AMGN?period1=1631404800&period2=1633478400&interval=1d&includePrePost=false,Verified,,https://finance.yahoo.com/quote/AMGN/history/,https://www.stockanalysis.com/stocks/amgn/history/
NVS,,2021-09-23,,82.8,2021-09-22,83.57,2021-09-23,0.93,82.93,,https://query1.finance.yahoo.com/v8/finance/chart/NVS?period1=1631318400&period2=1633392000&interval=1d&includePrePost=false,Verified,,https://finance.yahoo.com/quote/NVS/history/,https://www.stockanalysis.com/stocks/nvs/history/
INCY,,2021-09-22,,76.06,2021-09-21,69.59,2021-09-22,-8.51,69.78,,https://query1.finance.yahoo.com/v8/finance/chart/INCY?period1=1631232000&period2=1633305600&interval=1d&includePrePost=false,Verified,,https://finance.yahoo.com/quote/INCY/history/,https://www.stockanalysis.com/stocks/incy/history/
INCY,,2021-09-21,,75.91,2021-09-20,76.06,2021-09-21,0.2,69.59,,https://query1.finance.yahoo.com/v8/finance/chart/INCY?period1=1631145600&period2=1633219200&interval=1d&includePrePost=false,Verified,,https://finance.yahoo.com/quote/INCY/history/,https://www.stockanalysis.com/stocks/incy/history/
SGEN,"Seagen Inc. (acquired by Pfizer, Dec 2023)",2021-09-20,Approval,,,,,,,,https://query1.finance.yahoo.com/v8/finance/chart/SGEN?period1=1631577600&period2=1632614400&interval=1d,Verified - price unavailable,"Yahoo Finance returned ""No data found, symbol may be delisted"" - Seagen (SGEN) was acquired by Pfizer in Dec 2023 and its history has been withdrawn from the chart API.",https://finance.yahoo.com/quote/SGEN/history/,https://www.stockanalysis.com/stocks/sgen/history/
RDUS,,2021-09-20,,,,,,,,,https://query1.finance.yahoo.com/v8/finance/chart/RDUS?period1=1631059200&period2=1633132800&interval=1d&includePrePost=false,Data unavailable - acquired/delisted or pre-Yahoo coverage,fetch status: FAILED HTTPError: HTTP Error 404: Not Found,https://finance.yahoo.com/quote/RDUS/history/,https://www.stockanalysis.com/stocks/rdus/history/
FSNUY,,2021-09-20,,11.95,2021-09-17,11.83,2021-09-20,-1.0,12.09,,https://query1.finance.yahoo.com/v8/finance/chart/FSNUY?period1=1631059200&period2=1633132800&interval=1d&includePrePost=false,Verified,,https://finance.yahoo.com/quote/FSNUY/history/,https://www.stockanalysis.com/stocks/fsnuy/history/
MRK,,2021-09-17,,71.97,2021-09-16,71.68,2021-09-17,-0.4,71.93,,https://query1.finance.yahoo.com/v8/finance/chart/MRK?period1=1630800000&period2=1632873600&interval=1d&includePrePost=false,Verified,,https://finance.yahoo.com/quote/MRK/history/,https://www.stockanalysis.com/stocks/mrk/history/
EXEL,,2021-09-17,,20.54,2021-09-16,20.72,2021-09-17,0.88,19.82,,https://query1.finance.yahoo.com/v8/finance/chart/EXEL?period1=1630800000&period2=1632873600&interval=1d&includePrePost=false,Verified,,https://finance.yahoo.com/quote/EXEL/history/,https://www.stockanalysis.com/stocks/exel/history/
VRCA,Verrica Pharmaceuticals Inc.,2021-09-16,CRL,117.8,2021-09-15,118.8,2021-09-16,0.85,121.7,,https://query1.finance.yahoo.com/v8/finance/chart/VRCA?period1=1630713600&period2=1632873599&interval=1d&includePrePost=false,Verified,,https://finance.yahoo.com/quote/VRCA/history/,https://www.stockanalysis.com/stocks/vrca/history/
TAK,Takeda Pharmaceutical Company Limited,2021-09-15,Approval,16.75,2021-09-14,17.0,2021-09-15,1.49,17.2,,https://query1.finance.yahoo.com/v8/finance/chart/TAK?period1=1631145600&period2=1632182400&interval=1d,Verified,,https://finance.yahoo.com/quote/TAK/history/,https://www.stockanalysis.com/stocks/tak/history/
ONC,,2021-09-14,,364.23,2021-09-13,368.89,2021-09-14,1.28,375.33,,https://query1.finance.yahoo.com/v8/finance/chart/ONC?period1=1630540800&period2=1632614400&interval=1d&includePrePost=false,Verified,,https://finance.yahoo.com/quote/ONC/history/,https://www.stockanalysis.com/stocks/onc/history/
PFE,,2021-09-09,,46.51,2021-09-08,46.03,2021-09-09,-1.03,45.59,,https://query1.finance.yahoo.com/v8/finance/chart/PFE?period1=1630108800&period2=1632182400&interval=1d&includePrePost=false,Verified,,https://finance.yahoo.com/quote/PFE/history/,https://www.stockanalysis.com/stocks/pfe/history/
JNJ,,2021-09-07,,175.04,2021-09-03,172.32,2021-09-07,-1.55,171.9,,https://query1.finance.yahoo.com/v8/finance/chart/JNJ?period1=1629936000&period2=1632009600&interval=1d&includePrePost=false,Verified,,https://finance.yahoo.com/quote/JNJ/history/,https://www.stockanalysis.com/stocks/jnj/history/
ONC,,2021-08-31,,301.82,2021-08-30,308.3,2021-08-31,2.15,327.26,,https://query1.finance.yahoo.com/v8/finance/chart/ONC?period1=1629331200&period2=1631404800&interval=1d&includePrePost=false,Verified,,https://finance.yahoo.com/quote/ONC/history/,https://www.stockanalysis.com/stocks/onc/history/
MRK,,2021-08-31,,76.5,2021-08-30,76.29,2021-08-31,-0.27,76.18,,https://query1.finance.yahoo.com/v8/finance/chart/MRK?period1=1629331200&period2=1631404800&interval=1d&includePrePost=false,Verified,,https://finance.yahoo.com/quote/MRK/history/,https://www.stockanalysis.com/stocks/mrk/history/
JNJ,,2021-08-30,,172.93,2021-08-27,173.66,2021-08-30,0.42,173.13,,https://query1.finance.yahoo.com/v8/finance/chart/JNJ?period1=1629244800&period2=1631318400&interval=1d&includePrePost=false,Verified,,https://finance.yahoo.com/quote/JNJ/history/,https://www.stockanalysis.com/stocks/jnj/history/
ASND,Ascendis Pharma A/S,2021-08-25,Approval,121.75,2021-08-24,123.665,2021-08-25,1.57,149.7,,https://query1.finance.yahoo.com/v8/finance/chart/ASND?period1=1629331200&period2=1630368000&interval=1d,Verified,,https://finance.yahoo.com/quote/ASND/history/,https://www.stockanalysis.com/stocks/asnd/history/
JNJ,,2021-08-23,,179.44,2021-08-20,177.61,2021-08-23,-1.02,175.39,,https://query1.finance.yahoo.com/v8/finance/chart/JNJ?period1=1628640000&period2=1630713600&interval=1d&includePrePost=false,Verified,,https://finance.yahoo.com/quote/JNJ/history/,https://www.stockanalysis.com/stocks/jnj/history/
BMY,,2021-08-19,,67.93,2021-08-18,68.51,2021-08-19,0.85,69.2,,https://query1.finance.yahoo.com/v8/finance/chart/BMY?period1=1628294400&period2=1630368000&interval=1d&includePrePost=false,Verified,,https://finance.yahoo.com/quote/BMY/history/,https://www.stockanalysis.com/stocks/bmy/history/
GSK,,2021-08-17,,42.08,2021-08-16,42.33,2021-08-17,0.59,42.15,,https://query1.finance.yahoo.com/v8/finance/chart/GSK?period1=1628121600&period2=1630195200&interval=1d&includePrePost=false,Verified,,https://finance.yahoo.com/quote/GSK/history/,https://www.stockanalysis.com/stocks/gsk/history/
MRK,"Merck & Co., Inc.",2021-08-13,Approval,76.04,2021-08-12,76.72,2021-08-13,0.89,77.93,,https://query1.finance.yahoo.com/v8/finance/chart/MRK?period1=1628294400&period2=1629331200&interval=1d,Verified,,https://finance.yahoo.com/quote/MRK/history/,https://www.stockanalysis.com/stocks/mrk/history/
LLY,,2021-08-13,,263.47,2021-08-12,264.21,2021-08-13,0.28,269.94,,https://query1.finance.yahoo.com/v8/finance/chart/LLY?period1=1627776000&period2=1629849600&interval=1d&includePrePost=false,Verified,,https://finance.yahoo.com/quote/LLY/history/,https://www.stockanalysis.com/stocks/lly/history/
JAZZ,,2021-08-12,,145.01,2021-08-11,145.65,2021-08-12,0.44,142.16,,https://query1.finance.yahoo.com/v8/finance/chart/JAZZ?period1=1627689600&period2=1629763200&interval=1d&includePrePost=false,Verified,,https://finance.yahoo.com/quote/JAZZ/history/,https://www.stockanalysis.com/stocks/jazz/history/
BAYRY,,2021-08-11,,13.89,2021-08-10,13.94,2021-08-11,0.36,14.12,,https://query1.finance.yahoo.com/v8/finance/chart/BAYRY?period1=1627603200&period2=1629676800&interval=1d&includePrePost=false,Verified,,https://finance.yahoo.com/quote/BAYRY/history/,https://www.stockanalysis.com/stocks/bayry/history/
MRK,,2021-08-10,,75.32,2021-08-09,75.19,2021-08-10,-0.17,75.21,,https://query1.finance.yahoo.com/v8/finance/chart/MRK?period1=1627516800&period2=1629590400&interval=1d&includePrePost=false,Verified,,https://finance.yahoo.com/quote/MRK/history/,https://www.stockanalysis.com/stocks/mrk/history/
ESALY,,2021-08-10,,,,,,,,,https://query1.finance.yahoo.com/v8/finance/chart/ESALY?period1=1627516800&period2=1629590400&interval=1d&includePrePost=false,Data unavailable - acquired/delisted or pre-Yahoo coverage,fetch status: FAILED HTTPError: HTTP Error 404: Not Found,https://finance.yahoo.com/quote/ESALY/history/,https://www.stockanalysis.com/stocks/esaly/history/
SNY,Sanofi (Genzyme Corporation),2021-08-06,Approval,50.56,2021-08-05,50.85,2021-08-06,0.57,51.09,,https://query1.finance.yahoo.com/v8/finance/chart/SNY?period1=1627689600&period2=1628726400&interval=1d,Verified,,https://finance.yahoo.com/quote/SNY/history/,https://www.stockanalysis.com/stocks/sny/history/
SPPI,"Spectrum Pharmaceuticals, Inc.",2021-08-03,CRL,,,,,,,,https://query1.finance.yahoo.com/v8/finance/chart/SPPI?period1=1626912000&period2=1629071999&interval=1d&includePrePost=false,Data unavailable - acquired/delisted or pre-Yahoo coverage,fetch status: FAILED HTTPError: HTTP Error 404: Not Found (recorded in the job manifest; never retried with a successor ticker),https://finance.yahoo.com/quote/SPPI/history/,https://www.stockanalysis.com/stocks/sppi/history/
TEVA,,2021-07-30,,9.69,2021-07-29,9.65,2021-07-30,-0.41,9.85,,https://query1.finance.yahoo.com/v8/finance/chart/TEVA?period1=1626566400&period2=1628640000&interval=1d&includePrePost=false,Verified,,https://finance.yahoo.com/quote/TEVA/history/,https://www.stockanalysis.com/stocks/teva/history/
SNY,,2021-07-30,,51.53,2021-07-29,51.56,2021-07-30,0.06,51.6,,https://query1.finance.yahoo.com/v8/finance/chart/SNY?period1=1626566400&period2=1628640000&interval=1d&includePrePost=false,Verified,,https://finance.yahoo.com/quote/SNY/history/,https://www.stockanalysis.com/stocks/sny/history/
BMY,,2021-07-30,,68.15,2021-07-29,67.87,2021-07-30,-0.41,68.02,,https://query1.finance.yahoo.com/v8/finance/chart/BMY?period1=1626566400&period2=1628640000&interval=1d&includePrePost=false,Verified,,https://finance.yahoo.com/quote/BMY/history/,https://www.stockanalysis.com/stocks/bmy/history/
AZN,AstraZeneca plc,2021-07-30,Approval,115.28,2021-07-29,114.48,2021-07-30,-0.69,114.76,,https://query1.finance.yahoo.com/v8/finance/chart/AZN?period1=1627084800&period2=1628121600&interval=1d,Verified,,https://finance.yahoo.com/quote/AZN/history/,https://www.stockanalysis.com/stocks/azn/history/
TAK,,2021-07-29,,17.13,2021-07-28,16.93,2021-07-29,-1.17,16.5,,https://query1.finance.yahoo.com/v8/finance/chart/TAK?period1=1626480000&period2=1628553600&interval=1d&includePrePost=false,Verified,,https://finance.yahoo.com/quote/TAK/history/,https://www.stockanalysis.com/stocks/tak/history/
JNJ,,2021-07-29,,172.18,2021-07-28,172.18,2021-07-29,0.0,172.2,,https://query1.finance.yahoo.com/v8/finance/chart/JNJ?period1=1626480000&period2=1628553600&interval=1d&includePrePost=false,Verified,,https://finance.yahoo.com/quote/JNJ/history/,https://www.stockanalysis.com/stocks/jnj/history/
GSK,,2021-07-29,,39.5,2021-07-28,40.1,2021-07-29,1.52,40.14,,https://query1.finance.yahoo.com/v8/finance/chart/GSK?period1=1626480000&period2=1628553600&interval=1d&includePrePost=false,Verified,,https://finance.yahoo.com/quote/GSK/history/,https://www.stockanalysis.com/stocks/gsk/history/
VTRS,,2021-07-28,,13.91,2021-07-27,14.23,2021-07-28,2.3,14.29,,https://query1.finance.yahoo.com/v8/finance/chart/VTRS?period1=1626393600&period2=1628467200&interval=1d&includePrePost=false,Verified,,https://finance.yahoo.com/quote/VTRS/history/,https://www.stockanalysis.com/stocks/vtrs/history/
ARDX,"Ardelyx, Inc.",2021-07-28,CRL,1.61,2021-07-27,1.73,2021-07-28,7.45,1.71,,https://query1.finance.yahoo.com/v8/finance/chart/ARDX?period1=1626393600&period2=1628553599&interval=1d&includePrePost=false,Verified,,https://finance.yahoo.com/quote/ARDX/history/,https://www.stockanalysis.com/stocks/ardx/history/
ABBV,,2021-07-28,,117.96,2021-07-27,118.55,2021-07-28,0.5,118.87,,https://query1.finance.yahoo.com/v8/finance/chart/ABBV?period1=1626393600&period2=1628467200&interval=1d&includePrePost=false,Verified,,https://finance.yahoo.com/quote/ABBV/history/,https://www.stockanalysis.com/stocks/abbv/history/
MRK,,2021-07-26,,77.54,2021-07-23,77.24,2021-07-26,-0.39,77.85,,https://query1.finance.yahoo.com/v8/finance/chart/MRK?period1=1626220800&period2=1628294400&interval=1d&includePrePost=false,Verified,,https://finance.yahoo.com/quote/MRK/history/,https://www.stockanalysis.com/stocks/mrk/history/
AZN,,2021-07-22,,115.54,2021-07-21,115.92,2021-07-22,0.33,116.46,,https://query1.finance.yahoo.com/v8/finance/chart/AZN?period1=1625875200&period2=1627948800&interval=1d&includePrePost=false,Verified,,https://finance.yahoo.com/quote/AZN/history/,https://www.stockanalysis.com/stocks/azn/history/
ABBV,,2021-07-22,,116.99,2021-07-21,117.54,2021-07-22,0.47,118.19,,https://query1.finance.yahoo.com/v8/finance/chart/ABBV?period1=1625875200&period2=1627948800&interval=1d&includePrePost=false,Verified,,https://finance.yahoo.com/quote/ABBV/history/,https://www.stockanalysis.com/stocks/abbv/history/
MRK,,2021-07-21,,76.17,2021-07-20,76.39,2021-07-21,0.29,76.53,,https://query1.finance.yahoo.com/v8/finance/chart/MRK?period1=1625788800&period2=1627862400&interval=1d&includePrePost=false,Verified,,https://finance.yahoo.com/quote/MRK/history/,https://www.stockanalysis.com/stocks/mrk/history/
ESALY,,2021-07-21,,,,,,,,,https://query1.finance.yahoo.com/v8/finance/chart/ESALY?period1=1625788800&period2=1627862400&interval=1d&includePrePost=false,Data unavailable - acquired/delisted or pre-Yahoo coverage,fetch status: FAILED HTTPError: HTTP Error 404: Not Found,https://finance.yahoo.com/quote/ESALY/history/,https://www.stockanalysis.com/stocks/esaly/history/
SNY,Sanofi,2021-07-16,Approval,51.52,2021-07-15,51.99,2021-07-16,0.91,51.15,,https://query1.finance.yahoo.com/v8/finance/chart/SNY?period1=1625875200&period2=1626912000&interval=1d,Verified,,https://finance.yahoo.com/quote/SNY/history/,https://www.stockanalysis.com/stocks/sny/history/
KDMN,"Kadmon Holdings, Inc. (acquired by Sanofi, Nov 2021)",2021-07-16,Approval,,,,,,,,https://query1.finance.yahoo.com/v8/finance/chart/KDMN?period1=1625875200&period2=1626912000&interval=1d,Verified - price unavailable,"Yahoo Finance returned ""No data found, symbol may be delisted"" - Kadmon (KDMN) was acquired by Sanofi in Nov 2021 and its history has been withdrawn from the chart API.",https://finance.yahoo.com/quote/KDMN/history/,https://www.stockanalysis.com/stocks/kdmn/history/
ALPMY,,2021-07-16,,17.41,2021-07-15,17.19,2021-07-16,-1.26,17.21,,https://query1.finance.yahoo.com/v8/finance/chart/ALPMY?period1=1625356800&period2=1627430400&interval=1d&includePrePost=false,Verified,,https://finance.yahoo.com/quote/ALPMY/history/,https://www.stockanalysis.com/stocks/alpmy/history/
BMY,,2021-07-15,,67.88,2021-07-14,67.43,2021-07-15,-0.66,67.3,,https://query1.finance.yahoo.com/v8/finance/chart/BMY?period1=1625270400&period2=1627344000&interval=1d&includePrePost=false,Verified,,https://finance.yahoo.com/quote/BMY/history/,https://www.stockanalysis.com/stocks/bmy/history/
TEVA,,2021-07-09,,9.14,2021-07-08,9.3,2021-07-09,1.75,9.31,,https://query1.finance.yahoo.com/v8/finance/chart/TEVA?period1=1624752000&period2=1626825600&interval=1d&includePrePost=false,Verified,,https://finance.yahoo.com/quote/TEVA/history/,https://www.stockanalysis.com/stocks/teva/history/
JNJ,,2021-07-09,,169.08,2021-07-08,169.75,2021-07-09,0.4,169.48,,https://query1.finance.yahoo.com/v8/finance/chart/JNJ?period1=1624752000&period2=1626825600&interval=1d&includePrePost=false,Verified,,https://finance.yahoo.com/quote/JNJ/history/,https://www.stockanalysis.com/stocks/jnj/history/
BAYRY,Bayer AG,2021-07-09,Approval,15,2021-07-08,15.15,2021-07-09,1.0,15.08,,https://query1.finance.yahoo.com/v8/finance/chart/BAYRY?period1=1624752000&period2=1626911999&interval=1d&includePrePost=false,Verified,master decision D223,https://finance.yahoo.com/quote/BAYRY/history/,https://www.stockanalysis.com/stocks/bayry/history/
ALPMY,,2021-07-09,,16.8,2021-07-08,17.33,2021-07-09,3.15,17.39,,https://query1.finance.yahoo.com/v8/finance/chart/ALPMY?period1=1624752000&period2=1626825600&interval=1d&includePrePost=false,Verified,,https://finance.yahoo.com/quote/ALPMY/history/,https://www.stockanalysis.com/stocks/alpmy/history/
MRK,,2021-07-01,,77.77,2021-06-30,77.99,2021-07-01,0.28,78.6,,https://query1.finance.yahoo.com/v8/finance/chart/MRK?period1=1624060800&period2=1626134400&interval=1d&includePrePost=false,Verified,,https://finance.yahoo.com/quote/MRK/history/,https://www.stockanalysis.com/stocks/mrk/history/
JAZZ,Jazz Pharmaceuticals plc,2021-06-30,Approval,179.03,2021-06-29,177.64,2021-06-30,-0.78,181.18,,https://query1.finance.yahoo.com/v8/finance/chart/JAZZ?period1=1624492800&period2=1625529600&interval=1d,Verified,,https://finance.yahoo.com/quote/JAZZ/history/,https://www.stockanalysis.com/stocks/jazz/history/
MRK,,2021-06-25,,76.36,2021-06-24,77.2,2021-06-25,1.1,76.86,,https://query1.finance.yahoo.com/v8/finance/chart/MRK?period1=1623542400&period2=1625616000&interval=1d&includePrePost=false,Verified,,https://finance.yahoo.com/quote/MRK/history/,https://www.stockanalysis.com/stocks/mrk/history/
MDWD,"MediWound, Ltd.",2021-06-25,CRL,34.93,2021-06-24,39.97,2021-06-25,14.43,39.48,,https://query1.finance.yahoo.com/v8/finance/chart/MDWD?period1=1623542400&period2=1625702399&interval=1d&includePrePost=false,Verified,,https://finance.yahoo.com/quote/MDWD/history/,https://www.stockanalysis.com/stocks/mdwd/history/
TEVA,,2021-06-24,,10.2,2021-06-23,10.42,2021-06-24,2.16,10.36,,https://query1.finance.yahoo.com/v8/finance/chart/TEVA?period1=1623456000&period2=1625529600&interval=1d&includePrePost=false,Verified,,https://finance.yahoo.com/quote/TEVA/history/,https://www.stockanalysis.com/stocks/teva/history/
HROW,,2021-06-23,,9.31,2021-06-22,9.87,2021-06-23,6.02,10.43,,https://query1.finance.yahoo.com/v8/finance/chart/HROW?period1=1623369600&period2=1625443200&interval=1d&includePrePost=false,Verified,,https://finance.yahoo.com/quote/HROW/history/,https://www.stockanalysis.com/stocks/hrow/history/
PFE,,2021-06-21,,38.81,2021-06-18,39.42,2021-06-21,1.57,39.61,,https://query1.finance.yahoo.com/v8/finance/chart/PFE?period1=1623196800&period2=1625270400&interval=1d&includePrePost=false,Verified,,https://finance.yahoo.com/quote/PFE/history/,https://www.stockanalysis.com/stocks/pfe/history/
PFE,,2021-06-17,,39.3,2021-06-16,39.48,2021-06-17,0.46,38.81,,https://query1.finance.yahoo.com/v8/finance/chart/PFE?period1=1622851200&period2=1624924800&interval=1d&includePrePost=false,Verified,,https://finance.yahoo.com/quote/PFE/history/,https://www.stockanalysis.com/stocks/pfe/history/
MRK,,2021-06-17,,76.61,2021-06-16,77.23,2021-06-17,0.81,76.61,,https://query1.finance.yahoo.com/v8/finance/chart/MRK?period1=1622851200&period2=1624924800&interval=1d&includePrePost=false,Verified,,https://finance.yahoo.com/quote/MRK/history/,https://www.stockanalysis.com/stocks/mrk/history/
BAYRY,,2021-06-17,,16.06,2021-06-16,15.97,2021-06-17,-0.56,15.73,,https://query1.finance.yahoo.com/v8/finance/chart/BAYRY?period1=1622851200&period2=1624924800&interval=1d&includePrePost=false,Verified,,https://finance.yahoo.com/quote/BAYRY/history/,https://www.stockanalysis.com/stocks/bayry/history/
BPMC,,2021-06-16,,,,,,,,,https://query1.finance.yahoo.com/v8/finance/chart/BPMC?period1=1622764800&period2=1624838400&interval=1d&includePrePost=false,Data unavailable - acquired/delisted or pre-Yahoo coverage,fetch status: FAILED HTTPError: HTTP Error 404: Not Found,https://finance.yahoo.com/quote/BPMC/history/,https://www.stockanalysis.com/stocks/bpmc/history/
REGN,,2021-06-14,,525.55,2021-06-11,528.75,2021-06-14,0.61,527.49,,https://query1.finance.yahoo.com/v8/finance/chart/REGN?period1=1622592000&period2=1624665600&interval=1d&includePrePost=false,Verified,,https://finance.yahoo.com/quote/REGN/history/,https://www.stockanalysis.com/stocks/regn/history/
RDY,,2021-06-14,,14.812,2021-06-11,14.84,2021-06-14,0.19,14.742,,https://query1.finance.yahoo.com/v8/finance/chart/RDY?period1=1622592000&period2=1624665600&interval=1d&includePrePost=false,Verified,,https://finance.yahoo.com/quote/RDY/history/,https://www.stockanalysis.com/stocks/rdy/history/
GILD,,2021-06-10,,68.65,2021-06-09,69.29,2021-06-10,0.93,68.77,,https://query1.finance.yahoo.com/v8/finance/chart/GILD?period1=1622246400&period2=1624320000&interval=1d&includePrePost=false,Verified,,https://finance.yahoo.com/quote/GILD/history/,https://www.stockanalysis.com/stocks/gild/history/
ABBV,,2021-06-10,,114,2021-06-09,116.24,2021-06-10,1.96,115.42,,https://query1.finance.yahoo.com/v8/finance/chart/ABBV?period1=1622246400&period2=1624320000&interval=1d&includePrePost=false,Verified,,https://finance.yahoo.com/quote/ABBV/history/,https://www.stockanalysis.com/stocks/abbv/history/
VRTX,,2021-06-08,,209.16,2021-06-07,211.13,2021-06-08,0.94,213.56,,https://query1.finance.yahoo.com/v8/finance/chart/VRTX?period1=1622073600&period2=1624147200&interval=1d&includePrePost=false,Verified,,https://finance.yahoo.com/quote/VRTX/history/,https://www.stockanalysis.com/stocks/vrtx/history/
BIIB,Biogen Inc.,2021-06-07,Approval,286.14,2021-06-04,395.85,2021-06-07,38.34,395.37,,https://query1.finance.yahoo.com/v8/finance/chart/BIIB?period1=1622505600&period2=1623542400&interval=1d,Verified,,https://finance.yahoo.com/quote/BIIB/history/,https://www.stockanalysis.com/stocks/biib/history/
NVO,,2021-06-04,,39.84,2021-06-03,40.475,2021-06-04,1.59,40.6,,https://query1.finance.yahoo.com/v8/finance/chart/NVO?period1=1621728000&period2=1623801600&interval=1d&includePrePost=false,Verified,,https://finance.yahoo.com/quote/NVO/history/,https://www.stockanalysis.com/stocks/nvo/history/
GSK,"GlaxoSmithKline plc (applicant of record) / SCYNEXIS, Inc. (orig. developer)",2021-06-01,Approval,38.77,2021-05-28,38.35,2021-06-01,-1.08,38.39,,https://query1.finance.yahoo.com/v8/finance/chart/GSK?period1=1621987200&period2=1623024000&interval=1d,Verified,31 May 2021 (Memorial Day) was not a trading day; previous close is 28 May 2021.,https://finance.yahoo.com/quote/GSK/history/,https://www.stockanalysis.com/stocks/gsk/history/
MRK,,2021-05-31,,72.4141,2021-05-28,71.7366,2021-06-01,-0.94,72.395,,https://query1.finance.yahoo.com/v8/finance/chart/MRK?period1=1621382400&period2=1623456000&interval=1d&includePrePost=false,Verified - approx window,next trading day used: 2021-06-01,https://finance.yahoo.com/quote/MRK/history/,https://www.stockanalysis.com/stocks/mrk/history/
NVS,,2021-05-28,,88.48,2021-05-27,88.38,2021-05-28,-0.11,88.12,,https://query1.finance.yahoo.com/v8/finance/chart/NVS?period1=1621123200&period2=1623196800&interval=1d&includePrePost=false,Verified,,https://finance.yahoo.com/quote/NVS/history/,https://www.stockanalysis.com/stocks/nvs/history/
AMGN,Amgen Inc.,2021-05-28,Approval,235.31,2021-05-27,237.94,2021-05-28,1.12,233.58,,https://query1.finance.yahoo.com/v8/finance/chart/AMGN?period1=1621641600&period2=1622678400&interval=1d,Verified,,https://finance.yahoo.com/quote/AMGN/history/,https://www.stockanalysis.com/stocks/amgn/history/
ALKS,Alkermes plc,2021-05-28,Approval,22.56,2021-05-27,22.67,2021-05-28,0.49,23.15,,https://query1.finance.yahoo.com/v8/finance/chart/ALKS?period1=1621641600&period2=1622678400&interval=1d,Verified,,https://finance.yahoo.com/quote/ALKS/history/,https://www.stockanalysis.com/stocks/alks/history/
PFE,,2021-05-27,,38.92,2021-05-26,38.65,2021-05-27,-0.69,38.73,,https://query1.finance.yahoo.com/v8/finance/chart/PFE?period1=1621036800&period2=1623110400&interval=1d&includePrePost=false,Verified,,https://finance.yahoo.com/quote/PFE/history/,https://www.stockanalysis.com/stocks/pfe/history/
BMY,,2021-05-27,,66.13,2021-05-26,65.71,2021-05-27,-0.64,65.72,,https://query1.finance.yahoo.com/v8/finance/chart/BMY?period1=1621036800&period2=1623110400&interval=1d&includePrePost=false,Verified,,https://finance.yahoo.com/quote/BMY/history/,https://www.stockanalysis.com/stocks/bmy/history/
LNTH,"Lantheus Holdings, Inc. (via Progenics Pharmaceuticals)",2021-05-26,Approval,20.25,2021-05-25,19.51,2021-05-26,-3.65,22.78,,https://query1.finance.yahoo.com/v8/finance/chart/LNTH?period1=1621468800&period2=1622505600&interval=1d,Verified,,https://finance.yahoo.com/quote/LNTH/history/,https://www.stockanalysis.com/stocks/lnth/history/
BMY,,2021-05-25,,67.29,2021-05-24,66.76,2021-05-25,-0.79,66.13,,https://query1.finance.yahoo.com/v8/finance/chart/BMY?period1=1620864000&period2=1622937600&interval=1d&includePrePost=false,Verified,,https://finance.yahoo.com/quote/BMY/history/,https://www.stockanalysis.com/stocks/bmy/history/
JNJ,Johnson & Johnson (Janssen Biotech),2021-05-21,Approval,171.07,2021-05-20,170.96,2021-05-21,-0.06,170.55,,https://query1.finance.yahoo.com/v8/finance/chart/JNJ?period1=1621036800&period2=1622073600&interval=1d,Verified,,https://finance.yahoo.com/quote/JNJ/history/,https://www.stockanalysis.com/stocks/jnj/history/
BMY,,2021-05-20,,65.55,2021-05-19,67,2021-05-20,2.21,67.05,,https://query1.finance.yahoo.com/v8/finance/chart/BMY?period1=1620432000&period2=1622505600&interval=1d&includePrePost=false,Verified,,https://finance.yahoo.com/quote/BMY/history/,https://www.stockanalysis.com/stocks/bmy/history/
PFE,,2021-05-14,,40.1,2021-05-13,40.02,2021-05-14,-0.2,40.11,,https://query1.finance.yahoo.com/v8/finance/chart/PFE?period1=1619913600&period2=1621987200&interval=1d&includePrePost=false,Verified,,https://finance.yahoo.com/quote/PFE/history/,https://www.stockanalysis.com/stocks/pfe/history/
APLS,"Apellis Pharmaceuticals, Inc.",2021-05-14,Approval,,,,,,,,https://query1.finance.yahoo.com/v8/finance/chart/APLS?period1=1620432000&period2=1621468800&interval=1d,Verified - price unavailable,"Yahoo Finance returned ""No data found, symbol may be delisted"" for APLS on this request. Apellis is still an active listing, so this looks like a transient API failure rather than a delisting - flagged for a re-fetch.",https://finance.yahoo.com/quote/APLS/history/,https://www.stockanalysis.com/stocks/apls/history/
HRTX,,2021-05-12,,18.48,2021-05-11,17.41,2021-05-12,-5.79,15.54,,https://query1.finance.yahoo.com/v8/finance/chart/HRTX?period1=1619740800&period2=1621814400&interval=1d&includePrePost=false,Verified,,https://finance.yahoo.com/quote/HRTX/history/,https://www.stockanalysis.com/stocks/hrtx/history/
FSNUY,,2021-05-12,,12.96,2021-05-11,13.32,2021-05-12,2.78,13.34,,https://query1.finance.yahoo.com/v8/finance/chart/FSNUY?period1=1619740800&period2=1621814400&interval=1d&includePrePost=false,Verified,,https://finance.yahoo.com/quote/FSNUY/history/,https://www.stockanalysis.com/stocks/fsnuy/history/
MRK,,2021-05-05,,72.5095,2021-05-04,74.1412,2021-05-05,2.25,74.2176,,https://query1.finance.yahoo.com/v8/finance/chart/MRK?period1=1619136000&period2=1621209600&interval=1d&includePrePost=false,Verified,,https://finance.yahoo.com/quote/MRK/history/,https://www.stockanalysis.com/stocks/mrk/history/
SNY,,2021-04-30,,52.71,2021-04-29,52.37,2021-04-30,-0.65,50.89,,https://query1.finance.yahoo.com/v8/finance/chart/SNY?period1=1618704000&period2=1620777600&interval=1d&includePrePost=false,Verified,,https://finance.yahoo.com/quote/SNY/history/,https://www.stockanalysis.com/stocks/sny/history/
AZN,,2021-04-30,,102.74,2021-04-29,106.14,2021-04-30,3.31,107.4,,https://query1.finance.yahoo.com/v8/finance/chart/AZN?period1=1618704000&period2=1620777600&interval=1d&includePrePost=false,Verified,,https://finance.yahoo.com/quote/AZN/history/,https://www.stockanalysis.com/stocks/azn/history/
PFE,,2021-04-29,,38.81,2021-04-28,38.6,2021-04-29,-0.54,38.65,,https://query1.finance.yahoo.com/v8/finance/chart/PFE?period1=1618617600&period2=1620691200&interval=1d&includePrePost=false,Verified,,https://finance.yahoo.com/quote/PFE/history/,https://www.stockanalysis.com/stocks/pfe/history/
BAX,Baxter International Inc.,2021-04-29,CRL,86.99,2021-04-28,85.35,2021-04-29,-1.89,85.69,,https://query1.finance.yahoo.com/v8/finance/chart/BAX?period1=1618617600&period2=1620777599&interval=1d&includePrePost=false,Verified,,https://finance.yahoo.com/quote/BAX/history/,https://www.stockanalysis.com/stocks/bax/history/
ABBV,,2021-04-26,,111.38,2021-04-23,111.39,2021-04-26,0.01,111.44,,https://query1.finance.yahoo.com/v8/finance/chart/ABBV?period1=1618358400&period2=1620432000&interval=1d&includePrePost=false,Verified,,https://finance.yahoo.com/quote/ABBV/history/,https://www.stockanalysis.com/stocks/abbv/history/
NBIX,,2021-04-23,,96.51,2021-04-22,96.73,2021-04-23,0.23,98.76,,https://query1.finance.yahoo.com/v8/finance/chart/NBIX?period1=1618099200&period2=1620172800&interval=1d&includePrePost=false,Verified,,https://finance.yahoo.com/quote/NBIX/history/,https://www.stockanalysis.com/stocks/nbix/history/
ADCT,ADC Therapeutics SA,2021-04-23,Approval,24.4,2021-04-22,23.25,2021-04-23,-4.71,25.67,,https://query1.finance.yahoo.com/v8/finance/chart/ADCT?period1=1618617600&period2=1619654400&interval=1d,Verified,,https://finance.yahoo.com/quote/ADCT/history/,https://www.stockanalysis.com/stocks/adct/history/
GSK,GlaxoSmithKline plc,2021-04-22,Approval,38.25,2021-04-21,37.68,2021-04-22,-1.49,37.74,,https://query1.finance.yahoo.com/v8/finance/chart/GSK?period1=1618531200&period2=1619568000&interval=1d,Verified,,https://finance.yahoo.com/quote/GSK/history/,https://www.stockanalysis.com/stocks/gsk/history/
NVS,,2021-04-19,,88.02,2021-04-16,88.38,2021-04-19,0.41,87.83,,https://query1.finance.yahoo.com/v8/finance/chart/NVS?period1=1617753600&period2=1619827200&interval=1d&includePrePost=false,Verified,,https://finance.yahoo.com/quote/NVS/history/,https://www.stockanalysis.com/stocks/nvs/history/
BMY,,2021-04-16,,64.44,2021-04-15,65.46,2021-04-16,1.58,65.6,,https://query1.finance.yahoo.com/v8/finance/chart/BMY?period1=1617494400&period2=1619568000&interval=1d&includePrePost=false,Verified,,https://finance.yahoo.com/quote/BMY/history/,https://www.stockanalysis.com/stocks/bmy/history/
IMMU,,2021-04-13,,,,,,,,,https://query1.finance.yahoo.com/v8/finance/chart/IMMU?period1=1617235200&period2=1619308800&interval=1d&includePrePost=false,Data unavailable - acquired/delisted or pre-Yahoo coverage,fetch status: FAILED HTTPError: HTTP Error 404: Not Found,https://finance.yahoo.com/quote/IMMU/history/,https://www.stockanalysis.com/stocks/immu/history/
IMMU,,2021-04-07,,,,,,,,,https://query1.finance.yahoo.com/v8/finance/chart/IMMU?period1=1616716800&period2=1618790400&interval=1d&includePrePost=false,Data unavailable - acquired/delisted or pre-Yahoo coverage,fetch status: FAILED HTTPError: HTTP Error 404: Not Found,https://finance.yahoo.com/quote/IMMU/history/,https://www.stockanalysis.com/stocks/immu/history/
SUPN,"Supernus Pharmaceuticals, Inc.",2021-04-02,Approval,26.72,2021-04-01,30.11,2021-04-05,12.69,29.1,,https://query1.finance.yahoo.com/v8/finance/chart/SUPN?period1=1616803200&period2=1617840000&interval=1d,Verified,2 Apr 2021 was Good Friday (market closed); the next trading day is 5 Apr 2021. Decision date was not a trading day; close_on_or_after is next trading day (2021-04-05).,https://finance.yahoo.com/quote/SUPN/history/,https://www.stockanalysis.com/stocks/supn/history/
REGN,,2021-04-01,,473.14,2021-03-31,474.93,2021-04-01,0.38,484.56,,https://query1.finance.yahoo.com/v8/finance/chart/REGN?period1=1616198400&period2=1618272000&interval=1d&includePrePost=false,Verified,,https://finance.yahoo.com/quote/REGN/history/,https://www.stockanalysis.com/stocks/regn/history/
UTHR,,2021-03-31,,165.47,2021-03-30,167.27,2021-03-31,1.09,192.34,,https://query1.finance.yahoo.com/v8/finance/chart/UTHR?period1=1616112000&period2=1618185600&interval=1d&includePrePost=false,Verified,,https://finance.yahoo.com/quote/UTHR/history/,https://www.stockanalysis.com/stocks/uthr/history/
SNY,,2021-03-31,,49.11,2021-03-30,49.46,2021-03-31,0.71,49.36,,https://query1.finance.yahoo.com/v8/finance/chart/SNY?period1=1616112000&period2=1618185600&interval=1d&includePrePost=false,Verified,,https://finance.yahoo.com/quote/SNY/history/,https://www.stockanalysis.com/stocks/sny/history/
JAZZ,,2021-03-30,,167.52,2021-03-29,166.49,2021-03-30,-0.61,164.37,,https://query1.finance.yahoo.com/v8/finance/chart/JAZZ?period1=1616025600&period2=1618099200&interval=1d&includePrePost=false,Verified,,https://finance.yahoo.com/quote/JAZZ/history/,https://www.stockanalysis.com/stocks/jazz/history/
PFE,,2021-03-29,,36.25,2021-03-26,36.62,2021-03-29,1.02,36.11,,https://query1.finance.yahoo.com/v8/finance/chart/PFE?period1=1615939200&period2=1618012800&interval=1d&includePrePost=false,Verified,,https://finance.yahoo.com/quote/PFE/history/,https://www.stockanalysis.com/stocks/pfe/history/
BAYRY,,2021-03-25,,15.82,2021-03-24,15.76,2021-03-25,-0.38,15.78,,https://query1.finance.yahoo.com/v8/finance/chart/BAYRY?period1=1615593600&period2=1617667200&interval=1d&includePrePost=false,Verified,,https://finance.yahoo.com/quote/BAYRY/history/,https://www.stockanalysis.com/stocks/bayry/history/
ZLDPF,Zealand Pharma A/S,2021-03-22,Approval,31.65,2021-03-19,31.65,2021-03-22,0.0,33.55,,https://query1.finance.yahoo.com/v8/finance/chart/ZLDPF?period1=1615334400&period2=1617494399&interval=1d&includePrePost=false,Verified,master decision D237,https://finance.yahoo.com/quote/ZLDPF/history/,https://www.stockanalysis.com/stocks/zldpf/history/
MRK,,2021-03-22,,73.9599,2021-03-19,73.9599,2021-03-22,0.0,72.7767,,https://query1.finance.yahoo.com/v8/finance/chart/MRK?period1=1615334400&period2=1617408000&interval=1d&includePrePost=false,Verified,,https://finance.yahoo.com/quote/MRK/history/,https://www.stockanalysis.com/stocks/mrk/history/
VNDA,"Vanda Pharmaceuticals Inc. (current holder) / Janssen (Actelion, orig. developer)",2021-03-18,Approval,17.52,2021-03-17,17.04,2021-03-18,-2.74,17.47,,https://query1.finance.yahoo.com/v8/finance/chart/VNDA?period1=1615507200&period2=1616544000&interval=1d,Verified,,https://finance.yahoo.com/quote/VNDA/history/,https://www.stockanalysis.com/stocks/vnda/history/
MRK,,2021-03-16,,72.7385,2021-03-15,73.292,2021-03-16,0.76,73.7595,,https://query1.finance.yahoo.com/v8/finance/chart/MRK?period1=1614816000&period2=1616889600&interval=1d&includePrePost=false,Verified,,https://finance.yahoo.com/quote/MRK/history/,https://www.stockanalysis.com/stocks/mrk/history/
MLNT,,2021-03-12,,,,,,,,,https://query1.finance.yahoo.com/v8/finance/chart/MLNT?period1=1614470400&period2=1616544000&interval=1d&includePrePost=false,Data unavailable - acquired/delisted or pre-Yahoo coverage,fetch status: FAILED HTTPError: HTTP Error 404: Not Found,https://finance.yahoo.com/quote/MLNT/history/,https://www.stockanalysis.com/stocks/mlnt/history/
SNY,,2021-03-11,,47.95,2021-03-10,47.84,2021-03-11,-0.23,48.01,,https://query1.finance.yahoo.com/v8/finance/chart/SNY?period1=1614384000&period2=1616457600&interval=1d&includePrePost=false,Verified,,https://finance.yahoo.com/quote/SNY/history/,https://www.stockanalysis.com/stocks/sny/history/
RDY,,2021-03-11,,12.246,2021-03-10,12.32,2021-03-11,0.6,12.186,,https://query1.finance.yahoo.com/v8/finance/chart/RDY?period1=1614384000&period2=1616457600&interval=1d&includePrePost=false,Verified,,https://finance.yahoo.com/quote/RDY/history/,https://www.stockanalysis.com/stocks/rdy/history/
AZN,,2021-03-11,,99.62,2021-03-10,97.34,2021-03-11,-2.29,96.84,,https://query1.finance.yahoo.com/v8/finance/chart/AZN?period1=1614384000&period2=1616457600&interval=1d&includePrePost=false,Verified,,https://finance.yahoo.com/quote/AZN/history/,https://www.stockanalysis.com/stocks/azn/history/
AMGN,,2021-03-11,,229.96,2021-03-10,231.17,2021-03-11,0.53,230.36,,https://query1.finance.yahoo.com/v8/finance/chart/AMGN?period1=1614384000&period2=1616457600&interval=1d&includePrePost=false,Verified,,https://finance.yahoo.com/quote/AMGN/history/,https://www.stockanalysis.com/stocks/amgn/history/
AVEO,"AVEO Pharmaceuticals, Inc. (acquired by LG Chem, 2023)",2021-03-10,Approval,,,,,,,,https://query1.finance.yahoo.com/v8/finance/chart/AVEO?period1=1614816000&period2=1615852800&interval=1d,Verified - price unavailable,"Yahoo Finance returned ""No data found, symbol may be delisted"" - AVEO was acquired by LG Chem in 2023 and its history has been withdrawn from the chart API.",https://finance.yahoo.com/quote/AVEO/history/,https://www.stockanalysis.com/stocks/aveo/history/
PFE,,2021-03-03,,33.51,2021-03-02,34.39,2021-03-03,2.63,34.2,,https://query1.finance.yahoo.com/v8/finance/chart/PFE?period1=1613692800&period2=1615766400&interval=1d&includePrePost=false,Verified,,https://finance.yahoo.com/quote/PFE/history/,https://www.stockanalysis.com/stocks/pfe/history/
CRMD,CorMedix Inc.,2021-02-26,CRL,15.78,2021-02-25,15,2021-02-26,-4.94,9.02,,https://query1.finance.yahoo.com/v8/finance/chart/CRMD?period1=1613260800&period2=1615420799&interval=1d&includePrePost=false,Verified,,https://finance.yahoo.com/quote/CRMD/history/,https://www.stockanalysis.com/stocks/crmd/history/
SRPT,Sarepta Therapeutics,2021-02-25,Approval (Accelerated),84.29,2021-02-24,85.25,2021-02-25,1.14,87.06,,https://query1.finance.yahoo.com/v8/finance/chart/SRPT?period1=1613174400&period2=1615334399&interval=1d&includePrePost=false,Verified,master decision D108,https://finance.yahoo.com/quote/SRPT/history/,https://www.stockanalysis.com/stocks/srpt/history/
GILD,,2021-02-24,,63.68,2021-02-23,63.71,2021-02-24,0.05,62.79,,https://query1.finance.yahoo.com/v8/finance/chart/GILD?period1=1613088000&period2=1615161600&interval=1d&includePrePost=false,Verified,,https://finance.yahoo.com/quote/GILD/history/,https://www.stockanalysis.com/stocks/gild/history/
ABBV,,2021-02-24,,106.27,2021-02-23,108.69,2021-02-24,2.28,107.33,,https://query1.finance.yahoo.com/v8/finance/chart/ABBV?period1=1613088000&period2=1615161600&interval=1d&includePrePost=false,Verified,,https://finance.yahoo.com/quote/ABBV/history/,https://www.stockanalysis.com/stocks/abbv/history/
REGN,,2021-02-22,,470.37,2021-02-19,460.58,2021-02-22,-2.08,468.03,,https://query1.finance.yahoo.com/v8/finance/chart/REGN?period1=1612915200&period2=1614988800&interval=1d&includePrePost=false,Verified,,https://finance.yahoo.com/quote/REGN/history/,https://www.stockanalysis.com/stocks/regn/history/
AZN,,2021-02-19,,103,2021-02-18,101.18,2021-02-19,-1.77,101.14,,https://query1.finance.yahoo.com/v8/finance/chart/AZN?period1=1612656000&period2=1614729600&interval=1d&includePrePost=false,Verified,,https://finance.yahoo.com/quote/AZN/history/,https://www.stockanalysis.com/stocks/azn/history/
NVS,,2021-02-16,,92.03,2021-02-12,91.46,2021-02-16,-0.62,90.09,,https://query1.finance.yahoo.com/v8/finance/chart/NVS?period1=1612396800&period2=1614470400&interval=1d&includePrePost=false,Verified,,https://finance.yahoo.com/quote/NVS/history/,https://www.stockanalysis.com/stocks/nvs/history/
GTHX,,2021-02-12,,,,,,,,,https://query1.finance.yahoo.com/v8/finance/chart/GTHX?period1=1612051200&period2=1614124800&interval=1d&includePrePost=false,Data unavailable - acquired/delisted or pre-Yahoo coverage,fetch status: FAILED HTTPError: HTTP Error 404: Not Found,https://finance.yahoo.com/quote/GTHX/history/,https://www.stockanalysis.com/stocks/gthx/history/
REGN,Regeneron Pharmaceuticals,2021-02-11,Approval,491.22,2021-02-10,490.54,2021-02-11,-0.14,485.62,,https://query1.finance.yahoo.com/v8/finance/chart/REGN?period1=1611964800&period2=1614124799&interval=1d&includePrePost=false,Verified,master decision D106,https://finance.yahoo.com/quote/REGN/history/,https://www.stockanalysis.com/stocks/regn/history/
REGN,,2021-02-09,,494.9,2021-02-08,490.68,2021-02-09,-0.85,491.22,,https://query1.finance.yahoo.com/v8/finance/chart/REGN?period1=1611792000&period2=1613865600&interval=1d&includePrePost=false,Verified,,https://finance.yahoo.com/quote/REGN/history/,https://www.stockanalysis.com/stocks/regn/history/
PFE,,2021-02-09,,34.82,2021-02-08,34.97,2021-02-09,0.43,34.74,,https://query1.finance.yahoo.com/v8/finance/chart/PFE?period1=1611792000&period2=1613865600&interval=1d&includePrePost=false,Verified,,https://finance.yahoo.com/quote/PFE/history/,https://www.stockanalysis.com/stocks/pfe/history/
ABBV,,2021-02-09,,106.84,2021-02-08,105.4,2021-02-09,-1.35,104.05,,https://query1.finance.yahoo.com/v8/finance/chart/ABBV?period1=1611792000&period2=1613865600&interval=1d&includePrePost=false,Verified,,https://finance.yahoo.com/quote/ABBV/history/,https://www.stockanalysis.com/stocks/abbv/history/
TGTX,TG Therapeutics,2021-02-05,Approval (Accelerated),48.53,2021-02-04,54.3,2021-02-05,11.89,52.43,,https://query1.finance.yahoo.com/v8/finance/chart/TGTX?period1=1611446400&period2=1613606399&interval=1d&includePrePost=false,Verified,master decision D105,https://finance.yahoo.com/quote/TGTX/history/,https://www.stockanalysis.com/stocks/tgtx/history/
GILD,,2021-02-05,,65.83,2021-02-04,68.46,2021-02-05,4.0,67.97,,https://query1.finance.yahoo.com/v8/finance/chart/GILD?period1=1611446400&period2=1613520000&interval=1d&includePrePost=false,Verified,,https://finance.yahoo.com/quote/GILD/history/,https://www.stockanalysis.com/stocks/gild/history/
SUPN,,2021-02-01,,29.39,2021-01-29,30.01,2021-02-01,2.11,29.05,,https://query1.finance.yahoo.com/v8/finance/chart/SUPN?period1=1611100800&period2=1613174400&interval=1d&includePrePost=false,Verified,,https://finance.yahoo.com/quote/SUPN/history/,https://www.stockanalysis.com/stocks/supn/history/
JNJ,,2021-02-01,,163.13,2021-01-29,162.71,2021-02-01,-0.26,161.25,,https://query1.finance.yahoo.com/v8/finance/chart/JNJ?period1=1611100800&period2=1613174400&interval=1d&includePrePost=false,Verified,,https://finance.yahoo.com/quote/JNJ/history/,https://www.stockanalysis.com/stocks/jnj/history/
BAX,,2021-02-01,,76.83,2021-01-29,76.38,2021-02-01,-0.59,76.52,,https://query1.finance.yahoo.com/v8/finance/chart/BAX?period1=1611100800&period2=1613174400&interval=1d&includePrePost=false,Verified,,https://finance.yahoo.com/quote/BAX/history/,https://www.stockanalysis.com/stocks/bax/history/
ABBV,,2021-02-01,,102.48,2021-01-29,102.3,2021-02-01,-0.18,103.47,,https://query1.finance.yahoo.com/v8/finance/chart/ABBV?period1=1611100800&period2=1613174400&interval=1d&includePrePost=false,Verified,,https://finance.yahoo.com/quote/ABBV/history/,https://www.stockanalysis.com/stocks/abbv/history/
JNJ,,2021-01-30,,163.13,2021-01-29,162.71,2021-02-01,-0.26,161.25,,https://query1.finance.yahoo.com/v8/finance/chart/JNJ?period1=1610928000&period2=1613001600&interval=1d&includePrePost=false,Verified - approx window,next trading day used: 2021-02-01,https://finance.yahoo.com/quote/JNJ/history/,https://www.stockanalysis.com/stocks/jnj/history/
BIIB,,2021-01-29,,267.87,2021-01-28,282.61,2021-01-29,5.5,278.46,,https://query1.finance.yahoo.com/v8/finance/chart/BIIB?period1=1610841600&period2=1612915200&interval=1d&includePrePost=false,Verified,,https://finance.yahoo.com/quote/BIIB/history/,https://www.stockanalysis.com/stocks/biib/history/
BCRX,,2021-01-28,,8.76,2021-01-27,8.71,2021-01-28,-0.57,8.52,,https://query1.finance.yahoo.com/v8/finance/chart/BCRX?period1=1610755200&period2=1612828800&interval=1d&includePrePost=false,Verified,,https://finance.yahoo.com/quote/BCRX/history/,https://www.stockanalysis.com/stocks/bcrx/history/
AMGN,,2021-01-28,,251.06,2021-01-27,247.75,2021-01-28,-1.32,241.43,,https://query1.finance.yahoo.com/v8/finance/chart/AMGN?period1=1610755200&period2=1612828800&interval=1d&includePrePost=false,Verified,,https://finance.yahoo.com/quote/AMGN/history/,https://www.stockanalysis.com/stocks/amgn/history/
TAK,,2021-01-22,,17.3,2021-01-21,18.13,2021-01-22,4.8,18.37,,https://query1.finance.yahoo.com/v8/finance/chart/TAK?period1=1610236800&period2=1612310400&interval=1d&includePrePost=false,Verified,,https://finance.yahoo.com/quote/TAK/history/,https://www.stockanalysis.com/stocks/tak/history/
MRK,,2021-01-22,,77.4618,2021-01-21,77.271,2021-01-22,-0.25,77.4332,,https://query1.finance.yahoo.com/v8/finance/chart/MRK?period1=1610236800&period2=1612310400&interval=1d&includePrePost=false,Verified,,https://finance.yahoo.com/quote/MRK/history/,https://www.stockanalysis.com/stocks/mrk/history/
EXEL,,2021-01-22,,21.32,2021-01-21,22.14,2021-01-22,3.85,22.82,,https://query1.finance.yahoo.com/v8/finance/chart/EXEL?period1=1610236800&period2=1612310400&interval=1d&includePrePost=false,Verified,,https://finance.yahoo.com/quote/EXEL/history/,https://www.stockanalysis.com/stocks/exel/history/
BMY,,2021-01-22,,64.18,2021-01-21,64.56,2021-01-22,0.59,64.83,,https://query1.finance.yahoo.com/v8/finance/chart/BMY?period1=1610236800&period2=1612310400&interval=1d&includePrePost=false,Verified,,https://finance.yahoo.com/quote/BMY/history/,https://www.stockanalysis.com/stocks/bmy/history/
AUPH,Aurinia Pharmaceuticals,2021-01-22,Approval,15.19,2021-01-21,14.86,2021-01-22,-2.17,18.73,,https://query1.finance.yahoo.com/v8/finance/chart/AUPH?period1=1610236800&period2=1612396799&interval=1d&includePrePost=false,Verified,master decision D103,https://finance.yahoo.com/quote/AUPH/history/,https://www.stockanalysis.com/stocks/auph/history/
JNJ,,2021-01-21,,162.38,2021-01-20,161.73,2021-01-21,-0.4,163.55,,https://query1.finance.yahoo.com/v8/finance/chart/JNJ?period1=1610150400&period2=1612224000&interval=1d&includePrePost=false,Verified,,https://finance.yahoo.com/quote/JNJ/history/,https://www.stockanalysis.com/stocks/jnj/history/
GSK,ViiV Healthcare (GSK plc),2021-01-21,Approval,38.02,2021-01-20,37.78,2021-01-21,-0.63,38.36,,https://query1.finance.yahoo.com/v8/finance/chart/GSK?period1=1610150400&period2=1612310399&interval=1d&includePrePost=false,Verified,lineage proxy per master precedent (see master row notes: decision-date symbol differs from the modern ticker); master decision D102,https://finance.yahoo.com/quote/GSK/history/,https://www.stockanalysis.com/stocks/gsk/history/
MRK,Merck & Co. (US) / Bayer AG (ex-US),2021-01-19,Approval,79.5611,2021-01-15,79.3798,2021-01-19,-0.23,78.6832,,https://query1.finance.yahoo.com/v8/finance/chart/MRK?period1=1609977600&period2=1612137599&interval=1d&includePrePost=false,Verified,master decision D101,https://finance.yahoo.com/quote/MRK/history/,https://www.stockanalysis.com/stocks/mrk/history/
JNJ,,2021-01-15,,160.65,2021-01-14,160.3,2021-01-15,-0.22,162.78,,https://query1.finance.yahoo.com/v8/finance/chart/JNJ?period1=1609632000&period2=1611705600&interval=1d&includePrePost=false,Verified,,https://finance.yahoo.com/quote/JNJ/history/,https://www.stockanalysis.com/stocks/jnj/history/
DSNKY,,2021-01-15,,35.57,2021-01-14,35.38,2021-01-15,-0.53,36.38,,https://query1.finance.yahoo.com/v8/finance/chart/DSNKY?period1=1609632000&period2=1611705600&interval=1d&includePrePost=false,Verified,,https://finance.yahoo.com/quote/DSNKY/history/,https://www.stockanalysis.com/stocks/dsnky/history/
BAX,,2021-01-15,,80.05,2021-01-14,80.04,2021-01-15,-0.01,78.83,,https://query1.finance.yahoo.com/v8/finance/chart/BAX?period1=1609632000&period2=1611705600&interval=1d&includePrePost=false,Verified,,https://finance.yahoo.com/quote/BAX/history/,https://www.stockanalysis.com/stocks/bax/history/
PFE,,2021-01-14,,36.86,2021-01-13,36.75,2021-01-14,-0.3,36.7,,https://query1.finance.yahoo.com/v8/finance/chart/PFE?period1=1609545600&period2=1611619200&interval=1d&includePrePost=false,Verified,,https://finance.yahoo.com/quote/PFE/history/,https://www.stockanalysis.com/stocks/pfe/history/
JNJ,,2021-01-11,,160.04,2021-01-08,159.37,2021-01-11,-0.42,158.13,,https://query1.finance.yahoo.com/v8/finance/chart/JNJ?period1=1609286400&period2=1611360000&interval=1d&includePrePost=false,Verified,,https://finance.yahoo.com/quote/JNJ/history/,https://www.stockanalysis.com/stocks/jnj/history/
BAYRY,,2021-01-07,,15.86,2021-01-06,16.21,2021-01-07,2.21,15.77,,https://query1.finance.yahoo.com/v8/finance/chart/BAYRY?period1=1608940800&period2=1611014400&interval=1d&includePrePost=false,Verified,,https://finance.yahoo.com/quote/BAYRY/history/,https://www.stockanalysis.com/stocks/bayry/history/
RARE,,2020-12-23,,173,2020-12-22,177.39,2020-12-23,2.54,172.87,,https://query1.finance.yahoo.com/v8/finance/chart/RARE?period1=1607644800&period2=1609718400&interval=1d&includePrePost=false,Verified,,https://finance.yahoo.com/quote/RARE/history/,https://www.stockanalysis.com/stocks/rare/history/
VRTX,,2020-12-21,,236.72,2020-12-18,234.55,2020-12-21,-0.92,234.9,,https://query1.finance.yahoo.com/v8/finance/chart/VRTX?period1=1607472000&period2=1609545600&interval=1d&includePrePost=false,Verified,,https://finance.yahoo.com/quote/VRTX/history/,https://www.stockanalysis.com/stocks/vrtx/history/
TAK,,2020-12-18,,18.77,2020-12-17,18.88,2020-12-18,0.59,18.6,,https://query1.finance.yahoo.com/v8/finance/chart/TAK?period1=1607212800&period2=1609286400&interval=1d&includePrePost=false,Verified,,https://finance.yahoo.com/quote/TAK/history/,https://www.stockanalysis.com/stocks/tak/history/
SNY,,2020-12-18,,47.48,2020-12-17,48.12,2020-12-18,1.35,47.02,,https://query1.finance.yahoo.com/v8/finance/chart/SNY?period1=1607212800&period2=1609286400&interval=1d&includePrePost=false,Verified,,https://finance.yahoo.com/quote/SNY/history/,https://www.stockanalysis.com/stocks/sny/history/
NVS,Novartis AG,2020-12-18,CRL,91.98,2020-12-17,90.91,2020-12-18,-1.16,88.46,,https://query1.finance.yahoo.com/v8/finance/chart/NVS?period1=1607212800&period2=1609372799&interval=1d&includePrePost=false,Verified,lineage proxy per master precedent (see master row notes: decision-date symbol differs from the modern ticker),https://finance.yahoo.com/quote/NVS/history/,https://www.stockanalysis.com/stocks/nvs/history/
MYOV,Myovant Sciences GmbH,2020-12-18,Approval,,,,,,,,https://query1.finance.yahoo.com/v8/finance/chart/MYOV?period1=1607212800&period2=1609372799&interval=1d&includePrePost=false,Data unavailable - acquired/delisted or pre-Yahoo coverage,fetch status: FAILED HTTPError: HTTP Error 404: Not Found (recorded in the job manifest; never retried with a successor ticker); master decision D421,https://finance.yahoo.com/quote/MYOV/history/,https://www.stockanalysis.com/stocks/myov/history/
KPTI,,2020-12-18,,228,2020-12-17,247.05,2020-12-18,8.36,245.4,,https://query1.finance.yahoo.com/v8/finance/chart/KPTI?period1=1607212800&period2=1609286400&interval=1d&includePrePost=false,Verified,,https://finance.yahoo.com/quote/KPTI/history/,https://www.stockanalysis.com/stocks/kpti/history/
AZN,,2020-12-18,,101.58,2020-12-17,100.42,2020-12-18,-1.14,99.36,,https://query1.finance.yahoo.com/v8/finance/chart/AZN?period1=1607212800&period2=1609286400&interval=1d&includePrePost=false,Verified,,https://finance.yahoo.com/quote/AZN/history/,https://www.stockanalysis.com/stocks/azn/history/
AMGN,,2020-12-17,,228.44,2020-12-16,231.24,2020-12-17,1.23,228.49,,https://query1.finance.yahoo.com/v8/finance/chart/AMGN?period1=1607126400&period2=1609200000&interval=1d&includePrePost=false,Verified,,https://finance.yahoo.com/quote/AMGN/history/,https://www.stockanalysis.com/stocks/amgn/history/
MGNX,MacroGenics,2020-12-16,Approval,24.73,2020-12-15,24.72,2020-12-16,-0.04,24.65,,https://query1.finance.yahoo.com/v8/finance/chart/MGNX?period1=1607040000&period2=1609199999&interval=1d&includePrePost=false,Verified,master decision D347,https://finance.yahoo.com/quote/MGNX/history/,https://www.stockanalysis.com/stocks/mgnx/history/
GSK,,2020-12-16,,36.82,2020-12-15,36.88,2020-12-16,0.16,37.34,,https://query1.finance.yahoo.com/v8/finance/chart/GSK?period1=1607040000&period2=1609113600&interval=1d&includePrePost=false,Verified,,https://finance.yahoo.com/quote/GSK/history/,https://www.stockanalysis.com/stocks/gsk/history/
ABBV,,2020-12-16,,102.82,2020-12-15,104.64,2020-12-16,1.77,104.89,,https://query1.finance.yahoo.com/v8/finance/chart/ABBV?period1=1607040000&period2=1609113600&interval=1d&includePrePost=false,Verified,,https://finance.yahoo.com/quote/ABBV/history/,https://www.stockanalysis.com/stocks/abbv/history/
AZN,,2020-12-09,,109.44,2020-12-08,108.08,2020-12-09,-1.24,107.78,,https://query1.finance.yahoo.com/v8/finance/chart/AZN?period1=1606435200&period2=1608508800&interval=1d&includePrePost=false,Verified,,https://finance.yahoo.com/quote/AZN/history/,https://www.stockanalysis.com/stocks/azn/history/
AZN,,2020-12-07,,107.48,2020-12-04,108.52,2020-12-07,0.97,109.44,,https://query1.finance.yahoo.com/v8/finance/chart/AZN?period1=1606262400&period2=1608336000&interval=1d&includePrePost=false,Verified,,https://finance.yahoo.com/quote/AZN/history/,https://www.stockanalysis.com/stocks/azn/history/
PFE,,2020-12-04,,40.09,2020-12-03,40.34,2020-12-04,0.62,41.25,,https://query1.finance.yahoo.com/v8/finance/chart/PFE?period1=1606003200&period2=1608076800&interval=1d&includePrePost=false,Verified,,https://finance.yahoo.com/quote/PFE/history/,https://www.stockanalysis.com/stocks/pfe/history/
NVO,,2020-12-04,,33.605,2020-12-03,33.905,2020-12-04,0.89,34.105,,https://query1.finance.yahoo.com/v8/finance/chart/NVO?period1=1606003200&period2=1608076800&interval=1d&includePrePost=false,Verified,,https://finance.yahoo.com/quote/NVO/history/,https://www.stockanalysis.com/stocks/nvo/history/
MRK,,2020-12-04,,77.7195,2020-12-03,78.187,2020-12-04,0.6,78.7309,,https://query1.finance.yahoo.com/v8/finance/chart/MRK?period1=1606003200&period2=1608076800&interval=1d&includePrePost=false,Verified,,https://finance.yahoo.com/quote/MRK/history/,https://www.stockanalysis.com/stocks/mrk/history/
BCRX,"BioCryst Pharmaceuticals, Inc.",2020-12-03,Approval,5.04,2020-12-02,5.14,2020-12-03,1.98,6.1,,https://query1.finance.yahoo.com/v8/finance/chart/BCRX?period1=1605916800&period2=1608076799&interval=1d&includePrePost=false,Verified,master decision D349,https://finance.yahoo.com/quote/BCRX/history/,https://www.stockanalysis.com/stocks/bcrx/history/
VNDA,,2020-12-01,,12.21,2020-11-30,12.34,2020-12-01,1.06,13.49,,https://query1.finance.yahoo.com/v8/finance/chart/VNDA?period1=1605744000&period2=1607817600&interval=1d&includePrePost=false,Verified,,https://finance.yahoo.com/quote/VNDA/history/,https://www.stockanalysis.com/stocks/vnda/history/
BPMC,,2020-12-01,,,,,,,,,https://query1.finance.yahoo.com/v8/finance/chart/BPMC?period1=1605744000&period2=1607817600&interval=1d&includePrePost=false,Data unavailable - acquired/delisted or pre-Yahoo coverage,fetch status: FAILED HTTPError: HTTP Error 404: Not Found,https://finance.yahoo.com/quote/BPMC/history/,https://www.stockanalysis.com/stocks/bpmc/history/
YMAB,Y-mAbs Therapeutics,2020-11-25,Approval,,,,,,,,https://query1.finance.yahoo.com/v8/finance/chart/YMAB?period1=1605225600&period2=1607385599&interval=1d&includePrePost=false,Data unavailable - acquired/delisted or pre-Yahoo coverage,fetch status: FAILED HTTPError: HTTP Error 404: Not Found (recorded in the job manifest; never retried with a successor ticker); master decision D351,https://finance.yahoo.com/quote/YMAB/history/,https://www.stockanalysis.com/stocks/ymab/history/
RYTM,"Rhythm Pharmaceuticals, Inc.",2020-11-25,Approval,23.2,2020-11-24,24.16,2020-11-25,4.14,29.27,,https://query1.finance.yahoo.com/v8/finance/chart/RYTM?period1=1605744000&period2=1606780800&interval=1d,Verified,"26 Nov 2020 was Thanksgiving (market holiday), so the next session after the approval is Fri 27 Nov, when the stock closed +21.1%.",https://finance.yahoo.com/quote/RYTM/history/,https://www.stockanalysis.com/stocks/rytm/history/
NVS,,2020-11-24,,87.31,2020-11-23,88.3,2020-11-24,1.13,89.18,,https://query1.finance.yahoo.com/v8/finance/chart/NVS?period1=1605139200&period2=1607212800&interval=1d&includePrePost=false,Verified,,https://finance.yahoo.com/quote/NVS/history/,https://www.stockanalysis.com/stocks/nvs/history/
BMY,,2020-11-24,,61.92,2020-11-23,63.22,2020-11-24,2.1,62.84,,https://query1.finance.yahoo.com/v8/finance/chart/BMY?period1=1605139200&period2=1607212800&interval=1d&includePrePost=false,Verified,,https://finance.yahoo.com/quote/BMY/history/,https://www.stockanalysis.com/stocks/bmy/history/
RHHBY,Roche Holding AG,2020-11-23,CRL,41.68,2020-11-20,41.23,2020-11-23,-1.08,40.98,,https://query1.finance.yahoo.com/v8/finance/chart/RHHBY?period1=1605052800&period2=1607212799&interval=1d&includePrePost=false,Verified,lineage proxy per master precedent (see master row notes: decision-date symbol differs from the modern ticker),https://finance.yahoo.com/quote/RHHBY/history/,https://www.stockanalysis.com/stocks/rhhby/history/
ALNY,"Alnylam Pharmaceuticals, Inc.",2020-11-23,Approval,124.7,2020-11-20,123.02,2020-11-23,-1.35,125.66,,https://query1.finance.yahoo.com/v8/finance/chart/ALNY?period1=1605571200&period2=1606608000&interval=1d,Verified,,https://finance.yahoo.com/quote/ALNY/history/,https://www.stockanalysis.com/stocks/alny/history/
JNJ,,2020-11-20,,147.14,2020-11-19,146.36,2020-11-20,-0.53,143.87,,https://query1.finance.yahoo.com/v8/finance/chart/JNJ?period1=1604793600&period2=1606867200&interval=1d&includePrePost=false,Verified,,https://finance.yahoo.com/quote/JNJ/history/,https://www.stockanalysis.com/stocks/jnj/history/
EIGR,"Eiger BioPharmaceuticals, Inc.",2020-11-20,Approval,,,,,,,,https://query1.finance.yahoo.com/v8/finance/chart/EIGR?period1=1604793600&period2=1606953599&interval=1d&includePrePost=false,Data unavailable - acquired/delisted or pre-Yahoo coverage,fetch status: FAILED HTTPError: HTTP Error 404: Not Found (recorded in the job manifest; never retried with a successor ticker); master decision D352,https://finance.yahoo.com/quote/EIGR/history/,https://www.stockanalysis.com/stocks/eigr/history/
BMY,,2020-11-20,,62.09,2020-11-19,61.61,2020-11-20,-0.77,61.92,,https://query1.finance.yahoo.com/v8/finance/chart/BMY?period1=1604793600&period2=1606867200&interval=1d&includePrePost=false,Verified,,https://finance.yahoo.com/quote/BMY/history/,https://www.stockanalysis.com/stocks/bmy/history/
AZN,,2020-11-18,,109.92,2020-11-17,107.98,2020-11-18,-1.76,108.06,,https://query1.finance.yahoo.com/v8/finance/chart/AZN?period1=1604620800&period2=1606694400&interval=1d&includePrePost=false,Verified,,https://finance.yahoo.com/quote/AZN/history/,https://www.stockanalysis.com/stocks/azn/history/
LLY,,2020-11-16,,142.38,2020-11-13,140.59,2020-11-16,-1.26,141.2,,https://query1.finance.yahoo.com/v8/finance/chart/LLY?period1=1604448000&period2=1606521600&interval=1d&includePrePost=false,Verified,,https://finance.yahoo.com/quote/LLY/history/,https://www.stockanalysis.com/stocks/lly/history/
TAK,,2020-11-13,,16.88,2020-11-12,17.29,2020-11-13,2.43,17.25,,https://query1.finance.yahoo.com/v8/finance/chart/TAK?period1=1604188800&period2=1606262400&interval=1d&includePrePost=false,Verified,,https://finance.yahoo.com/quote/TAK/history/,https://www.stockanalysis.com/stocks/tak/history/
MRK,,2020-11-13,,76.2023,2020-11-12,77.376,2020-11-13,1.54,76.5076,,https://query1.finance.yahoo.com/v8/finance/chart/MRK?period1=1604188800&period2=1606262400&interval=1d&includePrePost=false,Verified,,https://finance.yahoo.com/quote/MRK/history/,https://www.stockanalysis.com/stocks/mrk/history/
ALKS,"Alkermes, Inc.",2020-11-13,CRL,17.32,2020-11-12,17.8,2020-11-13,2.77,17.84,,https://query1.finance.yahoo.com/v8/finance/chart/ALKS?period1=1604188800&period2=1606348799&interval=1d&includePrePost=false,Verified,,https://finance.yahoo.com/quote/ALKS/history/,https://www.stockanalysis.com/stocks/alks/history/
ADMP,Adamis Pharmaceuticals Corporation,2020-11-13,CRL,,,,,,,,https://query1.finance.yahoo.com/v8/finance/chart/ADMP?period1=1604188800&period2=1606348799&interval=1d&includePrePost=false,Data unavailable - acquired/delisted or pre-Yahoo coverage,fetch status: FAILED HTTPError: HTTP Error 404: Not Found (recorded in the job manifest; never retried with a successor ticker),https://finance.yahoo.com/quote/ADMP/history/,https://www.stockanalysis.com/stocks/admp/history/
SNY,Sanofi,2020-11-12,CRL,51.62,2020-11-11,51.04,2020-11-12,-1.12,51.01,,https://query1.finance.yahoo.com/v8/finance/chart/SNY?period1=1604102400&period2=1606262399&interval=1d&includePrePost=false,Verified,lineage proxy per master precedent (see master row notes: decision-date symbol differs from the modern ticker),https://finance.yahoo.com/quote/SNY/history/,https://www.stockanalysis.com/stocks/sny/history/
SUPN,"Supernus Pharmaceuticals, Inc.",2020-11-06,CRL,23.03,2020-11-05,23.58,2020-11-06,2.39,24.95,,https://query1.finance.yahoo.com/v8/finance/chart/SUPN?period1=1603584000&period2=1605743999&interval=1d&includePrePost=false,Verified,,https://finance.yahoo.com/quote/SUPN/history/,https://www.stockanalysis.com/stocks/supn/history/
RDY,Dr. Reddy’s Laboratories Limited,2020-11-06,CRL,13.514,2020-11-05,13.34,2020-11-06,-1.29,12.88,,https://query1.finance.yahoo.com/v8/finance/chart/RDY?period1=1603584000&period2=1605743999&interval=1d&includePrePost=false,Verified,,https://finance.yahoo.com/quote/RDY/history/,https://www.stockanalysis.com/stocks/rdy/history/
AZN,,2020-11-05,,110.08,2020-11-04,110.32,2020-11-05,0.22,111.04,,https://query1.finance.yahoo.com/v8/finance/chart/AZN?period1=1603497600&period2=1605571200&interval=1d&includePrePost=false,Verified,,https://finance.yahoo.com/quote/AZN/history/,https://www.stockanalysis.com/stocks/azn/history/
ALC,,2020-10-26,,62.34,2020-10-23,61.25,2020-10-26,-1.75,60.5,,https://query1.finance.yahoo.com/v8/finance/chart/ALC?period1=1602633600&period2=1604707200&interval=1d&includePrePost=false,Verified,,https://finance.yahoo.com/quote/ALC/history/,https://www.stockanalysis.com/stocks/alc/history/
ALPMY,,2020-10-23,,14.13,2020-10-22,14.11,2020-10-23,-0.14,13.91,,https://query1.finance.yahoo.com/v8/finance/chart/ALPMY?period1=1602374400&period2=1604448000&interval=1d&includePrePost=false,Verified,,https://finance.yahoo.com/quote/ALPMY/history/,https://www.stockanalysis.com/stocks/alpmy/history/
PFE,,2020-10-22,,35.1803,2020-10-21,35.5123,2020-10-22,0.94,36.2239,,https://query1.finance.yahoo.com/v8/finance/chart/PFE?period1=1602288000&period2=1604361600&interval=1d&includePrePost=false,Verified,,https://finance.yahoo.com/quote/PFE/history/,https://www.stockanalysis.com/stocks/pfe/history/
GILD,"Gilead Sciences, Inc.",2020-10-22,Approval,60.21,2020-10-21,60.67,2020-10-22,0.76,60.79,,https://query1.finance.yahoo.com/v8/finance/chart/GILD?period1=1602806400&period2=1603843200&interval=1d,Verified,Full approval of remdesivir ~3 weeks after the Oct-2020 US election-period volatility; the move is small and confounded.,https://finance.yahoo.com/quote/GILD/history/,https://www.stockanalysis.com/stocks/gild/history/
INSM,,2020-10-19,,36.3,2020-10-16,37.3,2020-10-19,2.75,38.51,,https://query1.finance.yahoo.com/v8/finance/chart/INSM?period1=1602028800&period2=1604102400&interval=1d&includePrePost=false,Verified,,https://finance.yahoo.com/quote/INSM/history/,https://www.stockanalysis.com/stocks/insm/history/
ABBV,,2020-10-16,,85.23,2020-10-15,86.27,2020-10-16,1.22,84.31,,https://query1.finance.yahoo.com/v8/finance/chart/ABBV?period1=1601769600&period2=1603843200&interval=1d&includePrePost=false,Verified,,https://finance.yahoo.com/quote/ABBV/history/,https://www.stockanalysis.com/stocks/abbv/history/
REGN,"Regeneron Pharmaceuticals, Inc.",2020-10-14,Approval,607.98,2020-10-13,600.82,2020-10-14,-1.18,585.18,,https://query1.finance.yahoo.com/v8/finance/chart/REGN?period1=1601596800&period2=1603756799&interval=1d&includePrePost=false,Verified,master decision D353,https://finance.yahoo.com/quote/REGN/history/,https://www.stockanalysis.com/stocks/regn/history/
MRK,,2020-10-14,,77.0134,2020-10-13,76.8225,2020-10-14,-0.25,75.4389,,https://query1.finance.yahoo.com/v8/finance/chart/MRK?period1=1601596800&period2=1603670400&interval=1d&includePrePost=false,Verified,,https://finance.yahoo.com/quote/MRK/history/,https://www.stockanalysis.com/stocks/mrk/history/
BMRN,,2020-10-06,,77,2020-10-05,75.55,2020-10-06,-1.88,77.71,,https://query1.finance.yahoo.com/v8/finance/chart/BMRN?period1=1600905600&period2=1602979200&interval=1d&includePrePost=false,Verified,,https://finance.yahoo.com/quote/BMRN/history/,https://www.stockanalysis.com/stocks/bmrn/history/
MRK,,2020-10-02,,77.9008,2020-10-01,77.0992,2020-10-02,-1.03,77.5191,,https://query1.finance.yahoo.com/v8/finance/chart/MRK?period1=1600560000&period2=1602633600&interval=1d&includePrePost=false,Verified,,https://finance.yahoo.com/quote/MRK/history/,https://www.stockanalysis.com/stocks/mrk/history/
BMY,,2020-10-02,,59.82,2020-10-01,58.72,2020-10-02,-1.84,59.2,,https://query1.finance.yahoo.com/v8/finance/chart/BMY?period1=1600560000&period2=1602633600&interval=1d&includePrePost=false,Verified,,https://finance.yahoo.com/quote/BMY/history/,https://www.stockanalysis.com/stocks/bmy/history/
JNJ,,2020-09-29,,147.11,2020-09-28,147.06,2020-09-29,-0.03,148.88,,https://query1.finance.yahoo.com/v8/finance/chart/JNJ?period1=1600300800&period2=1602374400&interval=1d&includePrePost=false,Verified,,https://finance.yahoo.com/quote/JNJ/history/,https://www.stockanalysis.com/stocks/jnj/history/
SGIOF,,2020-09-25,,18.3333,2020-09-24,18.3667,2020-09-25,0.18,18.0767,,https://query1.finance.yahoo.com/v8/finance/chart/SGIOF?period1=1599955200&period2=1602028800&interval=1d&includePrePost=false,Verified,,https://finance.yahoo.com/quote/SGIOF/history/,https://www.stockanalysis.com/stocks/sgiof/history/
PFE,,2020-09-25,,33.9279,2020-09-24,34.203,2020-09-25,0.81,34.5256,,https://query1.finance.yahoo.com/v8/finance/chart/PFE?period1=1599955200&period2=1602028800&interval=1d&includePrePost=false,Verified,,https://finance.yahoo.com/quote/PFE/history/,https://www.stockanalysis.com/stocks/pfe/history/
JAZZ,,2020-09-25,,138.05,2020-09-24,139.58,2020-09-25,1.11,141.49,,https://query1.finance.yahoo.com/v8/finance/chart/JAZZ?period1=1599955200&period2=1602028800&interval=1d&includePrePost=false,Verified,,https://finance.yahoo.com/quote/JAZZ/history/,https://www.stockanalysis.com/stocks/jazz/history/
GSK,,2020-09-25,,37.38,2020-09-24,37.8,2020-09-25,1.12,37.86,,https://query1.finance.yahoo.com/v8/finance/chart/GSK?period1=1599955200&period2=1602028800&interval=1d&includePrePost=false,Verified,,https://finance.yahoo.com/quote/GSK/history/,https://www.stockanalysis.com/stocks/gsk/history/
VRTX,,2020-09-24,,263.82,2020-09-23,263.13,2020-09-24,-0.26,268.18,,https://query1.finance.yahoo.com/v8/finance/chart/VRTX?period1=1599868800&period2=1601942400&interval=1d&includePrePost=false,Verified,,https://finance.yahoo.com/quote/VRTX/history/,https://www.stockanalysis.com/stocks/vrtx/history/
GSK,,2020-09-24,,37.79,2020-09-23,37.38,2020-09-24,-1.08,37.8,,https://query1.finance.yahoo.com/v8/finance/chart/GSK?period1=1599868800&period2=1601942400&interval=1d&includePrePost=false,Verified,,https://finance.yahoo.com/quote/GSK/history/,https://www.stockanalysis.com/stocks/gsk/history/
ABBV,,2020-09-22,,89.09,2020-09-21,88.6,2020-09-22,-0.55,87.14,,https://query1.finance.yahoo.com/v8/finance/chart/ABBV?period1=1599696000&period2=1601769600&interval=1d&includePrePost=false,Verified,,https://finance.yahoo.com/quote/ABBV/history/,https://www.stockanalysis.com/stocks/abbv/history/
BMY,,2020-09-18,,59.4,2020-09-17,59.27,2020-09-18,-0.22,57.77,,https://query1.finance.yahoo.com/v8/finance/chart/BMY?period1=1599350400&period2=1601424000&interval=1d&includePrePost=false,Verified,,https://finance.yahoo.com/quote/BMY/history/,https://www.stockanalysis.com/stocks/bmy/history/
GSK,,2020-09-09,,38.97,2020-09-08,39.75,2020-09-09,2.0,38.77,,https://query1.finance.yahoo.com/v8/finance/chart/GSK?period1=1598572800&period2=1600646400&interval=1d&includePrePost=false,Verified,,https://finance.yahoo.com/quote/GSK/history/,https://www.stockanalysis.com/stocks/gsk/history/
BPMC,Blueprint Medicines Corporation,2020-09-04,Approval,,,,,,,,https://query1.finance.yahoo.com/v8/finance/chart/BPMC?period1=1598140800&period2=1600300799&interval=1d&includePrePost=false,Data unavailable - acquired/delisted or pre-Yahoo coverage,fetch status: FAILED HTTPError: HTTP Error 404: Not Found (recorded in the job manifest; never retried with a successor ticker); master decision D354,https://finance.yahoo.com/quote/BPMC/history/,https://www.stockanalysis.com/stocks/bpmc/history/
LLY,,2020-09-03,,149.55,2020-09-02,149.02,2020-09-03,-0.35,150.91,,https://query1.finance.yahoo.com/v8/finance/chart/LLY?period1=1598054400&period2=1600128000&interval=1d&includePrePost=false,Verified,,https://finance.yahoo.com/quote/LLY/history/,https://www.stockanalysis.com/stocks/lly/history/
BMY,,2020-09-01,,62.2,2020-08-31,60.97,2020-09-01,-1.98,61.6,,https://query1.finance.yahoo.com/v8/finance/chart/BMY?period1=1597881600&period2=1599955200&interval=1d&includePrePost=false,Verified,,https://finance.yahoo.com/quote/BMY/history/,https://www.stockanalysis.com/stocks/bmy/history/
NVO,Novo Nordisk A/S,2020-08-28,Approval,33.13,2020-08-27,32.915,2020-08-28,-0.65,33.02,,https://query1.finance.yahoo.com/v8/finance/chart/NVO?period1=1597536000&period2=1599695999&interval=1d&includePrePost=false,Verified,lineage proxy per master precedent (see master row notes: decision-date symbol differs from the modern ticker); master decision D356,https://finance.yahoo.com/quote/NVO/history/,https://www.stockanalysis.com/stocks/nvo/history/
NVS,,2020-08-20,,85.47,2020-08-19,87.14,2020-08-20,1.95,86.4,,https://query1.finance.yahoo.com/v8/finance/chart/NVS?period1=1596844800&period2=1598918400&interval=1d&includePrePost=false,Verified,,https://finance.yahoo.com/quote/NVS/history/,https://www.stockanalysis.com/stocks/nvs/history/
JNJ,,2020-08-20,,150.39,2020-08-19,151.42,2020-08-20,0.68,152.76,,https://query1.finance.yahoo.com/v8/finance/chart/JNJ?period1=1596844800&period2=1598918400&interval=1d&includePrePost=false,Verified,,https://finance.yahoo.com/quote/JNJ/history/,https://www.stockanalysis.com/stocks/jnj/history/
BAYRY,,2020-08-20,,17.07,2020-08-19,16.73,2020-08-20,-1.99,16.6,,https://query1.finance.yahoo.com/v8/finance/chart/BAYRY?period1=1596844800&period2=1598918400&interval=1d&includePrePost=false,Verified,,https://finance.yahoo.com/quote/BAYRY/history/,https://www.stockanalysis.com/stocks/bayry/history/
AMGN,,2020-08-20,,240.49,2020-08-19,238.73,2020-08-20,-0.73,237.64,,https://query1.finance.yahoo.com/v8/finance/chart/AMGN?period1=1596844800&period2=1598918400&interval=1d&includePrePost=false,Verified,,https://finance.yahoo.com/quote/AMGN/history/,https://www.stockanalysis.com/stocks/amgn/history/
JNJ,,2020-08-18,,148.99,2020-08-17,150.09,2020-08-18,0.74,150.39,,https://query1.finance.yahoo.com/v8/finance/chart/JNJ?period1=1596672000&period2=1598745600&interval=1d&includePrePost=false,Verified,,https://finance.yahoo.com/quote/JNJ/history/,https://www.stockanalysis.com/stocks/jnj/history/
GILD,,2020-08-18,,69.15,2020-08-17,69.06,2020-08-18,-0.13,65.7,,https://query1.finance.yahoo.com/v8/finance/chart/GILD?period1=1596672000&period2=1598745600&interval=1d&includePrePost=false,Verified,,https://finance.yahoo.com/quote/GILD/history/,https://www.stockanalysis.com/stocks/gild/history/
RHHBY,"Genentech, Inc. (Roche group)",2020-08-14,Approval,43.21,2020-08-13,42.55,2020-08-14,-1.53,43.34,,https://query1.finance.yahoo.com/v8/finance/chart/RHHBY?period1=1596326400&period2=1598486399&interval=1d&includePrePost=false,Verified,lineage proxy per master precedent (see master row notes: decision-date symbol differs from the modern ticker); master decision D358,https://finance.yahoo.com/quote/RHHBY/history/,https://www.stockanalysis.com/stocks/rhhby/history/
FENC,"Fennec Pharmaceuticals, Inc.",2020-08-10,CRL,9.01,2020-08-07,10.17,2020-08-10,12.87,6.66,,https://query1.finance.yahoo.com/v8/finance/chart/FENC?period1=1595980800&period2=1598140799&interval=1d&includePrePost=false,Verified,,https://finance.yahoo.com/quote/FENC/history/,https://www.stockanalysis.com/stocks/fenc/history/
TRVN,,2020-08-07,,1518.75,2020-08-06,1487.5,2020-08-07,-2.06,1956.25,,https://query1.finance.yahoo.com/v8/finance/chart/TRVN?period1=1595721600&period2=1597795200&interval=1d&includePrePost=false,Verified,,https://finance.yahoo.com/quote/TRVN/history/,https://www.stockanalysis.com/stocks/trvn/history/
RHHBY,"Roche (Genentech, Inc.)",2020-08-07,Approval,43.43,2020-08-06,43.01,2020-08-07,-0.97,42.8,,https://query1.finance.yahoo.com/v8/finance/chart/RHHBY?period1=1596240000&period2=1597276800&interval=1d,Verified,,https://finance.yahoo.com/quote/RHHBY/history/,https://www.stockanalysis.com/stocks/rhhby/history/
BAYRY,Bayer AG (Bayer HealthCare),2020-08-06,Approval,16.7,2020-08-05,16.62,2020-08-06,-0.48,16.46,,https://query1.finance.yahoo.com/v8/finance/chart/BAYRY?period1=1595635200&period2=1597795199&interval=1d&includePrePost=false,Verified,master decision D361,https://finance.yahoo.com/quote/BAYRY/history/,https://www.stockanalysis.com/stocks/bayry/history/
GSK,GSK plc,2020-08-05,Approval,41.24,2020-08-04,41.21,2020-08-05,-0.07,40.97,,https://query1.finance.yahoo.com/v8/finance/chart/GSK?period1=1596067200&period2=1597104000&interval=1d,Verified,,https://finance.yahoo.com/quote/GSK/history/,https://www.stockanalysis.com/stocks/gsk/history/
ALPMY,,2020-08-04,,16.21,2020-08-03,15.99,2020-08-04,-1.36,16.11,,https://query1.finance.yahoo.com/v8/finance/chart/ALPMY?period1=1595462400&period2=1597536000&interval=1d&includePrePost=false,Verified,,https://finance.yahoo.com/quote/ALPMY/history/,https://www.stockanalysis.com/stocks/alpmy/history/
DBVT,DBV Technologies S.A.,2020-08-03,CRL,8.22,2020-07-31,8.2,2020-08-03,-0.24,4.68,,https://query1.finance.yahoo.com/v8/finance/chart/DBVT?period1=1595376000&period2=1597535999&interval=1d&includePrePost=false,Verified,,https://finance.yahoo.com/quote/DBVT/history/,https://www.stockanalysis.com/stocks/dbvt/history/
MOR,,2020-07-31,,,,,,,,,https://query1.finance.yahoo.com/v8/finance/chart/MOR?period1=1595116800&period2=1597190400&interval=1d&includePrePost=false,Data unavailable - acquired/delisted or pre-Yahoo coverage,fetch status: FAILED HTTPError: HTTP Error 404: Not Found,https://finance.yahoo.com/quote/MOR/history/,https://www.stockanalysis.com/stocks/mor/history/
JNJ,,2020-07-31,,146.84,2020-07-30,145.76,2020-07-31,-0.74,147.35,,https://query1.finance.yahoo.com/v8/finance/chart/JNJ?period1=1595116800&period2=1597190400&interval=1d&includePrePost=false,Verified,,https://finance.yahoo.com/quote/JNJ/history/,https://www.stockanalysis.com/stocks/jnj/history/
JAZZ,,2020-07-31,,113.77,2020-07-30,108.25,2020-07-31,-4.85,111.93,,https://query1.finance.yahoo.com/v8/finance/chart/JAZZ?period1=1595116800&period2=1597190400&interval=1d&includePrePost=false,Verified,,https://finance.yahoo.com/quote/JAZZ/history/,https://www.stockanalysis.com/stocks/jazz/history/
BMY,,2020-07-31,,58.87,2020-07-30,58.66,2020-07-31,-0.36,59.1,,https://query1.finance.yahoo.com/v8/finance/chart/BMY?period1=1595116800&period2=1597190400&interval=1d&includePrePost=false,Verified,,https://finance.yahoo.com/quote/BMY/history/,https://www.stockanalysis.com/stocks/bmy/history/
RDY,,2020-07-30,,11.724,2020-07-29,11.984,2020-07-30,2.22,12.16,,https://query1.finance.yahoo.com/v8/finance/chart/RDY?period1=1595030400&period2=1597104000&interval=1d&includePrePost=false,Verified,,https://finance.yahoo.com/quote/RDY/history/,https://www.stockanalysis.com/stocks/rdy/history/
JNJ,,2020-07-29,,146.83,2020-07-28,146.54,2020-07-29,-0.2,146.84,,https://query1.finance.yahoo.com/v8/finance/chart/JNJ?period1=1594944000&period2=1597017600&interval=1d&includePrePost=false,Verified,,https://finance.yahoo.com/quote/JNJ/history/,https://www.stockanalysis.com/stocks/jnj/history/
AZN,,2020-07-28,,113.16,2020-07-27,112.64,2020-07-28,-0.46,113.28,,https://query1.finance.yahoo.com/v8/finance/chart/AZN?period1=1594857600&period2=1596931200&interval=1d&includePrePost=false,Verified,,https://finance.yahoo.com/quote/AZN/history/,https://www.stockanalysis.com/stocks/azn/history/
NVS,,2020-07-23,,86.5,2020-07-22,84.89,2020-07-23,-1.86,84.22,,https://query1.finance.yahoo.com/v8/finance/chart/NVS?period1=1594425600&period2=1596499200&interval=1d&includePrePost=false,Verified,,https://finance.yahoo.com/quote/NVS/history/,https://www.stockanalysis.com/stocks/nvs/history/
AZN,,2020-07-23,,113.96,2020-07-22,110.34,2020-07-23,-3.18,111.6,,https://query1.finance.yahoo.com/v8/finance/chart/AZN?period1=1594425600&period2=1596499200&interval=1d&includePrePost=false,Verified,,https://finance.yahoo.com/quote/AZN/history/,https://www.stockanalysis.com/stocks/azn/history/
JAZZ,,2020-07-21,,108.01,2020-07-20,105.52,2020-07-21,-2.31,110.26,,https://query1.finance.yahoo.com/v8/finance/chart/JAZZ?period1=1594252800&period2=1596326400&interval=1d&includePrePost=false,Verified,,https://finance.yahoo.com/quote/JAZZ/history/,https://www.stockanalysis.com/stocks/jazz/history/
GALDY,,2020-07-17,,,,,,,,,https://query1.finance.yahoo.com/v8/finance/chart/GALDY?period1=1593907200&period2=1595980800&interval=1d&includePrePost=false,Data unavailable - acquired/delisted or pre-Yahoo coverage,fetch status: FAILED HTTPError: HTTP Error 400: Bad Request,https://finance.yahoo.com/quote/GALDY/history/,https://www.stockanalysis.com/stocks/galdy/history/
MRK,,2020-07-14,,73.8073,2020-07-13,74.666,2020-07-14,1.16,75.8015,,https://query1.finance.yahoo.com/v8/finance/chart/MRK?period1=1593648000&period2=1595721600&interval=1d&includePrePost=false,Verified,,https://finance.yahoo.com/quote/MRK/history/,https://www.stockanalysis.com/stocks/mrk/history/
GILD,,2020-07-14,,76.68,2020-07-13,77.19,2020-07-14,0.67,76.65,,https://query1.finance.yahoo.com/v8/finance/chart/GILD?period1=1593648000&period2=1595721600&interval=1d&includePrePost=false,Verified,,https://finance.yahoo.com/quote/GILD/history/,https://www.stockanalysis.com/stocks/gild/history/
VRCA,Verrica Pharmaceuticals Inc.,2020-07-13,CRL,95.4,2020-07-10,88,2020-07-13,-7.76,84.7,,https://query1.finance.yahoo.com/v8/finance/chart/VRCA?period1=1593561600&period2=1595721599&interval=1d&includePrePost=false,Verified,,https://finance.yahoo.com/quote/VRCA/history/,https://www.stockanalysis.com/stocks/vrca/history/
JNJ,,2020-07-13,,142.37,2020-07-10,145.21,2020-07-13,1.99,147.92,,https://query1.finance.yahoo.com/v8/finance/chart/JNJ?period1=1593561600&period2=1595635200&interval=1d&includePrePost=false,Verified,,https://finance.yahoo.com/quote/JNJ/history/,https://www.stockanalysis.com/stocks/jnj/history/
ALC,,2020-07-13,,56.89,2020-07-10,56.36,2020-07-13,-0.93,56.96,,https://query1.finance.yahoo.com/v8/finance/chart/ALC?period1=1593561600&period2=1595635200&interval=1d&includePrePost=false,Verified,,https://finance.yahoo.com/quote/ALC/history/,https://www.stockanalysis.com/stocks/alc/history/
ABBV,,2020-07-08,,99.35,2020-07-07,99.28,2020-07-08,-0.07,97.94,,https://query1.finance.yahoo.com/v8/finance/chart/ABBV?period1=1593129600&period2=1595203200&interval=1d&includePrePost=false,Verified,,https://finance.yahoo.com/quote/ABBV/history/,https://www.stockanalysis.com/stocks/abbv/history/
VTRS,,2020-07-06,,15.93,2020-07-02,16.54,2020-07-06,3.83,16.11,,https://query1.finance.yahoo.com/v8/finance/chart/VTRS?period1=1592956800&period2=1595030400&interval=1d&includePrePost=false,Verified,,https://finance.yahoo.com/quote/VTRS/history/,https://www.stockanalysis.com/stocks/vtrs/history/
NVS,,2020-07-06,,87.57,2020-07-02,88.46,2020-07-06,1.02,87.8,,https://query1.finance.yahoo.com/v8/finance/chart/NVS?period1=1592956800&period2=1595030400&interval=1d&includePrePost=false,Verified,,https://finance.yahoo.com/quote/NVS/history/,https://www.stockanalysis.com/stocks/nvs/history/
GSK,ViiV Healthcare (GSK group),2020-07-02,Approval,40.86,2020-07-01,41.22,2020-07-02,0.88,41.01,,https://query1.finance.yahoo.com/v8/finance/chart/GSK?period1=1592611200&period2=1594771199&interval=1d&includePrePost=false,Verified,lineage proxy per master precedent (see master row notes: decision-date symbol differs from the modern ticker); master decision D365,https://finance.yahoo.com/quote/GSK/history/,https://www.stockanalysis.com/stocks/gsk/history/
RARE,Ultragenyx Pharmaceutical Inc.,2020-06-30,Approval,73.66,2020-06-29,78.22,2020-06-30,6.19,84.65,,https://query1.finance.yahoo.com/v8/finance/chart/RARE?period1=1592438400&period2=1594598399&interval=1d&includePrePost=false,Verified,master decision D367,https://finance.yahoo.com/quote/RARE/history/,https://www.stockanalysis.com/stocks/rare/history/
PFE,,2020-06-30,,30.9677,2020-06-29,31.0247,2020-06-30,0.18,32.0114,,https://query1.finance.yahoo.com/v8/finance/chart/PFE?period1=1592438400&period2=1594512000&interval=1d&includePrePost=false,Verified,,https://finance.yahoo.com/quote/PFE/history/,https://www.stockanalysis.com/stocks/pfe/history/
MRK,,2020-06-29,,71.7462,2020-06-26,72.6336,2020-06-29,1.24,73.7882,,https://query1.finance.yahoo.com/v8/finance/chart/MRK?period1=1592352000&period2=1594425600&interval=1d&includePrePost=false,Verified,,https://finance.yahoo.com/quote/MRK/history/,https://www.stockanalysis.com/stocks/mrk/history/
JNJ,,2020-06-29,,137.81,2020-06-26,139.04,2020-06-29,0.89,140.63,,https://query1.finance.yahoo.com/v8/finance/chart/JNJ?period1=1592352000&period2=1594425600&interval=1d&includePrePost=false,Verified,,https://finance.yahoo.com/quote/JNJ/history/,https://www.stockanalysis.com/stocks/jnj/history/
TAK,,2020-06-26,,18.48,2020-06-25,18.34,2020-06-26,-0.76,18.11,,https://query1.finance.yahoo.com/v8/finance/chart/TAK?period1=1592092800&period2=1594166400&interval=1d&includePrePost=false,Verified,,https://finance.yahoo.com/quote/TAK/history/,https://www.stockanalysis.com/stocks/tak/history/
HRTX,"Heron Therapeutics, Inc.",2020-06-26,CRL,20.54,2020-06-25,19.82,2020-06-26,-3.51,14.26,,https://query1.finance.yahoo.com/v8/finance/chart/HRTX?period1=1592092800&period2=1594252799&interval=1d&includePrePost=false,Verified,,https://finance.yahoo.com/quote/HRTX/history/,https://www.stockanalysis.com/stocks/hrtx/history/
REGN,,2020-06-25,,605.04,2020-06-24,619.96,2020-06-25,2.47,611.36,,https://query1.finance.yahoo.com/v8/finance/chart/REGN?period1=1592006400&period2=1594080000&interval=1d&includePrePost=false,Verified,,https://finance.yahoo.com/quote/REGN/history/,https://www.stockanalysis.com/stocks/regn/history/
MRK,,2020-06-24,,73.5878,2020-06-23,72.395,2020-06-24,-1.62,73.063,,https://query1.finance.yahoo.com/v8/finance/chart/MRK?period1=1591920000&period2=1593993600&interval=1d&includePrePost=false,Verified,,https://finance.yahoo.com/quote/MRK/history/,https://www.stockanalysis.com/stocks/mrk/history/
KPTI,,2020-06-22,,285,2020-06-19,284.85,2020-06-22,-0.05,295.5,,https://query1.finance.yahoo.com/v8/finance/chart/KPTI?period1=1591747200&period2=1593820800&interval=1d&includePrePost=false,Verified,,https://finance.yahoo.com/quote/KPTI/history/,https://www.stockanalysis.com/stocks/kpti/history/
REGN,,2020-06-18,,603.1,2020-06-17,597.35,2020-06-18,-0.95,643.92,,https://query1.finance.yahoo.com/v8/finance/chart/REGN?period1=1591401600&period2=1593475200&interval=1d&includePrePost=false,Verified,,https://finance.yahoo.com/quote/REGN/history/,https://www.stockanalysis.com/stocks/regn/history/
RARE,,2020-06-18,,71.49,2020-06-17,72.48,2020-06-18,1.38,78.22,,https://query1.finance.yahoo.com/v8/finance/chart/RARE?period1=1591401600&period2=1593475200&interval=1d&includePrePost=false,Verified,,https://finance.yahoo.com/quote/RARE/history/,https://www.stockanalysis.com/stocks/rare/history/
EPZM,,2020-06-18,,,,,,,,,https://query1.finance.yahoo.com/v8/finance/chart/EPZM?period1=1591401600&period2=1593475200&interval=1d&includePrePost=false,Data unavailable - acquired/delisted or pre-Yahoo coverage,fetch status: FAILED HTTPError: HTTP Error 404: Not Found,https://finance.yahoo.com/quote/EPZM/history/,https://www.stockanalysis.com/stocks/epzm/history/
PFE,,2020-06-16,,31.6509,2020-06-15,31.6888,2020-06-16,0.12,31.8406,,https://query1.finance.yahoo.com/v8/finance/chart/PFE?period1=1591228800&period2=1593302400&interval=1d&includePrePost=false,Verified,,https://finance.yahoo.com/quote/PFE/history/,https://www.stockanalysis.com/stocks/pfe/history/
NVS,,2020-06-16,,85.16,2020-06-15,86.76,2020-06-16,1.88,89.49,,https://query1.finance.yahoo.com/v8/finance/chart/NVS?period1=1591228800&period2=1593302400&interval=1d&includePrePost=false,Verified,,https://finance.yahoo.com/quote/NVS/history/,https://www.stockanalysis.com/stocks/nvs/history/
MRK,,2020-06-16,,70.6298,2020-06-15,73.4447,2020-06-16,3.99,72.7958,,https://query1.finance.yahoo.com/v8/finance/chart/MRK?period1=1591228800&period2=1593302400&interval=1d&includePrePost=false,Verified,,https://finance.yahoo.com/quote/MRK/history/,https://www.stockanalysis.com/stocks/mrk/history/
BIIB,,2020-06-16,,278.49,2020-06-15,282.12,2020-06-16,1.3,281.46,,https://query1.finance.yahoo.com/v8/finance/chart/BIIB?period1=1591228800&period2=1593302400&interval=1d&includePrePost=false,Verified,,https://finance.yahoo.com/quote/BIIB/history/,https://www.stockanalysis.com/stocks/biib/history/
LLY,,2020-06-15,,143.54,2020-06-12,141.52,2020-06-15,-1.41,163.71,,https://query1.finance.yahoo.com/v8/finance/chart/LLY?period1=1591142400&period2=1593216000&interval=1d&includePrePost=false,Verified,,https://finance.yahoo.com/quote/LLY/history/,https://www.stockanalysis.com/stocks/lly/history/
JAZZ,Jazz Pharmaceuticals plc,2020-06-15,Approval,104.68,2020-06-12,110.5,2020-06-15,5.56,111.58,,https://query1.finance.yahoo.com/v8/finance/chart/JAZZ?period1=1591142400&period2=1593302399&interval=1d&includePrePost=false,Verified,master decision D368,https://finance.yahoo.com/quote/JAZZ/history/,https://www.stockanalysis.com/stocks/jazz/history/
VTRS,,2020-06-11,,17.32,2020-06-10,16.3,2020-06-11,-5.89,15.94,,https://query1.finance.yahoo.com/v8/finance/chart/VTRS?period1=1590796800&period2=1592870400&interval=1d&includePrePost=false,Verified,,https://finance.yahoo.com/quote/VTRS/history/,https://www.stockanalysis.com/stocks/vtrs/history/
VIE,"Viela Bio, Inc.",2020-06-11,Approval,,,,,,,,https://query1.finance.yahoo.com/v8/finance/chart/VIE?period1=1590796800&period2=1592956799&interval=1d&includePrePost=false,Data unavailable - acquired/delisted or pre-Yahoo coverage,fetch status: FAILED HTTPError: HTTP Error 404: Not Found (recorded in the job manifest; never retried with a successor ticker); master decision D369,https://finance.yahoo.com/quote/VIE/history/,https://www.stockanalysis.com/stocks/vie/history/
PFE,,2020-06-10,,34.3548,2020-06-09,34.0797,2020-06-10,-0.8,31.5939,,https://query1.finance.yahoo.com/v8/finance/chart/PFE?period1=1590710400&period2=1592784000&interval=1d&includePrePost=false,Verified,,https://finance.yahoo.com/quote/PFE/history/,https://www.stockanalysis.com/stocks/pfe/history/
BMY,,2020-06-10,,60.93,2020-06-09,60.16,2020-06-10,-1.26,56.71,,https://query1.finance.yahoo.com/v8/finance/chart/BMY?period1=1590710400&period2=1592784000&interval=1d&includePrePost=false,Verified,,https://finance.yahoo.com/quote/BMY/history/,https://www.stockanalysis.com/stocks/bmy/history/
MRK,,2020-06-09,,79.1031,2020-06-08,78.4924,2020-06-09,-0.77,78.0248,,https://query1.finance.yahoo.com/v8/finance/chart/MRK?period1=1590624000&period2=1592697600&interval=1d&includePrePost=false,Verified,,https://finance.yahoo.com/quote/MRK/history/,https://www.stockanalysis.com/stocks/mrk/history/
AMGN,,2020-06-09,,225.75,2020-06-08,224.9,2020-06-09,-0.38,227.12,,https://query1.finance.yahoo.com/v8/finance/chart/AMGN?period1=1590624000&period2=1592697600&interval=1d&includePrePost=false,Verified,,https://finance.yahoo.com/quote/AMGN/history/,https://www.stockanalysis.com/stocks/amgn/history/
PFE,,2020-06-04,,34.3074,2020-06-03,34.1651,2020-06-04,-0.41,34.1461,,https://query1.finance.yahoo.com/v8/finance/chart/PFE?period1=1590192000&period2=1592265600&interval=1d&includePrePost=false,Verified,,https://finance.yahoo.com/quote/PFE/history/,https://www.stockanalysis.com/stocks/pfe/history/
MRK,,2020-06-04,,78.3015,2020-06-03,77.8149,2020-06-04,-0.62,78.4924,,https://query1.finance.yahoo.com/v8/finance/chart/MRK?period1=1590192000&period2=1592265600&interval=1d&includePrePost=false,Verified,,https://finance.yahoo.com/quote/MRK/history/,https://www.stockanalysis.com/stocks/mrk/history/
LLY,,2020-05-29,,150.65,2020-05-28,152.95,2020-05-29,1.53,152.45,,https://query1.finance.yahoo.com/v8/finance/chart/LLY?period1=1589673600&period2=1591747200&interval=1d&includePrePost=false,Verified,,https://finance.yahoo.com/quote/LLY/history/,https://www.stockanalysis.com/stocks/lly/history/
ABBV,,2020-05-29,,90.03,2020-05-28,92.67,2020-05-29,2.93,90.7,,https://query1.finance.yahoo.com/v8/finance/chart/ABBV?period1=1589673600&period2=1591747200&interval=1d&includePrePost=false,Verified,,https://finance.yahoo.com/quote/ABBV/history/,https://www.stockanalysis.com/stocks/abbv/history/
LLY,Avid Radiopharmaceuticals (Eli Lilly),2020-05-28,Approval,145.7,2020-05-27,150.65,2020-05-28,3.4,152.95,,https://query1.finance.yahoo.com/v8/finance/chart/LLY?period1=1589587200&period2=1591747199&interval=1d&includePrePost=false,Verified,master decision D370,https://finance.yahoo.com/quote/LLY/history/,https://www.stockanalysis.com/stocks/lly/history/
AZN,,2020-05-28,,104.94,2020-05-27,107,2020-05-28,1.96,109.2,,https://query1.finance.yahoo.com/v8/finance/chart/AZN?period1=1589587200&period2=1591660800&interval=1d&includePrePost=false,Verified,,https://finance.yahoo.com/quote/AZN/history/,https://www.stockanalysis.com/stocks/azn/history/
JNJ,,2020-05-27,,144.56,2020-05-26,144.89,2020-05-27,0.23,146.97,,https://query1.finance.yahoo.com/v8/finance/chart/JNJ?period1=1589500800&period2=1591574400&interval=1d&includePrePost=false,Verified,,https://finance.yahoo.com/quote/JNJ/history/,https://www.stockanalysis.com/stocks/jnj/history/
REGN,,2020-05-26,,569.91,2020-05-22,545.21,2020-05-26,-4.33,544.01,,https://query1.finance.yahoo.com/v8/finance/chart/REGN?period1=1589414400&period2=1591488000&interval=1d&includePrePost=false,Verified,,https://finance.yahoo.com/quote/REGN/history/,https://www.stockanalysis.com/stocks/regn/history/
PFE,,2020-05-26,,35.5787,2020-05-22,35.5693,2020-05-26,-0.03,35.4934,,https://query1.finance.yahoo.com/v8/finance/chart/PFE?period1=1589414400&period2=1591488000&interval=1d&includePrePost=false,Verified,,https://finance.yahoo.com/quote/PFE/history/,https://www.stockanalysis.com/stocks/pfe/history/
BMY,,2020-05-26,,60.79,2020-05-22,60.32,2020-05-26,-0.77,60.4,,https://query1.finance.yahoo.com/v8/finance/chart/BMY?period1=1589414400&period2=1591488000&interval=1d&includePrePost=false,Verified,,https://finance.yahoo.com/quote/BMY/history/,https://www.stockanalysis.com/stocks/bmy/history/
BAX,,2020-05-26,,86.93,2020-05-22,85.51,2020-05-26,-1.63,86.44,,https://query1.finance.yahoo.com/v8/finance/chart/BAX?period1=1589414400&period2=1591488000&interval=1d&includePrePost=false,Verified,,https://finance.yahoo.com/quote/BAX/history/,https://www.stockanalysis.com/stocks/bax/history/
ALPMY,,2020-05-26,,15.9,2020-05-22,16.11,2020-05-26,1.32,16.87,,https://query1.finance.yahoo.com/v8/finance/chart/ALPMY?period1=1589414400&period2=1591488000&interval=1d&includePrePost=false,Verified,,https://finance.yahoo.com/quote/ALPMY/history/,https://www.stockanalysis.com/stocks/alpmy/history/
AZN,,2020-05-23,,110.44,2020-05-22,106.22,2020-05-26,-3.82,104.94,,https://query1.finance.yahoo.com/v8/finance/chart/AZN?period1=1589155200&period2=1591228800&interval=1d&includePrePost=false,Verified - approx window,next trading day used: 2020-05-26,https://finance.yahoo.com/quote/AZN/history/,https://www.stockanalysis.com/stocks/azn/history/
TAK,,2020-05-22,,19.17,2020-05-21,18.93,2020-05-22,-1.25,19.4,,https://query1.finance.yahoo.com/v8/finance/chart/TAK?period1=1589068800&period2=1591142400&interval=1d&includePrePost=false,Verified,,https://finance.yahoo.com/quote/TAK/history/,https://www.stockanalysis.com/stocks/tak/history/
RDY,Dr. Reddy’s Laboratories Limited,2020-05-21,CRL,10.348,2020-05-20,10.114,2020-05-21,-2.26,10.282,,https://query1.finance.yahoo.com/v8/finance/chart/RDY?period1=1588982400&period2=1591142399&interval=1d&includePrePost=false,Verified,,https://finance.yahoo.com/quote/RDY/history/,https://www.stockanalysis.com/stocks/rdy/history/
GEHC,GE HealthCare (GE at approval; spun off 2023),2020-05-20,Approval,,,,,,,,https://query1.finance.yahoo.com/v8/finance/chart/GEHC?period1=1588896000&period2=1591055999&interval=1d&includePrePost=false,Data unavailable - acquired/delisted or pre-Yahoo coverage,fetch status: FAILED HTTPError: HTTP Error 400: Bad Request (recorded in the job manifest; never retried with a successor ticker); master decision D372,https://finance.yahoo.com/quote/GEHC/history/,https://www.stockanalysis.com/stocks/gehc/history/
AZN,,2020-05-19,,106.9,2020-05-18,107.14,2020-05-19,0.22,107.56,,https://query1.finance.yahoo.com/v8/finance/chart/AZN?period1=1588809600&period2=1590883200&interval=1d&includePrePost=false,Verified,,https://finance.yahoo.com/quote/AZN/history/,https://www.stockanalysis.com/stocks/azn/history/
DCPH,,2020-05-15,,,,,,,,,https://query1.finance.yahoo.com/v8/finance/chart/DCPH?period1=1588464000&period2=1590537600&interval=1d&includePrePost=false,Data unavailable - acquired/delisted or pre-Yahoo coverage,fetch status: FAILED HTTPError: HTTP Error 404: Not Found,https://finance.yahoo.com/quote/DCPH/history/,https://www.stockanalysis.com/stocks/dcph/history/
BMY,,2020-05-15,,63.77,2020-05-14,64.09,2020-05-15,0.5,63.6,,https://query1.finance.yahoo.com/v8/finance/chart/BMY?period1=1588464000&period2=1590537600&interval=1d&includePrePost=false,Verified,,https://finance.yahoo.com/quote/BMY/history/,https://www.stockanalysis.com/stocks/bmy/history/
BMY,,2020-05-14,,63.27,2020-05-13,63.77,2020-05-14,0.79,64.09,,https://query1.finance.yahoo.com/v8/finance/chart/BMY?period1=1588377600&period2=1590451200&interval=1d&includePrePost=false,Verified,,https://finance.yahoo.com/quote/BMY/history/,https://www.stockanalysis.com/stocks/bmy/history/
AZN,,2020-05-13,,108.22,2020-05-12,110.62,2020-05-13,2.22,107,,https://query1.finance.yahoo.com/v8/finance/chart/AZN?period1=1588291200&period2=1590364800&interval=1d&includePrePost=false,Verified,,https://finance.yahoo.com/quote/AZN/history/,https://www.stockanalysis.com/stocks/azn/history/
LLY,Eli Lilly and Company (via Loxo Oncology),2020-05-08,Approval,152.97,2020-05-07,153.51,2020-05-08,0.35,158.55,,https://query1.finance.yahoo.com/v8/finance/chart/LLY?period1=1588377600&period2=1589414400&interval=1d,Verified,,https://finance.yahoo.com/quote/LLY/history/,https://www.stockanalysis.com/stocks/lly/history/
AZN,,2020-05-08,,105.48,2020-05-07,106.58,2020-05-08,1.04,107.9,,https://query1.finance.yahoo.com/v8/finance/chart/AZN?period1=1587859200&period2=1589932800&interval=1d&includePrePost=false,Verified,,https://finance.yahoo.com/quote/AZN/history/,https://www.stockanalysis.com/stocks/azn/history/
NVS,Novartis AG,2020-05-06,Approval,84.75,2020-05-05,85.35,2020-05-06,0.71,84.67,,https://query1.finance.yahoo.com/v8/finance/chart/NVS?period1=1587686400&period2=1589846399&interval=1d&includePrePost=false,Verified,lineage proxy per master precedent (see master row notes: decision-date symbol differs from the modern ticker); master decision D374,https://finance.yahoo.com/quote/NVS/history/,https://www.stockanalysis.com/stocks/nvs/history/
SCLX,,2020-05-05,,,,,,,,,https://query1.finance.yahoo.com/v8/finance/chart/SCLX?period1=1587600000&period2=1589673600&interval=1d&includePrePost=false,Data unavailable - acquired/delisted or pre-Yahoo coverage,fetch status: FAILED HTTPError: HTTP Error 400: Bad Request,https://finance.yahoo.com/quote/SCLX/history/,https://www.stockanalysis.com/stocks/sclx/history/
AZN,,2020-05-05,,104.7,2020-05-04,106.94,2020-05-05,2.14,108.08,,https://query1.finance.yahoo.com/v8/finance/chart/AZN?period1=1587600000&period2=1589673600&interval=1d&includePrePost=false,Verified,,https://finance.yahoo.com/quote/AZN/history/,https://www.stockanalysis.com/stocks/azn/history/
JNJ,,2020-05-01,,150.04,2020-04-30,148.29,2020-05-01,-1.17,148.27,,https://query1.finance.yahoo.com/v8/finance/chart/JNJ?period1=1587254400&period2=1589328000&interval=1d&includePrePost=false,Verified,,https://finance.yahoo.com/quote/JNJ/history/,https://www.stockanalysis.com/stocks/jnj/history/
GSK,,2020-04-29,,42.09,2020-04-28,41.85,2020-04-29,-0.57,42.07,,https://query1.finance.yahoo.com/v8/finance/chart/GSK?period1=1587081600&period2=1589155200&interval=1d&includePrePost=false,Verified,,https://finance.yahoo.com/quote/GSK/history/,https://www.stockanalysis.com/stocks/gsk/history/
MRK,,2020-04-28,,80.1336,2020-04-27,77.4618,2020-04-28,-3.33,77.0706,,https://query1.finance.yahoo.com/v8/finance/chart/MRK?period1=1586995200&period2=1589068800&interval=1d&includePrePost=false,Verified,,https://finance.yahoo.com/quote/MRK/history/,https://www.stockanalysis.com/stocks/mrk/history/
BHC,,2020-04-26,,16.92,2020-04-24,18.11,2020-04-27,7.03,17.52,,https://query1.finance.yahoo.com/v8/finance/chart/BHC?period1=1586822400&period2=1588896000&interval=1d&includePrePost=false,Verified - approx window,next trading day used: 2020-04-27,https://finance.yahoo.com/quote/BHC/history/,https://www.stockanalysis.com/stocks/bhc/history/
NBIX,"Neurocrine Biosciences, Inc.",2020-04-24,Approval,94.9,2020-04-23,98.18,2020-04-24,3.46,101.67,,https://query1.finance.yahoo.com/v8/finance/chart/NBIX?period1=1586649600&period2=1588809599&interval=1d&includePrePost=false,Verified,master decision D375,https://finance.yahoo.com/quote/NBIX/history/,https://www.stockanalysis.com/stocks/nbix/history/
AZN,,2020-04-24,,100.78,2020-04-23,102.36,2020-04-24,1.57,102.96,,https://query1.finance.yahoo.com/v8/finance/chart/AZN?period1=1586649600&period2=1588723200&interval=1d&includePrePost=false,Verified,,https://finance.yahoo.com/quote/AZN/history/,https://www.stockanalysis.com/stocks/azn/history/
IMMU,"Immunomedics, Inc.",2020-04-22,Approval,,,,,,,,https://query1.finance.yahoo.com/v8/finance/chart/IMMU?period1=1586476800&period2=1588636799&interval=1d&includePrePost=false,Data unavailable - acquired/delisted or pre-Yahoo coverage,fetch status: FAILED HTTPError: HTTP Error 404: Not Found (recorded in the job manifest; never retried with a successor ticker); master decision D376,https://finance.yahoo.com/quote/IMMU/history/,https://www.stockanalysis.com/stocks/immu/history/
LLY,,2020-04-20,,157.29,2020-04-17,157.79,2020-04-20,0.32,152.67,,https://query1.finance.yahoo.com/v8/finance/chart/LLY?period1=1586304000&period2=1588377600&interval=1d&includePrePost=false,Verified,,https://finance.yahoo.com/quote/LLY/history/,https://www.stockanalysis.com/stocks/lly/history/
SGEN,,2020-04-17,,,,,,,,,https://query1.finance.yahoo.com/v8/finance/chart/SGEN?period1=1586044800&period2=1588118400&interval=1d&includePrePost=false,Data unavailable - acquired/delisted or pre-Yahoo coverage,fetch status: FAILED HTTPError: HTTP Error 404: Not Found,https://finance.yahoo.com/quote/SGEN/history/,https://www.stockanalysis.com/stocks/sgen/history/
INCY,Incyte Corporation,2020-04-17,Approval,95.66,2020-04-16,100.0,2020-04-17,4.54,101.19,,https://query1.finance.yahoo.com/v8/finance/chart/INCY?period1=1586563200&period2=1587600000&interval=1d,Verified,,https://finance.yahoo.com/quote/INCY/history/,https://www.stockanalysis.com/stocks/incy/history/
AZN,AstraZeneca PLC,2020-04-10,Approval,89.32,2020-04-09,94.72,2020-04-13,6.05,97.36,,https://query1.finance.yahoo.com/v8/finance/chart/AZN?period1=1585958400&period2=1586995200&interval=1d,Verified,"2020-04-10 was Good Friday - US markets were CLOSED. The first session after the approval is Mon 13 Apr, so the +6.0% move is measured to that session rather than to the approval date itself. Decision date was not a trading day; close_on_or_after is next trading day (2020-04-13).",https://finance.yahoo.com/quote/AZN/history/,https://www.stockanalysis.com/stocks/azn/history/
AMGN,,2020-04-10,,218.21,2020-04-09,218.27,2020-04-13,0.03,226.8,,https://query1.finance.yahoo.com/v8/finance/chart/AMGN?period1=1585440000&period2=1587513600&interval=1d&includePrePost=false,Verified - approx window,next trading day used: 2020-04-13,https://finance.yahoo.com/quote/AMGN/history/,https://www.stockanalysis.com/stocks/amgn/history/
ABBV,,2020-04-10,,79.75,2020-04-09,80.3,2020-04-13,0.69,82.13,,https://query1.finance.yahoo.com/v8/finance/chart/ABBV?period1=1585440000&period2=1587513600&interval=1d&includePrePost=false,Verified - approx window,next trading day used: 2020-04-13,https://finance.yahoo.com/quote/ABBV/history/,https://www.stockanalysis.com/stocks/abbv/history/
ARRY,,2020-04-08,,,,,,,,,https://query1.finance.yahoo.com/v8/finance/chart/ARRY?period1=1585267200&period2=1587340800&interval=1d&includePrePost=false,Data unavailable - acquired/delisted or pre-Yahoo coverage,fetch status: FAILED HTTPError: HTTP Error 400: Bad Request,https://finance.yahoo.com/quote/ARRY/history/,https://www.stockanalysis.com/stocks/arry/history/
LLY,,2020-03-30,,134.11,2020-03-27,138.44,2020-03-30,3.23,138.72,,https://query1.finance.yahoo.com/v8/finance/chart/LLY?period1=1584489600&period2=1586563200&interval=1d&includePrePost=false,Verified,,https://finance.yahoo.com/quote/LLY/history/,https://www.stockanalysis.com/stocks/lly/history/
BIIB,,2020-03-27,,304.94,2020-03-26,296.75,2020-03-27,-2.69,316.13,,https://query1.finance.yahoo.com/v8/finance/chart/BIIB?period1=1584230400&period2=1586304000&interval=1d&includePrePost=false,Verified,,https://finance.yahoo.com/quote/BIIB/history/,https://www.stockanalysis.com/stocks/biib/history/
AZN,,2020-03-27,,84.72,2020-03-26,84.94,2020-03-27,0.26,89.06,,https://query1.finance.yahoo.com/v8/finance/chart/AZN?period1=1584230400&period2=1586304000&interval=1d&includePrePost=false,Verified,,https://finance.yahoo.com/quote/AZN/history/,https://www.stockanalysis.com/stocks/azn/history/
LLY,,2020-03-26,,121.94,2020-03-25,134.35,2020-03-26,10.18,134.11,,https://query1.finance.yahoo.com/v8/finance/chart/LLY?period1=1584144000&period2=1586217600&interval=1d&includePrePost=false,Verified,,https://finance.yahoo.com/quote/LLY/history/,https://www.stockanalysis.com/stocks/lly/history/
NVO,,2020-03-25,,25.27,2020-03-24,26.51,2020-03-25,4.91,28.38,,https://query1.finance.yahoo.com/v8/finance/chart/NVO?period1=1584057600&period2=1586131200&interval=1d&includePrePost=false,Verified,,https://finance.yahoo.com/quote/NVO/history/,https://www.stockanalysis.com/stocks/nvo/history/
BMY,Bristol Myers Squibb Company (applicant: Celgene),2020-03-25,Approval,49.24,2020-03-24,49.35,2020-03-25,0.22,52.25,,https://query1.finance.yahoo.com/v8/finance/chart/BMY?period1=1584576000&period2=1585612800&interval=1d,Verified,Approved during the Mar-2020 COVID crash; the +6% move into 26 Mar cannot be separated from the market-wide rally of that week.,https://finance.yahoo.com/quote/BMY/history/,https://www.stockanalysis.com/stocks/bmy/history/
GILD,,2020-03-19,,79.42,2020-03-18,78.55,2020-03-19,-1.1,73.26,,https://query1.finance.yahoo.com/v8/finance/chart/GILD?period1=1583539200&period2=1585612800&interval=1d&includePrePost=false,Verified,,https://finance.yahoo.com/quote/GILD/history/,https://www.stockanalysis.com/stocks/gild/history/
PFE,,2020-03-17,,28.6338,2020-03-16,30.5123,2020-03-17,6.56,30.7021,,https://query1.finance.yahoo.com/v8/finance/chart/PFE?period1=1583366400&period2=1585440000&interval=1d&includePrePost=false,Verified,,https://finance.yahoo.com/quote/PFE/history/,https://www.stockanalysis.com/stocks/pfe/history/
TEVA,,2020-03-13,,7.8,2020-03-12,8.4,2020-03-13,7.69,7.15,,https://query1.finance.yahoo.com/v8/finance/chart/TEVA?period1=1583020800&period2=1585094400&interval=1d&includePrePost=false,Verified,,https://finance.yahoo.com/quote/TEVA/history/,https://www.stockanalysis.com/stocks/teva/history/
SNY,,2020-03-12,,44.79,2020-03-11,40.87,2020-03-12,-8.75,43.72,,https://query1.finance.yahoo.com/v8/finance/chart/SNY?period1=1582934400&period2=1585008000&interval=1d&includePrePost=false,Verified,,https://finance.yahoo.com/quote/SNY/history/,https://www.stockanalysis.com/stocks/sny/history/
JNJ,,2020-03-10,,136.44,2020-03-09,141.64,2020-03-10,3.81,131.8,,https://query1.finance.yahoo.com/v8/finance/chart/JNJ?period1=1582761600&period2=1584835200&interval=1d&includePrePost=false,Verified,,https://finance.yahoo.com/quote/JNJ/history/,https://www.stockanalysis.com/stocks/jnj/history/
BMY,,2020-03-10,,57.66,2020-03-09,57.93,2020-03-10,0.47,56.51,,https://query1.finance.yahoo.com/v8/finance/chart/BMY?period1=1582761600&period2=1584835200&interval=1d&includePrePost=false,Verified,,https://finance.yahoo.com/quote/BMY/history/,https://www.stockanalysis.com/stocks/bmy/history/
PFE,,2020-03-09,,33.2258,2020-03-06,32.0304,2020-03-09,-3.6,32.8178,,https://query1.finance.yahoo.com/v8/finance/chart/PFE?period1=1582675200&period2=1584748800&interval=1d&includePrePost=false,Verified,,https://finance.yahoo.com/quote/PFE/history/,https://www.stockanalysis.com/stocks/pfe/history/
BLCO,,2020-03-09,,,,,,,,,https://query1.finance.yahoo.com/v8/finance/chart/BLCO?period1=1582675200&period2=1584748800&interval=1d&includePrePost=false,Data unavailable - acquired/delisted or pre-Yahoo coverage,fetch status: FAILED HTTPError: HTTP Error 400: Bad Request,https://finance.yahoo.com/quote/BLCO/history/,https://www.stockanalysis.com/stocks/blco/history/
ABBV,,2020-03-04,,87.57,2020-03-03,91.75,2020-03-04,4.77,90.61,,https://query1.finance.yahoo.com/v8/finance/chart/ABBV?period1=1582243200&period2=1584316800&interval=1d&includePrePost=false,Verified,,https://finance.yahoo.com/quote/ABBV/history/,https://www.stockanalysis.com/stocks/abbv/history/
SNY,Sanofi (Sanofi-Aventis U.S. LLC),2020-03-02,Approval,46.25,2020-02-28,48.74,2020-03-02,5.38,47.71,,https://query1.finance.yahoo.com/v8/finance/chart/SNY?period1=1582070400&period2=1584230399&interval=1d&includePrePost=false,Verified,lineage proxy per master precedent (see master row notes: decision-date symbol differs from the modern ticker); master decision D379,https://finance.yahoo.com/quote/SNY/history/,https://www.stockanalysis.com/stocks/sny/history/
JNJ,,2020-03-02,,134.48,2020-02-28,140.02,2020-03-02,4.12,135.59,,https://query1.finance.yahoo.com/v8/finance/chart/JNJ?period1=1582070400&period2=1584144000&interval=1d&includePrePost=false,Verified,,https://finance.yahoo.com/quote/JNJ/history/,https://www.stockanalysis.com/stocks/jnj/history/
HLN,,2020-02-28,,,,,,,,,https://query1.finance.yahoo.com/v8/finance/chart/HLN?period1=1581811200&period2=1583884800&interval=1d&includePrePost=false,Data unavailable - acquired/delisted or pre-Yahoo coverage,fetch status: FAILED HTTPError: HTTP Error 400: Bad Request,https://finance.yahoo.com/quote/HLN/history/,https://www.stockanalysis.com/stocks/hln/history/
BHVN,"Biohaven Pharmaceuticals, Inc.",2020-02-27,Approval,,,,,,,,https://query1.finance.yahoo.com/v8/finance/chart/BHVN?period1=1581724800&period2=1583884799&interval=1d&includePrePost=false,Data unavailable - acquired/delisted or pre-Yahoo coverage,fetch status: FAILED HTTPError: HTTP Error 400: Bad Request (recorded in the job manifest; never retried with a successor ticker); master decision D380,https://finance.yahoo.com/quote/BHVN/history/,https://www.stockanalysis.com/stocks/bhvn/history/
LLY,,2020-02-21,,142,2020-02-20,142.04,2020-02-21,0.03,138.15,,https://query1.finance.yahoo.com/v8/finance/chart/LLY?period1=1581206400&period2=1583280000&interval=1d&includePrePost=false,Verified,,https://finance.yahoo.com/quote/LLY/history/,https://www.stockanalysis.com/stocks/lly/history/
ESPR,,2020-02-21,,,,,,,,,https://query1.finance.yahoo.com/v8/finance/chart/ESPR?period1=1581206400&period2=1583280000&interval=1d&includePrePost=false,Data unavailable - acquired/delisted or pre-Yahoo coverage,fetch status: FAILED HTTPError: HTTP Error 404: Not Found,https://finance.yahoo.com/quote/ESPR/history/,https://www.stockanalysis.com/stocks/espr/history/
HZNP,,2020-02-14,,,,,,,,,https://query1.finance.yahoo.com/v8/finance/chart/HZNP?period1=1580601600&period2=1582675200&interval=1d&includePrePost=false,Data unavailable - acquired/delisted or pre-Yahoo coverage,fetch status: FAILED HTTPError: HTTP Error 404: Not Found,https://finance.yahoo.com/quote/HZNP/history/,https://www.stockanalysis.com/stocks/hznp/history/
HLN,,2020-02-14,,,,,,,,,https://query1.finance.yahoo.com/v8/finance/chart/HLN?period1=1580601600&period2=1582675200&interval=1d&includePrePost=false,Data unavailable - acquired/delisted or pre-Yahoo coverage,fetch status: FAILED HTTPError: HTTP Error 400: Bad Request,https://finance.yahoo.com/quote/HLN/history/,https://www.stockanalysis.com/stocks/hln/history/
ALC,,2020-02-14,,62.4,2020-02-13,62.78,2020-02-14,0.61,63,,https://query1.finance.yahoo.com/v8/finance/chart/ALC?period1=1580601600&period2=1582675200&interval=1d&includePrePost=false,Verified,,https://finance.yahoo.com/quote/ALC/history/,https://www.stockanalysis.com/stocks/alc/history/
AGRX,,2020-02-14,,,,,,,,,https://query1.finance.yahoo.com/v8/finance/chart/AGRX?period1=1580601600&period2=1582675200&interval=1d&includePrePost=false,Data unavailable - acquired/delisted or pre-Yahoo coverage,fetch status: FAILED HTTPError: HTTP Error 404: Not Found,https://finance.yahoo.com/quote/AGRX/history/,https://www.stockanalysis.com/stocks/agrx/history/
EGRX,,2020-02-08,,57.4,2020-02-07,57.08,2020-02-10,-0.56,56.86,,https://query1.finance.yahoo.com/v8/finance/chart/EGRX?period1=1580083200&period2=1582156800&interval=1d&includePrePost=false,Verified - approx window,next trading day used: 2020-02-10,https://finance.yahoo.com/quote/EGRX/history/,https://www.stockanalysis.com/stocks/egrx/history/
BIIB,,2020-02-05,,283.29,2020-02-04,332.87,2020-02-05,17.5,337.24,,https://query1.finance.yahoo.com/v8/finance/chart/BIIB?period1=1579824000&period2=1581897600&interval=1d&includePrePost=false,Verified,,https://finance.yahoo.com/quote/BIIB/history/,https://www.stockanalysis.com/stocks/biib/history/
GILD,,2020-02-04,,66.36,2020-02-03,67.4,2020-02-04,1.57,65.87,,https://query1.finance.yahoo.com/v8/finance/chart/GILD?period1=1579737600&period2=1581811200&interval=1d&includePrePost=false,Verified,,https://finance.yahoo.com/quote/GILD/history/,https://www.stockanalysis.com/stocks/gild/history/
ABBV,,2020-01-31,,81.78,2020-01-30,81.02,2020-01-31,-0.93,82.3,,https://query1.finance.yahoo.com/v8/finance/chart/ABBV?period1=1579392000&period2=1581465600&interval=1d&includePrePost=false,Verified,,https://finance.yahoo.com/quote/ABBV/history/,https://www.stockanalysis.com/stocks/abbv/history/
NVS,,2020-01-29,,95.54,2020-01-28,95.74,2020-01-29,0.21,95.92,,https://query1.finance.yahoo.com/v8/finance/chart/NVS?period1=1579219200&period2=1581292800&interval=1d&includePrePost=false,Verified,,https://finance.yahoo.com/quote/NVS/history/,https://www.stockanalysis.com/stocks/nvs/history/
MRK,,2020-01-29,,82.2996,2020-01-28,83.2443,2020-01-29,1.15,82.5382,,https://query1.finance.yahoo.com/v8/finance/chart/MRK?period1=1579219200&period2=1581292800&interval=1d&includePrePost=false,Verified,,https://finance.yahoo.com/quote/MRK/history/,https://www.stockanalysis.com/stocks/mrk/history/
TEVA,,2020-01-27,,10.1,2020-01-24,10.13,2020-01-27,0.3,10.21,,https://query1.finance.yahoo.com/v8/finance/chart/TEVA?period1=1579046400&period2=1581120000&interval=1d&includePrePost=false,Verified,,https://finance.yahoo.com/quote/TEVA/history/,https://www.stockanalysis.com/stocks/teva/history/
JNJ,,2020-01-27,,148.32,2020-01-24,148.75,2020-01-27,0.29,149.5,,https://query1.finance.yahoo.com/v8/finance/chart/JNJ?period1=1579046400&period2=1581120000&interval=1d&includePrePost=false,Verified,,https://finance.yahoo.com/quote/JNJ/history/,https://www.stockanalysis.com/stocks/jnj/history/
OTSKY,,2020-01-24,,22.41,2020-01-23,22.435,2020-01-24,0.11,22.28,,https://query1.finance.yahoo.com/v8/finance/chart/OTSKY?period1=1578787200&period2=1580860800&interval=1d&includePrePost=false,Verified,,https://finance.yahoo.com/quote/OTSKY/history/,https://www.stockanalysis.com/stocks/otsky/history/
EPZM,"Epizyme, Inc.",2020-01-23,Approval,,,,,,,,https://query1.finance.yahoo.com/v8/finance/chart/EPZM?period1=1578700800&period2=1580860799&interval=1d&includePrePost=false,Data unavailable - acquired/delisted or pre-Yahoo coverage,fetch status: FAILED HTTPError: HTTP Error 404: Not Found (recorded in the job manifest; never retried with a successor ticker); master decision D385,https://finance.yahoo.com/quote/EPZM/history/,https://www.stockanalysis.com/stocks/epzm/history/
HZNP,Horizon Therapeutics Ireland DAC,2020-01-21,Approval,,,,,,,,https://query1.finance.yahoo.com/v8/finance/chart/HZNP?period1=1578528000&period2=1580687999&interval=1d&includePrePost=false,Data unavailable - acquired/delisted or pre-Yahoo coverage,fetch status: FAILED HTTPError: HTTP Error 404: Not Found (recorded in the job manifest; never retried with a successor ticker); master decision D386,https://finance.yahoo.com/quote/HZNP/history/,https://www.stockanalysis.com/stocks/hznp/history/
GSK,,2020-01-17,,47.16,2020-01-16,47.89,2020-01-17,1.55,47.5,,https://query1.finance.yahoo.com/v8/finance/chart/GSK?period1=1578182400&period2=1580256000&interval=1d&includePrePost=false,Verified,,https://finance.yahoo.com/quote/GSK/history/,https://www.stockanalysis.com/stocks/gsk/history/
PFE,,2020-01-16,,38.5863,2020-01-15,38.5294,2020-01-16,-0.15,38.4345,,https://query1.finance.yahoo.com/v8/finance/chart/PFE?period1=1578096000&period2=1580169600&interval=1d&includePrePost=false,Verified,,https://finance.yahoo.com/quote/PFE/history/,https://www.stockanalysis.com/stocks/pfe/history/
NVO,,2020-01-16,,31.195,2020-01-15,30.655,2020-01-16,-1.73,30.655,,https://query1.finance.yahoo.com/v8/finance/chart/NVO?period1=1578096000&period2=1580169600&interval=1d&includePrePost=false,Verified,,https://finance.yahoo.com/quote/NVO/history/,https://www.stockanalysis.com/stocks/nvo/history/
BPMC,"Blueprint Medicines Corporation (acquired by Sanofi, 2025)",2020-01-09,Approval,,,,,,,,https://query1.finance.yahoo.com/v8/finance/chart/BPMC?period1=1578009600&period2=1579046400&interval=1d,Verified - price unavailable,"Yahoo Finance returned ""No data found, symbol may be delisted"" - Blueprint Medicines (BPMC) was acquired by Sanofi in 2025 and its history has been withdrawn from the chart API.",https://finance.yahoo.com/quote/BPMC/history/,https://www.stockanalysis.com/stocks/bpmc/history/
MRK,,2020-01-08,,85.1145,2020-01-07,84.542,2020-01-08,-0.67,85.2863,,https://query1.finance.yahoo.com/v8/finance/chart/MRK?period1=1577404800&period2=1579478400&interval=1d&includePrePost=false,Verified,,https://finance.yahoo.com/quote/MRK/history/,https://www.stockanalysis.com/stocks/mrk/history/
AZN,,2019-12-27,,99.7,2019-12-26,100.88,2019-12-27,1.18,100.02,,https://query1.finance.yahoo.com/v8/finance/chart/AZN?period1=1576368000&period2=1578441600&interval=1d&includePrePost=false,Verified,,https://finance.yahoo.com/quote/AZN/history/,https://www.stockanalysis.com/stocks/azn/history/
ABBV,AbbVie Inc.,2019-12-23,Approval,89.29,2019-12-20,90.25,2019-12-23,1.08,89.85,,https://query1.finance.yahoo.com/v8/finance/chart/ABBV?period1=1576540800&period2=1577577600&interval=1d,Verified,,https://finance.yahoo.com/quote/ABBV/history/,https://www.stockanalysis.com/stocks/abbv/history/
ITCI,"Intra-Cellular Therapies, Inc. (acquired by J&J, 2025)",2019-12-20,Approval,,,,,,,,https://query1.finance.yahoo.com/v8/finance/chart/ITCI?period1=1576281600&period2=1577318400&interval=1d,Verified - price unavailable,"Yahoo Finance returned ""No data found, symbol may be delisted"" - Intra-Cellular Therapies (ITCI) was acquired by Johnson & Johnson in 2025 and its history has been withdrawn from the chart API.",https://finance.yahoo.com/quote/ITCI/history/,https://www.stockanalysis.com/stocks/itci/history/
ESALY,"Eisai Co., Ltd.",2019-12-20,Approval,,,,,,,,https://query1.finance.yahoo.com/v8/finance/chart/ESALY?period1=1575763200&period2=1577923199&interval=1d&includePrePost=false,Data unavailable - acquired/delisted or pre-Yahoo coverage,fetch status: FAILED HTTPError: HTTP Error 404: Not Found (recorded in the job manifest; never retried with a successor ticker); master decision D283,https://finance.yahoo.com/quote/ESALY/history/,https://www.stockanalysis.com/stocks/esaly/history/
DSNKY,"Daiichi Sankyo Company, Limited",2019-12-20,Approval,21.6367,2019-12-19,21.9533,2019-12-20,1.46,22.15,,https://query1.finance.yahoo.com/v8/finance/chart/DSNKY?period1=1575763200&period2=1577923199&interval=1d&includePrePost=false,Verified,master decision D284,https://finance.yahoo.com/quote/DSNKY/history/,https://www.stockanalysis.com/stocks/dsnky/history/
ALPMY,,2019-12-20,,17.44,2019-12-19,16.97,2019-12-20,-2.69,17.18,,https://query1.finance.yahoo.com/v8/finance/chart/ALPMY?period1=1575763200&period2=1577836800&interval=1d&includePrePost=false,Verified,,https://finance.yahoo.com/quote/ALPMY/history/,https://www.stockanalysis.com/stocks/alpmy/history/
NVO,,2019-12-19,,28.425,2019-12-18,28.845,2019-12-19,1.48,29,,https://query1.finance.yahoo.com/v8/finance/chart/NVO?period1=1575676800&period2=1577750400&interval=1d&includePrePost=false,Verified,,https://finance.yahoo.com/quote/NVO/history/,https://www.stockanalysis.com/stocks/nvo/history/
GSK,ViiV Healthcare (GSK group),2019-12-19,CRL,46.88,2019-12-18,47.01,2019-12-19,0.28,47.32,,https://query1.finance.yahoo.com/v8/finance/chart/GSK?period1=1575676800&period2=1577836799&interval=1d&includePrePost=false,Verified,lineage proxy per master precedent (see master row notes: decision-date symbol differs from the modern ticker),https://finance.yahoo.com/quote/GSK/history/,https://www.stockanalysis.com/stocks/gsk/history/
BHC,,2019-12-18,,29.5,2019-12-17,29.12,2019-12-18,-1.29,29.9,,https://query1.finance.yahoo.com/v8/finance/chart/BHC?period1=1575590400&period2=1577664000&interval=1d&includePrePost=false,Verified,,https://finance.yahoo.com/quote/BHC/history/,https://www.stockanalysis.com/stocks/bhc/history/
ALPMY,Astellas Pharma Inc. (with Seagen),2019-12-18,Approval,17.37,2019-12-17,17.28,2019-12-18,-0.52,17.44,,https://query1.finance.yahoo.com/v8/finance/chart/ALPMY?period1=1575590400&period2=1577750399&interval=1d&includePrePost=false,Verified,master decision D291,https://finance.yahoo.com/quote/ALPMY/history/,https://www.stockanalysis.com/stocks/alpmy/history/
TAK,Takeda Pharmaceutical,2019-12-17,CRL,20.25,2019-12-16,20.3,2019-12-17,0.25,20.3,,https://query1.finance.yahoo.com/v8/finance/chart/TAK?period1=1575504000&period2=1577663999&interval=1d&includePrePost=false,Verified,,https://finance.yahoo.com/quote/TAK/history/,https://www.stockanalysis.com/stocks/tak/history/
ALPMY,,2019-12-16,,17.09,2019-12-13,16.94,2019-12-16,-0.88,17.37,,https://query1.finance.yahoo.com/v8/finance/chart/ALPMY?period1=1575417600&period2=1577491200&interval=1d&includePrePost=false,Verified,,https://finance.yahoo.com/quote/ALPMY/history/,https://www.stockanalysis.com/stocks/alpmy/history/
BAX,,2019-12-13,,83.51,2019-12-12,83.96,2019-12-13,0.54,83.86,,https://query1.finance.yahoo.com/v8/finance/chart/BAX?period1=1575158400&period2=1577232000&interval=1d&includePrePost=false,Verified,,https://finance.yahoo.com/quote/BAX/history/,https://www.stockanalysis.com/stocks/bax/history/
SRPT,"Sarepta Therapeutics, Inc.",2019-12-12,Approval,101.45,2019-12-11,100.47,2019-12-12,-0.97,132.05,,https://query1.finance.yahoo.com/v8/finance/chart/SRPT?period1=1575072000&period2=1577231999&interval=1d&includePrePost=false,Verified,master decision D407,https://finance.yahoo.com/quote/SRPT/history/,https://www.stockanalysis.com/stocks/srpt/history/
PFE,,2019-12-12,,36.2619,2019-12-11,36.5655,2019-12-12,0.84,36.3662,,https://query1.finance.yahoo.com/v8/finance/chart/PFE?period1=1575072000&period2=1577145600&interval=1d&includePrePost=false,Verified,,https://finance.yahoo.com/quote/PFE/history/,https://www.stockanalysis.com/stocks/pfe/history/
BMY,,2019-12-06,,59.48,2019-12-05,59.95,2019-12-06,0.79,61.28,,https://query1.finance.yahoo.com/v8/finance/chart/BMY?period1=1574553600&period2=1576627200&interval=1d&includePrePost=false,Verified,,https://finance.yahoo.com/quote/BMY/history/,https://www.stockanalysis.com/stocks/bmy/history/
AMGN,,2019-12-06,,233.41,2019-12-05,233.77,2019-12-06,0.15,232.82,,https://query1.finance.yahoo.com/v8/finance/chart/AMGN?period1=1574553600&period2=1576627200&interval=1d&includePrePost=false,Verified,,https://finance.yahoo.com/quote/AMGN/history/,https://www.stockanalysis.com/stocks/amgn/history/
GILD,,2019-12-03,,66.12,2019-12-02,66.07,2019-12-03,-0.08,66.75,,https://query1.finance.yahoo.com/v8/finance/chart/GILD?period1=1574294400&period2=1576368000&interval=1d&includePrePost=false,Verified,,https://finance.yahoo.com/quote/GILD/history/,https://www.stockanalysis.com/stocks/gild/history/
SNY,,2019-11-26,,46.9,2019-11-25,46.57,2019-11-26,-0.7,46.38,,https://query1.finance.yahoo.com/v8/finance/chart/SNY?period1=1573689600&period2=1575763200&interval=1d&includePrePost=false,Verified,,https://finance.yahoo.com/quote/SNY/history/,https://www.stockanalysis.com/stocks/sny/history/
FSNUY,,2019-11-26,,13.66,2019-11-25,13.66,2019-11-26,0.0,13.66,,https://query1.finance.yahoo.com/v8/finance/chart/FSNUY?period1=1573689600&period2=1575763200&interval=1d&includePrePost=false,Verified,,https://finance.yahoo.com/quote/FSNUY/history/,https://www.stockanalysis.com/stocks/fsnuy/history/
GBT,"Global Blood Therapeutics, Inc. (acquired by Pfizer, 2022)",2019-11-25,Approval,,,,,,,,https://query1.finance.yahoo.com/v8/finance/chart/GBT?period1=1574121600&period2=1575158400&interval=1d,Verified - price unavailable,"Yahoo Finance returned ""No data found, symbol may be delisted"" - Global Blood Therapeutics (GBT) was acquired by Pfizer in 2022 and its history has been withdrawn from the chart API.",https://finance.yahoo.com/quote/GBT/history/,https://www.stockanalysis.com/stocks/gbt/history/
JNJ,,2019-11-22,,136.44,2019-11-21,138.07,2019-11-22,1.19,137.18,,https://query1.finance.yahoo.com/v8/finance/chart/JNJ?period1=1573344000&period2=1575417600&interval=1d&includePrePost=false,Verified,,https://finance.yahoo.com/quote/JNJ/history/,https://www.stockanalysis.com/stocks/jnj/history/
ADMP,Adamis Pharmaceuticals Corporation,2019-11-22,CRL,,,,,,,,https://query1.finance.yahoo.com/v8/finance/chart/ADMP?period1=1573344000&period2=1575503999&interval=1d&includePrePost=false,Data unavailable - acquired/delisted or pre-Yahoo coverage,fetch status: FAILED HTTPError: HTTP Error 404: Not Found (recorded in the job manifest; never retried with a successor ticker),https://finance.yahoo.com/quote/ADMP/history/,https://www.stockanalysis.com/stocks/admp/history/
AZN,,2019-11-21,,94.02,2019-11-20,95.22,2019-11-21,1.28,95.94,,https://query1.finance.yahoo.com/v8/finance/chart/AZN?period1=1573257600&period2=1575331200&interval=1d&includePrePost=false,Verified,,https://finance.yahoo.com/quote/AZN/history/,https://www.stockanalysis.com/stocks/azn/history/
RDY,Dr. Reddy’s Laboratories Limited,2019-11-20,CRL,7.694,2019-11-19,7.976,2019-11-20,3.67,8.06,,https://query1.finance.yahoo.com/v8/finance/chart/RDY?period1=1573171200&period2=1575331199&interval=1d&includePrePost=false,Verified,,https://finance.yahoo.com/quote/RDY/history/,https://www.stockanalysis.com/stocks/rdy/history/
ALNY,"Alnylam Pharmaceuticals, Inc.",2019-11-20,Approval,97.93,2019-11-19,108.21,2019-11-20,10.50,111.2,,https://query1.finance.yahoo.com/v8/finance/chart/ALNY?period1=1573689600&period2=1574726400&interval=1d,Verified,,https://finance.yahoo.com/quote/ALNY/history/,https://www.stockanalysis.com/stocks/alny/history/
PFE,,2019-11-15,,34.6774,2019-11-14,35.37,2019-11-15,2.0,35.3131,,https://query1.finance.yahoo.com/v8/finance/chart/PFE?period1=1572739200&period2=1574812800&interval=1d&includePrePost=false,Verified,,https://finance.yahoo.com/quote/PFE/history/,https://www.stockanalysis.com/stocks/pfe/history/
NVS,Novartis AG,2019-11-15,Approval,89.51,2019-11-14,90.04,2019-11-15,0.59,90.33,,https://query1.finance.yahoo.com/v8/finance/chart/NVS?period1=1573257600&period2=1574294400&interval=1d,Verified,,https://finance.yahoo.com/quote/NVS/history/,https://www.stockanalysis.com/stocks/nvs/history/
GILD,,2019-11-15,,63.81,2019-11-14,65.07,2019-11-15,1.97,64.29,,https://query1.finance.yahoo.com/v8/finance/chart/GILD?period1=1572739200&period2=1574812800&interval=1d&includePrePost=false,Verified,,https://finance.yahoo.com/quote/GILD/history/,https://www.stockanalysis.com/stocks/gild/history/
SGIOF,"Shionogi & Co., Ltd.",2019-11-14,Approval,19.32,2019-11-13,19.32,2019-11-14,0.0,19.32,,https://query1.finance.yahoo.com/v8/finance/chart/SGIOF?period1=1572652800&period2=1574812799&interval=1d&includePrePost=false,Verified,master decision D392,https://finance.yahoo.com/quote/SGIOF/history/,https://www.stockanalysis.com/stocks/sgiof/history/
ONC,BeOne Medicines (formerly BeiGene),2019-11-14,Approval,197.3,2019-11-13,196.4,2019-11-14,-0.46,198.25,,https://query1.finance.yahoo.com/v8/finance/chart/ONC?period1=1573171200&period2=1574208000&interval=1d,Verified,"Ticker ONC is the CURRENT symbol (BeiGene renamed to BeOne Medicines). The API reports 'BeOne Medicines AG' for ONC and its history extends back through the BeiGene era, so this is the approval-window history for the same issuer.",https://finance.yahoo.com/quote/ONC/history/,https://www.stockanalysis.com/stocks/onc/history/
BMY,Bristol Myers Squibb Company (applicant at approval: Celgene),2019-11-08,Approval,57.58,2019-11-07,58.02,2019-11-08,0.76,58.15,,https://query1.finance.yahoo.com/v8/finance/chart/BMY?period1=1572652800&period2=1573689600&interval=1d,Verified,,https://finance.yahoo.com/quote/BMY/history/,https://www.stockanalysis.com/stocks/bmy/history/
PFE,,2019-11-05,,36.0816,2019-11-04,35.5598,2019-11-05,-1.45,35.6831,,https://query1.finance.yahoo.com/v8/finance/chart/PFE?period1=1571875200&period2=1573948800&interval=1d&includePrePost=false,Verified,,https://finance.yahoo.com/quote/PFE/history/,https://www.stockanalysis.com/stocks/pfe/history/
PFE,,2019-11-01,,36.4042,2019-10-31,36.4231,2019-11-01,0.05,36.0816,,https://query1.finance.yahoo.com/v8/finance/chart/PFE?period1=1571529600&period2=1573603200&interval=1d&includePrePost=false,Verified,,https://finance.yahoo.com/quote/PFE/history/,https://www.stockanalysis.com/stocks/pfe/history/
BIIB,,2019-10-29,,295.54,2019-10-28,297.5,2019-10-29,0.66,299.89,,https://query1.finance.yahoo.com/v8/finance/chart/BIIB?period1=1571270400&period2=1573344000&interval=1d&includePrePost=false,Verified,,https://finance.yahoo.com/quote/BIIB/history/,https://www.stockanalysis.com/stocks/biib/history/
BMY,,2019-10-28,,54.98,2019-10-25,55.59,2019-10-28,1.11,55.77,,https://query1.finance.yahoo.com/v8/finance/chart/BMY?period1=1571184000&period2=1573257600&interval=1d&includePrePost=false,Verified,,https://finance.yahoo.com/quote/BMY/history/,https://www.stockanalysis.com/stocks/bmy/history/
MLNT,,2019-10-24,,,,,,,,,https://query1.finance.yahoo.com/v8/finance/chart/MLNT?period1=1570838400&period2=1572912000&interval=1d&includePrePost=false,Data unavailable - acquired/delisted or pre-Yahoo coverage,fetch status: FAILED HTTPError: HTTP Error 404: Not Found,https://finance.yahoo.com/quote/MLNT/history/,https://www.stockanalysis.com/stocks/mlnt/history/
GSK,,2019-10-23,,42.52,2019-10-22,43.27,2019-10-23,1.76,44.02,,https://query1.finance.yahoo.com/v8/finance/chart/GSK?period1=1570752000&period2=1572825600&interval=1d&includePrePost=false,Verified,,https://finance.yahoo.com/quote/GSK/history/,https://www.stockanalysis.com/stocks/gsk/history/
VRTX,Vertex Pharmaceuticals Incorporated,2019-10-21,Approval,176.23,2019-10-18,183.53,2019-10-21,4.14,191.06,,https://query1.finance.yahoo.com/v8/finance/chart/VRTX?period1=1571097600&period2=1572134400&interval=1d,Verified,,https://finance.yahoo.com/quote/VRTX/history/,https://www.stockanalysis.com/stocks/vrtx/history/
RDY,,2019-10-21,,7.742,2019-10-18,7.754,2019-10-21,0.15,7.756,,https://query1.finance.yahoo.com/v8/finance/chart/RDY?period1=1570579200&period2=1572652800&interval=1d&includePrePost=false,Verified,,https://finance.yahoo.com/quote/RDY/history/,https://www.stockanalysis.com/stocks/rdy/history/
NVO,,2019-10-21,,26.26,2019-10-18,26.3,2019-10-21,0.15,26.645,,https://query1.finance.yahoo.com/v8/finance/chart/NVO?period1=1570579200&period2=1572652800&interval=1d&includePrePost=false,Verified,,https://finance.yahoo.com/quote/NVO/history/,https://www.stockanalysis.com/stocks/nvo/history/
UTHR,,2019-10-18,,81.67,2019-10-17,82.14,2019-10-18,0.58,84.03,,https://query1.finance.yahoo.com/v8/finance/chart/UTHR?period1=1570320000&period2=1572393600&interval=1d&includePrePost=false,Verified,,https://finance.yahoo.com/quote/UTHR/history/,https://www.stockanalysis.com/stocks/uthr/history/
JNJ,,2019-10-18,,136.17,2019-10-17,127.7,2019-10-18,-6.22,128.02,,https://query1.finance.yahoo.com/v8/finance/chart/JNJ?period1=1570320000&period2=1572393600&interval=1d&includePrePost=false,Verified,,https://finance.yahoo.com/quote/JNJ/history/,https://www.stockanalysis.com/stocks/jnj/history/
CLSD,"Clearside Biomedical, Inc.",2019-10-18,CRL,,,,,,,,https://query1.finance.yahoo.com/v8/finance/chart/CLSD?period1=1570320000&period2=1572479999&interval=1d&includePrePost=false,Data unavailable - acquired/delisted or pre-Yahoo coverage,fetch status: FAILED HTTPError: HTTP Error 404: Not Found (recorded in the job manifest; never retried with a successor ticker),https://finance.yahoo.com/quote/CLSD/history/,https://www.stockanalysis.com/stocks/clsd/history/
AZN,,2019-10-18,,88.26,2019-10-17,87.74,2019-10-18,-0.59,87.44,,https://query1.finance.yahoo.com/v8/finance/chart/AZN?period1=1570320000&period2=1572393600&interval=1d&includePrePost=false,Verified,,https://finance.yahoo.com/quote/AZN/history/,https://www.stockanalysis.com/stocks/azn/history/
ABBV,,2019-10-18,,75.14,2019-10-17,76.46,2019-10-18,1.76,77.3,,https://query1.finance.yahoo.com/v8/finance/chart/ABBV?period1=1570320000&period2=1572393600&interval=1d&includePrePost=false,Verified,,https://finance.yahoo.com/quote/ABBV/history/,https://www.stockanalysis.com/stocks/abbv/history/
AMGN,,2019-10-17,,203.21,2019-10-16,203.56,2019-10-17,0.17,202.72,,https://query1.finance.yahoo.com/v8/finance/chart/AMGN?period1=1570233600&period2=1572307200&interval=1d&includePrePost=false,Verified,,https://finance.yahoo.com/quote/AMGN/history/,https://www.stockanalysis.com/stocks/amgn/history/
LLY,Eli Lilly and Company,2019-10-11,Approval,106.92,2019-10-10,108.36,2019-10-11,1.35,107.9,,https://query1.finance.yahoo.com/v8/finance/chart/LLY?period1=1569715200&period2=1571875199&interval=1d&includePrePost=false,Verified,master decision D400,https://finance.yahoo.com/quote/LLY/history/,https://www.stockanalysis.com/stocks/lly/history/
JNJ,,2019-10-11,,129.06,2019-10-10,131.33,2019-10-11,1.76,130.72,,https://query1.finance.yahoo.com/v8/finance/chart/JNJ?period1=1569715200&period2=1571788800&interval=1d&includePrePost=false,Verified,,https://finance.yahoo.com/quote/JNJ/history/,https://www.stockanalysis.com/stocks/jnj/history/
MRK,,2019-10-10,,80.3244,2019-10-09,79.9237,2019-10-10,-0.5,80.4771,,https://query1.finance.yahoo.com/v8/finance/chart/MRK?period1=1569628800&period2=1571702400&interval=1d&includePrePost=false,Verified,,https://finance.yahoo.com/quote/MRK/history/,https://www.stockanalysis.com/stocks/mrk/history/
LLY,,2019-10-08,,107.83,2019-10-07,107.19,2019-10-08,-0.59,107.3,,https://query1.finance.yahoo.com/v8/finance/chart/LLY?period1=1569456000&period2=1571529600&interval=1d&includePrePost=false,Verified,,https://finance.yahoo.com/quote/LLY/history/,https://www.stockanalysis.com/stocks/lly/history/
NVS,Novartis AG,2019-10-07,Approval,85.94,2019-10-04,86.22,2019-10-07,0.33,85.32,,https://query1.finance.yahoo.com/v8/finance/chart/NVS?period1=1569369600&period2=1571529599&interval=1d&includePrePost=false,Verified,lineage proxy per master precedent (see master row notes: decision-date symbol differs from the modern ticker); master decision D389,https://finance.yahoo.com/quote/NVS/history/,https://www.stockanalysis.com/stocks/nvs/history/
ABBV,,2019-10-07,,74.66,2019-10-04,74.33,2019-10-07,-0.44,73.53,,https://query1.finance.yahoo.com/v8/finance/chart/ABBV?period1=1569369600&period2=1571443200&interval=1d&includePrePost=false,Verified,,https://finance.yahoo.com/quote/ABBV/history/,https://www.stockanalysis.com/stocks/abbv/history/
NVS,,2019-10-06,,85.94,2019-10-04,86.22,2019-10-07,0.33,85.32,,https://query1.finance.yahoo.com/v8/finance/chart/NVS?period1=1569283200&period2=1571356800&interval=1d&includePrePost=false,Verified - approx window,next trading day used: 2019-10-07,https://finance.yahoo.com/quote/NVS/history/,https://www.stockanalysis.com/stocks/nvs/history/
RDY,,2019-10-04,,7.562,2019-10-03,7.476,2019-10-04,-1.14,7.44,,https://query1.finance.yahoo.com/v8/finance/chart/RDY?period1=1569110400&period2=1571184000&interval=1d&includePrePost=false,Verified,,https://finance.yahoo.com/quote/RDY/history/,https://www.stockanalysis.com/stocks/rdy/history/
GILD,,2019-10-03,,61.62,2019-10-02,62.23,2019-10-03,0.99,62.56,,https://query1.finance.yahoo.com/v8/finance/chart/GILD?period1=1569024000&period2=1571097600&interval=1d&includePrePost=false,Verified,,https://finance.yahoo.com/quote/GILD/history/,https://www.stockanalysis.com/stocks/gild/history/
AZN,,2019-10-03,,84.92,2019-10-02,86.34,2019-10-03,1.67,86.62,,https://query1.finance.yahoo.com/v8/finance/chart/AZN?period1=1569024000&period2=1571097600&interval=1d&includePrePost=false,Verified,,https://finance.yahoo.com/quote/AZN/history/,https://www.stockanalysis.com/stocks/azn/history/
NVS,,2019-10-01,,86.9,2019-09-30,86.04,2019-10-01,-0.99,84.35,,https://query1.finance.yahoo.com/v8/finance/chart/NVS?period1=1568851200&period2=1570924800&interval=1d&includePrePost=false,Verified,,https://finance.yahoo.com/quote/NVS/history/,https://www.stockanalysis.com/stocks/nvs/history/
AZN,AstraZeneca PLC,2019-09-30,CRL,90.56,2019-09-27,89.14,2019-09-30,-1.57,87.32,,https://query1.finance.yahoo.com/v8/finance/chart/AZN?period1=1568764800&period2=1570924799&interval=1d&includePrePost=false,Verified,lineage proxy per master precedent (see master row notes: decision-date symbol differs from the modern ticker),https://finance.yahoo.com/quote/AZN/history/,https://www.stockanalysis.com/stocks/azn/history/
RARE,,2019-09-27,,42.52,2019-09-26,42.5,2019-09-27,-0.05,42.78,,https://query1.finance.yahoo.com/v8/finance/chart/RARE?period1=1568505600&period2=1570579200&interval=1d&includePrePost=false,Verified,,https://finance.yahoo.com/quote/RARE/history/,https://www.stockanalysis.com/stocks/rare/history/
JNJ,,2019-09-27,,128.85,2019-09-26,128.6,2019-09-27,-0.19,129.38,,https://query1.finance.yahoo.com/v8/finance/chart/JNJ?period1=1568505600&period2=1570579200&interval=1d&includePrePost=false,Verified,,https://finance.yahoo.com/quote/JNJ/history/,https://www.stockanalysis.com/stocks/jnj/history/
JNJ,,2019-09-26,,130.99,2019-09-25,128.85,2019-09-26,-1.63,128.6,,https://query1.finance.yahoo.com/v8/finance/chart/JNJ?period1=1568419200&period2=1570492800&interval=1d&includePrePost=false,Verified,,https://finance.yahoo.com/quote/JNJ/history/,https://www.stockanalysis.com/stocks/jnj/history/
ABBV,,2019-09-26,,72.09,2019-09-25,74.03,2019-09-26,2.69,74.85,,https://query1.finance.yahoo.com/v8/finance/chart/ABBV?period1=1568419200&period2=1570492800&interval=1d&includePrePost=false,Verified,,https://finance.yahoo.com/quote/ABBV/history/,https://www.stockanalysis.com/stocks/abbv/history/
PFE,,2019-09-24,,34.3833,2019-09-23,34.1651,2019-09-24,-0.63,34.0607,,https://query1.finance.yahoo.com/v8/finance/chart/PFE?period1=1568246400&period2=1570320000&interval=1d&includePrePost=false,Verified,,https://finance.yahoo.com/quote/PFE/history/,https://www.stockanalysis.com/stocks/pfe/history/
NVO,,2019-09-20,,25.94,2019-09-19,26.47,2019-09-20,2.04,26.485,,https://query1.finance.yahoo.com/v8/finance/chart/NVO?period1=1567900800&period2=1569974400&interval=1d&includePrePost=false,Verified,,https://finance.yahoo.com/quote/NVO/history/,https://www.stockanalysis.com/stocks/nvo/history/
MRK,,2019-09-19,,79.2176,2019-09-18,80.124,2019-09-19,1.14,81.2595,,https://query1.finance.yahoo.com/v8/finance/chart/MRK?period1=1567814400&period2=1569888000&interval=1d&includePrePost=false,Verified,,https://finance.yahoo.com/quote/MRK/history/,https://www.stockanalysis.com/stocks/mrk/history/
MRK,,2019-09-17,,78.2729,2019-09-16,78.7309,2019-09-17,0.59,79.2176,,https://query1.finance.yahoo.com/v8/finance/chart/MRK?period1=1567641600&period2=1569715200&interval=1d&includePrePost=false,Verified,,https://finance.yahoo.com/quote/MRK/history/,https://www.stockanalysis.com/stocks/mrk/history/
JNJ,,2019-09-17,,129.54,2019-09-16,129.67,2019-09-17,0.1,130.41,,https://query1.finance.yahoo.com/v8/finance/chart/JNJ?period1=1567641600&period2=1569715200&interval=1d&includePrePost=false,Verified,,https://finance.yahoo.com/quote/JNJ/history/,https://www.stockanalysis.com/stocks/jnj/history/
ESALY,,2019-09-17,,,,,,,,,https://query1.finance.yahoo.com/v8/finance/chart/ESALY?period1=1567641600&period2=1569715200&interval=1d&includePrePost=false,Data unavailable - acquired/delisted or pre-Yahoo coverage,fetch status: FAILED HTTPError: HTTP Error 404: Not Found,https://finance.yahoo.com/quote/ESALY/history/,https://www.stockanalysis.com/stocks/esaly/history/
TAK,,2019-09-13,,17.18,2019-09-12,17.38,2019-09-13,1.16,17.33,,https://query1.finance.yahoo.com/v8/finance/chart/TAK?period1=1567296000&period2=1569369600&interval=1d&includePrePost=false,Verified,,https://finance.yahoo.com/quote/TAK/history/,https://www.stockanalysis.com/stocks/tak/history/
ABBV,,2019-09-13,,70.83,2019-09-12,70.51,2019-09-13,-0.45,70.58,,https://query1.finance.yahoo.com/v8/finance/chart/ABBV?period1=1567296000&period2=1569369600&interval=1d&includePrePost=false,Verified,,https://finance.yahoo.com/quote/ABBV/history/,https://www.stockanalysis.com/stocks/abbv/history/
GSK,,2019-09-12,,40.82,2019-09-11,41.03,2019-09-12,0.51,40.89,,https://query1.finance.yahoo.com/v8/finance/chart/GSK?period1=1567209600&period2=1569283200&interval=1d&includePrePost=false,Verified,,https://finance.yahoo.com/quote/GSK/history/,https://www.stockanalysis.com/stocks/gsk/history/
ARDX,"Ardelyx, Inc.",2019-09-12,Approval,5.8,2019-09-11,6.28,2019-09-12,8.28,5.31,,https://query1.finance.yahoo.com/v8/finance/chart/ARDX?period1=1567209600&period2=1569369599&interval=1d&includePrePost=false,Verified,master decision D395,https://finance.yahoo.com/quote/ARDX/history/,https://www.stockanalysis.com/stocks/ardx/history/
PFE,,2019-09-09,,34.63,2019-09-06,34.9431,2019-09-09,0.9,35.4649,,https://query1.finance.yahoo.com/v8/finance/chart/PFE?period1=1566950400&period2=1569024000&interval=1d&includePrePost=false,Verified,,https://finance.yahoo.com/quote/PFE/history/,https://www.stockanalysis.com/stocks/pfe/history/
FSNUY,,2019-09-09,,12.26,2019-09-06,12.19,2019-09-09,-0.57,12.4,,https://query1.finance.yahoo.com/v8/finance/chart/FSNUY?period1=1566950400&period2=1569024000&interval=1d&includePrePost=false,Verified,,https://finance.yahoo.com/quote/FSNUY/history/,https://www.stockanalysis.com/stocks/fsnuy/history/
TEVA,,2019-09-05,,7.1,2019-09-04,6.89,2019-09-05,-2.96,7.01,,https://query1.finance.yahoo.com/v8/finance/chart/TEVA?period1=1566604800&period2=1568678400&interval=1d&includePrePost=false,Verified,,https://finance.yahoo.com/quote/TEVA/history/,https://www.stockanalysis.com/stocks/teva/history/
GILD,,2019-08-28,,63.31,2019-08-27,63.64,2019-08-28,0.52,63.75,,https://query1.finance.yahoo.com/v8/finance/chart/GILD?period1=1565913600&period2=1567987200&interval=1d&includePrePost=false,Verified,,https://finance.yahoo.com/quote/GILD/history/,https://www.stockanalysis.com/stocks/gild/history/
LLY,,2019-08-23,,111.61,2019-08-22,109.51,2019-08-23,-1.88,111.78,,https://query1.finance.yahoo.com/v8/finance/chart/LLY?period1=1565481600&period2=1567555200&interval=1d&includePrePost=false,Verified,,https://finance.yahoo.com/quote/LLY/history/,https://www.stockanalysis.com/stocks/lly/history/
GILD,,2019-08-22,,64.13,2019-08-21,64.22,2019-08-22,0.14,62.51,,https://query1.finance.yahoo.com/v8/finance/chart/GILD?period1=1565395200&period2=1567468800&interval=1d&includePrePost=false,Verified,,https://finance.yahoo.com/quote/GILD/history/,https://www.stockanalysis.com/stocks/gild/history/
SRPT,Sarepta Therapeutics,2019-08-19,CRL,124.95,2019-08-16,120.31,2019-08-19,-3.71,102.07,,https://query1.finance.yahoo.com/v8/finance/chart/SRPT?period1=1565136000&period2=1567295999&interval=1d&includePrePost=false,Verified,,https://finance.yahoo.com/quote/SRPT/history/,https://www.stockanalysis.com/stocks/srpt/history/
NBRW,,2019-08-19,,,,,,,,,https://query1.finance.yahoo.com/v8/finance/chart/NBRW?period1=1565136000&period2=1567209600&interval=1d&includePrePost=false,Data unavailable - acquired/delisted or pre-Yahoo coverage,fetch status: FAILED HTTPError: HTTP Error 404: Not Found,https://finance.yahoo.com/quote/NBRW/history/,https://www.stockanalysis.com/stocks/nbrw/history/
BMY,Bristol Myers Squibb Company (via Celgene),2019-08-16,Approval,45.75,2019-08-15,46.98,2019-08-16,2.69,47.46,,https://query1.finance.yahoo.com/v8/finance/chart/BMY?period1=1565395200&period2=1566432000&interval=1d,Verified,,https://finance.yahoo.com/quote/BMY/history/,https://www.stockanalysis.com/stocks/bmy/history/
ABBV,AbbVie Inc.,2019-08-16,Approval,62.98,2019-08-15,64.43,2019-08-16,2.3,66.56,,https://query1.finance.yahoo.com/v8/finance/chart/ABBV?period1=1564876800&period2=1567036799&interval=1d&includePrePost=false,Verified,master decision D401,https://finance.yahoo.com/quote/ABBV/history/,https://www.stockanalysis.com/stocks/abbv/history/
RHHBY,"Genentech, Inc. (Roche group)",2019-08-15,Approval,34.48,2019-08-14,34.56,2019-08-15,0.23,34.7,,https://query1.finance.yahoo.com/v8/finance/chart/RHHBY?period1=1564790400&period2=1566950399&interval=1d&includePrePost=false,Verified,lineage proxy per master precedent (see master row notes: decision-date symbol differs from the modern ticker); master decision D402,https://finance.yahoo.com/quote/RHHBY/history/,https://www.stockanalysis.com/stocks/rhhby/history/
MYL,,2019-08-14,,,,,,,,,https://query1.finance.yahoo.com/v8/finance/chart/MYL?period1=1564704000&period2=1566777600&interval=1d&includePrePost=false,Data unavailable - acquired/delisted or pre-Yahoo coverage,fetch status: FAILED HTTPError: HTTP Error 404: Not Found,https://finance.yahoo.com/quote/MYL/history/,https://www.stockanalysis.com/stocks/myl/history/
HRMY,Harmony Biosciences,2019-08-14,Approval,,,,,,,,https://query1.finance.yahoo.com/v8/finance/chart/HRMY?period1=1564704000&period2=1566863999&interval=1d&includePrePost=false,Data unavailable - acquired/delisted or pre-Yahoo coverage,fetch status: FAILED HTTPError: HTTP Error 400: Bad Request (recorded in the job manifest; never retried with a successor ticker); master decision D408,https://finance.yahoo.com/quote/HRMY/history/,https://www.stockanalysis.com/stocks/hrmy/history/
OGN,,2019-08-12,,,,,,,,,https://query1.finance.yahoo.com/v8/finance/chart/OGN?period1=1564531200&period2=1566604800&interval=1d&includePrePost=false,Data unavailable - acquired/delisted or pre-Yahoo coverage,fetch status: FAILED HTTPError: HTTP Error 400: Bad Request,https://finance.yahoo.com/quote/OGN/history/,https://www.stockanalysis.com/stocks/ogn/history/
MRK,,2019-08-12,,81.6031,2019-08-09,81.126,2019-08-12,-0.58,82.1374,,https://query1.finance.yahoo.com/v8/finance/chart/MRK?period1=1564531200&period2=1566604800&interval=1d&includePrePost=false,Verified,,https://finance.yahoo.com/quote/MRK/history/,https://www.stockanalysis.com/stocks/mrk/history/
JNJ,,2019-08-09,,131.68,2019-08-08,132.04,2019-08-09,0.27,131.93,,https://query1.finance.yahoo.com/v8/finance/chart/JNJ?period1=1564272000&period2=1566345600&interval=1d&includePrePost=false,Verified,,https://finance.yahoo.com/quote/JNJ/history/,https://www.stockanalysis.com/stocks/jnj/history/
DSNKY,,2019-08-09,,22.0733,2019-08-08,21.9,2019-08-09,-0.79,21.5667,,https://query1.finance.yahoo.com/v8/finance/chart/DSNKY?period1=1564272000&period2=1566345600&interval=1d&includePrePost=false,Verified,,https://finance.yahoo.com/quote/DSNKY/history/,https://www.stockanalysis.com/stocks/dsnky/history/
NVO,,2019-08-08,,24.745,2019-08-07,25.335,2019-08-08,2.38,25.135,,https://query1.finance.yahoo.com/v8/finance/chart/NVO?period1=1564185600&period2=1566259200&interval=1d&includePrePost=false,Verified,,https://finance.yahoo.com/quote/NVO/history/,https://www.stockanalysis.com/stocks/nvo/history/
KALA,"Kala Bio, Inc.",2019-08-07,CRL,10950,2019-08-06,12775,2019-08-07,16.67,11500,,https://query1.finance.yahoo.com/v8/finance/chart/KALA?period1=1564099200&period2=1566259199&interval=1d&includePrePost=false,Verified,,https://finance.yahoo.com/quote/KALA/history/,https://www.stockanalysis.com/stocks/kala/history/
DSNKY,"Daiichi Sankyo Company, Limited",2019-08-02,Approval,20.7667,2019-08-01,20.8633,2019-08-02,0.47,20.9767,,https://query1.finance.yahoo.com/v8/finance/chart/DSNKY?period1=1563667200&period2=1565827199&interval=1d&includePrePost=false,Verified,master decision D297,https://finance.yahoo.com/quote/DSNKY/history/,https://www.stockanalysis.com/stocks/dsnky/history/
MRK,,2019-07-30,,78.7118,2019-07-29,79.4561,2019-07-30,0.95,79.1889,,https://query1.finance.yahoo.com/v8/finance/chart/MRK?period1=1563408000&period2=1565481600&interval=1d&includePrePost=false,Verified,,https://finance.yahoo.com/quote/MRK/history/,https://www.stockanalysis.com/stocks/mrk/history/
BAYRY,Bayer AG (with Orion),2019-07-30,Approval,16.62,2019-07-29,15.96,2019-07-30,-3.97,16.23,,https://query1.finance.yahoo.com/v8/finance/chart/BAYRY?period1=1563408000&period2=1565567999&interval=1d&includePrePost=false,Verified,master decision D289,https://finance.yahoo.com/quote/BAYRY/history/,https://www.stockanalysis.com/stocks/bayry/history/
NVS,,2019-07-26,,91.99,2019-07-25,93.19,2019-07-26,1.3,92.13,,https://query1.finance.yahoo.com/v8/finance/chart/NVS?period1=1563062400&period2=1565136000&interval=1d&includePrePost=false,Verified,,https://finance.yahoo.com/quote/NVS/history/,https://www.stockanalysis.com/stocks/nvs/history/
NVS,,2019-07-25,,93.32,2019-07-24,91.99,2019-07-25,-1.43,93.19,,https://query1.finance.yahoo.com/v8/finance/chart/NVS?period1=1562976000&period2=1565049600&interval=1d&includePrePost=false,Verified,,https://finance.yahoo.com/quote/NVS/history/,https://www.stockanalysis.com/stocks/nvs/history/
AZN,,2019-07-25,,80.7,2019-07-24,85.32,2019-07-25,5.72,87.02,,https://query1.finance.yahoo.com/v8/finance/chart/AZN?period1=1562976000&period2=1565049600&interval=1d&includePrePost=false,Verified,,https://finance.yahoo.com/quote/AZN/history/,https://www.stockanalysis.com/stocks/azn/history/
SNY,,2019-07-24,,42.61,2019-07-23,42.4,2019-07-24,-0.49,42.03,,https://query1.finance.yahoo.com/v8/finance/chart/SNY?period1=1562889600&period2=1564963200&interval=1d&includePrePost=false,Verified,,https://finance.yahoo.com/quote/SNY/history/,https://www.stockanalysis.com/stocks/sny/history/
NVS,,2019-07-24,,93.68,2019-07-23,93.32,2019-07-24,-0.38,91.99,,https://query1.finance.yahoo.com/v8/finance/chart/NVS?period1=1562889600&period2=1564963200&interval=1d&includePrePost=false,Verified,,https://finance.yahoo.com/quote/NVS/history/,https://www.stockanalysis.com/stocks/nvs/history/
AMPH,,2019-07-24,,19.12,2019-07-23,19.56,2019-07-24,2.3,19.81,,https://query1.finance.yahoo.com/v8/finance/chart/AMPH?period1=1562889600&period2=1564963200&interval=1d&includePrePost=false,Verified,,https://finance.yahoo.com/quote/AMPH/history/,https://www.stockanalysis.com/stocks/amph/history/
PFE,,2019-07-23,,40.6262,2019-07-22,40.8824,2019-07-23,0.63,40.6926,,https://query1.finance.yahoo.com/v8/finance/chart/PFE?period1=1562803200&period2=1564876800&interval=1d&includePrePost=false,Verified,,https://finance.yahoo.com/quote/PFE/history/,https://www.stockanalysis.com/stocks/pfe/history/
BHC,Bausch Health Companies Inc.,2019-07-19,CRL,23.1,2019-07-18,23.18,2019-07-19,0.35,23.26,,https://query1.finance.yahoo.com/v8/finance/chart/BHC?period1=1562457600&period2=1564617599&interval=1d&includePrePost=false,Verified,,https://finance.yahoo.com/quote/BHC/history/,https://www.stockanalysis.com/stocks/bhc/history/
AZN,,2019-07-19,,81.46,2019-07-18,80.24,2019-07-19,-1.5,80.66,,https://query1.finance.yahoo.com/v8/finance/chart/AZN?period1=1562457600&period2=1564531200&interval=1d&includePrePost=false,Verified,,https://finance.yahoo.com/quote/AZN/history/,https://www.stockanalysis.com/stocks/azn/history/
AMGN,,2019-07-19,,179.54,2019-07-18,178.39,2019-07-19,-0.64,175.89,,https://query1.finance.yahoo.com/v8/finance/chart/AMGN?period1=1562457600&period2=1564531200&interval=1d&includePrePost=false,Verified,,https://finance.yahoo.com/quote/AMGN/history/,https://www.stockanalysis.com/stocks/amgn/history/
MRK,"Merck & Co., Inc.",2019-07-16,Approval,77.2519,2019-07-15,77.8531,2019-07-16,0.78,78.1679,,https://query1.finance.yahoo.com/v8/finance/chart/MRK?period1=1562198400&period2=1564358399&interval=1d&includePrePost=false,Verified,master decision D399,https://finance.yahoo.com/quote/MRK/history/,https://www.stockanalysis.com/stocks/mrk/history/
BAYRY,,2019-07-12,,16.78,2019-07-11,16.61,2019-07-12,-1.01,17.09,,https://query1.finance.yahoo.com/v8/finance/chart/BAYRY?period1=1561852800&period2=1563926400&interval=1d&includePrePost=false,Verified,,https://finance.yahoo.com/quote/BAYRY/history/,https://www.stockanalysis.com/stocks/bayry/history/
KPTI,Karyopharm Therapeutics Inc.,2019-07-03,Approval,98.1,2019-07-02,133.44,2019-07-03,36.02,132.15,,https://query1.finance.yahoo.com/v8/finance/chart/KPTI?period1=1561593600&period2=1562630400&interval=1d,Verified,"4 Jul 2019 was a market holiday, so the next session after the approval is 5 Jul.",https://finance.yahoo.com/quote/KPTI/history/,https://www.stockanalysis.com/stocks/kpti/history/
AZN,,2019-07-01,,82.56,2019-06-28,82.62,2019-07-01,0.07,83.42,,https://query1.finance.yahoo.com/v8/finance/chart/AZN?period1=1560902400&period2=1562976000&interval=1d&includePrePost=false,Verified,,https://finance.yahoo.com/quote/AZN/history/,https://www.stockanalysis.com/stocks/azn/history/
PFE,,2019-06-27,,40.7875,2019-06-26,41.2049,2019-06-27,1.02,41.1006,,https://query1.finance.yahoo.com/v8/finance/chart/PFE?period1=1560556800&period2=1562630400&interval=1d&includePrePost=false,Verified,,https://finance.yahoo.com/quote/PFE/history/,https://www.stockanalysis.com/stocks/pfe/history/
JNJ,,2019-06-27,,141.85,2019-06-26,140.69,2019-06-27,-0.82,139.28,,https://query1.finance.yahoo.com/v8/finance/chart/JNJ?period1=1560556800&period2=1562630400&interval=1d&includePrePost=false,Verified,,https://finance.yahoo.com/quote/JNJ/history/,https://www.stockanalysis.com/stocks/jnj/history/
REGN,,2019-06-26,,312.9,2019-06-25,305.08,2019-06-26,-2.5,310.67,,https://query1.finance.yahoo.com/v8/finance/chart/REGN?period1=1560470400&period2=1562544000&interval=1d&includePrePost=false,Verified,,https://finance.yahoo.com/quote/REGN/history/,https://www.stockanalysis.com/stocks/regn/history/
AMGN,,2019-06-24,,187.11,2019-06-21,184.83,2019-06-24,-1.22,184.44,,https://query1.finance.yahoo.com/v8/finance/chart/AMGN?period1=1560297600&period2=1562371200&interval=1d&includePrePost=false,Verified,,https://finance.yahoo.com/quote/AMGN/history/,https://www.stockanalysis.com/stocks/amgn/history/
VRTX,,2019-06-21,,182.17,2019-06-20,183.97,2019-06-21,0.99,181.02,,https://query1.finance.yahoo.com/v8/finance/chart/VRTX?period1=1560038400&period2=1562112000&interval=1d&includePrePost=false,Verified,,https://finance.yahoo.com/quote/VRTX/history/,https://www.stockanalysis.com/stocks/vrtx/history/
AMAG,"AMAG Pharmaceuticals, Inc.",2019-06-21,Approval,,,,,,,,https://query1.finance.yahoo.com/v8/finance/chart/AMAG?period1=1560038400&period2=1562198399&interval=1d&includePrePost=false,Data unavailable - acquired/delisted or pre-Yahoo coverage,fetch status: FAILED HTTPError: HTTP Error 404: Not Found (recorded in the job manifest; never retried with a successor ticker); master decision D406,https://finance.yahoo.com/quote/AMAG/history/,https://www.stockanalysis.com/stocks/amag/history/
BAX,,2019-06-20,,81.31,2019-06-19,82.04,2019-06-20,0.9,82.41,,https://query1.finance.yahoo.com/v8/finance/chart/BAX?period1=1559952000&period2=1562025600&interval=1d&includePrePost=false,Verified,,https://finance.yahoo.com/quote/BAX/history/,https://www.stockanalysis.com/stocks/bax/history/
ABBV,,2019-06-20,,77.61,2019-06-19,78.34,2019-06-20,0.94,78.78,,https://query1.finance.yahoo.com/v8/finance/chart/ABBV?period1=1559952000&period2=1562025600&interval=1d&includePrePost=false,Verified,,https://finance.yahoo.com/quote/ABBV/history/,https://www.stockanalysis.com/stocks/abbv/history/
GILD,,2019-06-18,,67.1,2019-06-17,68.2,2019-06-18,1.64,68.26,,https://query1.finance.yahoo.com/v8/finance/chart/GILD?period1=1559779200&period2=1561852800&interval=1d&includePrePost=false,Verified,,https://finance.yahoo.com/quote/GILD/history/,https://www.stockanalysis.com/stocks/gild/history/
NVO,,2019-06-17,,25.48,2019-06-14,25.505,2019-06-17,0.1,26.095,,https://query1.finance.yahoo.com/v8/finance/chart/NVO?period1=1559692800&period2=1561766400&interval=1d&includePrePost=false,Verified,,https://finance.yahoo.com/quote/NVO/history/,https://www.stockanalysis.com/stocks/nvo/history/
MRK,,2019-06-17,,78.9885,2019-06-14,79.4847,2019-06-17,0.63,80.6202,,https://query1.finance.yahoo.com/v8/finance/chart/MRK?period1=1559692800&period2=1561766400&interval=1d&includePrePost=false,Verified,,https://finance.yahoo.com/quote/MRK/history/,https://www.stockanalysis.com/stocks/mrk/history/
AMGN,,2019-06-13,,175.6,2019-06-12,176.71,2019-06-13,0.63,176.08,,https://query1.finance.yahoo.com/v8/finance/chart/AMGN?period1=1559347200&period2=1561420800&interval=1d&includePrePost=false,Verified,,https://finance.yahoo.com/quote/AMGN/history/,https://www.stockanalysis.com/stocks/amgn/history/
RHHBY,"Roche (Genentech, Inc.)",2019-06-10,Approval,34.24,2019-06-07,34.22,2019-06-10,-0.06,34.1,,https://query1.finance.yahoo.com/v8/finance/chart/RHHBY?period1=1559606400&period2=1560643200&interval=1d,Verified,,https://finance.yahoo.com/quote/RHHBY/history/,https://www.stockanalysis.com/stocks/rhhby/history/
MRK,,2019-06-10,,78.6832,2019-06-07,78.7023,2019-06-10,0.02,79.1794,,https://query1.finance.yahoo.com/v8/finance/chart/MRK?period1=1559088000&period2=1561161600&interval=1d&includePrePost=false,Verified,,https://finance.yahoo.com/quote/MRK/history/,https://www.stockanalysis.com/stocks/mrk/history/
PTCT,,2019-06-07,,40.3,2019-06-06,41.89,2019-06-07,3.95,41.04,,https://query1.finance.yahoo.com/v8/finance/chart/PTCT?period1=1558828800&period2=1560902400&interval=1d&includePrePost=false,Verified,,https://finance.yahoo.com/quote/PTCT/history/,https://www.stockanalysis.com/stocks/ptct/history/
GSK,,2019-06-06,,38.67,2019-06-05,38.98,2019-06-06,0.8,39.8,,https://query1.finance.yahoo.com/v8/finance/chart/GSK?period1=1558742400&period2=1560816000&interval=1d&includePrePost=false,Verified,,https://finance.yahoo.com/quote/GSK/history/,https://www.stockanalysis.com/stocks/gsk/history/
LLY,,2019-06-04,,116.77,2019-06-03,117.56,2019-06-04,0.68,117.02,,https://query1.finance.yahoo.com/v8/finance/chart/LLY?period1=1558569600&period2=1560643200&interval=1d&includePrePost=false,Verified,,https://finance.yahoo.com/quote/LLY/history/,https://www.stockanalysis.com/stocks/lly/history/
JNJ,,2019-06-03,,131.15,2019-05-31,131.44,2019-06-03,0.22,133.73,,https://query1.finance.yahoo.com/v8/finance/chart/JNJ?period1=1558483200&period2=1560556800&interval=1d&includePrePost=false,Verified,,https://finance.yahoo.com/quote/JNJ/history/,https://www.stockanalysis.com/stocks/jnj/history/
ALPMY,,2019-05-29,,13.89,2019-05-28,13.9,2019-05-29,0.07,13.37,,https://query1.finance.yahoo.com/v8/finance/chart/ALPMY?period1=1558051200&period2=1560124800&interval=1d&includePrePost=false,Verified,,https://finance.yahoo.com/quote/ALPMY/history/,https://www.stockanalysis.com/stocks/alpmy/history/
BMY,,2019-05-28,,46.81,2019-05-24,45.86,2019-05-28,-2.03,45.38,,https://query1.finance.yahoo.com/v8/finance/chart/BMY?period1=1557964800&period2=1560038400&interval=1d&includePrePost=false,Verified,,https://finance.yahoo.com/quote/BMY/history/,https://www.stockanalysis.com/stocks/bmy/history/
NVS,Novartis AG,2019-05-24,Approval,84.44,2019-05-23,87.52,2019-05-24,3.65,86.92,,https://query1.finance.yahoo.com/v8/finance/chart/NVS?period1=1558137600&period2=1559174400&interval=1d,Verified,,https://finance.yahoo.com/quote/NVS/history/,https://www.stockanalysis.com/stocks/nvs/history/
INCY,,2019-05-24,,80.5,2019-05-23,81.75,2019-05-24,1.55,81.76,,https://query1.finance.yahoo.com/v8/finance/chart/INCY?period1=1557619200&period2=1559692800&interval=1d&includePrePost=false,Verified,,https://finance.yahoo.com/quote/INCY/history/,https://www.stockanalysis.com/stocks/incy/history/
ARRY,,2019-05-24,,,,,,,,,https://query1.finance.yahoo.com/v8/finance/chart/ARRY?period1=1557619200&period2=1559692800&interval=1d&includePrePost=false,Data unavailable - acquired/delisted or pre-Yahoo coverage,fetch status: FAILED HTTPError: HTTP Error 400: Bad Request,https://finance.yahoo.com/quote/ARRY/history/,https://www.stockanalysis.com/stocks/arry/history/
ABBV,,2019-05-24,,81.15,2019-05-23,80.06,2019-05-24,-1.34,78.03,,https://query1.finance.yahoo.com/v8/finance/chart/ABBV?period1=1557619200&period2=1559692800&interval=1d&includePrePost=false,Verified,,https://finance.yahoo.com/quote/ABBV/history/,https://www.stockanalysis.com/stocks/abbv/history/
VTRS,,2019-05-23,,19.65,2019-05-22,19.17,2019-05-23,-2.44,18.98,,https://query1.finance.yahoo.com/v8/finance/chart/VTRS?period1=1557532800&period2=1559606400&interval=1d&includePrePost=false,Verified,,https://finance.yahoo.com/quote/VTRS/history/,https://www.stockanalysis.com/stocks/vtrs/history/
FSNUY,,2019-05-20,,13.73,2019-05-17,13.21,2019-05-20,-3.79,13.24,,https://query1.finance.yahoo.com/v8/finance/chart/FSNUY?period1=1557273600&period2=1559347200&interval=1d&includePrePost=false,Verified,,https://finance.yahoo.com/quote/FSNUY/history/,https://www.stockanalysis.com/stocks/fsnuy/history/
TAK,,2019-05-16,,18.03,2019-05-15,17.38,2019-05-16,-3.61,17.47,,https://query1.finance.yahoo.com/v8/finance/chart/TAK?period1=1556928000&period2=1559001600&interval=1d&includePrePost=false,Verified,,https://finance.yahoo.com/quote/TAK/history/,https://www.stockanalysis.com/stocks/tak/history/
PFE,,2019-05-16,,39.0417,2019-05-15,39.5066,2019-05-16,1.19,39.3454,,https://query1.finance.yahoo.com/v8/finance/chart/PFE?period1=1556928000&period2=1559001600&interval=1d&includePrePost=false,Verified,,https://finance.yahoo.com/quote/PFE/history/,https://www.stockanalysis.com/stocks/pfe/history/
ABBV,,2019-05-15,,78.44,2019-05-14,78.78,2019-05-15,0.43,79.5,,https://query1.finance.yahoo.com/v8/finance/chart/ABBV?period1=1556841600&period2=1558915200&interval=1d&includePrePost=false,Verified,,https://finance.yahoo.com/quote/ABBV/history/,https://www.stockanalysis.com/stocks/abbv/history/
REGN,,2019-05-13,,312.86,2019-05-10,305.15,2019-05-13,-2.46,304.62,,https://query1.finance.yahoo.com/v8/finance/chart/REGN?period1=1556668800&period2=1558742400&interval=1d&includePrePost=false,Verified,,https://finance.yahoo.com/quote/REGN/history/,https://www.stockanalysis.com/stocks/regn/history/
LLY,,2019-05-10,,115.8,2019-05-09,116.22,2019-05-10,0.36,114.37,,https://query1.finance.yahoo.com/v8/finance/chart/LLY?period1=1556409600&period2=1558483200&interval=1d&includePrePost=false,Verified,,https://finance.yahoo.com/quote/LLY/history/,https://www.stockanalysis.com/stocks/lly/history/
RDY,"Dr. Reddy’s Laboratories, Inc",2019-05-03,CRL,8.442,2019-05-02,8.44,2019-05-03,-0.02,8.552,,https://query1.finance.yahoo.com/v8/finance/chart/RDY?period1=1555804800&period2=1557964799&interval=1d&includePrePost=false,Verified,,https://finance.yahoo.com/quote/RDY/history/,https://www.stockanalysis.com/stocks/rdy/history/
PFE,Pfizer Inc. (applicant: FoldRx Pharmaceuticals),2019-05-03,Approval,38.9089,2019-05-02,39.2695,2019-05-03,0.93,39.5161,,https://query1.finance.yahoo.com/v8/finance/chart/PFE?period1=1556323200&period2=1557360000&interval=1d,Verified,,https://finance.yahoo.com/quote/PFE/history/,https://www.stockanalysis.com/stocks/pfe/history/
AZN,,2019-05-02,,74.7,2019-05-01,75.24,2019-05-02,0.72,76.82,,https://query1.finance.yahoo.com/v8/finance/chart/AZN?period1=1555718400&period2=1557792000&interval=1d&includePrePost=false,Verified,,https://finance.yahoo.com/quote/AZN/history/,https://www.stockanalysis.com/stocks/azn/history/
HRTX,"Heron Therapeutics, Inc.",2019-04-30,CRL,22.73,2019-04-29,21.68,2019-04-30,-4.62,17.75,,https://query1.finance.yahoo.com/v8/finance/chart/HRTX?period1=1555545600&period2=1557705599&interval=1d&includePrePost=false,Verified,,https://finance.yahoo.com/quote/HRTX/history/,https://www.stockanalysis.com/stocks/hrtx/history/
ABBV,,2019-04-30,,80.3,2019-04-29,79.39,2019-04-30,-1.13,78.89,,https://query1.finance.yahoo.com/v8/finance/chart/ABBV?period1=1555545600&period2=1557619200&interval=1d&includePrePost=false,Verified,,https://finance.yahoo.com/quote/ABBV/history/,https://www.stockanalysis.com/stocks/abbv/history/
VRTX,,2019-04-29,,172.85,2019-04-26,172.52,2019-04-29,-0.19,168.98,,https://query1.finance.yahoo.com/v8/finance/chart/VRTX?period1=1555459200&period2=1557532800&interval=1d&includePrePost=false,Verified,,https://finance.yahoo.com/quote/VRTX/history/,https://www.stockanalysis.com/stocks/vrtx/history/
REGN,,2019-04-26,,349.99,2019-04-25,343.66,2019-04-26,-1.81,344.15,,https://query1.finance.yahoo.com/v8/finance/chart/REGN?period1=1555200000&period2=1557273600&interval=1d&includePrePost=false,Verified,,https://finance.yahoo.com/quote/REGN/history/,https://www.stockanalysis.com/stocks/regn/history/
GSK,,2019-04-26,,40.22,2019-04-25,40.4,2019-04-26,0.45,40.45,,https://query1.finance.yahoo.com/v8/finance/chart/GSK?period1=1555200000&period2=1557273600&interval=1d&includePrePost=false,Verified,,https://finance.yahoo.com/quote/GSK/history/,https://www.stockanalysis.com/stocks/gsk/history/
TAK,,2019-04-25,,18.39,2019-04-24,18.18,2019-04-25,-1.14,18.4,,https://query1.finance.yahoo.com/v8/finance/chart/TAK?period1=1555113600&period2=1557187200&interval=1d&includePrePost=false,Verified,,https://finance.yahoo.com/quote/TAK/history/,https://www.stockanalysis.com/stocks/tak/history/
BHC,,2019-04-25,,23.01,2019-04-24,23.72,2019-04-25,3.09,23.8,,https://query1.finance.yahoo.com/v8/finance/chart/BHC?period1=1555113600&period2=1557187200&interval=1d&includePrePost=false,Verified,,https://finance.yahoo.com/quote/BHC/history/,https://www.stockanalysis.com/stocks/bhc/history/
ABBV,AbbVie Inc.,2019-04-23,Approval,78.15,2019-04-22,78.66,2019-04-23,0.65,78.67,,https://query1.finance.yahoo.com/v8/finance/chart/ABBV?period1=1555459200&period2=1556496000&interval=1d,Verified,,https://finance.yahoo.com/quote/ABBV/history/,https://www.stockanalysis.com/stocks/abbv/history/
AMGN,,2019-04-22,,177.47,2019-04-18,176.36,2019-04-22,-0.63,179.76,,https://query1.finance.yahoo.com/v8/finance/chart/AMGN?period1=1554854400&period2=1556928000&interval=1d&includePrePost=false,Verified,,https://finance.yahoo.com/quote/AMGN/history/,https://www.stockanalysis.com/stocks/amgn/history/
MRK,,2019-04-19,,69.8378,2019-04-18,70.0954,2019-04-22,0.37,71.1832,,https://query1.finance.yahoo.com/v8/finance/chart/MRK?period1=1554595200&period2=1556668800&interval=1d&includePrePost=false,Verified - approx window,next trading day used: 2019-04-22,https://finance.yahoo.com/quote/MRK/history/,https://www.stockanalysis.com/stocks/mrk/history/
BMY,,2019-04-18,,45.8,2019-04-17,45.52,2019-04-18,-0.61,45.24,,https://query1.finance.yahoo.com/v8/finance/chart/BMY?period1=1554508800&period2=1556582400&interval=1d&includePrePost=false,Verified,,https://finance.yahoo.com/quote/BMY/history/,https://www.stockanalysis.com/stocks/bmy/history/
JNJ,Johnson & Johnson (Janssen Biotech),2019-04-12,Approval,135.21,2019-04-11,135.98,2019-04-12,0.57,136.52,,https://query1.finance.yahoo.com/v8/finance/chart/JNJ?period1=1554508800&period2=1555545600&interval=1d,Verified,,https://finance.yahoo.com/quote/JNJ/history/,https://www.stockanalysis.com/stocks/jnj/history/
MRK,,2019-04-11,,77.1183,2019-04-10,76.1832,2019-04-11,-1.21,75.792,,https://query1.finance.yahoo.com/v8/finance/chart/MRK?period1=1553904000&period2=1555977600&interval=1d&includePrePost=false,Verified,,https://finance.yahoo.com/quote/MRK/history/,https://www.stockanalysis.com/stocks/mrk/history/
FSNUY,,2019-04-11,,14.58,2019-04-10,14.61,2019-04-11,0.21,14.61,,https://query1.finance.yahoo.com/v8/finance/chart/FSNUY?period1=1553904000&period2=1555977600&interval=1d&includePrePost=false,Verified,,https://finance.yahoo.com/quote/FSNUY/history/,https://www.stockanalysis.com/stocks/fsnuy/history/
AMGN,Amgen Inc. (with UCB),2019-04-09,Approval,194.88,2019-04-08,192.98,2019-04-09,-0.97,193.89,,https://query1.finance.yahoo.com/v8/finance/chart/AMGN?period1=1554249600&period2=1555286400&interval=1d,Verified,,https://finance.yahoo.com/quote/AMGN/history/,https://www.stockanalysis.com/stocks/amgn/history/
PFE,,2019-04-04,,40.6452,2019-04-03,40.5503,2019-04-04,-0.23,40.7875,,https://query1.finance.yahoo.com/v8/finance/chart/PFE?period1=1553299200&period2=1555372800&interval=1d&includePrePost=false,Verified,,https://finance.yahoo.com/quote/PFE/history/,https://www.stockanalysis.com/stocks/pfe/history/
AZN,,2019-04-03,,83.18,2019-04-02,82.18,2019-04-03,-1.2,81.06,,https://query1.finance.yahoo.com/v8/finance/chart/AZN?period1=1553212800&period2=1555286400&interval=1d&includePrePost=false,Verified,,https://finance.yahoo.com/quote/AZN/history/,https://www.stockanalysis.com/stocks/azn/history/
EVOK,"Evoke Pharma, Inc.",2019-04-01,CRL,,,,,,,,https://query1.finance.yahoo.com/v8/finance/chart/EVOK?period1=1553040000&period2=1555199999&interval=1d&includePrePost=false,Data unavailable - acquired/delisted or pre-Yahoo coverage,fetch status: FAILED HTTPError: HTTP Error 404: Not Found (recorded in the job manifest; never retried with a successor ticker),https://finance.yahoo.com/quote/EVOK/history/,https://www.stockanalysis.com/stocks/evok/history/
NVS,Novartis AG,2019-03-26,Approval,83.6111,2019-03-25,85.1434,2019-03-26,1.83,85.224,,https://query1.finance.yahoo.com/v8/finance/chart/NVS?period1=1553040000&period2=1554076800&interval=1d,Verified,,https://finance.yahoo.com/quote/NVS/history/,https://www.stockanalysis.com/stocks/nvs/history/
JNJ,,2019-03-21,,137.29,2019-03-20,138.1,2019-03-21,0.59,136.91,,https://query1.finance.yahoo.com/v8/finance/chart/JNJ?period1=1552089600&period2=1554163200&interval=1d&includePrePost=false,Verified,,https://finance.yahoo.com/quote/JNJ/history/,https://www.stockanalysis.com/stocks/jnj/history/
JAZZ,Jazz Pharmaceuticals Ireland Limited,2019-03-20,Approval,135.55,2019-03-19,133.57,2019-03-20,-1.46,136.03,,https://query1.finance.yahoo.com/v8/finance/chart/JAZZ?period1=1552003200&period2=1554163199&interval=1d&includePrePost=false,Verified,master decision D404,https://finance.yahoo.com/quote/JAZZ/history/,https://www.stockanalysis.com/stocks/jazz/history/
SAGE,Sage Therapeutics,2019-03-19,Approval,,,,,,,,https://query1.finance.yahoo.com/v8/finance/chart/SAGE?period1=1551916800&period2=1554076799&interval=1d&includePrePost=false,Data unavailable - acquired/delisted or pre-Yahoo coverage,fetch status: FAILED HTTPError: HTTP Error 404: Not Found (recorded in the job manifest; never retried with a successor ticker); master decision D953,https://finance.yahoo.com/quote/SAGE/history/,https://www.stockanalysis.com/stocks/sage/history/
NVS,,2019-03-18,,83.5932,2019-03-15,83.4857,2019-03-18,-0.13,83.3244,,https://query1.finance.yahoo.com/v8/finance/chart/NVS?period1=1551830400&period2=1553904000&interval=1d&includePrePost=false,Verified,,https://finance.yahoo.com/quote/NVS/history/,https://www.stockanalysis.com/stocks/nvs/history/
ABBV,,2019-03-14,,78.93,2019-03-13,79.95,2019-03-14,1.29,81.34,,https://query1.finance.yahoo.com/v8/finance/chart/ABBV?period1=1551484800&period2=1553558400&interval=1d&includePrePost=false,Verified,,https://finance.yahoo.com/quote/ABBV/history/,https://www.stockanalysis.com/stocks/abbv/history/
BLCO,,2019-03-12,,,,,,,,,https://query1.finance.yahoo.com/v8/finance/chart/BLCO?period1=1551312000&period2=1553385600&interval=1d&includePrePost=false,Data unavailable - acquired/delisted or pre-Yahoo coverage,fetch status: FAILED HTTPError: HTTP Error 400: Bad Request,https://finance.yahoo.com/quote/BLCO/history/,https://www.stockanalysis.com/stocks/blco/history/
ALC,,2019-03-12,,,,,,,,,https://query1.finance.yahoo.com/v8/finance/chart/ALC?period1=1551312000&period2=1553385600&interval=1d&includePrePost=false,Data unavailable - acquired/delisted or pre-Yahoo coverage,fetch status: FAILED HTTPError: HTTP Error 400: Bad Request,https://finance.yahoo.com/quote/ALC/history/,https://www.stockanalysis.com/stocks/alc/history/
REGN,,2019-03-11,,402.64,2019-03-08,412.05,2019-03-11,2.34,417.62,,https://query1.finance.yahoo.com/v8/finance/chart/REGN?period1=1551225600&period2=1553299200&interval=1d&includePrePost=false,Verified,,https://finance.yahoo.com/quote/REGN/history/,https://www.stockanalysis.com/stocks/regn/history/
PFE,,2019-03-11,,38.7951,2019-03-08,39.3738,2019-03-11,1.49,39.592,,https://query1.finance.yahoo.com/v8/finance/chart/PFE?period1=1551225600&period2=1553299200&interval=1d&includePrePost=false,Verified,,https://finance.yahoo.com/quote/PFE/history/,https://www.stockanalysis.com/stocks/pfe/history/
AZN,,2019-03-11,,83.54,2019-03-08,84.38,2019-03-11,1.01,83.7,,https://query1.finance.yahoo.com/v8/finance/chart/AZN?period1=1551225600&period2=1553299200&interval=1d&includePrePost=false,Verified,,https://finance.yahoo.com/quote/AZN/history/,https://www.stockanalysis.com/stocks/azn/history/
AMGN,,2019-03-11,,180.87,2019-03-08,184.14,2019-03-11,1.81,184.18,,https://query1.finance.yahoo.com/v8/finance/chart/AMGN?period1=1551225600&period2=1553299200&interval=1d&includePrePost=false,Verified,,https://finance.yahoo.com/quote/AMGN/history/,https://www.stockanalysis.com/stocks/amgn/history/
BMY,,2019-03-07,,52.89,2019-03-06,51.51,2019-03-07,-2.61,51.39,,https://query1.finance.yahoo.com/v8/finance/chart/BMY?period1=1550880000&period2=1552953600&interval=1d&includePrePost=false,Verified,,https://finance.yahoo.com/quote/BMY/history/,https://www.stockanalysis.com/stocks/bmy/history/
JNJ,,2019-03-05,,138.48,2019-03-04,138.77,2019-03-05,0.21,139.09,,https://query1.finance.yahoo.com/v8/finance/chart/JNJ?period1=1550707200&period2=1552780800&interval=1d&includePrePost=false,Verified,,https://finance.yahoo.com/quote/JNJ/history/,https://www.stockanalysis.com/stocks/jnj/history/
BAX,,2019-03-01,,74.73,2019-02-28,75.84,2019-03-01,1.49,75.47,,https://query1.finance.yahoo.com/v8/finance/chart/BAX?period1=1550361600&period2=1552435200&interval=1d&includePrePost=false,Verified,,https://finance.yahoo.com/quote/BAX/history/,https://www.stockanalysis.com/stocks/bax/history/
SNY,,2019-02-27,,41.38,2019-02-26,41.31,2019-02-27,-0.17,41.6,,https://query1.finance.yahoo.com/v8/finance/chart/SNY?period1=1550188800&period2=1552262400&interval=1d&includePrePost=false,Verified,,https://finance.yahoo.com/quote/SNY/history/,https://www.stockanalysis.com/stocks/sny/history/
NVO,,2019-02-27,,24.725,2019-02-26,24.535,2019-02-27,-0.77,24.475,,https://query1.finance.yahoo.com/v8/finance/chart/NVO?period1=1550188800&period2=1552262400&interval=1d&includePrePost=false,Verified,,https://finance.yahoo.com/quote/NVO/history/,https://www.stockanalysis.com/stocks/nvo/history/
PFE,,2019-02-22,,39.981,2019-02-21,40.759,2019-02-22,1.95,40.8729,,https://query1.finance.yahoo.com/v8/finance/chart/PFE?period1=1549756800&period2=1551830400&interval=1d&includePrePost=false,Verified,,https://finance.yahoo.com/quote/PFE/history/,https://www.stockanalysis.com/stocks/pfe/history/
OTSKY,,2019-02-22,,20.45,2019-02-21,20.7,2019-02-22,1.22,20.45,,https://query1.finance.yahoo.com/v8/finance/chart/OTSKY?period1=1549756800&period2=1551830400&interval=1d&includePrePost=false,Verified,,https://finance.yahoo.com/quote/OTSKY/history/,https://www.stockanalysis.com/stocks/otsky/history/
BLCO,,2019-02-22,,,,,,,,,https://query1.finance.yahoo.com/v8/finance/chart/BLCO?period1=1549756800&period2=1551830400&interval=1d&includePrePost=false,Data unavailable - acquired/delisted or pre-Yahoo coverage,fetch status: FAILED HTTPError: HTTP Error 400: Bad Request,https://finance.yahoo.com/quote/BLCO/history/,https://www.stockanalysis.com/stocks/blco/history/
AZN,,2019-02-22,,80.86,2019-02-21,81.88,2019-02-22,1.26,83,,https://query1.finance.yahoo.com/v8/finance/chart/AZN?period1=1549756800&period2=1551830400&interval=1d&includePrePost=false,Verified,,https://finance.yahoo.com/quote/AZN/history/,https://www.stockanalysis.com/stocks/azn/history/
TAK,,2019-02-21,,20.16,2019-02-20,19.94,2019-02-21,-1.09,19.98,,https://query1.finance.yahoo.com/v8/finance/chart/TAK?period1=1549670400&period2=1551744000&interval=1d&includePrePost=false,Verified,,https://finance.yahoo.com/quote/TAK/history/,https://www.stockanalysis.com/stocks/tak/history/
MRK,,2019-02-15,,75.3244,2019-02-14,76.1546,2019-02-15,1.1,75.6107,,https://query1.finance.yahoo.com/v8/finance/chart/MRK?period1=1549152000&period2=1551225600&interval=1d&includePrePost=false,Verified,,https://finance.yahoo.com/quote/MRK/history/,https://www.stockanalysis.com/stocks/mrk/history/
AZN,,2019-02-15,,79.96,2019-02-14,81.84,2019-02-15,2.35,80.92,,https://query1.finance.yahoo.com/v8/finance/chart/AZN?period1=1549152000&period2=1551225600&interval=1d&includePrePost=false,Verified,,https://finance.yahoo.com/quote/AZN/history/,https://www.stockanalysis.com/stocks/azn/history/
NVS,Novartis AG,2019-02-13,Approval,79.6147,2019-02-12,79.5968,2019-02-13,-0.02,79.767,,https://query1.finance.yahoo.com/v8/finance/chart/NVS?period1=1548979200&period2=1551139199&interval=1d&includePrePost=false,Verified,lineage proxy per master precedent (see master row notes: decision-date symbol differs from the modern ticker); master decision D390,https://finance.yahoo.com/quote/NVS/history/,https://www.stockanalysis.com/stocks/nvs/history/
JNJ,,2019-02-08,,132.05,2019-02-07,132.4,2019-02-08,0.27,132,,https://query1.finance.yahoo.com/v8/finance/chart/JNJ?period1=1548547200&period2=1550620800&interval=1d&includePrePost=false,Verified,,https://finance.yahoo.com/quote/JNJ/history/,https://www.stockanalysis.com/stocks/jnj/history/
SNY,Sanofi (Ablynx NV),2019-02-06,Approval,43.6,2019-02-05,43.39,2019-02-06,-0.48,42.51,,https://query1.finance.yahoo.com/v8/finance/chart/SNY?period1=1548892800&period2=1549929600&interval=1d,Verified,,https://finance.yahoo.com/quote/SNY/history/,https://www.stockanalysis.com/stocks/sny/history/
GILD,,2019-02-04,,70.05,2019-02-01,70.05,2019-02-04,0.0,67.68,,https://query1.finance.yahoo.com/v8/finance/chart/GILD?period1=1548201600&period2=1550275200&interval=1d&includePrePost=false,Verified,,https://finance.yahoo.com/quote/GILD/history/,https://www.stockanalysis.com/stocks/gild/history/
NVO,,2019-02-01,,23.51,2019-01-31,24.305,2019-02-01,3.38,24.275,,https://query1.finance.yahoo.com/v8/finance/chart/NVO?period1=1547942400&period2=1550016000&interval=1d&includePrePost=false,Verified,,https://finance.yahoo.com/quote/NVO/history/,https://www.stockanalysis.com/stocks/nvo/history/
EOLS,"Evolus, Inc.",2019-02-01,Approval,16.35,2019-01-31,18.33,2019-02-01,12.11,20.5,,https://query1.finance.yahoo.com/v8/finance/chart/EOLS?period1=1547942400&period2=1550102399&interval=1d&includePrePost=false,Verified,master decision D396,https://finance.yahoo.com/quote/EOLS/history/,https://www.stockanalysis.com/stocks/eols/history/
SCLX,,2019-01-30,,,,,,,,,https://query1.finance.yahoo.com/v8/finance/chart/SCLX?period1=1547769600&period2=1549843200&interval=1d&includePrePost=false,Data unavailable - acquired/delisted or pre-Yahoo coverage,fetch status: FAILED HTTPError: HTTP Error 400: Bad Request,https://finance.yahoo.com/quote/SCLX/history/,https://www.stockanalysis.com/stocks/sclx/history/
LLY,,2019-01-30,,115.71,2019-01-29,116.94,2019-01-30,1.06,119.86,,https://query1.finance.yahoo.com/v8/finance/chart/LLY?period1=1547769600&period2=1549843200&interval=1d&includePrePost=false,Verified,,https://finance.yahoo.com/quote/LLY/history/,https://www.stockanalysis.com/stocks/lly/history/
AMGN,,2019-01-30,,192.11,2019-01-29,184.86,2019-01-30,-3.77,187.11,,https://query1.finance.yahoo.com/v8/finance/chart/AMGN?period1=1547769600&period2=1549843200&interval=1d&includePrePost=false,Verified,,https://finance.yahoo.com/quote/AMGN/history/,https://www.stockanalysis.com/stocks/amgn/history/
PFE,,2019-01-29,,37.5047,2019-01-28,38.6812,2019-01-29,3.14,39.4497,,https://query1.finance.yahoo.com/v8/finance/chart/PFE?period1=1547683200&period2=1549756800&interval=1d&includePrePost=false,Verified,,https://finance.yahoo.com/quote/PFE/history/,https://www.stockanalysis.com/stocks/pfe/history/
JNJ,,2019-01-29,,128.99,2019-01-28,130.33,2019-01-29,1.04,131.64,,https://query1.finance.yahoo.com/v8/finance/chart/JNJ?period1=1547683200&period2=1549756800&interval=1d&includePrePost=false,Verified,,https://finance.yahoo.com/quote/JNJ/history/,https://www.stockanalysis.com/stocks/jnj/history/
ARRY,,2019-01-23,,,,,,,,,https://query1.finance.yahoo.com/v8/finance/chart/ARRY?period1=1547164800&period2=1549238400&interval=1d&includePrePost=false,Data unavailable - acquired/delisted or pre-Yahoo coverage,fetch status: FAILED HTTPError: HTTP Error 400: Bad Request,https://finance.yahoo.com/quote/ARRY/history/,https://www.stockanalysis.com/stocks/arry/history/
IMMU,"Immunomedics, Inc",2019-01-17,CRL,,,,,,,,https://query1.finance.yahoo.com/v8/finance/chart/IMMU?period1=1546646400&period2=1548806399&interval=1d&includePrePost=false,Data unavailable - acquired/delisted or pre-Yahoo coverage,fetch status: FAILED HTTPError: HTTP Error 404: Not Found (recorded in the job manifest; never retried with a successor ticker),https://finance.yahoo.com/quote/IMMU/history/,https://www.stockanalysis.com/stocks/immu/history/
LLY,,2019-01-15,,114.68,2019-01-14,117.09,2019-01-15,2.1,116.8,,https://query1.finance.yahoo.com/v8/finance/chart/LLY?period1=1546473600&period2=1548547200&interval=1d&includePrePost=false,Verified,,https://finance.yahoo.com/quote/LLY/history/,https://www.stockanalysis.com/stocks/lly/history/
EXEL,,2019-01-14,,23.76,2019-01-11,22.86,2019-01-14,-3.79,24.05,,https://query1.finance.yahoo.com/v8/finance/chart/EXEL?period1=1546387200&period2=1548460800&interval=1d&includePrePost=false,Verified,,https://finance.yahoo.com/quote/EXEL/history/,https://www.stockanalysis.com/stocks/exel/history/
MRK,,2018-12-28,,71.9275,2018-12-27,71.9179,2018-12-28,-0.01,72.9103,,https://query1.finance.yahoo.com/v8/finance/chart/MRK?period1=1544918400&period2=1546992000&interval=1d&includePrePost=false,Verified,,https://finance.yahoo.com/quote/MRK/history/,https://www.stockanalysis.com/stocks/mrk/history/
TAK,,2018-12-21,,16.74,2018-12-20,16.59,2018-12-21,-0.9,16.64,,https://query1.finance.yahoo.com/v8/finance/chart/TAK?period1=1544313600&period2=1546387200&interval=1d&includePrePost=false,Verified,,https://finance.yahoo.com/quote/TAK/history/,https://www.stockanalysis.com/stocks/tak/history/
BMY,,2018-12-21,,50.06,2018-12-20,49.82,2018-12-21,-0.48,48.76,,https://query1.finance.yahoo.com/v8/finance/chart/BMY?period1=1544313600&period2=1546387200&interval=1d&includePrePost=false,Verified,,https://finance.yahoo.com/quote/BMY/history/,https://www.stockanalysis.com/stocks/bmy/history/
ALXN,,2018-12-21,,,,,,,,,https://query1.finance.yahoo.com/v8/finance/chart/ALXN?period1=1544313600&period2=1546387200&interval=1d&includePrePost=false,Data unavailable - acquired/delisted or pre-Yahoo coverage,fetch status: FAILED HTTPError: HTTP Error 404: Not Found,https://finance.yahoo.com/quote/ALXN/history/,https://www.stockanalysis.com/stocks/alxn/history/
MRK,,2018-12-19,,70.9256,2018-12-18,70.3912,2018-12-19,-0.75,70.124,,https://query1.finance.yahoo.com/v8/finance/chart/MRK?period1=1544140800&period2=1546214400&interval=1d&includePrePost=false,Verified,,https://finance.yahoo.com/quote/MRK/history/,https://www.stockanalysis.com/stocks/mrk/history/
AZN,,2018-12-19,,76.46,2018-12-18,75.94,2018-12-19,-0.68,76.08,,https://query1.finance.yahoo.com/v8/finance/chart/AZN?period1=1544140800&period2=1546214400&interval=1d&includePrePost=false,Verified,,https://finance.yahoo.com/quote/AZN/history/,https://www.stockanalysis.com/stocks/azn/history/
TAK,,2018-12-18,,16.5,2018-12-17,15.64,2018-12-18,-5.21,15.93,,https://query1.finance.yahoo.com/v8/finance/chart/TAK?period1=1544054400&period2=1546128000&interval=1d&includePrePost=false,Verified,,https://finance.yahoo.com/quote/TAK/history/,https://www.stockanalysis.com/stocks/tak/history/
TAK,Takeda Pharmaceutical Company Limited,2018-12-14,Approval,17.44,2018-12-13,17.17,2018-12-14,-1.55,16.5,,https://query1.finance.yahoo.com/v8/finance/chart/TAK?period1=1543708800&period2=1545868799&interval=1d&includePrePost=false,Verified,master decision D314,https://finance.yahoo.com/quote/TAK/history/,https://www.stockanalysis.com/stocks/tak/history/
AMGN,,2018-12-14,,197.53,2018-12-13,192.07,2018-12-14,-2.76,190.08,,https://query1.finance.yahoo.com/v8/finance/chart/AMGN?period1=1543708800&period2=1545782400&interval=1d&includePrePost=false,Verified,,https://finance.yahoo.com/quote/AMGN/history/,https://www.stockanalysis.com/stocks/amgn/history/
SUPN,,2018-12-13,,37.2,2018-12-12,35.6,2018-12-13,-4.3,35.76,,https://query1.finance.yahoo.com/v8/finance/chart/SUPN?period1=1543622400&period2=1545696000&interval=1d&includePrePost=false,Verified,,https://finance.yahoo.com/quote/SUPN/history/,https://www.stockanalysis.com/stocks/supn/history/
NVS,,2018-12-12,,78.1541,2018-12-11,78.9695,2018-12-12,1.04,79.2115,,https://query1.finance.yahoo.com/v8/finance/chart/NVS?period1=1543536000&period2=1545609600&interval=1d&includePrePost=false,Verified,,https://finance.yahoo.com/quote/NVS/history/,https://www.stockanalysis.com/stocks/nvs/history/
GILD,,2018-12-11,,67.49,2018-12-10,67.72,2018-12-11,0.34,68.14,,https://query1.finance.yahoo.com/v8/finance/chart/GILD?period1=1543449600&period2=1545523200&interval=1d&includePrePost=false,Verified,,https://finance.yahoo.com/quote/GILD/history/,https://www.stockanalysis.com/stocks/gild/history/
GILD,,2018-12-10,,68.15,2018-12-07,67.49,2018-12-10,-0.97,67.72,,https://query1.finance.yahoo.com/v8/finance/chart/GILD?period1=1543363200&period2=1545436800&interval=1d&includePrePost=false,Verified,,https://finance.yahoo.com/quote/GILD/history/,https://www.stockanalysis.com/stocks/gild/history/
NVS,,2018-12-06,,81.3351,2018-12-04,79.7939,2018-12-06,-1.89,78.0287,,https://query1.finance.yahoo.com/v8/finance/chart/NVS?period1=1543017600&period2=1545091200&interval=1d&includePrePost=false,Verified,,https://finance.yahoo.com/quote/NVS/history/,https://www.stockanalysis.com/stocks/nvs/history/
FSNUY,,2018-12-06,,14.13,2018-12-04,13.59,2018-12-06,-3.82,11.06,,https://query1.finance.yahoo.com/v8/finance/chart/FSNUY?period1=1543017600&period2=1545091200&interval=1d&includePrePost=false,Verified,,https://finance.yahoo.com/quote/FSNUY/history/,https://www.stockanalysis.com/stocks/fsnuy/history/
PFE,,2018-11-30,,43.1784,2018-11-29,43.8615,2018-11-30,1.58,43.6338,,https://query1.finance.yahoo.com/v8/finance/chart/PFE?period1=1542499200&period2=1544572800&interval=1d&includePrePost=false,Verified,,https://finance.yahoo.com/quote/PFE/history/,https://www.stockanalysis.com/stocks/pfe/history/
ALPMY,,2018-11-29,,14.85,2018-11-28,15.03,2018-11-29,1.21,15.31,,https://query1.finance.yahoo.com/v8/finance/chart/ALPMY?period1=1542412800&period2=1544486400&interval=1d&includePrePost=false,Verified,,https://finance.yahoo.com/quote/ALPMY/history/,https://www.stockanalysis.com/stocks/alpmy/history/
SNY,,2018-11-28,,44.68,2018-11-27,45.55,2018-11-28,1.95,45.05,,https://query1.finance.yahoo.com/v8/finance/chart/SNY?period1=1542326400&period2=1544400000&interval=1d&includePrePost=false,Verified,,https://finance.yahoo.com/quote/SNY/history/,https://www.stockanalysis.com/stocks/sny/history/
CPRX,Catalyst Pharmaceuticals,2018-11-28,Approval,,,,,,,,https://query1.finance.yahoo.com/v8/finance/chart/CPRX?period1=1542326400&period2=1544486399&interval=1d&includePrePost=false,Data unavailable - acquired/delisted or pre-Yahoo coverage,fetch status: FAILED HTTPError: HTTP Error 404: Not Found (recorded in the job manifest; never retried with a successor ticker); master decision D316,https://finance.yahoo.com/quote/CPRX/history/,https://www.stockanalysis.com/stocks/cprx/history/
ALPMY,Astellas Pharma Inc.,2018-11-28,Approval,14.53,2018-11-27,14.85,2018-11-28,2.2,15.03,,https://query1.finance.yahoo.com/v8/finance/chart/ALPMY?period1=1542326400&period2=1544486399&interval=1d&includePrePost=false,Verified,master decision D315,https://finance.yahoo.com/quote/ALPMY/history/,https://www.stockanalysis.com/stocks/alpmy/history/
LOXO,"Loxo Oncology, Inc.",2018-11-26,Approval,,,,,,,,https://query1.finance.yahoo.com/v8/finance/chart/LOXO?period1=1542153600&period2=1544313599&interval=1d&includePrePost=false,Data unavailable - acquired/delisted or pre-Yahoo coverage,fetch status: FAILED HTTPError: HTTP Error 404: Not Found (recorded in the job manifest; never retried with a successor ticker); master decision D317,https://finance.yahoo.com/quote/LOXO/history/,https://www.stockanalysis.com/stocks/loxo/history/
BAYRY,,2018-11-26,,17.77,2018-11-23,18.22,2018-11-26,2.53,18,,https://query1.finance.yahoo.com/v8/finance/chart/BAYRY?period1=1542153600&period2=1544227200&interval=1d&includePrePost=false,Verified,,https://finance.yahoo.com/quote/BAYRY/history/,https://www.stockanalysis.com/stocks/bayry/history/
PFE,Pfizer Inc.,2018-11-21,Approval,41.2998,2018-11-20,40.8918,2018-11-21,-0.99,40.9298,,https://query1.finance.yahoo.com/v8/finance/chart/PFE?period1=1541721600&period2=1543881599&interval=1d&includePrePost=false,Verified,master decision D318,https://finance.yahoo.com/quote/PFE/history/,https://www.stockanalysis.com/stocks/pfe/history/
ABBV,,2018-11-21,,88.09,2018-11-20,86.15,2018-11-21,-2.2,85.63,,https://query1.finance.yahoo.com/v8/finance/chart/ABBV?period1=1541721600&period2=1543795200&interval=1d&includePrePost=false,Verified,,https://finance.yahoo.com/quote/ABBV/history/,https://www.stockanalysis.com/stocks/abbv/history/
SGEN,,2018-11-16,,,,,,,,,https://query1.finance.yahoo.com/v8/finance/chart/SGEN?period1=1541289600&period2=1543363200&interval=1d&includePrePost=false,Data unavailable - acquired/delisted or pre-Yahoo coverage,fetch status: FAILED HTTPError: HTTP Error 404: Not Found,https://finance.yahoo.com/quote/SGEN/history/,https://www.stockanalysis.com/stocks/sgen/history/
NVS,,2018-11-16,,78.172,2018-11-15,78.629,2018-11-16,0.58,79.1308,,https://query1.finance.yahoo.com/v8/finance/chart/NVS?period1=1541289600&period2=1543363200&interval=1d&includePrePost=false,Verified,,https://finance.yahoo.com/quote/NVS/history/,https://www.stockanalysis.com/stocks/nvs/history/
BHC,Bausch Health Companies (Salix; Cosmo developer),2018-11-16,Approval,25.67,2018-11-15,25.33,2018-11-16,-1.32,23.5,,https://query1.finance.yahoo.com/v8/finance/chart/BHC?period1=1541289600&period2=1543449599&interval=1d&includePrePost=false,Verified,master decision D320,https://finance.yahoo.com/quote/BHC/history/,https://www.stockanalysis.com/stocks/bhc/history/
GSK,,2018-11-15,,40.89,2018-11-14,40.41,2018-11-15,-1.17,40.34,,https://query1.finance.yahoo.com/v8/finance/chart/GSK?period1=1541203200&period2=1543276800&interval=1d&includePrePost=false,Verified,,https://finance.yahoo.com/quote/GSK/history/,https://www.stockanalysis.com/stocks/gsk/history/
BAX,,2018-11-15,,63.83,2018-11-14,65.83,2018-11-15,3.13,66.51,,https://query1.finance.yahoo.com/v8/finance/chart/BAX?period1=1541203200&period2=1543276800&interval=1d&includePrePost=false,Verified,,https://finance.yahoo.com/quote/BAX/history/,https://www.stockanalysis.com/stocks/bax/history/
MYL,,2018-11-09,,,,,,,,,https://query1.finance.yahoo.com/v8/finance/chart/MYL?period1=1540684800&period2=1542758400&interval=1d&includePrePost=false,Data unavailable - acquired/delisted or pre-Yahoo coverage,fetch status: FAILED HTTPError: HTTP Error 404: Not Found,https://finance.yahoo.com/quote/MYL/history/,https://www.stockanalysis.com/stocks/myl/history/
MRK,,2018-11-09,,72.0229,2018-11-08,71.4313,2018-11-09,-0.82,71.2691,,https://query1.finance.yahoo.com/v8/finance/chart/MRK?period1=1540684800&period2=1542758400&interval=1d&includePrePost=false,Verified,,https://finance.yahoo.com/quote/MRK/history/,https://www.stockanalysis.com/stocks/mrk/history/
JNJ,,2018-11-06,,142.2,2018-11-05,142.57,2018-11-06,0.26,144.75,,https://query1.finance.yahoo.com/v8/finance/chart/JNJ?period1=1540425600&period2=1542499200&interval=1d&includePrePost=false,Verified,,https://finance.yahoo.com/quote/JNJ/history/,https://www.stockanalysis.com/stocks/jnj/history/
BMY,,2018-11-06,,52.03,2018-11-05,51.35,2018-11-06,-1.31,52.99,,https://query1.finance.yahoo.com/v8/finance/chart/BMY?period1=1540425600&period2=1542499200&interval=1d&includePrePost=false,Verified,,https://finance.yahoo.com/quote/BMY/history/,https://www.stockanalysis.com/stocks/bmy/history/
BHC,,2018-11-06,,25.57,2018-11-05,26.72,2018-11-06,4.5,27.12,,https://query1.finance.yahoo.com/v8/finance/chart/BHC?period1=1540425600&period2=1542499200&interval=1d&includePrePost=false,Verified,,https://finance.yahoo.com/quote/BHC/history/,https://www.stockanalysis.com/stocks/bhc/history/
TRVN,"Trevena, Inc.",2018-11-02,CRL,656.25,2018-11-01,443.6875,2018-11-02,-32.39,415.6875,,https://query1.finance.yahoo.com/v8/finance/chart/TRVN?period1=1540080000&period2=1542239999&interval=1d&includePrePost=false,Verified,,https://finance.yahoo.com/quote/TRVN/history/,https://www.stockanalysis.com/stocks/trvn/history/
PFE,Pfizer Inc.,2018-11-02,Approval,41.4326,2018-11-01,40.7305,2018-11-02,-1.69,41.2903,,https://query1.finance.yahoo.com/v8/finance/chart/PFE?period1=1540080000&period2=1542239999&interval=1d&includePrePost=false,Verified,master decision D322,https://finance.yahoo.com/quote/PFE/history/,https://www.stockanalysis.com/stocks/pfe/history/
CHRS,,2018-11-02,,11.6,2018-11-01,12.3,2018-11-02,6.03,11.32,,https://query1.finance.yahoo.com/v8/finance/chart/CHRS?period1=1540080000&period2=1542153600&interval=1d&includePrePost=false,Verified,,https://finance.yahoo.com/quote/CHRS/history/,https://www.stockanalysis.com/stocks/chrs/history/
GILD,,2018-10-31,,72.04,2018-10-30,68.18,2018-10-31,-5.36,70.31,,https://query1.finance.yahoo.com/v8/finance/chart/GILD?period1=1539907200&period2=1541980800&interval=1d&includePrePost=false,Verified,,https://finance.yahoo.com/quote/GILD/history/,https://www.stockanalysis.com/stocks/gild/history/
MRK,,2018-10-30,,68.1775,2018-10-29,69.5324,2018-10-30,1.99,70.2385,,https://query1.finance.yahoo.com/v8/finance/chart/MRK?period1=1539820800&period2=1541894400&interval=1d&includePrePost=false,Verified,,https://finance.yahoo.com/quote/MRK/history/,https://www.stockanalysis.com/stocks/mrk/history/
GILD,,2018-10-30,,70.9,2018-10-29,72.04,2018-10-30,1.61,68.18,,https://query1.finance.yahoo.com/v8/finance/chart/GILD?period1=1539820800&period2=1541894400&interval=1d&includePrePost=false,Verified,,https://finance.yahoo.com/quote/GILD/history/,https://www.stockanalysis.com/stocks/gild/history/
JNJ,,2018-10-29,,136.97,2018-10-26,137.55,2018-10-29,0.42,140.75,,https://query1.finance.yahoo.com/v8/finance/chart/JNJ?period1=1539734400&period2=1541808000&interval=1d&includePrePost=false,Verified,,https://finance.yahoo.com/quote/JNJ/history/,https://www.stockanalysis.com/stocks/jnj/history/
JAZZ,,2018-10-26,,153.95,2018-10-25,154.29,2018-10-26,0.22,153.35,,https://query1.finance.yahoo.com/v8/finance/chart/JAZZ?period1=1539475200&period2=1541548800&interval=1d&includePrePost=false,Verified,,https://finance.yahoo.com/quote/JAZZ/history/,https://www.stockanalysis.com/stocks/jazz/history/
RHHBY,"Genentech, Inc. (Roche group)",2018-10-24,Approval,30.8,2018-10-23,29.39,2018-10-24,-4.58,29.2,,https://query1.finance.yahoo.com/v8/finance/chart/RHHBY?period1=1539302400&period2=1541462399&interval=1d&includePrePost=false,Verified,lineage proxy per master precedent (see master row notes: decision-date symbol differs from the modern ticker); master decision D323,https://finance.yahoo.com/quote/RHHBY/history/,https://www.stockanalysis.com/stocks/rhhby/history/
TAK,,2018-10-19,,20.66,2018-10-18,20.37,2018-10-19,-1.4,20.22,,https://query1.finance.yahoo.com/v8/finance/chart/TAK?period1=1538870400&period2=1540944000&interval=1d&includePrePost=false,Verified,,https://finance.yahoo.com/quote/TAK/history/,https://www.stockanalysis.com/stocks/tak/history/
REGN,,2018-10-19,,395.22,2018-10-18,389.83,2018-10-19,-1.36,387.8,,https://query1.finance.yahoo.com/v8/finance/chart/REGN?period1=1538870400&period2=1540944000&interval=1d&includePrePost=false,Verified,,https://finance.yahoo.com/quote/REGN/history/,https://www.stockanalysis.com/stocks/regn/history/
NVO,,2018-10-19,,21.68,2018-10-18,21.585,2018-10-19,-0.44,21.56,,https://query1.finance.yahoo.com/v8/finance/chart/NVO?period1=1538870400&period2=1540944000&interval=1d&includePrePost=false,Verified,,https://finance.yahoo.com/quote/NVO/history/,https://www.stockanalysis.com/stocks/nvo/history/
RDUS,,2018-10-17,,,,,,,,,https://query1.finance.yahoo.com/v8/finance/chart/RDUS?period1=1538697600&period2=1540771200&interval=1d&includePrePost=false,Data unavailable - acquired/delisted or pre-Yahoo coverage,fetch status: FAILED HTTPError: HTTP Error 404: Not Found,https://finance.yahoo.com/quote/RDUS/history/,https://www.stockanalysis.com/stocks/rdus/history/
KVUE,,2018-10-17,,,,,,,,,https://query1.finance.yahoo.com/v8/finance/chart/KVUE?period1=1538697600&period2=1540771200&interval=1d&includePrePost=false,Data unavailable - acquired/delisted or pre-Yahoo coverage,fetch status: FAILED HTTPError: HTTP Error 400: Bad Request,https://finance.yahoo.com/quote/KVUE/history/,https://www.stockanalysis.com/stocks/kvue/history/
PFE,Pfizer Inc.,2018-10-16,Approval,40.9108,2018-10-15,41.6793,2018-10-16,1.88,42.2865,,https://query1.finance.yahoo.com/v8/finance/chart/PFE?period1=1538611200&period2=1540771199&interval=1d&includePrePost=false,Verified,master decision D324,https://finance.yahoo.com/quote/PFE/history/,https://www.stockanalysis.com/stocks/pfe/history/
ABBV,,2018-10-16,,89.18,2018-10-15,91.91,2018-10-16,3.06,92.27,,https://query1.finance.yahoo.com/v8/finance/chart/ABBV?period1=1538611200&period2=1540684800&interval=1d&includePrePost=false,Verified,,https://finance.yahoo.com/quote/ABBV/history/,https://www.stockanalysis.com/stocks/abbv/history/
SNY,,2018-10-12,,43.68,2018-10-11,42.89,2018-10-12,-1.81,43.43,,https://query1.finance.yahoo.com/v8/finance/chart/SNY?period1=1538265600&period2=1540339200&interval=1d&includePrePost=false,Verified,,https://finance.yahoo.com/quote/SNY/history/,https://www.stockanalysis.com/stocks/sny/history/
JNJ,,2018-10-11,,137.73,2018-10-10,133.84,2018-10-11,-2.82,133.87,,https://query1.finance.yahoo.com/v8/finance/chart/JNJ?period1=1538179200&period2=1540252800&interval=1d&includePrePost=false,Verified,,https://finance.yahoo.com/quote/JNJ/history/,https://www.stockanalysis.com/stocks/jnj/history/
IONS,Ionis Pharmaceuticals (Akcea; AKCA delisted 2019),2018-10-05,Approval,47.48,2018-10-04,48.73,2018-10-05,2.63,45,,https://query1.finance.yahoo.com/v8/finance/chart/IONS?period1=1537660800&period2=1539820799&interval=1d&includePrePost=false,Verified,master decision D325,https://finance.yahoo.com/quote/IONS/history/,https://www.stockanalysis.com/stocks/ions/history/
PRTK,,2018-10-02,,,,,,,,,https://query1.finance.yahoo.com/v8/finance/chart/PRTK?period1=1537401600&period2=1539475200&interval=1d&includePrePost=false,Data unavailable - acquired/delisted or pre-Yahoo coverage,fetch status: FAILED HTTPError: HTTP Error 404: Not Found,https://finance.yahoo.com/quote/PRTK/history/,https://www.stockanalysis.com/stocks/prtk/history/
REGN,"Regeneron Pharmaceuticals, Inc.",2018-09-28,Approval,406,2018-09-27,404.04,2018-09-28,-0.48,394.23,,https://query1.finance.yahoo.com/v8/finance/chart/REGN?period1=1537056000&period2=1539215999&interval=1d&includePrePost=false,Verified,master decision D329,https://finance.yahoo.com/quote/REGN/history/,https://www.stockanalysis.com/stocks/regn/history/
INSM,,2018-09-28,,21.34,2018-09-27,20.22,2018-09-28,-5.25,15.74,,https://query1.finance.yahoo.com/v8/finance/chart/INSM?period1=1537056000&period2=1539129600&interval=1d&includePrePost=false,Verified,,https://finance.yahoo.com/quote/INSM/history/,https://www.stockanalysis.com/stocks/insm/history/
AMGN,,2018-09-28,,208.89,2018-09-27,207.29,2018-09-28,-0.77,206.91,,https://query1.finance.yahoo.com/v8/finance/chart/AMGN?period1=1537056000&period2=1539129600&interval=1d&includePrePost=false,Verified,,https://finance.yahoo.com/quote/AMGN/history/,https://www.stockanalysis.com/stocks/amgn/history/
ABBV,,2018-09-28,,94.14,2018-09-27,94.58,2018-09-28,0.47,95,,https://query1.finance.yahoo.com/v8/finance/chart/ABBV?period1=1537056000&period2=1539129600&interval=1d&includePrePost=false,Verified,,https://finance.yahoo.com/quote/ABBV/history/,https://www.stockanalysis.com/stocks/abbv/history/
PFE,Pfizer Inc.,2018-09-27,Approval,41.4421,2018-09-26,41.6509,2018-09-27,0.5,41.8121,,https://query1.finance.yahoo.com/v8/finance/chart/PFE?period1=1536969600&period2=1539129599&interval=1d&includePrePost=false,Verified,master decision D330,https://finance.yahoo.com/quote/PFE/history/,https://www.stockanalysis.com/stocks/pfe/history/
LLY,Eli Lilly and Company,2018-09-27,Approval,106.31,2018-09-26,106.69,2018-09-27,0.36,107.31,,https://query1.finance.yahoo.com/v8/finance/chart/LLY?period1=1536969600&period2=1539129599&interval=1d&includePrePost=false,Verified,master decision D331,https://finance.yahoo.com/quote/LLY/history/,https://www.stockanalysis.com/stocks/lly/history/
CPRX,,2018-09-27,,,,,,,,,https://query1.finance.yahoo.com/v8/finance/chart/CPRX?period1=1536969600&period2=1539043200&interval=1d&includePrePost=false,Data unavailable - acquired/delisted or pre-Yahoo coverage,fetch status: FAILED HTTPError: HTTP Error 404: Not Found,https://finance.yahoo.com/quote/CPRX/history/,https://www.stockanalysis.com/stocks/cprx/history/
AZN,,2018-09-26,,77.38,2018-09-25,78.16,2018-09-26,1.01,79.44,,https://query1.finance.yahoo.com/v8/finance/chart/AZN?period1=1536883200&period2=1538956800&interval=1d&includePrePost=false,Verified,,https://finance.yahoo.com/quote/AZN/history/,https://www.stockanalysis.com/stocks/azn/history/
VSTM,"Verastem, Inc.",2018-09-24,Approval,103.8,2018-09-21,107.28,2018-09-24,3.35,85.8,,https://query1.finance.yahoo.com/v8/finance/chart/VSTM?period1=1536710400&period2=1538870399&interval=1d&includePrePost=false,Verified,master decision D332,https://finance.yahoo.com/quote/VSTM/history/,https://www.stockanalysis.com/stocks/vstm/history/
TEVA,Teva Pharmaceutical Industries Limited,2018-09-14,Approval,22.21,2018-09-13,22.85,2018-09-14,2.88,23.43,,https://query1.finance.yahoo.com/v8/finance/chart/TEVA?period1=1535846400&period2=1538006399&interval=1d&includePrePost=false,Verified,master decision D333,https://finance.yahoo.com/quote/TEVA/history/,https://www.stockanalysis.com/stocks/teva/history/
AZN,AstraZeneca PLC (MedImmune/Acerta lineage),2018-09-13,Approval,75.78,2018-09-12,75.26,2018-09-13,-0.69,74.9,,https://query1.finance.yahoo.com/v8/finance/chart/AZN?period1=1535760000&period2=1537919999&interval=1d&includePrePost=false,Verified,lineage proxy per master precedent (see master row notes: decision-date symbol differs from the modern ticker); master decision D334,https://finance.yahoo.com/quote/AZN/history/,https://www.stockanalysis.com/stocks/azn/history/
ABBV,,2018-09-12,,93.18,2018-09-11,93.24,2018-09-12,0.06,96.33,,https://query1.finance.yahoo.com/v8/finance/chart/ABBV?period1=1535673600&period2=1537747200&interval=1d&includePrePost=false,Verified,,https://finance.yahoo.com/quote/ABBV/history/,https://www.stockanalysis.com/stocks/abbv/history/
TEVA,,2018-09-07,,21.75,2018-09-06,21.5,2018-09-07,-1.15,21.06,,https://query1.finance.yahoo.com/v8/finance/chart/TEVA?period1=1535241600&period2=1537315200&interval=1d&includePrePost=false,Verified,,https://finance.yahoo.com/quote/TEVA/history/,https://www.stockanalysis.com/stocks/teva/history/
ABBV,,2018-09-07,,93.74,2018-09-06,94.17,2018-09-07,0.46,93.82,,https://query1.finance.yahoo.com/v8/finance/chart/ABBV?period1=1535241600&period2=1537315200&interval=1d&includePrePost=false,Verified,,https://finance.yahoo.com/quote/ABBV/history/,https://www.stockanalysis.com/stocks/abbv/history/
MRK,"Merck & Co., Inc.",2018-08-30,Approval,65.6584,2018-08-29,65.4008,2018-08-30,-0.39,65.4485,,https://query1.finance.yahoo.com/v8/finance/chart/MRK?period1=1534550400&period2=1536710399&interval=1d&includePrePost=false,Verified,master decision D335,https://finance.yahoo.com/quote/MRK/history/,https://www.stockanalysis.com/stocks/mrk/history/
SNY,,2018-08-29,,43.6,2018-08-28,43.9,2018-08-29,0.69,43.51,,https://query1.finance.yahoo.com/v8/finance/chart/SNY?period1=1534464000&period2=1536537600&interval=1d&includePrePost=false,Verified,,https://finance.yahoo.com/quote/SNY/history/,https://www.stockanalysis.com/stocks/sny/history/
TTPH,,2018-08-27,,,,,,,,,https://query1.finance.yahoo.com/v8/finance/chart/TTPH?period1=1534291200&period2=1536364800&interval=1d&includePrePost=false,Data unavailable - acquired/delisted or pre-Yahoo coverage,fetch status: FAILED HTTPError: HTTP Error 404: Not Found,https://finance.yahoo.com/quote/TTPH/history/,https://www.stockanalysis.com/stocks/ttph/history/
DSNKY,Daiichi Sankyo Inc.,2018-08-24,CRL,12.89,2018-08-23,13.1333,2018-08-24,1.89,12.9,,https://query1.finance.yahoo.com/v8/finance/chart/DSNKY?period1=1534032000&period2=1536191999&interval=1d&includePrePost=false,Verified,,https://finance.yahoo.com/quote/DSNKY/history/,https://www.stockanalysis.com/stocks/dsnky/history/
SHPG,,2018-08-23,,,,,,,,,https://query1.finance.yahoo.com/v8/finance/chart/SHPG?period1=1533945600&period2=1536019200&interval=1d&includePrePost=false,Data unavailable - acquired/delisted or pre-Yahoo coverage,fetch status: FAILED HTTPError: HTTP Error 404: Not Found,https://finance.yahoo.com/quote/SHPG/history/,https://www.stockanalysis.com/stocks/shpg/history/
BHC,,2018-08-23,,23.3,2018-08-22,23.24,2018-08-23,-0.26,22.93,,https://query1.finance.yahoo.com/v8/finance/chart/BHC?period1=1533945600&period2=1536019200&interval=1d&includePrePost=false,Verified,,https://finance.yahoo.com/quote/BHC/history/,https://www.stockanalysis.com/stocks/bhc/history/
ALC,,2018-08-22,,,,,,,,,https://query1.finance.yahoo.com/v8/finance/chart/ALC?period1=1533859200&period2=1535932800&interval=1d&includePrePost=false,Data unavailable - acquired/delisted or pre-Yahoo coverage,fetch status: FAILED HTTPError: HTTP Error 400: Bad Request,https://finance.yahoo.com/quote/ALC/history/,https://www.stockanalysis.com/stocks/alc/history/
ALNY,"Alnylam Pharmaceuticals, Inc.",2018-08-10,Approval,94.25,2018-08-09,97.38,2018-08-10,3.32,90.95,,https://query1.finance.yahoo.com/v8/finance/chart/ALNY?period1=1532822400&period2=1534982399&interval=1d&includePrePost=false,Verified,master decision D342,https://finance.yahoo.com/quote/ALNY/history/,https://www.stockanalysis.com/stocks/alny/history/
SOLV,,2018-08-08,,,,,,,,,https://query1.finance.yahoo.com/v8/finance/chart/SOLV?period1=1532649600&period2=1534723200&interval=1d&includePrePost=false,Data unavailable - acquired/delisted or pre-Yahoo coverage,fetch status: FAILED HTTPError: HTTP Error 400: Bad Request,https://finance.yahoo.com/quote/SOLV/history/,https://www.stockanalysis.com/stocks/solv/history/
VRTX,,2018-08-07,,174.91,2018-08-06,177.51,2018-08-07,1.49,175.3,,https://query1.finance.yahoo.com/v8/finance/chart/VRTX?period1=1532563200&period2=1534636800&interval=1d&includePrePost=false,Verified,,https://finance.yahoo.com/quote/VRTX/history/,https://www.stockanalysis.com/stocks/vrtx/history/
AMRX,,2018-08-02,,19.25,2018-08-01,19.2,2018-08-02,-0.26,19.37,,https://query1.finance.yahoo.com/v8/finance/chart/AMRX?period1=1532131200&period2=1534204800&interval=1d&includePrePost=false,Verified,,https://finance.yahoo.com/quote/AMRX/history/,https://www.stockanalysis.com/stocks/amrx/history/
UTHR,,2018-07-30,,122.98,2018-07-27,120.26,2018-07-30,-2.21,122.91,,https://query1.finance.yahoo.com/v8/finance/chart/UTHR?period1=1531872000&period2=1533945600&interval=1d&includePrePost=false,Verified,,https://finance.yahoo.com/quote/UTHR/history/,https://www.stockanalysis.com/stocks/uthr/history/
INDV,,2018-07-27,,20.175,2018-07-26,21.1,2018-07-27,4.58,19.95,,https://query1.finance.yahoo.com/v8/finance/chart/INDV?period1=1531612800&period2=1533686400&interval=1d&includePrePost=false,Verified,,https://finance.yahoo.com/quote/INDV/history/,https://www.stockanalysis.com/stocks/indv/history/
RDY,"Dr. Reddy’s Laboratories, Inc",2018-07-24,CRL,5.89,2018-07-23,6.02,2018-07-24,2.21,6.084,,https://query1.finance.yahoo.com/v8/finance/chart/RDY?period1=1531353600&period2=1533513599&interval=1d&includePrePost=false,Verified,,https://finance.yahoo.com/quote/RDY/history/,https://www.stockanalysis.com/stocks/rdy/history/
PFE,,2018-07-24,,35.3036,2018-07-23,35.7685,2018-07-24,1.32,36.0436,,https://query1.finance.yahoo.com/v8/finance/chart/PFE?period1=1531353600&period2=1533427200&interval=1d&includePrePost=false,Verified,,https://finance.yahoo.com/quote/PFE/history/,https://www.stockanalysis.com/stocks/pfe/history/
ABBV,AbbVie Inc.,2018-07-23,Approval,88.91,2018-07-20,89.4,2018-07-23,0.55,91.54,,https://query1.finance.yahoo.com/v8/finance/chart/ABBV?period1=1531267200&period2=1533427199&interval=1d&includePrePost=false,Verified,master decision D346,https://finance.yahoo.com/quote/ABBV/history/,https://www.stockanalysis.com/stocks/abbv/history/
PFE,,2018-07-20,,35.4459,2018-07-19,35.4175,2018-07-20,-0.08,35.3036,,https://query1.finance.yahoo.com/v8/finance/chart/PFE?period1=1531008000&period2=1533081600&interval=1d&includePrePost=false,Verified,,https://finance.yahoo.com/quote/PFE/history/,https://www.stockanalysis.com/stocks/pfe/history/
GSK,GlaxoSmithKline,2018-07-20,Approval,40.69,2018-07-19,41.87,2018-07-20,2.9,40.94,,https://query1.finance.yahoo.com/v8/finance/chart/GSK?period1=1531008000&period2=1533167999&interval=1d&includePrePost=false,Verified,lineage proxy per master precedent (see master row notes: decision-date symbol differs from the modern ticker); master decision D534,https://finance.yahoo.com/quote/GSK/history/,https://www.stockanalysis.com/stocks/gsk/history/
AGIO,"Agios Pharmaceuticals, Inc.",2018-07-20,Approval,91.18,2018-07-19,91.06,2018-07-20,-0.13,90.24,,https://query1.finance.yahoo.com/v8/finance/chart/AGIO?period1=1531008000&period2=1533167999&interval=1d&includePrePost=false,Verified,master decision D533,https://finance.yahoo.com/quote/AGIO/history/,https://www.stockanalysis.com/stocks/agio/history/
JNJ,,2018-07-17,,124.69,2018-07-16,129.11,2018-07-17,3.54,127.8,,https://query1.finance.yahoo.com/v8/finance/chart/JNJ?period1=1530748800&period2=1532822400&interval=1d&includePrePost=false,Verified,,https://finance.yahoo.com/quote/JNJ/history/,https://www.stockanalysis.com/stocks/jnj/history/
SIGA,SIGA Technologies Inc.,2018-07-13,Approval,6.24,2018-07-12,7.35,2018-07-13,17.79,7.18,,https://query1.finance.yahoo.com/v8/finance/chart/SIGA?period1=1530403200&period2=1532563199&interval=1d&includePrePost=false,Verified,master decision D532,https://finance.yahoo.com/quote/SIGA/history/,https://www.stockanalysis.com/stocks/siga/history/
VTRS,,2018-07-10,,37.11,2018-07-09,36.67,2018-07-10,-1.19,36.15,,https://query1.finance.yahoo.com/v8/finance/chart/VTRS?period1=1530144000&period2=1532217600&interval=1d&includePrePost=false,Verified,,https://finance.yahoo.com/quote/VTRS/history/,https://www.stockanalysis.com/stocks/vtrs/history/
ALKS,,2018-06-29,,40.8,2018-06-28,41.16,2018-06-29,0.88,41.91,,https://query1.finance.yahoo.com/v8/finance/chart/ALKS?period1=1529193600&period2=1531267200&interval=1d&includePrePost=false,Verified,,https://finance.yahoo.com/quote/ALKS/history/,https://www.stockanalysis.com/stocks/alks/history/
ACAD,,2018-06-28,,15.87,2018-06-27,15.07,2018-06-28,-5.04,15.27,,https://query1.finance.yahoo.com/v8/finance/chart/ACAD?period1=1529107200&period2=1531180800&interval=1d&includePrePost=false,Verified,,https://finance.yahoo.com/quote/ACAD/history/,https://www.stockanalysis.com/stocks/acad/history/
ARRY,Array BioPharma Inc.,2018-06-27,Approval,,,,,,,,https://query1.finance.yahoo.com/v8/finance/chart/ARRY?period1=1529020800&period2=1531180799&interval=1d&includePrePost=false,Data unavailable - acquired/delisted or pre-Yahoo coverage,fetch status: FAILED HTTPError: HTTP Error 400: Bad Request (recorded in the job manifest; never retried with a successor ticker); master decision D531,https://finance.yahoo.com/quote/ARRY/history/,https://www.stockanalysis.com/stocks/arry/history/
GWPH,"GW Research, Ltd.",2018-06-25,Approval,,,,,,,,https://query1.finance.yahoo.com/v8/finance/chart/GWPH?period1=1528848000&period2=1531007999&interval=1d&includePrePost=false,Data unavailable - acquired/delisted or pre-Yahoo coverage,fetch status: FAILED HTTPError: HTTP Error 404: Not Found (recorded in the job manifest; never retried with a successor ticker); master decision D528,https://finance.yahoo.com/quote/GWPH/history/,https://www.stockanalysis.com/stocks/gwph/history/
AKAO,"Achaogen, Inc.",2018-06-25,Approval,,,,,,,,https://query1.finance.yahoo.com/v8/finance/chart/AKAO?period1=1528934400&period2=1531094399&interval=1d&includePrePost=false,Data unavailable - acquired/delisted or pre-Yahoo coverage,fetch status: FAILED HTTPError: HTTP Error 404: Not Found (recorded in the job manifest; never retried with a successor ticker); master decision D529; snapshot key re-keyed 2026-09-18 from 2018-06-26 (the fetch was queued under the pre-correction date; master D529's date was corrected to 2018-06-25 on 2026-09-17); the recorded 404 failure is preserved verbatim,https://finance.yahoo.com/quote/AKAO/history/,https://www.stockanalysis.com/stocks/akao/history/
VTRS,,2018-06-04,,38.84,2018-06-01,38.5,2018-06-04,-0.88,39.98,,https://query1.finance.yahoo.com/v8/finance/chart/VTRS?period1=1527033600&period2=1529107200&interval=1d&includePrePost=false,Verified,,https://finance.yahoo.com/quote/VTRS/history/,https://www.stockanalysis.com/stocks/vtrs/history/
LLY,Eli Lilly and Company,2018-05-31,Approval,83.86,2018-05-30,85.04,2018-05-31,1.41,84.85,,https://query1.finance.yahoo.com/v8/finance/chart/LLY?period1=1526688000&period2=1528847999&interval=1d&includePrePost=false,Verified,master decision D526,https://finance.yahoo.com/quote/LLY/history/,https://www.stockanalysis.com/stocks/lly/history/
AMGN,Amgen Inc.,2018-05-25,CRL,177.96,2018-05-24,178.24,2018-05-25,0.16,177.44,,https://query1.finance.yahoo.com/v8/finance/chart/AMGN?period1=1526169600&period2=1528329599&interval=1d&includePrePost=false,Verified,,https://finance.yahoo.com/quote/AMGN/history/,https://www.stockanalysis.com/stocks/amgn/history/
BMRN,"BioMarin Pharmaceutical, Inc.",2018-05-24,Approval,88.46,2018-05-23,88.28,2018-05-24,-0.2,92.49,,https://query1.finance.yahoo.com/v8/finance/chart/BMRN?period1=1526083200&period2=1528243199&interval=1d&includePrePost=false,Verified,master decision D525,https://finance.yahoo.com/quote/BMRN/history/,https://www.stockanalysis.com/stocks/bmrn/history/
ALPMY,,2018-05-24,,14.92,2018-05-23,15.22,2018-05-24,2.01,15.2,,https://query1.finance.yahoo.com/v8/finance/chart/ALPMY?period1=1526083200&period2=1528156800&interval=1d&includePrePost=false,Verified,,https://finance.yahoo.com/quote/ALPMY/history/,https://www.stockanalysis.com/stocks/alpmy/history/
DOVA,"Dova Pharmaceuticals, Inc.",2018-05-21,Approval,,,,,,,,https://query1.finance.yahoo.com/v8/finance/chart/DOVA?period1=1525824000&period2=1527983999&interval=1d&includePrePost=false,Data unavailable - acquired/delisted or pre-Yahoo coverage,fetch status: FAILED HTTPError: HTTP Error 404: Not Found (recorded in the job manifest; never retried with a successor ticker); master decision D524,https://finance.yahoo.com/quote/DOVA/history/,https://www.stockanalysis.com/stocks/dova/history/
AZN,AstraZeneca PLC,2018-05-18,Approval,72.88,2018-05-17,72.66,2018-05-18,-0.3,73.58,,https://query1.finance.yahoo.com/v8/finance/chart/AZN?period1=1525564800&period2=1527724799&interval=1d&includePrePost=false,Verified,lineage proxy per master precedent (see master row notes: decision-date symbol differs from the modern ticker); master decision D952,https://finance.yahoo.com/quote/AZN/history/,https://www.stockanalysis.com/stocks/azn/history/
AMGN,Amgen Inc.,2018-05-17,Approval,173.8,2018-05-16,174.65,2018-05-17,0.49,176.3,,https://query1.finance.yahoo.com/v8/finance/chart/AMGN?period1=1525478400&period2=1527638399&interval=1d&includePrePost=false,Verified,master decision D951,https://finance.yahoo.com/quote/AMGN/history/,https://www.stockanalysis.com/stocks/amgn/history/
PFE,,2018-05-15,,34.0228,2018-05-14,33.8615,2018-05-15,-0.47,33.852,,https://query1.finance.yahoo.com/v8/finance/chart/PFE?period1=1525305600&period2=1527379200&interval=1d&includePrePost=false,Verified,,https://finance.yahoo.com/quote/PFE/history/,https://www.stockanalysis.com/stocks/pfe/history/
EOLS,"Evolus, Inc.",2018-05-15,CRL,13.72,2018-05-14,14.65,2018-05-15,6.78,10.7,,https://query1.finance.yahoo.com/v8/finance/chart/EOLS?period1=1525305600&period2=1527465599&interval=1d&includePrePost=false,Verified,,https://finance.yahoo.com/quote/EOLS/history/,https://www.stockanalysis.com/stocks/eols/history/
EGRX,,2018-05-15,,64.52,2018-05-14,66,2018-05-15,2.29,67.73,,https://query1.finance.yahoo.com/v8/finance/chart/EGRX?period1=1525305600&period2=1527379200&interval=1d&includePrePost=false,Verified,,https://finance.yahoo.com/quote/EGRX/history/,https://www.stockanalysis.com/stocks/egrx/history/
PFE,Pfizer Inc.,2018-04-20,CRL,34.6584,2018-04-19,34.7533,2018-04-20,0.27,34.9146,,https://query1.finance.yahoo.com/v8/finance/chart/PFE?period1=1523145600&period2=1525305599&interval=1d&includePrePost=false,Verified,,https://finance.yahoo.com/quote/PFE/history/,https://www.stockanalysis.com/stocks/pfe/history/
RIGL,Rigel Pharmaceuticals,2018-04-17,Approval,37.3,2018-04-16,41.1,2018-04-17,10.19,38.8,,https://query1.finance.yahoo.com/v8/finance/chart/RIGL?period1=1522886400&period2=1525046399&interval=1d&includePrePost=false,Verified,master decision D948,https://finance.yahoo.com/quote/RIGL/history/,https://www.stockanalysis.com/stocks/rigl/history/
RARE,Ultragenyx Pharmaceutical (US)/Kyowa Kirin,2018-04-17,Approval,53.82,2018-04-16,54.68,2018-04-17,1.6,54.91,,https://query1.finance.yahoo.com/v8/finance/chart/RARE?period1=1522886400&period2=1525046399&interval=1d&includePrePost=false,Verified,master decision D947,https://finance.yahoo.com/quote/RARE/history/,https://www.stockanalysis.com/stocks/rare/history/
VTRS,,2018-03-22,,41.16,2018-03-21,39.87,2018-03-22,-3.13,38.87,,https://query1.finance.yahoo.com/v8/finance/chart/VTRS?period1=1520640000&period2=1522713600&interval=1d&includePrePost=false,Verified,,https://finance.yahoo.com/quote/VTRS/history/,https://www.stockanalysis.com/stocks/vtrs/history/
PFE,Pfizer Inc.,2018-03-19,CRL,34.8956,2018-03-16,34.4687,2018-03-19,-1.22,34.4687,,https://query1.finance.yahoo.com/v8/finance/chart/PFE?period1=1520380800&period2=1522540799&interval=1d&includePrePost=false,Verified,,https://finance.yahoo.com/quote/PFE/history/,https://www.stockanalysis.com/stocks/pfe/history/
VTRS,,2018-02-28,,41.11,2018-02-27,40.32,2018-02-28,-1.92,40.69,,https://query1.finance.yahoo.com/v8/finance/chart/VTRS?period1=1518739200&period2=1520812800&interval=1d&includePrePost=false,Verified,,https://finance.yahoo.com/quote/VTRS/history/,https://www.stockanalysis.com/stocks/vtrs/history/
SCLX,,2018-02-28,,,,,,,,,https://query1.finance.yahoo.com/v8/finance/chart/SCLX?period1=1518739200&period2=1520812800&interval=1d&includePrePost=false,Data unavailable - acquired/delisted or pre-Yahoo coverage,fetch status: FAILED HTTPError: HTTP Error 400: Bad Request,https://finance.yahoo.com/quote/SCLX/history/,https://www.stockanalysis.com/stocks/sclx/history/
LLY,,2018-02-26,,78.75,2018-02-23,80.18,2018-02-26,1.82,78.7,,https://query1.finance.yahoo.com/v8/finance/chart/LLY?period1=1518566400&period2=1520640000&interval=1d&includePrePost=false,Verified,,https://finance.yahoo.com/quote/LLY/history/,https://www.stockanalysis.com/stocks/lly/history/
ZVRA,,2018-02-23,,84.192,2018-02-22,96,2018-02-23,14.03,94.4,,https://query1.finance.yahoo.com/v8/finance/chart/ZVRA?period1=1518307200&period2=1520380800&interval=1d&includePrePost=false,Verified,,https://finance.yahoo.com/quote/ZVRA/history/,https://www.stockanalysis.com/stocks/zvra/history/
PFE,Pfizer Inc.,2018-02-22,CRL,33.9279,2018-02-21,33.9089,2018-02-22,-0.06,34.4023,,https://query1.finance.yahoo.com/v8/finance/chart/PFE?period1=1518220800&period2=1520380799&interval=1d&includePrePost=false,Verified,,https://finance.yahoo.com/quote/PFE/history/,https://www.stockanalysis.com/stocks/pfe/history/
SUPN,,2018-02-16,,39.15,2018-02-15,38.35,2018-02-16,-2.04,37.25,,https://query1.finance.yahoo.com/v8/finance/chart/SUPN?period1=1517702400&period2=1519776000&interval=1d&includePrePost=false,Verified,,https://finance.yahoo.com/quote/SUPN/history/,https://www.stockanalysis.com/stocks/supn/history/
JNJ,Janssen Pharmaceutica (Johnson & Johnson),2018-02-14,Approval,129.96,2018-02-13,129.67,2018-02-14,-0.22,131.23,,https://query1.finance.yahoo.com/v8/finance/chart/JNJ?period1=1517529600&period2=1519689599&interval=1d&includePrePost=false,Verified,master decision D944,https://finance.yahoo.com/quote/JNJ/history/,https://www.stockanalysis.com/stocks/jnj/history/
VRTX,Vertex Pharmaceuticals,2018-02-12,Approval,152.96,2018-02-09,152.01,2018-02-12,-0.62,154.14,,https://query1.finance.yahoo.com/v8/finance/chart/VRTX?period1=1517356800&period2=1519516799&interval=1d&includePrePost=false,Verified,master decision D943,https://finance.yahoo.com/quote/VRTX/history/,https://www.stockanalysis.com/stocks/vrtx/history/
GILD,Gilead Sciences,2018-02-07,Approval,80.38,2018-02-06,82.76,2018-02-07,2.96,78.22,,https://query1.finance.yahoo.com/v8/finance/chart/GILD?period1=1516924800&period2=1519084799&interval=1d&includePrePost=false,Verified,master decision D942,https://finance.yahoo.com/quote/GILD/history/,https://www.stockanalysis.com/stocks/gild/history/
VTRS,,2018-02-05,,42.1,2018-02-02,40.33,2018-02-05,-4.2,40.98,,https://query1.finance.yahoo.com/v8/finance/chart/VTRS?period1=1516752000&period2=1518825600&interval=1d&includePrePost=false,Verified,,https://finance.yahoo.com/quote/VTRS/history/,https://www.stockanalysis.com/stocks/vtrs/history/
FSNUY,,2018-01-26,,21.52,2018-01-25,21.78,2018-01-26,1.21,21.81,,https://query1.finance.yahoo.com/v8/finance/chart/FSNUY?period1=1515888000&period2=1517961600&interval=1d&includePrePost=false,Verified,,https://finance.yahoo.com/quote/FSNUY/history/,https://www.stockanalysis.com/stocks/fsnuy/history/
BLCO,,2017-12-22,,,,,,,,,https://query1.finance.yahoo.com/v8/finance/chart/BLCO?period1=1512864000&period2=1514937600&interval=1d&includePrePost=false,Data unavailable - acquired/delisted or pre-Yahoo coverage,fetch status: FAILED HTTPError: HTTP Error 400: Bad Request,https://finance.yahoo.com/quote/BLCO/history/,https://www.stockanalysis.com/stocks/blco/history/
LJPC,La Jolla Pharmaceutical Company,2017-12-21,Approval,,,,,,,,https://query1.finance.yahoo.com/v8/finance/chart/LJPC?period1=1512777600&period2=1514937599&interval=1d&includePrePost=false,Data unavailable - acquired/delisted or pre-Yahoo coverage,fetch status: FAILED HTTPError: HTTP Error 404: Not Found (recorded in the job manifest; never retried with a successor ticker); master decision D479,https://finance.yahoo.com/quote/LJPC/history/,https://www.stockanalysis.com/stocks/ljpc/history/
BAX,,2017-12-21,,65.29,2017-12-20,64.53,2017-12-21,-1.16,64.72,,https://query1.finance.yahoo.com/v8/finance/chart/BAX?period1=1512777600&period2=1514851200&interval=1d&includePrePost=false,Verified,,https://finance.yahoo.com/quote/BAX/history/,https://www.stockanalysis.com/stocks/bax/history/
AGRX,"Agile Therapeutics, Inc.",2017-12-21,CRL,,,,,,,,https://query1.finance.yahoo.com/v8/finance/chart/AGRX?period1=1512777600&period2=1514937599&interval=1d&includePrePost=false,Data unavailable - acquired/delisted or pre-Yahoo coverage,fetch status: FAILED HTTPError: HTTP Error 404: Not Found (recorded in the job manifest; never retried with a successor ticker),https://finance.yahoo.com/quote/AGRX/history/,https://www.stockanalysis.com/stocks/agrx/history/
AEZS,Aeterna Zentaris Inc.,2017-12-20,Approval,,,,,,,,https://query1.finance.yahoo.com/v8/finance/chart/AEZS?period1=1512691200&period2=1514851199&interval=1d&includePrePost=false,Data unavailable - acquired/delisted or pre-Yahoo coverage,fetch status: FAILED HTTPError: HTTP Error 404: Not Found (recorded in the job manifest; never retried with a successor ticker); master decision D480,https://finance.yahoo.com/quote/AEZS/history/,https://www.stockanalysis.com/stocks/aezs/history/
MRK,"Merck & Co., Inc. (co-commercialized with Pfizer)",2017-12-19,Approval,53.645,2017-12-18,53.6546,2017-12-19,0.02,53.5401,,https://query1.finance.yahoo.com/v8/finance/chart/MRK?period1=1512604800&period2=1514764799&interval=1d&includePrePost=false,Verified,master decision D481,https://finance.yahoo.com/quote/MRK/history/,https://www.stockanalysis.com/stocks/mrk/history/
AERI,"Aerie Pharmaceuticals, Inc. (acquired by Alcon/Novartis 2022)",2017-12-18,Approval,,,,,,,,https://query1.finance.yahoo.com/v8/finance/chart/AERI?period1=1512518400&period2=1514678399&interval=1d&includePrePost=false,Data unavailable - acquired/delisted or pre-Yahoo coverage,fetch status: FAILED HTTPError: HTTP Error 404: Not Found (recorded in the job manifest; never retried with a successor ticker); master decision D482,https://finance.yahoo.com/quote/AERI/history/,https://www.stockanalysis.com/stocks/aeri/history/
PFE,,2017-12-13,,34.7059,2017-12-12,34.7628,2017-12-13,0.16,34.592,,https://query1.finance.yahoo.com/v8/finance/chart/PFE?period1=1512086400&period2=1514160000&interval=1d&includePrePost=false,Verified,,https://finance.yahoo.com/quote/PFE/history/,https://www.stockanalysis.com/stocks/pfe/history/
SNY,,2017-12-11,,43.24,2017-12-08,43.7,2017-12-11,1.06,43.96,,https://query1.finance.yahoo.com/v8/finance/chart/SNY?period1=1511913600&period2=1513987200&interval=1d&includePrePost=false,Verified,,https://finance.yahoo.com/quote/SNY/history/,https://www.stockanalysis.com/stocks/sny/history/
NVO,Novo Nordisk A/S,2017-12-05,Approval,25.52,2017-12-04,25.35,2017-12-05,-0.67,26.035,,https://query1.finance.yahoo.com/v8/finance/chart/NVO?period1=1511395200&period2=1513555199&interval=1d&includePrePost=false,Verified,lineage proxy per master precedent (see master row notes: decision-date symbol differs from the modern ticker); master decision D483,https://finance.yahoo.com/quote/NVO/history/,https://www.stockanalysis.com/stocks/nvo/history/
VTRS,,2017-12-01,,36.53,2017-11-30,38.12,2017-12-01,4.35,37.44,,https://query1.finance.yahoo.com/v8/finance/chart/VTRS?period1=1511049600&period2=1513123200&interval=1d&includePrePost=false,Verified,,https://finance.yahoo.com/quote/VTRS/history/,https://www.stockanalysis.com/stocks/vtrs/history/
INDV,,2017-11-30,,24.25,2017-11-29,24.25,2017-11-30,0.0,26.15,,https://query1.finance.yahoo.com/v8/finance/chart/INDV?period1=1510963200&period2=1513036800&interval=1d&includePrePost=false,Verified,,https://finance.yahoo.com/quote/INDV/history/,https://www.stockanalysis.com/stocks/indv/history/
FSNUY,,2017-11-21,,18.48,2017-11-20,18.39,2017-11-21,-0.49,18.39,,https://query1.finance.yahoo.com/v8/finance/chart/FSNUY?period1=1510185600&period2=1512259200&interval=1d&includePrePost=false,Verified,,https://finance.yahoo.com/quote/FSNUY/history/,https://www.stockanalysis.com/stocks/fsnuy/history/
RHHBY,"Genentech, Inc. (Roche group / Chugai)",2017-11-16,Approval,28.73,2017-11-15,28.9,2017-11-16,0.59,29.1,,https://query1.finance.yahoo.com/v8/finance/chart/RHHBY?period1=1509753600&period2=1511913599&interval=1d&includePrePost=false,Verified,lineage proxy per master precedent (see master row notes: decision-date symbol differs from the modern ticker); master decision D484,https://finance.yahoo.com/quote/RHHBY/history/,https://www.stockanalysis.com/stocks/rhhby/history/
RARE,Ultragenyx Pharmaceutical Inc.,2017-11-15,Approval,45.55,2017-11-14,47.32,2017-11-15,3.89,48.22,,https://query1.finance.yahoo.com/v8/finance/chart/RARE?period1=1509667200&period2=1511827199&interval=1d&includePrePost=false,Verified,master decision D586,https://finance.yahoo.com/quote/RARE/history/,https://www.stockanalysis.com/stocks/rare/history/
AZN,AstraZeneca PLC,2017-11-14,Approval,65.82,2017-11-13,66.5,2017-11-14,1.03,66.78,,https://query1.finance.yahoo.com/v8/finance/chart/AZN?period1=1509580800&period2=1511740799&interval=1d&includePrePost=false,Verified,lineage proxy per master precedent (see master row notes: decision-date symbol differs from the modern ticker); master decision D485,https://finance.yahoo.com/quote/AZN/history/,https://www.stockanalysis.com/stocks/azn/history/
HRTX,,2017-11-09,,16.9,2017-11-08,17.35,2017-11-09,2.66,16.35,,https://query1.finance.yahoo.com/v8/finance/chart/HRTX?period1=1509148800&period2=1511222400&interval=1d&includePrePost=false,Verified,,https://finance.yahoo.com/quote/HRTX/history/,https://www.stockanalysis.com/stocks/hrtx/history/
MRK,"Merck & Co., Inc.",2017-11-08,Approval,53.0439,2017-11-07,53.9885,2017-11-08,1.78,53.6355,,https://query1.finance.yahoo.com/v8/finance/chart/MRK?period1=1509062400&period2=1511222399&interval=1d&includePrePost=false,Verified,master decision D486,https://finance.yahoo.com/quote/MRK/history/,https://www.stockanalysis.com/stocks/mrk/history/
FSNUY,,2017-11-06,,20.28,2017-11-03,20.19,2017-11-06,-0.44,20.23,,https://query1.finance.yahoo.com/v8/finance/chart/FSNUY?period1=1508889600&period2=1510963200&interval=1d&includePrePost=false,Verified,,https://finance.yahoo.com/quote/FSNUY/history/,https://www.stockanalysis.com/stocks/fsnuy/history/
PFE,Pfizer Inc.,2017-11-03,CRL,33.6433,2017-11-02,33.7287,2017-11-03,0.25,33.5104,,https://query1.finance.yahoo.com/v8/finance/chart/PFE?period1=1508630400&period2=1510790399&interval=1d&includePrePost=false,Verified,,https://finance.yahoo.com/quote/PFE/history/,https://www.stockanalysis.com/stocks/pfe/history/
BHC,Bausch Health Companies Inc. (Bausch + Lomb),2017-11-02,Approval,11.93,2017-11-01,11.06,2017-11-02,-7.29,11.49,,https://query1.finance.yahoo.com/v8/finance/chart/BHC?period1=1508544000&period2=1510703999&interval=1d&includePrePost=false,Verified,master decision D487,https://finance.yahoo.com/quote/BHC/history/,https://www.stockanalysis.com/stocks/bhc/history/
AZN,AstraZeneca PLC,2017-10-31,Approval,67.54,2017-10-30,69,2017-10-31,2.16,69.12,,https://query1.finance.yahoo.com/v8/finance/chart/AZN?period1=1508371200&period2=1510531199&interval=1d&includePrePost=false,Verified,lineage proxy per master precedent (see master row notes: decision-date symbol differs from the modern ticker); master decision D488,https://finance.yahoo.com/quote/AZN/history/,https://www.stockanalysis.com/stocks/azn/history/
TEVA,Teva Pharmaceutical Industries Ltd.,2017-10-26,CRL,13.93,2017-10-25,13.69,2017-10-26,-1.72,13.32,,https://query1.finance.yahoo.com/v8/finance/chart/TEVA?period1=1507939200&period2=1510099199&interval=1d&includePrePost=false,Verified,,https://finance.yahoo.com/quote/TEVA/history/,https://www.stockanalysis.com/stocks/teva/history/
AZN,,2017-10-20,,69.42,2017-10-19,69.24,2017-10-20,-0.26,68.78,,https://query1.finance.yahoo.com/v8/finance/chart/AZN?period1=1507420800&period2=1509494400&interval=1d&includePrePost=false,Verified,,https://finance.yahoo.com/quote/AZN/history/,https://www.stockanalysis.com/stocks/azn/history/
VTRS,,2017-10-11,,38.45,2017-10-10,38.29,2017-10-11,-0.42,37.76,,https://query1.finance.yahoo.com/v8/finance/chart/VTRS?period1=1506643200&period2=1508716800&interval=1d&includePrePost=false,Verified,,https://finance.yahoo.com/quote/VTRS/history/,https://www.stockanalysis.com/stocks/vtrs/history/
NVO,,2017-09-29,,24.035,2017-09-28,24.075,2017-09-29,0.17,24.455,,https://query1.finance.yahoo.com/v8/finance/chart/NVO?period1=1505606400&period2=1507680000&interval=1d&includePrePost=false,Verified,,https://finance.yahoo.com/quote/NVO/history/,https://www.stockanalysis.com/stocks/nvo/history/
LLY,Eli Lilly and Company,2017-09-28,Approval,84.65,2017-09-27,85,2017-09-28,0.41,85.54,,https://query1.finance.yahoo.com/v8/finance/chart/LLY?period1=1505520000&period2=1507679999&interval=1d&includePrePost=false,Verified,master decision D489,https://finance.yahoo.com/quote/LLY/history/,https://www.stockanalysis.com/stocks/lly/history/
GSK,,2017-09-18,,40.24,2017-09-15,40.05,2017-09-18,-0.47,39.92,,https://query1.finance.yahoo.com/v8/finance/chart/GSK?period1=1504656000&period2=1506729600&interval=1d&includePrePost=false,Verified,,https://finance.yahoo.com/quote/GSK/history/,https://www.stockanalysis.com/stocks/gsk/history/
BAYRY,Bayer AG,2017-09-14,Approval,33.1675,2017-09-13,33.34,2017-09-14,0.52,32.9625,,https://query1.finance.yahoo.com/v8/finance/chart/BAYRY?period1=1504310400&period2=1506470399&interval=1d&includePrePost=false,Verified,master decision D491,https://finance.yahoo.com/quote/BAYRY/history/,https://www.stockanalysis.com/stocks/bayry/history/
AMGN,,2017-09-14,,189.7,2017-09-13,189.44,2017-09-14,-0.14,187.47,,https://query1.finance.yahoo.com/v8/finance/chart/AMGN?period1=1504310400&period2=1506384000&interval=1d&includePrePost=false,Verified,,https://finance.yahoo.com/quote/AMGN/history/,https://www.stockanalysis.com/stocks/amgn/history/
JNJ,,2017-09-05,,131.03,2017-09-01,129.9,2017-09-05,-0.86,130.67,,https://query1.finance.yahoo.com/v8/finance/chart/JNJ?period1=1503532800&period2=1505606400&interval=1d&includePrePost=false,Verified,,https://finance.yahoo.com/quote/JNJ/history/,https://www.stockanalysis.com/stocks/jnj/history/
PFE,,2017-09-01,,32.1822,2017-08-31,32.2201,2017-09-01,0.12,32.0683,,https://query1.finance.yahoo.com/v8/finance/chart/PFE?period1=1503187200&period2=1505260800&interval=1d&includePrePost=false,Verified,,https://finance.yahoo.com/quote/PFE/history/,https://www.stockanalysis.com/stocks/pfe/history/
TEVA,,2017-08-30,,15.77,2017-08-29,15.46,2017-08-30,-1.97,15.86,,https://query1.finance.yahoo.com/v8/finance/chart/TEVA?period1=1503014400&period2=1505088000&interval=1d&includePrePost=false,Verified,,https://finance.yahoo.com/quote/TEVA/history/,https://www.stockanalysis.com/stocks/teva/history/
MDCO,The Medicines Company (MDCO),2017-08-29,Approval,,,,,,,,https://query1.finance.yahoo.com/v8/finance/chart/MDCO?period1=1502928000&period2=1505087999&interval=1d&includePrePost=false,Data unavailable - acquired/delisted or pre-Yahoo coverage,fetch status: FAILED HTTPError: HTTP Error 404: Not Found (recorded in the job manifest; never retried with a successor ticker); master decision D492,https://finance.yahoo.com/quote/MDCO/history/,https://www.stockanalysis.com/stocks/mdco/history/
SUPN,,2017-08-24,,45,2017-08-23,45,2017-08-24,0.0,43.95,,https://query1.finance.yahoo.com/v8/finance/chart/SUPN?period1=1502496000&period2=1504569600&interval=1d&includePrePost=false,Verified,,https://finance.yahoo.com/quote/SUPN/history/,https://www.stockanalysis.com/stocks/supn/history/
PFE,Pfizer Inc.,2017-08-17,Approval,31.6509,2017-08-16,31.2619,2017-08-17,-1.23,30.9962,,https://query1.finance.yahoo.com/v8/finance/chart/PFE?period1=1501891200&period2=1504051199&interval=1d&includePrePost=false,Verified,master decision D493,https://finance.yahoo.com/quote/PFE/history/,https://www.stockanalysis.com/stocks/pfe/history/
AZN,,2017-08-17,,58.36,2017-08-16,58.16,2017-08-17,-0.34,58.24,,https://query1.finance.yahoo.com/v8/finance/chart/AZN?period1=1501891200&period2=1503964800&interval=1d&includePrePost=false,Verified,,https://finance.yahoo.com/quote/AZN/history/,https://www.stockanalysis.com/stocks/azn/history/
JAZZ,,2017-08-03,,150.41,2017-08-02,154.41,2017-08-03,2.66,155.6,,https://query1.finance.yahoo.com/v8/finance/chart/JAZZ?period1=1500681600&period2=1502755200&interval=1d&includePrePost=false,Verified,,https://finance.yahoo.com/quote/JAZZ/history/,https://www.stockanalysis.com/stocks/jazz/history/
ABBV,AbbVie Inc.,2017-08-03,Approval,70.71,2017-08-02,70.99,2017-08-03,0.4,70.99,,https://query1.finance.yahoo.com/v8/finance/chart/ABBV?period1=1500681600&period2=1502841599&interval=1d&includePrePost=false,Verified,master decision D494,https://finance.yahoo.com/quote/ABBV/history/,https://www.stockanalysis.com/stocks/abbv/history/
CELG,Celgene Corporation (acquired by Bristol Myers Squibb 2019),2017-08-01,Approval,,,,,,,,https://query1.finance.yahoo.com/v8/finance/chart/CELG?period1=1500508800&period2=1502668799&interval=1d&includePrePost=false,Data unavailable - acquired/delisted or pre-Yahoo coverage,fetch status: FAILED HTTPError: HTTP Error 404: Not Found (recorded in the job manifest; never retried with a successor ticker); master decision D495,https://finance.yahoo.com/quote/CELG/history/,https://www.stockanalysis.com/stocks/celg/history/
GSK,,2017-07-20,,42.42,2017-07-19,42.77,2017-07-20,0.83,42.66,,https://query1.finance.yahoo.com/v8/finance/chart/GSK?period1=1499472000&period2=1501545600&interval=1d&includePrePost=false,Verified,,https://finance.yahoo.com/quote/GSK/history/,https://www.stockanalysis.com/stocks/gsk/history/
GILD,"Gilead Sciences, Inc.",2017-07-18,Approval,71.15,2017-07-17,71.69,2017-07-18,0.76,72.72,,https://query1.finance.yahoo.com/v8/finance/chart/GILD?period1=1499299200&period2=1501459199&interval=1d&includePrePost=false,Verified,master decision D496,https://finance.yahoo.com/quote/GILD/history/,https://www.stockanalysis.com/stocks/gild/history/
PBYI,"Puma Biotechnology, Inc.",2017-07-17,Approval,89.55,2017-07-14,86.1,2017-07-17,-3.85,93.45,,https://query1.finance.yahoo.com/v8/finance/chart/PBYI?period1=1499212800&period2=1501372799&interval=1d&includePrePost=false,Verified,master decision D497,https://finance.yahoo.com/quote/PBYI/history/,https://www.stockanalysis.com/stocks/pbyi/history/
JNJ,Johnson & Johnson (Janssen Biotech),2017-07-13,Approval,132.23,2017-07-12,131.86,2017-07-13,-0.28,132.6,,https://query1.finance.yahoo.com/v8/finance/chart/JNJ?period1=1498867200&period2=1501027199&interval=1d&includePrePost=false,Verified,master decision D498,https://finance.yahoo.com/quote/JNJ/history/,https://www.stockanalysis.com/stocks/jnj/history/
AMGN,Amgen Inc.,2017-07-13,CRL,173.27,2017-07-12,175.04,2017-07-13,1.02,177.13,,https://query1.finance.yahoo.com/v8/finance/chart/AMGN?period1=1498867200&period2=1501027199&interval=1d&includePrePost=false,Verified,,https://finance.yahoo.com/quote/AMGN/history/,https://www.stockanalysis.com/stocks/amgn/history/
OCUL,"Ocular Therapeutix, Inc.",2017-07-10,CRL,7.12,2017-07-07,6.49,2017-07-10,-8.85,7.6,,https://query1.finance.yahoo.com/v8/finance/chart/OCUL?period1=1498608000&period2=1500767999&interval=1d&includePrePost=false,Verified,,https://finance.yahoo.com/quote/OCUL/history/,https://www.stockanalysis.com/stocks/ocul/history/
PTLA,"Portola Pharmaceuticals, Inc. (acquired by Alexion/AstraZeneca 2020)",2017-06-23,Approval,,,,,,,,https://query1.finance.yahoo.com/v8/finance/chart/PTLA?period1=1497139200&period2=1499299199&interval=1d&includePrePost=false,Data unavailable - acquired/delisted or pre-Yahoo coverage,fetch status: FAILED HTTPError: HTTP Error 404: Not Found (recorded in the job manifest; never retried with a successor ticker); master decision D499,https://finance.yahoo.com/quote/PTLA/history/,https://www.stockanalysis.com/stocks/ptla/history/
TAK,,2017-06-20,,25.59,2017-06-19,25.39,2017-06-20,-0.78,25.59,,https://query1.finance.yahoo.com/v8/finance/chart/TAK?period1=1496880000&period2=1498953600&interval=1d&includePrePost=false,Verified,,https://finance.yahoo.com/quote/TAK/history/,https://www.stockanalysis.com/stocks/tak/history/
MLNT,"Melinta Therapeutics, Inc.",2017-06-19,Approval,,,,,,,,https://query1.finance.yahoo.com/v8/finance/chart/MLNT?period1=1496793600&period2=1498953599&interval=1d&includePrePost=false,Data unavailable - acquired/delisted or pre-Yahoo coverage,fetch status: FAILED HTTPError: HTTP Error 404: Not Found (recorded in the job manifest; never retried with a successor ticker); master decision D500,https://finance.yahoo.com/quote/MLNT/history/,https://www.stockanalysis.com/stocks/mlnt/history/
FSNUY,,2017-06-15,,22.15,2017-06-14,21.9,2017-06-15,-1.13,22.28,,https://query1.finance.yahoo.com/v8/finance/chart/FSNUY?period1=1496448000&period2=1498521600&interval=1d&includePrePost=false,Verified,,https://finance.yahoo.com/quote/FSNUY/history/,https://www.stockanalysis.com/stocks/fsnuy/history/
ADMP,,2017-06-15,,,,,,,,,https://query1.finance.yahoo.com/v8/finance/chart/ADMP?period1=1496448000&period2=1498521600&interval=1d&includePrePost=false,Data unavailable - acquired/delisted or pre-Yahoo coverage,fetch status: FAILED HTTPError: HTTP Error 404: Not Found,https://finance.yahoo.com/quote/ADMP/history/,https://www.stockanalysis.com/stocks/admp/history/
CHRS,"Coherus BioSciences, Inc.",2017-06-09,CRL,22.7,2017-06-08,20.65,2017-06-09,-9.03,15.725,,https://query1.finance.yahoo.com/v8/finance/chart/CHRS?period1=1495929600&period2=1498089599&interval=1d&includePrePost=false,Verified,,https://finance.yahoo.com/quote/CHRS/history/,https://www.stockanalysis.com/stocks/chrs/history/
ABBV,,2017-06-07,,67.87,2017-06-06,68.75,2017-06-07,1.3,68.76,,https://query1.finance.yahoo.com/v8/finance/chart/ABBV?period1=1495756800&period2=1497830400&interval=1d&includePrePost=false,Verified,,https://finance.yahoo.com/quote/ABBV/history/,https://www.stockanalysis.com/stocks/abbv/history/
UTHR,United Therapeutics Corporation,2017-06-02,CRL,125.92,2017-06-01,127.64,2017-06-02,1.37,126.05,,https://query1.finance.yahoo.com/v8/finance/chart/UTHR?period1=1495324800&period2=1497484799&interval=1d&includePrePost=false,Verified,,https://finance.yahoo.com/quote/UTHR/history/,https://www.stockanalysis.com/stocks/uthr/history/
TEVA,Teva Pharmaceutical Industries Ltd.,2017-06-02,CRL,29.01,2017-06-01,29.03,2017-06-02,0.07,28.99,,https://query1.finance.yahoo.com/v8/finance/chart/TEVA?period1=1495324800&period2=1497484799&interval=1d&includePrePost=false,Verified,,https://finance.yahoo.com/quote/TEVA/history/,https://www.stockanalysis.com/stocks/teva/history/
HROW,,2017-05-30,,3.34,2017-05-26,3.12,2017-05-30,-6.59,3.12,,https://query1.finance.yahoo.com/v8/finance/chart/HROW?period1=1495065600&period2=1497139200&interval=1d&includePrePost=false,Verified,,https://finance.yahoo.com/quote/HROW/history/,https://www.stockanalysis.com/stocks/hrow/history/
REGN,"Regeneron Pharmaceuticals, Inc. (with Sanofi)",2017-05-22,Approval,450.01,2017-05-19,460.99,2017-05-22,2.44,461.37,,https://query1.finance.yahoo.com/v8/finance/chart/REGN?period1=1494374400&period2=1496534399&interval=1d&includePrePost=false,Verified,master decision D501,https://finance.yahoo.com/quote/REGN/history/,https://www.stockanalysis.com/stocks/regn/history/
NVS,,2017-05-18,,71.5591,2017-05-17,71.7563,2017-05-18,0.28,72.0609,,https://query1.finance.yahoo.com/v8/finance/chart/NVS?period1=1494028800&period2=1496102400&interval=1d&includePrePost=false,Verified,,https://finance.yahoo.com/quote/NVS/history/,https://www.stockanalysis.com/stocks/nvs/history/
TXMD,"TherapeuticsMD, Inc.",2017-05-05,CRL,225.5,2017-05-04,233.5,2017-05-05,3.55,209,,https://query1.finance.yahoo.com/v8/finance/chart/TXMD?period1=1492905600&period2=1495065599&interval=1d&includePrePost=false,Verified,,https://finance.yahoo.com/quote/TXMD/history/,https://www.stockanalysis.com/stocks/txmd/history/
NVS,,2017-05-04,,69.5251,2017-05-03,69.7222,2017-05-04,0.28,69.7312,,https://query1.finance.yahoo.com/v8/finance/chart/NVS?period1=1492819200&period2=1494892800&interval=1d&includePrePost=false,Verified,,https://finance.yahoo.com/quote/NVS/history/,https://www.stockanalysis.com/stocks/nvs/history/
AZN,AstraZeneca PLC,2017-05-01,Approval,60.5,2017-04-28,60.54,2017-05-01,0.07,61.4,,https://query1.finance.yahoo.com/v8/finance/chart/AZN?period1=1492560000&period2=1494719999&interval=1d&includePrePost=false,Verified,lineage proxy per master precedent (see master row notes: decision-date symbol differs from the modern ticker); master decision D503,https://finance.yahoo.com/quote/AZN/history/,https://www.stockanalysis.com/stocks/azn/history/
TAK,Takeda Pharmaceutical Company Limited (acquired ARIAD Pharmaceuticals Feb 2017),2017-04-28,Approval,23.98,2017-04-27,24.83,2017-04-28,3.54,24.05,,https://query1.finance.yahoo.com/v8/finance/chart/TAK?period1=1492300800&period2=1494460799&interval=1d&includePrePost=false,Verified,master decision D506,https://finance.yahoo.com/quote/TAK/history/,https://www.stockanalysis.com/stocks/tak/history/
RDUS,"Radius Health, Inc.",2017-04-28,Approval,,,,,,,,https://query1.finance.yahoo.com/v8/finance/chart/RDUS?period1=1492300800&period2=1494460799&interval=1d&includePrePost=false,Data unavailable - acquired/delisted or pre-Yahoo coverage,fetch status: FAILED HTTPError: HTTP Error 404: Not Found (recorded in the job manifest; never retried with a successor ticker); master decision D504,https://finance.yahoo.com/quote/RDUS/history/,https://www.stockanalysis.com/stocks/rdus/history/
NVS,Novartis AG,2017-04-28,Approval,69.0502,2017-04-27,69.0233,2017-04-28,-0.04,68.9964,,https://query1.finance.yahoo.com/v8/finance/chart/NVS?period1=1492300800&period2=1494460799&interval=1d&includePrePost=false,Verified,lineage proxy per master precedent (see master row notes: decision-date symbol differs from the modern ticker); master decision D505,https://finance.yahoo.com/quote/NVS/history/,https://www.stockanalysis.com/stocks/nvs/history/
BMRN,BioMarin Pharmaceutical Inc.,2017-04-27,Approval,96.07,2017-04-26,96.26,2017-04-27,0.2,95.84,,https://query1.finance.yahoo.com/v8/finance/chart/BMRN?period1=1492214400&period2=1494374399&interval=1d&includePrePost=false,Verified,master decision D507,https://finance.yahoo.com/quote/BMRN/history/,https://www.stockanalysis.com/stocks/bmrn/history/
PFE,Pfizer Inc.,2017-04-26,CRL,32.0304,2017-04-25,32.1157,2017-04-26,0.27,32.1252,,https://query1.finance.yahoo.com/v8/finance/chart/PFE?period1=1492128000&period2=1494287999&interval=1d&includePrePost=false,Verified,,https://finance.yahoo.com/quote/PFE/history/,https://www.stockanalysis.com/stocks/pfe/history/
BAX,,2017-04-20,,52.71,2017-04-19,52.89,2017-04-20,0.34,52.88,,https://query1.finance.yahoo.com/v8/finance/chart/BAX?period1=1491609600&period2=1493683200&interval=1d&includePrePost=false,Verified,,https://finance.yahoo.com/quote/BAX/history/,https://www.stockanalysis.com/stocks/bax/history/
NBIX,"Neurocrine Biosciences, Inc.",2017-04-11,Approval,40.31,2017-04-10,41.48,2017-04-11,2.9,51.8,,https://query1.finance.yahoo.com/v8/finance/chart/NBIX?period1=1490832000&period2=1492991999&interval=1d&includePrePost=false,Verified,master decision D508,https://finance.yahoo.com/quote/NBIX/history/,https://www.stockanalysis.com/stocks/nbix/history/
TEVA,Teva Pharmaceutical Industries Limited,2017-04-03,Approval,32.09,2017-03-31,32.19,2017-04-03,0.31,32,,https://query1.finance.yahoo.com/v8/finance/chart/TEVA?period1=1490140800&period2=1492300799&interval=1d&includePrePost=false,Verified,master decision D509,https://finance.yahoo.com/quote/TEVA/history/,https://www.stockanalysis.com/stocks/teva/history/
RHHBY,"Genentech, Inc. (Roche group)",2017-03-28,Approval,32.24,2017-03-27,32.03,2017-03-28,-0.65,32.14,,https://query1.finance.yahoo.com/v8/finance/chart/RHHBY?period1=1489622400&period2=1491782399&interval=1d&includePrePost=false,Verified,lineage proxy per master precedent (see master row notes: decision-date symbol differs from the modern ticker); master decision D510,https://finance.yahoo.com/quote/RHHBY/history/,https://www.stockanalysis.com/stocks/rhhby/history/
REGN,"Regeneron Pharmaceuticals, Inc. (with Sanofi)",2017-03-28,Approval,383.68,2017-03-27,382.55,2017-03-28,-0.29,394.14,,https://query1.finance.yahoo.com/v8/finance/chart/REGN?period1=1489622400&period2=1491782399&interval=1d&includePrePost=false,Verified,master decision D511,https://finance.yahoo.com/quote/REGN/history/,https://www.stockanalysis.com/stocks/regn/history/
TSRO,"Tesaro, Inc. (acquired by GSK 2018)",2017-03-27,Approval,,,,,,,,https://query1.finance.yahoo.com/v8/finance/chart/TSRO?period1=1489536000&period2=1491695999&interval=1d&includePrePost=false,Data unavailable - no bar before decision date in capture,capture has no trading day before the decision date; master decision D512,https://finance.yahoo.com/quote/TSRO/history/,https://www.stockanalysis.com/stocks/tsro/history/
MKGAY,Merck KGaA (EMD Serono; co-developed with Pfizer),2017-03-23,Approval,,,,,,,,https://query1.finance.yahoo.com/v8/finance/chart/MKGAY?period1=1489190400&period2=1491350399&interval=1d&includePrePost=false,Data unavailable - no bar before decision date in capture,capture has no trading day before the decision date; master decision D514,https://finance.yahoo.com/quote/MKGAY/history/,https://www.stockanalysis.com/stocks/mkgay/history/
NVS,Novartis AG,2017-03-13,Approval,67.7419,2017-03-10,67.7509,2017-03-13,0.01,67.2581,,https://query1.finance.yahoo.com/v8/finance/chart/NVS?period1=1488326400&period2=1490486399&interval=1d&includePrePost=false,Verified,lineage proxy per master precedent (see master row notes: decision-date symbol differs from the modern ticker); master decision D516,https://finance.yahoo.com/quote/NVS/history/,https://www.stockanalysis.com/stocks/nvs/history/
LXRX,"Lexicon Pharmaceuticals, Inc.",2017-02-28,Approval,16.45,2017-02-27,16.04,2017-02-28,-2.49,15.68,,https://query1.finance.yahoo.com/v8/finance/chart/LXRX?period1=1487203200&period2=1489363199&interval=1d&includePrePost=false,Verified,master decision D517,https://finance.yahoo.com/quote/LXRX/history/,https://www.stockanalysis.com/stocks/lxrx/history/
AZN,,2017-02-27,,58.7,2017-02-24,58.74,2017-02-27,0.07,58.52,,https://query1.finance.yahoo.com/v8/finance/chart/AZN?period1=1487116800&period2=1489190400&interval=1d&includePrePost=false,Verified,,https://finance.yahoo.com/quote/AZN/history/,https://www.stockanalysis.com/stocks/azn/history/
AMPH,"Amphastar Pharmaceuticals, Inc.",2017-02-17,CRL,18,2017-02-16,18.4,2017-02-17,2.22,14.2,,https://query1.finance.yahoo.com/v8/finance/chart/AMPH?period1=1486252800&period2=1488412799&interval=1d&includePrePost=false,Verified,,https://finance.yahoo.com/quote/AMPH/history/,https://www.stockanalysis.com/stocks/amph/history/
BHC,Bausch Health Companies Inc. (Bausch + Lomb),2017-02-15,Approval,15.98,2017-02-14,16.86,2017-02-15,5.51,16.22,,https://query1.finance.yahoo.com/v8/finance/chart/BHC?period1=1486080000&period2=1488239999&interval=1d&includePrePost=false,Verified,master decision D518,https://finance.yahoo.com/quote/BHC/history/,https://www.stockanalysis.com/stocks/bhc/history/
AMGN,Amgen Inc.,2017-02-07,Approval,166.58,2017-02-06,166.82,2017-02-07,0.14,168.12,,https://query1.finance.yahoo.com/v8/finance/chart/AMGN?period1=1485388800&period2=1487548799&interval=1d&includePrePost=false,Verified,master decision D520,https://finance.yahoo.com/quote/AMGN/history/,https://www.stockanalysis.com/stocks/amgn/history/
SNY,,2017-01-31,,40,2017-01-30,40.78,2017-01-31,1.95,40.88,,https://query1.finance.yahoo.com/v8/finance/chart/SNY?period1=1484784000&period2=1486857600&interval=1d&includePrePost=false,Verified,,https://finance.yahoo.com/quote/SNY/history/,https://www.stockanalysis.com/stocks/sny/history/
TAK,,2017-01-28,,20.95,2017-01-27,21.05,2017-01-30,0.48,20.98,,https://query1.finance.yahoo.com/v8/finance/chart/TAK?period1=1484524800&period2=1486598400&interval=1d&includePrePost=false,Verified - approx window,next trading day used: 2017-01-30,https://finance.yahoo.com/quote/TAK/history/,https://www.stockanalysis.com/stocks/tak/history/
TEVA,,2017-01-27,,33.93,2017-01-26,34.59,2017-01-27,1.95,34.52,,https://query1.finance.yahoo.com/v8/finance/chart/TEVA?period1=1484438400&period2=1486512000&interval=1d&includePrePost=false,Verified,,https://finance.yahoo.com/quote/TEVA/history/,https://www.stockanalysis.com/stocks/teva/history/
SGYP,Synergy Pharmaceuticals Inc. (bankrupt 2018; rights to Salix/Bausch then Ardelyx),2017-01-19,Approval,,,,,,,,https://query1.finance.yahoo.com/v8/finance/chart/SGYP?period1=1483747200&period2=1485907199&interval=1d&includePrePost=false,Data unavailable - acquired/delisted or pre-Yahoo coverage,fetch status: FAILED HTTPError: HTTP Error 404: Not Found (recorded in the job manifest; never retried with a successor ticker); master decision D521,https://finance.yahoo.com/quote/SGYP/history/,https://www.stockanalysis.com/stocks/sgyp/history/
TEVA,,2017-01-17,,33.97,2017-01-13,33.75,2017-01-17,-0.65,34.1,,https://query1.finance.yahoo.com/v8/finance/chart/TEVA?period1=1483574400&period2=1485648000&interval=1d&includePrePost=false,Verified,,https://finance.yahoo.com/quote/TEVA/history/,https://www.stockanalysis.com/stocks/teva/history/
FSNUY,,2016-12-30,,19.3,2016-12-29,19.48,2016-12-30,0.93,19.18,,https://query1.finance.yahoo.com/v8/finance/chart/FSNUY?period1=1482019200&period2=1484092800&interval=1d&includePrePost=false,Verified,,https://finance.yahoo.com/quote/FSNUY/history/,https://www.stockanalysis.com/stocks/fsnuy/history/
BIIB,Biogen Inc. (originated by Ionis Pharmaceuticals),2016-12-23,Approval,283.07,2016-12-22,287.53,2016-12-23,1.58,291.12,,https://query1.finance.yahoo.com/v8/finance/chart/BIIB?period1=1481414400&period2=1483574399&interval=1d&includePrePost=false,Verified,master decision D460,https://finance.yahoo.com/quote/BIIB/history/,https://www.stockanalysis.com/stocks/biib/history/
CLVS,"Clovis Oncology, Inc.",2016-12-19,Approval,,,,,,,,https://query1.finance.yahoo.com/v8/finance/chart/CLVS?period1=1481068800&period2=1483228799&interval=1d&includePrePost=false,Data unavailable - acquired/delisted or pre-Yahoo coverage,fetch status: FAILED HTTPError: HTTP Error 404: Not Found (recorded in the job manifest; never retried with a successor ticker); master decision D461,https://finance.yahoo.com/quote/CLVS/history/,https://www.stockanalysis.com/stocks/clvs/history/
PFE,Pfizer Inc. (acquired Anacor August 2016),2016-12-14,Approval,31.148,2016-12-13,31.1385,2016-12-14,-0.03,31.0721,,https://query1.finance.yahoo.com/v8/finance/chart/PFE?period1=1480636800&period2=1482796799&interval=1d&includePrePost=false,Verified,master decision D462,https://finance.yahoo.com/quote/PFE/history/,https://www.stockanalysis.com/stocks/pfe/history/
FSNUY,,2016-12-01,,17.86,2016-11-30,17.7,2016-12-01,-0.9,17.84,,https://query1.finance.yahoo.com/v8/finance/chart/FSNUY?period1=1479513600&period2=1481587200&interval=1d&includePrePost=false,Verified,,https://finance.yahoo.com/quote/FSNUY/history/,https://www.stockanalysis.com/stocks/fsnuy/history/
ALC,,2016-12-01,,,,,,,,,https://query1.finance.yahoo.com/v8/finance/chart/ALC?period1=1479513600&period2=1481587200&interval=1d&includePrePost=false,Data unavailable - acquired/delisted or pre-Yahoo coverage,fetch status: FAILED HTTPError: HTTP Error 400: Bad Request,https://finance.yahoo.com/quote/ALC/history/,https://www.stockanalysis.com/stocks/alc/history/
SNY,,2016-11-21,,40.03,2016-11-18,40.16,2016-11-21,0.32,39.86,,https://query1.finance.yahoo.com/v8/finance/chart/SNY?period1=1478649600&period2=1480723200&interval=1d&includePrePost=false,Verified,,https://finance.yahoo.com/quote/SNY/history/,https://www.stockanalysis.com/stocks/sny/history/
NVO,,2016-11-21,,16.21,2016-11-18,16.125,2016-11-21,-0.52,15.89,,https://query1.finance.yahoo.com/v8/finance/chart/NVO?period1=1478649600&period2=1480723200&interval=1d&includePrePost=false,Verified,,https://finance.yahoo.com/quote/NVO/history/,https://www.stockanalysis.com/stocks/nvo/history/
GILD,,2016-11-10,,78.47,2016-11-09,77.84,2016-11-10,-0.8,76.42,,https://query1.finance.yahoo.com/v8/finance/chart/GILD?period1=1477699200&period2=1479772800&interval=1d&includePrePost=false,Verified,,https://finance.yahoo.com/quote/GILD/history/,https://www.stockanalysis.com/stocks/gild/history/
MRK,"Merck & Co., Inc.",2016-10-21,Approval,59.084,2016-10-20,58.3969,2016-10-21,-1.16,57.9676,,https://query1.finance.yahoo.com/v8/finance/chart/MRK?period1=1475971200&period2=1478131199&interval=1d&includePrePost=false,Verified,master decision D463,https://finance.yahoo.com/quote/MRK/history/,https://www.stockanalysis.com/stocks/mrk/history/
LLY,Eli Lilly and Company,2016-10-19,Approval,78.77,2016-10-18,78.56,2016-10-19,-0.27,78.74,,https://query1.finance.yahoo.com/v8/finance/chart/LLY?period1=1475798400&period2=1477958399&interval=1d&includePrePost=false,Verified,master decision D464,https://finance.yahoo.com/quote/LLY/history/,https://www.stockanalysis.com/stocks/lly/history/
JNJ,,2016-10-19,,115.41,2016-10-18,114.59,2016-10-19,-0.71,114.87,,https://query1.finance.yahoo.com/v8/finance/chart/JNJ?period1=1475798400&period2=1477872000&interval=1d&includePrePost=false,Verified,,https://finance.yahoo.com/quote/JNJ/history/,https://www.stockanalysis.com/stocks/jnj/history/
UTHR,United Therapeutics Corporation,2016-10-07,CRL,121.22,2016-10-06,123.52,2016-10-07,1.9,124.56,,https://query1.finance.yahoo.com/v8/finance/chart/UTHR?period1=1474761600&period2=1476921599&interval=1d&includePrePost=false,Verified,,https://finance.yahoo.com/quote/UTHR/history/,https://www.stockanalysis.com/stocks/uthr/history/
OTSKY,,2016-10-07,,21.91,2016-10-06,22.055,2016-10-07,0.66,22.005,,https://query1.finance.yahoo.com/v8/finance/chart/OTSKY?period1=1474761600&period2=1476835200&interval=1d&includePrePost=false,Verified,,https://finance.yahoo.com/quote/OTSKY/history/,https://www.stockanalysis.com/stocks/otsky/history/
TEVA,Teva Pharmaceutical Industries Ltd.,2016-09-30,CRL,46.29,2016-09-29,46.01,2016-09-30,-0.6,45.68,,https://query1.finance.yahoo.com/v8/finance/chart/TEVA?period1=1474156800&period2=1476316799&interval=1d&includePrePost=false,Verified,,https://finance.yahoo.com/quote/TEVA/history/,https://www.stockanalysis.com/stocks/teva/history/
JNJ,,2016-09-23,,119.46,2016-09-22,118.81,2016-09-23,-0.54,117.78,,https://query1.finance.yahoo.com/v8/finance/chart/JNJ?period1=1473552000&period2=1475625600&interval=1d&includePrePost=false,Verified,,https://finance.yahoo.com/quote/JNJ/history/,https://www.stockanalysis.com/stocks/jnj/history/
AMGN,,2016-09-23,,175.62,2016-09-22,174.8,2016-09-23,-0.47,173.53,,https://query1.finance.yahoo.com/v8/finance/chart/AMGN?period1=1473552000&period2=1475625600&interval=1d&includePrePost=false,Verified,,https://finance.yahoo.com/quote/AMGN/history/,https://www.stockanalysis.com/stocks/amgn/history/
JNJ,,2016-09-20,,117.66,2016-09-19,117.95,2016-09-20,0.25,118.91,,https://query1.finance.yahoo.com/v8/finance/chart/JNJ?period1=1473292800&period2=1475366400&interval=1d&includePrePost=false,Verified,,https://finance.yahoo.com/quote/JNJ/history/,https://www.stockanalysis.com/stocks/jnj/history/
SRPT,"Sarepta Therapeutics, Inc.",2016-09-19,Approval,28.15,2016-09-16,48.94,2016-09-19,73.85,55.73,,https://query1.finance.yahoo.com/v8/finance/chart/SRPT?period1=1473206400&period2=1475366399&interval=1d&includePrePost=false,Verified,master decision D465,https://finance.yahoo.com/quote/SRPT/history/,https://www.stockanalysis.com/stocks/srpt/history/
BAYRY,,2016-09-16,,25.6775,2016-09-15,25.38,2016-09-16,-1.16,25.4975,,https://query1.finance.yahoo.com/v8/finance/chart/BAYRY?period1=1472947200&period2=1475020800&interval=1d&includePrePost=false,Verified,,https://finance.yahoo.com/quote/BAYRY/history/,https://www.stockanalysis.com/stocks/bayry/history/
RDY,"Dr. Reddy’s Laboratories, SA",2016-08-30,CRL,9.122,2016-08-29,9.22,2016-08-30,1.07,9.102,,https://query1.finance.yahoo.com/v8/finance/chart/RDY?period1=1471478400&period2=1473638399&interval=1d&includePrePost=false,Verified,,https://finance.yahoo.com/quote/RDY/history/,https://www.stockanalysis.com/stocks/rdy/history/
PFE,,2016-08-19,,33.3871,2016-08-18,33.1879,2016-08-19,-0.6,33.055,,https://query1.finance.yahoo.com/v8/finance/chart/PFE?period1=1470528000&period2=1472601600&interval=1d&includePrePost=false,Verified,,https://finance.yahoo.com/quote/PFE/history/,https://www.stockanalysis.com/stocks/pfe/history/
HRTX,,2016-08-09,,18.74,2016-08-08,19.86,2016-08-09,5.98,20.33,,https://query1.finance.yahoo.com/v8/finance/chart/HRTX?period1=1469664000&period2=1471737600&interval=1d&includePrePost=false,Verified,,https://finance.yahoo.com/quote/HRTX/history/,https://www.stockanalysis.com/stocks/hrtx/history/
SNY,Sanofi S.A.,2016-07-27,Approval,42.11,2016-07-26,42.43,2016-07-27,0.76,42.6,,https://query1.finance.yahoo.com/v8/finance/chart/SNY?period1=1468540800&period2=1470700799&interval=1d&includePrePost=false,Verified,lineage proxy per master precedent (see master row notes: decision-date symbol differs from the modern ticker); master decision D466,https://finance.yahoo.com/quote/SNY/history/,https://www.stockanalysis.com/stocks/sny/history/
ABBV,,2016-07-22,,63.89,2016-07-21,63.81,2016-07-22,-0.13,64.32,,https://query1.finance.yahoo.com/v8/finance/chart/ABBV?period1=1468108800&period2=1470182400&interval=1d&includePrePost=false,Verified,,https://finance.yahoo.com/quote/ABBV/history/,https://www.stockanalysis.com/stocks/abbv/history/
OCUL,"Ocular Therapeutix, Inc.",2016-07-21,CRL,5.24,2016-07-20,5.15,2016-07-21,-1.72,5.17,,https://query1.finance.yahoo.com/v8/finance/chart/OCUL?period1=1468022400&period2=1470182399&interval=1d&includePrePost=false,Verified,,https://finance.yahoo.com/quote/OCUL/history/,https://www.stockanalysis.com/stocks/ocul/history/
BHC,,2016-07-19,,23.5,2016-07-18,23.54,2016-07-19,0.17,24.57,,https://query1.finance.yahoo.com/v8/finance/chart/BHC?period1=1467849600&period2=1469923200&interval=1d&includePrePost=false,Verified,,https://finance.yahoo.com/quote/BHC/history/,https://www.stockanalysis.com/stocks/bhc/history/
FSNUY,,2016-07-13,,18.7,2016-07-12,18.64,2016-07-13,-0.32,18.6,,https://query1.finance.yahoo.com/v8/finance/chart/FSNUY?period1=1467331200&period2=1469404800&interval=1d&includePrePost=false,Verified,,https://finance.yahoo.com/quote/FSNUY/history/,https://www.stockanalysis.com/stocks/fsnuy/history/
SHPG,Shire plc (acquired by Takeda 2019),2016-07-11,Approval,,,,,,,,https://query1.finance.yahoo.com/v8/finance/chart/SHPG?period1=1467158400&period2=1469318399&interval=1d&includePrePost=false,Data unavailable - no bar before decision date in capture,capture has no trading day before the decision date; master decision D467,https://finance.yahoo.com/quote/SHPG/history/,https://www.stockanalysis.com/stocks/shpg/history/
GILD,"Gilead Sciences, Inc.",2016-06-28,Approval,78.25,2016-06-27,82.31,2016-06-28,5.19,82.27,,https://query1.finance.yahoo.com/v8/finance/chart/GILD?period1=1466035200&period2=1468195199&interval=1d&includePrePost=false,Verified,master decision D468,https://finance.yahoo.com/quote/GILD/history/,https://www.stockanalysis.com/stocks/gild/history/
ABBV,,2016-06-03,,65.09,2016-06-02,65,2016-06-03,-0.14,62.82,,https://query1.finance.yahoo.com/v8/finance/chart/ABBV?period1=1463875200&period2=1465948800&interval=1d&includePrePost=false,Verified,,https://finance.yahoo.com/quote/ABBV/history/,https://www.stockanalysis.com/stocks/abbv/history/
TEVA,Teva Pharmaceutical Industries Ltd.,2016-06-01,CRL,51.87,2016-05-31,52.91,2016-06-01,2.01,54.65,,https://query1.finance.yahoo.com/v8/finance/chart/TEVA?period1=1463702400&period2=1465862399&interval=1d&includePrePost=false,Verified,,https://finance.yahoo.com/quote/TEVA/history/,https://www.stockanalysis.com/stocks/teva/history/
AAAP,Advanced Accelerator Applications (AAA; acquired by Novartis 2018),2016-06-01,Approval,,,,,,,,https://query1.finance.yahoo.com/v8/finance/chart/AAAP?period1=1463702400&period2=1465862399&interval=1d&includePrePost=false,Data unavailable - acquired/delisted or pre-Yahoo coverage,fetch status: FAILED HTTPError: HTTP Error 400: Bad Request (recorded in the job manifest; never retried with a successor ticker); master decision D585,https://finance.yahoo.com/quote/AAAP/history/,https://www.stockanalysis.com/stocks/aaap/history/
TEVA,Teva Pharmaceutical Industries Ltd.,2016-05-27,CRL,51.59,2016-05-26,51.66,2016-05-27,0.14,51.87,,https://query1.finance.yahoo.com/v8/finance/chart/TEVA?period1=1463270400&period2=1465430399&interval=1d&includePrePost=false,Verified,,https://finance.yahoo.com/quote/TEVA/history/,https://www.stockanalysis.com/stocks/teva/history/
ICPT,"Intercept Pharmaceuticals, Inc.",2016-05-27,Approval,,,,,,,,https://query1.finance.yahoo.com/v8/finance/chart/ICPT?period1=1463270400&period2=1465430399&interval=1d&includePrePost=false,Data unavailable - acquired/delisted or pre-Yahoo coverage,fetch status: FAILED HTTPError: HTTP Error 404: Not Found (recorded in the job manifest; never retried with a successor ticker); master decision D469,https://finance.yahoo.com/quote/ICPT/history/,https://www.stockanalysis.com/stocks/icpt/history/
BIIB,Biogen Inc. (with AbbVie),2016-05-27,Approval,282,2016-05-26,282.79,2016-05-27,0.28,289.73,,https://query1.finance.yahoo.com/v8/finance/chart/BIIB?period1=1463270400&period2=1465430399&interval=1d&includePrePost=false,Verified,master decision D470,https://finance.yahoo.com/quote/BIIB/history/,https://www.stockanalysis.com/stocks/biib/history/
RHHBY,"Genentech, Inc. (Roche group)",2016-05-18,Approval,31.05,2016-05-17,31.05,2016-05-18,0.0,30.73,,https://query1.finance.yahoo.com/v8/finance/chart/RHHBY?period1=1462492800&period2=1464652799&interval=1d&includePrePost=false,Verified,lineage proxy per master precedent (see master row notes: decision-date symbol differs from the modern ticker); master decision D471,https://finance.yahoo.com/quote/RHHBY/history/,https://www.stockanalysis.com/stocks/rhhby/history/
SCLX,Scilex Holding Company,2016-05-10,CRL,,,,,,,,https://query1.finance.yahoo.com/v8/finance/chart/SCLX?period1=1461801600&period2=1463961599&interval=1d&includePrePost=false,Data unavailable - acquired/delisted or pre-Yahoo coverage,fetch status: FAILED HTTPError: HTTP Error 400: Bad Request (recorded in the job manifest; never retried with a successor ticker),https://finance.yahoo.com/quote/SCLX/history/,https://www.stockanalysis.com/stocks/sclx/history/
BFRI,,2016-05-10,,,,,,,,,https://query1.finance.yahoo.com/v8/finance/chart/BFRI?period1=1461801600&period2=1463875200&interval=1d&includePrePost=false,Data unavailable - acquired/delisted or pre-Yahoo coverage,fetch status: FAILED HTTPError: HTTP Error 400: Bad Request,https://finance.yahoo.com/quote/BFRI/history/,https://www.stockanalysis.com/stocks/bfri/history/
RDY,"Dr. Reddy’s Laboratories, Limited-",2016-05-04,CRL,8.942,2016-05-03,8.678,2016-05-04,-2.95,8.636,,https://query1.finance.yahoo.com/v8/finance/chart/RDY?period1=1461283200&period2=1463443199&interval=1d&includePrePost=false,Verified,,https://finance.yahoo.com/quote/RDY/history/,https://www.stockanalysis.com/stocks/rdy/history/
CPRX,,2016-04-29,,,,,,,,,https://query1.finance.yahoo.com/v8/finance/chart/CPRX?period1=1460851200&period2=1462924800&interval=1d&includePrePost=false,Data unavailable - acquired/delisted or pre-Yahoo coverage,fetch status: FAILED HTTPError: HTTP Error 404: Not Found,https://finance.yahoo.com/quote/CPRX/history/,https://www.stockanalysis.com/stocks/cprx/history/
ACAD,Acadia Pharmaceuticals,2016-04-29,Approval,32.4,2016-04-28,32.3,2016-04-29,-0.31,33,,https://query1.finance.yahoo.com/v8/finance/chart/ACAD?period1=1460851200&period2=1463011199&interval=1d&includePrePost=false,Verified,master decision D472,https://finance.yahoo.com/quote/ACAD/history/,https://www.stockanalysis.com/stocks/acad/history/
EXEL,,2016-04-25,,4.41,2016-04-22,4.66,2016-04-25,5.67,4.68,,https://query1.finance.yahoo.com/v8/finance/chart/EXEL?period1=1460505600&period2=1462579200&interval=1d&includePrePost=false,Verified,,https://finance.yahoo.com/quote/EXEL/history/,https://www.stockanalysis.com/stocks/exel/history/
AZN,,2016-04-25,,60.2,2016-04-22,60.02,2016-04-25,-0.3,59.2,,https://query1.finance.yahoo.com/v8/finance/chart/AZN?period1=1460505600&period2=1462579200&interval=1d&includePrePost=false,Verified,,https://finance.yahoo.com/quote/AZN/history/,https://www.stockanalysis.com/stocks/azn/history/
ABBV,AbbVie Inc. (co-developed with Genentech/Roche),2016-04-11,Approval,58.47,2016-04-08,58.5,2016-04-11,0.05,59.89,,https://query1.finance.yahoo.com/v8/finance/chart/ABBV?period1=1459296000&period2=1461455999&interval=1d&includePrePost=false,Verified,master decision D473,https://finance.yahoo.com/quote/ABBV/history/,https://www.stockanalysis.com/stocks/abbv/history/
GILD,,2016-04-04,,94.12,2016-04-01,94.24,2016-04-04,0.13,95.57,,https://query1.finance.yahoo.com/v8/finance/chart/GILD?period1=1458691200&period2=1460764800&interval=1d&includePrePost=false,Verified,,https://finance.yahoo.com/quote/GILD/history/,https://www.stockanalysis.com/stocks/gild/history/
JAZZ,Jazz Pharmaceuticals plc,2016-03-30,Approval,120.95,2016-03-29,124.03,2016-03-30,2.55,130.55,,https://query1.finance.yahoo.com/v8/finance/chart/JAZZ?period1=1458259200&period2=1460419199&interval=1d&includePrePost=false,Verified,master decision D474,https://finance.yahoo.com/quote/JAZZ/history/,https://www.stockanalysis.com/stocks/jazz/history/
TEVA,Teva Pharmaceutical Industries Limited,2016-03-23,Approval,54.78,2016-03-22,54.05,2016-03-23,-1.33,54.29,,https://query1.finance.yahoo.com/v8/finance/chart/TEVA?period1=1457654400&period2=1459814399&interval=1d&includePrePost=false,Verified,master decision D475,https://finance.yahoo.com/quote/TEVA/history/,https://www.stockanalysis.com/stocks/teva/history/
LLY,Eli Lilly and Company,2016-03-22,Approval,70.25,2016-03-21,71.92,2016-03-22,2.38,71.17,,https://query1.finance.yahoo.com/v8/finance/chart/LLY?period1=1457568000&period2=1459727999&interval=1d&includePrePost=false,Verified,master decision D476,https://finance.yahoo.com/quote/LLY/history/,https://www.stockanalysis.com/stocks/lly/history/
GILD,,2016-03-01,,87.25,2016-02-29,89.69,2016-03-01,2.8,88.8,,https://query1.finance.yahoo.com/v8/finance/chart/GILD?period1=1455753600&period2=1457827200&interval=1d&includePrePost=false,Verified,,https://finance.yahoo.com/quote/GILD/history/,https://www.stockanalysis.com/stocks/gild/history/
ALC,,2016-02-29,,,,,,,,,https://query1.finance.yahoo.com/v8/finance/chart/ALC?period1=1455667200&period2=1457740800&interval=1d&includePrePost=false,Data unavailable - acquired/delisted or pre-Yahoo coverage,fetch status: FAILED HTTPError: HTTP Error 400: Bad Request,https://finance.yahoo.com/quote/ALC/history/,https://www.stockanalysis.com/stocks/alc/history/
PFE,,2016-02-23,,28.5104,2016-02-22,28.425,2016-02-23,-0.3,28.482,,https://query1.finance.yahoo.com/v8/finance/chart/PFE?period1=1455148800&period2=1457222400&interval=1d&includePrePost=false,Verified,,https://finance.yahoo.com/quote/PFE/history/,https://www.stockanalysis.com/stocks/pfe/history/
MRK,"Merck & Co., Inc.",2016-01-28,Approval,48.063,2016-01-27,46.9466,2016-01-28,-2.32,48.3492,,https://query1.finance.yahoo.com/v8/finance/chart/MRK?period1=1452902400&period2=1455062399&interval=1d&includePrePost=false,Verified,master decision D478,https://finance.yahoo.com/quote/MRK/history/,https://www.stockanalysis.com/stocks/mrk/history/
TAK,,2016-01-26,,23.56,2016-01-25,24.04,2016-01-26,2.04,23.94,,https://query1.finance.yahoo.com/v8/finance/chart/TAK?period1=1452729600&period2=1454803200&interval=1d&includePrePost=false,Verified,,https://finance.yahoo.com/quote/TAK/history/,https://www.stockanalysis.com/stocks/tak/history/
PFE,,2015-12-28,,30.9488,2015-12-24,30.759,2015-12-28,-0.61,31.148,,https://query1.finance.yahoo.com/v8/finance/chart/PFE?period1=1450224000&period2=1452297600&interval=1d&includePrePost=false,Verified,,https://finance.yahoo.com/quote/PFE/history/,https://www.stockanalysis.com/stocks/pfe/history/
AZN,AstraZeneca PLC,2015-12-22,Approval,65.88,2015-12-21,66.46,2015-12-22,0.88,67.92,,https://query1.finance.yahoo.com/v8/finance/chart/AZN?period1=1449705600&period2=1451865599&interval=1d&includePrePost=false,Verified,lineage proxy per master precedent (see master row notes: decision-date symbol differs from the modern ticker); master decision D424,https://finance.yahoo.com/quote/AZN/history/,https://www.stockanalysis.com/stocks/azn/history/
MRK,,2015-12-17,,51.5458,2015-12-16,50.2481,2015-12-17,-2.52,49.2748,,https://query1.finance.yahoo.com/v8/finance/chart/MRK?period1=1449273600&period2=1451347200&interval=1d&includePrePost=false,Verified,,https://finance.yahoo.com/quote/MRK/history/,https://www.stockanalysis.com/stocks/mrk/history/
LLY,,2015-12-16,,85.52,2015-12-15,86.29,2015-12-16,0.9,86.22,,https://query1.finance.yahoo.com/v8/finance/chart/LLY?period1=1449187200&period2=1451260800&interval=1d&includePrePost=false,Verified,,https://finance.yahoo.com/quote/LLY/history/,https://www.stockanalysis.com/stocks/lly/history/
MRK,"Merck & Co., Inc. (Merck Sharp & Dohme)",2015-12-15,Approval,49.8092,2015-12-14,50.4771,2015-12-15,1.34,51.5458,,https://query1.finance.yahoo.com/v8/finance/chart/MRK?period1=1449100800&period2=1451260799&interval=1d&includePrePost=false,Verified,master decision D522,https://finance.yahoo.com/quote/MRK/history/,https://www.stockanalysis.com/stocks/mrk/history/
RHHBY,"Genentech, Inc. (Roche group)",2015-12-11,Approval,33.9,2015-12-10,33.73,2015-12-11,-0.5,33.54,,https://query1.finance.yahoo.com/v8/finance/chart/RHHBY?period1=1448755200&period2=1450915199&interval=1d&includePrePost=false,Verified,lineage proxy per master precedent (see master row notes: decision-date symbol differs from the modern ticker); master decision D426,https://finance.yahoo.com/quote/RHHBY/history/,https://www.stockanalysis.com/stocks/rhhby/history/
EGRX,,2015-12-07,,88.49,2015-12-04,81.92,2015-12-07,-7.42,100.21,,https://query1.finance.yahoo.com/v8/finance/chart/EGRX?period1=1448409600&period2=1450483200&interval=1d&includePrePost=false,Verified,,https://finance.yahoo.com/quote/EGRX/history/,https://www.stockanalysis.com/stocks/egrx/history/
BMY,Bristol Myers Squibb Company,2015-11-30,Approval,67.85,2015-11-27,67.01,2015-11-30,-1.24,68.26,,https://query1.finance.yahoo.com/v8/finance/chart/BMY?period1=1447804800&period2=1449964799&interval=1d&includePrePost=false,Verified,master decision D427,https://finance.yahoo.com/quote/BMY/history/,https://www.stockanalysis.com/stocks/bmy/history/
LLY,Eli Lilly and Company,2015-11-24,Approval,84.74,2015-11-23,83.88,2015-11-24,-1.01,83.74,,https://query1.finance.yahoo.com/v8/finance/chart/LLY?period1=1447286400&period2=1449446399&interval=1d&includePrePost=false,Verified,master decision D428,https://finance.yahoo.com/quote/LLY/history/,https://www.stockanalysis.com/stocks/lly/history/
AZN,,2015-11-23,,68.16,2015-11-20,67.92,2015-11-23,-0.35,67.88,,https://query1.finance.yahoo.com/v8/finance/chart/AZN?period1=1447200000&period2=1449273600&interval=1d&includePrePost=false,Verified,,https://finance.yahoo.com/quote/AZN/history/,https://www.stockanalysis.com/stocks/azn/history/
TAK,Takeda Pharmaceutical Company Limited (Millennium Pharmaceuticals),2015-11-20,Approval,25.04,2015-11-19,25.5,2015-11-20,1.84,25.43,,https://query1.finance.yahoo.com/v8/finance/chart/TAK?period1=1446940800&period2=1449100799&interval=1d&includePrePost=false,Verified,master decision D429,https://finance.yahoo.com/quote/TAK/history/,https://www.stockanalysis.com/stocks/tak/history/
JNJ,Johnson & Johnson (Janssen Biotech),2015-11-16,Approval,99.88,2015-11-13,101.22,2015-11-16,1.34,101.5,,https://query1.finance.yahoo.com/v8/finance/chart/JNJ?period1=1446595200&period2=1448755199&interval=1d&includePrePost=false,Verified,master decision D430,https://finance.yahoo.com/quote/JNJ/history/,https://www.stockanalysis.com/stocks/jnj/history/
AZN,AstraZeneca PLC,2015-11-13,Approval,61.7,2015-11-12,62.58,2015-11-13,1.43,65.56,,https://query1.finance.yahoo.com/v8/finance/chart/AZN?period1=1446336000&period2=1448495999&interval=1d&includePrePost=false,Verified,lineage proxy per master precedent (see master row notes: decision-date symbol differs from the modern ticker); master decision D431,https://finance.yahoo.com/quote/AZN/history/,https://www.stockanalysis.com/stocks/azn/history/
RHHBY,"Genentech, Inc. (Roche group)",2015-11-10,Approval,33.3,2015-11-09,33.09,2015-11-10,-0.63,33.02,,https://query1.finance.yahoo.com/v8/finance/chart/RHHBY?period1=1446076800&period2=1448236799&interval=1d&includePrePost=false,Verified,lineage proxy per master precedent (see master row notes: decision-date symbol differs from the modern ticker); master decision D432,https://finance.yahoo.com/quote/RHHBY/history/,https://www.stockanalysis.com/stocks/rhhby/history/
GILD,"Gilead Sciences, Inc.",2015-11-05,Approval,108.98,2015-11-04,107.83,2015-11-05,-1.06,108.34,,https://query1.finance.yahoo.com/v8/finance/chart/GILD?period1=1445644800&period2=1447804799&interval=1d&includePrePost=false,Verified,master decision D433,https://finance.yahoo.com/quote/GILD/history/,https://www.stockanalysis.com/stocks/gild/history/
GSK,GlaxoSmithKline plc,2015-11-04,Approval,42.5,2015-11-03,42.6,2015-11-04,0.24,42.28,,https://query1.finance.yahoo.com/v8/finance/chart/GSK?period1=1445558400&period2=1447718399&interval=1d&includePrePost=false,Verified,lineage proxy per master precedent (see master row notes: decision-date symbol differs from the modern ticker); master decision D434,https://finance.yahoo.com/quote/GSK/history/,https://www.stockanalysis.com/stocks/gsk/history/
NVS,,2015-10-29,,81.586,2015-10-28,81.5054,2015-10-29,-0.1,81.0305,,https://query1.finance.yahoo.com/v8/finance/chart/NVS?period1=1445040000&period2=1447113600&interval=1d&includePrePost=false,Verified,,https://finance.yahoo.com/quote/NVS/history/,https://www.stockanalysis.com/stocks/nvs/history/
FSNUY,,2015-10-28,,17.68,2015-10-27,17.89,2015-10-28,1.19,18.03,,https://query1.finance.yahoo.com/v8/finance/chart/FSNUY?period1=1444953600&period2=1447027200&interval=1d&includePrePost=false,Verified,,https://finance.yahoo.com/quote/FSNUY/history/,https://www.stockanalysis.com/stocks/fsnuy/history/
JNJ,"Johnson & Johnson (Janssen Products, LP)",2015-10-23,Approval,99.53,2015-10-22,100.31,2015-10-23,0.78,99.94,,https://query1.finance.yahoo.com/v8/finance/chart/JNJ?period1=1444521600&period2=1446681599&interval=1d&includePrePost=false,Verified,master decision D436,https://finance.yahoo.com/quote/JNJ/history/,https://www.stockanalysis.com/stocks/jnj/history/
ALXN,Alexion Pharmaceuticals Inc. (acquired by AstraZeneca 2021),2015-10-23,Approval,,,,,,,,https://query1.finance.yahoo.com/v8/finance/chart/ALXN?period1=1444521600&period2=1446681599&interval=1d&includePrePost=false,Data unavailable - acquired/delisted or pre-Yahoo coverage,fetch status: FAILED HTTPError: HTTP Error 404: Not Found (recorded in the job manifest; never retried with a successor ticker); master decision D435,https://finance.yahoo.com/quote/ALXN/history/,https://www.stockanalysis.com/stocks/alxn/history/
RLYP,"Relypsa, Inc. (acquired by Vifor Pharma 2016)",2015-10-21,Approval,,,,,,,,https://query1.finance.yahoo.com/v8/finance/chart/RLYP?period1=1444348800&period2=1446508799&interval=1d&includePrePost=false,Data unavailable - no bar before decision date in capture,capture has no trading day before the decision date; master decision D437,https://finance.yahoo.com/quote/RLYP/history/,https://www.stockanalysis.com/stocks/rlyp/history/
ALKS,Alkermes plc,2015-10-06,Approval,59.77,2015-10-05,58.5,2015-10-06,-2.12,59.98,,https://query1.finance.yahoo.com/v8/finance/chart/ALKS?period1=1443052800&period2=1445212799&interval=1d&includePrePost=false,Verified,master decision D439,https://finance.yahoo.com/quote/ALKS/history/,https://www.stockanalysis.com/stocks/alks/history/
NVO,Novo Nordisk A/S,2015-09-25,Approval,27.515,2015-09-24,27.465,2015-09-25,-0.18,27.295,,https://query1.finance.yahoo.com/v8/finance/chart/NVO?period1=1442102400&period2=1444262399&interval=1d&includePrePost=false,Verified,lineage proxy per master precedent (see master row notes: decision-date symbol differs from the modern ticker); master decision D440,https://finance.yahoo.com/quote/NVO/history/,https://www.stockanalysis.com/stocks/nvo/history/
OTSKY,"Taiho Oncology, Inc. (subsidiary of Otsuka Holdings)",2015-09-22,Approval,16.61,2015-09-21,16.38,2015-09-22,-1.38,16.16,,https://query1.finance.yahoo.com/v8/finance/chart/OTSKY?period1=1441843200&period2=1444003199&interval=1d&includePrePost=false,Verified,master decision D441,https://finance.yahoo.com/quote/OTSKY/history/,https://www.stockanalysis.com/stocks/otsky/history/
TSRO,"Tesaro, Inc. (acquired by GSK 2018)",2015-09-02,Approval,,,,,,,,https://query1.finance.yahoo.com/v8/finance/chart/TSRO?period1=1440115200&period2=1442275199&interval=1d&includePrePost=false,Data unavailable - no bar before decision date in capture,capture has no trading day before the decision date; master decision D443,https://finance.yahoo.com/quote/TSRO/history/,https://www.stockanalysis.com/stocks/tsro/history/
AMGN,Amgen Inc.,2015-08-27,Approval,153.98,2015-08-26,155.72,2015-08-27,1.13,155.89,,https://query1.finance.yahoo.com/v8/finance/chart/AMGN?period1=1439596800&period2=1441756799&interval=1d&includePrePost=false,Verified,master decision D444,https://finance.yahoo.com/quote/AMGN/history/,https://www.stockanalysis.com/stocks/amgn/history/
NVS,,2015-08-24,,87.4194,2015-08-21,84.9552,2015-08-24,-2.82,85.2509,,https://query1.finance.yahoo.com/v8/finance/chart/NVS?period1=1439337600&period2=1441411200&interval=1d&includePrePost=false,Verified,,https://finance.yahoo.com/quote/NVS/history/,https://www.stockanalysis.com/stocks/nvs/history/
BAX,,2015-08-07,,41.93,2015-08-06,41.88,2015-08-07,-0.12,42.04,,https://query1.finance.yahoo.com/v8/finance/chart/BAX?period1=1437868800&period2=1439942400&interval=1d&includePrePost=false,Verified,,https://finance.yahoo.com/quote/BAX/history/,https://www.stockanalysis.com/stocks/bax/history/
REGN,"Regeneron Pharmaceuticals, Inc. (co-developed with Sanofi)",2015-07-24,Approval,556.61,2015-07-23,541.85,2015-07-24,-2.65,540.03,,https://query1.finance.yahoo.com/v8/finance/chart/REGN?period1=1436659200&period2=1438819199&interval=1d&includePrePost=false,Verified,master decision D447,https://finance.yahoo.com/quote/REGN/history/,https://www.stockanalysis.com/stocks/regn/history/
NVS,Novartis AG,2015-07-24,Approval,92.3387,2015-07-23,91.2186,2015-07-24,-1.21,90.9857,,https://query1.finance.yahoo.com/v8/finance/chart/NVS?period1=1436659200&period2=1438819199&interval=1d&includePrePost=false,Verified,lineage proxy per master precedent (see master row notes: decision-date symbol differs from the modern ticker); master decision D446,https://finance.yahoo.com/quote/NVS/history/,https://www.stockanalysis.com/stocks/nvs/history/
BMY,Bristol Myers Squibb Company,2015-07-24,Approval,68.24,2015-07-23,65.98,2015-07-24,-3.31,64.3,,https://query1.finance.yahoo.com/v8/finance/chart/BMY?period1=1436659200&period2=1438819199&interval=1d&includePrePost=false,Verified,master decision D445,https://finance.yahoo.com/quote/BMY/history/,https://www.stockanalysis.com/stocks/bmy/history/
ABBV,,2015-07-24,,70.52,2015-07-23,68.08,2015-07-24,-3.46,69.34,,https://query1.finance.yahoo.com/v8/finance/chart/ABBV?period1=1436659200&period2=1438732800&interval=1d&includePrePost=false,Verified,,https://finance.yahoo.com/quote/ABBV/history/,https://www.stockanalysis.com/stocks/abbv/history/
GALDY,,2015-07-15,,,,,,,,,https://query1.finance.yahoo.com/v8/finance/chart/GALDY?period1=1435881600&period2=1437955200&interval=1d&includePrePost=false,Data unavailable - acquired/delisted or pre-Yahoo coverage,fetch status: FAILED HTTPError: HTTP Error 400: Bad Request,https://finance.yahoo.com/quote/GALDY/history/,https://www.stockanalysis.com/stocks/galdy/history/
AZN,,2015-07-13,,66.45,2015-07-10,67.18,2015-07-13,1.1,67.84,,https://query1.finance.yahoo.com/v8/finance/chart/AZN?period1=1435708800&period2=1437782400&interval=1d&includePrePost=false,Verified,,https://finance.yahoo.com/quote/AZN/history/,https://www.stockanalysis.com/stocks/azn/history/
OTSKY,"Otsuka Pharmaceutical Co., Ltd. (with Lundbeck)",2015-07-10,Approval,16.26,2015-07-09,16.66,2015-07-10,2.46,17.47,,https://query1.finance.yahoo.com/v8/finance/chart/OTSKY?period1=1435449600&period2=1437609599&interval=1d&includePrePost=false,Verified,master decision D448,https://finance.yahoo.com/quote/OTSKY/history/,https://www.stockanalysis.com/stocks/otsky/history/
NVS,Novartis AG,2015-07-07,Approval,88.3692,2015-07-06,88.862,2015-07-07,0.56,88.7366,,https://query1.finance.yahoo.com/v8/finance/chart/NVS?period1=1435190400&period2=1437350399&interval=1d&includePrePost=false,Verified,lineage proxy per master precedent (see master row notes: decision-date symbol differs from the modern ticker); master decision D449,https://finance.yahoo.com/quote/NVS/history/,https://www.stockanalysis.com/stocks/nvs/history/
VRTX,Vertex Pharmaceuticals Incorporated,2015-07-02,Approval,126.19,2015-07-01,131.26,2015-07-02,4.02,128.83,,https://query1.finance.yahoo.com/v8/finance/chart/VRTX?period1=1434758400&period2=1436918399&interval=1d&includePrePost=false,Verified,master decision D450,https://finance.yahoo.com/quote/VRTX/history/,https://www.stockanalysis.com/stocks/vrtx/history/
MDCO,The Medicines Company (acquired by Chiesi Farmaceutici 2019),2015-06-22,Approval,,,,,,,,https://query1.finance.yahoo.com/v8/finance/chart/MDCO?period1=1433894400&period2=1436054399&interval=1d&includePrePost=false,Data unavailable - acquired/delisted or pre-Yahoo coverage,fetch status: FAILED HTTPError: HTTP Error 404: Not Found (recorded in the job manifest; never retried with a successor ticker); master decision D451,https://finance.yahoo.com/quote/MDCO/history/,https://www.stockanalysis.com/stocks/mdco/history/
PFE,,2015-06-18,,32.2391,2015-06-17,32.6091,2015-06-18,1.15,32.4288,,https://query1.finance.yahoo.com/v8/finance/chart/PFE?period1=1433548800&period2=1435622400&interval=1d&includePrePost=false,Verified,,https://finance.yahoo.com/quote/PFE/history/,https://www.stockanalysis.com/stocks/pfe/history/
LLY,,2015-05-26,,74.3,2015-05-22,74.31,2015-05-26,0.01,74.9,,https://query1.finance.yahoo.com/v8/finance/chart/LLY?period1=1431561600&period2=1433635200&interval=1d&includePrePost=false,Verified,,https://finance.yahoo.com/quote/LLY/history/,https://www.stockanalysis.com/stocks/lly/history/
JNJ,,2015-05-18,,102.3,2015-05-15,103.42,2015-05-18,1.09,103.96,,https://query1.finance.yahoo.com/v8/finance/chart/JNJ?period1=1430870400&period2=1432944000&interval=1d&includePrePost=false,Verified,,https://finance.yahoo.com/quote/JNJ/history/,https://www.stockanalysis.com/stocks/jnj/history/
FSNUY,,2015-05-08,,15.28,2015-05-07,15.48,2015-05-08,1.31,15.35,,https://query1.finance.yahoo.com/v8/finance/chart/FSNUY?period1=1430006400&period2=1432080000&interval=1d&includePrePost=false,Verified,,https://finance.yahoo.com/quote/FSNUY/history/,https://www.stockanalysis.com/stocks/fsnuy/history/
KYTH,"Kythera Biopharmaceuticals, Inc. (acquired by Allergan 2015)",2015-04-29,Approval,,,,,,,,https://query1.finance.yahoo.com/v8/finance/chart/KYTH?period1=1429228800&period2=1431388799&interval=1d&includePrePost=false,Data unavailable - no bar before decision date in capture,capture has no trading day before the decision date; master decision D453,https://finance.yahoo.com/quote/KYTH/history/,https://www.stockanalysis.com/stocks/kyth/history/
AMGN,Amgen Inc.,2015-04-15,Approval,162.57,2015-04-14,165.47,2015-04-15,1.78,166.87,,https://query1.finance.yahoo.com/v8/finance/chart/AMGN?period1=1428019200&period2=1430179199&interval=1d&includePrePost=false,Verified,master decision D454,https://finance.yahoo.com/quote/AMGN/history/,https://www.stockanalysis.com/stocks/amgn/history/
FSNUY,,2015-04-03,,14.94,2015-04-02,15.12,2015-04-06,1.2,14.91,,https://query1.finance.yahoo.com/v8/finance/chart/FSNUY?period1=1426982400&period2=1429056000&interval=1d&includePrePost=false,Verified - approx window,next trading day used: 2015-04-06,https://finance.yahoo.com/quote/FSNUY/history/,https://www.stockanalysis.com/stocks/fsnuy/history/
TEVA,,2015-03-31,,62.52,2015-03-30,62.3,2015-03-31,-0.35,62.54,,https://query1.finance.yahoo.com/v8/finance/chart/TEVA?period1=1426723200&period2=1428796800&interval=1d&includePrePost=false,Verified,,https://finance.yahoo.com/quote/TEVA/history/,https://www.stockanalysis.com/stocks/teva/history/
NVS,,2015-03-30,,89.9642,2015-03-27,90.7796,2015-03-30,0.91,88.3602,,https://query1.finance.yahoo.com/v8/finance/chart/NVS?period1=1426636800&period2=1428710400&interval=1d&includePrePost=false,Verified,,https://finance.yahoo.com/quote/NVS/history/,https://www.stockanalysis.com/stocks/nvs/history/
FSNUY,,2015-03-23,,14.99,2015-03-20,15.02,2015-03-23,0.2,15.14,,https://query1.finance.yahoo.com/v8/finance/chart/FSNUY?period1=1426032000&period2=1428105600&interval=1d&includePrePost=false,Verified,,https://finance.yahoo.com/quote/FSNUY/history/,https://www.stockanalysis.com/stocks/fsnuy/history/
VRTX,,2015-03-17,,127.73,2015-03-16,129.15,2015-03-17,1.11,129.79,,https://query1.finance.yahoo.com/v8/finance/chart/VRTX?period1=1425513600&period2=1427587200&interval=1d&includePrePost=false,Verified,,https://finance.yahoo.com/quote/VRTX/history/,https://www.stockanalysis.com/stocks/vrtx/history/
UTHR,United Therapeutics Corporation,2015-03-10,Approval,160.44,2015-03-09,163.84,2015-03-10,2.12,162.87,,https://query1.finance.yahoo.com/v8/finance/chart/UTHR?period1=1424908800&period2=1427068799&interval=1d&includePrePost=false,Verified,master decision D582,https://finance.yahoo.com/quote/UTHR/history/,https://www.stockanalysis.com/stocks/uthr/history/
ALPMY,Astellas Pharma Inc.,2015-03-06,Approval,16.64,2015-03-05,16.73,2015-03-06,0.54,16.16,,https://query1.finance.yahoo.com/v8/finance/chart/ALPMY?period1=1424563200&period2=1426723199&interval=1d&includePrePost=false,Verified,master decision D523,https://finance.yahoo.com/quote/ALPMY/history/,https://www.stockanalysis.com/stocks/alpmy/history/
BMY,,2015-03-04,,61.92,2015-03-03,65.67,2015-03-04,6.06,66.05,,https://query1.finance.yahoo.com/v8/finance/chart/BMY?period1=1424390400&period2=1426464000&interval=1d&includePrePost=false,Verified,,https://finance.yahoo.com/quote/BMY/history/,https://www.stockanalysis.com/stocks/bmy/history/
SNY,,2015-02-25,,50.39,2015-02-24,50.41,2015-02-25,0.04,48.87,,https://query1.finance.yahoo.com/v8/finance/chart/SNY?period1=1423785600&period2=1425859200&interval=1d&includePrePost=false,Verified,,https://finance.yahoo.com/quote/SNY/history/,https://www.stockanalysis.com/stocks/sny/history/
NVS,Novartis AG,2015-02-23,Approval,91.9355,2015-02-20,92.2939,2015-02-23,0.39,91.9803,,https://query1.finance.yahoo.com/v8/finance/chart/NVS?period1=1423612800&period2=1425772799&interval=1d&includePrePost=false,Verified,lineage proxy per master precedent (see master row notes: decision-date symbol differs from the modern ticker); master decision D455,https://finance.yahoo.com/quote/NVS/history/,https://www.stockanalysis.com/stocks/nvs/history/
ESALY,"Eisai Co., Ltd.",2015-02-13,Approval,,,,,,,,https://query1.finance.yahoo.com/v8/finance/chart/ESALY?period1=1422748800&period2=1424908799&interval=1d&includePrePost=false,Data unavailable - acquired/delisted or pre-Yahoo coverage,fetch status: FAILED HTTPError: HTTP Error 404: Not Found (recorded in the job manifest; never retried with a successor ticker); master decision D456,https://finance.yahoo.com/quote/ESALY/history/,https://www.stockanalysis.com/stocks/esaly/history/
MRK,,2015-02-06,,56.4599,2015-02-05,56.0973,2015-02-06,-0.64,55.6584,,https://query1.finance.yahoo.com/v8/finance/chart/MRK?period1=1422144000&period2=1424217600&interval=1d&includePrePost=false,Verified,,https://finance.yahoo.com/quote/MRK/history/,https://www.stockanalysis.com/stocks/mrk/history/
PFE,Pfizer Inc.,2015-02-03,Approval,30.0285,2015-02-02,30.3795,2015-02-03,1.17,30.4269,,https://query1.finance.yahoo.com/v8/finance/chart/PFE?period1=1421884800&period2=1424044799&interval=1d&includePrePost=false,Verified,master decision D457,https://finance.yahoo.com/quote/PFE/history/,https://www.stockanalysis.com/stocks/pfe/history/
ALC,,2015-01-30,,,,,,,,,https://query1.finance.yahoo.com/v8/finance/chart/ALC?period1=1421539200&period2=1423612800&interval=1d&includePrePost=false,Data unavailable - acquired/delisted or pre-Yahoo coverage,fetch status: FAILED HTTPError: HTTP Error 400: Bad Request,https://finance.yahoo.com/quote/ALC/history/,https://www.stockanalysis.com/stocks/alc/history/
JNJ,,2015-01-29,,101.48,2015-01-28,102.38,2015-01-29,0.89,100.14,,https://query1.finance.yahoo.com/v8/finance/chart/JNJ?period1=1421452800&period2=1423526400&interval=1d&includePrePost=false,Verified,,https://finance.yahoo.com/quote/JNJ/history/,https://www.stockanalysis.com/stocks/jnj/history/
BMY,,2015-01-29,,61.33,2015-01-28,61.14,2015-01-29,-0.31,60.27,,https://query1.finance.yahoo.com/v8/finance/chart/BMY?period1=1421452800&period2=1423526400&interval=1d&includePrePost=false,Verified,,https://finance.yahoo.com/quote/BMY/history/,https://www.stockanalysis.com/stocks/bmy/history/
NPSP,NPS Pharmaceuticals (acquired by Shire/Takeda 2015),2015-01-23,Approval,,,,,,,,https://query1.finance.yahoo.com/v8/finance/chart/NPSP?period1=1420934400&period2=1423094399&interval=1d&includePrePost=false,Data unavailable - no bar before decision date in capture,capture has no trading day before the decision date; master decision D580,https://finance.yahoo.com/quote/NPSP/history/,https://www.stockanalysis.com/stocks/npsp/history/
NVS,Novartis AG,2015-01-21,Approval,90.9319,2015-01-20,88.4857,2015-01-21,-2.69,86.7742,,https://query1.finance.yahoo.com/v8/finance/chart/NVS?period1=1420761600&period2=1422921599&interval=1d&includePrePost=false,Verified,lineage proxy per master precedent (see master row notes: decision-date symbol differs from the modern ticker); master decision D458,https://finance.yahoo.com/quote/NVS/history/,https://www.stockanalysis.com/stocks/nvs/history/
ALC,,2015-01-15,,,,,,,,,https://query1.finance.yahoo.com/v8/finance/chart/ALC?period1=1420243200&period2=1422316800&interval=1d&includePrePost=false,Data unavailable - acquired/delisted or pre-Yahoo coverage,fetch status: FAILED HTTPError: HTTP Error 400: Bad Request,https://finance.yahoo.com/quote/ALC/history/,https://www.stockanalysis.com/stocks/alc/history/
ABBV,,2015-01-09,,67.63,2015-01-08,65.78,2015-01-09,-2.74,65.76,,https://query1.finance.yahoo.com/v8/finance/chart/ABBV?period1=1419724800&period2=1421798400&interval=1d&includePrePost=false,Verified,,https://finance.yahoo.com/quote/ABBV/history/,https://www.stockanalysis.com/stocks/abbv/history/
FSNUY,,2015-01-08,,12.62,2015-01-07,12.93,2015-01-08,2.46,12.94,,https://query1.finance.yahoo.com/v8/finance/chart/FSNUY?period1=1419638400&period2=1421712000&interval=1d&includePrePost=false,Verified,,https://finance.yahoo.com/quote/FSNUY/history/,https://www.stockanalysis.com/stocks/fsnuy/history/
DSNKY,"Daiichi Sankyo Company, Limited",2015-01-08,Approval,4.6,2015-01-07,4.7533,2015-01-08,3.33,4.46,,https://query1.finance.yahoo.com/v8/finance/chart/DSNKY?period1=1419638400&period2=1421798399&interval=1d&includePrePost=false,Verified,master decision D459,https://finance.yahoo.com/quote/DSNKY/history/,https://www.stockanalysis.com/stocks/dsnky/history/
AMRX,,2015-01-07,,,,,,,,,https://query1.finance.yahoo.com/v8/finance/chart/AMRX?period1=1419552000&period2=1421625600&interval=1d&includePrePost=false,Data unavailable - acquired/delisted or pre-Yahoo coverage,fetch status: FAILED HTTPError: HTTP Error 400: Bad Request,https://finance.yahoo.com/quote/AMRX/history/,https://www.stockanalysis.com/stocks/amrx/history/
NVO,,2014-12-23,,22.06,2014-12-22,21.36,2014-12-23,-3.17,21.9,,https://query1.finance.yahoo.com/v8/finance/chart/NVO?period1=1418256000&period2=1420329600&interval=1d&includePrePost=false,Verified,,https://finance.yahoo.com/quote/NVO/history/,https://www.stockanalysis.com/stocks/nvo/history/
ABBV,,2014-12-23,,66.97,2014-12-22,64.35,2014-12-23,-3.91,66.21,,https://query1.finance.yahoo.com/v8/finance/chart/ABBV?period1=1418256000&period2=1420329600&interval=1d&includePrePost=false,Verified,,https://finance.yahoo.com/quote/ABBV/history/,https://www.stockanalysis.com/stocks/abbv/history/
BMY,Bristol Myers Squibb Company,2014-12-22,Approval,61.3,2014-12-19,61.06,2014-12-22,-0.39,59.16,,https://query1.finance.yahoo.com/v8/finance/chart/BMY?period1=1418169600&period2=1420329599&interval=1d&includePrePost=false,Verified,master decision D566,https://finance.yahoo.com/quote/BMY/history/,https://www.stockanalysis.com/stocks/bmy/history/
GALDY,,2014-12-19,,,,,,,,,https://query1.finance.yahoo.com/v8/finance/chart/GALDY?period1=1417910400&period2=1419984000&interval=1d&includePrePost=false,Data unavailable - acquired/delisted or pre-Yahoo coverage,fetch status: FAILED HTTPError: HTTP Error 400: Bad Request,https://finance.yahoo.com/quote/GALDY/history/,https://www.stockanalysis.com/stocks/galdy/history/
CBST,Cubist Pharmaceuticals (acquired by Merck 2015),2014-12-19,Approval,,,,,,,,https://query1.finance.yahoo.com/v8/finance/chart/CBST?period1=1417910400&period2=1420070399&interval=1d&includePrePost=false,Data unavailable - no bar before decision date in capture,capture has no trading day before the decision date; master decision D563,https://finance.yahoo.com/quote/CBST/history/,https://www.stockanalysis.com/stocks/cbst/history/
BCRX,"BioCryst Pharmaceuticals, Inc.",2014-12-19,Approval,11.09,2014-12-18,11.16,2014-12-19,0.63,11.13,,https://query1.finance.yahoo.com/v8/finance/chart/BCRX?period1=1417910400&period2=1420070399&interval=1d&includePrePost=false,Verified,master decision D564,https://finance.yahoo.com/quote/BCRX/history/,https://www.stockanalysis.com/stocks/bcrx/history/
AZN,AstraZeneca PLC,2014-12-19,Approval,72.11,2014-12-18,71.69,2014-12-19,-0.58,72.09,,https://query1.finance.yahoo.com/v8/finance/chart/AZN?period1=1417910400&period2=1420070399&interval=1d&includePrePost=false,Verified,lineage proxy per master precedent (see master row notes: decision-date symbol differs from the modern ticker); master decision D562,https://finance.yahoo.com/quote/AZN/history/,https://www.stockanalysis.com/stocks/azn/history/
ABBV,AbbVie Inc.,2014-12-19,Approval,67.92,2014-12-18,67.71,2014-12-19,-0.31,66.97,,https://query1.finance.yahoo.com/v8/finance/chart/ABBV?period1=1417910400&period2=1420070399&interval=1d&includePrePost=false,Verified,master decision D565,https://finance.yahoo.com/quote/ABBV/history/,https://www.stockanalysis.com/stocks/abbv/history/
RDY,"Dr. Reddy’s Laboratories, Limited-",2014-12-17,CRL,9.69,2014-12-16,9.924,2014-12-17,2.41,10.056,,https://query1.finance.yahoo.com/v8/finance/chart/RDY?period1=1417737600&period2=1419897599&interval=1d&includePrePost=false,Verified,,https://finance.yahoo.com/quote/RDY/history/,https://www.stockanalysis.com/stocks/rdy/history/
NVS,Novartis AG (Alcon),2014-12-17,Approval,82.1237,2014-12-16,82.6971,2014-12-17,0.7,84.7401,,https://query1.finance.yahoo.com/v8/finance/chart/NVS?period1=1417737600&period2=1419897599&interval=1d&includePrePost=false,Verified,lineage proxy per master precedent (see master row notes: decision-date symbol differs from the modern ticker); master decision D561,https://finance.yahoo.com/quote/NVS/history/,https://www.stockanalysis.com/stocks/nvs/history/
TEVA,,2014-12-15,,55.92,2014-12-12,55.62,2014-12-15,-0.54,55.15,,https://query1.finance.yahoo.com/v8/finance/chart/TEVA?period1=1417564800&period2=1419638400&interval=1d&includePrePost=false,Verified,,https://finance.yahoo.com/quote/TEVA/history/,https://www.stockanalysis.com/stocks/teva/history/
AMGN,Amgen Inc.,2014-12-03,Approval,169.28,2014-12-02,168.07,2014-12-03,-0.71,166.55,,https://query1.finance.yahoo.com/v8/finance/chart/AMGN?period1=1416528000&period2=1418687999&interval=1d&includePrePost=false,Verified,master decision D560,https://finance.yahoo.com/quote/AMGN/history/,https://www.stockanalysis.com/stocks/amgn/history/
AZN,,2014-10-29,,71.43,2014-10-28,71.53,2014-10-29,0.14,72.6,,https://query1.finance.yahoo.com/v8/finance/chart/AZN?period1=1413504000&period2=1415577600&interval=1d&includePrePost=false,Verified,,https://finance.yahoo.com/quote/AZN/history/,https://www.stockanalysis.com/stocks/azn/history/
PFE,,2014-10-21,,26.4991,2014-10-20,26.8311,2014-10-21,1.25,26.8501,,https://query1.finance.yahoo.com/v8/finance/chart/PFE?period1=1412812800&period2=1414886400&interval=1d&includePrePost=false,Verified,,https://finance.yahoo.com/quote/PFE/history/,https://www.stockanalysis.com/stocks/pfe/history/
ITMN,"InterMune, Inc. (acquired by Roche 2014)",2014-10-15,Approval,,,,,,,,https://query1.finance.yahoo.com/v8/finance/chart/ITMN?period1=1412294400&period2=1414454399&interval=1d&includePrePost=false,Data unavailable - no bar before decision date in capture,capture has no trading day before the decision date; master decision D559,https://finance.yahoo.com/quote/ITMN/history/,https://www.stockanalysis.com/stocks/itmn/history/
GILD,"Gilead Sciences, Inc.",2014-10-10,Approval,105.85,2014-10-09,103.73,2014-10-10,-2.0,101.44,,https://query1.finance.yahoo.com/v8/finance/chart/GILD?period1=1411862400&period2=1414022399&interval=1d&includePrePost=false,Verified,master decision D558,https://finance.yahoo.com/quote/GILD/history/,https://www.stockanalysis.com/stocks/gild/history/
BHC,,2014-10-07,,128.41,2014-10-06,125.23,2014-10-07,-2.48,125.9,,https://query1.finance.yahoo.com/v8/finance/chart/BHC?period1=1411603200&period2=1413676800&interval=1d&includePrePost=false,Verified,,https://finance.yahoo.com/quote/BHC/history/,https://www.stockanalysis.com/stocks/bhc/history/
TAK,,2014-09-24,,22.5,2014-09-23,22.59,2014-09-24,0.4,22.15,,https://query1.finance.yahoo.com/v8/finance/chart/TAK?period1=1410480000&period2=1412553600&interval=1d&includePrePost=false,Verified,,https://finance.yahoo.com/quote/TAK/history/,https://www.stockanalysis.com/stocks/tak/history/
GILD,,2014-09-24,,105.39,2014-09-23,108.71,2014-09-24,3.15,107.34,,https://query1.finance.yahoo.com/v8/finance/chart/GILD?period1=1410480000&period2=1412553600&interval=1d&includePrePost=false,Verified,,https://finance.yahoo.com/quote/GILD/history/,https://www.stockanalysis.com/stocks/gild/history/
BMY,,2014-09-23,,51.67,2014-09-22,51.29,2014-09-23,-0.74,51.96,,https://query1.finance.yahoo.com/v8/finance/chart/BMY?period1=1410393600&period2=1412467200&interval=1d&includePrePost=false,Verified,,https://finance.yahoo.com/quote/BMY/history/,https://www.stockanalysis.com/stocks/bmy/history/
LLY,Eli Lilly and Company,2014-09-18,Approval,65.91,2014-09-17,66.59,2014-09-18,1.03,66.53,,https://query1.finance.yahoo.com/v8/finance/chart/LLY?period1=1409961600&period2=1412121599&interval=1d&includePrePost=false,Verified,master decision D557,https://finance.yahoo.com/quote/LLY/history/,https://www.stockanalysis.com/stocks/lly/history/
AZN,AstraZeneca PLC,2014-09-16,Approval,73.78,2014-09-15,73.64,2014-09-16,-0.19,73.26,,https://query1.finance.yahoo.com/v8/finance/chart/AZN?period1=1409788800&period2=1411948799&interval=1d&includePrePost=false,Verified,lineage proxy per master precedent (see master row notes: decision-date symbol differs from the modern ticker); master decision D556,https://finance.yahoo.com/quote/AZN/history/,https://www.stockanalysis.com/stocks/azn/history/
OREX,Orexigen Therapeutics (filed 2018; Contrave to Nalpropion),2014-09-10,Approval,,,,,,,,https://query1.finance.yahoo.com/v8/finance/chart/OREX?period1=1409270400&period2=1411430399&interval=1d&includePrePost=false,Data unavailable - no bar before decision date in capture,capture has no trading day before the decision date; master decision D634,https://finance.yahoo.com/quote/OREX/history/,https://www.stockanalysis.com/stocks/orex/history/
MRK,"Merck & Co., Inc.",2014-09-04,Approval,57.7099,2014-09-03,57.3282,2014-09-04,-0.66,58.3779,,https://query1.finance.yahoo.com/v8/finance/chart/MRK?period1=1408752000&period2=1410911999&interval=1d&includePrePost=false,Verified,master decision D555,https://finance.yahoo.com/quote/MRK/history/,https://www.stockanalysis.com/stocks/mrk/history/
FSNUY,,2014-08-25,,12.33,2014-08-22,12.31,2014-08-25,-0.16,12.4,,https://query1.finance.yahoo.com/v8/finance/chart/FSNUY?period1=1407888000&period2=1409961600&interval=1d&includePrePost=false,Verified,,https://finance.yahoo.com/quote/FSNUY/history/,https://www.stockanalysis.com/stocks/fsnuy/history/
GSK,,2014-08-20,,47.35,2014-08-19,47.81,2014-08-20,0.97,47.7,,https://query1.finance.yahoo.com/v8/finance/chart/GSK?period1=1407456000&period2=1409529600&interval=1d&includePrePost=false,Verified,,https://finance.yahoo.com/quote/GSK/history/,https://www.stockanalysis.com/stocks/gsk/history/
SNY,Sanofi S.A. (Genzyme),2014-08-19,Approval,53.44,2014-08-18,53.29,2014-08-19,-0.28,52.79,,https://query1.finance.yahoo.com/v8/finance/chart/SNY?period1=1407369600&period2=1409529599&interval=1d&includePrePost=false,Verified,lineage proxy per master precedent (see master row notes: decision-date symbol differs from the modern ticker); master decision D554,https://finance.yahoo.com/quote/SNY/history/,https://www.stockanalysis.com/stocks/sny/history/
BIIB,Biogen Inc.,2014-08-15,Approval,337.01,2014-08-14,342.47,2014-08-15,1.62,344.6,,https://query1.finance.yahoo.com/v8/finance/chart/BIIB?period1=1407024000&period2=1409183999&interval=1d&includePrePost=false,Verified,master decision D553,https://finance.yahoo.com/quote/BIIB/history/,https://www.stockanalysis.com/stocks/biib/history/
MRK,"Merck & Co., Inc.",2014-08-13,Approval,54.4179,2014-08-12,55.2004,2014-08-13,1.44,56.0878,,https://query1.finance.yahoo.com/v8/finance/chart/MRK?period1=1406851200&period2=1409011199&interval=1d&includePrePost=false,Verified,master decision D552,https://finance.yahoo.com/quote/MRK/history/,https://www.stockanalysis.com/stocks/mrk/history/
JNJ,,2014-08-08,,99.93,2014-08-07,101.08,2014-08-08,1.15,101.16,,https://query1.finance.yahoo.com/v8/finance/chart/JNJ?period1=1406419200&period2=1408492800&interval=1d&includePrePost=false,Verified,,https://finance.yahoo.com/quote/JNJ/history/,https://www.stockanalysis.com/stocks/jnj/history/
MDCO,The Medicines Company (acquired by Chiesi/Novartis),2014-08-06,Approval,,,,,,,,https://query1.finance.yahoo.com/v8/finance/chart/MDCO?period1=1406246400&period2=1408406399&interval=1d&includePrePost=false,Data unavailable - acquired/delisted or pre-Yahoo coverage,fetch status: FAILED HTTPError: HTTP Error 404: Not Found (recorded in the job manifest; never retried with a successor ticker); master decision D616,https://finance.yahoo.com/quote/MDCO/history/,https://www.stockanalysis.com/stocks/mdco/history/
HLN,,2014-07-23,,,,,,,,,https://query1.finance.yahoo.com/v8/finance/chart/HLN?period1=1405036800&period2=1407110400&interval=1d&includePrePost=false,Data unavailable - acquired/delisted or pre-Yahoo coverage,fetch status: FAILED HTTPError: HTTP Error 400: Bad Request,https://finance.yahoo.com/quote/HLN/history/,https://www.stockanalysis.com/stocks/hln/history/
GILD,"Gilead Sciences, Inc.",2014-07-23,Approval,89.33,2014-07-22,90.34,2014-07-23,1.13,90.54,,https://query1.finance.yahoo.com/v8/finance/chart/GILD?period1=1405036800&period2=1407196799&interval=1d&includePrePost=false,Verified,master decision D551,https://finance.yahoo.com/quote/GILD/history/,https://www.stockanalysis.com/stocks/gild/history/
EGRX,,2014-07-22,,13.425,2014-07-21,13.07,2014-07-22,-2.64,12.61,,https://query1.finance.yahoo.com/v8/finance/chart/EGRX?period1=1404950400&period2=1407024000&interval=1d&includePrePost=false,Verified,,https://finance.yahoo.com/quote/EGRX/history/,https://www.stockanalysis.com/stocks/egrx/history/
ANAC,Anacor Pharmaceuticals (acquired by Pfizer 2016),2014-07-07,Approval,,,,,,,,https://query1.finance.yahoo.com/v8/finance/chart/ANAC?period1=1403654400&period2=1405814399&interval=1d&includePrePost=false,Data unavailable - acquired/delisted or pre-Yahoo coverage,fetch status: FAILED HTTPError: HTTP Error 404: Not Found (recorded in the job manifest; never retried with a successor ticker); master decision D550,https://finance.yahoo.com/quote/ANAC/history/,https://www.stockanalysis.com/stocks/anac/history/
SPPI,Spectrum Pharmaceuticals,2014-07-03,Approval,,,,,,,,https://query1.finance.yahoo.com/v8/finance/chart/SPPI?period1=1403308800&period2=1405468799&interval=1d&includePrePost=false,Data unavailable - acquired/delisted or pre-Yahoo coverage,fetch status: FAILED HTTPError: HTTP Error 404: Not Found (recorded in the job manifest; never retried with a successor ticker); master decision D549,https://finance.yahoo.com/quote/SPPI/history/,https://www.stockanalysis.com/stocks/sppi/history/
CBST,Cubist Pharmaceuticals (acquired by Merck 2015),2014-06-20,Approval,,,,,,,,https://query1.finance.yahoo.com/v8/finance/chart/CBST?period1=1402185600&period2=1404345599&interval=1d&includePrePost=false,Data unavailable - no bar before decision date in capture,capture has no trading day before the decision date; master decision D548,https://finance.yahoo.com/quote/CBST/history/,https://www.stockanalysis.com/stocks/cbst/history/
BHC,Bausch Health Companies Inc. (Valeant/Dow Pharma),2014-06-06,Approval,128.34,2014-06-05,127.46,2014-06-06,-0.69,126.63,,https://query1.finance.yahoo.com/v8/finance/chart/BHC?period1=1400976000&period2=1403135999&interval=1d&includePrePost=false,Verified,master decision D617,https://finance.yahoo.com/quote/BHC/history/,https://www.stockanalysis.com/stocks/bhc/history/
BMY,,2014-06-02,,49.74,2014-05-30,49.09,2014-06-02,-1.31,48.98,,https://query1.finance.yahoo.com/v8/finance/chart/BMY?period1=1400630400&period2=1402704000&interval=1d&includePrePost=false,Verified,,https://finance.yahoo.com/quote/BMY/history/,https://www.stockanalysis.com/stocks/bmy/history/
DRTX,Durata Therapeutics (acquired by Actavis/Allergan 2014),2014-05-23,Approval,,,,,,,,https://query1.finance.yahoo.com/v8/finance/chart/DRTX?period1=1399766400&period2=1401926399&interval=1d&includePrePost=false,Data unavailable - no bar before decision date in capture,capture has no trading day before the decision date; master decision D547,https://finance.yahoo.com/quote/DRTX/history/,https://www.stockanalysis.com/stocks/drtx/history/
TAK,Takeda Pharmaceutical Company Limited,2014-05-20,Approval,22.19,2014-05-19,22.13,2014-05-20,-0.27,22.17,,https://query1.finance.yahoo.com/v8/finance/chart/TAK?period1=1399507200&period2=1401667199&interval=1d&includePrePost=false,Verified,master decision D546,https://finance.yahoo.com/quote/TAK/history/,https://www.stockanalysis.com/stocks/tak/history/
NVS,,2014-05-15,,79.9642,2014-05-14,80.5824,2014-05-15,0.77,80.5376,,https://query1.finance.yahoo.com/v8/finance/chart/NVS?period1=1399075200&period2=1401148800&interval=1d&includePrePost=false,Verified,,https://finance.yahoo.com/quote/NVS/history/,https://www.stockanalysis.com/stocks/nvs/history/
MRK,"Merck & Co., Inc.",2014-05-08,Approval,53.2824,2014-05-07,52.3187,2014-05-08,-1.81,52.6813,,https://query1.finance.yahoo.com/v8/finance/chart/MRK?period1=1398470400&period2=1400630399&interval=1d&includePrePost=false,Verified,master decision D545,https://finance.yahoo.com/quote/MRK/history/,https://www.stockanalysis.com/stocks/mrk/history/
AZN,,2014-05-05,,81.02,2014-05-02,79.87,2014-05-05,-1.42,79.12,,https://query1.finance.yahoo.com/v8/finance/chart/AZN?period1=1398211200&period2=1400284800&interval=1d&includePrePost=false,Verified,,https://finance.yahoo.com/quote/AZN/history/,https://www.stockanalysis.com/stocks/azn/history/
NVS,Novartis AG,2014-04-29,Approval,76.4875,2014-04-28,77.4642,2014-04-29,1.28,77.9032,,https://query1.finance.yahoo.com/v8/finance/chart/NVS?period1=1397692800&period2=1399852799&interval=1d&includePrePost=false,Verified,lineage proxy per master precedent (see master row notes: decision-date symbol differs from the modern ticker); master decision D544,https://finance.yahoo.com/quote/NVS/history/,https://www.stockanalysis.com/stocks/nvs/history/
OGN,,2014-04-25,,,,,,,,,https://query1.finance.yahoo.com/v8/finance/chart/OGN?period1=1397347200&period2=1399420800&interval=1d&includePrePost=false,Data unavailable - acquired/delisted or pre-Yahoo coverage,fetch status: FAILED HTTPError: HTTP Error 400: Bad Request,https://finance.yahoo.com/quote/OGN/history/,https://www.stockanalysis.com/stocks/ogn/history/
JNJ,Johnson & Johnson (Janssen),2014-04-23,Approval,100.18,2014-04-22,100.22,2014-04-23,0.04,99.96,,https://query1.finance.yahoo.com/v8/finance/chart/JNJ?period1=1397174400&period2=1399334399&interval=1d&includePrePost=false,Verified,master decision D543,https://finance.yahoo.com/quote/JNJ/history/,https://www.stockanalysis.com/stocks/jnj/history/
LLY,Eli Lilly and Company,2014-04-21,Approval,60.43,2014-04-17,60.86,2014-04-21,0.71,60.03,,https://query1.finance.yahoo.com/v8/finance/chart/LLY?period1=1397001600&period2=1399161599&interval=1d&includePrePost=false,Verified,master decision D542,https://finance.yahoo.com/quote/LLY/history/,https://www.stockanalysis.com/stocks/lly/history/
GSK,GlaxoSmithKline plc,2014-04-15,Approval,51.84,2014-04-14,52.32,2014-04-15,0.93,52.82,,https://query1.finance.yahoo.com/v8/finance/chart/GSK?period1=1396483200&period2=1398643199&interval=1d&includePrePost=false,Verified,lineage proxy per master precedent (see master row notes: decision-date symbol differs from the modern ticker); master decision D541,https://finance.yahoo.com/quote/GSK/history/,https://www.stockanalysis.com/stocks/gsk/history/
AZN,,2014-03-28,,64.97,2014-03-27,65.2,2014-03-28,0.35,64.88,,https://query1.finance.yahoo.com/v8/finance/chart/AZN?period1=1394928000&period2=1397001600&interval=1d&includePrePost=false,Verified,,https://finance.yahoo.com/quote/AZN/history/,https://www.stockanalysis.com/stocks/azn/history/
CELG,Celgene Corporation (acquired by BMS 2019),2014-03-21,Approval,,,,,,,,https://query1.finance.yahoo.com/v8/finance/chart/CELG?period1=1394323200&period2=1396483199&interval=1d&includePrePost=false,Data unavailable - acquired/delisted or pre-Yahoo coverage,fetch status: FAILED HTTPError: HTTP Error 404: Not Found (recorded in the job manifest; never retried with a successor ticker); master decision D540,https://finance.yahoo.com/quote/CELG/history/,https://www.stockanalysis.com/stocks/celg/history/
ENDP,Paladin Therapeutics (acquired by Endo International Feb 2014),2014-03-19,Approval,,,,,,,,https://query1.finance.yahoo.com/v8/finance/chart/ENDP?period1=1394150400&period2=1396310399&interval=1d&includePrePost=false,Data unavailable - acquired/delisted or pre-Yahoo coverage,fetch status: FAILED HTTPError: HTTP Error 404: Not Found (recorded in the job manifest; never retried with a successor ticker); master decision D618,https://finance.yahoo.com/quote/ENDP/history/,https://www.stockanalysis.com/stocks/endp/history/
PFE,,2014-03-13,,30.3416,2014-03-12,29.5256,2014-03-13,-2.69,29.63,,https://query1.finance.yahoo.com/v8/finance/chart/PFE?period1=1393632000&period2=1395705600&interval=1d&includePrePost=false,Verified,,https://finance.yahoo.com/quote/PFE/history/,https://www.stockanalysis.com/stocks/pfe/history/
MRK,,2014-03-13,,54.208,2014-03-12,53.2347,2014-03-13,-1.8,53.1489,,https://query1.finance.yahoo.com/v8/finance/chart/MRK?period1=1393632000&period2=1395705600&interval=1d&includePrePost=false,Verified,,https://finance.yahoo.com/quote/MRK/history/,https://www.stockanalysis.com/stocks/mrk/history/
AZN,Amylin (BMS/AstraZeneca),2014-02-24,Approval,66.61,2014-02-21,68.05,2014-02-24,2.16,67.79,,https://query1.finance.yahoo.com/v8/finance/chart/AZN?period1=1392163200&period2=1394323199&interval=1d&includePrePost=false,Verified,lineage proxy per master precedent (see master row notes: decision-date symbol differs from the modern ticker); master decision D539,https://finance.yahoo.com/quote/AZN/history/,https://www.stockanalysis.com/stocks/azn/history/
CHTP,Chelsea Therapeutics (acquired by Lundbeck 2014),2014-02-18,Approval,,,,,,,,https://query1.finance.yahoo.com/v8/finance/chart/CHTP?period1=1391644800&period2=1393804799&interval=1d&includePrePost=false,Data unavailable - no bar before decision date in capture,capture has no trading day before the decision date; master decision D538,https://finance.yahoo.com/quote/CHTP/history/,https://www.stockanalysis.com/stocks/chtp/history/
BMRN,BioMarin Pharmaceutical Inc.,2014-02-14,Approval,75.93,2014-02-13,75.81,2014-02-14,-0.16,76.39,,https://query1.finance.yahoo.com/v8/finance/chart/BMRN?period1=1391299200&period2=1393459199&interval=1d&includePrePost=false,Verified,master decision D537,https://finance.yahoo.com/quote/BMRN/history/,https://www.stockanalysis.com/stocks/bmrn/history/
DRRX,DURECT Corporation,2014-02-12,CRL,,,,,,,,https://query1.finance.yahoo.com/v8/finance/chart/DRRX?period1=1391126400&period2=1393286399&interval=1d&includePrePost=false,Data unavailable - acquired/delisted or pre-Yahoo coverage,fetch status: FAILED HTTPError: HTTP Error 404: Not Found (recorded in the job manifest; never retried with a successor ticker),https://finance.yahoo.com/quote/DRRX/history/,https://www.stockanalysis.com/stocks/drrx/history/
VNDA,Vanda Pharmaceuticals Inc.,2014-01-31,Approval,13.06,2014-01-30,13.23,2014-01-31,1.3,11.11,,https://query1.finance.yahoo.com/v8/finance/chart/VNDA?period1=1390089600&period2=1392249599&interval=1d&includePrePost=false,Verified,master decision D536,https://finance.yahoo.com/quote/VNDA/history/,https://www.stockanalysis.com/stocks/vnda/history/
RDHL,RedHill Biopharma Ltd.,2014-01-31,CRL,12620,2014-01-30,12550,2014-01-31,-0.55,13400,,https://query1.finance.yahoo.com/v8/finance/chart/RDHL?period1=1390089600&period2=1392249599&interval=1d&includePrePost=false,Verified,,https://finance.yahoo.com/quote/RDHL/history/,https://www.stockanalysis.com/stocks/rdhl/history/
BAYRY,,2014-01-17,,34.5925,2014-01-16,34.21,2014-01-17,-1.11,35.0625,,https://query1.finance.yahoo.com/v8/finance/chart/BAYRY?period1=1388880000&period2=1390953600&interval=1d&includePrePost=false,Verified,,https://finance.yahoo.com/quote/BAYRY/history/,https://www.stockanalysis.com/stocks/bayry/history/
HZNP,,2014-01-16,,,,,,,,,https://query1.finance.yahoo.com/v8/finance/chart/HZNP?period1=1388793600&period2=1390867200&interval=1d&includePrePost=false,Data unavailable - acquired/delisted or pre-Yahoo coverage,fetch status: FAILED HTTPError: HTTP Error 404: Not Found,https://finance.yahoo.com/quote/HZNP/history/,https://www.stockanalysis.com/stocks/hznp/history/
BMY,Bristol Myers Squibb Company,2014-01-08,Approval,52.56,2014-01-07,53.42,2014-01-08,1.64,55.03,,https://query1.finance.yahoo.com/v8/finance/chart/BMY?period1=1388102400&period2=1390262399&interval=1d&includePrePost=false,Verified,master decision D535,https://finance.yahoo.com/quote/BMY/history/,https://www.stockanalysis.com/stocks/bmy/history/
UTHR,,2013-12-20,,86.76,2013-12-19,87.84,2013-12-20,1.24,114.51,,https://query1.finance.yahoo.com/v8/finance/chart/UTHR?period1=1386460800&period2=1388534400&interval=1d&includePrePost=false,Verified,,https://finance.yahoo.com/quote/UTHR/history/,https://www.stockanalysis.com/stocks/uthr/history/
MRK,,2013-12-20,,46.5553,2013-12-19,47.0611,2013-12-20,1.09,47.0992,,https://query1.finance.yahoo.com/v8/finance/chart/MRK?period1=1386460800&period2=1388534400&interval=1d&includePrePost=false,Verified,,https://finance.yahoo.com/quote/MRK/history/,https://www.stockanalysis.com/stocks/mrk/history/
BMRN,,2013-12-19,,68.76,2013-12-18,68.36,2013-12-19,-0.58,68.86,,https://query1.finance.yahoo.com/v8/finance/chart/BMRN?period1=1386374400&period2=1388448000&interval=1d&includePrePost=false,Verified,,https://finance.yahoo.com/quote/BMRN/history/,https://www.stockanalysis.com/stocks/bmrn/history/
GSK,GlaxoSmithKline plc,2013-12-18,Approval,51.05,2013-12-17,51.34,2013-12-18,0.57,51.57,,https://query1.finance.yahoo.com/v8/finance/chart/GSK?period1=1386288000&period2=1388447999&interval=1d&includePrePost=false,Verified,lineage proxy per master precedent (see master row notes: decision-date symbol differs from the modern ticker); master decision D571,https://finance.yahoo.com/quote/GSK/history/,https://www.stockanalysis.com/stocks/gsk/history/
GILD,"Gilead Sciences, Inc.",2013-12-06,Approval,73.19,2013-12-05,73.99,2013-12-06,1.09,75.19,,https://query1.finance.yahoo.com/v8/finance/chart/GILD?period1=1385251200&period2=1387411199&interval=1d&includePrePost=false,Verified,master decision D569,https://finance.yahoo.com/quote/GILD/history/,https://www.stockanalysis.com/stocks/gild/history/
MRK,,2013-11-25,,46.6985,2013-11-22,47.3855,2013-11-25,1.47,47.3092,,https://query1.finance.yahoo.com/v8/finance/chart/MRK?period1=1384300800&period2=1386374400&interval=1d&includePrePost=false,Verified,,https://finance.yahoo.com/quote/MRK/history/,https://www.stockanalysis.com/stocks/mrk/history/
JNJ,Johnson & Johnson (Janssen),2013-11-22,Approval,95.2,2013-11-21,95.25,2013-11-22,0.05,95.63,,https://query1.finance.yahoo.com/v8/finance/chart/JNJ?period1=1384041600&period2=1386201599&interval=1d&includePrePost=false,Verified,master decision D567,https://finance.yahoo.com/quote/JNJ/history/,https://www.stockanalysis.com/stocks/jnj/history/
BHC,Bausch Health Companies Inc.,2013-11-14,Approval,107.15,2013-11-13,105.86,2013-11-14,-1.2,107.12,,https://query1.finance.yahoo.com/v8/finance/chart/BHC?period1=1383350400&period2=1385510399&interval=1d&includePrePost=false,Verified,master decision D629,https://finance.yahoo.com/quote/BHC/history/,https://www.stockanalysis.com/stocks/bhc/history/
PCYC,Pharmacyclics Inc. (acquired by AbbVie 2015),2013-11-13,Approval,,,,,,,,https://query1.finance.yahoo.com/v8/finance/chart/PCYC?period1=1383264000&period2=1385423999&interval=1d&includePrePost=false,Data unavailable - no bar before decision date in capture,capture has no trading day before the decision date; master decision D570,https://finance.yahoo.com/quote/PCYC/history/,https://www.stockanalysis.com/stocks/pcyc/history/
RHHBY,"Genentech, Inc. (Roche group)",2013-11-01,Approval,34.67,2013-10-31,34.73,2013-11-01,0.17,34.92,,https://query1.finance.yahoo.com/v8/finance/chart/RHHBY?period1=1382227200&period2=1384387199&interval=1d&includePrePost=false,Verified,lineage proxy per master precedent (see master row notes: decision-date symbol differs from the modern ticker); master decision D568,https://finance.yahoo.com/quote/RHHBY/history/,https://www.stockanalysis.com/stocks/rhhby/history/
FSNUY,,2013-10-30,,10.9333,2013-10-29,11.04,2013-10-30,0.98,10.8067,,https://query1.finance.yahoo.com/v8/finance/chart/FSNUY?period1=1382054400&period2=1384128000&interval=1d&includePrePost=false,Verified,,https://finance.yahoo.com/quote/FSNUY/history/,https://www.stockanalysis.com/stocks/fsnuy/history/
GE,GE Healthcare (General Electric),2013-10-25,Approval,124.3158,2013-10-24,124.0283,2013-10-25,-0.23,125.0347,,https://query1.finance.yahoo.com/v8/finance/chart/GE?period1=1381622400&period2=1383782399&interval=1d&includePrePost=false,Verified,lineage proxy per master precedent (see master row notes: decision-date symbol differs from the modern ticker); master decision D579,https://finance.yahoo.com/quote/GE/history/,https://www.stockanalysis.com/stocks/ge/history/
TEVA,,2013-10-11,,40.59,2013-10-10,41.04,2013-10-11,1.11,40.36,,https://query1.finance.yahoo.com/v8/finance/chart/TEVA?period1=1380412800&period2=1382486400&interval=1d&includePrePost=false,Verified,,https://finance.yahoo.com/quote/TEVA/history/,https://www.stockanalysis.com/stocks/teva/history/
BAYRY,Bayer AG,2013-10-08,Approval,28.8425,2013-10-07,28.5175,2013-10-08,-1.13,28.535,,https://query1.finance.yahoo.com/v8/finance/chart/BAYRY?period1=1380153600&period2=1382313599&interval=1d&includePrePost=false,Verified,master decision D572,https://finance.yahoo.com/quote/BAYRY/history/,https://www.stockanalysis.com/stocks/bayry/history/
PFE,Pfizer Inc.,2013-10-03,Approval,27.5237,2013-10-02,27.296,2013-10-03,-0.83,27.5142,,https://query1.finance.yahoo.com/v8/finance/chart/PFE?period1=1379721600&period2=1381881599&interval=1d&includePrePost=false,Verified,master decision D577,https://finance.yahoo.com/quote/PFE/history/,https://www.stockanalysis.com/stocks/pfe/history/
BAX,,2013-10-03,,34.704,2013-10-02,35.0136,2013-10-03,0.89,35.3123,,https://query1.finance.yahoo.com/v8/finance/chart/BAX?period1=1379721600&period2=1381795200&interval=1d&includePrePost=false,Verified,,https://finance.yahoo.com/quote/BAX/history/,https://www.stockanalysis.com/stocks/bax/history/
TAK,Takeda Pharmaceutical Company Limited,2013-09-30,Approval,23.58,2013-09-27,23.72,2013-09-30,0.59,23.52,,https://query1.finance.yahoo.com/v8/finance/chart/TAK?period1=1379462400&period2=1381622399&interval=1d&includePrePost=false,Verified,master decision D576,https://finance.yahoo.com/quote/TAK/history/,https://www.stockanalysis.com/stocks/tak/history/
DCTH,"Delcath Systems, Incorporated",2013-09-12,CRL,,,,,,,,https://query1.finance.yahoo.com/v8/finance/chart/DCTH?period1=1377907200&period2=1380067199&interval=1d&includePrePost=false,Data unavailable - acquired/delisted or pre-Yahoo coverage,fetch status: FAILED HTTPError: HTTP Error 400: Bad Request (recorded in the job manifest; never retried with a successor ticker),https://finance.yahoo.com/quote/DCTH/history/,https://www.stockanalysis.com/stocks/dcth/history/
UTHR,,2013-08-31,,70.91,2013-08-30,72.03,2013-09-03,1.58,73.5,,https://query1.finance.yahoo.com/v8/finance/chart/UTHR?period1=1376870400&period2=1378944000&interval=1d&includePrePost=false,Verified - approx window,next trading day used: 2013-09-03,https://finance.yahoo.com/quote/UTHR/history/,https://www.stockanalysis.com/stocks/uthr/history/
GALDY,,2013-08-23,,,,,,,,,https://query1.finance.yahoo.com/v8/finance/chart/GALDY?period1=1376179200&period2=1378252800&interval=1d&includePrePost=false,Data unavailable - acquired/delisted or pre-Yahoo coverage,fetch status: FAILED HTTPError: HTTP Error 400: Bad Request,https://finance.yahoo.com/quote/GALDY/history/,https://www.stockanalysis.com/stocks/galdy/history/
SUPN,,2013-08-16,,6.65,2013-08-15,6.64,2013-08-16,-0.15,6.9,,https://query1.finance.yahoo.com/v8/finance/chart/SUPN?period1=1375574400&period2=1377648000&interval=1d&includePrePost=false,Verified,,https://finance.yahoo.com/quote/SUPN/history/,https://www.stockanalysis.com/stocks/supn/history/
GSK,ViiV Healthcare (GSK group),2013-08-12,Approval,51.51,2013-08-09,51.3,2013-08-12,-0.41,52.01,,https://query1.finance.yahoo.com/v8/finance/chart/GSK?period1=1375228800&period2=1377388799&interval=1d&includePrePost=false,Verified,lineage proxy per master precedent (see master row notes: decision-date symbol differs from the modern ticker); master decision D575,https://finance.yahoo.com/quote/GSK/history/,https://www.stockanalysis.com/stocks/gsk/history/
ABBV,,2013-07-25,,43.64,2013-07-24,44.24,2013-07-25,1.37,44.79,,https://query1.finance.yahoo.com/v8/finance/chart/ABBV?period1=1373673600&period2=1375747200&interval=1d&includePrePost=false,Verified,,https://finance.yahoo.com/quote/ABBV/history/,https://www.stockanalysis.com/stocks/abbv/history/
ALPMY,,2013-07-19,,11.56,2013-07-18,11.488,2013-07-19,-0.62,11.624,,https://query1.finance.yahoo.com/v8/finance/chart/ALPMY?period1=1373155200&period2=1375228800&interval=1d&includePrePost=false,Verified,,https://finance.yahoo.com/quote/ALPMY/history/,https://www.stockanalysis.com/stocks/alpmy/history/
JNJ,,2013-07-18,,90.13,2013-07-17,90.17,2013-07-18,0.04,92.23,,https://query1.finance.yahoo.com/v8/finance/chart/JNJ?period1=1373068800&period2=1375142400&interval=1d&includePrePost=false,Verified,,https://finance.yahoo.com/quote/JNJ/history/,https://www.stockanalysis.com/stocks/jnj/history/
AGRX,"Agile Therapeutics, Inc.",2013-07-17,CRL,,,,,,,,https://query1.finance.yahoo.com/v8/finance/chart/AGRX?period1=1372982400&period2=1375142399&interval=1d&includePrePost=false,Data unavailable - acquired/delisted or pre-Yahoo coverage,fetch status: FAILED HTTPError: HTTP Error 404: Not Found (recorded in the job manifest; never retried with a successor ticker),https://finance.yahoo.com/quote/AGRX/history/,https://www.stockanalysis.com/stocks/agrx/history/
MRK,Merck & Co.,2013-06-28,CRL,45.1145,2013-06-27,44.3225,2013-06-28,-1.76,44.1985,,https://query1.finance.yahoo.com/v8/finance/chart/MRK?period1=1371340800&period2=1373500799&interval=1d&includePrePost=false,Verified,,https://finance.yahoo.com/quote/MRK/history/,https://www.stockanalysis.com/stocks/mrk/history/
INVA,,2013-06-21,,27.494,2013-06-20,30.2981,2013-06-21,10.2,30.2981,,https://query1.finance.yahoo.com/v8/finance/chart/INVA?period1=1370736000&period2=1372809600&interval=1d&includePrePost=false,Verified,,https://finance.yahoo.com/quote/INVA/history/,https://www.stockanalysis.com/stocks/inva/history/
AVEO,"AVEO Pharmaceuticals, Inc. (acquired by LG Chem, 2023)",2013-06-06,CRL,,,,,,,,https://query1.finance.yahoo.com/v8/finance/chart/AVEO?period1=1369440000&period2=1371599999&interval=1d&includePrePost=false,Data unavailable - acquired/delisted or pre-Yahoo coverage,fetch status: FAILED HTTPError: HTTP Error 404: Not Found (recorded in the job manifest; never retried with a successor ticker),https://finance.yahoo.com/quote/AVEO/history/,https://www.stockanalysis.com/stocks/aveo/history/
GSK,GlaxoSmithKline plc,2013-05-29,Approval,53.59,2013-05-28,52.01,2013-05-29,-2.95,52.42,,https://query1.finance.yahoo.com/v8/finance/chart/GSK?period1=1368748800&period2=1370908799&interval=1d&includePrePost=false,Verified,lineage proxy per master precedent (see master row notes: decision-date symbol differs from the modern ticker); master decision D573,https://finance.yahoo.com/quote/GSK/history/,https://www.stockanalysis.com/stocks/gsk/history/
BAYRY,Bayer AG,2013-05-15,Approval,27.3475,2013-05-14,27.395,2013-05-15,0.17,27.18,,https://query1.finance.yahoo.com/v8/finance/chart/BAYRY?period1=1367539200&period2=1369699199&interval=1d&includePrePost=false,Verified,master decision D578,https://finance.yahoo.com/quote/BAYRY/history/,https://www.stockanalysis.com/stocks/bayry/history/
GSK,GlaxoSmithKline plc,2013-05-10,Approval,50.7,2013-05-09,51.62,2013-05-10,1.81,51.67,,https://query1.finance.yahoo.com/v8/finance/chart/GSK?period1=1367107200&period2=1369267199&interval=1d&includePrePost=false,Verified,lineage proxy per master precedent (see master row notes: decision-date symbol differs from the modern ticker); master decision D932,https://finance.yahoo.com/quote/GSK/history/,https://www.stockanalysis.com/stocks/gsk/history/
OGN,,2013-05-03,,,,,,,,,https://query1.finance.yahoo.com/v8/finance/chart/OGN?period1=1366502400&period2=1368576000&interval=1d&includePrePost=false,Data unavailable - acquired/delisted or pre-Yahoo coverage,fetch status: FAILED HTTPError: HTTP Error 400: Bad Request,https://finance.yahoo.com/quote/OGN/history/,https://www.stockanalysis.com/stocks/ogn/history/
HZNP,,2013-04-30,,,,,,,,,https://query1.finance.yahoo.com/v8/finance/chart/HZNP?period1=1366243200&period2=1368316800&interval=1d&includePrePost=false,Data unavailable - acquired/delisted or pre-Yahoo coverage,fetch status: FAILED HTTPError: HTTP Error 404: Not Found,https://finance.yahoo.com/quote/HZNP/history/,https://www.stockanalysis.com/stocks/hznp/history/
ALC,,2013-04-19,,,,,,,,,https://query1.finance.yahoo.com/v8/finance/chart/ALC?period1=1365292800&period2=1367366400&interval=1d&includePrePost=false,Data unavailable - acquired/delisted or pre-Yahoo coverage,fetch status: FAILED HTTPError: HTTP Error 400: Bad Request,https://finance.yahoo.com/quote/ALC/history/,https://www.stockanalysis.com/stocks/alc/history/
LGND,,2013-04-12,,15.8952,2013-04-11,16.1822,2013-04-12,1.81,14.9844,,https://query1.finance.yahoo.com/v8/finance/chart/LGND?period1=1364688000&period2=1366761600&interval=1d&includePrePost=false,Verified,,https://finance.yahoo.com/quote/LGND/history/,https://www.stockanalysis.com/stocks/lgnd/history/
BLCO,,2013-04-05,,,,,,,,,https://query1.finance.yahoo.com/v8/finance/chart/BLCO?period1=1364083200&period2=1366156800&interval=1d&includePrePost=false,Data unavailable - acquired/delisted or pre-Yahoo coverage,fetch status: FAILED HTTPError: HTTP Error 400: Bad Request,https://finance.yahoo.com/quote/BLCO/history/,https://www.stockanalysis.com/stocks/blco/history/
JNJ,Janssen Pharmaceutica (Johnson & Johnson),2013-03-29,Approval,81.53,2013-03-28,81.93,2013-04-01,0.49,82.69,,https://query1.finance.yahoo.com/v8/finance/chart/JNJ?period1=1363478400&period2=1365638399&interval=1d&includePrePost=false,Verified - approx window,decision date 2013-03-29 was not a trading day in the capture; using next trading day 2013-04-01; master decision D931,https://finance.yahoo.com/quote/JNJ/history/,https://www.stockanalysis.com/stocks/jnj/history/
TEVA,,2013-03-28,,39.5,2013-03-27,39.68,2013-03-28,0.46,39.57,,https://query1.finance.yahoo.com/v8/finance/chart/TEVA?period1=1363392000&period2=1365465600&interval=1d&includePrePost=false,Verified,,https://finance.yahoo.com/quote/TEVA/history/,https://www.stockanalysis.com/stocks/teva/history/
BIIB,Biogen Idec (now Biogen Inc.),2013-03-27,Approval,177.09,2013-03-26,182.68,2013-03-27,3.16,192.62,,https://query1.finance.yahoo.com/v8/finance/chart/BIIB?period1=1363305600&period2=1365465599&interval=1d&includePrePost=false,Verified,master decision D930,https://finance.yahoo.com/quote/BIIB/history/,https://www.stockanalysis.com/stocks/biib/history/
VTRS,,2013-03-22,,30.19,2013-03-21,29.82,2013-03-22,-1.23,29.27,,https://query1.finance.yahoo.com/v8/finance/chart/VTRS?period1=1362873600&period2=1364947200&interval=1d&includePrePost=false,Verified,,https://finance.yahoo.com/quote/VTRS/history/,https://www.stockanalysis.com/stocks/vtrs/history/
BAYRY,,2013-02-25,,24.15,2013-02-22,23.8025,2013-02-25,-1.44,23.875,,https://query1.finance.yahoo.com/v8/finance/chart/BAYRY?period1=1360713600&period2=1362787200&interval=1d&includePrePost=false,Verified,,https://finance.yahoo.com/quote/BAYRY/history/,https://www.stockanalysis.com/stocks/bayry/history/
RHHBY,"Genentech, Inc. (Roche group)",2013-02-22,Approval,28.17,2013-02-21,28.55,2013-02-22,1.35,28.67,,https://query1.finance.yahoo.com/v8/finance/chart/RHHBY?period1=1360454400&period2=1362614399&interval=1d&includePrePost=false,Verified,lineage proxy per master precedent (see master row notes: decision-date symbol differs from the modern ticker); master decision D632,https://finance.yahoo.com/quote/RHHBY/history/,https://www.stockanalysis.com/stocks/rhhby/history/
AGRX,"Agile Therapeutics, Inc.",2013-02-13,CRL,,,,,,,,https://query1.finance.yahoo.com/v8/finance/chart/AGRX?period1=1359676800&period2=1361836799&interval=1d&includePrePost=false,Data unavailable - acquired/delisted or pre-Yahoo coverage,fetch status: FAILED HTTPError: HTTP Error 404: Not Found (recorded in the job manifest; never retried with a successor ticker),https://finance.yahoo.com/quote/AGRX/history/,https://www.stockanalysis.com/stocks/agrx/history/
ABBV,,2013-02-01,,36.69,2013-01-31,37.18,2013-02-01,1.34,37.28,,https://query1.finance.yahoo.com/v8/finance/chart/ABBV?period1=1358640000&period2=1360713600&interval=1d&includePrePost=false,Verified,,https://finance.yahoo.com/quote/ABBV/history/,https://www.stockanalysis.com/stocks/abbv/history/
PRGO,,2013-01-31,,99.34,2013-01-30,100.51,2013-01-31,1.18,105.28,,https://query1.finance.yahoo.com/v8/finance/chart/PRGO?period1=1358553600&period2=1360627200&interval=1d&includePrePost=false,Verified,,https://finance.yahoo.com/quote/PRGO/history/,https://www.stockanalysis.com/stocks/prgo/history/
TAK,,2013-01-25,,24.88,2013-01-24,25.08,2013-01-25,0.8,25.33,,https://query1.finance.yahoo.com/v8/finance/chart/TAK?period1=1358035200&period2=1360108800&interval=1d&includePrePost=false,Verified,,https://finance.yahoo.com/quote/TAK/history/,https://www.stockanalysis.com/stocks/tak/history/
ABBV,,2013-01-25,,37.46,2013-01-24,37.6,2013-01-25,0.37,36.89,,https://query1.finance.yahoo.com/v8/finance/chart/ABBV?period1=1358035200&period2=1360108800&interval=1d&includePrePost=false,Verified,,https://finance.yahoo.com/quote/ABBV/history/,https://www.stockanalysis.com/stocks/abbv/history/
TEVA,,2013-01-17,,37.78,2013-01-16,37.99,2013-01-17,0.56,37.71,,https://query1.finance.yahoo.com/v8/finance/chart/TEVA?period1=1357344000&period2=1359417600&interval=1d&includePrePost=false,Verified,,https://finance.yahoo.com/quote/TEVA/history/,https://www.stockanalysis.com/stocks/teva/history/
BHC,,2013-01-14,,63.63,2013-01-11,63.58,2013-01-14,-0.08,63.7,,https://query1.finance.yahoo.com/v8/finance/chart/BHC?period1=1357084800&period2=1359158400&interval=1d&includePrePost=false,Verified,,https://finance.yahoo.com/quote/BHC/history/,https://www.stockanalysis.com/stocks/bhc/history/
BAYRY,,2013-01-09,,23.505,2013-01-08,23.645,2013-01-09,0.6,23.8375,,https://query1.finance.yahoo.com/v8/finance/chart/BAYRY?period1=1356652800&period2=1358726400&interval=1d&includePrePost=false,Verified,,https://finance.yahoo.com/quote/BAYRY/history/,https://www.stockanalysis.com/stocks/bayry/history/
SLXP,Salix Pharmaceuticals (acquired by Valeant/Bausch 2015),2012-12-31,Approval,,,,,,,,https://query1.finance.yahoo.com/v8/finance/chart/SLXP?period1=1355875200&period2=1358035199&interval=1d&includePrePost=false,Data unavailable - no bar before decision date in capture,capture has no trading day before the decision date; master decision D620,https://finance.yahoo.com/quote/SLXP/history/,https://www.stockanalysis.com/stocks/slxp/history/
JNJ,Johnson & Johnson (Janssen),2012-12-28,Approval,70.09,2012-12-27,69.48,2012-12-28,-0.87,70.1,,https://query1.finance.yahoo.com/v8/finance/chart/JNJ?period1=1355616000&period2=1357775999&interval=1d&includePrePost=false,Verified,master decision D623,https://finance.yahoo.com/quote/JNJ/history/,https://www.stockanalysis.com/stocks/jnj/history/
BMY,Bristol Myers Squibb Company,2012-12-28,Approval,32.14,2012-12-27,31.9,2012-12-28,-0.75,32.59,,https://query1.finance.yahoo.com/v8/finance/chart/BMY?period1=1355616000&period2=1357775999&interval=1d&includePrePost=false,Verified,master decision D622,https://finance.yahoo.com/quote/BMY/history/,https://www.stockanalysis.com/stocks/bmy/history/
NPSP,NPS Pharmaceuticals (acquired by Shire/Takeda 2015),2012-12-21,Approval,,,,,,,,https://query1.finance.yahoo.com/v8/finance/chart/NPSP?period1=1355011200&period2=1357171199&interval=1d&includePrePost=false,Data unavailable - no bar before decision date in capture,capture has no trading day before the decision date; master decision D633,https://finance.yahoo.com/quote/NPSP/history/,https://www.stockanalysis.com/stocks/npsp/history/
OTSKY,,2012-12-14,,14.41,2012-12-13,14.2,2012-12-14,-1.46,14.29,,https://query1.finance.yahoo.com/v8/finance/chart/OTSKY?period1=1354406400&period2=1356480000&interval=1d&includePrePost=false,Verified,,https://finance.yahoo.com/quote/OTSKY/history/,https://www.stockanalysis.com/stocks/otsky/history/
NVS,Novartis AG,2012-12-14,Approval,56.5143,2012-12-13,56.6219,2012-12-14,0.19,56.9355,,https://query1.finance.yahoo.com/v8/finance/chart/NVS?period1=1354406400&period2=1356566399&interval=1d&includePrePost=false,Verified,lineage proxy per master precedent (see master row notes: decision-date symbol differs from the modern ticker); master decision D922,https://finance.yahoo.com/quote/NVS/history/,https://www.stockanalysis.com/stocks/nvs/history/
ABBV,,2012-12-14,,,,,,,,,https://query1.finance.yahoo.com/v8/finance/chart/ABBV?period1=1354406400&period2=1356480000&interval=1d&includePrePost=false,Data unavailable - acquired/delisted or pre-Yahoo coverage,fetch status: FAILED HTTPError: HTTP Error 400: Bad Request,https://finance.yahoo.com/quote/ABBV/history/,https://www.stockanalysis.com/stocks/abbv/history/
EXEL,"Exelixis, Inc.",2012-11-29,Approval,5.28,2012-11-28,5.24,2012-11-29,-0.76,4.88,,https://query1.finance.yahoo.com/v8/finance/chart/EXEL?period1=1353110400&period2=1355270399&interval=1d&includePrePost=false,Verified,master decision D626,https://finance.yahoo.com/quote/EXEL/history/,https://www.stockanalysis.com/stocks/exel/history/
PFE,Pfizer Inc.,2012-11-06,Approval,23.3207,2012-11-05,23.444,2012-11-06,0.53,22.9317,,https://query1.finance.yahoo.com/v8/finance/chart/PFE?period1=1351123200&period2=1353283199&interval=1d&includePrePost=false,Verified,master decision D621,https://finance.yahoo.com/quote/PFE/history/,https://www.stockanalysis.com/stocks/pfe/history/
TEVA,Teva Pharmaceutical Industries,2012-10-26,Approval,40.74,2012-10-25,40.39,2012-10-26,-0.86,40.42,,https://query1.finance.yahoo.com/v8/finance/chart/TEVA?period1=1350172800&period2=1352332799&interval=1d&includePrePost=false,Verified,master decision D919,https://finance.yahoo.com/quote/TEVA/history/,https://www.stockanalysis.com/stocks/teva/history/
ESALY,"Eisai Co., Ltd.",2012-10-22,Approval,,,,,,,,https://query1.finance.yahoo.com/v8/finance/chart/ESALY?period1=1349827200&period2=1351987199&interval=1d&includePrePost=false,Data unavailable - acquired/delisted or pre-Yahoo coverage,fetch status: FAILED HTTPError: HTTP Error 404: Not Found (recorded in the job manifest; never retried with a successor ticker); master decision D592,https://finance.yahoo.com/quote/ESALY/history/,https://www.stockanalysis.com/stocks/esaly/history/
SUPN,,2012-10-19,,12.83,2012-10-18,12.97,2012-10-19,1.09,12.91,,https://query1.finance.yahoo.com/v8/finance/chart/SUPN?period1=1349568000&period2=1351641600&interval=1d&includePrePost=false,Verified,,https://finance.yahoo.com/quote/SUPN/history/,https://www.stockanalysis.com/stocks/supn/history/
HROW,,2012-10-16,,12.5,2012-10-15,12.5,2012-10-16,0.0,12.5,,https://query1.finance.yahoo.com/v8/finance/chart/HROW?period1=1349308800&period2=1351382400&interval=1d&includePrePost=false,Verified,,https://finance.yahoo.com/quote/HROW/history/,https://www.stockanalysis.com/stocks/hrow/history/
BLCO,,2012-09-28,,,,,,,,,https://query1.finance.yahoo.com/v8/finance/chart/BLCO?period1=1347753600&period2=1349827200&interval=1d&includePrePost=false,Data unavailable - acquired/delisted or pre-Yahoo coverage,fetch status: FAILED HTTPError: HTTP Error 400: Bad Request,https://finance.yahoo.com/quote/BLCO/history/,https://www.stockanalysis.com/stocks/blco/history/
BAYRY,Bayer AG,2012-09-27,Approval,21.7475,2012-09-26,22.155,2012-09-27,1.87,21.4725,,https://query1.finance.yahoo.com/v8/finance/chart/BAYRY?period1=1347667200&period2=1349827199&interval=1d&includePrePost=false,Verified,master decision D610,https://finance.yahoo.com/quote/BAYRY/history/,https://www.stockanalysis.com/stocks/bayry/history/
AZN,AstraZeneca PLC,2012-09-12,Approval,46.88,2012-09-11,46.88,2012-09-12,0.0,47.34,,https://query1.finance.yahoo.com/v8/finance/chart/AZN?period1=1346371200&period2=1348531199&interval=1d&includePrePost=false,Verified,lineage proxy per master precedent (see master row notes: decision-date symbol differs from the modern ticker); master decision D609,https://finance.yahoo.com/quote/AZN/history/,https://www.stockanalysis.com/stocks/azn/history/
PFE,Pfizer Inc.,2012-09-04,Approval,22.6376,2012-08-31,22.5617,2012-09-04,-0.34,22.6945,,https://query1.finance.yahoo.com/v8/finance/chart/PFE?period1=1345680000&period2=1347839999&interval=1d&includePrePost=false,Verified,master decision D588,https://finance.yahoo.com/quote/PFE/history/,https://www.stockanalysis.com/stocks/pfe/history/
PFE,Astellas Pharma Inc. (Medivation),2012-08-31,Approval,22.6186,2012-08-30,22.6376,2012-08-31,0.08,22.5617,,https://query1.finance.yahoo.com/v8/finance/chart/PFE?period1=1345334400&period2=1347494399&interval=1d&includePrePost=false,Verified,master decision D591,https://finance.yahoo.com/quote/PFE/history/,https://www.stockanalysis.com/stocks/pfe/history/
VTRS,,2012-08-30,,23.61,2012-08-29,23.48,2012-08-30,-0.55,23.57,,https://query1.finance.yahoo.com/v8/finance/chart/VTRS?period1=1345248000&period2=1347321600&interval=1d&includePrePost=false,Verified,,https://finance.yahoo.com/quote/VTRS/history/,https://www.stockanalysis.com/stocks/vtrs/history/
IRWD,"Ironwood Pharmaceuticals, Inc. (acquired by Alfasigma 2024)",2012-08-30,Approval,10.603,2012-08-29,10.402,2012-08-30,-1.9,10.4941,,https://query1.finance.yahoo.com/v8/finance/chart/IRWD?period1=1345248000&period2=1347407999&interval=1d&includePrePost=false,Verified,master decision D624,https://finance.yahoo.com/quote/IRWD/history/,https://www.stockanalysis.com/stocks/irwd/history/
TEVA,Sicor Biotech (Teva Group),2012-08-29,Approval,40.16,2012-08-28,40.2,2012-08-29,0.1,39.56,,https://query1.finance.yahoo.com/v8/finance/chart/TEVA?period1=1345161600&period2=1347321599&interval=1d&includePrePost=false,Verified,master decision D916,https://finance.yahoo.com/quote/TEVA/history/,https://www.stockanalysis.com/stocks/teva/history/
NVS,,2012-08-29,,53.1362,2012-08-28,52.8943,2012-08-29,-0.46,52.6434,,https://query1.finance.yahoo.com/v8/finance/chart/NVS?period1=1345161600&period2=1347235200&interval=1d&includePrePost=false,Verified,,https://finance.yahoo.com/quote/NVS/history/,https://www.stockanalysis.com/stocks/nvs/history/
GILD,"Gilead Sciences, Inc.",2012-08-27,Approval,28.645,2012-08-24,28.595,2012-08-27,-0.17,28.815,,https://query1.finance.yahoo.com/v8/finance/chart/GILD?period1=1344988800&period2=1347148799&interval=1d&includePrePost=false,Verified,master decision D589,https://finance.yahoo.com/quote/GILD/history/,https://www.stockanalysis.com/stocks/gild/history/
SNY,Sanofi (Regeneron partnership),2012-08-03,Approval,40.02,2012-08-02,41.56,2012-08-03,3.85,41.61,,https://query1.finance.yahoo.com/v8/finance/chart/SNY?period1=1342915200&period2=1345075199&interval=1d&includePrePost=false,Verified,lineage proxy per master precedent (see master row notes: decision-date symbol differs from the modern ticker); master decision D590,https://finance.yahoo.com/quote/SNY/history/,https://www.stockanalysis.com/stocks/sny/history/
HZNP,,2012-07-26,,,,,,,,,https://query1.finance.yahoo.com/v8/finance/chart/HZNP?period1=1342224000&period2=1344297600&interval=1d&includePrePost=false,Data unavailable - acquired/delisted or pre-Yahoo coverage,fetch status: FAILED HTTPError: HTTP Error 404: Not Found,https://finance.yahoo.com/quote/HZNP/history/,https://www.stockanalysis.com/stocks/hznp/history/
ONXX,Onyx Pharmaceuticals (acquired by Amgen 2013),2012-07-20,Approval,68.4,2012-07-19,76.38,2012-07-20,11.67,75.65,,https://query1.finance.yahoo.com/v8/finance/chart/ONXX?period1=1341705600&period2=1343865599&interval=1d&includePrePost=false,Verified,master decision D611,https://finance.yahoo.com/quote/ONXX/history/,https://www.stockanalysis.com/stocks/onxx/history/
VVUS,,2012-07-17,,,,,,,,,https://query1.finance.yahoo.com/v8/finance/chart/VVUS?period1=1341446400&period2=1343520000&interval=1d&includePrePost=false,Data unavailable - acquired/delisted or pre-Yahoo coverage,fetch status: FAILED HTTPError: HTTP Error 404: Not Found,https://finance.yahoo.com/quote/VVUS/history/,https://www.stockanalysis.com/stocks/vvus/history/
HLN,,2012-06-12,,,,,,,,,https://query1.finance.yahoo.com/v8/finance/chart/HLN?period1=1338422400&period2=1340496000&interval=1d&includePrePost=false,Data unavailable - acquired/delisted or pre-Yahoo coverage,fetch status: FAILED HTTPError: HTTP Error 400: Bad Request,https://finance.yahoo.com/quote/HLN/history/,https://www.stockanalysis.com/stocks/hln/history/
PLX,Protalix BioTherapeutics (Pfizer partner),2012-05-01,Approval,69.5,2012-04-30,61.9,2012-05-01,-10.94,70.1,,https://query1.finance.yahoo.com/v8/finance/chart/PLX?period1=1334793600&period2=1336953599&interval=1d&includePrePost=false,Verified,master decision D910,https://finance.yahoo.com/quote/PLX/history/,https://www.stockanalysis.com/stocks/plx/history/
VVUS,VIVUS Inc.,2012-04-27,Approval,,,,,,,,https://query1.finance.yahoo.com/v8/finance/chart/VVUS?period1=1334448000&period2=1336607999&interval=1d&includePrePost=false,Data unavailable - acquired/delisted or pre-Yahoo coverage,fetch status: FAILED HTTPError: HTTP Error 404: Not Found (recorded in the job manifest; never retried with a successor ticker); master decision D909,https://finance.yahoo.com/quote/VVUS/history/,https://www.stockanalysis.com/stocks/vvus/history/
LLY,Avid Radiopharmaceuticals (acquired by Lilly 2012),2012-04-06,Approval,40.48,2012-04-05,39.72,2012-04-09,-1.88,39.42,,https://query1.finance.yahoo.com/v8/finance/chart/LLY?period1=1332633600&period2=1334793599&interval=1d&includePrePost=false,Verified - approx window,decision date 2012-04-06 was not a trading day in the capture; using next trading day 2012-04-09; master decision D908,https://finance.yahoo.com/quote/LLY/history/,https://www.stockanalysis.com/stocks/lly/history/
CHTP,Chelsea Therapeutics (acquired by Lundbeck 2014),2012-03-28,CRL,,,,,,,,https://query1.finance.yahoo.com/v8/finance/chart/CHTP?period1=1331856000&period2=1334015999&interval=1d&includePrePost=false,Data unavailable - no bar before decision date in capture,capture has no trading day before the decision date,https://finance.yahoo.com/quote/CHTP/history/,https://www.stockanalysis.com/stocks/chtp/history/
TEVA,,2012-03-23,,43.15,2012-03-22,43.07,2012-03-23,-0.19,43.9,,https://query1.finance.yahoo.com/v8/finance/chart/TEVA?period1=1331424000&period2=1333497600&interval=1d&includePrePost=false,Verified,,https://finance.yahoo.com/quote/TEVA/history/,https://www.stockanalysis.com/stocks/teva/history/
RDUS,,2012-03-12,,,,,,,,,https://query1.finance.yahoo.com/v8/finance/chart/RDUS?period1=1330473600&period2=1332547200&interval=1d&includePrePost=false,Data unavailable - acquired/delisted or pre-Yahoo coverage,fetch status: FAILED HTTPError: HTTP Error 404: Not Found,https://finance.yahoo.com/quote/RDUS/history/,https://www.stockanalysis.com/stocks/rdus/history/
ANIP,,2012-02-14,,30.6,2012-02-13,27.36,2012-02-14,-10.59,34.92,,https://query1.finance.yahoo.com/v8/finance/chart/ANIP?period1=1328140800&period2=1330214400&interval=1d&includePrePost=false,Verified,,https://finance.yahoo.com/quote/ANIP/history/,https://www.stockanalysis.com/stocks/anip/history/
MRK,"Merck & Co., Inc.",2012-02-10,Approval,36.4027,2012-02-09,36.1737,2012-02-10,-0.63,36.3645,,https://query1.finance.yahoo.com/v8/finance/chart/MRK?period1=1327795200&period2=1329955199&interval=1d&includePrePost=false,Verified,master decision D905,https://finance.yahoo.com/quote/MRK/history/,https://www.stockanalysis.com/stocks/mrk/history/
BHC,,2012-02-03,,50.08,2012-02-02,50.5,2012-02-03,0.84,50.13,,https://query1.finance.yahoo.com/v8/finance/chart/BHC?period1=1327190400&period2=1329264000&interval=1d&includePrePost=false,Verified,,https://finance.yahoo.com/quote/BHC/history/,https://www.stockanalysis.com/stocks/bhc/history/
MRK,,2012-02-02,,36.8607,2012-02-01,36.6794,2012-02-02,-0.49,36.6126,,https://query1.finance.yahoo.com/v8/finance/chart/MRK?period1=1327104000&period2=1329177600&interval=1d&includePrePost=false,Verified,,https://finance.yahoo.com/quote/MRK/history/,https://www.stockanalysis.com/stocks/mrk/history/
VRTX,Vertex Pharmaceuticals Incorporated,2012-01-31,Approval,34.74,2012-01-30,36.95,2012-01-31,6.36,37.83,,https://query1.finance.yahoo.com/v8/finance/chart/VRTX?period1=1326931200&period2=1329091199&interval=1d&includePrePost=false,Verified,master decision D587,https://finance.yahoo.com/quote/VRTX/history/,https://www.stockanalysis.com/stocks/vrtx/history/
PFE,Pfizer Inc.,2012-01-27,Approval,20.5218,2012-01-26,20.3795,2012-01-27,-0.69,20.4744,,https://query1.finance.yahoo.com/v8/finance/chart/PFE?period1=1326585600&period2=1328745599&interval=1d&includePrePost=false,Verified,master decision D903,https://finance.yahoo.com/quote/PFE/history/,https://www.stockanalysis.com/stocks/pfe/history/
AZN,,2012-01-27,,47.9,2012-01-26,47.66,2012-01-27,-0.5,47.86,,https://query1.finance.yahoo.com/v8/finance/chart/AZN?period1=1326585600&period2=1328659200&interval=1d&includePrePost=false,Verified,,https://finance.yahoo.com/quote/AZN/history/,https://www.stockanalysis.com/stocks/azn/history/
GILD,,2012-01-18,,23.13,2012-01-17,23.755,2012-01-18,2.7,23.605,,https://query1.finance.yahoo.com/v8/finance/chart/GILD?period1=1325808000&period2=1327881600&interval=1d&includePrePost=false,Verified,,https://finance.yahoo.com/quote/GILD/history/,https://www.stockanalysis.com/stocks/gild/history/
BMY,Bristol-Myers Squibb Company,2012-01-17,CRL,33.8,2012-01-13,33.72,2012-01-17,-0.24,33.73,,https://query1.finance.yahoo.com/v8/finance/chart/BMY?period1=1325721600&period2=1327881599&interval=1d&includePrePost=false,Verified,,https://finance.yahoo.com/quote/BMY/history/,https://www.stockanalysis.com/stocks/bmy/history/
MRK,,2011-12-21,,35.3721,2011-12-20,35.6202,2011-12-21,0.7,35.8397,,https://query1.finance.yahoo.com/v8/finance/chart/MRK?period1=1323388800&period2=1325462400&interval=1d&includePrePost=false,Verified,,https://finance.yahoo.com/quote/MRK/history/,https://www.stockanalysis.com/stocks/mrk/history/
HLN,,2011-12-21,,,,,,,,,https://query1.finance.yahoo.com/v8/finance/chart/HLN?period1=1323388800&period2=1325462400&interval=1d&includePrePost=false,Data unavailable - acquired/delisted or pre-Yahoo coverage,fetch status: FAILED HTTPError: HTTP Error 400: Bad Request,https://finance.yahoo.com/quote/HLN/history/,https://www.stockanalysis.com/stocks/hln/history/
JNJ,,2011-12-16,,64,2011-12-15,64.3,2011-12-16,0.47,63.53,,https://query1.finance.yahoo.com/v8/finance/chart/JNJ?period1=1322956800&period2=1325030400&interval=1d&includePrePost=false,Verified,,https://finance.yahoo.com/quote/JNJ/history/,https://www.stockanalysis.com/stocks/jnj/history/
ABBV,,2011-12-07,,,,,,,,,https://query1.finance.yahoo.com/v8/finance/chart/ABBV?period1=1322179200&period2=1324252800&interval=1d&includePrePost=false,Data unavailable - acquired/delisted or pre-Yahoo coverage,fetch status: FAILED HTTPError: HTTP Error 400: Bad Request,https://finance.yahoo.com/quote/ABBV/history/,https://www.stockanalysis.com/stocks/abbv/history/
PFE,,2011-12-01,,19.0417,2011-11-30,19.0038,2011-12-01,-0.2,18.871,,https://query1.finance.yahoo.com/v8/finance/chart/PFE?period1=1321660800&period2=1323734400&interval=1d&includePrePost=false,Verified,,https://finance.yahoo.com/quote/PFE/history/,https://www.stockanalysis.com/stocks/pfe/history/
REGN,"Regeneron Pharmaceuticals, Inc.",2011-11-18,Approval,51.13,2011-11-17,49.81,2011-11-18,-2.58,55,,https://query1.finance.yahoo.com/v8/finance/chart/REGN?period1=1320537600&period2=1322697599&interval=1d&includePrePost=false,Verified,master decision D603,https://finance.yahoo.com/quote/REGN/history/,https://www.stockanalysis.com/stocks/regn/history/
JAZN,EUSA Pharma (private; US commercialization by Jazz),2011-11-18,Approval,,,,,,,,https://query1.finance.yahoo.com/v8/finance/chart/JAZN?period1=1320537600&period2=1322697599&interval=1d&includePrePost=false,Data unavailable - acquired/delisted or pre-Yahoo coverage,fetch status: FAILED HTTPError: HTTP Error 404: Not Found (recorded in the job manifest; never retried with a successor ticker); master decision D901,https://finance.yahoo.com/quote/JAZN/history/,https://www.stockanalysis.com/stocks/jazn/history/
INCY,Incyte Corporation,2011-11-16,Approval,12.6,2011-11-15,12.94,2011-11-16,2.7,12.54,,https://query1.finance.yahoo.com/v8/finance/chart/INCY?period1=1320364800&period2=1322524799&interval=1d&includePrePost=false,Verified,master decision D602,https://finance.yahoo.com/quote/INCY/history/,https://www.stockanalysis.com/stocks/incy/history/
PFE,,2011-11-14,,18.9658,2011-11-11,18.7761,2011-11-14,-1.0,18.852,,https://query1.finance.yahoo.com/v8/finance/chart/PFE?period1=1320192000&period2=1322265600&interval=1d&includePrePost=false,Verified,,https://finance.yahoo.com/quote/PFE/history/,https://www.stockanalysis.com/stocks/pfe/history/
HLUYY,H. Lundbeck A/S (US OTC: HLUBY),2011-10-21,Approval,,,,,,,,https://query1.finance.yahoo.com/v8/finance/chart/HLUYY?period1=1318118400&period2=1320278399&interval=1d&includePrePost=false,Data unavailable - acquired/delisted or pre-Yahoo coverage,fetch status: FAILED HTTPError: HTTP Error 404: Not Found (recorded in the job manifest; never retried with a successor ticker); master decision D604,https://finance.yahoo.com/quote/HLUYY/history/,https://www.stockanalysis.com/stocks/hluyy/history/
MRK,,2011-10-07,,29.9809,2011-10-06,30.1622,2011-10-07,0.6,30.8683,,https://query1.finance.yahoo.com/v8/finance/chart/MRK?period1=1316908800&period2=1318982400&interval=1d&includePrePost=false,Verified,,https://finance.yahoo.com/quote/MRK/history/,https://www.stockanalysis.com/stocks/mrk/history/
PFE,Pfizer Inc.,2011-08-26,Approval,17.0398,2011-08-25,17.277,2011-08-26,1.39,17.9127,,https://query1.finance.yahoo.com/v8/finance/chart/PFE?period1=1313280000&period2=1315439999&interval=1d&includePrePost=false,Verified,master decision D601,https://finance.yahoo.com/quote/PFE/history/,https://www.stockanalysis.com/stocks/pfe/history/
SGEN,Seattle Genetics (now Pfizer; acquired 2024),2011-08-19,Approval,,,,,,,,https://query1.finance.yahoo.com/v8/finance/chart/SGEN?period1=1312675200&period2=1314835199&interval=1d&includePrePost=false,Data unavailable - acquired/delisted or pre-Yahoo coverage,fetch status: FAILED HTTPError: HTTP Error 404: Not Found (recorded in the job manifest; never retried with a successor ticker); master decision D600,https://finance.yahoo.com/quote/SGEN/history/,https://www.stockanalysis.com/stocks/sgen/history/
RHHBY,"Genentech, Inc. (Roche group)",2011-08-17,Approval,20.675,2011-08-16,21.02,2011-08-17,1.67,20.43,,https://query1.finance.yahoo.com/v8/finance/chart/RHHBY?period1=1312502400&period2=1314662399&interval=1d&includePrePost=false,Verified,lineage proxy per master precedent (see master row notes: decision-date symbol differs from the modern ticker); master decision D599,https://finance.yahoo.com/quote/RHHBY/history/,https://www.stockanalysis.com/stocks/rhhby/history/
GILD,,2011-08-10,,19.07,2011-08-09,17.67,2011-08-10,-7.34,18.435,,https://query1.finance.yahoo.com/v8/finance/chart/GILD?period1=1311897600&period2=1313971200&interval=1d&includePrePost=false,Verified,,https://finance.yahoo.com/quote/GILD/history/,https://www.stockanalysis.com/stocks/gild/history/
PFE,,2011-07-21,,18.8805,2011-07-20,19.0702,2011-07-21,1.0,19.0417,,https://query1.finance.yahoo.com/v8/finance/chart/PFE?period1=1310169600&period2=1312243200&interval=1d&includePrePost=false,Verified,,https://finance.yahoo.com/quote/PFE/history/,https://www.stockanalysis.com/stocks/pfe/history/
AZN,AstraZeneca PLC,2011-07-20,Approval,48.73,2011-07-19,49.45,2011-07-20,1.48,50.48,,https://query1.finance.yahoo.com/v8/finance/chart/AZN?period1=1310083200&period2=1312243199&interval=1d&includePrePost=false,Verified,lineage proxy per master precedent (see master row notes: decision-date symbol differs from the modern ticker); master decision D607,https://finance.yahoo.com/quote/AZN/history/,https://www.stockanalysis.com/stocks/azn/history/
NVS,Novartis AG,2011-07-01,Approval,54.7581,2011-06-30,54.7939,2011-07-01,0.07,55.1165,,https://query1.finance.yahoo.com/v8/finance/chart/NVS?period1=1308441600&period2=1310601599&interval=1d&includePrePost=false,Verified,lineage proxy per master precedent (see master row notes: decision-date symbol differs from the modern ticker); master decision D898,https://finance.yahoo.com/quote/NVS/history/,https://www.stockanalysis.com/stocks/nvs/history/
JNJ,Johnson & Johnson (Janssen),2011-07-01,Approval,66.52,2011-06-30,67.3,2011-07-01,1.17,67.62,,https://query1.finance.yahoo.com/v8/finance/chart/JNJ?period1=1308441600&period2=1310601599&interval=1d&includePrePost=false,Verified,master decision D598,https://finance.yahoo.com/quote/JNJ/history/,https://www.stockanalysis.com/stocks/jnj/history/
FSNUY,,2011-06-24,,,,,,,,,https://query1.finance.yahoo.com/v8/finance/chart/FSNUY?period1=1307836800&period2=1309910400&interval=1d&includePrePost=false,Data unavailable - acquired/delisted or pre-Yahoo coverage,fetch status: FAILED HTTPError: HTTP Error 400: Bad Request,https://finance.yahoo.com/quote/FSNUY/history/,https://www.stockanalysis.com/stocks/fsnuy/history/
ABBV,,2011-06-21,,,,,,,,,https://query1.finance.yahoo.com/v8/finance/chart/ABBV?period1=1307577600&period2=1309651200&interval=1d&includePrePost=false,Data unavailable - acquired/delisted or pre-Yahoo coverage,fetch status: FAILED HTTPError: HTTP Error 400: Bad Request,https://finance.yahoo.com/quote/ABBV/history/,https://www.stockanalysis.com/stocks/abbv/history/
BMY,Bristol Myers Squibb Company,2011-06-15,Approval,27.69,2011-06-14,27.42,2011-06-15,-0.98,27.47,,https://query1.finance.yahoo.com/v8/finance/chart/BMY?period1=1307059200&period2=1309219199&interval=1d&includePrePost=false,Verified,master decision D597,https://finance.yahoo.com/quote/BMY/history/,https://www.stockanalysis.com/stocks/bmy/history/
GSK,GlaxoSmithKline plc,2011-06-10,Approval,42.25,2011-06-09,41.57,2011-06-10,-1.61,41.98,,https://query1.finance.yahoo.com/v8/finance/chart/GSK?period1=1306627200&period2=1308787199&interval=1d&includePrePost=false,Verified,lineage proxy per master precedent (see master row notes: decision-date symbol differs from the modern ticker); master decision D897,https://finance.yahoo.com/quote/GSK/history/,https://www.stockanalysis.com/stocks/gsk/history/
OPTR,Optimer Pharmaceuticals (acquired by Cubist/Merck 2013-15),2011-05-27,Approval,,,,,,,,https://query1.finance.yahoo.com/v8/finance/chart/OPTR?period1=1305417600&period2=1307577599&interval=1d&includePrePost=false,Data unavailable - no bar before decision date in capture,capture has no trading day before the decision date; master decision D630,https://finance.yahoo.com/quote/OPTR/history/,https://www.stockanalysis.com/stocks/optr/history/
VRTX,Vertex Pharmaceuticals Incorporated,2011-05-23,Approval,55,2011-05-20,55.81,2011-05-23,1.47,56.26,,https://query1.finance.yahoo.com/v8/finance/chart/VRTX?period1=1305072000&period2=1307231999&interval=1d&includePrePost=false,Verified,master decision D596,https://finance.yahoo.com/quote/VRTX/history/,https://www.stockanalysis.com/stocks/vrtx/history/
JNJ,Tibotec (Johnson & Johnson),2011-05-20,Approval,66.39,2011-05-19,65.69,2011-05-20,-1.05,65.56,,https://query1.finance.yahoo.com/v8/finance/chart/JNJ?period1=1304812800&period2=1306972799&interval=1d&includePrePost=false,Verified,master decision D896,https://finance.yahoo.com/quote/JNJ/history/,https://www.stockanalysis.com/stocks/jnj/history/
MRK,"Merck & Co., Inc.",2011-05-13,Approval,35.4962,2011-05-12,35.3817,2011-05-13,-0.32,35.5916,,https://query1.finance.yahoo.com/v8/finance/chart/MRK?period1=1304208000&period2=1306367999&interval=1d&includePrePost=false,Verified,master decision D595,https://finance.yahoo.com/quote/MRK/history/,https://www.stockanalysis.com/stocks/mrk/history/
JNJ,Centocor (Johnson & Johnson),2011-04-28,Approval,65.57,2011-04-27,65.38,2011-04-28,-0.29,65.72,,https://query1.finance.yahoo.com/v8/finance/chart/JNJ?period1=1302912000&period2=1305071999&interval=1d&includePrePost=false,Verified,master decision D895,https://finance.yahoo.com/quote/JNJ/history/,https://www.stockanalysis.com/stocks/jnj/history/
HZNP,,2011-04-23,,,,,,,,,https://query1.finance.yahoo.com/v8/finance/chart/HZNP?period1=1302480000&period2=1304553600&interval=1d&includePrePost=false,Data unavailable - acquired/delisted or pre-Yahoo coverage,fetch status: FAILED HTTPError: HTTP Error 404: Not Found,https://finance.yahoo.com/quote/HZNP/history/,https://www.stockanalysis.com/stocks/hznp/history/
FMS,,2011-04-18,,36.8,2011-04-15,36.17,2011-04-18,-1.71,36.705,,https://query1.finance.yahoo.com/v8/finance/chart/FMS?period1=1302048000&period2=1304121600&interval=1d&includePrePost=false,Verified,,https://finance.yahoo.com/quote/FMS/history/,https://www.stockanalysis.com/stocks/fms/history/
BLCO,,2011-04-15,,,,,,,,,https://query1.finance.yahoo.com/v8/finance/chart/BLCO?period1=1301788800&period2=1303862400&interval=1d&includePrePost=false,Data unavailable - acquired/delisted or pre-Yahoo coverage,fetch status: FAILED HTTPError: HTTP Error 400: Bad Request,https://finance.yahoo.com/quote/BLCO/history/,https://www.stockanalysis.com/stocks/blco/history/
AZN,AstraZeneca PLC,2011-04-06,Approval,47.46,2011-04-05,47.88,2011-04-06,0.88,47.95,,https://query1.finance.yahoo.com/v8/finance/chart/AZN?period1=1301011200&period2=1303171199&interval=1d&includePrePost=false,Verified,lineage proxy per master precedent (see master row notes: decision-date symbol differs from the modern ticker); master decision D594,https://finance.yahoo.com/quote/AZN/history/,https://www.stockanalysis.com/stocks/azn/history/
BMY,Bristol Myers Squibb Company,2011-03-25,Approval,26.43,2011-03-24,27.29,2011-03-25,3.25,26.98,,https://query1.finance.yahoo.com/v8/finance/chart/BMY?period1=1299974400&period2=1302134399&interval=1d&includePrePost=false,Verified,master decision D593,https://finance.yahoo.com/quote/BMY/history/,https://www.stockanalysis.com/stocks/bmy/history/
GSK,GlaxoSmithKline plc (Human Genome Sciences acquisition),2011-03-09,Approval,38.16,2011-03-08,38.58,2011-03-09,1.1,38.4,,https://query1.finance.yahoo.com/v8/finance/chart/GSK?period1=1298592000&period2=1300751999&interval=1d&includePrePost=false,Verified,lineage proxy per master precedent (see master row notes: decision-date symbol differs from the modern ticker); master decision D608,https://finance.yahoo.com/quote/GSK/history/,https://www.stockanalysis.com/stocks/gsk/history/
PFE,,2011-03-08,,18.6053,2011-03-07,18.6717,2011-03-08,0.36,18.6528,,https://query1.finance.yahoo.com/v8/finance/chart/PFE?period1=1298505600&period2=1300579200&interval=1d&includePrePost=false,Verified,,https://finance.yahoo.com/quote/PFE/history/,https://www.stockanalysis.com/stocks/pfe/history/
ESALY,,2011-03-03,,,,,,,,,https://query1.finance.yahoo.com/v8/finance/chart/ESALY?period1=1298073600&period2=1300147200&interval=1d&includePrePost=false,Data unavailable - acquired/delisted or pre-Yahoo coverage,fetch status: FAILED HTTPError: HTTP Error 404: Not Found,https://finance.yahoo.com/quote/ESALY/history/,https://www.stockanalysis.com/stocks/esaly/history/
TAK,Takeda Pharmaceutical Company Limited,2011-02-25,Approval,24.54,2011-02-24,24.67,2011-02-25,0.53,24.98,,https://query1.finance.yahoo.com/v8/finance/chart/TAK?period1=1297555200&period2=1299715199&interval=1d&includePrePost=false,Verified,master decision D606,https://finance.yahoo.com/quote/TAK/history/,https://www.stockanalysis.com/stocks/tak/history/
PFE,,2011-02-02,,18.2353,2011-02-01,17.9886,2011-02-02,-1.35,18.1879,,https://query1.finance.yahoo.com/v8/finance/chart/PFE?period1=1295568000&period2=1297641600&interval=1d&includePrePost=false,Verified,,https://finance.yahoo.com/quote/PFE/history/,https://www.stockanalysis.com/stocks/pfe/history/
SNY,,2011-01-24,,34.53,2011-01-21,34.78,2011-01-24,0.72,34.68,,https://query1.finance.yahoo.com/v8/finance/chart/SNY?period1=1294790400&period2=1296864000&interval=1d&includePrePost=false,Verified,,https://finance.yahoo.com/quote/SNY/history/,https://www.stockanalysis.com/stocks/sny/history/
GE,General Electric Co. (GE HealthCare),2011-01-14,Approval,89.1393,2011-01-13,90.1937,2011-01-14,1.18,89.1393,,https://query1.finance.yahoo.com/v8/finance/chart/GE?period1=1293926400&period2=1296086399&interval=1d&includePrePost=false,Verified,lineage proxy per master precedent (see master row notes: decision-date symbol differs from the modern ticker); master decision D891,https://finance.yahoo.com/quote/GE/history/,https://www.stockanalysis.com/stocks/ge/history/
TEVA,,2010-12-22,,51.1,2010-12-21,51.2,2010-12-22,0.2,52.69,,https://query1.finance.yahoo.com/v8/finance/chart/TEVA?period1=1291939200&period2=1294012800&interval=1d&includePrePost=false,Verified,,https://finance.yahoo.com/quote/TEVA/history/,https://www.stockanalysis.com/stocks/teva/history/
NVS,,2010-12-21,,52.6613,2010-12-20,52.7778,2010-12-21,0.22,53.0197,,https://query1.finance.yahoo.com/v8/finance/chart/NVS?period1=1291852800&period2=1293926400&interval=1d&includePrePost=false,Verified,,https://finance.yahoo.com/quote/NVS/history/,https://www.stockanalysis.com/stocks/nvs/history/
BAYRY,,2010-12-16,,18.75,2010-12-15,18.75,2010-12-16,0.0,18.645,,https://query1.finance.yahoo.com/v8/finance/chart/BAYRY?period1=1291420800&period2=1293494400&interval=1d&includePrePost=false,Verified,,https://finance.yahoo.com/quote/BAYRY/history/,https://www.stockanalysis.com/stocks/bayry/history/
LLY,,2010-11-23,,34.55,2010-11-22,34.08,2010-11-23,-1.36,34.22,,https://query1.finance.yahoo.com/v8/finance/chart/LLY?period1=1289433600&period2=1291507200&interval=1d&includePrePost=false,Verified,,https://finance.yahoo.com/quote/LLY/history/,https://www.stockanalysis.com/stocks/lly/history/
HROW,,2010-11-19,,21.6,2010-11-18,21.6,2010-11-19,0.0,21.6,,https://query1.finance.yahoo.com/v8/finance/chart/HROW?period1=1289088000&period2=1291161600&interval=1d&includePrePost=false,Verified,,https://finance.yahoo.com/quote/HROW/history/,https://www.stockanalysis.com/stocks/hrow/history/
AZN,,2010-11-05,,50.05,2010-11-04,50.1,2010-11-05,0.1,49.69,,https://query1.finance.yahoo.com/v8/finance/chart/AZN?period1=1287878400&period2=1289952000&interval=1d&includePrePost=false,Verified,,https://finance.yahoo.com/quote/AZN/history/,https://www.stockanalysis.com/stocks/azn/history/
LLY,,2010-11-04,,35.57,2010-11-03,35.76,2010-11-04,0.53,35.72,,https://query1.finance.yahoo.com/v8/finance/chart/LLY?period1=1287792000&period2=1289865600&interval=1d&includePrePost=false,Verified,,https://finance.yahoo.com/quote/LLY/history/,https://www.stockanalysis.com/stocks/lly/history/
BAYRY,,2010-09-24,,17.0125,2010-09-23,17.6125,2010-09-24,3.53,17.435,,https://query1.finance.yahoo.com/v8/finance/chart/BAYRY?period1=1284249600&period2=1286323200&interval=1d&includePrePost=false,Verified,,https://finance.yahoo.com/quote/BAYRY/history/,https://www.stockanalysis.com/stocks/bayry/history/
NVS,Novartis AG,2010-09-21,Approval,50.7706,2010-09-20,50.5914,2010-09-21,-0.35,50.3315,,https://query1.finance.yahoo.com/v8/finance/chart/NVS?period1=1283990400&period2=1286150399&interval=1d&includePrePost=false,Verified,lineage proxy per master precedent (see master row notes: decision-date symbol differs from the modern ticker); master decision D885,https://finance.yahoo.com/quote/NVS/history/,https://www.stockanalysis.com/stocks/nvs/history/
KVUE,,2010-09-03,,,,,,,,,https://query1.finance.yahoo.com/v8/finance/chart/KVUE?period1=1282435200&period2=1284508800&interval=1d&includePrePost=false,Data unavailable - acquired/delisted or pre-Yahoo coverage,fetch status: FAILED HTTPError: HTTP Error 400: Bad Request,https://finance.yahoo.com/quote/KVUE/history/,https://www.stockanalysis.com/stocks/kvue/history/
ABBV,,2010-08-31,,,,,,,,,https://query1.finance.yahoo.com/v8/finance/chart/ABBV?period1=1282176000&period2=1284249600&interval=1d&includePrePost=false,Data unavailable - acquired/delisted or pre-Yahoo coverage,fetch status: FAILED HTTPError: HTTP Error 400: Bad Request,https://finance.yahoo.com/quote/ABBV/history/,https://www.stockanalysis.com/stocks/abbv/history/
INDV,,2010-08-30,,,,,,,,,https://query1.finance.yahoo.com/v8/finance/chart/INDV?period1=1282089600&period2=1284163200&interval=1d&includePrePost=false,Data unavailable - acquired/delisted or pre-Yahoo coverage,fetch status: FAILED HTTPError: HTTP Error 400: Bad Request,https://finance.yahoo.com/quote/INDV/history/,https://www.stockanalysis.com/stocks/indv/history/
NVS,,2010-08-26,,45.3047,2010-08-25,45.4928,2010-08-26,0.42,46.586,,https://query1.finance.yahoo.com/v8/finance/chart/NVS?period1=1281744000&period2=1283817600&interval=1d&includePrePost=false,Verified,,https://finance.yahoo.com/quote/NVS/history/,https://www.stockanalysis.com/stocks/nvs/history/
JNJ,Vistakon Pharmaceuticals (Johnson & Johnson),2010-07-28,Approval,58.1,2010-07-27,57.83,2010-07-28,-0.46,57.83,,https://query1.finance.yahoo.com/v8/finance/chart/JNJ?period1=1279238400&period2=1281398399&interval=1d&includePrePost=false,Verified,master decision D881,https://finance.yahoo.com/quote/JNJ/history/,https://www.stockanalysis.com/stocks/jnj/history/
ESALY,,2010-07-23,,,,,,,,,https://query1.finance.yahoo.com/v8/finance/chart/ESALY?period1=1278806400&period2=1280880000&interval=1d&includePrePost=false,Data unavailable - acquired/delisted or pre-Yahoo coverage,fetch status: FAILED HTTPError: HTTP Error 404: Not Found,https://finance.yahoo.com/quote/ESALY/history/,https://www.stockanalysis.com/stocks/esaly/history/
OGN,,2010-06-22,,,,,,,,,https://query1.finance.yahoo.com/v8/finance/chart/OGN?period1=1276128000&period2=1278201600&interval=1d&includePrePost=false,Data unavailable - acquired/delisted or pre-Yahoo coverage,fetch status: FAILED HTTPError: HTTP Error 400: Bad Request,https://finance.yahoo.com/quote/OGN/history/,https://www.stockanalysis.com/stocks/ogn/history/
ABBV,,2010-06-21,,,,,,,,,https://query1.finance.yahoo.com/v8/finance/chart/ABBV?period1=1276041600&period2=1278115200&interval=1d&includePrePost=false,Data unavailable - acquired/delisted or pre-Yahoo coverage,fetch status: FAILED HTTPError: HTTP Error 400: Bad Request,https://finance.yahoo.com/quote/ABBV/history/,https://www.stockanalysis.com/stocks/abbv/history/
SNY,Sanofi (Sanofi-Aventis),2010-06-17,Approval,31.84,2010-06-16,31.72,2010-06-17,-0.38,30.44,,https://query1.finance.yahoo.com/v8/finance/chart/SNY?period1=1275696000&period2=1277855999&interval=1d&includePrePost=false,Verified,lineage proxy per master precedent (see master row notes: decision-date symbol differs from the modern ticker); master decision D880,https://finance.yahoo.com/quote/SNY/history/,https://www.stockanalysis.com/stocks/sny/history/
BAYRY,,2010-06-17,,14.935,2010-06-16,15.0475,2010-06-17,0.75,14.95,,https://query1.finance.yahoo.com/v8/finance/chart/BAYRY?period1=1275696000&period2=1277769600&interval=1d&includePrePost=false,Verified,,https://finance.yahoo.com/quote/BAYRY/history/,https://www.stockanalysis.com/stocks/bayry/history/
AMGN,Amgen Inc.,2010-06-01,Approval,51.78,2010-05-28,50.76,2010-06-01,-1.97,56.09,,https://query1.finance.yahoo.com/v8/finance/chart/AMGN?period1=1274313600&period2=1276473599&interval=1d&includePrePost=false,Verified,master decision D879,https://finance.yahoo.com/quote/AMGN/history/,https://www.stockanalysis.com/stocks/amgn/history/
HLN,,2010-05-27,,,,,,,,,https://query1.finance.yahoo.com/v8/finance/chart/HLN?period1=1273881600&period2=1275955200&interval=1d&includePrePost=false,Data unavailable - acquired/delisted or pre-Yahoo coverage,fetch status: FAILED HTTPError: HTTP Error 400: Bad Request,https://finance.yahoo.com/quote/HLN/history/,https://www.stockanalysis.com/stocks/hln/history/
ABBV,,2010-05-18,,,,,,,,,https://query1.finance.yahoo.com/v8/finance/chart/ABBV?period1=1273104000&period2=1275177600&interval=1d&includePrePost=false,Data unavailable - acquired/delisted or pre-Yahoo coverage,fetch status: FAILED HTTPError: HTTP Error 400: Bad Request,https://finance.yahoo.com/quote/ABBV/history/,https://www.stockanalysis.com/stocks/abbv/history/
HZNP,,2010-04-30,,,,,,,,,https://query1.finance.yahoo.com/v8/finance/chart/HZNP?period1=1271548800&period2=1273622400&interval=1d&includePrePost=false,Data unavailable - acquired/delisted or pre-Yahoo coverage,fetch status: FAILED HTTPError: HTTP Error 404: Not Found,https://finance.yahoo.com/quote/HZNP/history/,https://www.stockanalysis.com/stocks/hznp/history/
NVS,,2010-04-20,,47.8226,2010-04-19,47.8584,2010-04-20,0.07,47.3835,,https://query1.finance.yahoo.com/v8/finance/chart/NVS?period1=1270684800&period2=1272758400&interval=1d&includePrePost=false,Verified,,https://finance.yahoo.com/quote/NVS/history/,https://www.stockanalysis.com/stocks/nvs/history/
VVUS,,2010-04-12,,,,,,,,,https://query1.finance.yahoo.com/v8/finance/chart/VVUS?period1=1269993600&period2=1272067200&interval=1d&includePrePost=false,Data unavailable - acquired/delisted or pre-Yahoo coverage,fetch status: FAILED HTTPError: HTTP Error 404: Not Found,https://finance.yahoo.com/quote/VVUS/history/,https://www.stockanalysis.com/stocks/vvus/history/
BHC,,2010-03-25,,16.39,2010-03-24,16.35,2010-03-25,-0.24,16.3,,https://query1.finance.yahoo.com/v8/finance/chart/BHC?period1=1268438400&period2=1270512000&interval=1d&includePrePost=false,Verified,,https://finance.yahoo.com/quote/BHC/history/,https://www.stockanalysis.com/stocks/bhc/history/
BHC,,2010-03-24,,16.27,2010-03-23,16.39,2010-03-24,0.74,16.35,,https://query1.finance.yahoo.com/v8/finance/chart/BHC?period1=1268352000&period2=1270425600&interval=1d&includePrePost=false,Verified,,https://finance.yahoo.com/quote/BHC/history/,https://www.stockanalysis.com/stocks/bhc/history/
GALDY,,2010-03-17,,,,,,,,,https://query1.finance.yahoo.com/v8/finance/chart/GALDY?period1=1267747200&period2=1269820800&interval=1d&includePrePost=false,Data unavailable - acquired/delisted or pre-Yahoo coverage,fetch status: FAILED HTTPError: HTTP Error 400: Bad Request,https://finance.yahoo.com/quote/GALDY/history/,https://www.stockanalysis.com/stocks/galdy/history/
FSNUY,,2010-03-17,,,,,,,,,https://query1.finance.yahoo.com/v8/finance/chart/FSNUY?period1=1267747200&period2=1269820800&interval=1d&includePrePost=false,Data unavailable - acquired/delisted or pre-Yahoo coverage,fetch status: FAILED HTTPError: HTTP Error 400: Bad Request,https://finance.yahoo.com/quote/FSNUY/history/,https://www.stockanalysis.com/stocks/fsnuy/history/
GILD,,2010-02-22,,24.42,2010-02-19,23.94,2010-02-22,-1.97,23.675,,https://query1.finance.yahoo.com/v8/finance/chart/GILD?period1=1265760000&period2=1267833600&interval=1d&includePrePost=false,Verified,,https://finance.yahoo.com/quote/GILD/history/,https://www.stockanalysis.com/stocks/gild/history/
ABBV,,2010-02-10,,,,,,,,,https://query1.finance.yahoo.com/v8/finance/chart/ABBV?period1=1264723200&period2=1266796800&interval=1d&includePrePost=false,Data unavailable - acquired/delisted or pre-Yahoo coverage,fetch status: FAILED HTTPError: HTTP Error 400: Bad Request,https://finance.yahoo.com/quote/ABBV/history/,https://www.stockanalysis.com/stocks/abbv/history/
GSK,,2010-01-29,,39.82,2010-01-28,39.01,2010-01-29,-2.03,38.87,,https://query1.finance.yahoo.com/v8/finance/chart/GSK?period1=1263686400&period2=1265760000&interval=1d&includePrePost=false,Verified,,https://finance.yahoo.com/quote/GSK/history/,https://www.stockanalysis.com/stocks/gsk/history/
NVO,Novo Nordisk A/S,2010-01-25,Approval,6.435,2010-01-22,6.588,2010-01-25,2.38,6.804,,https://query1.finance.yahoo.com/v8/finance/chart/NVO?period1=1263340800&period2=1265500799&interval=1d&includePrePost=false,Verified,lineage proxy per master precedent (see master row notes: decision-date symbol differs from the modern ticker); master decision D872,https://finance.yahoo.com/quote/NVO/history/,https://www.stockanalysis.com/stocks/nvo/history/
VTRS,,2010-01-04,,18.43,2009-12-31,18.72,2010-01-04,1.57,18.52,,https://query1.finance.yahoo.com/v8/finance/chart/VTRS?period1=1261526400&period2=1263600000&interval=1d&includePrePost=false,Verified,,https://finance.yahoo.com/quote/VTRS/history/,https://www.stockanalysis.com/stocks/vtrs/history/
BHC,,2009-12-04,,14.62,2009-12-03,14.39,2009-12-04,-1.57,14.18,,https://query1.finance.yahoo.com/v8/finance/chart/BHC?period1=1258848000&period2=1260921600&interval=1d&includePrePost=false,Verified,,https://finance.yahoo.com/quote/BHC/history/,https://www.stockanalysis.com/stocks/bhc/history/
NVS,,2009-11-25,,49.552,2009-11-24,50.0448,2009-11-25,0.99,49.6237,,https://query1.finance.yahoo.com/v8/finance/chart/NVS?period1=1258070400&period2=1260144000&interval=1d&includePrePost=false,Verified,,https://finance.yahoo.com/quote/NVS/history/,https://www.stockanalysis.com/stocks/nvs/history/
VTRS,,2009-11-18,,17.89,2009-11-17,17.65,2009-11-18,-1.34,17.43,,https://query1.finance.yahoo.com/v8/finance/chart/VTRS?period1=1257465600&period2=1259539200&interval=1d&includePrePost=false,Verified,,https://finance.yahoo.com/quote/VTRS/history/,https://www.stockanalysis.com/stocks/vtrs/history/
AZN,,2009-10-30,,45.75,2009-10-29,44.91,2009-10-30,-1.84,44.43,,https://query1.finance.yahoo.com/v8/finance/chart/AZN?period1=1255824000&period2=1257897600&interval=1d&includePrePost=false,Verified,,https://finance.yahoo.com/quote/AZN/history/,https://www.stockanalysis.com/stocks/azn/history/
GSK,GlaxoSmithKline plc,2009-10-26,Approval,40.24,2009-10-23,40.31,2009-10-26,0.17,40.87,,https://query1.finance.yahoo.com/v8/finance/chart/GSK?period1=1255478400&period2=1257638399&interval=1d&includePrePost=false,Verified,lineage proxy per master precedent (see master row notes: decision-date symbol differs from the modern ticker); master decision D866,https://finance.yahoo.com/quote/GSK/history/,https://www.stockanalysis.com/stocks/gsk/history/
GSK,GlaxoSmithKline plc,2009-10-19,Approval,41.2,2009-10-16,41.91,2009-10-19,1.72,41.6,,https://query1.finance.yahoo.com/v8/finance/chart/GSK?period1=1254873600&period2=1257033599&interval=1d&includePrePost=false,Verified,lineage proxy per master precedent (see master row notes: decision-date symbol differs from the modern ticker); master decision D865,https://finance.yahoo.com/quote/GSK/history/,https://www.stockanalysis.com/stocks/gsk/history/
JNJ,Centocor (Johnson & Johnson),2009-09-25,Approval,60.72,2009-09-24,60.62,2009-09-25,-0.16,61.27,,https://query1.finance.yahoo.com/v8/finance/chart/JNJ?period1=1252800000&period2=1254959999&interval=1d&includePrePost=false,Verified,master decision D864,https://finance.yahoo.com/quote/JNJ/history/,https://www.stockanalysis.com/stocks/jnj/history/
NVS,,2009-09-16,,42.8315,2009-09-15,43.5484,2009-09-16,1.67,43.19,,https://query1.finance.yahoo.com/v8/finance/chart/NVS?period1=1252022400&period2=1254096000&interval=1d&includePrePost=false,Verified,,https://finance.yahoo.com/quote/NVS/history/,https://www.stockanalysis.com/stocks/nvs/history/
BLCO,,2009-09-15,,,,,,,,,https://query1.finance.yahoo.com/v8/finance/chart/BLCO?period1=1251936000&period2=1254009600&interval=1d&includePrePost=false,Data unavailable - acquired/delisted or pre-Yahoo coverage,fetch status: FAILED HTTPError: HTTP Error 400: Bad Request,https://finance.yahoo.com/quote/BLCO/history/,https://www.stockanalysis.com/stocks/blco/history/
INVA,Theravance Biopharma,2009-09-11,Approval,14.8106,2009-09-10,14.6656,2009-09-11,-0.98,14.4641,,https://query1.finance.yahoo.com/v8/finance/chart/INVA?period1=1251590400&period2=1253750399&interval=1d&includePrePost=false,Verified,master decision D862,https://finance.yahoo.com/quote/INVA/history/,https://www.stockanalysis.com/stocks/inva/history/
BHC,,2009-09-04,,12.52,2009-09-03,12.7,2009-09-04,1.44,12.63,,https://query1.finance.yahoo.com/v8/finance/chart/BHC?period1=1250985600&period2=1253059200&interval=1d&includePrePost=false,Verified,,https://finance.yahoo.com/quote/BHC/history/,https://www.stockanalysis.com/stocks/bhc/history/
TAK,,2009-09-02,,,,,,,,,https://query1.finance.yahoo.com/v8/finance/chart/TAK?period1=1250812800&period2=1252886400&interval=1d&includePrePost=false,Data unavailable - acquired/delisted or pre-Yahoo coverage,fetch status: FAILED HTTPError: HTTP Error 400: Bad Request,https://finance.yahoo.com/quote/TAK/history/,https://www.stockanalysis.com/stocks/tak/history/
VTRS,,2009-08-31,,14.8,2009-08-28,14.67,2009-08-31,-0.88,14.27,,https://query1.finance.yahoo.com/v8/finance/chart/VTRS?period1=1250640000&period2=1252713600&interval=1d&includePrePost=false,Verified,,https://finance.yahoo.com/quote/VTRS/history/,https://www.stockanalysis.com/stocks/vtrs/history/
OTSKY,,2009-08-21,,,,,,,,,https://query1.finance.yahoo.com/v8/finance/chart/OTSKY?period1=1249776000&period2=1251849600&interval=1d&includePrePost=false,Data unavailable - acquired/delisted or pre-Yahoo coverage,fetch status: FAILED HTTPError: HTTP Error 400: Bad Request,https://finance.yahoo.com/quote/OTSKY/history/,https://www.stockanalysis.com/stocks/otsky/history/
SNY,,2009-08-12,,32.5,2009-08-11,32.89,2009-08-12,1.2,32.81,,https://query1.finance.yahoo.com/v8/finance/chart/SNY?period1=1248998400&period2=1251072000&interval=1d&includePrePost=false,Verified,,https://finance.yahoo.com/quote/SNY/history/,https://www.stockanalysis.com/stocks/sny/history/
TEVA,,2009-08-07,,52.01,2009-08-06,51.72,2009-08-07,-0.56,51.51,,https://query1.finance.yahoo.com/v8/finance/chart/TEVA?period1=1248566400&period2=1250640000&interval=1d&includePrePost=false,Verified,,https://finance.yahoo.com/quote/TEVA/history/,https://www.stockanalysis.com/stocks/teva/history/
JNJ,,2009-07-31,,61.79,2009-07-30,60.89,2009-07-31,-1.46,61.1,,https://query1.finance.yahoo.com/v8/finance/chart/JNJ?period1=1247961600&period2=1250035200&interval=1d&includePrePost=false,Verified,,https://finance.yahoo.com/quote/JNJ/history/,https://www.stockanalysis.com/stocks/jnj/history/
BMY,Bristol-Myers Squibb Co.,2009-07-31,Approval,21.56,2009-07-30,21.74,2009-07-31,0.83,21.83,,https://query1.finance.yahoo.com/v8/finance/chart/BMY?period1=1247961600&period2=1250121599&interval=1d&includePrePost=false,Verified,master decision D857,https://finance.yahoo.com/quote/BMY/history/,https://www.stockanalysis.com/stocks/bmy/history/
BHC,,2009-07-31,,13.48,2009-07-30,13.39,2009-07-31,-0.67,13.33,,https://query1.finance.yahoo.com/v8/finance/chart/BHC?period1=1247961600&period2=1250035200&interval=1d&includePrePost=false,Verified,,https://finance.yahoo.com/quote/BHC/history/,https://www.stockanalysis.com/stocks/bhc/history/
UTHR,,2009-07-30,,42.76,2009-07-29,47.795,2009-07-30,11.78,46.31,,https://query1.finance.yahoo.com/v8/finance/chart/UTHR?period1=1247875200&period2=1249948800&interval=1d&includePrePost=false,Verified,,https://finance.yahoo.com/quote/UTHR/history/,https://www.stockanalysis.com/stocks/uthr/history/
TAK,,2009-07-29,,,,,,,,,https://query1.finance.yahoo.com/v8/finance/chart/TAK?period1=1247788800&period2=1249862400&interval=1d&includePrePost=false,Data unavailable - acquired/delisted or pre-Yahoo coverage,fetch status: FAILED HTTPError: HTTP Error 400: Bad Request,https://finance.yahoo.com/quote/TAK/history/,https://www.stockanalysis.com/stocks/tak/history/
ABBV,,2009-07-22,,,,,,,,,https://query1.finance.yahoo.com/v8/finance/chart/ABBV?period1=1247184000&period2=1249257600&interval=1d&includePrePost=false,Data unavailable - acquired/delisted or pre-Yahoo coverage,fetch status: FAILED HTTPError: HTTP Error 400: Bad Request,https://finance.yahoo.com/quote/ABBV/history/,https://www.stockanalysis.com/stocks/abbv/history/
LLY,Eli Lilly and Co.,2009-07-10,Approval,33,2009-07-09,33.32,2009-07-10,0.97,32.93,,https://query1.finance.yahoo.com/v8/finance/chart/LLY?period1=1246147200&period2=1248307199&interval=1d&includePrePost=false,Verified,master decision D856,https://finance.yahoo.com/quote/LLY/history/,https://www.stockanalysis.com/stocks/lly/history/
SNY,Sanofi (Sanofi-Aventis),2009-07-01,Approval,29.49,2009-06-30,30.34,2009-07-01,2.88,29.7,,https://query1.finance.yahoo.com/v8/finance/chart/SNY?period1=1245369600&period2=1247529599&interval=1d&includePrePost=false,Verified,lineage proxy per master precedent (see master row notes: decision-date symbol differs from the modern ticker); master decision D855,https://finance.yahoo.com/quote/SNY/history/,https://www.stockanalysis.com/stocks/sny/history/
NVS,Novartis AG,2009-06-17,Approval,36.6667,2009-06-16,37.5179,2009-06-17,2.32,37.5,,https://query1.finance.yahoo.com/v8/finance/chart/NVS?period1=1244160000&period2=1246319999&interval=1d&includePrePost=false,Verified,lineage proxy per master precedent (see master row notes: decision-date symbol differs from the modern ticker); master decision D854,https://finance.yahoo.com/quote/NVS/history/,https://www.stockanalysis.com/stocks/nvs/history/
ABBV,,2009-06-17,,,,,,,,,https://query1.finance.yahoo.com/v8/finance/chart/ABBV?period1=1244160000&period2=1246233600&interval=1d&includePrePost=false,Data unavailable - acquired/delisted or pre-Yahoo coverage,fetch status: FAILED HTTPError: HTTP Error 400: Bad Request,https://finance.yahoo.com/quote/ABBV/history/,https://www.stockanalysis.com/stocks/abbv/history/
GSK,,2009-05-29,,33.5,2009-05-28,33.71,2009-05-29,0.63,34.21,,https://query1.finance.yahoo.com/v8/finance/chart/GSK?period1=1242518400&period2=1244592000&interval=1d&includePrePost=false,Verified,,https://finance.yahoo.com/quote/GSK/history/,https://www.stockanalysis.com/stocks/gsk/history/
LLY,,2009-05-22,,34.62,2009-05-21,34.34,2009-05-22,-0.81,34.85,,https://query1.finance.yahoo.com/v8/finance/chart/LLY?period1=1241913600&period2=1243987200&interval=1d&includePrePost=false,Verified,,https://finance.yahoo.com/quote/LLY/history/,https://www.stockanalysis.com/stocks/lly/history/
PRGO,,2009-05-18,,26.57,2009-05-15,26.78,2009-05-18,0.79,27.08,,https://query1.finance.yahoo.com/v8/finance/chart/PRGO?period1=1241568000&period2=1243641600&interval=1d&includePrePost=false,Verified,,https://finance.yahoo.com/quote/PRGO/history/,https://www.stockanalysis.com/stocks/prgo/history/
HLN,,2009-05-18,,,,,,,,,https://query1.finance.yahoo.com/v8/finance/chart/HLN?period1=1241568000&period2=1243641600&interval=1d&includePrePost=false,Data unavailable - acquired/delisted or pre-Yahoo coverage,fetch status: FAILED HTTPError: HTTP Error 400: Bad Request,https://finance.yahoo.com/quote/HLN/history/,https://www.stockanalysis.com/stocks/hln/history/
TAK,,2009-05-12,,,,,,,,,https://query1.finance.yahoo.com/v8/finance/chart/TAK?period1=1241049600&period2=1243123200&interval=1d&includePrePost=false,Data unavailable - acquired/delisted or pre-Yahoo coverage,fetch status: FAILED HTTPError: HTTP Error 400: Bad Request,https://finance.yahoo.com/quote/TAK/history/,https://www.stockanalysis.com/stocks/tak/history/
GSK,,2009-05-08,,30.75,2009-05-07,30.91,2009-05-08,0.52,30.94,,https://query1.finance.yahoo.com/v8/finance/chart/GSK?period1=1240704000&period2=1242777600&interval=1d&includePrePost=false,Verified,,https://finance.yahoo.com/quote/GSK/history/,https://www.stockanalysis.com/stocks/gsk/history/
VNDA,Vanda Pharmaceuticals,2009-05-06,Approval,1.09,2009-05-05,1.08,2009-05-06,-0.92,7.84,,https://query1.finance.yahoo.com/v8/finance/chart/VNDA?period1=1240531200&period2=1242691199&interval=1d&includePrePost=false,Verified,master decision D851,https://finance.yahoo.com/quote/VNDA/history/,https://www.stockanalysis.com/stocks/vnda/history/
NVS,,2009-04-30,,33.9964,2009-04-29,33.9695,2009-04-30,-0.08,33.9427,,https://query1.finance.yahoo.com/v8/finance/chart/NVS?period1=1240012800&period2=1242086400&interval=1d&includePrePost=false,Verified,,https://finance.yahoo.com/quote/NVS/history/,https://www.stockanalysis.com/stocks/nvs/history/
ABBV,,2009-04-30,,,,,,,,,https://query1.finance.yahoo.com/v8/finance/chart/ABBV?period1=1240012800&period2=1242086400&interval=1d&includePrePost=false,Data unavailable - acquired/delisted or pre-Yahoo coverage,fetch status: FAILED HTTPError: HTTP Error 400: Bad Request,https://finance.yahoo.com/quote/ABBV/history/,https://www.stockanalysis.com/stocks/abbv/history/
NVS,,2009-04-28,,32.6792,2009-04-27,33.2258,2009-04-28,1.67,33.9964,,https://query1.finance.yahoo.com/v8/finance/chart/NVS?period1=1239840000&period2=1241913600&interval=1d&includePrePost=false,Verified,,https://finance.yahoo.com/quote/NVS/history/,https://www.stockanalysis.com/stocks/nvs/history/
JNJ,Centocor (Johnson & Johnson),2009-04-24,Approval,51.4,2009-04-23,50.92,2009-04-24,-0.93,50.86,,https://query1.finance.yahoo.com/v8/finance/chart/JNJ?period1=1239494400&period2=1241654399&interval=1d&includePrePost=false,Verified,master decision D849,https://finance.yahoo.com/quote/JNJ/history/,https://www.stockanalysis.com/stocks/jnj/history/
NVS,Novartis AG,2009-04-07,Approval,33.3423,2009-04-06,33.4319,2009-04-07,0.27,33.3961,,https://query1.finance.yahoo.com/v8/finance/chart/NVS?period1=1238025600&period2=1240185599&interval=1d&includePrePost=false,Verified,lineage proxy per master precedent (see master row notes: decision-date symbol differs from the modern ticker); master decision D847,https://finance.yahoo.com/quote/NVS/history/,https://www.stockanalysis.com/stocks/nvs/history/
NVS,Novartis AG,2009-03-30,Approval,33.172,2009-03-27,32.7509,2009-03-30,-1.27,33.8979,,https://query1.finance.yahoo.com/v8/finance/chart/NVS?period1=1237334400&period2=1239494399&interval=1d&includePrePost=false,Verified,lineage proxy per master precedent (see master row notes: decision-date symbol differs from the modern ticker); master decision D846,https://finance.yahoo.com/quote/NVS/history/,https://www.stockanalysis.com/stocks/nvs/history/
VTRS,,2009-03-13,,12.96,2009-03-12,13.27,2009-03-13,2.39,13.05,,https://query1.finance.yahoo.com/v8/finance/chart/VTRS?period1=1235865600&period2=1237939200&interval=1d&includePrePost=false,Verified,,https://finance.yahoo.com/quote/VTRS/history/,https://www.stockanalysis.com/stocks/vtrs/history/
PFE,,2009-03-13,,13.3017,2009-03-12,13.7951,2009-03-13,3.71,13.425,,https://query1.finance.yahoo.com/v8/finance/chart/PFE?period1=1235865600&period2=1237939200&interval=1d&includePrePost=false,Verified,,https://finance.yahoo.com/quote/PFE/history/,https://www.stockanalysis.com/stocks/pfe/history/
MRK,,2009-02-27,,24.8473,2009-02-26,23.0916,2009-02-27,-7.07,22.3664,,https://query1.finance.yahoo.com/v8/finance/chart/MRK?period1=1234656000&period2=1236729600&interval=1d&includePrePost=false,Verified,,https://finance.yahoo.com/quote/MRK/history/,https://www.stockanalysis.com/stocks/mrk/history/
HROW,,2009-02-13,,40,2009-02-12,40,2009-02-13,0.0,40,,https://query1.finance.yahoo.com/v8/finance/chart/HROW?period1=1233446400&period2=1235520000&interval=1d&includePrePost=false,Verified,,https://finance.yahoo.com/quote/HROW/history/,https://www.stockanalysis.com/stocks/hrow/history/
TAK,,2009-01-30,,,,,,,,,https://query1.finance.yahoo.com/v8/finance/chart/TAK?period1=1232236800&period2=1234310400&interval=1d&includePrePost=false,Data unavailable - acquired/delisted or pre-Yahoo coverage,fetch status: FAILED HTTPError: HTTP Error 400: Bad Request,https://finance.yahoo.com/quote/TAK/history/,https://www.stockanalysis.com/stocks/tak/history/
ABBV,,2009-01-27,,,,,,,,,https://query1.finance.yahoo.com/v8/finance/chart/ABBV?period1=1231977600&period2=1234051200&interval=1d&includePrePost=false,Data unavailable - acquired/delisted or pre-Yahoo coverage,fetch status: FAILED HTTPError: HTTP Error 400: Bad Request,https://finance.yahoo.com/quote/ABBV/history/,https://www.stockanalysis.com/stocks/abbv/history/
GALDY,,2009-01-23,,,,,,,,,https://query1.finance.yahoo.com/v8/finance/chart/GALDY?period1=1231632000&period2=1233705600&interval=1d&includePrePost=false,Data unavailable - acquired/delisted or pre-Yahoo coverage,fetch status: FAILED HTTPError: HTTP Error 400: Bad Request,https://finance.yahoo.com/quote/GALDY/history/,https://www.stockanalysis.com/stocks/galdy/history/
BAX,,2008-12-24,,28.6312,2008-12-23,28.7344,2008-12-24,0.36,28.7561,,https://query1.finance.yahoo.com/v8/finance/chart/BAX?period1=1229040000&period2=1231113600&interval=1d&includePrePost=false,Verified,,https://finance.yahoo.com/quote/BAX/history/,https://www.stockanalysis.com/stocks/bax/history/
ABBV,,2008-12-24,,,,,,,,,https://query1.finance.yahoo.com/v8/finance/chart/ABBV?period1=1229040000&period2=1231113600&interval=1d&includePrePost=false,Data unavailable - acquired/delisted or pre-Yahoo coverage,fetch status: FAILED HTTPError: HTTP Error 400: Bad Request,https://finance.yahoo.com/quote/ABBV/history/,https://www.stockanalysis.com/stocks/abbv/history/
AZN,,2008-12-19,,40.23,2008-12-18,40.46,2008-12-19,0.57,40.3,,https://query1.finance.yahoo.com/v8/finance/chart/AZN?period1=1228608000&period2=1230681600&interval=1d&includePrePost=false,Verified,,https://finance.yahoo.com/quote/AZN/history/,https://www.stockanalysis.com/stocks/azn/history/
SNY,,2008-12-18,,32.81,2008-12-17,32.39,2008-12-18,-1.28,32.6,,https://query1.finance.yahoo.com/v8/finance/chart/SNY?period1=1228521600&period2=1230595200&interval=1d&includePrePost=false,Verified,,https://finance.yahoo.com/quote/SNY/history/,https://www.stockanalysis.com/stocks/sny/history/
ABBV,,2008-12-15,,,,,,,,,https://query1.finance.yahoo.com/v8/finance/chart/ABBV?period1=1228262400&period2=1230336000&interval=1d&includePrePost=false,Data unavailable - acquired/delisted or pre-Yahoo coverage,fetch status: FAILED HTTPError: HTTP Error 400: Bad Request,https://finance.yahoo.com/quote/ABBV/history/,https://www.stockanalysis.com/stocks/abbv/history/
GALDY,,2008-12-08,,,,,,,,,https://query1.finance.yahoo.com/v8/finance/chart/GALDY?period1=1227657600&period2=1229731200&interval=1d&includePrePost=false,Data unavailable - acquired/delisted or pre-Yahoo coverage,fetch status: FAILED HTTPError: HTTP Error 400: Bad Request,https://finance.yahoo.com/quote/GALDY/history/,https://www.stockanalysis.com/stocks/galdy/history/
AZN,,2008-12-05,,37.7,2008-12-04,38.85,2008-12-05,3.05,39.95,,https://query1.finance.yahoo.com/v8/finance/chart/AZN?period1=1227398400&period2=1229472000&interval=1d&includePrePost=false,Verified,,https://finance.yahoo.com/quote/AZN/history/,https://www.stockanalysis.com/stocks/azn/history/
TEVA,,2008-11-28,,43.08,2008-11-26,43.15,2008-11-28,0.16,41.35,,https://query1.finance.yahoo.com/v8/finance/chart/TEVA?period1=1226793600&period2=1228867200&interval=1d&includePrePost=false,Verified,,https://finance.yahoo.com/quote/TEVA/history/,https://www.stockanalysis.com/stocks/teva/history/
JNJ,Ortho-McNeil (Johnson & Johnson),2008-11-20,Approval,58.12,2008-11-19,55.81,2008-11-20,-3.97,58.35,,https://query1.finance.yahoo.com/v8/finance/chart/JNJ?period1=1226102400&period2=1228262399&interval=1d&includePrePost=false,Verified,master decision D838,https://finance.yahoo.com/quote/JNJ/history/,https://www.stockanalysis.com/stocks/jnj/history/
GSK,GlaxoSmithKline plc,2008-11-20,Approval,35.05,2008-11-19,32.54,2008-11-20,-7.16,32.85,,https://query1.finance.yahoo.com/v8/finance/chart/GSK?period1=1226102400&period2=1228262399&interval=1d&includePrePost=false,Verified,lineage proxy per master precedent (see master row notes: decision-date symbol differs from the modern ticker); master decision D839,https://finance.yahoo.com/quote/GSK/history/,https://www.stockanalysis.com/stocks/gsk/history/
TEVA,,2008-10-31,,41.64,2008-10-30,42.88,2008-10-31,2.98,42.95,,https://query1.finance.yahoo.com/v8/finance/chart/TEVA?period1=1224374400&period2=1226448000&interval=1d&includePrePost=false,Verified,,https://finance.yahoo.com/quote/TEVA/history/,https://www.stockanalysis.com/stocks/teva/history/
PFE,Pfizer Inc.,2008-10-31,Approval,16.945,2008-10-30,16.8027,2008-10-31,-0.84,16.8501,,https://query1.finance.yahoo.com/v8/finance/chart/PFE?period1=1224374400&period2=1226534399&interval=1d&includePrePost=false,Verified,master decision D836,https://finance.yahoo.com/quote/PFE/history/,https://www.stockanalysis.com/stocks/pfe/history/
BHC,,2008-10-31,,8.24,2008-10-30,8.6,2008-10-31,4.37,8.98,,https://query1.finance.yahoo.com/v8/finance/chart/BHC?period1=1224374400&period2=1226448000&interval=1d&includePrePost=false,Verified,,https://finance.yahoo.com/quote/BHC/history/,https://www.stockanalysis.com/stocks/bhc/history/
TEVA,,2008-10-24,,39.99,2008-10-23,38.7,2008-10-24,-3.23,37.78,,https://query1.finance.yahoo.com/v8/finance/chart/TEVA?period1=1223769600&period2=1225843200&interval=1d&includePrePost=false,Verified,,https://finance.yahoo.com/quote/TEVA/history/,https://www.stockanalysis.com/stocks/teva/history/
BHC,,2008-10-23,,8.22,2008-10-22,8.65,2008-10-23,5.23,8.2,,https://query1.finance.yahoo.com/v8/finance/chart/BHC?period1=1223683200&period2=1225756800&interval=1d&includePrePost=false,Verified,,https://finance.yahoo.com/quote/BHC/history/,https://www.stockanalysis.com/stocks/bhc/history/
VTRS,,2008-10-15,,8.81,2008-10-14,7.3,2008-10-15,-17.14,7.72,,https://query1.finance.yahoo.com/v8/finance/chart/VTRS?period1=1222992000&period2=1225065600&interval=1d&includePrePost=false,Verified,,https://finance.yahoo.com/quote/VTRS/history/,https://www.stockanalysis.com/stocks/vtrs/history/
GE,General Electric Co. (GE HealthCare),2008-09-19,Approval,118.8045,2008-09-18,127.5747,2008-09-19,7.38,125.3222,,https://query1.finance.yahoo.com/v8/finance/chart/GE?period1=1220745600&period2=1222905599&interval=1d&includePrePost=false,Verified,lineage proxy per master precedent (see master row notes: decision-date symbol differs from the modern ticker); master decision D833,https://finance.yahoo.com/quote/GE/history/,https://www.stockanalysis.com/stocks/ge/history/
NVO,,2008-08-26,,5.794,2008-08-25,5.707,2008-08-26,-1.5,5.758,,https://query1.finance.yahoo.com/v8/finance/chart/NVO?period1=1218672000&period2=1220745600&interval=1d&includePrePost=false,Verified,,https://finance.yahoo.com/quote/NVO/history/,https://www.stockanalysis.com/stocks/nvo/history/
AMGN,Amgen Inc.,2008-08-22,Approval,63.81,2008-08-21,64.01,2008-08-22,0.31,63.96,,https://query1.finance.yahoo.com/v8/finance/chart/AMGN?period1=1218326400&period2=1220486399&interval=1d&includePrePost=false,Verified,master decision D832,https://finance.yahoo.com/quote/AMGN/history/,https://www.stockanalysis.com/stocks/amgn/history/
BAX,,2008-08-05,,37.4307,2008-08-04,38.0065,2008-08-05,1.54,38.4302,,https://query1.finance.yahoo.com/v8/finance/chart/BAX?period1=1216857600&period2=1218931200&interval=1d&includePrePost=false,Verified,,https://finance.yahoo.com/quote/BAX/history/,https://www.stockanalysis.com/stocks/bax/history/
ALC,,2008-07-24,,,,,,,,,https://query1.finance.yahoo.com/v8/finance/chart/ALC?period1=1215820800&period2=1217894400&interval=1d&includePrePost=false,Data unavailable - acquired/delisted or pre-Yahoo coverage,fetch status: FAILED HTTPError: HTTP Error 400: Bad Request,https://finance.yahoo.com/quote/ALC/history/,https://www.stockanalysis.com/stocks/alc/history/
JNJ,,2008-06-27,,64.26,2008-06-26,63.57,2008-06-27,-1.07,64.34,,https://query1.finance.yahoo.com/v8/finance/chart/JNJ?period1=1213488000&period2=1215561600&interval=1d&includePrePost=false,Verified,,https://finance.yahoo.com/quote/JNJ/history/,https://www.stockanalysis.com/stocks/jnj/history/
NVO,,2008-06-23,,6.352,2008-06-20,6.328,2008-06-23,-0.38,6.499,,https://query1.finance.yahoo.com/v8/finance/chart/NVO?period1=1213142400&period2=1215216000&interval=1d&includePrePost=false,Verified,,https://finance.yahoo.com/quote/NVO/history/,https://www.stockanalysis.com/stocks/nvo/history/
BAYRY,,2008-06-16,,20.725,2008-06-13,20.35,2008-06-16,-1.81,20.5125,,https://query1.finance.yahoo.com/v8/finance/chart/BAYRY?period1=1212537600&period2=1214611200&interval=1d&includePrePost=false,Verified,,https://finance.yahoo.com/quote/BAYRY/history/,https://www.stockanalysis.com/stocks/bayry/history/
ABBV,,2008-06-16,,,,,,,,,https://query1.finance.yahoo.com/v8/finance/chart/ABBV?period1=1212537600&period2=1214611200&interval=1d&includePrePost=false,Data unavailable - acquired/delisted or pre-Yahoo coverage,fetch status: FAILED HTTPError: HTTP Error 400: Bad Request,https://finance.yahoo.com/quote/ABBV/history/,https://www.stockanalysis.com/stocks/abbv/history/
LLY,,2008-06-13,,47.7,2008-06-12,48.33,2008-06-13,1.32,47.85,,https://query1.finance.yahoo.com/v8/finance/chart/LLY?period1=1212278400&period2=1214352000&interval=1d&includePrePost=false,Verified,,https://finance.yahoo.com/quote/LLY/history/,https://www.stockanalysis.com/stocks/lly/history/
GSK,,2008-06-13,,41.6,2008-06-12,42.04,2008-06-13,1.06,42.85,,https://query1.finance.yahoo.com/v8/finance/chart/GSK?period1=1212278400&period2=1214352000&interval=1d&includePrePost=false,Verified,,https://finance.yahoo.com/quote/GSK/history/,https://www.stockanalysis.com/stocks/gsk/history/
ABBV,,2008-05-29,,,,,,,,,https://query1.finance.yahoo.com/v8/finance/chart/ABBV?period1=1210982400&period2=1213056000&interval=1d&includePrePost=false,Data unavailable - acquired/delisted or pre-Yahoo coverage,fetch status: FAILED HTTPError: HTTP Error 400: Bad Request,https://finance.yahoo.com/quote/ABBV/history/,https://www.stockanalysis.com/stocks/abbv/history/
PFE,,2008-05-07,,19.3738,2008-05-06,18.8994,2008-05-07,-2.45,18.9469,,https://query1.finance.yahoo.com/v8/finance/chart/PFE?period1=1209081600&period2=1211155200&interval=1d&includePrePost=false,Verified,,https://finance.yahoo.com/quote/PFE/history/,https://www.stockanalysis.com/stocks/pfe/history/
BHC,,2008-04-23,,10.99,2008-04-22,10.71,2008-04-23,-2.55,11.35,,https://query1.finance.yahoo.com/v8/finance/chart/BHC?period1=1207872000&period2=1209945600&interval=1d&includePrePost=false,Verified,,https://finance.yahoo.com/quote/BHC/history/,https://www.stockanalysis.com/stocks/bhc/history/
NVS,,2008-04-15,,41.6219,2008-04-14,41.819,2008-04-15,0.47,42.4731,,https://query1.finance.yahoo.com/v8/finance/chart/NVS?period1=1207180800&period2=1209254400&interval=1d&includePrePost=false,Verified,,https://finance.yahoo.com/quote/NVS/history/,https://www.stockanalysis.com/stocks/nvs/history/
JAZZ,,2008-04-14,,8.37,2008-04-11,8.14,2008-04-14,-2.75,8.79,,https://query1.finance.yahoo.com/v8/finance/chart/JAZZ?period1=1207094400&period2=1209168000&interval=1d&includePrePost=false,Verified,,https://finance.yahoo.com/quote/JAZZ/history/,https://www.stockanalysis.com/stocks/jazz/history/
ABBV,,2008-03-24,,,,,,,,,https://query1.finance.yahoo.com/v8/finance/chart/ABBV?period1=1205280000&period2=1207353600&interval=1d&includePrePost=false,Data unavailable - acquired/delisted or pre-Yahoo coverage,fetch status: FAILED HTTPError: HTTP Error 400: Bad Request,https://finance.yahoo.com/quote/ABBV/history/,https://www.stockanalysis.com/stocks/abbv/history/
JAZZ,,2008-02-28,,12.23,2008-02-27,12.57,2008-02-28,2.78,11.96,,https://query1.finance.yahoo.com/v8/finance/chart/JAZZ?period1=1203120000&period2=1205193600&interval=1d&includePrePost=false,Verified,,https://finance.yahoo.com/quote/JAZZ/history/,https://www.stockanalysis.com/stocks/jazz/history/
REGN,Regeneron Pharmaceuticals,2008-02-27,Approval,18.66,2008-02-26,18.9,2008-02-27,1.29,20.03,,https://query1.finance.yahoo.com/v8/finance/chart/REGN?period1=1203033600&period2=1205193599&interval=1d&includePrePost=false,Verified,master decision D821,https://finance.yahoo.com/quote/REGN/history/,https://www.stockanalysis.com/stocks/regn/history/
AZN,,2008-02-27,,40.03,2008-02-26,39.15,2008-02-27,-2.2,38.68,,https://query1.finance.yahoo.com/v8/finance/chart/AZN?period1=1203033600&period2=1205107200&interval=1d&includePrePost=false,Verified,,https://finance.yahoo.com/quote/AZN/history/,https://www.stockanalysis.com/stocks/azn/history/
SNY,,2008-01-28,,40.34,2008-01-25,41.65,2008-01-28,3.25,41.02,,https://query1.finance.yahoo.com/v8/finance/chart/SNY?period1=1200441600&period2=1202515200&interval=1d&includePrePost=false,Verified,,https://finance.yahoo.com/quote/SNY/history/,https://www.stockanalysis.com/stocks/sny/history/
MRK,"Merck & Co., Inc.",2008-01-25,Approval,47.2901,2008-01-24,45.6011,2008-01-25,-3.57,46.9943,,https://query1.finance.yahoo.com/v8/finance/chart/MRK?period1=1200182400&period2=1202342399&interval=1d&includePrePost=false,Verified,,https://finance.yahoo.com/quote/MRK/history/,https://www.stockanalysis.com/stocks/mrk/history/
JNJ,Tibotec (Johnson & Johnson),2008-01-18,Approval,67.83,2008-01-17,66.29,2008-01-18,-2.27,65.27,,https://query1.finance.yahoo.com/v8/finance/chart/JNJ?period1=1199577600&period2=1201737599&interval=1d&includePrePost=false,Verified,master decision D820,https://finance.yahoo.com/quote/JNJ/history/,https://www.stockanalysis.com/stocks/jnj/history/
ANIP,,2007-12-20,,133.2,2007-12-19,147.6,2007-12-20,10.81,149.4,,https://query1.finance.yahoo.com/v8/finance/chart/ANIP?period1=1197072000&period2=1199145600&interval=1d&includePrePost=false,Verified,,https://finance.yahoo.com/quote/ANIP/history/,https://www.stockanalysis.com/stocks/anip/history/
VTRS,Mylan Bertek (Mylan; now Viatris),2007-12-17,Approval,13.7,2007-12-14,13.46,2007-12-17,-1.75,13.77,,https://query1.finance.yahoo.com/v8/finance/chart/VTRS?period1=1196812800&period2=1198972799&interval=1d&includePrePost=false,Verified,master decision D819,https://finance.yahoo.com/quote/VTRS/history/,https://www.stockanalysis.com/stocks/vtrs/history/
BMRN,BioMarin Pharmaceutical,2007-12-13,Approval,28.18,2007-12-12,29.76,2007-12-13,5.61,36.44,,https://query1.finance.yahoo.com/v8/finance/chart/BMRN?period1=1196467200&period2=1198627199&interval=1d&includePrePost=false,Verified,master decision D818,https://finance.yahoo.com/quote/BMRN/history/,https://www.stockanalysis.com/stocks/bmrn/history/
HROW,,2007-11-29,,88.4,2007-11-28,88.4,2007-11-29,0.0,90,,https://query1.finance.yahoo.com/v8/finance/chart/HROW?period1=1195257600&period2=1197331200&interval=1d&includePrePost=false,Verified,,https://finance.yahoo.com/quote/HROW/history/,https://www.stockanalysis.com/stocks/hrow/history/
ALC,,2007-11-29,,,,,,,,,https://query1.finance.yahoo.com/v8/finance/chart/ALC?period1=1195257600&period2=1197331200&interval=1d&includePrePost=false,Data unavailable - acquired/delisted or pre-Yahoo coverage,fetch status: FAILED HTTPError: HTTP Error 400: Bad Request,https://finance.yahoo.com/quote/ALC/history/,https://www.stockanalysis.com/stocks/alc/history/
KVUE,,2007-11-16,,,,,,,,,https://query1.finance.yahoo.com/v8/finance/chart/KVUE?period1=1194134400&period2=1196208000&interval=1d&includePrePost=false,Data unavailable - acquired/delisted or pre-Yahoo coverage,fetch status: FAILED HTTPError: HTTP Error 400: Bad Request,https://finance.yahoo.com/quote/KVUE/history/,https://www.stockanalysis.com/stocks/kvue/history/
PFE,,2007-11-14,,22.3435,2007-11-13,22.4004,2007-11-14,0.25,22.0968,,https://query1.finance.yahoo.com/v8/finance/chart/PFE?period1=1193961600&period2=1196035200&interval=1d&includePrePost=false,Verified,,https://finance.yahoo.com/quote/PFE/history/,https://www.stockanalysis.com/stocks/pfe/history/
ABBV,,2007-10-30,,,,,,,,,https://query1.finance.yahoo.com/v8/finance/chart/ABBV?period1=1192665600&period2=1194739200&interval=1d&includePrePost=false,Data unavailable - acquired/delisted or pre-Yahoo coverage,fetch status: FAILED HTTPError: HTTP Error 400: Bad Request,https://finance.yahoo.com/quote/ABBV/history/,https://www.stockanalysis.com/stocks/abbv/history/
NVS,Novartis AG,2007-10-29,Approval,46.7204,2007-10-26,46.7742,2007-10-29,0.12,47.2312,,https://query1.finance.yahoo.com/v8/finance/chart/NVS?period1=1192579200&period2=1194739199&interval=1d&includePrePost=false,Verified,lineage proxy per master precedent (see master row notes: decision-date symbol differs from the modern ticker); master decision D816,https://finance.yahoo.com/quote/NVS/history/,https://www.stockanalysis.com/stocks/nvs/history/
SNY,,2007-10-19,,42.98,2007-10-18,42.12,2007-10-19,-2.0,41.95,,https://query1.finance.yahoo.com/v8/finance/chart/SNY?period1=1191715200&period2=1193788800&interval=1d&includePrePost=false,Verified,,https://finance.yahoo.com/quote/SNY/history/,https://www.stockanalysis.com/stocks/sny/history/
HLN,,2007-10-17,,,,,,,,,https://query1.finance.yahoo.com/v8/finance/chart/HLN?period1=1191542400&period2=1193616000&interval=1d&includePrePost=false,Data unavailable - acquired/delisted or pre-Yahoo coverage,fetch status: FAILED HTTPError: HTTP Error 400: Bad Request,https://finance.yahoo.com/quote/HLN/history/,https://www.stockanalysis.com/stocks/hln/history/
BMY,Bristol-Myers Squibb Co.,2007-10-16,Approval,29.73,2007-10-15,29.24,2007-10-16,-1.65,29.83,,https://query1.finance.yahoo.com/v8/finance/chart/BMY?period1=1191456000&period2=1193615999&interval=1d&includePrePost=false,Verified,master decision D815,https://finance.yahoo.com/quote/BMY/history/,https://www.stockanalysis.com/stocks/bmy/history/
MRK,"Merck & Co., Inc.",2007-10-12,Approval,50.6107,2007-10-11,51.0592,2007-10-12,0.89,50.8492,,https://query1.finance.yahoo.com/v8/finance/chart/MRK?period1=1191110400&period2=1193270399&interval=1d&includePrePost=false,Verified,master decision D814,https://finance.yahoo.com/quote/MRK/history/,https://www.stockanalysis.com/stocks/mrk/history/
JNJ,Johnson & Johnson,2007-10-12,Approval,65.95,2007-10-11,65.94,2007-10-12,-0.02,65.65,,https://query1.finance.yahoo.com/v8/finance/chart/JNJ?period1=1191110400&period2=1193270399&interval=1d&includePrePost=false,Verified,master decision D813,https://finance.yahoo.com/quote/JNJ/history/,https://www.stockanalysis.com/stocks/jnj/history/
NVS,,2007-09-28,,48.9875,2007-09-27,49.2473,2007-09-28,0.53,49.4355,,https://query1.finance.yahoo.com/v8/finance/chart/NVS?period1=1189900800&period2=1191974400&interval=1d&includePrePost=false,Verified,,https://finance.yahoo.com/quote/NVS/history/,https://www.stockanalysis.com/stocks/nvs/history/
LLY,,2007-09-13,,57.05,2007-09-12,57.18,2007-09-13,0.23,56.82,,https://query1.finance.yahoo.com/v8/finance/chart/LLY?period1=1188604800&period2=1190678400&interval=1d&includePrePost=false,Verified,,https://finance.yahoo.com/quote/LLY/history/,https://www.stockanalysis.com/stocks/lly/history/
GEHC,,2007-09-05,,,,,,,,,https://query1.finance.yahoo.com/v8/finance/chart/GEHC?period1=1187913600&period2=1189987200&interval=1d&includePrePost=false,Data unavailable - acquired/delisted or pre-Yahoo coverage,fetch status: FAILED HTTPError: HTTP Error 400: Bad Request,https://finance.yahoo.com/quote/GEHC/history/,https://www.stockanalysis.com/stocks/gehc/history/
BHC,,2007-08-10,,16.21,2007-08-09,16.38,2007-08-10,1.05,17,,https://query1.finance.yahoo.com/v8/finance/chart/BHC?period1=1185667200&period2=1187740800&interval=1d&includePrePost=false,Verified,,https://finance.yahoo.com/quote/BHC/history/,https://www.stockanalysis.com/stocks/bhc/history/
PFE,Pfizer Inc.,2007-08-06,Approval,22.3055,2007-08-03,22.8748,2007-08-06,2.55,23.1025,,https://query1.finance.yahoo.com/v8/finance/chart/PFE?period1=1185321600&period2=1187481599&interval=1d&includePrePost=false,Verified,master decision D810,https://finance.yahoo.com/quote/PFE/history/,https://www.stockanalysis.com/stocks/pfe/history/
ABBV,,2007-08-03,,,,,,,,,https://query1.finance.yahoo.com/v8/finance/chart/ABBV?period1=1185062400&period2=1187136000&interval=1d&includePrePost=false,Data unavailable - acquired/delisted or pre-Yahoo coverage,fetch status: FAILED HTTPError: HTTP Error 400: Bad Request,https://finance.yahoo.com/quote/ABBV/history/,https://www.stockanalysis.com/stocks/abbv/history/
SNY,,2007-07-26,,42.36,2007-07-25,41.33,2007-07-26,-2.43,40.87,,https://query1.finance.yahoo.com/v8/finance/chart/SNY?period1=1184371200&period2=1186444800&interval=1d&includePrePost=false,Verified,,https://finance.yahoo.com/quote/SNY/history/,https://www.stockanalysis.com/stocks/sny/history/
BHC,,2007-07-26,,20.83,2007-07-25,20.07,2007-07-26,-3.65,19.26,,https://query1.finance.yahoo.com/v8/finance/chart/BHC?period1=1184371200&period2=1186444800&interval=1d&includePrePost=false,Verified,,https://finance.yahoo.com/quote/BHC/history/,https://www.stockanalysis.com/stocks/bhc/history/
NVS,,2007-06-20,,49.7491,2007-06-19,49.7491,2007-06-20,0.0,49.4265,,https://query1.finance.yahoo.com/v8/finance/chart/NVS?period1=1181260800&period2=1183334400&interval=1d&includePrePost=false,Verified,,https://finance.yahoo.com/quote/NVS/history/,https://www.stockanalysis.com/stocks/nvs/history/
GALDY,,2007-06-19,,,,,,,,,https://query1.finance.yahoo.com/v8/finance/chart/GALDY?period1=1181174400&period2=1183248000&interval=1d&includePrePost=false,Data unavailable - acquired/delisted or pre-Yahoo coverage,fetch status: FAILED HTTPError: HTTP Error 400: Bad Request,https://finance.yahoo.com/quote/GALDY/history/,https://www.stockanalysis.com/stocks/galdy/history/
GILD,Gilead Sciences,2007-06-15,Approval,20.16,2007-06-14,20.2075,2007-06-15,0.24,20.1275,,https://query1.finance.yahoo.com/v8/finance/chart/GILD?period1=1180828800&period2=1182988799&interval=1d&includePrePost=false,Verified,master decision D809,https://finance.yahoo.com/quote/GILD/history/,https://www.stockanalysis.com/stocks/gild/history/
SNY,,2007-05-25,,47.26,2007-05-24,47.42,2007-05-25,0.34,47.33,,https://query1.finance.yahoo.com/v8/finance/chart/SNY?period1=1179014400&period2=1181088000&interval=1d&includePrePost=false,Verified,,https://finance.yahoo.com/quote/SNY/history/,https://www.stockanalysis.com/stocks/sny/history/
PFE,,2007-05-22,,26.0152,2007-05-21,25.9677,2007-05-22,-0.18,25.9393,,https://query1.finance.yahoo.com/v8/finance/chart/PFE?period1=1178755200&period2=1180828800&interval=1d&includePrePost=false,Verified,,https://finance.yahoo.com/quote/PFE/history/,https://www.stockanalysis.com/stocks/pfe/history/
BHC,,2007-05-18,,25,2007-05-17,24.53,2007-05-18,-1.88,24.86,,https://query1.finance.yahoo.com/v8/finance/chart/BHC?period1=1178409600&period2=1180483200&interval=1d&includePrePost=false,Verified,,https://finance.yahoo.com/quote/BHC/history/,https://www.stockanalysis.com/stocks/bhc/history/
SNY,,2007-05-16,,46.14,2007-05-15,46.58,2007-05-16,0.95,46.2,,https://query1.finance.yahoo.com/v8/finance/chart/SNY?period1=1178236800&period2=1180310400&interval=1d&includePrePost=false,Verified,,https://finance.yahoo.com/quote/SNY/history/,https://www.stockanalysis.com/stocks/sny/history/
VTRS,,2007-05-11,,22.09,2007-05-10,22.4,2007-05-11,1.4,19.7,,https://query1.finance.yahoo.com/v8/finance/chart/VTRS?period1=1177804800&period2=1179878400&interval=1d&includePrePost=false,Verified,,https://finance.yahoo.com/quote/VTRS/history/,https://www.stockanalysis.com/stocks/vtrs/history/
JNJ,,2007-04-27,,64.24,2007-04-26,64.17,2007-04-27,-0.11,64.22,,https://query1.finance.yahoo.com/v8/finance/chart/JNJ?period1=1176595200&period2=1178668800&interval=1d&includePrePost=false,Verified,,https://finance.yahoo.com/quote/JNJ/history/,https://www.stockanalysis.com/stocks/jnj/history/
HLN,,2007-04-27,,,,,,,,,https://query1.finance.yahoo.com/v8/finance/chart/HLN?period1=1176595200&period2=1178668800&interval=1d&includePrePost=false,Data unavailable - acquired/delisted or pre-Yahoo coverage,fetch status: FAILED HTTPError: HTTP Error 400: Bad Request,https://finance.yahoo.com/quote/HLN/history/,https://www.stockanalysis.com/stocks/hln/history/
BHC,,2007-04-25,,25,2007-04-24,24.9,2007-04-25,-0.4,24.61,,https://query1.finance.yahoo.com/v8/finance/chart/BHC?period1=1176422400&period2=1178496000&interval=1d&includePrePost=false,Verified,,https://finance.yahoo.com/quote/BHC/history/,https://www.stockanalysis.com/stocks/bhc/history/
GSK,GlaxoSmithKline plc,2007-04-12,Approval,55.93,2007-04-11,57.07,2007-04-12,2.04,58.1,,https://query1.finance.yahoo.com/v8/finance/chart/GSK?period1=1175299200&period2=1177459199&interval=1d&includePrePost=false,Verified,lineage proxy per master precedent (see master row notes: decision-date symbol differs from the modern ticker); master decision D806,https://finance.yahoo.com/quote/GSK/history/,https://www.stockanalysis.com/stocks/gsk/history/
MRK,,2007-03-30,,41.937,2007-03-29,42.1469,2007-03-30,0.5,42.9485,,https://query1.finance.yahoo.com/v8/finance/chart/MRK?period1=1174176000&period2=1176249600&interval=1d&includePrePost=false,Verified,,https://finance.yahoo.com/quote/MRK/history/,https://www.stockanalysis.com/stocks/mrk/history/
GSK,GlaxoSmithKline plc,2007-03-13,Approval,56,2007-03-12,55.25,2007-03-13,-1.34,54.83,,https://query1.finance.yahoo.com/v8/finance/chart/GSK?period1=1172707200&period2=1174867199&interval=1d&includePrePost=false,Verified,lineage proxy per master precedent (see master row notes: decision-date symbol differs from the modern ticker); master decision D804,https://finance.yahoo.com/quote/GSK/history/,https://www.stockanalysis.com/stocks/gsk/history/
NVS,Novartis AG,2007-03-05,Approval,49.2025,2007-03-02,48.9516,2007-03-05,-0.51,50.9409,,https://query1.finance.yahoo.com/v8/finance/chart/NVS?period1=1172016000&period2=1174175999&interval=1d&includePrePost=false,Verified,lineage proxy per master precedent (see master row notes: decision-date symbol differs from the modern ticker); master decision D803,https://finance.yahoo.com/quote/NVS/history/,https://www.stockanalysis.com/stocks/nvs/history/
PFE,,2007-02-27,,24.5161,2007-02-26,23.852,2007-02-27,-2.71,23.6812,,https://query1.finance.yahoo.com/v8/finance/chart/PFE?period1=1171497600&period2=1173571200&interval=1d&includePrePost=false,Verified,,https://finance.yahoo.com/quote/PFE/history/,https://www.stockanalysis.com/stocks/pfe/history/
HLN,,2007-02-07,,,,,,,,,https://query1.finance.yahoo.com/v8/finance/chart/HLN?period1=1169769600&period2=1171843200&interval=1d&includePrePost=false,Data unavailable - acquired/delisted or pre-Yahoo coverage,fetch status: FAILED HTTPError: HTTP Error 400: Bad Request,https://finance.yahoo.com/quote/HLN/history/,https://www.stockanalysis.com/stocks/hln/history/
TEVA,,2007-02-01,,35.1,2007-01-31,35.43,2007-02-01,0.94,35.32,,https://query1.finance.yahoo.com/v8/finance/chart/TEVA?period1=1169251200&period2=1171324800&interval=1d&includePrePost=false,Verified,,https://finance.yahoo.com/quote/TEVA/history/,https://www.stockanalysis.com/stocks/teva/history/
BAYRY,,2007-01-26,,13.91,2007-01-25,13.985,2007-01-26,0.54,14.05,,https://query1.finance.yahoo.com/v8/finance/chart/BAYRY?period1=1168732800&period2=1170806400&interval=1d&includePrePost=false,Verified,,https://finance.yahoo.com/quote/BAYRY/history/,https://www.stockanalysis.com/stocks/bayry/history/
TAK,,2007-01-16,,,,,,,,,https://query1.finance.yahoo.com/v8/finance/chart/TAK?period1=1167868800&period2=1169942400&interval=1d&includePrePost=false,Data unavailable - acquired/delisted or pre-Yahoo coverage,fetch status: FAILED HTTPError: HTTP Error 400: Bad Request,https://finance.yahoo.com/quote/TAK/history/,https://www.stockanalysis.com/stocks/tak/history/
NVO,,2006-12-29,,4.154,2006-12-28,4.1815,2006-12-29,0.66,4.173,,https://query1.finance.yahoo.com/v8/finance/chart/NVO?period1=1166313600&period2=1168387200&interval=1d&includePrePost=false,Verified,,https://finance.yahoo.com/quote/NVO/history/,https://www.stockanalysis.com/stocks/nvo/history/
TEVA,,2006-12-19,,31.73,2006-12-18,31.48,2006-12-19,-0.79,31.65,,https://query1.finance.yahoo.com/v8/finance/chart/TEVA?period1=1165449600&period2=1167523200&interval=1d&includePrePost=false,Verified,,https://finance.yahoo.com/quote/TEVA/history/,https://www.stockanalysis.com/stocks/teva/history/
JNJ,Janssen Pharmaceutica (Johnson & Johnson),2006-12-19,Approval,66.6,2006-12-18,66.88,2006-12-19,0.42,66.43,,https://query1.finance.yahoo.com/v8/finance/chart/JNJ?period1=1165449600&period2=1167609599&interval=1d&includePrePost=false,Verified,master decision D801,https://finance.yahoo.com/quote/JNJ/history/,https://www.stockanalysis.com/stocks/jnj/history/
VTRS,,2006-12-15,,20.65,2006-12-14,20.56,2006-12-15,-0.44,20.53,,https://query1.finance.yahoo.com/v8/finance/chart/VTRS?period1=1165104000&period2=1167177600&interval=1d&includePrePost=false,Verified,,https://finance.yahoo.com/quote/VTRS/history/,https://www.stockanalysis.com/stocks/vtrs/history/
NVS,,2006-12-15,,52.5538,2006-12-14,52.509,2006-12-15,-0.09,52.3477,,https://query1.finance.yahoo.com/v8/finance/chart/NVS?period1=1165104000&period2=1167177600&interval=1d&includePrePost=false,Verified,,https://finance.yahoo.com/quote/NVS/history/,https://www.stockanalysis.com/stocks/nvs/history/
BAYRY,,2006-12-12,,13.1075,2006-12-11,13.235,2006-12-12,0.97,13.4075,,https://query1.finance.yahoo.com/v8/finance/chart/BAYRY?period1=1164844800&period2=1166918400&interval=1d&includePrePost=false,Verified,,https://finance.yahoo.com/quote/BAYRY/history/,https://www.stockanalysis.com/stocks/bayry/history/
BLCO,,2006-12-01,,,,,,,,,https://query1.finance.yahoo.com/v8/finance/chart/BLCO?period1=1163894400&period2=1165968000&interval=1d&includePrePost=false,Data unavailable - acquired/delisted or pre-Yahoo coverage,fetch status: FAILED HTTPError: HTTP Error 400: Bad Request,https://finance.yahoo.com/quote/BLCO/history/,https://www.stockanalysis.com/stocks/blco/history/
BHC,,2006-11-07,,16.11,2006-11-06,16.21,2006-11-07,0.62,16.01,,https://query1.finance.yahoo.com/v8/finance/chart/BHC?period1=1161820800&period2=1163894400&interval=1d&includePrePost=false,Verified,,https://finance.yahoo.com/quote/BHC/history/,https://www.stockanalysis.com/stocks/bhc/history/
MRK,,2006-10-20,,42.4523,2006-10-19,43.5496,2006-10-20,2.58,43.6069,,https://query1.finance.yahoo.com/v8/finance/chart/MRK?period1=1160265600&period2=1162339200&interval=1d&includePrePost=false,Verified,,https://finance.yahoo.com/quote/MRK/history/,https://www.stockanalysis.com/stocks/mrk/history/
AZN,,2006-10-20,,66.01,2006-10-19,66.27,2006-10-20,0.39,65.58,,https://query1.finance.yahoo.com/v8/finance/chart/AZN?period1=1160265600&period2=1162339200&interval=1d&includePrePost=false,Verified,,https://finance.yahoo.com/quote/AZN/history/,https://www.stockanalysis.com/stocks/azn/history/
SNY,,2006-10-16,,43.25,2006-10-13,43.95,2006-10-16,1.62,43.81,,https://query1.finance.yahoo.com/v8/finance/chart/SNY?period1=1159920000&period2=1161993600&interval=1d&includePrePost=false,Verified,,https://finance.yahoo.com/quote/SNY/history/,https://www.stockanalysis.com/stocks/sny/history/
MRK,"Merck & Co., Inc.",2006-10-16,Approval,41.2214,2006-10-13,41.7557,2006-10-16,1.3,41.9466,,https://query1.finance.yahoo.com/v8/finance/chart/MRK?period1=1159920000&period2=1162079999&interval=1d&includePrePost=false,Verified,master decision D797,https://finance.yahoo.com/quote/MRK/history/,https://www.stockanalysis.com/stocks/mrk/history/
MRK,"Merck & Co., Inc.",2006-10-06,Approval,39.5229,2006-10-05,39.9427,2006-10-06,1.06,39.9427,,https://query1.finance.yahoo.com/v8/finance/chart/MRK?period1=1159056000&period2=1161215999&interval=1d&includePrePost=false,Verified,master decision D796,https://finance.yahoo.com/quote/MRK/history/,https://www.stockanalysis.com/stocks/mrk/history/
BAYRY,,2006-10-06,,12.925,2006-10-05,12.64,2006-10-06,-2.21,12.79,,https://query1.finance.yahoo.com/v8/finance/chart/BAYRY?period1=1159056000&period2=1161129600&interval=1d&includePrePost=false,Verified,,https://finance.yahoo.com/quote/BAYRY/history/,https://www.stockanalysis.com/stocks/bayry/history/
BAYRY,,2006-10-04,,12.7975,2006-10-03,12.9925,2006-10-04,1.52,12.925,,https://query1.finance.yahoo.com/v8/finance/chart/BAYRY?period1=1158883200&period2=1160956800&interval=1d&includePrePost=false,Verified,,https://finance.yahoo.com/quote/BAYRY/history/,https://www.stockanalysis.com/stocks/bayry/history/
SOLV,,2006-09-29,,,,,,,,,https://query1.finance.yahoo.com/v8/finance/chart/SOLV?period1=1158451200&period2=1160524800&interval=1d&includePrePost=false,Data unavailable - acquired/delisted or pre-Yahoo coverage,fetch status: FAILED HTTPError: HTTP Error 400: Bad Request,https://finance.yahoo.com/quote/SOLV/history/,https://www.stockanalysis.com/stocks/solv/history/
AMGN,Amgen Inc.,2006-09-27,Approval,70.75,2006-09-26,72.14,2006-09-27,1.96,71.55,,https://query1.finance.yahoo.com/v8/finance/chart/AMGN?period1=1158278400&period2=1160438399&interval=1d&includePrePost=false,Verified,master decision D794,https://finance.yahoo.com/quote/AMGN/history/,https://www.stockanalysis.com/stocks/amgn/history/
TEVA,,2006-09-25,,33.17,2006-09-22,33.77,2006-09-25,1.81,33.85,,https://query1.finance.yahoo.com/v8/finance/chart/TEVA?period1=1158105600&period2=1160179200&interval=1d&includePrePost=false,Verified,,https://finance.yahoo.com/quote/TEVA/history/,https://www.stockanalysis.com/stocks/teva/history/
PFE,,2006-09-15,,26.7552,2006-09-14,26.6034,2006-09-15,-0.57,26.7173,,https://query1.finance.yahoo.com/v8/finance/chart/PFE?period1=1157241600&period2=1159315200&interval=1d&includePrePost=false,Verified,,https://finance.yahoo.com/quote/PFE/history/,https://www.stockanalysis.com/stocks/pfe/history/
BAYRY,,2006-08-23,,12.55,2006-08-22,12.4875,2006-08-23,-0.5,12.515,,https://query1.finance.yahoo.com/v8/finance/chart/BAYRY?period1=1155254400&period2=1157328000&interval=1d&includePrePost=false,Verified,,https://finance.yahoo.com/quote/BAYRY/history/,https://www.stockanalysis.com/stocks/bayry/history/
BHC,,2006-08-02,,20.95,2006-08-01,15.77,2006-08-02,-24.73,15.96,,https://query1.finance.yahoo.com/v8/finance/chart/BHC?period1=1153440000&period2=1155513600&interval=1d&includePrePost=false,Verified,,https://finance.yahoo.com/quote/BHC/history/,https://www.stockanalysis.com/stocks/bhc/history/
TAK,,2006-07-28,,,,,,,,,https://query1.finance.yahoo.com/v8/finance/chart/TAK?period1=1153008000&period2=1155081600&interval=1d&includePrePost=false,Data unavailable - acquired/delisted or pre-Yahoo coverage,fetch status: FAILED HTTPError: HTTP Error 400: Bad Request,https://finance.yahoo.com/quote/TAK/history/,https://www.stockanalysis.com/stocks/tak/history/
AZN,,2006-07-21,,58.52,2006-07-20,59.58,2006-07-21,1.81,61.37,,https://query1.finance.yahoo.com/v8/finance/chart/AZN?period1=1152403200&period2=1154476800&interval=1d&includePrePost=false,Verified,,https://finance.yahoo.com/quote/AZN/history/,https://www.stockanalysis.com/stocks/azn/history/
OGN,,2006-07-17,,,,,,,,,https://query1.finance.yahoo.com/v8/finance/chart/OGN?period1=1152057600&period2=1154131200&interval=1d&includePrePost=false,Data unavailable - acquired/delisted or pre-Yahoo coverage,fetch status: FAILED HTTPError: HTTP Error 400: Bad Request,https://finance.yahoo.com/quote/OGN/history/,https://www.stockanalysis.com/stocks/ogn/history/
GILD,,2006-07-12,,15.44,2006-07-11,15.4475,2006-07-12,0.05,15.275,,https://query1.finance.yahoo.com/v8/finance/chart/GILD?period1=1151625600&period2=1153699200&interval=1d&includePrePost=false,Verified,,https://finance.yahoo.com/quote/GILD/history/,https://www.stockanalysis.com/stocks/gild/history/
BMY,Bristol-Myers Squibb Co.,2006-06-28,Approval,25.29,2006-06-27,25.25,2006-06-28,-0.16,25.7,,https://query1.finance.yahoo.com/v8/finance/chart/BMY?period1=1150416000&period2=1152575999&interval=1d&includePrePost=false,Verified,master decision D789,https://finance.yahoo.com/quote/BMY/history/,https://www.stockanalysis.com/stocks/bmy/history/
JNJ,Tibotec (Johnson & Johnson),2006-06-23,Approval,61.18,2006-06-22,61.32,2006-06-23,0.23,60.21,,https://query1.finance.yahoo.com/v8/finance/chart/JNJ?period1=1149984000&period2=1152143999&interval=1d&includePrePost=false,Verified,master decision D788,https://finance.yahoo.com/quote/JNJ/history/,https://www.stockanalysis.com/stocks/jnj/history/
BHC,,2006-06-14,,21.99,2006-06-13,22.33,2006-06-14,1.55,23.08,,https://query1.finance.yahoo.com/v8/finance/chart/BHC?period1=1149206400&period2=1151280000&interval=1d&includePrePost=false,Verified,,https://finance.yahoo.com/quote/BHC/history/,https://www.stockanalysis.com/stocks/bhc/history/
GALDY,,2006-05-26,,,,,,,,,https://query1.finance.yahoo.com/v8/finance/chart/GALDY?period1=1147564800&period2=1149638400&interval=1d&includePrePost=false,Data unavailable - acquired/delisted or pre-Yahoo coverage,fetch status: FAILED HTTPError: HTTP Error 400: Bad Request,https://finance.yahoo.com/quote/GALDY/history/,https://www.stockanalysis.com/stocks/galdy/history/
TEVA,,2006-05-25,,35.56,2006-05-24,36.65,2006-05-25,3.07,37.18,,https://query1.finance.yahoo.com/v8/finance/chart/TEVA?period1=1147478400&period2=1149552000&interval=1d&includePrePost=false,Verified,,https://finance.yahoo.com/quote/TEVA/history/,https://www.stockanalysis.com/stocks/teva/history/
BMY,,2006-05-25,,23.97,2006-05-24,24.61,2006-05-25,2.67,24.95,,https://query1.finance.yahoo.com/v8/finance/chart/BMY?period1=1147478400&period2=1149552000&interval=1d&includePrePost=false,Verified,,https://finance.yahoo.com/quote/BMY/history/,https://www.stockanalysis.com/stocks/bmy/history/
TEVA,Teva Pharmaceutical Industries,2006-05-16,Approval,38.05,2006-05-15,38.27,2006-05-16,0.58,38.2,,https://query1.finance.yahoo.com/v8/finance/chart/TEVA?period1=1146700800&period2=1148860799&interval=1d&includePrePost=false,Verified,master decision D787,https://finance.yahoo.com/quote/TEVA/history/,https://www.stockanalysis.com/stocks/teva/history/
PFE,Pfizer Inc.,2006-05-10,Approval,24.203,2006-05-09,23.7571,2006-05-10,-1.84,23.5389,,https://query1.finance.yahoo.com/v8/finance/chart/PFE?period1=1146182400&period2=1148342399&interval=1d&includePrePost=false,Verified,master decision D786,https://finance.yahoo.com/quote/PFE/history/,https://www.stockanalysis.com/stocks/pfe/history/
BHC,,2006-05-08,,26.17,2006-05-05,26.18,2006-05-08,0.04,27.02,,https://query1.finance.yahoo.com/v8/finance/chart/BHC?period1=1146009600&period2=1148083200&interval=1d&includePrePost=false,Verified,,https://finance.yahoo.com/quote/BHC/history/,https://www.stockanalysis.com/stocks/bhc/history/
ALKS,,2006-04-13,,21.07,2006-04-12,21.96,2006-04-13,4.22,21.54,,https://query1.finance.yahoo.com/v8/finance/chart/ALKS?period1=1143849600&period2=1145923200&interval=1d&includePrePost=false,Verified,,https://finance.yahoo.com/quote/ALKS/history/,https://www.stockanalysis.com/stocks/alks/history/
PFE,,2006-03-29,,24.0512,2006-03-28,23.9469,2006-03-29,-0.43,23.9089,,https://query1.finance.yahoo.com/v8/finance/chart/PFE?period1=1142553600&period2=1144627200&interval=1d&includePrePost=false,Verified,,https://finance.yahoo.com/quote/PFE/history/,https://www.stockanalysis.com/stocks/pfe/history/
ALC,,2006-03-28,,,,,,,,,https://query1.finance.yahoo.com/v8/finance/chart/ALC?period1=1142467200&period2=1144540800&interval=1d&includePrePost=false,Data unavailable - acquired/delisted or pre-Yahoo coverage,fetch status: FAILED HTTPError: HTTP Error 400: Bad Request,https://finance.yahoo.com/quote/ALC/history/,https://www.stockanalysis.com/stocks/alc/history/
BHC,,2006-03-24,,26.63,2006-03-23,24.5,2006-03-24,-8.0,24.43,,https://query1.finance.yahoo.com/v8/finance/chart/BHC?period1=1142121600&period2=1144195200&interval=1d&includePrePost=false,Verified,,https://finance.yahoo.com/quote/BHC/history/,https://www.stockanalysis.com/stocks/bhc/history/
BHC,,2006-03-16,,25.99,2006-03-15,25.66,2006-03-16,-1.27,25.35,,https://query1.finance.yahoo.com/v8/finance/chart/BHC?period1=1141430400&period2=1143504000&interval=1d&includePrePost=false,Verified,,https://finance.yahoo.com/quote/BHC/history/,https://www.stockanalysis.com/stocks/bhc/history/
BAYRY,,2006-03-16,,10.1325,2006-03-15,10,2006-03-16,-1.31,10.095,,https://query1.finance.yahoo.com/v8/finance/chart/BAYRY?period1=1141430400&period2=1143504000&interval=1d&includePrePost=false,Verified,,https://finance.yahoo.com/quote/BAYRY/history/,https://www.stockanalysis.com/stocks/bayry/history/
BHC,,2006-02-27,,25.36,2006-02-24,25.42,2006-02-27,0.24,25.17,,https://query1.finance.yahoo.com/v8/finance/chart/BHC?period1=1139961600&period2=1142035200&interval=1d&includePrePost=false,Verified,,https://finance.yahoo.com/quote/BHC/history/,https://www.stockanalysis.com/stocks/bhc/history/
TEVA,,2006-02-17,,41.34,2006-02-16,41.54,2006-02-17,0.48,41,,https://query1.finance.yahoo.com/v8/finance/chart/TEVA?period1=1139097600&period2=1141171200&interval=1d&includePrePost=false,Verified,,https://finance.yahoo.com/quote/TEVA/history/,https://www.stockanalysis.com/stocks/teva/history/
PFE,,2006-02-17,,24.4877,2006-02-16,24.4972,2006-02-17,0.04,24.3264,,https://query1.finance.yahoo.com/v8/finance/chart/PFE?period1=1139097600&period2=1141171200&interval=1d&includePrePost=false,Verified,,https://finance.yahoo.com/quote/PFE/history/,https://www.stockanalysis.com/stocks/pfe/history/
VTRS,,2006-02-16,,22.56,2006-02-15,22.7,2006-02-16,0.62,22.58,,https://query1.finance.yahoo.com/v8/finance/chart/VTRS?period1=1139011200&period2=1141084800&interval=1d&includePrePost=false,Verified,,https://finance.yahoo.com/quote/VTRS/history/,https://www.stockanalysis.com/stocks/vtrs/history/
OGN,,2006-02-01,,,,,,,,,https://query1.finance.yahoo.com/v8/finance/chart/OGN?period1=1137715200&period2=1139788800&interval=1d&includePrePost=false,Data unavailable - acquired/delisted or pre-Yahoo coverage,fetch status: FAILED HTTPError: HTTP Error 400: Bad Request,https://finance.yahoo.com/quote/OGN/history/,https://www.stockanalysis.com/stocks/ogn/history/
PFE,Pfizer Inc.,2006-01-26,Approval,23.5579,2006-01-25,23.7666,2006-01-26,0.89,24.6584,,https://query1.finance.yahoo.com/v8/finance/chart/PFE?period1=1137196800&period2=1139356799&interval=1d&includePrePost=false,Verified,master decision D780,https://finance.yahoo.com/quote/PFE/history/,https://www.stockanalysis.com/stocks/pfe/history/
KVUE,,2006-01-20,,,,,,,,,https://query1.finance.yahoo.com/v8/finance/chart/KVUE?period1=1136678400&period2=1138752000&interval=1d&includePrePost=false,Data unavailable - acquired/delisted or pre-Yahoo coverage,fetch status: FAILED HTTPError: HTTP Error 400: Bad Request,https://finance.yahoo.com/quote/KVUE/history/,https://www.stockanalysis.com/stocks/kvue/history/
BMY,Bristol-Myers Squibb Co.,2005-12-23,Approval,22.87,2005-12-22,22.94,2005-12-23,0.31,23.09,,https://query1.finance.yahoo.com/v8/finance/chart/BMY?period1=1134259200&period2=1136419199&interval=1d&includePrePost=false,Verified,master decision D777,https://finance.yahoo.com/quote/BMY/history/,https://www.stockanalysis.com/stocks/bmy/history/
HLN,,2005-12-21,,,,,,,,,https://query1.finance.yahoo.com/v8/finance/chart/HLN?period1=1134086400&period2=1136160000&interval=1d&includePrePost=false,Data unavailable - acquired/delisted or pre-Yahoo coverage,fetch status: FAILED HTTPError: HTTP Error 400: Bad Request,https://finance.yahoo.com/quote/HLN/history/,https://www.stockanalysis.com/stocks/hln/history/
BHC,,2005-12-20,,23.08,2005-12-19,23.1,2005-12-20,0.09,23.5,,https://query1.finance.yahoo.com/v8/finance/chart/BHC?period1=1134000000&period2=1136073600&interval=1d&includePrePost=false,Verified,,https://finance.yahoo.com/quote/BHC/history/,https://www.stockanalysis.com/stocks/bhc/history/
INSM,Insmed,2005-12-12,Approval,14.6,2005-12-09,14.9,2005-12-12,2.05,16.4,,https://query1.finance.yahoo.com/v8/finance/chart/INSM?period1=1133308800&period2=1135468799&interval=1d&includePrePost=false,Verified,master decision D775,https://finance.yahoo.com/quote/INSM/history/,https://www.stockanalysis.com/stocks/insm/history/
HALO,Halozyme Therapeutics,2005-12-02,Approval,1.8,2005-12-01,1.77,2005-12-02,-1.67,2.05,,https://query1.finance.yahoo.com/v8/finance/chart/HALO?period1=1132444800&period2=1134604799&interval=1d&includePrePost=false,Verified,master decision D774,https://finance.yahoo.com/quote/HALO/history/,https://www.stockanalysis.com/stocks/halo/history/
NVS,Novartis AG,2005-11-02,Approval,48.3692,2005-11-01,48.6559,2005-11-02,0.59,48.5573,,https://query1.finance.yahoo.com/v8/finance/chart/NVS?period1=1129852800&period2=1132012799&interval=1d&includePrePost=false,Verified,lineage proxy per master precedent (see master row notes: decision-date symbol differs from the modern ticker); master decision D773,https://finance.yahoo.com/quote/NVS/history/,https://www.stockanalysis.com/stocks/nvs/history/
GSK,GlaxoSmithKline plc,2005-10-28,Approval,51.34,2005-10-27,52.39,2005-10-28,2.05,51.99,,https://query1.finance.yahoo.com/v8/finance/chart/GSK?period1=1129420800&period2=1131580799&interval=1d&includePrePost=false,Verified,lineage proxy per master precedent (see master row notes: decision-date symbol differs from the modern ticker); master decision D772,https://finance.yahoo.com/quote/GSK/history/,https://www.stockanalysis.com/stocks/gsk/history/
ABBV,,2005-10-28,,,,,,,,,https://query1.finance.yahoo.com/v8/finance/chart/ABBV?period1=1129420800&period2=1131494400&interval=1d&includePrePost=false,Data unavailable - acquired/delisted or pre-Yahoo coverage,fetch status: FAILED HTTPError: HTTP Error 400: Bad Request,https://finance.yahoo.com/quote/ABBV/history/,https://www.stockanalysis.com/stocks/abbv/history/
GALDY,,2005-10-27,,,,,,,,,https://query1.finance.yahoo.com/v8/finance/chart/GALDY?period1=1129334400&period2=1131408000&interval=1d&includePrePost=false,Data unavailable - acquired/delisted or pre-Yahoo coverage,fetch status: FAILED HTTPError: HTTP Error 400: Bad Request,https://finance.yahoo.com/quote/GALDY/history/,https://www.stockanalysis.com/stocks/galdy/history/
NVO,,2005-10-19,,2.467,2005-10-18,2.46,2005-10-19,-0.28,2.439,,https://query1.finance.yahoo.com/v8/finance/chart/NVO?period1=1128643200&period2=1130716800&interval=1d&includePrePost=false,Verified,,https://finance.yahoo.com/quote/NVO/history/,https://www.stockanalysis.com/stocks/nvo/history/
GILD,,2005-09-28,,11.79,2005-09-27,11.7025,2005-09-28,-0.74,11.875,,https://query1.finance.yahoo.com/v8/finance/chart/GILD?period1=1126828800&period2=1128902400&interval=1d&includePrePost=false,Verified,,https://finance.yahoo.com/quote/GILD/history/,https://www.stockanalysis.com/stocks/gild/history/
BAYRY,,2005-09-28,,9.01,2005-09-27,9.18,2005-09-28,1.89,9.1975,,https://query1.finance.yahoo.com/v8/finance/chart/BAYRY?period1=1126828800&period2=1128902400&interval=1d&includePrePost=false,Verified,,https://finance.yahoo.com/quote/BAYRY/history/,https://www.stockanalysis.com/stocks/bayry/history/
BHC,,2005-09-08,,18.08,2005-09-07,18.27,2005-09-08,1.05,22.58,,https://query1.finance.yahoo.com/v8/finance/chart/BHC?period1=1125100800&period2=1127174400&interval=1d&includePrePost=false,Verified,,https://finance.yahoo.com/quote/BHC/history/,https://www.stockanalysis.com/stocks/bhc/history/
TAK,,2005-08-29,,,,,,,,,https://query1.finance.yahoo.com/v8/finance/chart/TAK?period1=1124236800&period2=1126310400&interval=1d&includePrePost=false,Data unavailable - acquired/delisted or pre-Yahoo coverage,fetch status: FAILED HTTPError: HTTP Error 400: Bad Request,https://finance.yahoo.com/quote/TAK/history/,https://www.stockanalysis.com/stocks/tak/history/
OGN,,2005-08-26,,,,,,,,,https://query1.finance.yahoo.com/v8/finance/chart/OGN?period1=1123977600&period2=1126051200&interval=1d&includePrePost=false,Data unavailable - acquired/delisted or pre-Yahoo coverage,fetch status: FAILED HTTPError: HTTP Error 400: Bad Request,https://finance.yahoo.com/quote/OGN/history/,https://www.stockanalysis.com/stocks/ogn/history/
ALC,Alcon Inc. (NYSE:ACL delisted 2011 Novartis buyout; relisted ALC 2019),2005-08-19,Approval,,,,,,,,https://query1.finance.yahoo.com/v8/finance/chart/ALC?period1=1123372800&period2=1125532799&interval=1d&includePrePost=false,Data unavailable - acquired/delisted or pre-Yahoo coverage,fetch status: FAILED HTTPError: HTTP Error 400: Bad Request (recorded in the job manifest; never retried with a successor ticker); lineage proxy per master precedent (see master row notes: decision-date symbol differs from the modern ticker); master decision D769,https://finance.yahoo.com/quote/ALC/history/,https://www.stockanalysis.com/stocks/alc/history/
ABBV,,2005-08-19,,,,,,,,,https://query1.finance.yahoo.com/v8/finance/chart/ABBV?period1=1123372800&period2=1125446400&interval=1d&includePrePost=false,Data unavailable - acquired/delisted or pre-Yahoo coverage,fetch status: FAILED HTTPError: HTTP Error 400: Bad Request,https://finance.yahoo.com/quote/ABBV/history/,https://www.stockanalysis.com/stocks/abbv/history/
GALDY,,2005-06-30,,,,,,,,,https://query1.finance.yahoo.com/v8/finance/chart/GALDY?period1=1119052800&period2=1121126400&interval=1d&includePrePost=false,Data unavailable - acquired/delisted or pre-Yahoo coverage,fetch status: FAILED HTTPError: HTTP Error 400: Bad Request,https://finance.yahoo.com/quote/GALDY/history/,https://www.stockanalysis.com/stocks/galdy/history/
NVO,Novo Nordisk A/S,2005-06-16,Approval,2.513,2005-06-15,2.513,2005-06-16,0.0,2.5875,,https://query1.finance.yahoo.com/v8/finance/chart/NVO?period1=1117843200&period2=1120003199&interval=1d&includePrePost=false,Verified,lineage proxy per master precedent (see master row notes: decision-date symbol differs from the modern ticker); master decision D766,https://finance.yahoo.com/quote/NVO/history/,https://www.stockanalysis.com/stocks/nvo/history/
VTRS,,2005-06-10,,17.29,2005-06-09,17.4,2005-06-10,0.64,17.7,,https://query1.finance.yahoo.com/v8/finance/chart/VTRS?period1=1117324800&period2=1119398400&interval=1d&includePrePost=false,Verified,,https://finance.yahoo.com/quote/VTRS/history/,https://www.stockanalysis.com/stocks/vtrs/history/
PFE,,2005-06-10,,26.1195,2005-06-09,26.2619,2005-06-10,0.55,26.4611,,https://query1.finance.yahoo.com/v8/finance/chart/PFE?period1=1117324800&period2=1119398400&interval=1d&includePrePost=false,Verified,,https://finance.yahoo.com/quote/PFE/history/,https://www.stockanalysis.com/stocks/pfe/history/
VTRS,,2005-06-03,,16.96,2005-06-02,16.96,2005-06-03,0.0,16.97,,https://query1.finance.yahoo.com/v8/finance/chart/VTRS?period1=1116720000&period2=1118793600&interval=1d&includePrePost=false,Verified,,https://finance.yahoo.com/quote/VTRS/history/,https://www.stockanalysis.com/stocks/vtrs/history/
BHC,,2005-06-03,,15.99,2005-06-02,15.75,2005-06-03,-1.5,15.83,,https://query1.finance.yahoo.com/v8/finance/chart/BHC?period1=1116720000&period2=1118793600&interval=1d&includePrePost=false,Verified,,https://finance.yahoo.com/quote/BHC/history/,https://www.stockanalysis.com/stocks/bhc/history/
BMRN,BioMarin Pharmaceutical,2005-05-31,Approval,6.67,2005-05-27,6.8,2005-05-31,1.95,6.63,,https://query1.finance.yahoo.com/v8/finance/chart/BMRN?period1=1116460800&period2=1118620799&interval=1d&includePrePost=false,Verified,master decision D764,https://finance.yahoo.com/quote/BMRN/history/,https://www.stockanalysis.com/stocks/bmrn/history/
ABBV,,2005-05-26,,,,,,,,,https://query1.finance.yahoo.com/v8/finance/chart/ABBV?period1=1116028800&period2=1118102400&interval=1d&includePrePost=false,Data unavailable - acquired/delisted or pre-Yahoo coverage,fetch status: FAILED HTTPError: HTTP Error 400: Bad Request,https://finance.yahoo.com/quote/ABBV/history/,https://www.stockanalysis.com/stocks/abbv/history/
TEVA,,2005-05-20,,33.19,2005-05-19,33.07,2005-05-20,-0.36,33.06,,https://query1.finance.yahoo.com/v8/finance/chart/TEVA?period1=1115510400&period2=1117584000&interval=1d&includePrePost=false,Verified,,https://finance.yahoo.com/quote/TEVA/history/,https://www.stockanalysis.com/stocks/teva/history/
JNJ,,2005-05-13,,67.65,2005-05-12,67.1,2005-05-13,-0.81,67.64,,https://query1.finance.yahoo.com/v8/finance/chart/JNJ?period1=1114905600&period2=1116979200&interval=1d&includePrePost=false,Verified,,https://finance.yahoo.com/quote/JNJ/history/,https://www.stockanalysis.com/stocks/jnj/history/
SGIOF,,2005-05-05,,,,,,,,,https://query1.finance.yahoo.com/v8/finance/chart/SGIOF?period1=1114214400&period2=1116288000&interval=1d&includePrePost=false,Data unavailable - acquired/delisted or pre-Yahoo coverage,fetch status: FAILED HTTPError: HTTP Error 400: Bad Request,https://finance.yahoo.com/quote/SGIOF/history/,https://www.stockanalysis.com/stocks/sgiof/history/
SAGE,,2005-04-25,,,,,,,,,https://query1.finance.yahoo.com/v8/finance/chart/SAGE?period1=1113350400&period2=1115424000&interval=1d&includePrePost=false,Data unavailable - acquired/delisted or pre-Yahoo coverage,fetch status: FAILED HTTPError: HTTP Error 404: Not Found,https://finance.yahoo.com/quote/SAGE/history/,https://www.stockanalysis.com/stocks/sage/history/
ABBV,,2005-04-18,,,,,,,,,https://query1.finance.yahoo.com/v8/finance/chart/ABBV?period1=1112745600&period2=1114819200&interval=1d&includePrePost=false,Data unavailable - acquired/delisted or pre-Yahoo coverage,fetch status: FAILED HTTPError: HTTP Error 400: Bad Request,https://finance.yahoo.com/quote/ABBV/history/,https://www.stockanalysis.com/stocks/abbv/history/
BLCO,,2005-04-08,,,,,,,,,https://query1.finance.yahoo.com/v8/finance/chart/BLCO?period1=1111881600&period2=1113955200&interval=1d&includePrePost=false,Data unavailable - acquired/delisted or pre-Yahoo coverage,fetch status: FAILED HTTPError: HTTP Error 400: Bad Request,https://finance.yahoo.com/quote/BLCO/history/,https://www.stockanalysis.com/stocks/blco/history/
OGN,,2005-04-07,,,,,,,,,https://query1.finance.yahoo.com/v8/finance/chart/OGN?period1=1111795200&period2=1113868800&interval=1d&includePrePost=false,Data unavailable - acquired/delisted or pre-Yahoo coverage,fetch status: FAILED HTTPError: HTTP Error 400: Bad Request,https://finance.yahoo.com/quote/OGN/history/,https://www.stockanalysis.com/stocks/ogn/history/
JNJ,,2005-04-01,,67.16,2005-03-31,66.85,2005-04-01,-0.46,67.98,,https://query1.finance.yahoo.com/v8/finance/chart/JNJ?period1=1111276800&period2=1113350400&interval=1d&includePrePost=false,Verified,,https://finance.yahoo.com/quote/JNJ/history/,https://www.stockanalysis.com/stocks/jnj/history/
AZN,,2005-03-31,,39.37,2005-03-30,39.53,2005-03-31,0.41,39.46,,https://query1.finance.yahoo.com/v8/finance/chart/AZN?period1=1111190400&period2=1113264000&interval=1d&includePrePost=false,Verified,,https://finance.yahoo.com/quote/AZN/history/,https://www.stockanalysis.com/stocks/azn/history/
OGN,,2005-03-30,,,,,,,,,https://query1.finance.yahoo.com/v8/finance/chart/OGN?period1=1111104000&period2=1113177600&interval=1d&includePrePost=false,Data unavailable - acquired/delisted or pre-Yahoo coverage,fetch status: FAILED HTTPError: HTTP Error 400: Bad Request,https://finance.yahoo.com/quote/OGN/history/,https://www.stockanalysis.com/stocks/ogn/history/
BMY,Bristol-Myers Squibb Co.,2005-03-29,Approval,25.05,2005-03-28,25.07,2005-03-29,0.08,25.54,,https://query1.finance.yahoo.com/v8/finance/chart/BMY?period1=1111017600&period2=1113177599&interval=1d&includePrePost=false,Verified,master decision D762,https://finance.yahoo.com/quote/BMY/history/,https://www.stockanalysis.com/stocks/bmy/history/
BLCO,,2005-03-24,,,,,,,,,https://query1.finance.yahoo.com/v8/finance/chart/BLCO?period1=1110585600&period2=1112659200&interval=1d&includePrePost=false,Data unavailable - acquired/delisted or pre-Yahoo coverage,fetch status: FAILED HTTPError: HTTP Error 400: Bad Request,https://finance.yahoo.com/quote/BLCO/history/,https://www.stockanalysis.com/stocks/blco/history/
OGN,,2005-03-03,,,,,,,,,https://query1.finance.yahoo.com/v8/finance/chart/OGN?period1=1108771200&period2=1110844800&interval=1d&includePrePost=false,Data unavailable - acquired/delisted or pre-Yahoo coverage,fetch status: FAILED HTTPError: HTTP Error 400: Bad Request,https://finance.yahoo.com/quote/OGN/history/,https://www.stockanalysis.com/stocks/ogn/history/
VTRS,,2005-02-22,,16.15,2005-02-18,16.69,2005-02-22,3.34,16.93,,https://query1.finance.yahoo.com/v8/finance/chart/VTRS?period1=1107993600&period2=1110067200&interval=1d&includePrePost=false,Verified,,https://finance.yahoo.com/quote/VTRS/history/,https://www.stockanalysis.com/stocks/vtrs/history/
BHC,,2005-02-17,,17.06,2005-02-16,17.05,2005-02-17,-0.06,16.7,,https://query1.finance.yahoo.com/v8/finance/chart/BHC?period1=1107561600&period2=1109635200&interval=1d&includePrePost=false,Verified,,https://finance.yahoo.com/quote/BHC/history/,https://www.stockanalysis.com/stocks/bhc/history/
BHC,,2005-02-11,,16.77,2005-02-10,17.01,2005-02-11,1.43,17.13,,https://query1.finance.yahoo.com/v8/finance/chart/BHC?period1=1107043200&period2=1109116800&interval=1d&includePrePost=false,Verified,,https://finance.yahoo.com/quote/BHC/history/,https://www.stockanalysis.com/stocks/bhc/history/
SNY,,2005-01-31,,37.17,2005-01-28,37.22,2005-01-31,0.13,37.1,,https://query1.finance.yahoo.com/v8/finance/chart/SNY?period1=1106092800&period2=1108166400&interval=1d&includePrePost=false,Verified,,https://finance.yahoo.com/quote/SNY/history/,https://www.stockanalysis.com/stocks/sny/history/
BMY,,2005-01-07,,24.75,2005-01-06,24.74,2005-01-07,-0.04,24.98,,https://query1.finance.yahoo.com/v8/finance/chart/BMY?period1=1104019200&period2=1106092800&interval=1d&includePrePost=false,Verified,,https://finance.yahoo.com/quote/BMY/history/,https://www.stockanalysis.com/stocks/bmy/history/
PFE,Pfizer Inc.,2004-12-30,Approval,25.8634,2004-12-29,25.6262,2004-12-30,-0.92,25.5123,,https://query1.finance.yahoo.com/v8/finance/chart/PFE?period1=1103328000&period2=1105487999&interval=1d&includePrePost=false,Verified,master decision D759,https://finance.yahoo.com/quote/PFE/history/,https://www.stockanalysis.com/stocks/pfe/history/
NVS,Novartis AG,2004-12-22,Approval,44.0591,2004-12-21,44.1935,2004-12-22,0.31,44.4624,,https://query1.finance.yahoo.com/v8/finance/chart/NVS?period1=1102636800&period2=1104796799&interval=1d&includePrePost=false,Verified,lineage proxy per master precedent (see master row notes: decision-date symbol differs from the modern ticker); master decision D755,https://finance.yahoo.com/quote/NVS/history/,https://www.stockanalysis.com/stocks/nvs/history/
ALC,,2004-12-22,,,,,,,,,https://query1.finance.yahoo.com/v8/finance/chart/ALC?period1=1102636800&period2=1104710400&interval=1d&includePrePost=false,Data unavailable - acquired/delisted or pre-Yahoo coverage,fetch status: FAILED HTTPError: HTTP Error 400: Bad Request,https://finance.yahoo.com/quote/ALC/history/,https://www.stockanalysis.com/stocks/alc/history/
BHC,,2004-12-21,,15.91,2004-12-20,16,2004-12-21,0.57,16.04,,https://query1.finance.yahoo.com/v8/finance/chart/BHC?period1=1102550400&period2=1104624000&interval=1d&includePrePost=false,Verified,,https://finance.yahoo.com/quote/BHC/history/,https://www.stockanalysis.com/stocks/bhc/history/
PFE,,2004-12-17,,27.4953,2004-12-16,24.4307,2004-12-17,-11.15,23.0455,,https://query1.finance.yahoo.com/v8/finance/chart/PFE?period1=1102204800&period2=1104278400&interval=1d&includePrePost=false,Verified,,https://finance.yahoo.com/quote/PFE/history/,https://www.stockanalysis.com/stocks/pfe/history/
AMGN,Amgen Inc.,2004-12-15,Approval,64.36,2004-12-14,63.54,2004-12-15,-1.27,63.24,,https://query1.finance.yahoo.com/v8/finance/chart/AMGN?period1=1102032000&period2=1104191999&interval=1d&includePrePost=false,Verified,master decision D751,https://finance.yahoo.com/quote/AMGN/history/,https://www.stockanalysis.com/stocks/amgn/history/
BLCO,,2004-12-14,,,,,,,,,https://query1.finance.yahoo.com/v8/finance/chart/BLCO?period1=1101945600&period2=1104019200&interval=1d&includePrePost=false,Data unavailable - acquired/delisted or pre-Yahoo coverage,fetch status: FAILED HTTPError: HTTP Error 400: Bad Request,https://finance.yahoo.com/quote/BLCO/history/,https://www.stockanalysis.com/stocks/blco/history/
PFE,,2004-12-06,,26.4611,2004-12-03,25.8159,2004-12-06,-2.44,25.8065,,https://query1.finance.yahoo.com/v8/finance/chart/PFE?period1=1101254400&period2=1103328000&interval=1d&includePrePost=false,Verified,,https://finance.yahoo.com/quote/PFE/history/,https://www.stockanalysis.com/stocks/pfe/history/
ABBV,,2004-11-26,,,,,,,,,https://query1.finance.yahoo.com/v8/finance/chart/ABBV?period1=1100390400&period2=1102464000&interval=1d&includePrePost=false,Data unavailable - acquired/delisted or pre-Yahoo coverage,fetch status: FAILED HTTPError: HTTP Error 400: Bad Request,https://finance.yahoo.com/quote/ABBV/history/,https://www.stockanalysis.com/stocks/abbv/history/
BIIB,Biogen Idec (now Biogen Inc.),2004-11-23,Approval,57.14,2004-11-22,57.43,2004-11-23,0.51,58.59,,https://query1.finance.yahoo.com/v8/finance/chart/BIIB?period1=1100131200&period2=1102291199&interval=1d&includePrePost=false,Verified,master decision D750,https://finance.yahoo.com/quote/BIIB/history/,https://www.stockanalysis.com/stocks/biib/history/
ABT,Ross Products (Abbott Nutrition),2004-11-10,Approval,21.591,2004-11-09,21.615,2004-11-10,0.11,21.7349,,https://query1.finance.yahoo.com/v8/finance/chart/ABT?period1=1099008000&period2=1101167999&interval=1d&includePrePost=false,Verified,master decision D746,https://finance.yahoo.com/quote/ABT/history/,https://www.stockanalysis.com/stocks/abt/history/
ABBV,,2004-11-05,,,,,,,,,https://query1.finance.yahoo.com/v8/finance/chart/ABBV?period1=1098576000&period2=1100649600&interval=1d&includePrePost=false,Data unavailable - acquired/delisted or pre-Yahoo coverage,fetch status: FAILED HTTPError: HTTP Error 400: Bad Request,https://finance.yahoo.com/quote/ABBV/history/,https://www.stockanalysis.com/stocks/abbv/history/
TEVA,,2004-10-29,,25.96,2004-10-28,26,2004-10-29,0.15,25.15,,https://query1.finance.yahoo.com/v8/finance/chart/TEVA?period1=1097971200&period2=1100044800&interval=1d&includePrePost=false,Verified,,https://finance.yahoo.com/quote/TEVA/history/,https://www.stockanalysis.com/stocks/teva/history/
AMPH,Amphastar Pharmaceuticals,2004-10-26,Approval,,,,,,,,https://query1.finance.yahoo.com/v8/finance/chart/AMPH?period1=1097712000&period2=1099871999&interval=1d&includePrePost=false,Data unavailable - acquired/delisted or pre-Yahoo coverage,fetch status: FAILED HTTPError: HTTP Error 400: Bad Request (recorded in the job manifest; never retried with a successor ticker); master decision D744,https://finance.yahoo.com/quote/AMPH/history/,https://www.stockanalysis.com/stocks/amph/history/
JNJ,,2004-10-21,,57.5,2004-10-20,57.78,2004-10-21,0.49,57.29,,https://query1.finance.yahoo.com/v8/finance/chart/JNJ?period1=1097280000&period2=1099353600&interval=1d&includePrePost=false,Verified,,https://finance.yahoo.com/quote/JNJ/history/,https://www.stockanalysis.com/stocks/jnj/history/
SNY,,2004-10-19,,35.64,2004-10-18,35.94,2004-10-19,0.84,36.15,,https://query1.finance.yahoo.com/v8/finance/chart/SNY?period1=1097107200&period2=1099180800&interval=1d&includePrePost=false,Verified,,https://finance.yahoo.com/quote/SNY/history/,https://www.stockanalysis.com/stocks/sny/history/
ESALY,,2004-10-18,,,,,,,,,https://query1.finance.yahoo.com/v8/finance/chart/ESALY?period1=1097020800&period2=1099094400&interval=1d&includePrePost=false,Data unavailable - acquired/delisted or pre-Yahoo coverage,fetch status: FAILED HTTPError: HTTP Error 404: Not Found,https://finance.yahoo.com/quote/ESALY/history/,https://www.stockanalysis.com/stocks/esaly/history/
LLY,,2004-09-03,,64.8,2004-09-02,64.98,2004-09-03,0.28,66,,https://query1.finance.yahoo.com/v8/finance/chart/LLY?period1=1093132800&period2=1095206400&interval=1d&includePrePost=false,Verified,,https://finance.yahoo.com/quote/LLY/history/,https://www.stockanalysis.com/stocks/lly/history/
OGN,,2004-09-01,,,,,,,,,https://query1.finance.yahoo.com/v8/finance/chart/OGN?period1=1092960000&period2=1095033600&interval=1d&includePrePost=false,Data unavailable - acquired/delisted or pre-Yahoo coverage,fetch status: FAILED HTTPError: HTTP Error 400: Bad Request,https://finance.yahoo.com/quote/OGN/history/,https://www.stockanalysis.com/stocks/ogn/history/
MRK,,2004-09-01,,42.9103,2004-08-31,42.5,2004-09-01,-0.96,43.0248,,https://query1.finance.yahoo.com/v8/finance/chart/MRK?period1=1092960000&period2=1095033600&interval=1d&includePrePost=false,Verified,,https://finance.yahoo.com/quote/MRK/history/,https://www.stockanalysis.com/stocks/mrk/history/
SNY,,2004-08-31,,36.68,2004-08-30,35.6,2004-08-31,-2.94,35.48,,https://query1.finance.yahoo.com/v8/finance/chart/SNY?period1=1092873600&period2=1094947200&interval=1d&includePrePost=false,Verified,,https://finance.yahoo.com/quote/SNY/history/,https://www.stockanalysis.com/stocks/sny/history/
LLY,,2004-08-19,,64.56,2004-08-18,64.35,2004-08-19,-0.33,64.5,,https://query1.finance.yahoo.com/v8/finance/chart/LLY?period1=1091836800&period2=1093910400&interval=1d&includePrePost=false,Verified,,https://finance.yahoo.com/quote/LLY/history/,https://www.stockanalysis.com/stocks/lly/history/
LLY,Eli Lilly and Co.,2004-08-03,Approval,63.55,2004-08-02,63.22,2004-08-03,-0.52,63.65,,https://query1.finance.yahoo.com/v8/finance/chart/LLY?period1=1090454400&period2=1092614399&interval=1d&includePrePost=false,Verified,master decision D741,https://finance.yahoo.com/quote/LLY/history/,https://www.stockanalysis.com/stocks/lly/history/
GILD,,2004-08-02,,8.08,2004-07-30,7.9375,2004-08-02,-1.76,7.9212,,https://query1.finance.yahoo.com/v8/finance/chart/GILD?period1=1090368000&period2=1092441600&interval=1d&includePrePost=false,Verified,,https://finance.yahoo.com/quote/GILD/history/,https://www.stockanalysis.com/stocks/gild/history/
GALDY,,2004-07-27,,,,,,,,,https://query1.finance.yahoo.com/v8/finance/chart/GALDY?period1=1089849600&period2=1091923200&interval=1d&includePrePost=false,Data unavailable - acquired/delisted or pre-Yahoo coverage,fetch status: FAILED HTTPError: HTTP Error 400: Bad Request,https://finance.yahoo.com/quote/GALDY/history/,https://www.stockanalysis.com/stocks/galdy/history/
OGN,,2004-07-23,,,,,,,,,https://query1.finance.yahoo.com/v8/finance/chart/OGN?period1=1089504000&period2=1091577600&interval=1d&includePrePost=false,Data unavailable - acquired/delisted or pre-Yahoo coverage,fetch status: FAILED HTTPError: HTTP Error 400: Bad Request,https://finance.yahoo.com/quote/OGN/history/,https://www.stockanalysis.com/stocks/ogn/history/
FSNUY,,2004-07-13,,,,,,,,,https://query1.finance.yahoo.com/v8/finance/chart/FSNUY?period1=1088640000&period2=1090713600&interval=1d&includePrePost=false,Data unavailable - acquired/delisted or pre-Yahoo coverage,fetch status: FAILED HTTPError: HTTP Error 400: Bad Request,https://finance.yahoo.com/quote/FSNUY/history/,https://www.stockanalysis.com/stocks/fsnuy/history/
PTN,Palatin Technologies,2004-07-02,Approval,53125,2004-07-01,52875,2004-07-02,-0.47,50625,,https://query1.finance.yahoo.com/v8/finance/chart/PTN?period1=1087689600&period2=1089849599&interval=1d&includePrePost=false,Verified,master decision D739,https://finance.yahoo.com/quote/PTN/history/,https://www.stockanalysis.com/stocks/ptn/history/
PRGO,,2004-06-24,,18.43,2004-06-23,18.81,2004-06-24,2.06,18.89,,https://query1.finance.yahoo.com/v8/finance/chart/PRGO?period1=1086998400&period2=1089072000&interval=1d&includePrePost=false,Verified,,https://finance.yahoo.com/quote/PRGO/history/,https://www.stockanalysis.com/stocks/prgo/history/
OGN,Organon & Co.,2004-06-23,CRL,,,,,,,,https://query1.finance.yahoo.com/v8/finance/chart/OGN?period1=1086912000&period2=1089071999&interval=1d&includePrePost=false,Data unavailable - acquired/delisted or pre-Yahoo coverage,fetch status: FAILED HTTPError: HTTP Error 400: Bad Request (recorded in the job manifest; never retried with a successor ticker),https://finance.yahoo.com/quote/OGN/history/,https://www.stockanalysis.com/stocks/ogn/history/
RBGLY,,2004-06-22,,,,,,,,,https://query1.finance.yahoo.com/v8/finance/chart/RBGLY?period1=1086825600&period2=1088899200&interval=1d&includePrePost=false,Data unavailable - acquired/delisted or pre-Yahoo coverage,fetch status: FAILED HTTPError: HTTP Error 400: Bad Request,https://finance.yahoo.com/quote/RBGLY/history/,https://www.stockanalysis.com/stocks/rbgly/history/
BHC,,2004-06-15,,17.51,2004-06-14,17.5,2004-06-15,-0.06,17.3,,https://query1.finance.yahoo.com/v8/finance/chart/BHC?period1=1086220800&period2=1088294400&interval=1d&includePrePost=false,Verified,,https://finance.yahoo.com/quote/BHC/history/,https://www.stockanalysis.com/stocks/bhc/history/
BAYRY,,2004-06-08,,7.3125,2004-06-07,7.2175,2004-06-08,-1.3,6.965,,https://query1.finance.yahoo.com/v8/finance/chart/BAYRY?period1=1085616000&period2=1087689600&interval=1d&includePrePost=false,Verified,,https://finance.yahoo.com/quote/BAYRY/history/,https://www.stockanalysis.com/stocks/bayry/history/
BLCO,,2004-06-04,,,,,,,,,https://query1.finance.yahoo.com/v8/finance/chart/BLCO?period1=1085270400&period2=1087344000&interval=1d&includePrePost=false,Data unavailable - acquired/delisted or pre-Yahoo coverage,fetch status: FAILED HTTPError: HTTP Error 400: Bad Request,https://finance.yahoo.com/quote/BLCO/history/,https://www.stockanalysis.com/stocks/blco/history/
TAK,,2004-05-27,,,,,,,,,https://query1.finance.yahoo.com/v8/finance/chart/TAK?period1=1084579200&period2=1086652800&interval=1d&includePrePost=false,Data unavailable - acquired/delisted or pre-Yahoo coverage,fetch status: FAILED HTTPError: HTTP Error 400: Bad Request,https://finance.yahoo.com/quote/TAK/history/,https://www.stockanalysis.com/stocks/tak/history/
RBGLY,,2004-04-29,,,,,,,,,https://query1.finance.yahoo.com/v8/finance/chart/RBGLY?period1=1082160000&period2=1084233600&interval=1d&includePrePost=false,Data unavailable - acquired/delisted or pre-Yahoo coverage,fetch status: FAILED HTTPError: HTTP Error 400: Bad Request,https://finance.yahoo.com/quote/RBGLY/history/,https://www.stockanalysis.com/stocks/rbgly/history/
VTRS,Mylan Bertek (Mylan; now Viatris),2004-04-20,Approval,22.85,2004-04-19,23.61,2004-04-20,3.33,23.85,,https://query1.finance.yahoo.com/v8/finance/chart/VTRS?period1=1081382400&period2=1083542399&interval=1d&includePrePost=false,Verified,master decision D732,https://finance.yahoo.com/quote/VTRS/history/,https://www.stockanalysis.com/stocks/vtrs/history/
SNY,Sanofi-Aventis (now Sanofi),2004-04-16,Approval,32.56,2004-04-15,32.69,2004-04-16,0.4,32.65,,https://query1.finance.yahoo.com/v8/finance/chart/SNY?period1=1081036800&period2=1083196799&interval=1d&includePrePost=false,Verified,lineage proxy per master precedent (see master row notes: decision-date symbol differs from the modern ticker); master decision D731,https://finance.yahoo.com/quote/SNY/history/,https://www.stockanalysis.com/stocks/sny/history/
SNY,,2004-04-07,,32.6,2004-04-06,32.41,2004-04-07,-0.58,32.65,,https://query1.finance.yahoo.com/v8/finance/chart/SNY?period1=1080259200&period2=1082332800&interval=1d&includePrePost=false,Verified,,https://finance.yahoo.com/quote/SNY/history/,https://www.stockanalysis.com/stocks/sny/history/
SNY,Sanofi-Aventis (now Sanofi),2004-04-01,Approval,32.67,2004-03-31,33.08,2004-04-01,1.25,33.32,,https://query1.finance.yahoo.com/v8/finance/chart/SNY?period1=1079740800&period2=1081900799&interval=1d&includePrePost=false,Verified,lineage proxy per master precedent (see master row notes: decision-date symbol differs from the modern ticker); master decision D729,https://finance.yahoo.com/quote/SNY/history/,https://www.stockanalysis.com/stocks/sny/history/
MRK,,2004-03-26,,41.6889,2004-03-25,41.9847,2004-03-26,0.71,42.5286,,https://query1.finance.yahoo.com/v8/finance/chart/MRK?period1=1079222400&period2=1081296000&interval=1d&includePrePost=false,Verified,,https://finance.yahoo.com/quote/MRK/history/,https://www.stockanalysis.com/stocks/mrk/history/
OGN,,2004-03-23,,,,,,,,,https://query1.finance.yahoo.com/v8/finance/chart/OGN?period1=1078963200&period2=1081036800&interval=1d&includePrePost=false,Data unavailable - acquired/delisted or pre-Yahoo coverage,fetch status: FAILED HTTPError: HTTP Error 400: Bad Request,https://finance.yahoo.com/quote/OGN/history/,https://www.stockanalysis.com/stocks/ogn/history/
ANIP,,2004-03-17,,167.4,2004-03-16,168.84,2004-03-17,0.86,171,,https://query1.finance.yahoo.com/v8/finance/chart/ANIP?period1=1078444800&period2=1080518400&interval=1d&includePrePost=false,Verified,,https://finance.yahoo.com/quote/ANIP/history/,https://www.stockanalysis.com/stocks/anip/history/
KVUE,,2004-03-16,,,,,,,,,https://query1.finance.yahoo.com/v8/finance/chart/KVUE?period1=1078358400&period2=1080432000&interval=1d&includePrePost=false,Data unavailable - acquired/delisted or pre-Yahoo coverage,fetch status: FAILED HTTPError: HTTP Error 400: Bad Request,https://finance.yahoo.com/quote/KVUE/history/,https://www.stockanalysis.com/stocks/kvue/history/
AMGN,Amgen Inc.,2004-03-08,Approval,63.25,2004-03-05,62.46,2004-03-08,-1.25,62.76,,https://query1.finance.yahoo.com/v8/finance/chart/AMGN?period1=1077667200&period2=1079827199&interval=1d&includePrePost=false,Verified,master decision D728,https://finance.yahoo.com/quote/AMGN/history/,https://www.stockanalysis.com/stocks/amgn/history/
NVS,,2004-02-27,,39.4265,2004-02-26,39.5609,2004-02-27,0.34,40.0986,,https://query1.finance.yahoo.com/v8/finance/chart/NVS?period1=1076803200&period2=1078876800&interval=1d&includePrePost=false,Verified,,https://finance.yahoo.com/quote/NVS/history/,https://www.stockanalysis.com/stocks/nvs/history/
HLN,,2004-02-24,,,,,,,,,https://query1.finance.yahoo.com/v8/finance/chart/HLN?period1=1076544000&period2=1078617600&interval=1d&includePrePost=false,Data unavailable - acquired/delisted or pre-Yahoo coverage,fetch status: FAILED HTTPError: HTTP Error 400: Bad Request,https://finance.yahoo.com/quote/HLN/history/,https://www.stockanalysis.com/stocks/hln/history/
PFE,,2004-02-18,,35.8159,2004-02-17,35.4934,2004-02-18,-0.9,35.37,,https://query1.finance.yahoo.com/v8/finance/chart/PFE?period1=1076025600&period2=1078099200&interval=1d&includePrePost=false,Verified,,https://finance.yahoo.com/quote/PFE/history/,https://www.stockanalysis.com/stocks/pfe/history/
JAZZ,,2004-02-10,,,,,,,,,https://query1.finance.yahoo.com/v8/finance/chart/JAZZ?period1=1075334400&period2=1077408000&interval=1d&includePrePost=false,Data unavailable - acquired/delisted or pre-Yahoo coverage,fetch status: FAILED HTTPError: HTTP Error 400: Bad Request,https://finance.yahoo.com/quote/JAZZ/history/,https://www.stockanalysis.com/stocks/jazz/history/
GALDY,,2004-02-05,,,,,,,,,https://query1.finance.yahoo.com/v8/finance/chart/GALDY?period1=1074902400&period2=1076976000&interval=1d&includePrePost=false,Data unavailable - acquired/delisted or pre-Yahoo coverage,fetch status: FAILED HTTPError: HTTP Error 400: Bad Request,https://finance.yahoo.com/quote/GALDY/history/,https://www.stockanalysis.com/stocks/galdy/history/
LLY,Eli Lilly and Co.,2004-02-04,Approval,69.4,2004-02-03,70.5,2004-02-04,1.59,71.45,,https://query1.finance.yahoo.com/v8/finance/chart/LLY?period1=1074816000&period2=1076975999&interval=1d&includePrePost=false,Verified,master decision D725,https://finance.yahoo.com/quote/LLY/history/,https://www.stockanalysis.com/stocks/lly/history/
PFE,,2004-01-30,,34.8292,2004-01-29,34.7533,2004-01-30,-0.22,35.4934,,https://query1.finance.yahoo.com/v8/finance/chart/PFE?period1=1074384000&period2=1076457600&interval=1d&includePrePost=false,Verified,,https://finance.yahoo.com/quote/PFE/history/,https://www.stockanalysis.com/stocks/pfe/history/
LLY,,2003-12-24,,70.52,2003-12-23,70.5,2003-12-24,-0.03,70.62,,https://query1.finance.yahoo.com/v8/finance/chart/LLY?period1=1071187200&period2=1073260800&interval=1d&includePrePost=false,Verified,,https://finance.yahoo.com/quote/LLY/history/,https://www.stockanalysis.com/stocks/lly/history/
PFE,,2003-12-19,,32.6755,2003-12-18,32.5142,2003-12-19,-0.49,32.5427,,https://query1.finance.yahoo.com/v8/finance/chart/PFE?period1=1070755200&period2=1072828800&interval=1d&includePrePost=false,Verified,,https://finance.yahoo.com/quote/PFE/history/,https://www.stockanalysis.com/stocks/pfe/history/
VTRS,Mylan (now Viatris),2003-12-10,Approval,25.58,2003-12-09,24.9,2003-12-10,-2.66,25.21,,https://query1.finance.yahoo.com/v8/finance/chart/VTRS?period1=1069977600&period2=1072137599&interval=1d&includePrePost=false,Verified,master decision D723,https://finance.yahoo.com/quote/VTRS/history/,https://www.stockanalysis.com/stocks/vtrs/history/
LLY,Eli Lilly and Co.,2003-11-21,Approval,71.53,2003-11-20,69.61,2003-11-21,-2.68,70.5,,https://query1.finance.yahoo.com/v8/finance/chart/LLY?period1=1068336000&period2=1070495999&interval=1d&includePrePost=false,Verified,master decision D721,https://finance.yahoo.com/quote/LLY/history/,https://www.stockanalysis.com/stocks/lly/history/
BAYRY,,2003-11-21,,6.445,2003-11-20,6.4775,2003-11-21,0.5,6.66,,https://query1.finance.yahoo.com/v8/finance/chart/BAYRY?period1=1068336000&period2=1070409600&interval=1d&includePrePost=false,Verified,,https://finance.yahoo.com/quote/BAYRY/history/,https://www.stockanalysis.com/stocks/bayry/history/
TAK,,2003-11-14,,,,,,,,,https://query1.finance.yahoo.com/v8/finance/chart/TAK?period1=1067731200&period2=1069804800&interval=1d&includePrePost=false,Data unavailable - acquired/delisted or pre-Yahoo coverage,fetch status: FAILED HTTPError: HTTP Error 400: Bad Request,https://finance.yahoo.com/quote/TAK/history/,https://www.stockanalysis.com/stocks/tak/history/
PFE,,2003-11-14,,31.7362,2003-11-13,32.334,2003-11-14,1.88,32.3245,,https://query1.finance.yahoo.com/v8/finance/chart/PFE?period1=1067731200&period2=1069804800&interval=1d&includePrePost=false,Verified,,https://finance.yahoo.com/quote/PFE/history/,https://www.stockanalysis.com/stocks/pfe/history/
RDY,,2003-10-31,,2.657,2003-10-30,2.666,2003-10-31,0.34,2.872,,https://query1.finance.yahoo.com/v8/finance/chart/RDY?period1=1066521600&period2=1068595200&interval=1d&includePrePost=false,Verified,,https://finance.yahoo.com/quote/RDY/history/,https://www.stockanalysis.com/stocks/rdy/history/
JNJ,,2003-10-29,,50.54,2003-10-28,49.48,2003-10-29,-2.1,49.48,,https://query1.finance.yahoo.com/v8/finance/chart/JNJ?period1=1066348800&period2=1068422400&interval=1d&includePrePost=false,Verified,,https://finance.yahoo.com/quote/JNJ/history/,https://www.stockanalysis.com/stocks/jnj/history/
ABBV,,2003-10-10,,,,,,,,,https://query1.finance.yahoo.com/v8/finance/chart/ABBV?period1=1064707200&period2=1066780800&interval=1d&includePrePost=false,Data unavailable - acquired/delisted or pre-Yahoo coverage,fetch status: FAILED HTTPError: HTTP Error 400: Bad Request,https://finance.yahoo.com/quote/ABBV/history/,https://www.stockanalysis.com/stocks/abbv/history/
AMRX,,2003-09-30,,,,,,,,,https://query1.finance.yahoo.com/v8/finance/chart/AMRX?period1=1063843200&period2=1065916800&interval=1d&includePrePost=false,Data unavailable - acquired/delisted or pre-Yahoo coverage,fetch status: FAILED HTTPError: HTTP Error 400: Bad Request,https://finance.yahoo.com/quote/AMRX/history/,https://www.stockanalysis.com/stocks/amrx/history/
MRK,,2003-09-17,,51.3263,2003-09-16,50.7729,2003-09-17,-1.08,50.6489,,https://query1.finance.yahoo.com/v8/finance/chart/MRK?period1=1062720000&period2=1064793600&interval=1d&includePrePost=false,Verified,,https://finance.yahoo.com/quote/MRK/history/,https://www.stockanalysis.com/stocks/mrk/history/
TEVA,,2003-09-05,,30.04,2003-09-04,29.84,2003-09-05,-0.67,30.04,,https://query1.finance.yahoo.com/v8/finance/chart/TEVA?period1=1061683200&period2=1063756800&interval=1d&includePrePost=false,Verified,,https://finance.yahoo.com/quote/TEVA/history/,https://www.stockanalysis.com/stocks/teva/history/
GSK,,2003-09-04,,39.55,2003-09-03,40.21,2003-09-04,1.67,40.64,,https://query1.finance.yahoo.com/v8/finance/chart/GSK?period1=1061596800&period2=1063670400&interval=1d&includePrePost=false,Verified,,https://finance.yahoo.com/quote/GSK/history/,https://www.stockanalysis.com/stocks/gsk/history/
BHC,,2003-08-28,,39.13,2003-08-27,40.15,2003-08-28,2.61,41.53,,https://query1.finance.yahoo.com/v8/finance/chart/BHC?period1=1060992000&period2=1063065600&interval=1d&includePrePost=false,Verified,,https://finance.yahoo.com/quote/BHC/history/,https://www.stockanalysis.com/stocks/bhc/history/
BAYRY,,2003-08-28,,5.3975,2003-08-27,5.405,2003-08-28,0.14,5.4075,,https://query1.finance.yahoo.com/v8/finance/chart/BAYRY?period1=1060992000&period2=1063065600&interval=1d&includePrePost=false,Verified,,https://finance.yahoo.com/quote/BAYRY/history/,https://www.stockanalysis.com/stocks/bayry/history/
AZN,AstraZeneca [FDA prints 'IRP AstraZenca' (sic)],2003-08-12,Approval,40.3,2003-08-11,40.9,2003-08-12,1.49,41.5,,https://query1.finance.yahoo.com/v8/finance/chart/AZN?period1=1059609600&period2=1061769599&interval=1d&includePrePost=false,Verified,lineage proxy per master precedent (see master row notes: decision-date symbol differs from the modern ticker); master decision D715,https://finance.yahoo.com/quote/AZN/history/,https://www.stockanalysis.com/stocks/azn/history/
MRK,,2003-07-29,,54.0649,2003-07-28,52.8531,2003-07-29,-2.24,52.9198,,https://query1.finance.yahoo.com/v8/finance/chart/MRK?period1=1058400000&period2=1060473600&interval=1d&includePrePost=false,Verified,,https://finance.yahoo.com/quote/MRK/history/,https://www.stockanalysis.com/stocks/mrk/history/
GALDY,,2003-07-24,,,,,,,,,https://query1.finance.yahoo.com/v8/finance/chart/GALDY?period1=1057968000&period2=1060041600&interval=1d&includePrePost=false,Data unavailable - acquired/delisted or pre-Yahoo coverage,fetch status: FAILED HTTPError: HTTP Error 400: Bad Request,https://finance.yahoo.com/quote/GALDY/history/,https://www.stockanalysis.com/stocks/galdy/history/
PFE,,2003-07-16,,32.1252,2003-07-15,31.6414,2003-07-16,-1.51,31.0816,,https://query1.finance.yahoo.com/v8/finance/chart/PFE?period1=1057276800&period2=1059350400&interval=1d&includePrePost=false,Verified,,https://finance.yahoo.com/quote/PFE/history/,https://www.stockanalysis.com/stocks/pfe/history/
GILD,Gilead Sciences,2003-07-02,Approval,6.875,2003-07-01,7.045,2003-07-02,2.47,7.2575,,https://query1.finance.yahoo.com/v8/finance/chart/GILD?period1=1056067200&period2=1058227199&interval=1d&includePrePost=false,Verified,master decision D712,https://finance.yahoo.com/quote/GILD/history/,https://www.stockanalysis.com/stocks/gild/history/
BMY,,2003-06-24,,27.85,2003-06-23,27.65,2003-06-24,-0.72,27.52,,https://query1.finance.yahoo.com/v8/finance/chart/BMY?period1=1055376000&period2=1057449600&interval=1d&includePrePost=false,Verified,,https://finance.yahoo.com/quote/BMY/history/,https://www.stockanalysis.com/stocks/bmy/history/
BMY,Bristol-Myers Squibb Co.,2003-06-20,Approval,28.25,2003-06-19,28.69,2003-06-20,1.56,27.85,,https://query1.finance.yahoo.com/v8/finance/chart/BMY?period1=1055030400&period2=1057190399&interval=1d&includePrePost=false,Verified,master decision D711,https://finance.yahoo.com/quote/BMY/history/,https://www.stockanalysis.com/stocks/bmy/history/
AZN,,2003-06-20,,44.16,2003-06-19,43.21,2003-06-20,-2.15,42.28,,https://query1.finance.yahoo.com/v8/finance/chart/AZN?period1=1055030400&period2=1057104000&interval=1d&includePrePost=false,Verified,,https://finance.yahoo.com/quote/AZN/history/,https://www.stockanalysis.com/stocks/azn/history/
SNY,Sanofi (Sanofi-Aventis),2003-06-12,Approval,31.16,2003-06-11,31.82,2003-06-12,2.12,32,,https://query1.finance.yahoo.com/v8/finance/chart/SNY?period1=1054339200&period2=1056499199&interval=1d&includePrePost=false,Verified,lineage proxy per master precedent (see master row notes: decision-date symbol differs from the modern ticker); master decision D710,https://finance.yahoo.com/quote/SNY/history/,https://www.stockanalysis.com/stocks/sny/history/
BAYRY,,2003-06-11,,5.5375,2003-06-10,5.7275,2003-06-11,3.43,5.8125,,https://query1.finance.yahoo.com/v8/finance/chart/BAYRY?period1=1054252800&period2=1056326400&interval=1d&includePrePost=false,Verified,,https://finance.yahoo.com/quote/BAYRY/history/,https://www.stockanalysis.com/stocks/bayry/history/
PFE,,2003-06-04,,30.0664,2003-06-03,30.74,2003-06-04,2.24,31.0721,,https://query1.finance.yahoo.com/v8/finance/chart/PFE?period1=1053648000&period2=1055721600&interval=1d&includePrePost=false,Verified,,https://finance.yahoo.com/quote/PFE/history/,https://www.stockanalysis.com/stocks/pfe/history/
AMRX,,2003-05-30,,,,,,,,,https://query1.finance.yahoo.com/v8/finance/chart/AMRX?period1=1053216000&period2=1055289600&interval=1d&includePrePost=false,Data unavailable - acquired/delisted or pre-Yahoo coverage,fetch status: FAILED HTTPError: HTTP Error 400: Bad Request,https://finance.yahoo.com/quote/AMRX/history/,https://www.stockanalysis.com/stocks/amrx/history/
ABBV,,2003-05-30,,,,,,,,,https://query1.finance.yahoo.com/v8/finance/chart/ABBV?period1=1053216000&period2=1055289600&interval=1d&includePrePost=false,Data unavailable - acquired/delisted or pre-Yahoo coverage,fetch status: FAILED HTTPError: HTTP Error 400: Bad Request,https://finance.yahoo.com/quote/ABBV/history/,https://www.stockanalysis.com/stocks/abbv/history/
AMPH,,2003-05-23,,,,,,,,,https://query1.finance.yahoo.com/v8/finance/chart/AMPH?period1=1052611200&period2=1054684800&interval=1d&includePrePost=false,Data unavailable - acquired/delisted or pre-Yahoo coverage,fetch status: FAILED HTTPError: HTTP Error 400: Bad Request,https://finance.yahoo.com/quote/AMPH/history/,https://www.stockanalysis.com/stocks/amph/history/
AZN,AstraZeneca PLC,2003-05-05,Approval,41.51,2003-05-02,43.05,2003-05-05,3.71,41.5,,https://query1.finance.yahoo.com/v8/finance/chart/AZN?period1=1051056000&period2=1053215999&interval=1d&includePrePost=false,Verified,lineage proxy per master precedent (see master row notes: decision-date symbol differs from the modern ticker); master decision D707,https://finance.yahoo.com/quote/AZN/history/,https://www.stockanalysis.com/stocks/azn/history/
BMRN,BioMarin Pharmaceutical,2003-04-30,Approval,11.75,2003-04-29,10.98,2003-04-30,-6.55,11.16,,https://query1.finance.yahoo.com/v8/finance/chart/BMRN?period1=1050624000&period2=1052783999&interval=1d&includePrePost=false,Verified,,https://finance.yahoo.com/quote/BMRN/history/,https://www.stockanalysis.com/stocks/bmrn/history/
NVS,,2003-04-18,,35.009,2003-04-17,35.0627,2003-04-21,0.15,35.7079,,https://query1.finance.yahoo.com/v8/finance/chart/NVS?period1=1049587200&period2=1051660800&interval=1d&includePrePost=false,Verified - approx window,next trading day used: 2003-04-21,https://finance.yahoo.com/quote/NVS/history/,https://www.stockanalysis.com/stocks/nvs/history/
HROW,,2003-04-15,,,,,,,,,https://query1.finance.yahoo.com/v8/finance/chart/HROW?period1=1049328000&period2=1051401600&interval=1d&includePrePost=false,Data unavailable - acquired/delisted or pre-Yahoo coverage,fetch status: FAILED HTTPError: HTTP Error 400: Bad Request,https://finance.yahoo.com/quote/HROW/history/,https://www.stockanalysis.com/stocks/hrow/history/
BHC,,2003-04-04,,42.02,2003-04-03,42,2003-04-04,-0.05,41.21,,https://query1.finance.yahoo.com/v8/finance/chart/BHC?period1=1048377600&period2=1050451200&interval=1d&includePrePost=false,Verified,,https://finance.yahoo.com/quote/BHC/history/,https://www.stockanalysis.com/stocks/bhc/history/
JNJ,,2003-04-02,,58.42,2003-04-01,58.41,2003-04-02,-0.02,57.46,,https://query1.finance.yahoo.com/v8/finance/chart/JNJ?period1=1048204800&period2=1050278400&interval=1d&includePrePost=false,Verified,,https://finance.yahoo.com/quote/JNJ/history/,https://www.stockanalysis.com/stocks/jnj/history/
ABBV,,2003-03-28,,,,,,,,,https://query1.finance.yahoo.com/v8/finance/chart/ABBV?period1=1047772800&period2=1049846400&interval=1d&includePrePost=false,Data unavailable - acquired/delisted or pre-Yahoo coverage,fetch status: FAILED HTTPError: HTTP Error 400: Bad Request,https://finance.yahoo.com/quote/ABBV/history/,https://www.stockanalysis.com/stocks/abbv/history/
MRK,"Merck & Co., Inc.",2003-03-26,Approval,52.958,2003-03-25,51.9752,2003-03-26,-1.86,52.5477,,https://query1.finance.yahoo.com/v8/finance/chart/MRK?period1=1047600000&period2=1049759999&interval=1d&includePrePost=false,Verified,master decision D705,https://finance.yahoo.com/quote/MRK/history/,https://www.stockanalysis.com/stocks/mrk/history/
ANIP,,2003-03-12,,72,2003-03-11,72,2003-03-12,0.0,77.4,,https://query1.finance.yahoo.com/v8/finance/chart/ANIP?period1=1046390400&period2=1048464000&interval=1d&includePrePost=false,Verified,,https://finance.yahoo.com/quote/ANIP/history/,https://www.stockanalysis.com/stocks/anip/history/
BHC,,2003-02-28,,36.27,2003-02-27,37.2,2003-02-28,2.56,36.06,,https://query1.finance.yahoo.com/v8/finance/chart/BHC?period1=1045353600&period2=1047427200&interval=1d&includePrePost=false,Verified,,https://finance.yahoo.com/quote/BHC/history/,https://www.stockanalysis.com/stocks/bhc/history/
ABBV,,2003-02-26,,,,,,,,,https://query1.finance.yahoo.com/v8/finance/chart/ABBV?period1=1045180800&period2=1047254400&interval=1d&includePrePost=false,Data unavailable - acquired/delisted or pre-Yahoo coverage,fetch status: FAILED HTTPError: HTTP Error 400: Bad Request,https://finance.yahoo.com/quote/ABBV/history/,https://www.stockanalysis.com/stocks/abbv/history/
BHC,,2003-02-06,,28.56,2003-02-05,28.5,2003-02-06,-0.21,31.15,,https://query1.finance.yahoo.com/v8/finance/chart/BHC?period1=1043452800&period2=1045526400&interval=1d&includePrePost=false,Verified,,https://finance.yahoo.com/quote/BHC/history/,https://www.stockanalysis.com/stocks/bhc/history/
BIIB,Biogen (now Biogen Inc.),2003-01-30,Approval,31.5,2003-01-29,31.57,2003-01-30,0.22,32.08,,https://query1.finance.yahoo.com/v8/finance/chart/BIIB?period1=1042848000&period2=1045007999&interval=1d&includePrePost=false,Verified,,https://finance.yahoo.com/quote/BIIB/history/,https://www.stockanalysis.com/stocks/biib/history/
VTRS,,2003-01-17,,17.3778,2003-01-16,17.5289,2003-01-17,0.87,17.1467,,https://query1.finance.yahoo.com/v8/finance/chart/VTRS?period1=1041724800&period2=1043798400&interval=1d&includePrePost=false,Verified,,https://finance.yahoo.com/quote/VTRS/history/,https://www.stockanalysis.com/stocks/vtrs/history/
BMY,,2002-12-31,,23.25,2002-12-30,23.15,2002-12-31,-0.43,24.03,,https://query1.finance.yahoo.com/v8/finance/chart/BMY?period1=1040256000&period2=1042329600&interval=1d&includePrePost=false,Verified,,https://finance.yahoo.com/quote/BMY/history/,https://www.stockanalysis.com/stocks/bmy/history/
ABT,Abbott Laboratories,2002-12-31,Approval,16.6542,2002-12-30,17.956,2002-12-31,7.82,17.9785,,https://query1.finance.yahoo.com/v8/finance/chart/ABT?period1=1040256000&period2=1042415999&interval=1d&includePrePost=false,Verified,,https://finance.yahoo.com/quote/ABT/history/,https://www.stockanalysis.com/stocks/abt/history/
BHC,,2002-12-30,,25.8,2002-12-27,26.19,2002-12-30,1.51,26.41,,https://query1.finance.yahoo.com/v8/finance/chart/BHC?period1=1040169600&period2=1042243200&interval=1d&includePrePost=false,Verified,,https://finance.yahoo.com/quote/BHC/history/,https://www.stockanalysis.com/stocks/bhc/history/
PFE,Pfizer Inc.,2002-12-26,Approval,29.7723,2002-12-24,28.482,2002-12-26,-4.33,28.2638,,https://query1.finance.yahoo.com/v8/finance/chart/PFE?period1=1039824000&period2=1041983999&interval=1d&includePrePost=false,Verified,master decision D702,https://finance.yahoo.com/quote/PFE/history/,https://www.stockanalysis.com/stocks/pfe/history/
ABBV,,2002-12-23,,,,,,,,,https://query1.finance.yahoo.com/v8/finance/chart/ABBV?period1=1039564800&period2=1041638400&interval=1d&includePrePost=false,Data unavailable - acquired/delisted or pre-Yahoo coverage,fetch status: FAILED HTTPError: HTTP Error 400: Bad Request,https://finance.yahoo.com/quote/ABBV/history/,https://www.stockanalysis.com/stocks/abbv/history/
ABT,,2002-12-20,,18.1311,2002-12-19,17.3725,2002-12-20,-4.18,17.1166,,https://query1.finance.yahoo.com/v8/finance/chart/ABT?period1=1039305600&period2=1041379200&interval=1d&includePrePost=false,Verified,,https://finance.yahoo.com/quote/ABT/history/,https://www.stockanalysis.com/stocks/abt/history/
HLN,,2002-12-19,,,,,,,,,https://query1.finance.yahoo.com/v8/finance/chart/HLN?period1=1039219200&period2=1041292800&interval=1d&includePrePost=false,Data unavailable - acquired/delisted or pre-Yahoo coverage,fetch status: FAILED HTTPError: HTTP Error 400: Bad Request,https://finance.yahoo.com/quote/HLN/history/,https://www.stockanalysis.com/stocks/hln/history/
BAYRY,,2002-12-13,,5.7025,2002-12-12,5.505,2002-12-13,-3.46,5.7875,,https://query1.finance.yahoo.com/v8/finance/chart/BAYRY?period1=1038700800&period2=1040774400&interval=1d&includePrePost=false,Verified,,https://finance.yahoo.com/quote/BAYRY/history/,https://www.stockanalysis.com/stocks/bayry/history/
BAX,Baxter International,2002-12-12,Approval,15.6328,2002-12-11,15.7795,2002-12-12,0.94,15.7795,,https://query1.finance.yahoo.com/v8/finance/chart/BAX?period1=1038614400&period2=1040774399&interval=1d&includePrePost=false,Verified,master decision D701,https://finance.yahoo.com/quote/BAX/history/,https://www.stockanalysis.com/stocks/bax/history/
ABBV,,2002-11-27,,,,,,,,,https://query1.finance.yahoo.com/v8/finance/chart/ABBV?period1=1037318400&period2=1039392000&interval=1d&includePrePost=false,Data unavailable - acquired/delisted or pre-Yahoo coverage,fetch status: FAILED HTTPError: HTTP Error 400: Bad Request,https://finance.yahoo.com/quote/ABBV/history/,https://www.stockanalysis.com/stocks/abbv/history/
LLY,Eli Lilly and Co.,2002-11-26,Approval,68.06,2002-11-25,64,2002-11-26,-5.97,69,,https://query1.finance.yahoo.com/v8/finance/chart/LLY?period1=1037232000&period2=1039391999&interval=1d&includePrePost=false,Verified,master decision D700,https://finance.yahoo.com/quote/LLY/history/,https://www.stockanalysis.com/stocks/lly/history/
ESALY,,2002-11-08,,,,,,,,,https://query1.finance.yahoo.com/v8/finance/chart/ESALY?period1=1035676800&period2=1037750400&interval=1d&includePrePost=false,Data unavailable - acquired/delisted or pre-Yahoo coverage,fetch status: FAILED HTTPError: HTTP Error 404: Not Found,https://finance.yahoo.com/quote/ESALY/history/,https://www.stockanalysis.com/stocks/esaly/history/
HLN,,2002-10-31,,,,,,,,,https://query1.finance.yahoo.com/v8/finance/chart/HLN?period1=1034985600&period2=1037059200&interval=1d&includePrePost=false,Data unavailable - acquired/delisted or pre-Yahoo coverage,fetch status: FAILED HTTPError: HTTP Error 400: Bad Request,https://finance.yahoo.com/quote/HLN/history/,https://www.stockanalysis.com/stocks/hln/history/
MRK,MSP Singapore (Schering-Plough/Singapore JV),2002-10-25,Approval,48.1775,2002-10-24,50.4866,2002-10-25,4.79,51.7462,,https://query1.finance.yahoo.com/v8/finance/chart/MRK?period1=1034467200&period2=1036627199&interval=1d&includePrePost=false,Verified,master decision D697,https://finance.yahoo.com/quote/MRK/history/,https://www.stockanalysis.com/stocks/mrk/history/
BMY,,2002-10-21,,23.89,2002-10-18,23.45,2002-10-21,-1.84,23.6,,https://query1.finance.yahoo.com/v8/finance/chart/BMY?period1=1034121600&period2=1036195200&interval=1d&includePrePost=false,Verified,,https://finance.yahoo.com/quote/BMY/history/,https://www.stockanalysis.com/stocks/bmy/history/
PFE,,2002-10-17,,30.2751,2002-10-16,31.0721,2002-10-17,2.63,31.7742,,https://query1.finance.yahoo.com/v8/finance/chart/PFE?period1=1033776000&period2=1035849600&interval=1d&includePrePost=false,Verified,,https://finance.yahoo.com/quote/PFE/history/,https://www.stockanalysis.com/stocks/pfe/history/
RHHBY,Roche Holding AG (Genentech parent),2002-10-16,Approval,,,,,,,,https://query1.finance.yahoo.com/v8/finance/chart/RHHBY?period1=1033689600&period2=1035849599&interval=1d&includePrePost=false,Data unavailable - acquired/delisted or pre-Yahoo coverage,fetch status: FAILED HTTPError: HTTP Error 400: Bad Request (recorded in the job manifest; never retried with a successor ticker); lineage proxy per master precedent (see master row notes: decision-date symbol differs from the modern ticker),https://finance.yahoo.com/quote/RHHBY/history/,https://www.stockanalysis.com/stocks/rhhby/history/
INDV,,2002-10-08,,,,,,,,,https://query1.finance.yahoo.com/v8/finance/chart/INDV?period1=1032998400&period2=1035072000&interval=1d&includePrePost=false,Data unavailable - acquired/delisted or pre-Yahoo coverage,fetch status: FAILED HTTPError: HTTP Error 400: Bad Request,https://finance.yahoo.com/quote/INDV/history/,https://www.stockanalysis.com/stocks/indv/history/
BDX,,2002-10-07,,22.3501,2002-10-04,22.8946,2002-10-07,2.44,22.189,,https://query1.finance.yahoo.com/v8/finance/chart/BDX?period1=1032912000&period2=1034985600&interval=1d&includePrePost=false,Verified,,https://finance.yahoo.com/quote/BDX/history/,https://www.stockanalysis.com/stocks/bdx/history/
GILD,Gilead Sciences,2002-09-20,Approval,4.1125,2002-09-19,4.195,2002-09-20,2.01,4.1262,,https://query1.finance.yahoo.com/v8/finance/chart/GILD?period1=1031443200&period2=1033603199&interval=1d&includePrePost=false,Verified,master decision D695,https://finance.yahoo.com/quote/GILD/history/,https://www.stockanalysis.com/stocks/gild/history/
BAYRY,,2002-09-20,,4.825,2002-09-19,4.9125,2002-09-20,1.81,4.6375,,https://query1.finance.yahoo.com/v8/finance/chart/BAYRY?period1=1031443200&period2=1033516800&interval=1d&includePrePost=false,Verified,,https://finance.yahoo.com/quote/BAYRY/history/,https://www.stockanalysis.com/stocks/bayry/history/
TAK,,2002-08-30,,,,,,,,,https://query1.finance.yahoo.com/v8/finance/chart/TAK?period1=1029628800&period2=1031702400&interval=1d&includePrePost=false,Data unavailable - acquired/delisted or pre-Yahoo coverage,fetch status: FAILED HTTPError: HTTP Error 400: Bad Request,https://finance.yahoo.com/quote/TAK/history/,https://www.stockanalysis.com/stocks/tak/history/
ABBV,,2002-08-29,,,,,,,,,https://query1.finance.yahoo.com/v8/finance/chart/ABBV?period1=1029542400&period2=1031616000&interval=1d&includePrePost=false,Data unavailable - acquired/delisted or pre-Yahoo coverage,fetch status: FAILED HTTPError: HTTP Error 400: Bad Request,https://finance.yahoo.com/quote/ABBV/history/,https://www.stockanalysis.com/stocks/abbv/history/
JNJ,,2002-08-22,,54.89,2002-08-21,56.2,2002-08-22,2.39,54.82,,https://query1.finance.yahoo.com/v8/finance/chart/JNJ?period1=1028937600&period2=1031011200&interval=1d&includePrePost=false,Verified,,https://finance.yahoo.com/quote/JNJ/history/,https://www.stockanalysis.com/stocks/jnj/history/
ABBV,,2002-08-14,,,,,,,,,https://query1.finance.yahoo.com/v8/finance/chart/ABBV?period1=1028246400&period2=1030320000&interval=1d&includePrePost=false,Data unavailable - acquired/delisted or pre-Yahoo coverage,fetch status: FAILED HTTPError: HTTP Error 400: Bad Request,https://finance.yahoo.com/quote/ABBV/history/,https://www.stockanalysis.com/stocks/abbv/history/
SNY,Sanofi (Sanofi-Aventis),2002-08-09,Approval,31.2,2002-08-08,32.1,2002-08-09,2.88,31.58,,https://query1.finance.yahoo.com/v8/finance/chart/SNY?period1=1027814400&period2=1029974399&interval=1d&includePrePost=false,Verified,lineage proxy per master precedent (see master row notes: decision-date symbol differs from the modern ticker); master decision D694,https://finance.yahoo.com/quote/SNY/history/,https://www.stockanalysis.com/stocks/sny/history/
OGN,,2002-07-26,,,,,,,,,https://query1.finance.yahoo.com/v8/finance/chart/OGN?period1=1026604800&period2=1028678400&interval=1d&includePrePost=false,Data unavailable - acquired/delisted or pre-Yahoo coverage,fetch status: FAILED HTTPError: HTTP Error 400: Bad Request,https://finance.yahoo.com/quote/OGN/history/,https://www.stockanalysis.com/stocks/ogn/history/
NVS,Novartis AG,2002-07-24,Approval,31.129,2002-07-23,34.1398,2002-07-24,9.67,34.3638,,https://query1.finance.yahoo.com/v8/finance/chart/NVS?period1=1026432000&period2=1028591999&interval=1d&includePrePost=false,Verified,lineage proxy per master precedent (see master row notes: decision-date symbol differs from the modern ticker); master decision D693,https://finance.yahoo.com/quote/NVS/history/,https://www.stockanalysis.com/stocks/nvs/history/
ABBV,,2002-07-24,,,,,,,,,https://query1.finance.yahoo.com/v8/finance/chart/ABBV?period1=1026432000&period2=1028505600&interval=1d&includePrePost=false,Data unavailable - acquired/delisted or pre-Yahoo coverage,fetch status: FAILED HTTPError: HTTP Error 400: Bad Request,https://finance.yahoo.com/quote/ABBV/history/,https://www.stockanalysis.com/stocks/abbv/history/
SNY,Sanofi (Sanofi-Aventis),2002-07-12,Approval,28.5,2002-07-11,27.7,2002-07-12,-2.81,27.32,,https://query1.finance.yahoo.com/v8/finance/chart/SNY?period1=1025395200&period2=1027555199&interval=1d&includePrePost=false,Verified,,https://finance.yahoo.com/quote/SNY/history/,https://www.stockanalysis.com/stocks/sny/history/
RBGLY,,2002-07-12,,,,,,,,,https://query1.finance.yahoo.com/v8/finance/chart/RBGLY?period1=1025395200&period2=1027468800&interval=1d&includePrePost=false,Data unavailable - acquired/delisted or pre-Yahoo coverage,fetch status: FAILED HTTPError: HTTP Error 400: Bad Request,https://finance.yahoo.com/quote/RBGLY/history/,https://www.stockanalysis.com/stocks/rbgly/history/
OGN,,2002-06-26,,,,,,,,,https://query1.finance.yahoo.com/v8/finance/chart/OGN?period1=1024012800&period2=1026086400&interval=1d&includePrePost=false,Data unavailable - acquired/delisted or pre-Yahoo coverage,fetch status: FAILED HTTPError: HTTP Error 400: Bad Request,https://finance.yahoo.com/quote/OGN/history/,https://www.stockanalysis.com/stocks/ogn/history/
VTRS,,2002-06-21,,14.12,2002-06-20,13.64,2002-06-21,-3.4,13.5156,,https://query1.finance.yahoo.com/v8/finance/chart/VTRS?period1=1023580800&period2=1025654400&interval=1d&includePrePost=false,Verified,,https://finance.yahoo.com/quote/VTRS/history/,https://www.stockanalysis.com/stocks/vtrs/history/
PFE,,2002-06-11,,33.5389,2002-06-10,32.3719,2002-06-11,-3.48,33.2258,,https://query1.finance.yahoo.com/v8/finance/chart/PFE?period1=1022716800&period2=1024790400&interval=1d&includePrePost=false,Verified,,https://finance.yahoo.com/quote/PFE/history/,https://www.stockanalysis.com/stocks/pfe/history/
HLN,,2002-05-30,,,,,,,,,https://query1.finance.yahoo.com/v8/finance/chart/HLN?period1=1021680000&period2=1023753600&interval=1d&includePrePost=false,Data unavailable - acquired/delisted or pre-Yahoo coverage,fetch status: FAILED HTTPError: HTTP Error 400: Bad Request,https://finance.yahoo.com/quote/HLN/history/,https://www.stockanalysis.com/stocks/hln/history/
PFE,Pfizer Inc.,2002-05-24,Approval,34.3454,2002-05-23,33.6717,2002-05-24,-1.96,33.0076,,https://query1.finance.yahoo.com/v8/finance/chart/PFE?period1=1021161600&period2=1023321599&interval=1d&includePrePost=false,Verified,master decision D690,https://finance.yahoo.com/quote/PFE/history/,https://www.stockanalysis.com/stocks/pfe/history/
UTHR,United Therapeutics,2002-05-21,Approval,6.9,2002-05-20,6.665,2002-05-21,-3.41,6.825,,https://query1.finance.yahoo.com/v8/finance/chart/UTHR?period1=1020902400&period2=1023062399&interval=1d&includePrePost=false,Verified,master decision D689,https://finance.yahoo.com/quote/UTHR/history/,https://www.stockanalysis.com/stocks/uthr/history/
AZN,AstraZeneca PLC,2002-04-25,Approval,50.41,2002-04-24,48.4,2002-04-25,-3.99,48.65,,https://query1.finance.yahoo.com/v8/finance/chart/AZN?period1=1018656000&period2=1020815999&interval=1d&includePrePost=false,Verified,lineage proxy per master precedent (see master row notes: decision-date symbol differs from the modern ticker); master decision D688,https://finance.yahoo.com/quote/AZN/history/,https://www.stockanalysis.com/stocks/azn/history/
HLN,,2002-04-18,,,,,,,,,https://query1.finance.yahoo.com/v8/finance/chart/HLN?period1=1018051200&period2=1020124800&interval=1d&includePrePost=false,Data unavailable - acquired/delisted or pre-Yahoo coverage,fetch status: FAILED HTTPError: HTTP Error 400: Bad Request,https://finance.yahoo.com/quote/HLN/history/,https://www.stockanalysis.com/stocks/hln/history/
BAX,,2002-03-21,,30.8365,2002-03-20,31.4503,2002-03-21,1.99,31.396,,https://query1.finance.yahoo.com/v8/finance/chart/BAX?period1=1015632000&period2=1017705600&interval=1d&includePrePost=false,Verified,,https://finance.yahoo.com/quote/BAX/history/,https://www.stockanalysis.com/stocks/bax/history/
PFE,,2002-03-20,,38.6433,2002-03-19,38.0266,2002-03-20,-1.6,38.093,,https://query1.finance.yahoo.com/v8/finance/chart/PFE?period1=1015545600&period2=1017619200&interval=1d&includePrePost=false,Verified,,https://finance.yahoo.com/quote/PFE/history/,https://www.stockanalysis.com/stocks/pfe/history/
OGN,Organon & Co.,2002-03-15,CRL,,,,,,,,https://query1.finance.yahoo.com/v8/finance/chart/OGN?period1=1015113600&period2=1017273599&interval=1d&includePrePost=false,Data unavailable - acquired/delisted or pre-Yahoo coverage,fetch status: FAILED HTTPError: HTTP Error 400: Bad Request (recorded in the job manifest; never retried with a successor ticker),https://finance.yahoo.com/quote/OGN/history/,https://www.stockanalysis.com/stocks/ogn/history/
NVS,,2002-02-22,,32.948,2002-02-21,33.5125,2002-02-22,1.71,33.2348,,https://query1.finance.yahoo.com/v8/finance/chart/NVS?period1=1013299200&period2=1015372800&interval=1d&includePrePost=false,Verified,,https://finance.yahoo.com/quote/NVS/history/,https://www.stockanalysis.com/stocks/nvs/history/
BIIB,Idec Pharmaceuticals (merged into Biogen Idec 2003),2002-02-19,Approval (Accelerated),58.99,2002-02-15,56.01,2002-02-19,-5.05,62.1,,https://query1.finance.yahoo.com/v8/finance/chart/BIIB?period1=1013040000&period2=1015199999&interval=1d&includePrePost=false,Verified,,https://finance.yahoo.com/quote/BIIB/history/,https://www.stockanalysis.com/stocks/biib/history/
MRK,,2002-02-08,,55.6584,2002-02-07,56.4408,2002-02-08,1.41,56.7271,,https://query1.finance.yahoo.com/v8/finance/chart/MRK?period1=1012089600&period2=1014163200&interval=1d&includePrePost=false,Verified,,https://finance.yahoo.com/quote/MRK/history/,https://www.stockanalysis.com/stocks/mrk/history/
BMY,,2002-02-01,,45.37,2002-01-31,44.5,2002-02-01,-1.92,43.49,,https://query1.finance.yahoo.com/v8/finance/chart/BMY?period1=1011484800&period2=1013558400&interval=1d&includePrePost=false,Verified,,https://finance.yahoo.com/quote/BMY/history/,https://www.stockanalysis.com/stocks/bmy/history/
AMGN,Amgen Inc.,2002-01-31,Approval,55.04,2002-01-30,55.5,2002-01-31,0.84,57.88,,https://query1.finance.yahoo.com/v8/finance/chart/AMGN?period1=1011398400&period2=1013558399&interval=1d&includePrePost=false,Verified,,https://finance.yahoo.com/quote/AMGN/history/,https://www.stockanalysis.com/stocks/amgn/history/
GALDY,,2002-01-18,,,,,,,,,https://query1.finance.yahoo.com/v8/finance/chart/GALDY?period1=1010275200&period2=1012348800&interval=1d&includePrePost=false,Data unavailable - acquired/delisted or pre-Yahoo coverage,fetch status: FAILED HTTPError: HTTP Error 400: Bad Request,https://finance.yahoo.com/quote/GALDY/history/,https://www.stockanalysis.com/stocks/galdy/history/
NVS,Novartis AG,2001-12-13,Approval,31.0036,2001-12-12,30.672,2001-12-13,-1.07,31.0842,,https://query1.finance.yahoo.com/v8/finance/chart/NVS?period1=1007164800&period2=1009324799&interval=1d&includePrePost=false,Verified,lineage proxy per master precedent (see master row notes: decision-date symbol differs from the modern ticker); master decision D684,https://finance.yahoo.com/quote/NVS/history/,https://www.stockanalysis.com/stocks/nvs/history/
BAYRY,,2001-12-07,,8.2825,2001-12-06,8.2375,2001-12-07,-0.54,8.075,,https://query1.finance.yahoo.com/v8/finance/chart/BAYRY?period1=1006646400&period2=1008720000&interval=1d&includePrePost=false,Verified,,https://finance.yahoo.com/quote/BAYRY/history/,https://www.stockanalysis.com/stocks/bayry/history/
BAYRY,,2001-11-30,,7.75,2001-11-29,8.025,2001-11-30,3.55,8,,https://query1.finance.yahoo.com/v8/finance/chart/BAYRY?period1=1006041600&period2=1008115200&interval=1d&includePrePost=false,Verified,,https://finance.yahoo.com/quote/BAYRY/history/,https://www.stockanalysis.com/stocks/bayry/history/
MRK,"Merck & Co., Inc.",2001-11-21,Approval,61.2023,2001-11-20,62.5763,2001-11-21,2.25,62.9103,,https://query1.finance.yahoo.com/v8/finance/chart/MRK?period1=1005264000&period2=1007423999&interval=1d&includePrePost=false,Verified,master decision D682,https://finance.yahoo.com/quote/MRK/history/,https://www.stockanalysis.com/stocks/mrk/history/
LLY,Eli Lilly and Co.,2001-11-21,Approval,81.14,2001-11-20,83.33,2001-11-21,2.7,82.42,,https://query1.finance.yahoo.com/v8/finance/chart/LLY?period1=1005264000&period2=1007423999&interval=1d&includePrePost=false,Verified,,https://finance.yahoo.com/quote/LLY/history/,https://www.stockanalysis.com/stocks/lly/history/
JNJ,Johnson & Johnson,2001-11-20,Approval,59.9,2001-11-19,60.78,2001-11-20,1.47,60.85,,https://query1.finance.yahoo.com/v8/finance/chart/JNJ?period1=1005177600&period2=1007337599&interval=1d&includePrePost=false,Verified,master decision D680,https://finance.yahoo.com/quote/JNJ/history/,https://www.stockanalysis.com/stocks/jnj/history/
GSK,GlaxoSmithKline plc,2001-11-20,Approval,52.92,2001-11-19,53,2001-11-20,0.15,53.47,,https://query1.finance.yahoo.com/v8/finance/chart/GSK?period1=1005177600&period2=1007337599&interval=1d&includePrePost=false,Verified,lineage proxy per master precedent (see master row notes: decision-date symbol differs from the modern ticker); master decision D679,https://finance.yahoo.com/quote/GSK/history/,https://www.stockanalysis.com/stocks/gsk/history/
AMGN,Amgen Inc.,2001-11-14,Approval,57.99,2001-11-13,57.33,2001-11-14,-1.14,57.04,,https://query1.finance.yahoo.com/v8/finance/chart/AMGN?period1=1004659200&period2=1006819199&interval=1d&includePrePost=false,Verified,,https://finance.yahoo.com/quote/AMGN/history/,https://www.stockanalysis.com/stocks/amgn/history/
NVO,,2001-11-01,,2,2001-10-31,2.075,2001-11-01,3.75,2.07,,https://query1.finance.yahoo.com/v8/finance/chart/NVO?period1=1003536000&period2=1005609600&interval=1d&includePrePost=false,Verified,,https://finance.yahoo.com/quote/NVO/history/,https://www.stockanalysis.com/stocks/nvo/history/
ABBV,,2001-11-01,,,,,,,,,https://query1.finance.yahoo.com/v8/finance/chart/ABBV?period1=1003536000&period2=1005609600&interval=1d&includePrePost=false,Data unavailable - acquired/delisted or pre-Yahoo coverage,fetch status: FAILED HTTPError: HTTP Error 400: Bad Request,https://finance.yahoo.com/quote/ABBV/history/,https://www.stockanalysis.com/stocks/abbv/history/
GILD,Gilead Sciences,2001-10-26,Approval,4.3,2001-10-25,4.23,2001-10-26,-1.63,4.0969,,https://query1.finance.yahoo.com/v8/finance/chart/GILD?period1=1003017600&period2=1005177599&interval=1d&includePrePost=false,Verified,master decision D676,https://finance.yahoo.com/quote/GILD/history/,https://www.stockanalysis.com/stocks/gild/history/
BAYRY,,2001-10-18,,7.9625,2001-10-17,8.0325,2001-10-18,0.88,7.85,,https://query1.finance.yahoo.com/v8/finance/chart/BAYRY?period1=1002326400&period2=1004400000&interval=1d&includePrePost=false,Verified,,https://finance.yahoo.com/quote/BAYRY/history/,https://www.stockanalysis.com/stocks/bayry/history/
TAK,,2001-10-11,,,,,,,,,https://query1.finance.yahoo.com/v8/finance/chart/TAK?period1=1001721600&period2=1003795200&interval=1d&includePrePost=false,Data unavailable - acquired/delisted or pre-Yahoo coverage,fetch status: FAILED HTTPError: HTTP Error 400: Bad Request,https://finance.yahoo.com/quote/TAK/history/,https://www.stockanalysis.com/stocks/tak/history/
NVS,,2001-09-25,,32.1505,2001-09-24,33.1452,2001-09-25,3.09,33.4677,,https://query1.finance.yahoo.com/v8/finance/chart/NVS?period1=1000339200&period2=1002412800&interval=1d&includePrePost=false,Verified,,https://finance.yahoo.com/quote/NVS/history/,https://www.stockanalysis.com/stocks/nvs/history/
AMRX,,2001-09-17,,,,,,,,,https://query1.finance.yahoo.com/v8/finance/chart/AMRX?period1=999648000&period2=1001721600&interval=1d&includePrePost=false,Data unavailable - acquired/delisted or pre-Yahoo coverage,fetch status: FAILED HTTPError: HTTP Error 400: Bad Request,https://finance.yahoo.com/quote/AMRX/history/,https://www.stockanalysis.com/stocks/amrx/history/
AMGN,Amgen Inc.,2001-09-17,Approval,64.13,2001-09-10,60.85,2001-09-17,-5.11,59.38,,https://query1.finance.yahoo.com/v8/finance/chart/AMGN?period1=999648000&period2=1001807999&interval=1d&includePrePost=false,Verified,,https://finance.yahoo.com/quote/AMGN/history/,https://www.stockanalysis.com/stocks/amgn/history/
ABBV,,2001-09-04,,,,,,,,,https://query1.finance.yahoo.com/v8/finance/chart/ABBV?period1=998524800&period2=1000598400&interval=1d&includePrePost=false,Data unavailable - acquired/delisted or pre-Yahoo coverage,fetch status: FAILED HTTPError: HTTP Error 429: Too Many Requests,https://finance.yahoo.com/quote/ABBV/history/,https://www.stockanalysis.com/stocks/abbv/history/
NVS,Novartis AG,2001-08-20,Approval,31.586,2001-08-17,31.2007,2001-08-20,-1.22,32.2491,,https://query1.finance.yahoo.com/v8/finance/chart/NVS?period1=997228800&period2=999388799&interval=1d&includePrePost=false,Verified,lineage proxy per master precedent (see master row notes: decision-date symbol differs from the modern ticker); master decision D673,https://finance.yahoo.com/quote/NVS/history/,https://www.stockanalysis.com/stocks/nvs/history/
JNJ,,2001-08-15,,,,,,,,,https://query1.finance.yahoo.com/v8/finance/chart/JNJ?period1=996796800&period2=998870400&interval=1d&includePrePost=false,Data unavailable - acquired/delisted or pre-Yahoo coverage,fetch status: FAILED HTTPError: HTTP Error 429: Too Many Requests,https://finance.yahoo.com/quote/JNJ/history/,https://www.stockanalysis.com/stocks/jnj/history/
KVUE,,2001-08-10,,,,,,,,,https://query1.finance.yahoo.com/v8/finance/chart/KVUE?period1=996364800&period2=998438400&interval=1d&includePrePost=false,Data unavailable - acquired/delisted or pre-Yahoo coverage,fetch status: FAILED HTTPError: HTTP Error 429: Too Many Requests,https://finance.yahoo.com/quote/KVUE/history/,https://www.stockanalysis.com/stocks/kvue/history/
NVS,,2001-07-18,,,,,,,,,https://query1.finance.yahoo.com/v8/finance/chart/NVS?period1=994377600&period2=996451200&interval=1d&includePrePost=false,Data unavailable - acquired/delisted or pre-Yahoo coverage,fetch status: FAILED HTTPError: HTTP Error 429: Too Many Requests,https://finance.yahoo.com/quote/NVS/history/,https://www.stockanalysis.com/stocks/nvs/history/
PFE,,2001-07-09,,37.9981,2001-07-06,39.0417,2001-07-09,2.75,38.7192,,https://query1.finance.yahoo.com/v8/finance/chart/PFE?period1=993600000&period2=995673600&interval=1d&includePrePost=false,Verified,,https://finance.yahoo.com/quote/PFE/history/,https://www.stockanalysis.com/stocks/pfe/history/
JNJ,,2001-06-22,,53.02,2001-06-21,52.39,2001-06-22,-1.19,51.6,,https://query1.finance.yahoo.com/v8/finance/chart/JNJ?period1=992131200&period2=994204800&interval=1d&includePrePost=false,Verified,,https://finance.yahoo.com/quote/JNJ/history/,https://www.stockanalysis.com/stocks/jnj/history/
SOLV,,2001-06-07,,,,,,,,,https://query1.finance.yahoo.com/v8/finance/chart/SOLV?period1=990835200&period2=992908800&interval=1d&includePrePost=false,Data unavailable - acquired/delisted or pre-Yahoo coverage,fetch status: FAILED HTTPError: HTTP Error 400: Bad Request,https://finance.yahoo.com/quote/SOLV/history/,https://www.stockanalysis.com/stocks/solv/history/
PFE,,2001-05-25,,40.7211,2001-05-24,39.7154,2001-05-25,-2.47,40.8349,,https://query1.finance.yahoo.com/v8/finance/chart/PFE?period1=989712000&period2=991785600&interval=1d&includePrePost=false,Verified,,https://finance.yahoo.com/quote/PFE/history/,https://www.stockanalysis.com/stocks/pfe/history/
NVS,,2001-05-25,,,,,,,,,https://query1.finance.yahoo.com/v8/finance/chart/NVS?period1=989712000&period2=991785600&interval=1d&includePrePost=false,Data unavailable - acquired/delisted or pre-Yahoo coverage,fetch status: FAILED HTTPError: HTTP Error 429: Too Many Requests,https://finance.yahoo.com/quote/NVS/history/,https://www.stockanalysis.com/stocks/nvs/history/
NVS,Novartis AG,2001-05-10,Approval,34.9462,2001-05-09,37.3208,2001-05-10,6.8,36.2007,,https://query1.finance.yahoo.com/v8/finance/chart/NVS?period1=988416000&period2=990575999&interval=1d&includePrePost=false,Verified,lineage proxy per master precedent (see master row notes: decision-date symbol differs from the modern ticker); master decision D669,https://finance.yahoo.com/quote/NVS/history/,https://www.stockanalysis.com/stocks/nvs/history/
TAK,,2001-05-03,,,,,,,,,https://query1.finance.yahoo.com/v8/finance/chart/TAK?period1=987811200&period2=989884800&interval=1d&includePrePost=false,Data unavailable - acquired/delisted or pre-Yahoo coverage,fetch status: FAILED HTTPError: HTTP Error 429: Too Many Requests,https://finance.yahoo.com/quote/TAK/history/,https://www.stockanalysis.com/stocks/tak/history/
BAYRY,,2001-04-27,,11.125,2001-04-26,10.725,2001-04-27,-3.6,10.25,,https://query1.finance.yahoo.com/v8/finance/chart/BAYRY?period1=987292800&period2=989366400&interval=1d&includePrePost=false,Verified,,https://finance.yahoo.com/quote/BAYRY/history/,https://www.stockanalysis.com/stocks/bayry/history/
GSK,,2001-04-19,,52.6,2001-04-18,50.84,2001-04-19,-3.35,51.07,,https://query1.finance.yahoo.com/v8/finance/chart/GSK?period1=986601600&period2=988675200&interval=1d&includePrePost=false,Verified,,https://finance.yahoo.com/quote/GSK/history/,https://www.stockanalysis.com/stocks/gsk/history/
FMS,,2001-04-02,,11.365,2001-03-30,11.2,2001-04-02,-1.45,11.35,,https://query1.finance.yahoo.com/v8/finance/chart/FMS?period1=985132800&period2=987206400&interval=1d&includePrePost=false,Verified,,https://finance.yahoo.com/quote/FMS/history/,https://www.stockanalysis.com/stocks/fms/history/
PFE,,2001-03-22,,34.1366,2001-03-21,33.8425,2001-03-22,-0.86,35.6072,,https://query1.finance.yahoo.com/v8/finance/chart/PFE?period1=984182400&period2=986256000&interval=1d&includePrePost=false,Verified,,https://finance.yahoo.com/quote/PFE/history/,https://www.stockanalysis.com/stocks/pfe/history/
ALC,Alcon Inc. (NYSE:ACL delisted 2011 Novartis buyout; relisted ALC 2019),2001-03-16,Approval,,,,,,,,https://query1.finance.yahoo.com/v8/finance/chart/ALC?period1=983664000&period2=985823999&interval=1d&includePrePost=false,Data unavailable - acquired/delisted or pre-Yahoo coverage,fetch status: FAILED HTTPError: HTTP Error 400: Bad Request (recorded in the job manifest; never retried with a successor ticker); lineage proxy per master precedent (see master row notes: decision-date symbol differs from the modern ticker); master decision D667,https://finance.yahoo.com/quote/ALC/history/,https://www.stockanalysis.com/stocks/alc/history/
ABBV,,2001-03-16,,,,,,,,,https://query1.finance.yahoo.com/v8/finance/chart/ABBV?period1=983664000&period2=985737600&interval=1d&includePrePost=false,Data unavailable - acquired/delisted or pre-Yahoo coverage,fetch status: FAILED HTTPError: HTTP Error 429: Too Many Requests,https://finance.yahoo.com/quote/ABBV/history/,https://www.stockanalysis.com/stocks/abbv/history/
NVS,,2001-03-01,,38.2348,2001-02-28,38.9785,2001-03-01,1.95,39.2921,,https://query1.finance.yahoo.com/v8/finance/chart/NVS?period1=982368000&period2=984441600&interval=1d&includePrePost=false,Verified,,https://finance.yahoo.com/quote/NVS/history/,https://www.stockanalysis.com/stocks/nvs/history/
JNJ,Janssen Pharmaceutica (Johnson & Johnson),2001-02-28,Approval,47.975,2001-02-27,48.665,2001-02-28,1.44,49.54,,https://query1.finance.yahoo.com/v8/finance/chart/JNJ?period1=982281600&period2=984441599&interval=1d&includePrePost=false,Verified,master decision D665,https://finance.yahoo.com/quote/JNJ/history/,https://www.stockanalysis.com/stocks/jnj/history/
LLY,,2001-02-26,,75.95,2001-02-23,77.39,2001-02-26,1.9,78,,https://query1.finance.yahoo.com/v8/finance/chart/LLY?period1=982108800&period2=984182400&interval=1d&includePrePost=false,Verified,,https://finance.yahoo.com/quote/LLY/history/,https://www.stockanalysis.com/stocks/lly/history/
AZN,,2001-02-20,,42.95,2001-02-16,42.7,2001-02-20,-0.58,45.6,,https://query1.finance.yahoo.com/v8/finance/chart/AZN?period1=981590400&period2=983664000&interval=1d&includePrePost=false,Verified,,https://finance.yahoo.com/quote/AZN/history/,https://www.stockanalysis.com/stocks/azn/history/
NVS,Novartis AG,2001-02-16,Approval,37.1774,2001-02-15,38.1004,2001-02-16,2.48,37.0161,,https://query1.finance.yahoo.com/v8/finance/chart/NVS?period1=981244800&period2=983404799&interval=1d&includePrePost=false,Verified,lineage proxy per master precedent (see master row notes: decision-date symbol differs from the modern ticker); master decision D664,https://finance.yahoo.com/quote/NVS/history/,https://www.stockanalysis.com/stocks/nvs/history/
JNJ,,2001-02-16,,47.1,2001-02-15,47.265,2001-02-16,0.35,48.015,,https://query1.finance.yahoo.com/v8/finance/chart/JNJ?period1=981244800&period2=983318400&interval=1d&includePrePost=false,Verified,,https://finance.yahoo.com/quote/JNJ/history/,https://www.stockanalysis.com/stocks/jnj/history/
AZN,,2001-02-13,,44.96,2001-02-12,45.14,2001-02-13,0.4,44.3,,https://query1.finance.yahoo.com/v8/finance/chart/AZN?period1=980985600&period2=983059200&interval=1d&includePrePost=false,Verified,,https://finance.yahoo.com/quote/AZN/history/,https://www.stockanalysis.com/stocks/azn/history/
PFE,Pfizer Inc.,2001-02-05,Approval,42.5996,2001-02-02,43.4061,2001-02-05,1.89,43.5009,,https://query1.finance.yahoo.com/v8/finance/chart/PFE?period1=980294400&period2=982454399&interval=1d&includePrePost=false,Verified,master decision D663,https://finance.yahoo.com/quote/PFE/history/,https://www.stockanalysis.com/stocks/pfe/history/
GALDY,,2001-02-02,,,,,,,,,https://query1.finance.yahoo.com/v8/finance/chart/GALDY?period1=980035200&period2=982108800&interval=1d&includePrePost=false,Data unavailable - acquired/delisted or pre-Yahoo coverage,fetch status: FAILED HTTPError: HTTP Error 429: Too Many Requests,https://finance.yahoo.com/quote/GALDY/history/,https://www.stockanalysis.com/stocks/galdy/history/
MRK,"Merck & Co., Inc.",2001-01-26,Approval,78.125,2001-01-25,78.4828,2001-01-26,0.46,76.6317,,https://query1.finance.yahoo.com/v8/finance/chart/MRK?period1=979430400&period2=981590399&interval=1d&includePrePost=false,Verified,master decision D662,https://finance.yahoo.com/quote/MRK/history/,https://www.stockanalysis.com/stocks/mrk/history/
OGN,,2001-01-12,,,,,,,,,https://query1.finance.yahoo.com/v8/finance/chart/OGN?period1=978220800&period2=980294400&interval=1d&includePrePost=false,Data unavailable - acquired/delisted or pre-Yahoo coverage,fetch status: FAILED HTTPError: HTTP Error 400: Bad Request,https://finance.yahoo.com/quote/OGN/history/,https://www.stockanalysis.com/stocks/ogn/history/
ABBV,,2001-01-05,,,,,,,,,https://query1.finance.yahoo.com/v8/finance/chart/ABBV?period1=977616000&period2=979689600&interval=1d&includePrePost=false,Data unavailable - acquired/delisted or pre-Yahoo coverage,fetch status: FAILED HTTPError: HTTP Error 429: Too Many Requests,https://finance.yahoo.com/quote/ABBV/history/,https://www.stockanalysis.com/stocks/abbv/history/
VTRS,,2000-12-22,,11.25,2000-12-21,11.5,2000-12-22,2.22,11.3889,,https://query1.finance.yahoo.com/v8/finance/chart/VTRS?period1=976406400&period2=978480000&interval=1d&includePrePost=false,Verified,,https://finance.yahoo.com/quote/VTRS/history/,https://www.stockanalysis.com/stocks/vtrs/history/
NVS,Novartis AG,2000-12-22,Approval,37.7464,2000-12-21,38.0824,2000-12-22,0.89,38.5865,,https://query1.finance.yahoo.com/v8/finance/chart/NVS?period1=976406400&period2=978566399&interval=1d&includePrePost=false,Verified,lineage proxy per master precedent (see master row notes: decision-date symbol differs from the modern ticker); master decision D661,https://finance.yahoo.com/quote/NVS/history/,https://www.stockanalysis.com/stocks/nvs/history/
BHC,,2000-12-21,,33.55,2000-12-20,33.2,2000-12-21,-1.04,35.74,,https://query1.finance.yahoo.com/v8/finance/chart/BHC?period1=976320000&period2=978393600&interval=1d&includePrePost=false,Verified,,https://finance.yahoo.com/quote/BHC/history/,https://www.stockanalysis.com/stocks/bhc/history/
BMY,,2000-12-20,,66.6839,2000-12-19,68.1115,2000-12-20,2.14,66.1485,,https://query1.finance.yahoo.com/v8/finance/chart/BMY?period1=976233600&period2=978307200&interval=1d&includePrePost=false,Verified,,https://finance.yahoo.com/quote/BMY/history/,https://www.stockanalysis.com/stocks/bmy/history/
MRK,,2000-12-08,,86.8917,2000-12-07,85.4604,2000-12-08,-1.65,86.4742,,https://query1.finance.yahoo.com/v8/finance/chart/MRK?period1=975196800&period2=977270400&interval=1d&includePrePost=false,Verified,,https://finance.yahoo.com/quote/MRK/history/,https://www.stockanalysis.com/stocks/mrk/history/
BAYRY,,2000-12-06,,11.5625,2000-12-05,12.125,2000-12-06,4.86,11.9688,,https://query1.finance.yahoo.com/v8/finance/chart/BAYRY?period1=975024000&period2=977097600&interval=1d&includePrePost=false,Verified,,https://finance.yahoo.com/quote/BAYRY/history/,https://www.stockanalysis.com/stocks/bayry/history/
KVUE,,2000-11-30,,,,,,,,,https://query1.finance.yahoo.com/v8/finance/chart/KVUE?period1=974505600&period2=976579200&interval=1d&includePrePost=false,Data unavailable - acquired/delisted or pre-Yahoo coverage,fetch status: FAILED HTTPError: HTTP Error 400: Bad Request,https://finance.yahoo.com/quote/KVUE/history/,https://www.stockanalysis.com/stocks/kvue/history/
BHC,,2000-11-27,,34.6875,2000-11-24,35.8125,2000-11-27,3.24,34.1875,,https://query1.finance.yahoo.com/v8/finance/chart/BHC?period1=974246400&period2=976320000&interval=1d&includePrePost=false,Verified,,https://finance.yahoo.com/quote/BHC/history/,https://www.stockanalysis.com/stocks/bhc/history/
BFRI,,2000-11-27,,,,,,,,,https://query1.finance.yahoo.com/v8/finance/chart/BFRI?period1=974246400&period2=976320000&interval=1d&includePrePost=false,Data unavailable - acquired/delisted or pre-Yahoo coverage,fetch status: FAILED HTTPError: HTTP Error 400: Bad Request,https://finance.yahoo.com/quote/BFRI/history/,https://www.stockanalysis.com/stocks/bfri/history/
BMY,,2000-10-31,,57.8799,2000-10-30,57.9989,2000-10-31,0.21,60.3189,,https://query1.finance.yahoo.com/v8/finance/chart/BMY?period1=971913600&period2=973987200&interval=1d&includePrePost=false,Verified,,https://finance.yahoo.com/quote/BMY/history/,https://www.stockanalysis.com/stocks/bmy/history/
KVUE,,2000-10-16,,,,,,,,,https://query1.finance.yahoo.com/v8/finance/chart/KVUE?period1=970617600&period2=972691200&interval=1d&includePrePost=false,Data unavailable - acquired/delisted or pre-Yahoo coverage,fetch status: FAILED HTTPError: HTTP Error 400: Bad Request,https://finance.yahoo.com/quote/KVUE/history/,https://www.stockanalysis.com/stocks/kvue/history/
PFE,,2000-10-12,,41.8643,2000-10-11,42.3387,2000-10-12,1.13,40.4412,,https://query1.finance.yahoo.com/v8/finance/chart/PFE?period1=970272000&period2=972345600&interval=1d&includePrePost=false,Verified,,https://finance.yahoo.com/quote/PFE/history/,https://www.stockanalysis.com/stocks/pfe/history/
PFE,,2000-10-05,,40.5598,2000-10-04,42.4573,2000-10-05,4.68,42.3387,,https://query1.finance.yahoo.com/v8/finance/chart/PFE?period1=969667200&period2=971740800&interval=1d&includePrePost=false,Verified,,https://finance.yahoo.com/quote/PFE/history/,https://www.stockanalysis.com/stocks/pfe/history/
BHC,,2000-09-21,,38,2000-09-20,37.5938,2000-09-21,-1.07,40.1875,,https://query1.finance.yahoo.com/v8/finance/chart/BHC?period1=968457600&period2=970531200&interval=1d&includePrePost=false,Verified,,https://finance.yahoo.com/quote/BHC/history/,https://www.stockanalysis.com/stocks/bhc/history/
TEVA,,2000-09-15,,15.9531,2000-09-14,16,2000-09-15,0.29,15.9062,,https://query1.finance.yahoo.com/v8/finance/chart/TEVA?period1=967939200&period2=970012800&interval=1d&includePrePost=false,Verified,,https://finance.yahoo.com/quote/TEVA/history/,https://www.stockanalysis.com/stocks/teva/history/
ABT,Abbott Laboratories,2000-09-15,Approval,19.7516,2000-09-14,21.5472,2000-09-15,9.09,19.8639,,https://query1.finance.yahoo.com/v8/finance/chart/ABT?period1=967939200&period2=970099199&interval=1d&includePrePost=false,Verified,master decision D657,https://finance.yahoo.com/quote/ABT/history/,https://www.stockanalysis.com/stocks/abt/history/
ABBV,,2000-09-15,,,,,,,,,https://query1.finance.yahoo.com/v8/finance/chart/ABBV?period1=967939200&period2=970012800&interval=1d&includePrePost=false,Data unavailable - acquired/delisted or pre-Yahoo coverage,fetch status: FAILED HTTPError: HTTP Error 400: Bad Request,https://finance.yahoo.com/quote/ABBV/history/,https://www.stockanalysis.com/stocks/abbv/history/
ANIP,,2000-09-05,,365.625,2000-09-01,365.625,2000-09-05,0.0,331.875,,https://query1.finance.yahoo.com/v8/finance/chart/ANIP?period1=967075200&period2=969148800&interval=1d&includePrePost=false,Verified,,https://finance.yahoo.com/quote/ANIP/history/,https://www.stockanalysis.com/stocks/anip/history/
BHC,,2000-08-31,,32.0312,2000-08-30,32.0312,2000-08-31,0.0,31.8438,,https://query1.finance.yahoo.com/v8/finance/chart/BHC?period1=966643200&period2=968716800&interval=1d&includePrePost=false,Verified,,https://finance.yahoo.com/quote/BHC/history/,https://www.stockanalysis.com/stocks/bhc/history/
PFE,,2000-08-25,,40.8859,2000-08-24,41.5678,2000-08-25,1.67,40.6487,,https://query1.finance.yahoo.com/v8/finance/chart/PFE?period1=966124800&period2=968198400&interval=1d&includePrePost=false,Verified,,https://finance.yahoo.com/quote/PFE/history/,https://www.stockanalysis.com/stocks/pfe/history/
PFE,,2000-08-18,,41.7457,2000-08-17,40.5598,2000-08-18,-2.84,41.5085,,https://query1.finance.yahoo.com/v8/finance/chart/PFE?period1=965520000&period2=967593600&interval=1d&includePrePost=false,Verified,,https://finance.yahoo.com/quote/PFE/history/,https://www.stockanalysis.com/stocks/pfe/history/
NVS,,2000-08-16,,34.6102,2000-08-15,34.6662,2000-08-16,0.16,34.7222,,https://query1.finance.yahoo.com/v8/finance/chart/NVS?period1=965347200&period2=967420800&interval=1d&includePrePost=false,Verified,,https://finance.yahoo.com/quote/NVS/history/,https://www.stockanalysis.com/stocks/nvs/history/
AZN,,2000-08-08,,45.5,2000-08-07,44.625,2000-08-08,-1.92,42.875,,https://query1.finance.yahoo.com/v8/finance/chart/AZN?period1=964656000&period2=966729600&interval=1d&includePrePost=false,Verified,,https://finance.yahoo.com/quote/AZN/history/,https://www.stockanalysis.com/stocks/azn/history/
ABBV,,2000-08-04,,,,,,,,,https://query1.finance.yahoo.com/v8/finance/chart/ABBV?period1=964310400&period2=966384000&interval=1d&includePrePost=false,Data unavailable - acquired/delisted or pre-Yahoo coverage,fetch status: FAILED HTTPError: HTTP Error 400: Bad Request,https://finance.yahoo.com/quote/ABBV/history/,https://www.stockanalysis.com/stocks/abbv/history/
ALC,CIBA Vision (Novartis/Alcon ophthalmics),2000-08-03,Approval,,,,,,,,https://query1.finance.yahoo.com/v8/finance/chart/ALC?period1=964224000&period2=966383999&interval=1d&includePrePost=false,Data unavailable - acquired/delisted or pre-Yahoo coverage,fetch status: FAILED HTTPError: HTTP Error 400: Bad Request (recorded in the job manifest; never retried with a successor ticker); lineage proxy per master precedent (see master row notes: decision-date symbol differs from the modern ticker); master decision D655,https://finance.yahoo.com/quote/ALC/history/,https://www.stockanalysis.com/stocks/alc/history/
KVUE,,2000-08-01,,,,,,,,,https://query1.finance.yahoo.com/v8/finance/chart/KVUE?period1=964051200&period2=966124800&interval=1d&includePrePost=false,Data unavailable - acquired/delisted or pre-Yahoo coverage,fetch status: FAILED HTTPError: HTTP Error 400: Bad Request,https://finance.yahoo.com/quote/KVUE/history/,https://www.stockanalysis.com/stocks/kvue/history/
JNJ,,2000-08-01,,46.5312,2000-07-31,47.4062,2000-08-01,1.88,48.25,,https://query1.finance.yahoo.com/v8/finance/chart/JNJ?period1=964051200&period2=966124800&interval=1d&includePrePost=false,Verified,,https://finance.yahoo.com/quote/JNJ/history/,https://www.stockanalysis.com/stocks/jnj/history/
BMY,,2000-07-31,,47.8268,2000-07-28,49.1355,2000-07-31,2.74,49.5519,,https://query1.finance.yahoo.com/v8/finance/chart/BMY?period1=963964800&period2=966038400&interval=1d&includePrePost=false,Verified,,https://finance.yahoo.com/quote/BMY/history/,https://www.stockanalysis.com/stocks/bmy/history/
ABBV,,2000-07-27,,,,,,,,,https://query1.finance.yahoo.com/v8/finance/chart/ABBV?period1=963619200&period2=965692800&interval=1d&includePrePost=false,Data unavailable - acquired/delisted or pre-Yahoo coverage,fetch status: FAILED HTTPError: HTTP Error 400: Bad Request,https://finance.yahoo.com/quote/ABBV/history/,https://www.stockanalysis.com/stocks/abbv/history/
GSK,GlaxoSmithKline Consumer Healthcare (GSK; Haleon 2022),2000-07-25,Approval,54.25,2000-07-24,54,2000-07-25,-0.46,55,,https://query1.finance.yahoo.com/v8/finance/chart/GSK?period1=963446400&period2=965606399&interval=1d&includePrePost=false,Verified,lineage proxy per master precedent (see master row notes: decision-date symbol differs from the modern ticker); master decision D654,https://finance.yahoo.com/quote/GSK/history/,https://www.stockanalysis.com/stocks/gsk/history/
GSK,,2000-07-14,,56.875,2000-07-13,55.1875,2000-07-14,-2.97,56.1875,,https://query1.finance.yahoo.com/v8/finance/chart/GSK?period1=962496000&period2=964569600&interval=1d&includePrePost=false,Verified,,https://finance.yahoo.com/quote/GSK/history/,https://www.stockanalysis.com/stocks/gsk/history/
BDX,,2000-07-14,,21.4757,2000-07-13,20.9004,2000-07-14,-2.68,21.1401,,https://query1.finance.yahoo.com/v8/finance/chart/BDX?period1=962496000&period2=964569600&interval=1d&includePrePost=false,Verified,,https://finance.yahoo.com/quote/BDX/history/,https://www.stockanalysis.com/stocks/bdx/history/
SNY,,2000-07-12,,,,,,,,,https://query1.finance.yahoo.com/v8/finance/chart/SNY?period1=962323200&period2=964396800&interval=1d&includePrePost=false,Data unavailable - acquired/delisted or pre-Yahoo coverage,fetch status: FAILED HTTPError: HTTP Error 400: Bad Request,https://finance.yahoo.com/quote/SNY/history/,https://www.stockanalysis.com/stocks/sny/history/
BHC,,2000-06-28,,27.0312,2000-06-27,27.6562,2000-06-28,2.31,27.875,,https://query1.finance.yahoo.com/v8/finance/chart/BHC?period1=961113600&period2=963187200&interval=1d&includePrePost=false,Verified,,https://finance.yahoo.com/quote/BHC/history/,https://www.stockanalysis.com/stocks/bhc/history/
NVO,,2000-06-20,,1.7,2000-06-19,1.7062,2000-06-20,0.36,1.6838,,https://query1.finance.yahoo.com/v8/finance/chart/NVO?period1=960422400&period2=962496000&interval=1d&includePrePost=false,Verified,,https://finance.yahoo.com/quote/NVO/history/,https://www.stockanalysis.com/stocks/nvo/history/
NVO,Novo Nordisk A/S,2000-06-07,Approval,1.64,2000-06-06,1.68,2000-06-07,2.44,1.6337,,https://query1.finance.yahoo.com/v8/finance/chart/NVO?period1=959299200&period2=961459199&interval=1d&includePrePost=false,Verified,lineage proxy per master precedent (see master row notes: decision-date symbol differs from the modern ticker); master decision D649,https://finance.yahoo.com/quote/NVO/history/,https://www.stockanalysis.com/stocks/nvo/history/
GALDY,,2000-05-26,,,,,,,,,https://query1.finance.yahoo.com/v8/finance/chart/GALDY?period1=958262400&period2=960336000&interval=1d&includePrePost=false,Data unavailable - acquired/delisted or pre-Yahoo coverage,fetch status: FAILED HTTPError: HTTP Error 400: Bad Request,https://finance.yahoo.com/quote/GALDY/history/,https://www.stockanalysis.com/stocks/galdy/history/
VTRS,,2000-05-01,,12.6111,2000-04-28,12.7778,2000-05-01,1.32,12.7778,,https://query1.finance.yahoo.com/v8/finance/chart/VTRS?period1=956102400&period2=958176000&interval=1d&includePrePost=false,Verified,,https://finance.yahoo.com/quote/VTRS/history/,https://www.stockanalysis.com/stocks/vtrs/history/
NVS,Novartis AG,2000-04-21,Approval,31.362,2000-04-20,31.138,2000-04-24,-0.71,31.306,,https://query1.finance.yahoo.com/v8/finance/chart/NVS?period1=955238400&period2=957398399&interval=1d&includePrePost=false,Verified - approx window,decision date 2000-04-21 was not a trading day in the capture; using next trading day 2000-04-24; lineage proxy per master precedent (see master row notes: decision-date symbol differs from the modern ticker); master decision D646,https://finance.yahoo.com/quote/NVS/history/,https://www.stockanalysis.com/stocks/nvs/history/
SNY,Sanofi-Aventis (now Sanofi),2000-04-20,Approval,,,,,,,,https://query1.finance.yahoo.com/v8/finance/chart/SNY?period1=955152000&period2=957311999&interval=1d&includePrePost=false,Data unavailable - acquired/delisted or pre-Yahoo coverage,fetch status: FAILED HTTPError: HTTP Error 400: Bad Request (recorded in the job manifest; never retried with a successor ticker); lineage proxy per master precedent (see master row notes: decision-date symbol differs from the modern ticker); master decision D645,https://finance.yahoo.com/quote/SNY/history/,https://www.stockanalysis.com/stocks/sny/history/
PFE,,2000-04-18,,36.0531,2000-04-17,37.5356,2000-04-18,4.11,39.1959,,https://query1.finance.yahoo.com/v8/finance/chart/PFE?period1=954979200&period2=957052800&interval=1d&includePrePost=false,Verified,,https://finance.yahoo.com/quote/PFE/history/,https://www.stockanalysis.com/stocks/pfe/history/
NVO,,2000-04-11,,1.395,2000-04-10,1.3763,2000-04-11,-1.34,1.3925,,https://query1.finance.yahoo.com/v8/finance/chart/NVO?period1=954374400&period2=956448000&interval=1d&includePrePost=false,Verified,,https://finance.yahoo.com/quote/NVO/history/,https://www.stockanalysis.com/stocks/nvo/history/
SNY,,2000-04-06,,,,,,,,,https://query1.finance.yahoo.com/v8/finance/chart/SNY?period1=953942400&period2=956016000&interval=1d&includePrePost=false,Data unavailable - acquired/delisted or pre-Yahoo coverage,fetch status: FAILED HTTPError: HTTP Error 400: Bad Request,https://finance.yahoo.com/quote/SNY/history/,https://www.stockanalysis.com/stocks/sny/history/
BAYRY,,2000-03-10,,10,2000-03-09,9.9062,2000-03-10,-0.94,10.0312,,https://query1.finance.yahoo.com/v8/finance/chart/BAYRY?period1=951609600&period2=953683200&interval=1d&includePrePost=false,Verified,,https://finance.yahoo.com/quote/BAYRY/history/,https://www.stockanalysis.com/stocks/bayry/history/
BAYRY,,2000-03-07,,10.25,2000-03-06,9.875,2000-03-07,-3.66,9.8438,,https://query1.finance.yahoo.com/v8/finance/chart/BAYRY?period1=951350400&period2=953424000&interval=1d&includePrePost=false,Verified,,https://finance.yahoo.com/quote/BAYRY/history/,https://www.stockanalysis.com/stocks/bayry/history/
JNJ,,2000-03-03,,36.8438,2000-03-02,36.75,2000-03-03,-0.25,35.25,,https://query1.finance.yahoo.com/v8/finance/chart/JNJ?period1=951004800&period2=953078400&interval=1d&includePrePost=false,Verified,,https://finance.yahoo.com/quote/JNJ/history/,https://www.stockanalysis.com/stocks/jnj/history/
ABBV,,2000-03-03,,,,,,,,,https://query1.finance.yahoo.com/v8/finance/chart/ABBV?period1=951004800&period2=953078400&interval=1d&includePrePost=false,Data unavailable - acquired/delisted or pre-Yahoo coverage,fetch status: FAILED HTTPError: HTTP Error 400: Bad Request,https://finance.yahoo.com/quote/ABBV/history/,https://www.stockanalysis.com/stocks/abbv/history/
VTRS,,2000-03-02,,10.1389,2000-03-01,10.7222,2000-03-02,5.75,13.1111,,https://query1.finance.yahoo.com/v8/finance/chart/VTRS?period1=950918400&period2=952992000&interval=1d&includePrePost=false,Verified,,https://finance.yahoo.com/quote/VTRS/history/,https://www.stockanalysis.com/stocks/vtrs/history/
SNY,,2000-02-25,,,,,,,,,https://query1.finance.yahoo.com/v8/finance/chart/SNY?period1=950400000&period2=952473600&interval=1d&includePrePost=false,Data unavailable - acquired/delisted or pre-Yahoo coverage,fetch status: FAILED HTTPError: HTTP Error 400: Bad Request,https://finance.yahoo.com/quote/SNY/history/,https://www.stockanalysis.com/stocks/sny/history/
ALC,,2000-02-23,,,,,,,,,https://query1.finance.yahoo.com/v8/finance/chart/ALC?period1=950227200&period2=952300800&interval=1d&includePrePost=false,Data unavailable - acquired/delisted or pre-Yahoo coverage,fetch status: FAILED HTTPError: HTTP Error 400: Bad Request,https://finance.yahoo.com/quote/ALC/history/,https://www.stockanalysis.com/stocks/alc/history/
GSK,GlaxoSmithKline plc,2000-02-09,Approval,50.125,2000-02-08,50.5,2000-02-09,0.75,50.9375,,https://query1.finance.yahoo.com/v8/finance/chart/GSK?period1=949017600&period2=951177599&interval=1d&includePrePost=false,Verified,lineage proxy per master precedent (see master row notes: decision-date symbol differs from the modern ticker); master decision D638,https://finance.yahoo.com/quote/GSK/history/,https://www.stockanalysis.com/stocks/gsk/history/
PFE,,2000-01-28,,32.7324,2000-01-27,33.3847,2000-01-28,1.99,34.3335,,https://query1.finance.yahoo.com/v8/finance/chart/PFE?period1=947980800&period2=950054400&interval=1d&includePrePost=false,Verified,,https://finance.yahoo.com/quote/PFE/history/,https://www.stockanalysis.com/stocks/pfe/history/
BHC,,2000-01-28,,25.8125,2000-01-27,25.75,2000-01-28,-0.24,24.9375,,https://query1.finance.yahoo.com/v8/finance/chart/BHC?period1=947980800&period2=950054400&interval=1d&includePrePost=false,Verified,,https://finance.yahoo.com/quote/BHC/history/,https://www.stockanalysis.com/stocks/bhc/history/
NVS,Novartis AG,2000-01-14,Approval,32.9301,2000-01-13,32.8181,2000-01-14,-0.34,32.7061,,https://query1.finance.yahoo.com/v8/finance/chart/NVS?period1=946771200&period2=948931199&interval=1d&includePrePost=false,Verified,lineage proxy per master precedent (see master row notes: decision-date symbol differs from the modern ticker); master decision D636,https://finance.yahoo.com/quote/NVS/history/,https://www.stockanalysis.com/stocks/nvs/history/
LGND,Ligand Pharmaceuticals,1999-12-29,Approval,41.6407,1999-12-28,47.723,1999-12-29,14.61,46.7873,,https://query1.finance.yahoo.com/v8/finance/chart/LGND?period1=945388800&period2=947548799&interval=1d&includePrePost=false,Verified,master decision D990,https://finance.yahoo.com/quote/LGND/history/,https://www.stockanalysis.com/stocks/lgnd/history/
PFE,,1999-12-28,,32.7324,1999-12-27,31.9023,1999-12-28,-2.54,31.1907,,https://query1.finance.yahoo.com/v8/finance/chart/PFE?period1=945302400&period2=947376000&interval=1d&includePrePost=false,Verified,,https://finance.yahoo.com/quote/PFE/history/,https://www.stockanalysis.com/stocks/pfe/history/
PFE,,1999-12-23,,32.0209,1999-12-22,32.3767,1999-12-23,1.11,32.7324,,https://query1.finance.yahoo.com/v8/finance/chart/PFE?period1=944870400&period2=946944000&interval=1d&includePrePost=false,Verified,,https://finance.yahoo.com/quote/PFE/history/,https://www.stockanalysis.com/stocks/pfe/history/
LLY,,1999-12-22,,65.4375,1999-12-21,66.875,1999-12-22,2.2,68.25,,https://query1.finance.yahoo.com/v8/finance/chart/LLY?period1=944784000&period2=946857600&interval=1d&includePrePost=false,Verified,,https://finance.yahoo.com/quote/LLY/history/,https://www.stockanalysis.com/stocks/lly/history/
ABBV,,1999-12-22,,,,,,,,,https://query1.finance.yahoo.com/v8/finance/chart/ABBV?period1=944784000&period2=946857600&interval=1d&includePrePost=false,Data unavailable - acquired/delisted or pre-Yahoo coverage,fetch status: FAILED HTTPError: HTTP Error 400: Bad Request,https://finance.yahoo.com/quote/ABBV/history/,https://www.stockanalysis.com/stocks/abbv/history/
BMY,Bristol-Myers Squibb Co.,1999-12-17,Approval,61.4491,1999-12-16,59.1291,1999-12-17,-3.78,58.4599,,https://query1.finance.yahoo.com/v8/finance/chart/BMY?period1=944352000&period2=946511999&interval=1d&includePrePost=false,Verified,master decision D988,https://finance.yahoo.com/quote/BMY/history/,https://www.stockanalysis.com/stocks/bmy/history/
BHC,,1999-12-17,,18.625,1999-12-16,18.7812,1999-12-17,0.84,19.5469,,https://query1.finance.yahoo.com/v8/finance/chart/BHC?period1=944352000&period2=946425600&interval=1d&includePrePost=false,Verified,,https://finance.yahoo.com/quote/BHC/history/,https://www.stockanalysis.com/stocks/bhc/history/
ABT,Abbott Laboratories,1999-12-17,Approval,17.7316,1999-12-16,16.7216,1999-12-17,-5.7,16.8127,,https://query1.finance.yahoo.com/v8/finance/chart/ABT?period1=944352000&period2=946511999&interval=1d&includePrePost=false,Verified,master decision D987,https://finance.yahoo.com/quote/ABT/history/,https://www.stockanalysis.com/stocks/abt/history/
BMY,Bristol-Myers Squibb Co.,1999-12-10,Approval,63.3527,1999-12-09,64.9588,1999-12-10,2.54,63.3527,,https://query1.finance.yahoo.com/v8/finance/chart/BMY?period1=943747200&period2=945907199&interval=1d&includePrePost=false,Verified,master decision D986,https://finance.yahoo.com/quote/BMY/history/,https://www.stockanalysis.com/stocks/bmy/history/
ABBV,,1999-12-08,,,,,,,,,https://query1.finance.yahoo.com/v8/finance/chart/ABBV?period1=943574400&period2=945648000&interval=1d&includePrePost=false,Data unavailable - acquired/delisted or pre-Yahoo coverage,fetch status: FAILED HTTPError: HTTP Error 400: Bad Request,https://finance.yahoo.com/quote/ABBV/history/,https://www.stockanalysis.com/stocks/abbv/history/
VTRS,,1999-12-07,,10.3056,1999-12-06,10.75,1999-12-07,4.31,10.5556,,https://query1.finance.yahoo.com/v8/finance/chart/VTRS?period1=943488000&period2=945561600&interval=1d&includePrePost=false,Verified,,https://finance.yahoo.com/quote/VTRS/history/,https://www.stockanalysis.com/stocks/vtrs/history/
BAYRY,,1999-11-29,,10.625,1999-11-26,10.5,1999-11-29,-1.18,10.4688,,https://query1.finance.yahoo.com/v8/finance/chart/BAYRY?period1=942796800&period2=944870400&interval=1d&includePrePost=false,Verified,,https://finance.yahoo.com/quote/BAYRY/history/,https://www.stockanalysis.com/stocks/bayry/history/
TEVA,,1999-10-22,,5.8594,1999-10-21,5.9375,1999-10-22,1.33,5.9297,,https://query1.finance.yahoo.com/v8/finance/chart/TEVA?period1=939513600&period2=941587200&interval=1d&includePrePost=false,Verified,,https://finance.yahoo.com/quote/TEVA/history/,https://www.stockanalysis.com/stocks/teva/history/
GSK,,1999-10-06,,52.875,1999-10-05,53.75,1999-10-06,1.65,54.375,,https://query1.finance.yahoo.com/v8/finance/chart/GSK?period1=938131200&period2=940204800&interval=1d&includePrePost=false,Verified,,https://finance.yahoo.com/quote/GSK/history/,https://www.stockanalysis.com/stocks/gsk/history/
PFE,Pfizer Inc.,1999-10-01,Approval,34.037,1999-09-30,35.4009,1999-10-01,4.01,35.6973,,https://query1.finance.yahoo.com/v8/finance/chart/PFE?period1=937699200&period2=939859199&interval=1d&includePrePost=false,Verified,master decision D977,https://finance.yahoo.com/quote/PFE/history/,https://www.stockanalysis.com/stocks/pfe/history/
KVUE,,1999-10-01,,,,,,,,,https://query1.finance.yahoo.com/v8/finance/chart/KVUE?period1=937699200&period2=939772800&interval=1d&includePrePost=false,Data unavailable - acquired/delisted or pre-Yahoo coverage,fetch status: FAILED HTTPError: HTTP Error 400: Bad Request,https://finance.yahoo.com/quote/KVUE/history/,https://www.stockanalysis.com/stocks/kvue/history/
PFE,,1999-09-21,,34.6893,1999-09-20,34.2149,1999-09-21,-1.37,34.9858,,https://query1.finance.yahoo.com/v8/finance/chart/PFE?period1=936835200&period2=938908800&interval=1d&includePrePost=false,Verified,,https://finance.yahoo.com/quote/PFE/history/,https://www.stockanalysis.com/stocks/pfe/history/
JNJ,,1999-09-20,,48.0312,1999-09-17,48.25,1999-09-20,0.46,47,,https://query1.finance.yahoo.com/v8/finance/chart/JNJ?period1=936748800&period2=938822400&interval=1d&includePrePost=false,Verified,,https://finance.yahoo.com/quote/JNJ/history/,https://www.stockanalysis.com/stocks/jnj/history/
PFE,,1999-08-13,,32.2581,1999-08-12,32.7324,1999-08-13,1.47,33.0882,,https://query1.finance.yahoo.com/v8/finance/chart/PFE?period1=933465600&period2=935539200&interval=1d&includePrePost=false,Verified,,https://finance.yahoo.com/quote/PFE/history/,https://www.stockanalysis.com/stocks/pfe/history/
GE,Diatide Research Labs (acquired by Nycomed Amersham 1999; GE 2004),1999-08-03,Approval,172.3281,1999-08-02,172.3281,1999-08-03,0.0,170.5309,,https://query1.finance.yahoo.com/v8/finance/chart/GE?period1=932601600&period2=934761599&interval=1d&includePrePost=false,Verified,lineage proxy per master precedent (see master row notes: decision-date symbol differs from the modern ticker); master decision D968,https://finance.yahoo.com/quote/GE/history/,https://www.stockanalysis.com/stocks/ge/history/
GSK,GlaxoSmithKline plc,1999-07-26,Approval,50.4375,1999-07-23,51.125,1999-07-26,1.36,54.125,,https://query1.finance.yahoo.com/v8/finance/chart/GSK?period1=931910400&period2=934070399&interval=1d&includePrePost=false,Verified,lineage proxy per master precedent (see master row notes: decision-date symbol differs from the modern ticker); master decision D966,https://finance.yahoo.com/quote/GSK/history/,https://www.stockanalysis.com/stocks/gsk/history/
GSK,,1999-07-09,,55.8125,1999-07-08,55.5,1999-07-09,-0.56,54.625,,https://query1.finance.yahoo.com/v8/finance/chart/GSK?period1=930441600&period2=932515200&interval=1d&includePrePost=false,Verified,,https://finance.yahoo.com/quote/GSK/history/,https://www.stockanalysis.com/stocks/gsk/history/
ALC,CIBA Vision (Novartis/Alcon ophthalmics),1999-07-02,Approval,,,,,,,,https://query1.finance.yahoo.com/v8/finance/chart/ALC?period1=929836800&period2=931996799&interval=1d&includePrePost=false,Data unavailable - acquired/delisted or pre-Yahoo coverage,fetch status: FAILED HTTPError: HTTP Error 400: Bad Request (recorded in the job manifest; never retried with a successor ticker); lineage proxy per master precedent (see master row notes: decision-date symbol differs from the modern ticker); master decision D964,https://finance.yahoo.com/quote/ALC/history/,https://www.stockanalysis.com/stocks/alc/history/
ABBV,,1999-06-29,,,,,,,,,https://query1.finance.yahoo.com/v8/finance/chart/ABBV?period1=929577600&period2=931651200&interval=1d&includePrePost=false,Data unavailable - acquired/delisted or pre-Yahoo coverage,fetch status: FAILED HTTPError: HTTP Error 400: Bad Request,https://finance.yahoo.com/quote/ABBV/history/,https://www.stockanalysis.com/stocks/abbv/history/
GSK,GlaxoSmithKline plc,1999-05-25,Approval,54.875,1999-05-24,54.5625,1999-05-25,-0.57,54.8125,,https://query1.finance.yahoo.com/v8/finance/chart/GSK?period1=926553600&period2=928713599&interval=1d&includePrePost=false,Verified,lineage proxy per master precedent (see master row notes: decision-date symbol differs from the modern ticker); master decision D962,https://finance.yahoo.com/quote/GSK/history/,https://www.stockanalysis.com/stocks/gsk/history/
MRK,"Merck & Co., Inc.",1999-05-20,Approval,67.271,1999-05-19,68.9408,1999-05-20,2.48,68.0463,,https://query1.finance.yahoo.com/v8/finance/chart/MRK?period1=926121600&period2=928281599&interval=1d&includePrePost=false,Verified,master decision D961,https://finance.yahoo.com/quote/MRK/history/,https://www.stockanalysis.com/stocks/mrk/history/
GSK,GlaxoSmithKline plc,1999-04-15,Approval,62.625,1999-04-14,60.9375,1999-04-15,-2.69,60.75,,https://query1.finance.yahoo.com/v8/finance/chart/GSK?period1=923097600&period2=925257599&interval=1d&includePrePost=false,Verified,lineage proxy per master precedent (see master row notes: decision-date symbol differs from the modern ticker); master decision D959,https://finance.yahoo.com/quote/GSK/history/,https://www.stockanalysis.com/stocks/gsk/history/
JNJ,,1999-03-30,,46.9688,1999-03-29,46.5312,1999-03-30,-0.93,46.75,,https://query1.finance.yahoo.com/v8/finance/chart/JNJ?period1=921715200&period2=923788800&interval=1d&includePrePost=false,Verified,,https://finance.yahoo.com/quote/JNJ/history/,https://www.stockanalysis.com/stocks/jnj/history/
NVO,,1999-03-26,,0.9987,1999-03-25,1.03,1999-03-26,3.13,1.0525,,https://query1.finance.yahoo.com/v8/finance/chart/NVO?period1=921369600&period2=923443200&interval=1d&includePrePost=false,Verified,,https://finance.yahoo.com/quote/NVO/history/,https://www.stockanalysis.com/stocks/nvo/history/
GSK,GlaxoSmithKline plc,1999-03-25,Approval,61.1875,1999-03-24,61.0625,1999-03-25,-0.2,61.8125,,https://query1.finance.yahoo.com/v8/finance/chart/GSK?period1=921283200&period2=923443199&interval=1d&includePrePost=false,Verified,lineage proxy per master precedent (see master row notes: decision-date symbol differs from the modern ticker); master decision D958,https://finance.yahoo.com/quote/GSK/history/,https://www.stockanalysis.com/stocks/gsk/history/
LLY,,1999-03-09,,97.3125,1999-03-08,95.5,1999-03-09,-1.86,91.8125,,https://query1.finance.yahoo.com/v8/finance/chart/LLY?period1=919900800&period2=921974400&interval=1d&includePrePost=false,Verified,,https://finance.yahoo.com/quote/LLY/history/,https://www.stockanalysis.com/stocks/lly/history/
LGND,Seragen (acquired by Ligand 1998),1999-02-05,Approval,45.8515,1999-02-04,45.8515,1999-02-05,0.0,52.1678,,https://query1.finance.yahoo.com/v8/finance/chart/LGND?period1=917136000&period2=919295999&interval=1d&includePrePost=false,Verified,master decision D956,https://finance.yahoo.com/quote/LGND/history/,https://www.stockanalysis.com/stocks/lgnd/history/
LGND,Ligand Pharmaceuticals,1999-02-02,Approval,46.3194,1999-02-01,45.3837,1999-02-02,-2.02,43.98,,https://query1.finance.yahoo.com/v8/finance/chart/LGND?period1=916876800&period2=919036799&interval=1d&includePrePost=false,Verified,master decision D955,https://finance.yahoo.com/quote/LGND/history/,https://www.stockanalysis.com/stocks/lgnd/history/
PFE,,1998-12-18,,36.9624,1998-12-17,36.6856,1998-12-18,-0.75,36.3892,,https://query1.finance.yahoo.com/v8/finance/chart/PFE?period1=912902400&period2=914976000&interval=1d&includePrePost=false,Verified,,https://finance.yahoo.com/quote/PFE/history/,https://www.stockanalysis.com/stocks/pfe/history/
HLN,,1998-12-18,,,,,,,,,https://query1.finance.yahoo.com/v8/finance/chart/HLN?period1=912902400&period2=914976000&interval=1d&includePrePost=false,Data unavailable - acquired/delisted or pre-Yahoo coverage,fetch status: FAILED HTTPError: HTTP Error 400: Bad Request,https://finance.yahoo.com/quote/HLN/history/,https://www.stockanalysis.com/stocks/hln/history/
GSK,GlaxoSmithKline,1998-12-17,Approval,64.375,1998-12-16,65.25,1998-12-17,1.36,65.375,,https://query1.finance.yahoo.com/v8/finance/chart/GSK?period1=912816000&period2=914975999&interval=1d&includePrePost=false,Verified,lineage proxy per master precedent (see master row notes: decision-date symbol differs from the modern ticker),https://finance.yahoo.com/quote/GSK/history/,https://www.stockanalysis.com/stocks/gsk/history/
JNJ,,1998-12-16,,40.375,1998-12-15,40.0625,1998-12-16,-0.77,40,,https://query1.finance.yahoo.com/v8/finance/chart/JNJ?period1=912729600&period2=914803200&interval=1d&includePrePost=false,Verified,,https://finance.yahoo.com/quote/JNJ/history/,https://www.stockanalysis.com/stocks/jnj/history/
GSK,,1998-12-08,,63.9375,1998-12-07,65.3125,1998-12-08,2.15,65.375,,https://query1.finance.yahoo.com/v8/finance/chart/GSK?period1=912038400&period2=914112000&interval=1d&includePrePost=false,Verified,,https://finance.yahoo.com/quote/GSK/history/,https://www.stockanalysis.com/stocks/gsk/history/
NVS,,1998-11-25,,42.1147,1998-11-24,41.8907,1998-11-25,-0.53,42.6747,,https://query1.finance.yahoo.com/v8/finance/chart/NVS?period1=910915200&period2=912988800&interval=1d&includePrePost=false,Verified,,https://finance.yahoo.com/quote/NVS/history/,https://www.stockanalysis.com/stocks/nvs/history/
GALDY,,1998-11-24,,,,,,,,,https://query1.finance.yahoo.com/v8/finance/chart/GALDY?period1=910828800&period2=912902400&interval=1d&includePrePost=false,Data unavailable - acquired/delisted or pre-Yahoo coverage,fetch status: FAILED HTTPError: HTTP Error 400: Bad Request,https://finance.yahoo.com/quote/GALDY/history/,https://www.stockanalysis.com/stocks/galdy/history/
BAYRY,,1998-11-24,,10.4375,1998-11-23,10.4062,1998-11-24,-0.3,10.5,,https://query1.finance.yahoo.com/v8/finance/chart/BAYRY?period1=910828800&period2=912902400&interval=1d&includePrePost=false,Verified,,https://finance.yahoo.com/quote/BAYRY/history/,https://www.stockanalysis.com/stocks/bayry/history/
AMRX,,1998-11-18,,,,,,,,,https://query1.finance.yahoo.com/v8/finance/chart/AMRX?period1=910310400&period2=912384000&interval=1d&includePrePost=false,Data unavailable - acquired/delisted or pre-Yahoo coverage,fetch status: FAILED HTTPError: HTTP Error 400: Bad Request,https://finance.yahoo.com/quote/AMRX/history/,https://www.stockanalysis.com/stocks/amrx/history/
TEVA,,1998-11-04,,4.9141,1998-11-03,5.0234,1998-11-04,2.22,5.0312,,https://query1.finance.yahoo.com/v8/finance/chart/TEVA?period1=909100800&period2=911174400&interval=1d&includePrePost=false,Verified,,https://finance.yahoo.com/quote/TEVA/history/,https://www.stockanalysis.com/stocks/teva/history/
JNJ,,1998-10-26,,41.875,1998-10-23,41,1998-10-26,-2.09,40.7812,,https://query1.finance.yahoo.com/v8/finance/chart/JNJ?period1=908323200&period2=910396800&interval=1d&includePrePost=false,Verified,,https://finance.yahoo.com/quote/JNJ/history/,https://www.stockanalysis.com/stocks/jnj/history/
VTRS,,1998-10-09,,12.5,1998-10-08,12.7222,1998-10-09,1.78,13.75,,https://query1.finance.yahoo.com/v8/finance/chart/VTRS?period1=906854400&period2=908928000&interval=1d&includePrePost=false,Verified,,https://finance.yahoo.com/quote/VTRS/history/,https://www.stockanalysis.com/stocks/vtrs/history/
KVUE,,1998-09-24,,,,,,,,,https://query1.finance.yahoo.com/v8/finance/chart/KVUE?period1=905558400&period2=907632000&interval=1d&includePrePost=false,Data unavailable - acquired/delisted or pre-Yahoo coverage,fetch status: FAILED HTTPError: HTTP Error 400: Bad Request,https://finance.yahoo.com/quote/KVUE/history/,https://www.stockanalysis.com/stocks/kvue/history/
NVS,,1998-09-22,,34.8342,1998-09-21,34.9462,1998-09-22,0.32,36.0103,,https://query1.finance.yahoo.com/v8/finance/chart/NVS?period1=905385600&period2=907459200&interval=1d&includePrePost=false,Verified,,https://finance.yahoo.com/quote/NVS/history/,https://www.stockanalysis.com/stocks/nvs/history/
LLY,,1998-09-11,,72.8125,1998-09-10,74.875,1998-09-11,2.83,76.1875,,https://query1.finance.yahoo.com/v8/finance/chart/LLY?period1=904435200&period2=906508800&interval=1d&includePrePost=false,Verified,,https://finance.yahoo.com/quote/LLY/history/,https://www.stockanalysis.com/stocks/lly/history/
TEVA,,1998-09-01,,4.4766,1998-08-31,4.4688,1998-09-01,-0.17,4.3906,,https://query1.finance.yahoo.com/v8/finance/chart/TEVA?period1=903571200&period2=905644800&interval=1d&includePrePost=false,Verified,,https://finance.yahoo.com/quote/TEVA/history/,https://www.stockanalysis.com/stocks/teva/history/
IONS,Ionis (Isis) Pharmaceuticals,1998-08-26,Approval,9.9375,1998-08-25,9.25,1998-08-26,-6.92,9.8125,,https://query1.finance.yahoo.com/v8/finance/chart/IONS?period1=903052800&period2=905212799&interval=1d&includePrePost=false,Verified,,https://finance.yahoo.com/quote/IONS/history/,https://www.stockanalysis.com/stocks/ions/history/
BAX,,1998-08-26,,16.3464,1998-08-25,16.5501,1998-08-26,1.25,15.9051,,https://query1.finance.yahoo.com/v8/finance/chart/BAX?period1=903052800&period2=905126400&interval=1d&includePrePost=false,Verified,,https://finance.yahoo.com/quote/BAX/history/,https://www.stockanalysis.com/stocks/bax/history/
GSK,,1998-08-24,,60.875,1998-08-21,61.0625,1998-08-24,0.31,61.5,,https://query1.finance.yahoo.com/v8/finance/chart/GSK?period1=902880000&period2=904953600&interval=1d&includePrePost=false,Verified,,https://finance.yahoo.com/quote/GSK/history/,https://www.stockanalysis.com/stocks/gsk/history/
BAYRY,,1998-07-13,,12.6875,1998-07-10,12.625,1998-07-13,-0.49,12.9375,,https://query1.finance.yahoo.com/v8/finance/chart/BAYRY?period1=899251200&period2=901324800&interval=1d&includePrePost=false,Verified,,https://finance.yahoo.com/quote/BAYRY/history/,https://www.stockanalysis.com/stocks/bayry/history/
OGN,,1998-06-29,,,,,,,,,https://query1.finance.yahoo.com/v8/finance/chart/OGN?period1=898041600&period2=900115200&interval=1d&includePrePost=false,Data unavailable - acquired/delisted or pre-Yahoo coverage,fetch status: FAILED HTTPError: HTTP Error 400: Bad Request,https://finance.yahoo.com/quote/OGN/history/,https://www.stockanalysis.com/stocks/ogn/history/
MRK,"Merck & Co., Inc.",1998-06-29,Approval,62.7087,1998-06-26,63.3349,1998-06-29,1.0,63.812,,https://query1.finance.yahoo.com/v8/finance/chart/MRK?period1=898041600&period2=900201599&interval=1d&includePrePost=false,Verified,,https://finance.yahoo.com/quote/MRK/history/,https://www.stockanalysis.com/stocks/mrk/history/
NVO,,1998-06-22,,1.4875,1998-06-19,1.44,1998-06-22,-3.19,1.4238,,https://query1.finance.yahoo.com/v8/finance/chart/NVO?period1=897436800&period2=899510400&interval=1d&includePrePost=false,Verified,,https://finance.yahoo.com/quote/NVO/history/,https://www.stockanalysis.com/stocks/nvo/history/
AZN,AstraZeneca,1998-06-04,Approval,42.25,1998-06-03,41.9375,1998-06-04,-0.74,44.375,,https://query1.finance.yahoo.com/v8/finance/chart/AZN?period1=895881600&period2=898041599&interval=1d&includePrePost=false,Verified,lineage proxy per master precedent (see master row notes: decision-date symbol differs from the modern ticker),https://finance.yahoo.com/quote/AZN/history/,https://www.stockanalysis.com/stocks/azn/history/
MRK,,1998-06-03,,54.926,1998-06-02,53.7035,1998-06-03,-2.23,55.1944,,https://query1.finance.yahoo.com/v8/finance/chart/MRK?period1=895795200&period2=897868800&interval=1d&includePrePost=false,Verified,,https://finance.yahoo.com/quote/MRK/history/,https://www.stockanalysis.com/stocks/mrk/history/
MRK,,1998-05-28,,56.6854,1998-05-27,56.745,1998-05-28,0.11,55.8206,,https://query1.finance.yahoo.com/v8/finance/chart/MRK?period1=895276800&period2=897350400&interval=1d&includePrePost=false,Verified,,https://finance.yahoo.com/quote/MRK/history/,https://www.stockanalysis.com/stocks/mrk/history/
MRK,"Merck & Co., Inc.",1998-05-14,Approval,55.9995,1998-05-13,56.3275,1998-05-14,0.59,55.7013,,https://query1.finance.yahoo.com/v8/finance/chart/MRK?period1=894067200&period2=896227199&interval=1d&includePrePost=false,Verified,,https://finance.yahoo.com/quote/MRK/history/,https://www.stockanalysis.com/stocks/mrk/history/
PFE,,1998-05-12,,35.0648,1998-05-11,35.3613,1998-05-12,0.85,34.8474,,https://query1.finance.yahoo.com/v8/finance/chart/PFE?period1=893894400&period2=895968000&interval=1d&includePrePost=false,Verified,,https://finance.yahoo.com/quote/PFE/history/,https://www.stockanalysis.com/stocks/pfe/history/
NVS,Novartis AG,1998-05-12,Approval,38.1944,1998-05-11,38.1384,1998-05-12,-0.15,37.4104,,https://query1.finance.yahoo.com/v8/finance/chart/NVS?period1=893894400&period2=896054399&interval=1d&includePrePost=false,Verified,lineage proxy per master precedent (see master row notes: decision-date symbol differs from the modern ticker),https://finance.yahoo.com/quote/NVS/history/,https://www.stockanalysis.com/stocks/nvs/history/
RHHBY,Roche,1998-04-30,Approval,,,,,,,,https://query1.finance.yahoo.com/v8/finance/chart/RHHBY?period1=892857600&period2=895017599&interval=1d&includePrePost=false,Data unavailable - acquired/delisted or pre-Yahoo coverage,fetch status: FAILED HTTPError: HTTP Error 400: Bad Request (recorded in the job manifest; never retried with a successor ticker); lineage proxy per master precedent (see master row notes: decision-date symbol differs from the modern ticker),https://finance.yahoo.com/quote/RHHBY/history/,https://www.stockanalysis.com/stocks/rhhby/history/
TEVA,,1998-04-22,,5.4219,1998-04-21,5.3828,1998-04-22,-0.72,5.5156,,https://query1.finance.yahoo.com/v8/finance/chart/TEVA?period1=892166400&period2=894240000&interval=1d&includePrePost=false,Verified,,https://finance.yahoo.com/quote/TEVA/history/,https://www.stockanalysis.com/stocks/teva/history/
ABT,Abbott Laboratories,1998-04-17,Approval,16.1604,1998-04-16,16.8057,1998-04-17,3.99,16.3989,,https://query1.finance.yahoo.com/v8/finance/chart/ABT?period1=891734400&period2=893894399&interval=1d&includePrePost=false,Verified,,https://finance.yahoo.com/quote/ABT/history/,https://www.stockanalysis.com/stocks/abt/history/
ORPH,Orphan Medical (acquired by Jazz 2005),1998-04-09,Approval,,,,,,,,https://query1.finance.yahoo.com/v8/finance/chart/ORPH?period1=891216000&period2=893894400&interval=1d&includePrePost=false,Data unavailable - acquired/delisted or pre-Yahoo coverage,"Yahoo chart payload error: {'code': 'Not Found', 'description': 'No data found, symbol may be delisted'}; master decision D1000; event added v10 2026-09-18 (missed by the original job build); fetched in-session through the page-fetch tool, delisted-symbol error captured verbatim",https://finance.yahoo.com/quote/ORPH/history/,https://www.stockanalysis.com/stocks/orph/history/
PG,Procter & Gamble,1998-03-27,Approval,43,1998-03-26,42.0625,1998-03-27,-2.18,42.6875,,https://query1.finance.yahoo.com/v8/finance/chart/PG?period1=889920000&period2=892079999&interval=1d&includePrePost=false,Verified,lineage proxy per master precedent (see master row notes: decision-date symbol differs from the modern ticker),https://finance.yahoo.com/quote/PG/history/,https://www.stockanalysis.com/stocks/pg/history/
PFE,Pfizer Inc.,1998-03-27,Approval,29.8466,1998-03-26,30.2815,1998-03-27,1.46,30.9337,,https://query1.finance.yahoo.com/v8/finance/chart/PFE?period1=889920000&period2=892079999&interval=1d&includePrePost=false,Verified,,https://finance.yahoo.com/quote/PFE/history/,https://www.stockanalysis.com/stocks/pfe/history/
NVS,,1998-03-06,,40.3786,1998-03-05,40.5466,1998-03-06,0.42,40.0986,,https://query1.finance.yahoo.com/v8/finance/chart/NVS?period1=888105600&period2=890179200&interval=1d&includePrePost=false,Verified,,https://finance.yahoo.com/quote/NVS/history/,https://www.stockanalysis.com/stocks/nvs/history/
BMY,,1998-02-27,,47.5888,1998-02-26,47.6781,1998-02-27,0.19,48.3027,,https://query1.finance.yahoo.com/v8/finance/chart/BMY?period1=887500800&period2=889574400&interval=1d&includePrePost=false,Verified,,https://finance.yahoo.com/quote/BMY/history/,https://www.stockanalysis.com/stocks/bmy/history/
SNY,,1998-02-26,,,,,,,,,https://query1.finance.yahoo.com/v8/finance/chart/SNY?period1=887414400&period2=889488000&interval=1d&includePrePost=false,Data unavailable - acquired/delisted or pre-Yahoo coverage,fetch status: FAILED HTTPError: HTTP Error 400: Bad Request,https://finance.yahoo.com/quote/SNY/history/,https://www.stockanalysis.com/stocks/sny/history/
BAX,,1998-02-24,,15.3279,1998-02-23,15.1412,1998-02-24,-1.22,15.277,,https://query1.finance.yahoo.com/v8/finance/chart/BAX?period1=887241600&period2=889315200&interval=1d&includePrePost=false,Verified,,https://finance.yahoo.com/quote/BAX/history/,https://www.stockanalysis.com/stocks/bax/history/
OGN,,1998-02-20,,,,,,,,,https://query1.finance.yahoo.com/v8/finance/chart/OGN?period1=886896000&period2=888969600&interval=1d&includePrePost=false,Data unavailable - acquired/delisted or pre-Yahoo coverage,fetch status: FAILED HTTPError: HTTP Error 400: Bad Request,https://finance.yahoo.com/quote/OGN/history/,https://www.stockanalysis.com/stocks/ogn/history/
MRK,"Merck & Co., Inc.",1998-02-20,Approval,58.3254,1998-02-19,59.4883,1998-02-20,1.99,62.3211,,https://query1.finance.yahoo.com/v8/finance/chart/MRK?period1=886896000&period2=889055999&interval=1d&includePrePost=false,Verified,,https://finance.yahoo.com/quote/MRK/history/,https://www.stockanalysis.com/stocks/mrk/history/
GSK,GlaxoSmithKline,1998-02-10,Approval,61.75,1998-02-09,63.25,1998-02-10,2.43,63.25,,https://query1.finance.yahoo.com/v8/finance/chart/GSK?period1=886032000&period2=888191999&interval=1d&includePrePost=false,Verified,lineage proxy per master precedent (see master row notes: decision-date symbol differs from the modern ticker),https://finance.yahoo.com/quote/GSK/history/,https://www.stockanalysis.com/stocks/gsk/history/
AZN,,1998-02-04,,42.6667,1998-02-03,42.625,1998-02-04,-0.1,42,,https://query1.finance.yahoo.com/v8/finance/chart/AZN?period1=885513600&period2=887587200&interval=1d&includePrePost=false,Verified,,https://finance.yahoo.com/quote/AZN/history/,https://www.stockanalysis.com/stocks/azn/history/
HLN,,1998-01-30,,,,,,,,,https://query1.finance.yahoo.com/v8/finance/chart/HLN?period1=885081600&period2=887155200&interval=1d&includePrePost=false,Data unavailable - acquired/delisted or pre-Yahoo coverage,fetch status: FAILED HTTPError: HTTP Error 400: Bad Request,https://finance.yahoo.com/quote/HLN/history/,https://www.stockanalysis.com/stocks/hln/history/
RHHBY,Roche,1998-01-29,Approval,,,,,,,,https://query1.finance.yahoo.com/v8/finance/chart/RHHBY?period1=884995200&period2=887155199&interval=1d&includePrePost=false,Data unavailable - acquired/delisted or pre-Yahoo coverage,fetch status: FAILED HTTPError: HTTP Error 400: Bad Request (recorded in the job manifest; never retried with a successor ticker); lineage proxy per master precedent (see master row notes: decision-date symbol differs from the modern ticker),https://finance.yahoo.com/quote/RHHBY/history/,https://www.stockanalysis.com/stocks/rhhby/history/
HLN,,1998-01-14,,,,,,,,,https://query1.finance.yahoo.com/v8/finance/chart/HLN?period1=883699200&period2=885772800&interval=1d&includePrePost=false,Data unavailable - acquired/delisted or pre-Yahoo coverage,fetch status: FAILED HTTPError: HTTP Error 400: Bad Request,https://finance.yahoo.com/quote/HLN/history/,https://www.stockanalysis.com/stocks/hln/history/
PFE,,1998-01-13,,24.1738,1998-01-12,24.4505,1998-01-13,1.14,24.6086,,https://query1.finance.yahoo.com/v8/finance/chart/PFE?period1=883612800&period2=885686400&interval=1d&includePrePost=false,Verified,,https://finance.yahoo.com/quote/PFE/history/,https://www.stockanalysis.com/stocks/pfe/history/
GEHC,,1997-12-31,,,,,,,,,https://query1.finance.yahoo.com/v8/finance/chart/GEHC?period1=882489600&period2=884563200&interval=1d&includePrePost=false,Data unavailable - acquired/delisted or pre-Yahoo coverage,fetch status: FAILED HTTPError: HTTP Error 400: Bad Request,https://finance.yahoo.com/quote/GEHC/history/,https://www.stockanalysis.com/stocks/gehc/history/
ALC,Alcon (wholly owned by Nestle in 1998; NYSE:ACL 2002-2011; Alcon Inc. relisted ALC 2019),1997-12-29,Approval,,,,,,,,https://query1.finance.yahoo.com/v8/finance/chart/ALC?period1=882316800&period2=884476799&interval=1d&includePrePost=false,Data unavailable - acquired/delisted or pre-Yahoo coverage,fetch status: FAILED HTTPError: HTTP Error 400: Bad Request (recorded in the job manifest; never retried with a successor ticker); lineage proxy per master precedent (see master row notes: decision-date symbol differs from the modern ticker),https://finance.yahoo.com/quote/ALC/history/,https://www.stockanalysis.com/stocks/alc/history/
SNY,,1997-12-24,,,,,,,,,https://query1.finance.yahoo.com/v8/finance/chart/SNY?period1=881884800&period2=883958400&interval=1d&includePrePost=false,Data unavailable - acquired/delisted or pre-Yahoo coverage,fetch status: FAILED HTTPError: HTTP Error 400: Bad Request,https://finance.yahoo.com/quote/SNY/history/,https://www.stockanalysis.com/stocks/sny/history/
PFE,,1997-12-24,,22.9483,1997-12-23,22.3751,1997-12-24,-2.5,22.7506,,https://query1.finance.yahoo.com/v8/finance/chart/PFE?period1=881884800&period2=883958400&interval=1d&includePrePost=false,Verified,,https://finance.yahoo.com/quote/PFE/history/,https://www.stockanalysis.com/stocks/pfe/history/
VTRS,,1997-12-22,,8.6389,1997-12-19,8.8056,1997-12-22,1.93,9.0278,,https://query1.finance.yahoo.com/v8/finance/chart/VTRS?period1=881712000&period2=883785600&interval=1d&includePrePost=false,Verified,,https://finance.yahoo.com/quote/VTRS/history/,https://www.stockanalysis.com/stocks/vtrs/history/
NVO,Novo Nordisk A/S,1997-12-22,Approval,1.2975,1997-12-19,1.3162,1997-12-22,1.44,1.38,,https://query1.finance.yahoo.com/v8/finance/chart/NVO?period1=881712000&period2=883871999&interval=1d&includePrePost=false,Verified,,https://finance.yahoo.com/quote/NVO/history/,https://www.stockanalysis.com/stocks/nvo/history/
GSK,Beecham Group / SmithKline Beecham (GSK from Dec-2000),1997-12-22,Approval,46.625,1997-12-19,47.5625,1997-12-22,2.01,47.4375,,https://query1.finance.yahoo.com/v8/finance/chart/GSK?period1=881712000&period2=883871999&interval=1d&includePrePost=false,Verified,lineage proxy per master precedent (see master row notes: decision-date symbol differs from the modern ticker),https://finance.yahoo.com/quote/GSK/history/,https://www.stockanalysis.com/stocks/gsk/history/
OGN,,1997-12-19,,,,,,,,,https://query1.finance.yahoo.com/v8/finance/chart/OGN?period1=881452800&period2=883526400&interval=1d&includePrePost=false,Data unavailable - acquired/delisted or pre-Yahoo coverage,fetch status: FAILED HTTPError: HTTP Error 400: Bad Request,https://finance.yahoo.com/quote/OGN/history/,https://www.stockanalysis.com/stocks/ogn/history/
PFE,Pfizer Inc.,1997-12-18,Approval,23.818,1997-12-17,23.4424,1997-12-18,-1.58,23.0076,,https://query1.finance.yahoo.com/v8/finance/chart/PFE?period1=881366400&period2=883526399&interval=1d&includePrePost=false,Verified,,https://finance.yahoo.com/quote/PFE/history/,https://www.stockanalysis.com/stocks/pfe/history/
JNJ,Johnson & Johnson,1997-12-16,Approval,32.5,1997-12-15,32.6562,1997-12-16,0.48,33.1875,,https://query1.finance.yahoo.com/v8/finance/chart/JNJ?period1=881193600&period2=883353599&interval=1d&includePrePost=false,Verified,,https://finance.yahoo.com/quote/JNJ/history/,https://www.stockanalysis.com/stocks/jnj/history/
DSNKY,,1997-12-16,,,,,,,,,https://query1.finance.yahoo.com/v8/finance/chart/DSNKY?period1=881193600&period2=883267200&interval=1d&includePrePost=false,Data unavailable - acquired/delisted or pre-Yahoo coverage,fetch status: FAILED HTTPError: HTTP Error 400: Bad Request,https://finance.yahoo.com/quote/DSNKY/history/,https://www.stockanalysis.com/stocks/dsnky/history/
GSK,,1997-12-11,,46.8125,1997-12-10,46.4375,1997-12-11,-0.8,46.5,,https://query1.finance.yahoo.com/v8/finance/chart/GSK?period1=880761600&period2=882835200&interval=1d&includePrePost=false,Verified,,https://finance.yahoo.com/quote/GSK/history/,https://www.stockanalysis.com/stocks/gsk/history/
RHHBY,Roche Holding AG (Genentech parent),1997-12-10,Approval,,,,,,,,https://query1.finance.yahoo.com/v8/finance/chart/RHHBY?period1=880675200&period2=882835199&interval=1d&includePrePost=false,Data unavailable - acquired/delisted or pre-Yahoo coverage,fetch status: FAILED HTTPError: HTTP Error 400: Bad Request (recorded in the job manifest; never retried with a successor ticker); lineage proxy per master precedent (see master row notes: decision-date symbol differs from the modern ticker),https://finance.yahoo.com/quote/RHHBY/history/,https://www.stockanalysis.com/stocks/rhhby/history/
ALC,,1997-12-10,,,,,,,,,https://query1.finance.yahoo.com/v8/finance/chart/ALC?period1=880675200&period2=882748800&interval=1d&includePrePost=false,Data unavailable - acquired/delisted or pre-Yahoo coverage,fetch status: FAILED HTTPError: HTTP Error 400: Bad Request,https://finance.yahoo.com/quote/ALC/history/,https://www.stockanalysis.com/stocks/alc/history/
ABBV,,1997-12-10,,,,,,,,,https://query1.finance.yahoo.com/v8/finance/chart/ABBV?period1=880675200&period2=882748800&interval=1d&includePrePost=false,Data unavailable - acquired/delisted or pre-Yahoo coverage,fetch status: FAILED HTTPError: HTTP Error 400: Bad Request,https://finance.yahoo.com/quote/ABBV/history/,https://www.stockanalysis.com/stocks/abbv/history/
LLY,Eli Lilly and Co.,1997-12-09,Approval,64.25,1997-12-08,63.375,1997-12-09,-1.36,63.3125,,https://query1.finance.yahoo.com/v8/finance/chart/LLY?period1=880588800&period2=882748799&interval=1d&includePrePost=false,Verified,,https://finance.yahoo.com/quote/LLY/history/,https://www.stockanalysis.com/stocks/lly/history/
BHC,,1997-12-08,,8.875,1997-12-05,9.1094,1997-12-08,2.64,9.2656,,https://query1.finance.yahoo.com/v8/finance/chart/BHC?period1=880502400&period2=882576000&interval=1d&includePrePost=false,Verified,,https://finance.yahoo.com/quote/BHC/history/,https://www.stockanalysis.com/stocks/bhc/history/
ORPH,Orphan Medical (acquired by Jazz 2005),1997-12-04,Approval,,,,,,,,https://query1.finance.yahoo.com/v8/finance/chart/ORPH?period1=880156800&period2=882316799&interval=1d&includePrePost=false,Data unavailable - acquired/delisted or pre-Yahoo coverage,fetch status: FAILED HTTPError: HTTP Error 404: Not Found (recorded in the job manifest; never retried with a successor ticker),https://finance.yahoo.com/quote/ORPH/history/,https://www.stockanalysis.com/stocks/orph/history/
TAK,,1997-12-02,,,,,,,,,https://query1.finance.yahoo.com/v8/finance/chart/TAK?period1=879984000&period2=882057600&interval=1d&includePrePost=false,Data unavailable - acquired/delisted or pre-Yahoo coverage,fetch status: FAILED HTTPError: HTTP Error 400: Bad Request,https://finance.yahoo.com/quote/TAK/history/,https://www.stockanalysis.com/stocks/tak/history/
PFE,,1997-11-26,,23.1064,1997-11-25,22.9483,1997-11-26,-0.68,23.0076,,https://query1.finance.yahoo.com/v8/finance/chart/PFE?period1=879465600&period2=881539200&interval=1d&includePrePost=false,Verified,,https://finance.yahoo.com/quote/PFE/history/,https://www.stockanalysis.com/stocks/pfe/history/
AZN,Zeneca Group plc (AstraZeneca from Apr-1999),1997-11-25,Approval,30.3333,1997-11-24,31.0208,1997-11-25,2.27,31.1458,,https://query1.finance.yahoo.com/v8/finance/chart/AZN?period1=879379200&period2=881539199&interval=1d&includePrePost=false,Verified,lineage proxy per master precedent (see master row notes: decision-date symbol differs from the modern ticker),https://finance.yahoo.com/quote/AZN/history/,https://www.stockanalysis.com/stocks/azn/history/
SNY,Sanofi (Sanofi-Aventis),1997-11-17,Approval,,,,,,,,https://query1.finance.yahoo.com/v8/finance/chart/SNY?period1=878688000&period2=880847999&interval=1d&includePrePost=false,Data unavailable - acquired/delisted or pre-Yahoo coverage,fetch status: FAILED HTTPError: HTTP Error 400: Bad Request (recorded in the job manifest; never retried with a successor ticker),https://finance.yahoo.com/quote/SNY/history/,https://www.stockanalysis.com/stocks/sny/history/
KVUE,,1997-11-14,,,,,,,,,https://query1.finance.yahoo.com/v8/finance/chart/KVUE?period1=878428800&period2=880502400&interval=1d&includePrePost=false,Data unavailable - acquired/delisted or pre-Yahoo coverage,fetch status: FAILED HTTPError: HTTP Error 400: Bad Request,https://finance.yahoo.com/quote/KVUE/history/,https://www.stockanalysis.com/stocks/kvue/history/
JNJ,,1997-11-07,,30.0938,1997-11-06,29.9062,1997-11-07,-0.62,29.8438,,https://query1.finance.yahoo.com/v8/finance/chart/JNJ?period1=877824000&period2=879897600&interval=1d&includePrePost=false,Verified,,https://finance.yahoo.com/quote/JNJ/history/,https://www.stockanalysis.com/stocks/jnj/history/
GSK,,1997-11-07,,43.375,1997-11-06,42.4375,1997-11-07,-2.16,42.75,,https://query1.finance.yahoo.com/v8/finance/chart/GSK?period1=877824000&period2=879897600&interval=1d&includePrePost=false,Verified,,https://finance.yahoo.com/quote/GSK/history/,https://www.stockanalysis.com/stocks/gsk/history/
GSK,Glaxo Wellcome plc (GlaxoSmithKline from Dec-2000),1997-11-06,Approval,43.75,1997-11-05,43.375,1997-11-06,-0.86,42.4375,,https://query1.finance.yahoo.com/v8/finance/chart/GSK?period1=877737600&period2=879897599&interval=1d&includePrePost=false,Verified,lineage proxy per master precedent (see master row notes: decision-date symbol differs from the modern ticker),https://finance.yahoo.com/quote/GSK/history/,https://www.stockanalysis.com/stocks/gsk/history/
ABBV,,1997-11-03,,,,,,,,,https://query1.finance.yahoo.com/v8/finance/chart/ABBV?period1=877478400&period2=879552000&interval=1d&includePrePost=false,Data unavailable - acquired/delisted or pre-Yahoo coverage,fetch status: FAILED HTTPError: HTTP Error 400: Bad Request,https://finance.yahoo.com/quote/ABBV/history/,https://www.stockanalysis.com/stocks/abbv/history/
PFE,,1997-10-31,,22.6913,1997-10-30,22.4541,1997-10-31,-1.05,23.1064,,https://query1.finance.yahoo.com/v8/finance/chart/PFE?period1=877219200&period2=879292800&interval=1d&includePrePost=false,Verified,,https://finance.yahoo.com/quote/PFE/history/,https://www.stockanalysis.com/stocks/pfe/history/
VTRS,,1997-10-20,,10.7222,1997-10-17,10.8611,1997-10-20,1.3,10.7778,,https://query1.finance.yahoo.com/v8/finance/chart/VTRS?period1=876268800&period2=878342400&interval=1d&includePrePost=false,Verified,,https://finance.yahoo.com/quote/VTRS/history/,https://www.stockanalysis.com/stocks/vtrs/history/
AMGN,Amgen Inc.,1997-10-06,Approval,11.6719,1997-10-03,11.9219,1997-10-06,2.14,12.3594,,https://query1.finance.yahoo.com/v8/finance/chart/AMGN?period1=875059200&period2=877219199&interval=1d&includePrePost=false,Verified,,https://finance.yahoo.com/quote/AMGN/history/,https://www.stockanalysis.com/stocks/amgn/history/
SNY,,1997-10-01,,,,,,,,,https://query1.finance.yahoo.com/v8/finance/chart/SNY?period1=874627200&period2=876700800&interval=1d&includePrePost=false,Data unavailable - acquired/delisted or pre-Yahoo coverage,fetch status: FAILED HTTPError: HTTP Error 400: Bad Request,https://finance.yahoo.com/quote/SNY/history/,https://www.stockanalysis.com/stocks/sny/history/
OGN,,1997-10-01,,,,,,,,,https://query1.finance.yahoo.com/v8/finance/chart/OGN?period1=874627200&period2=876700800&interval=1d&includePrePost=false,Data unavailable - acquired/delisted or pre-Yahoo coverage,fetch status: FAILED HTTPError: HTTP Error 400: Bad Request,https://finance.yahoo.com/quote/OGN/history/,https://www.stockanalysis.com/stocks/ogn/history/
TAK,,1997-09-30,,,,,,,,,https://query1.finance.yahoo.com/v8/finance/chart/TAK?period1=874540800&period2=876614400&interval=1d&includePrePost=false,Data unavailable - acquired/delisted or pre-Yahoo coverage,fetch status: FAILED HTTPError: HTTP Error 400: Bad Request,https://finance.yahoo.com/quote/TAK/history/,https://www.stockanalysis.com/stocks/tak/history/
SNY,Sanofi (Sanofi-Aventis),1997-09-30,Approval,,,,,,,,https://query1.finance.yahoo.com/v8/finance/chart/SNY?period1=874540800&period2=876700799&interval=1d&includePrePost=false,Data unavailable - acquired/delisted or pre-Yahoo coverage,fetch status: FAILED HTTPError: HTTP Error 400: Bad Request (recorded in the job manifest; never retried with a successor ticker),https://finance.yahoo.com/quote/SNY/history/,https://www.stockanalysis.com/stocks/sny/history/
ABT,Abbott Laboratories,1997-09-30,Approval,14.463,1997-09-29,14.3508,1997-09-30,-0.78,14.3789,,https://query1.finance.yahoo.com/v8/finance/chart/ABT?period1=874540800&period2=876700799&interval=1d&includePrePost=false,Verified,,https://finance.yahoo.com/quote/ABT/history/,https://www.stockanalysis.com/stocks/abt/history/
OGN,,1997-09-29,,,,,,,,,https://query1.finance.yahoo.com/v8/finance/chart/OGN?period1=874454400&period2=876528000&interval=1d&includePrePost=false,Data unavailable - acquired/delisted or pre-Yahoo coverage,fetch status: FAILED HTTPError: HTTP Error 400: Bad Request,https://finance.yahoo.com/quote/OGN/history/,https://www.stockanalysis.com/stocks/ogn/history/
BAX,,1997-09-29,,14.5471,1997-09-26,14.1397,1997-09-29,-2.8,14.1907,,https://query1.finance.yahoo.com/v8/finance/chart/BAX?period1=874454400&period2=876528000&interval=1d&includePrePost=false,Verified,,https://finance.yahoo.com/quote/BAX/history/,https://www.stockanalysis.com/stocks/bax/history/
BHC,,1997-09-26,,7.1875,1997-09-25,7.25,1997-09-26,0.87,7.25,,https://query1.finance.yahoo.com/v8/finance/chart/BHC?period1=874195200&period2=876268800&interval=1d&includePrePost=false,Verified,,https://finance.yahoo.com/quote/BHC/history/,https://www.stockanalysis.com/stocks/bhc/history/
BAYRY,,1997-09-26,,10.0312,1997-09-25,10,1997-09-26,-0.31,9.8125,,https://query1.finance.yahoo.com/v8/finance/chart/BAYRY?period1=874195200&period2=876268800&interval=1d&includePrePost=false,Verified,,https://finance.yahoo.com/quote/BAYRY/history/,https://www.stockanalysis.com/stocks/bayry/history/
AZN,Zeneca Group plc (AstraZeneca from Apr-1999),1997-09-26,Approval,32.375,1997-09-25,32.3958,1997-09-26,0.06,32.6042,,https://query1.finance.yahoo.com/v8/finance/chart/AZN?period1=874195200&period2=876355199&interval=1d&includePrePost=false,Verified,lineage proxy per master precedent (see master row notes: decision-date symbol differs from the modern ticker),https://finance.yahoo.com/quote/AZN/history/,https://www.stockanalysis.com/stocks/azn/history/
ABBV,,1997-09-23,,,,,,,,,https://query1.finance.yahoo.com/v8/finance/chart/ABBV?period1=873936000&period2=876009600&interval=1d&includePrePost=false,Data unavailable - acquired/delisted or pre-Yahoo coverage,fetch status: FAILED HTTPError: HTTP Error 400: Bad Request,https://finance.yahoo.com/quote/ABBV/history/,https://www.stockanalysis.com/stocks/abbv/history/
GSK,Beecham Group / SmithKline Beecham (GSK from Dec-2000),1997-09-19,Approval,43.375,1997-09-18,42.8125,1997-09-19,-1.3,43.6875,,https://query1.finance.yahoo.com/v8/finance/chart/GSK?period1=873590400&period2=875750399&interval=1d&includePrePost=false,Verified,lineage proxy per master precedent (see master row notes: decision-date symbol differs from the modern ticker),https://finance.yahoo.com/quote/GSK/history/,https://www.stockanalysis.com/stocks/gsk/history/
BHC,,1997-09-05,,7,1997-09-04,7.1875,1997-09-05,2.68,7.1562,,https://query1.finance.yahoo.com/v8/finance/chart/BHC?period1=872380800&period2=874454400&interval=1d&includePrePost=false,Verified,,https://finance.yahoo.com/quote/BHC/history/,https://www.stockanalysis.com/stocks/bhc/history/
GEHC,,1997-08-29,,,,,,,,,https://query1.finance.yahoo.com/v8/finance/chart/GEHC?period1=871776000&period2=873849600&interval=1d&includePrePost=false,Data unavailable - acquired/delisted or pre-Yahoo coverage,fetch status: FAILED HTTPError: HTTP Error 400: Bad Request,https://finance.yahoo.com/quote/GEHC/history/,https://www.stockanalysis.com/stocks/gehc/history/
GSK,,1997-08-26,,39.1875,1997-08-25,38.8125,1997-08-26,-0.96,39.875,,https://query1.finance.yahoo.com/v8/finance/chart/GSK?period1=871516800&period2=873590400&interval=1d&includePrePost=false,Verified,,https://finance.yahoo.com/quote/GSK/history/,https://www.stockanalysis.com/stocks/gsk/history/
ALPMY,,1997-08-11,,,,,,,,,https://query1.finance.yahoo.com/v8/finance/chart/ALPMY?period1=870220800&period2=872294400&interval=1d&includePrePost=false,Data unavailable - acquired/delisted or pre-Yahoo coverage,fetch status: FAILED HTTPError: HTTP Error 400: Bad Request,https://finance.yahoo.com/quote/ALPMY/history/,https://www.stockanalysis.com/stocks/alpmy/history/
ABBV,,1997-07-31,,,,,,,,,https://query1.finance.yahoo.com/v8/finance/chart/ABBV?period1=869270400&period2=871344000&interval=1d&includePrePost=false,Data unavailable - acquired/delisted or pre-Yahoo coverage,fetch status: FAILED HTTPError: HTTP Error 400: Bad Request,https://finance.yahoo.com/quote/ABBV/history/,https://www.stockanalysis.com/stocks/abbv/history/
BHC,,1997-07-29,,6.7969,1997-07-28,6.625,1997-07-29,-2.53,6.5625,,https://query1.finance.yahoo.com/v8/finance/chart/BHC?period1=869097600&period2=871171200&interval=1d&includePrePost=false,Verified,,https://finance.yahoo.com/quote/BHC/history/,https://www.stockanalysis.com/stocks/bhc/history/
ABBV,,1997-07-28,,,,,,,,,https://query1.finance.yahoo.com/v8/finance/chart/ABBV?period1=869011200&period2=871084800&interval=1d&includePrePost=false,Data unavailable - acquired/delisted or pre-Yahoo coverage,fetch status: FAILED HTTPError: HTTP Error 400: Bad Request,https://finance.yahoo.com/quote/ABBV/history/,https://www.stockanalysis.com/stocks/abbv/history/
NVS,Novartis AG,1997-07-25,Approval,35.8423,1997-07-24,35.1142,1997-07-25,-2.03,35.4503,,https://query1.finance.yahoo.com/v8/finance/chart/NVS?period1=868752000&period2=870911999&interval=1d&includePrePost=false,Verified,,https://finance.yahoo.com/quote/NVS/history/,https://www.stockanalysis.com/stocks/nvs/history/
AZN,,1997-06-24,,31.25,1997-06-23,31.5833,1997-06-24,1.07,32.0417,,https://query1.finance.yahoo.com/v8/finance/chart/AZN?period1=866073600&period2=868147200&interval=1d&includePrePost=false,Verified,,https://finance.yahoo.com/quote/AZN/history/,https://www.stockanalysis.com/stocks/azn/history/
RHHBY,Roche Holding AG (Genentech parent),1997-06-20,Approval,,,,,,,,https://query1.finance.yahoo.com/v8/finance/chart/RHHBY?period1=865728000&period2=867887999&interval=1d&includePrePost=false,Data unavailable - acquired/delisted or pre-Yahoo coverage,fetch status: FAILED HTTPError: HTTP Error 400: Bad Request (recorded in the job manifest; never retried with a successor ticker); lineage proxy per master precedent (see master row notes: decision-date symbol differs from the modern ticker),https://finance.yahoo.com/quote/RHHBY/history/,https://www.stockanalysis.com/stocks/rhhby/history/
NVS,,1997-06-19,,34.1622,1997-06-18,35.3943,1997-06-19,3.61,35.6743,,https://query1.finance.yahoo.com/v8/finance/chart/NVS?period1=865641600&period2=867715200&interval=1d&includePrePost=false,Verified,,https://finance.yahoo.com/quote/NVS/history/,https://www.stockanalysis.com/stocks/nvs/history/
NVS,,1997-05-22,,32.034,1997-05-21,32.034,1997-05-22,0.0,32.2021,,https://query1.finance.yahoo.com/v8/finance/chart/NVS?period1=863222400&period2=865296000&interval=1d&includePrePost=false,Verified,,https://finance.yahoo.com/quote/NVS/history/,https://www.stockanalysis.com/stocks/nvs/history/
SNY,Sanofi (Sanofi-Aventis),1997-03-07,Approval,,,,,,,,https://query1.finance.yahoo.com/v8/finance/chart/SNY?period1=856656000&period2=858815999&interval=1d&includePrePost=false,Data unavailable - acquired/delisted or pre-Yahoo coverage,fetch status: FAILED HTTPError: HTTP Error 400: Bad Request (recorded in the job manifest; never retried with a successor ticker),https://finance.yahoo.com/quote/SNY/history/,https://www.stockanalysis.com/stocks/sny/history/
MMM,3M Co.,1997-02-27,Approval,38.8796,1997-02-26,38.5138,1997-02-27,-0.94,38.4615,,https://query1.finance.yahoo.com/v8/finance/chart/MMM?period1=855964800&period2=858124799&interval=1d&includePrePost=false,Verified,,https://finance.yahoo.com/quote/MMM/history/,https://www.stockanalysis.com/stocks/mmm/history/
JNJ,Johnson & Johnson,1996-12-24,Approval,24.9375,1996-12-23,25,1996-12-24,0.25,25.0625,,https://query1.finance.yahoo.com/v8/finance/chart/JNJ?period1=850348800&period2=852508799&interval=1d&includePrePost=false,Verified,,https://finance.yahoo.com/quote/JNJ/history/,https://www.stockanalysis.com/stocks/jnj/history/
TEVA,Teva Pharmaceutical Industries,1996-12-20,Approval,5.5703,1996-12-19,5.5547,1996-12-20,-0.28,5.5859,,https://query1.finance.yahoo.com/v8/finance/chart/TEVA?period1=850003200&period2=852163199&interval=1d&includePrePost=false,Verified,,https://finance.yahoo.com/quote/TEVA/history/,https://www.stockanalysis.com/stocks/teva/history/
ALC,Alcon (wholly owned by Nestle in 1998; NYSE:ACL 2002-2011; Alcon Inc. relisted ALC 2019),1996-12-18,Approval,,,,,,,,https://query1.finance.yahoo.com/v8/finance/chart/ALC?period1=849830400&period2=851990399&interval=1d&includePrePost=false,Data unavailable - acquired/delisted or pre-Yahoo coverage,fetch status: FAILED HTTPError: HTTP Error 400: Bad Request (recorded in the job manifest; never retried with a successor ticker); lineage proxy per master precedent (see master row notes: decision-date symbol differs from the modern ticker),https://finance.yahoo.com/quote/ALC/history/,https://www.stockanalysis.com/stocks/alc/history/
ABT,Abbott Laboratories,1996-12-09,Approval,11.8398,1996-12-06,12.0923,1996-12-09,2.13,12.0923,,https://query1.finance.yahoo.com/v8/finance/chart/ABT?period1=849052800&period2=851212799&interval=1d&includePrePost=false,Verified,,https://finance.yahoo.com/quote/ABT/history/,https://www.stockanalysis.com/stocks/abt/history/
MRK,"Merck & Co., Inc.",1996-11-22,Approval,39.0625,1996-11-21,39.48,1996-11-22,1.07,40.1956,,https://query1.finance.yahoo.com/v8/finance/chart/MRK?period1=847584000&period2=849743999&interval=1d&includePrePost=false,Verified,,https://finance.yahoo.com/quote/MRK/history/,https://www.stockanalysis.com/stocks/mrk/history/
ORPH,Orphan Medical (acquired by Jazz 2005),1996-10-25,Approval,,,,,,,,https://query1.finance.yahoo.com/v8/finance/chart/ORPH?period1=845164800&period2=847324799&interval=1d&includePrePost=false,Data unavailable - acquired/delisted or pre-Yahoo coverage,fetch status: FAILED HTTPError: HTTP Error 404: Not Found (recorded in the job manifest; never retried with a successor ticker),https://finance.yahoo.com/quote/ORPH/history/,https://www.stockanalysis.com/stocks/orph/history/
LLY,Eli Lilly and Co.,1996-09-30,Approval,32.4375,1996-09-27,32.25,1996-09-30,-0.58,32.5,,https://query1.finance.yahoo.com/v8/finance/chart/LLY?period1=843004800&period2=845164799&interval=1d&includePrePost=false,Verified,,https://finance.yahoo.com/quote/LLY/history/,https://www.stockanalysis.com/stocks/lly/history/
AZN,Zeneca Group plc (AstraZeneca from Apr-1999),1996-09-26,Approval,24.3333,1996-09-25,24.4167,1996-09-26,0.34,24.4167,,https://query1.finance.yahoo.com/v8/finance/chart/AZN?period1=842659200&period2=844819199&interval=1d&includePrePost=false,Verified,lineage proxy per master precedent (see master row notes: decision-date symbol differs from the modern ticker),https://finance.yahoo.com/quote/AZN/history/,https://www.stockanalysis.com/stocks/azn/history/
GSK,Beecham Group / SmithKline Beecham (GSK from Dec-2000),1996-09-24,Approval,29.75,1996-09-23,29.75,1996-09-24,0.0,30.125,,https://query1.finance.yahoo.com/v8/finance/chart/GSK?period1=842486400&period2=844646399&interval=1d&includePrePost=false,Verified,lineage proxy per master precedent (see master row notes: decision-date symbol differs from the modern ticker),https://finance.yahoo.com/quote/GSK/history/,https://www.stockanalysis.com/stocks/gsk/history/
AZN,Astra AB (AstraZeneca from Apr-1999),1996-09-24,Approval,24.375,1996-09-23,24.2083,1996-09-24,-0.68,24.3333,,https://query1.finance.yahoo.com/v8/finance/chart/AZN?period1=842486400&period2=844646399&interval=1d&includePrePost=false,Verified,lineage proxy per master precedent (see master row notes: decision-date symbol differs from the modern ticker),https://finance.yahoo.com/quote/AZN/history/,https://www.stockanalysis.com/stocks/azn/history/
GSK,Glaxo Wellcome plc (GlaxoSmithKline from Dec-2000),1996-07-12,Approval,27.75,1996-07-11,27.125,1996-07-12,-2.25,26.75,,https://query1.finance.yahoo.com/v8/finance/chart/GSK?period1=836092800&period2=838252799&interval=1d&includePrePost=false,Verified,lineage proxy per master precedent (see master row notes: decision-date symbol differs from the modern ticker),https://finance.yahoo.com/quote/GSK/history/,https://www.stockanalysis.com/stocks/gsk/history/
GILD,Gilead Sciences,1996-06-26,Approval,0.7422,1996-06-25,0.7188,1996-06-26,-3.15,0.7422,,https://query1.finance.yahoo.com/v8/finance/chart/GILD?period1=834710400&period2=836870399&interval=1d&includePrePost=false,Verified,,https://finance.yahoo.com/quote/GILD/history/,https://www.stockanalysis.com/stocks/gild/history/
AZN,Zeneca Group plc (AstraZeneca from Apr-1999),1996-06-21,Approval,21.5417,1996-06-20,21.4583,1996-06-21,-0.39,21.4583,,https://query1.finance.yahoo.com/v8/finance/chart/AZN?period1=834278400&period2=836438399&interval=1d&includePrePost=false,Verified,lineage proxy per master precedent (see master row notes: decision-date symbol differs from the modern ticker),https://finance.yahoo.com/quote/AZN/history/,https://www.stockanalysis.com/stocks/azn/history/
LLY,Eli Lilly and Co.,1996-06-14,Approval,31.875,1996-06-13,31.75,1996-06-14,-0.39,31.375,,https://query1.finance.yahoo.com/v8/finance/chart/LLY?period1=833673600&period2=835833599&interval=1d&includePrePost=false,Verified,,https://finance.yahoo.com/quote/LLY/history/,https://www.stockanalysis.com/stocks/lly/history/
GSK,Beecham Group / SmithKline Beecham (GSK from Dec-2000),1996-06-11,Approval,25.125,1996-06-10,25.5,1996-06-11,1.49,26.125,,https://query1.finance.yahoo.com/v8/finance/chart/GSK?period1=833414400&period2=835574399&interval=1d&includePrePost=false,Verified,lineage proxy per master precedent (see master row notes: decision-date symbol differs from the modern ticker),https://finance.yahoo.com/quote/GSK/history/,https://www.stockanalysis.com/stocks/gsk/history/
GSK,Beecham Group / SmithKline Beecham (GSK from Dec-2000),1996-05-28,Approval,26,1996-05-24,26,1996-05-28,0.0,26.25,,https://query1.finance.yahoo.com/v8/finance/chart/GSK?period1=832204800&period2=834364799&interval=1d&includePrePost=false,Verified,lineage proxy per master precedent (see master row notes: decision-date symbol differs from the modern ticker),https://finance.yahoo.com/quote/GSK/history/,https://www.stockanalysis.com/stocks/gsk/history/
BIIB,Biogen (now Biogen Inc.),1996-05-17,Approval,4.9583,1996-05-16,5.0208,1996-05-17,1.26,5.0208,,https://query1.finance.yahoo.com/v8/finance/chart/BIIB?period1=831254400&period2=833414399&interval=1d&includePrePost=false,Verified,,https://finance.yahoo.com/quote/BIIB/history/,https://www.stockanalysis.com/stocks/biib/history/
LLY,Eli Lilly and Co.,1996-05-15,Approval,28.0625,1996-05-14,28.1875,1996-05-15,0.45,29.375,,https://query1.finance.yahoo.com/v8/finance/chart/LLY?period1=831081600&period2=833241599&interval=1d&includePrePost=false,Verified,,https://finance.yahoo.com/quote/LLY/history/,https://www.stockanalysis.com/stocks/lly/history/
SNY,Rhone-Poulenc Rorer (Aventis lineage),1996-05-14,Approval (Accelerated),,,,,,,,https://query1.finance.yahoo.com/v8/finance/chart/SNY?period1=830995200&period2=833155199&interval=1d&includePrePost=false,Data unavailable - acquired/delisted or pre-Yahoo coverage,fetch status: FAILED HTTPError: HTTP Error 400: Bad Request (recorded in the job manifest; never retried with a successor ticker),https://finance.yahoo.com/quote/SNY/history/,https://www.stockanalysis.com/stocks/sny/history/
MRK,"Merck & Co., Inc.",1996-03-13,Approval (Accelerated),30.1169,1996-03-12,29.4012,1996-03-13,-2.38,29.5802,,https://query1.finance.yahoo.com/v8/finance/chart/MRK?period1=825638400&period2=827798399&interval=1d&includePrePost=false,Verified,,https://finance.yahoo.com/quote/MRK/history/,https://www.stockanalysis.com/stocks/mrk/history/
ABT,Abbott Laboratories,1996-03-01,Approval (Accelerated),9.3708,1996-02-29,9.483,1996-03-01,1.2,9.8478,,https://query1.finance.yahoo.com/v8/finance/chart/ABT?period1=824601600&period2=826761599&interval=1d&includePrePost=false,Verified,,https://finance.yahoo.com/quote/ABT/history/,https://www.stockanalysis.com/stocks/abt/history/
BMY,Bristol-Myers Squibb Co. (Squibb merged with Bristol-Myers 1989),1996-01-18,Approval,20.0171,1996-01-17,19.9278,1996-01-18,-0.45,20.136,,https://query1.finance.yahoo.com/v8/finance/chart/BMY?period1=820886400&period2=823046399&interval=1d&includePrePost=false,Verified,,https://finance.yahoo.com/quote/BMY/history/,https://www.stockanalysis.com/stocks/bmy/history/
AZN,Zeneca Group plc (AstraZeneca from Apr-1999),1995-12-27,Approval,18.9583,1995-12-26,19.125,1995-12-27,0.88,19.0417,,https://query1.finance.yahoo.com/v8/finance/chart/AZN?period1=818985600&period2=821145599&interval=1d&includePrePost=false,Verified,lineage proxy per master precedent (see master row notes: decision-date symbol differs from the modern ticker),https://finance.yahoo.com/quote/AZN/history/,https://www.stockanalysis.com/stocks/azn/history/
SNY,Rhone-Poulenc Rorer (Aventis lineage),1995-12-12,Approval,,,,,,,,https://query1.finance.yahoo.com/v8/finance/chart/SNY?period1=817689600&period2=819849599&interval=1d&includePrePost=false,Data unavailable - acquired/delisted or pre-Yahoo coverage,fetch status: FAILED HTTPError: HTTP Error 400: Bad Request (recorded in the job manifest; never retried with a successor ticker),https://finance.yahoo.com/quote/SNY/history/,https://www.stockanalysis.com/stocks/sny/history/
PFE,Pfizer Inc.,1995-12-08,Approval,10.1992,1995-12-07,10.0609,1995-12-08,-1.36,10.1399,,https://query1.finance.yahoo.com/v8/finance/chart/PFE?period1=817344000&period2=819503999&interval=1d&includePrePost=false,Verified,,https://finance.yahoo.com/quote/PFE/history/,https://www.stockanalysis.com/stocks/pfe/history/
RHHBY,Roche Holding AG (Genentech parent),1995-12-06,Approval (Accelerated),,,,,,,,https://query1.finance.yahoo.com/v8/finance/chart/RHHBY?period1=817171200&period2=819331199&interval=1d&includePrePost=false,Data unavailable - acquired/delisted or pre-Yahoo coverage,fetch status: FAILED HTTPError: HTTP Error 400: Bad Request (recorded in the job manifest; never retried with a successor ticker); lineage proxy per master precedent (see master row notes: decision-date symbol differs from the modern ticker),https://finance.yahoo.com/quote/RHHBY/history/,https://www.stockanalysis.com/stocks/rhhby/history/
GSK,Glaxo Wellcome plc (GlaxoSmithKline from Dec-2000),1995-11-17,Approval (Accelerated),27.5,1995-11-16,27.25,1995-11-17,-0.91,27.75,,https://query1.finance.yahoo.com/v8/finance/chart/GSK?period1=815529600&period2=817689599&interval=1d&includePrePost=false,Verified,lineage proxy per master precedent (see master row notes: decision-date symbol differs from the modern ticker),https://finance.yahoo.com/quote/GSK/history/,https://www.stockanalysis.com/stocks/gsk/history/
AZN,Zeneca Group plc (AstraZeneca from Apr-1999),1995-10-04,Approval (Accelerated),18.5417,1995-10-03,18.4167,1995-10-04,-0.67,18.4583,,https://query1.finance.yahoo.com/v8/finance/chart/AZN?period1=811728000&period2=813887999&interval=1d&includePrePost=false,Verified,lineage proxy per master precedent (see master row notes: decision-date symbol differs from the modern ticker),https://finance.yahoo.com/quote/AZN/history/,https://www.stockanalysis.com/stocks/azn/history/
MRK,"Merck & Co., Inc.",1995-09-29,Approval,26.8965,1995-09-28,26.7176,1995-09-29,-0.67,27.135,,https://query1.finance.yahoo.com/v8/finance/chart/MRK?period1=811296000&period2=813455999&interval=1d&includePrePost=false,Verified,,https://finance.yahoo.com/quote/MRK/history/,https://www.stockanalysis.com/stocks/mrk/history/
JNJ,Johnson & Johnson,1995-09-29,Approval,18.375,1995-09-28,18.5312,1995-09-29,0.85,18.375,,https://query1.finance.yahoo.com/v8/finance/chart/JNJ?period1=811296000&period2=813455999&interval=1d&includePrePost=false,Verified,,https://finance.yahoo.com/quote/JNJ/history/,https://www.stockanalysis.com/stocks/jnj/history/
GSK,Burroughs Wellcome Co. (Glaxo Wellcome from 1995; GlaxoSmithKline Dec-2000),1995-09-20,Approval,23.75,1995-09-19,23.875,1995-09-20,0.53,24.25,,https://query1.finance.yahoo.com/v8/finance/chart/GSK?period1=810518400&period2=812678399&interval=1d&includePrePost=false,Verified,lineage proxy per master precedent (see master row notes: decision-date symbol differs from the modern ticker),https://finance.yahoo.com/quote/GSK/history/,https://www.stockanalysis.com/stocks/gsk/history/
GSK,Beecham Group / SmithKline Beecham (GSK from Dec-2000),1995-09-14,Approval,23.875,1995-09-13,23.75,1995-09-14,-0.52,23.875,,https://query1.finance.yahoo.com/v8/finance/chart/GSK?period1=810000000&period2=812159999&interval=1d&includePrePost=false,Verified,lineage proxy per master precedent (see master row notes: decision-date symbol differs from the modern ticker),https://finance.yahoo.com/quote/GSK/history/,https://www.stockanalysis.com/stocks/gsk/history/
LLY,Eli Lilly and Co.,1995-06-19,Approval,19,1995-06-16,19.0312,1995-06-19,0.16,18.7188,,https://query1.finance.yahoo.com/v8/finance/chart/LLY?period1=802483200&period2=804643199&interval=1d&includePrePost=false,Verified,,https://finance.yahoo.com/quote/LLY/history/,https://www.stockanalysis.com/stocks/lly/history/
ABT,Abbott Laboratories,1995-06-07,Approval,8.9219,1995-06-06,8.8658,1995-06-07,-0.63,8.95,,https://query1.finance.yahoo.com/v8/finance/chart/ABT?period1=801446400&period2=803606399&interval=1d&includePrePost=false,Verified,,https://finance.yahoo.com/quote/ABT/history/,https://www.stockanalysis.com/stocks/abt/history/
MRK,"Merck & Co., Inc.",1995-04-14,Approval,20.5749,1995-04-13,20.6942,1995-04-17,0.58,20.5153,,https://query1.finance.yahoo.com/v8/finance/chart/MRK?period1=796780800&period2=798940799&interval=1d&includePrePost=false,Verified - approx window,decision date 1995-04-14 was not a trading day in the capture; using next trading day 1995-04-17,https://finance.yahoo.com/quote/MRK/history/,https://www.stockanalysis.com/stocks/mrk/history/
JNJ,Johnson & Johnson,1995-03-03,Approval,14.5312,1995-03-02,14.4375,1995-03-03,-0.64,14.5,,https://query1.finance.yahoo.com/v8/finance/chart/JNJ?period1=793152000&period2=795311999&interval=1d&includePrePost=false,Verified,,https://finance.yahoo.com/quote/JNJ/history/,https://www.stockanalysis.com/stocks/jnj/history/
ALC,Alcon (wholly owned by Nestle in 1998; NYSE:ACL 2002-2011; Alcon Inc. relisted ALC 2019),1994-12-30,Approval,,,,,,,,https://query1.finance.yahoo.com/v8/finance/chart/ALC?period1=787708800&period2=789868799&interval=1d&includePrePost=false,Data unavailable - acquired/delisted or pre-Yahoo coverage,fetch status: FAILED HTTPError: HTTP Error 400: Bad Request (recorded in the job manifest; never retried with a successor ticker); lineage proxy per master precedent (see master row notes: decision-date symbol differs from the modern ticker),https://finance.yahoo.com/quote/ALC/history/,https://www.stockanalysis.com/stocks/alc/history/
GSK,Burroughs Wellcome Co. (Glaxo Wellcome from 1995; GlaxoSmithKline Dec-2000),1994-12-27,Approval,20.625,1994-12-23,20.625,1994-12-27,0.0,20.625,,https://query1.finance.yahoo.com/v8/finance/chart/GSK?period1=787449600&period2=789609599&interval=1d&includePrePost=false,Verified,lineage proxy per master precedent (see master row notes: decision-date symbol differs from the modern ticker),https://finance.yahoo.com/quote/GSK/history/,https://www.stockanalysis.com/stocks/gsk/history/
GSK,Burroughs Wellcome Co. (Glaxo Wellcome from 1995; GlaxoSmithKline Dec-2000),1994-12-23,Approval,20.875,1994-12-22,20.625,1994-12-23,-1.2,20.625,,https://query1.finance.yahoo.com/v8/finance/chart/GSK?period1=787104000&period2=789263999&interval=1d&includePrePost=false,Verified,lineage proxy per master precedent (see master row notes: decision-date symbol differs from the modern ticker),https://finance.yahoo.com/quote/GSK/history/,https://www.stockanalysis.com/stocks/gsk/history/
BMY,Bristol-Myers Squibb Co.,1994-12-22,Approval,14.4254,1994-12-21,14.2469,1994-12-22,-1.24,14.2469,,https://query1.finance.yahoo.com/v8/finance/chart/BMY?period1=787017600&period2=789177599&interval=1d&includePrePost=false,Verified,,https://finance.yahoo.com/quote/BMY/history/,https://www.stockanalysis.com/stocks/bmy/history/
MRK,"Merck & Co., Inc.",1994-12-09,Approval,17.5334,1994-12-08,17.7719,1994-12-09,1.36,18.0105,,https://query1.finance.yahoo.com/v8/finance/chart/MRK?period1=785894400&period2=788054399&interval=1d&includePrePost=false,Verified,,https://finance.yahoo.com/quote/MRK/history/,https://www.stockanalysis.com/stocks/mrk/history/
VTRS,Mylan (now Viatris),1994-08-15,Approval,7.0741,1994-08-12,7.037,1994-08-15,-0.52,7.1481,,https://query1.finance.yahoo.com/v8/finance/chart/VTRS?period1=775872000&period2=778031999&interval=1d&includePrePost=false,Verified,,https://finance.yahoo.com/quote/VTRS/history/,https://www.stockanalysis.com/stocks/vtrs/history/
GSK,Beecham Group / SmithKline Beecham (GSK from Dec-2000),1994-06-29,Approval,16.75,1994-06-28,17,1994-06-29,1.49,16.625,,https://query1.finance.yahoo.com/v8/finance/chart/GSK?period1=771811200&period2=773971199&interval=1d&includePrePost=false,Verified,lineage proxy per master precedent (see master row notes: decision-date symbol differs from the modern ticker),https://finance.yahoo.com/quote/GSK/history/,https://www.stockanalysis.com/stocks/gsk/history/
BMY,Bristol-Myers Squibb Co. (Squibb merged with Bristol-Myers 1989),1994-06-24,Approval (Accelerated),13.0274,1994-06-23,12.9085,1994-06-24,-0.91,12.7895,,https://query1.finance.yahoo.com/v8/finance/chart/BMY?period1=771379200&period2=773539199&interval=1d&includePrePost=false,Verified,,https://finance.yahoo.com/quote/BMY/history/,https://www.stockanalysis.com/stocks/bmy/history/
GSK,Burroughs Wellcome Co. (Glaxo Wellcome from 1995; GlaxoSmithKline Dec-2000),1994-03-25,Approval,18.625,1994-03-24,18.25,1994-03-25,-2.01,18.5,,https://query1.finance.yahoo.com/v8/finance/chart/GSK?period1=763516800&period2=765676799&interval=1d&includePrePost=false,Verified,lineage proxy per master precedent (see master row notes: decision-date symbol differs from the modern ticker),https://finance.yahoo.com/quote/GSK/history/,https://www.stockanalysis.com/stocks/gsk/history/
GSK,GlaxoSmithKline plc,1994-02-04,Approval,19.875,1994-02-03,19.25,1994-02-04,-3.14,19.75,,https://query1.finance.yahoo.com/v8/finance/chart/GSK?period1=759283200&period2=761443199&interval=1d&includePrePost=false,Verified,lineage proxy per master precedent (see master row notes: decision-date symbol differs from the modern ticker),https://finance.yahoo.com/quote/GSK/history/,https://www.stockanalysis.com/stocks/gsk/history/
JNJ,Johnson & Johnson,1993-12-30,Approval,11.1875,1993-12-29,11.25,1993-12-30,0.56,11.2188,,https://query1.finance.yahoo.com/v8/finance/chart/JNJ?period1=756172800&period2=758332799&interval=1d&includePrePost=false,Verified,,https://finance.yahoo.com/quote/JNJ/history/,https://www.stockanalysis.com/stocks/jnj/history/
JNJ,Janssen Pharmaceutica (Johnson & Johnson),1993-12-29,Approval,11.1562,1993-12-28,11.1875,1993-12-29,0.28,11.25,,https://query1.finance.yahoo.com/v8/finance/chart/JNJ?period1=756086400&period2=758246399&interval=1d&includePrePost=false,Verified,,https://finance.yahoo.com/quote/JNJ/history/,https://www.stockanalysis.com/stocks/jnj/history/
GSK,Beecham Group / SmithKline Beecham (GSK from Dec-2000),1993-12-29,Approval,21.625,1993-12-28,21.625,1993-12-29,0.0,21.375,,https://query1.finance.yahoo.com/v8/finance/chart/GSK?period1=756086400&period2=758246399&interval=1d&includePrePost=false,Verified,lineage proxy per master precedent (see master row notes: decision-date symbol differs from the modern ticker),https://finance.yahoo.com/quote/GSK/history/,https://www.stockanalysis.com/stocks/gsk/history/
BMY,Bristol-Myers Squibb Co.,1993-12-29,Approval,14.2172,1993-12-28,13.9495,1993-12-29,-1.88,13.89,,https://query1.finance.yahoo.com/v8/finance/chart/BMY?period1=756086400&period2=758246399&interval=1d&includePrePost=false,Verified,,https://finance.yahoo.com/quote/BMY/history/,https://www.stockanalysis.com/stocks/bmy/history/
JNJ,Iolab Corp. (Johnson & Johnson ophthalmics unit in 1993; sold to Chiron 1995),1993-11-10,Approval,10.7188,1993-11-09,10.875,1993-11-10,1.46,10.7812,,https://query1.finance.yahoo.com/v8/finance/chart/JNJ?period1=751852800&period2=754012799&interval=1d&includePrePost=false,Verified,,https://finance.yahoo.com/quote/JNJ/history/,https://www.stockanalysis.com/stocks/jnj/history/
ALC,Alcon (wholly owned by Nestle in 1998; NYSE:ACL 2002-2011; Alcon Inc. relisted ALC 2019),1993-09-23,Approval,,,,,,,,https://query1.finance.yahoo.com/v8/finance/chart/ALC?period1=747705600&period2=749865599&interval=1d&includePrePost=false,Data unavailable - acquired/delisted or pre-Yahoo coverage,fetch status: FAILED HTTPError: HTTP Error 400: Bad Request (recorded in the job manifest; never retried with a successor ticker); lineage proxy per master precedent (see master row notes: decision-date symbol differs from the modern ticker),https://finance.yahoo.com/quote/ALC/history/,https://www.stockanalysis.com/stocks/alc/history/
JNJ,Janssen Pharmaceutica (Johnson & Johnson),1993-07-29,Approval,9.4062,1993-07-28,9.1875,1993-07-29,-2.33,9.125,,https://query1.finance.yahoo.com/v8/finance/chart/JNJ?period1=742867200&period2=745027199&interval=1d&includePrePost=false,Verified,,https://finance.yahoo.com/quote/JNJ/history/,https://www.stockanalysis.com/stocks/jnj/history/
JNJ,Johnson & Johnson,1993-02-26,Approval,10.4062,1993-02-25,10.625,1993-02-26,2.1,10.7188,,https://query1.finance.yahoo.com/v8/finance/chart/JNJ?period1=729648000&period2=731807999&interval=1d&includePrePost=false,Verified,,https://finance.yahoo.com/quote/JNJ/history/,https://www.stockanalysis.com/stocks/jnj/history/
GSK,Beecham Group / SmithKline Beecham (GSK from Dec-2000),1992-12-29,Approval,22.25,1992-12-28,23.375,1992-12-29,5.06,24,,https://query1.finance.yahoo.com/v8/finance/chart/GSK?period1=724550400&period2=726710399&interval=1d&includePrePost=false,Verified,lineage proxy per master precedent (see master row notes: decision-date symbol differs from the modern ticker),https://finance.yahoo.com/quote/GSK/history/,https://www.stockanalysis.com/stocks/gsk/history/
BMY,Bristol-Myers Squibb Co. (Squibb merged with Bristol-Myers 1989),1992-12-29,Approval,16.1207,1992-12-28,16.2992,1992-12-29,1.11,16.2397,,https://query1.finance.yahoo.com/v8/finance/chart/BMY?period1=724550400&period2=726710399&interval=1d&includePrePost=false,Verified,,https://finance.yahoo.com/quote/BMY/history/,https://www.stockanalysis.com/stocks/bmy/history/
GSK,GlaxoSmithKline plc,1992-12-28,Approval,22.75,1992-12-24,22.25,1992-12-28,-2.2,23.375,,https://query1.finance.yahoo.com/v8/finance/chart/GSK?period1=724464000&period2=726623999&interval=1d&includePrePost=false,Verified,lineage proxy per master precedent (see master row notes: decision-date symbol differs from the modern ticker),https://finance.yahoo.com/quote/GSK/history/,https://www.stockanalysis.com/stocks/gsk/history/
GSK,Burroughs Wellcome Co. (Glaxo Wellcome from 1995; GlaxoSmithKline Dec-2000),1992-11-25,Approval,24.25,1992-11-24,24,1992-11-25,-1.03,23.75,,https://query1.finance.yahoo.com/v8/finance/chart/GSK?period1=721612800&period2=723772799&interval=1d&includePrePost=false,Verified,lineage proxy per master precedent (see master row notes: decision-date symbol differs from the modern ticker),https://finance.yahoo.com/quote/GSK/history/,https://www.stockanalysis.com/stocks/gsk/history/
BMY,Bristol-Myers Squibb Co. (Squibb merged with Bristol-Myers 1989),1992-11-16,Approval,16.4479,1992-11-13,16.2694,1992-11-16,-1.09,16.2397,,https://query1.finance.yahoo.com/v8/finance/chart/BMY?period1=720835200&period2=722995199&interval=1d&includePrePost=false,Verified,,https://finance.yahoo.com/quote/BMY/history/,https://www.stockanalysis.com/stocks/bmy/history/
BMY,Bristol-Myers Squibb Co. (Squibb merged with Bristol-Myers 1989),1992-10-30,Approval,16.0018,1992-10-29,16.21,1992-10-30,1.3,16.3884,,https://query1.finance.yahoo.com/v8/finance/chart/BMY?period1=719366400&period2=721526399&interval=1d&includePrePost=false,Verified,,https://finance.yahoo.com/quote/BMY/history/,https://www.stockanalysis.com/stocks/bmy/history/
JNJ,Janssen Pharmaceutica (Johnson & Johnson),1992-09-11,Approval,13.0938,1992-09-10,12.9375,1992-09-11,-1.19,12.9375,,https://query1.finance.yahoo.com/v8/finance/chart/JNJ?period1=715132800&period2=717292799&interval=1d&includePrePost=false,Verified,,https://finance.yahoo.com/quote/JNJ/history/,https://www.stockanalysis.com/stocks/jnj/history/
PFE,Pfizer Inc.,1992-07-31,Approval,6.1571,1992-07-30,6.1966,1992-07-31,0.64,6.2658,,https://query1.finance.yahoo.com/v8/finance/chart/PFE?period1=711504000&period2=713663999&interval=1d&includePrePost=false,Verified,,https://finance.yahoo.com/quote/PFE/history/,https://www.stockanalysis.com/stocks/pfe/history/
GSK,Beecham Group / SmithKline Beecham (GSK from Dec-2000),1992-07-24,Approval,26.75,1992-07-23,26.625,1992-07-24,-0.47,26.875,,https://query1.finance.yahoo.com/v8/finance/chart/GSK?period1=710899200&period2=713059199&interval=1d&includePrePost=false,Verified,lineage proxy per master precedent (see master row notes: decision-date symbol differs from the modern ticker),https://finance.yahoo.com/quote/GSK/history/,https://www.stockanalysis.com/stocks/gsk/history/
BMY,Bristol-Myers Squibb Co. (Squibb merged with Bristol-Myers 1989),1992-07-14,Approval,15.9125,1992-07-13,15.9125,1992-07-14,0.0,15.9125,,https://query1.finance.yahoo.com/v8/finance/chart/BMY?period1=710035200&period2=712195199&interval=1d&includePrePost=false,Verified,,https://finance.yahoo.com/quote/BMY/history/,https://www.stockanalysis.com/stocks/bmy/history/
RHHBY,Roche Holding AG (Genentech parent),1992-06-19,Approval (Accelerated),,,,,,,,https://query1.finance.yahoo.com/v8/finance/chart/RHHBY?period1=707875200&period2=710035199&interval=1d&includePrePost=false,Data unavailable - acquired/delisted or pre-Yahoo coverage,fetch status: FAILED HTTPError: HTTP Error 400: Bad Request (recorded in the job manifest; never retried with a successor ticker); lineage proxy per master precedent (see master row notes: decision-date symbol differs from the modern ticker),https://finance.yahoo.com/quote/RHHBY/history/,https://www.stockanalysis.com/stocks/rhhby/history/
MRK,"Merck & Co., Inc.",1992-06-19,Approval,22.7815,1992-06-18,23.02,1992-06-19,1.05,24.0935,,https://query1.finance.yahoo.com/v8/finance/chart/MRK?period1=707875200&period2=710035199&interval=1d&includePrePost=false,Verified,,https://finance.yahoo.com/quote/MRK/history/,https://www.stockanalysis.com/stocks/mrk/history/
ABT,Abbott Laboratories,1992-01-30,Approval,6.9299,1992-01-29,6.958,1992-01-30,0.41,7.1684,,https://query1.finance.yahoo.com/v8/finance/chart/ABT?period1=695692800&period2=697852799&interval=1d&includePrePost=false,Verified,,https://finance.yahoo.com/quote/ABT/history/,https://www.stockanalysis.com/stocks/abt/history/
GSK,Burroughs Wellcome Co. (Glaxo Wellcome from 1995; GlaxoSmithKline Dec-2000),1992-01-22,Approval,30.625,1992-01-21,31.125,1992-01-22,1.63,30.625,,https://query1.finance.yahoo.com/v8/finance/chart/GSK?period1=695001600&period2=697161599&interval=1d&includePrePost=false,Verified,lineage proxy per master precedent (see master row notes: decision-date symbol differs from the modern ticker),https://finance.yahoo.com/quote/GSK/history/,https://www.stockanalysis.com/stocks/gsk/history/
LLY,Eli Lilly and Co.,1991-12-31,Approval,21.2188,1991-12-30,20.875,1991-12-31,-1.62,21.2188,,https://query1.finance.yahoo.com/v8/finance/chart/LLY?period1=693100800&period2=695260799&interval=1d&includePrePost=false,Verified,,https://finance.yahoo.com/quote/LLY/history/,https://www.stockanalysis.com/stocks/lly/history/
PFE,Pfizer Inc.,1991-12-30,Approval,6.4635,1991-12-27,6.7797,1991-12-30,4.89,6.6414,,https://query1.finance.yahoo.com/v8/finance/chart/PFE?period1=693014400&period2=695174399&interval=1d&includePrePost=false,Verified,,https://finance.yahoo.com/quote/PFE/history/,https://www.stockanalysis.com/stocks/pfe/history/
JNJ,Johnson & Johnson,1991-12-24,Approval,13.8438,1991-12-23,13.8125,1991-12-24,-0.23,14.0625,,https://query1.finance.yahoo.com/v8/finance/chart/JNJ?period1=692496000&period2=694655999&interval=1d&includePrePost=false,Verified,,https://finance.yahoo.com/quote/JNJ/history/,https://www.stockanalysis.com/stocks/jnj/history/
GSK,Beecham Group / SmithKline Beecham (GSK from Dec-2000),1991-12-24,Approval,30.25,1991-12-23,30.375,1991-12-24,0.41,30.875,,https://query1.finance.yahoo.com/v8/finance/chart/GSK?period1=692496000&period2=694655999&interval=1d&includePrePost=false,Verified,lineage proxy per master precedent (see master row notes: decision-date symbol differs from the modern ticker),https://finance.yahoo.com/quote/GSK/history/,https://www.stockanalysis.com/stocks/gsk/history/
MRK,"Merck & Co., Inc.",1991-12-23,Approval,24.6104,1991-12-20,25.4453,1991-12-23,3.39,25.2664,,https://query1.finance.yahoo.com/v8/finance/chart/MRK?period1=692409600&period2=694569599&interval=1d&includePrePost=false,Verified,,https://finance.yahoo.com/quote/MRK/history/,https://www.stockanalysis.com/stocks/mrk/history/
BMY,Bristol-Myers Squibb Co. (Squibb merged with Bristol-Myers 1989),1991-12-23,Approval,19.214,1991-12-20,19.4222,1991-12-23,1.08,19.9576,,https://query1.finance.yahoo.com/v8/finance/chart/BMY?period1=692409600&period2=694569599&interval=1d&includePrePost=false,Verified,,https://finance.yahoo.com/quote/BMY/history/,https://www.stockanalysis.com/stocks/bmy/history/
RHHBY,Roche Holding AG (Genentech parent),1991-12-20,Approval,,,,,,,,https://query1.finance.yahoo.com/v8/finance/chart/RHHBY?period1=692150400&period2=694310399&interval=1d&includePrePost=false,Data unavailable - acquired/delisted or pre-Yahoo coverage,fetch status: FAILED HTTPError: HTTP Error 400: Bad Request (recorded in the job manifest; never retried with a successor ticker); lineage proxy per master precedent (see master row notes: decision-date symbol differs from the modern ticker),https://finance.yahoo.com/quote/RHHBY/history/,https://www.stockanalysis.com/stocks/rhhby/history/
PFE,Pfizer Inc.,1991-11-01,Approval,5.663,1991-10-31,5.663,1991-11-01,0.0,5.5444,,https://query1.finance.yahoo.com/v8/finance/chart/PFE?period1=687916800&period2=690076799&interval=1d&includePrePost=false,Verified,,https://finance.yahoo.com/quote/PFE/history/,https://www.stockanalysis.com/stocks/pfe/history/
BMY,Bristol-Myers Squibb Co. (Squibb merged with Bristol-Myers 1989),1991-10-31,Approval,20.136,1991-10-30,20.6119,1991-10-31,2.36,20.6119,,https://query1.finance.yahoo.com/v8/finance/chart/BMY?period1=687830400&period2=689990399&interval=1d&includePrePost=false,Verified,,https://finance.yahoo.com/quote/BMY/history/,https://www.stockanalysis.com/stocks/bmy/history/
ABT,Abbott Laboratories,1991-10-31,Approval,6.5652,1991-10-30,6.6073,1991-10-31,0.64,6.7896,,https://query1.finance.yahoo.com/v8/finance/chart/ABT?period1=687830400&period2=689990399&interval=1d&includePrePost=false,Verified,,https://finance.yahoo.com/quote/ABT/history/,https://www.stockanalysis.com/stocks/abt/history/
BMY,Bristol-Myers Squibb Co. (Squibb merged with Bristol-Myers 1989),1991-10-09,Approval,19.4222,1991-10-08,19.4817,1991-10-09,0.31,19.8386,,https://query1.finance.yahoo.com/v8/finance/chart/BMY?period1=685929600&period2=688089599&interval=1d&includePrePost=false,Verified,,https://finance.yahoo.com/quote/BMY/history/,https://www.stockanalysis.com/stocks/bmy/history/
AZN,Astra AB (AstraZeneca from Apr-1999),1991-09-27,Approval,,,,,,,,https://query1.finance.yahoo.com/v8/finance/chart/AZN?period1=684892800&period2=687052799&interval=1d&includePrePost=false,Data unavailable - acquired/delisted or pre-Yahoo coverage,fetch status: FAILED HTTPError: HTTP Error 400: Bad Request (recorded in the job manifest; never retried with a successor ticker); lineage proxy per master precedent (see master row notes: decision-date symbol differs from the modern ticker),https://finance.yahoo.com/quote/AZN/history/,https://www.stockanalysis.com/stocks/azn/history/
MRK,"Merck & Co., Inc.",1991-07-25,Approval,19.2828,1991-07-24,19.5809,1991-07-25,1.55,19.6008,,https://query1.finance.yahoo.com/v8/finance/chart/MRK?period1=679363200&period2=681523199&interval=1d&includePrePost=false,Verified,,https://finance.yahoo.com/quote/MRK/history/,https://www.stockanalysis.com/stocks/mrk/history/
ABT,"Ross Laboratories (Abbott Nutrition division, Abbott Laboratories)",1991-07-01,Approval,5.8077,1991-06-28,5.8918,1991-07-01,1.45,5.976,,https://query1.finance.yahoo.com/v8/finance/chart/ABT?period1=677289600&period2=679449599&interval=1d&includePrePost=false,Verified,,https://finance.yahoo.com/quote/ABT/history/,https://www.stockanalysis.com/stocks/abt/history/
BMY,Bristol-Myers Squibb Co. (Squibb merged with Bristol-Myers 1989),1991-05-16,Approval,18.5299,1991-05-15,18.7976,1991-05-16,1.44,19.0355,,https://query1.finance.yahoo.com/v8/finance/chart/BMY?period1=673315200&period2=675475199&interval=1d&includePrePost=false,Verified,,https://finance.yahoo.com/quote/BMY/history/,https://www.stockanalysis.com/stocks/bmy/history/
GSK,Burroughs Wellcome Co. (Glaxo Wellcome from 1995; GlaxoSmithKline Dec-2000),1991-03-07,Approval,19.75,1991-03-06,19.3125,1991-03-07,-2.22,19,,https://query1.finance.yahoo.com/v8/finance/chart/GSK?period1=667267200&period2=669427199&interval=1d&includePrePost=false,Verified,lineage proxy per master precedent (see master row notes: decision-date symbol differs from the modern ticker),https://finance.yahoo.com/quote/GSK/history/,https://www.stockanalysis.com/stocks/gsk/history/
AMGN,Amgen Inc.,1991-02-20,Approval,3.5885,1991-02-19,3.6979,1991-02-20,3.05,3.9792,,https://query1.finance.yahoo.com/v8/finance/chart/AMGN?period1=665971200&period2=668131199&interval=1d&includePrePost=false,Verified,,https://finance.yahoo.com/quote/AMGN/history/,https://www.stockanalysis.com/stocks/amgn/history/
JNJ,McNeil Pharmaceutical / McNeil Laboratories (Johnson & Johnson),1991-01-30,Approval,9.4062,1991-01-29,9.5469,1991-01-30,1.5,9.5625,,https://query1.finance.yahoo.com/v8/finance/chart/JNJ?period1=664156800&period2=666316799&interval=1d&includePrePost=false,Verified,,https://finance.yahoo.com/quote/JNJ/history/,https://www.stockanalysis.com/stocks/jnj/history/
GSK,GlaxoSmithKline plc,1991-01-04,Approval,15.8125,1991-01-03,16.125,1991-01-04,1.98,15.5625,,https://query1.finance.yahoo.com/v8/finance/chart/GSK?period1=661910400&period2=664070399&interval=1d&includePrePost=false,Verified,lineage proxy per master precedent (see master row notes: decision-date symbol differs from the modern ticker),https://finance.yahoo.com/quote/GSK/history/,https://www.stockanalysis.com/stocks/gsk/history/
JNJ,Johnson & Johnson,1990-12-28,Approval,8.8438,1990-12-27,8.875,1990-12-28,0.35,8.9688,,https://query1.finance.yahoo.com/v8/finance/chart/JNJ?period1=661305600&period2=663465599&interval=1d&includePrePost=false,Verified,,https://finance.yahoo.com/quote/JNJ/history/,https://www.stockanalysis.com/stocks/jnj/history/
ABT,Abbott Laboratories,1990-12-26,Approval,4.9099,1990-12-24,4.9099,1990-12-26,0.0,4.9379,,https://query1.finance.yahoo.com/v8/finance/chart/ABT?period1=661132800&period2=663292799&interval=1d&includePrePost=false,Verified,,https://finance.yahoo.com/quote/ABT/history/,https://www.stockanalysis.com/stocks/abt/history/
BMY,Bristol-Myers Squibb Co. (Squibb merged with Bristol-Myers 1989),1990-12-19,Approval,15.8233,1990-12-18,15.6746,1990-12-19,-0.94,15.7638,,https://query1.finance.yahoo.com/v8/finance/chart/BMY?period1=660528000&period2=662687999&interval=1d&includePrePost=false,Verified,,https://finance.yahoo.com/quote/BMY/history/,https://www.stockanalysis.com/stocks/bmy/history/
BMY,Bristol-Myers Squibb Co. (Squibb merged with Bristol-Myers 1989),1990-12-17,Approval,15.7638,1990-12-14,15.6746,1990-12-17,-0.57,15.8233,,https://query1.finance.yahoo.com/v8/finance/chart/BMY?period1=660355200&period2=662515199&interval=1d&includePrePost=false,Verified,,https://finance.yahoo.com/quote/BMY/history/,https://www.stockanalysis.com/stocks/bmy/history/
GSK,GlaxoSmithKline plc,1990-12-14,Approval,17.3125,1990-12-13,17.0625,1990-12-14,-1.44,16.8125,,https://query1.finance.yahoo.com/v8/finance/chart/GSK?period1=660096000&period2=662255999&interval=1d&includePrePost=false,Verified,lineage proxy per master precedent (see master row notes: decision-date symbol differs from the modern ticker),https://finance.yahoo.com/quote/GSK/history/,https://www.stockanalysis.com/stocks/gsk/history/
PFE,Pfizer Inc.,1990-11-02,Approval,2.871,1990-11-01,2.9501,1990-11-02,2.76,2.9945,,https://query1.finance.yahoo.com/v8/finance/chart/PFE?period1=656467200&period2=658627199&interval=1d&includePrePost=false,Verified,,https://finance.yahoo.com/quote/PFE/history/,https://www.stockanalysis.com/stocks/pfe/history/
GSK,Burroughs Wellcome Co. (Glaxo Wellcome from 1995; GlaxoSmithKline Dec-2000),1990-08-02,Approval,15.5,1990-08-01,14.9375,1990-08-02,-3.63,14.5,,https://query1.finance.yahoo.com/v8/finance/chart/GSK?period1=648518400&period2=650678399&interval=1d&includePrePost=false,Verified,lineage proxy per master precedent (see master row notes: decision-date symbol differs from the modern ticker),https://finance.yahoo.com/quote/GSK/history/,https://www.stockanalysis.com/stocks/gsk/history/
JNJ,Janssen Pharmaceutica (Johnson & Johnson),1990-06-18,Approval,8.0469,1990-06-15,7.9219,1990-06-18,-1.55,7.9688,,https://query1.finance.yahoo.com/v8/finance/chart/JNJ?period1=644630400&period2=646790399&interval=1d&includePrePost=false,Verified,,https://finance.yahoo.com/quote/JNJ/history/,https://www.stockanalysis.com/stocks/jnj/history/
PFE,Pfizer Inc.,1990-01-29,Approval,2.6783,1990-01-26,2.7079,1990-01-29,1.11,2.6783,,https://query1.finance.yahoo.com/v8/finance/chart/PFE?period1=632534400&period2=634694399&interval=1d&includePrePost=false,Verified,,https://finance.yahoo.com/quote/PFE/history/,https://www.stockanalysis.com/stocks/pfe/history/
LLY,Eli Lilly and Co.,1989-12-29,Approval,16.9375,1989-12-28,17.125,1989-12-29,1.11,17.1875,,https://query1.finance.yahoo.com/v8/finance/chart/LLY?period1=629856000&period2=632015999&interval=1d&includePrePost=false,Verified,,https://finance.yahoo.com/quote/LLY/history/,https://www.stockanalysis.com/stocks/lly/history/
JNJ,Johnson & Johnson,1989-12-29,Approval,7.3906,1989-12-28,7.4219,1989-12-29,0.42,7.4844,,https://query1.finance.yahoo.com/v8/finance/chart/JNJ?period1=629856000&period2=632015999&interval=1d&includePrePost=false,Verified,,https://finance.yahoo.com/quote/JNJ/history/,https://www.stockanalysis.com/stocks/jnj/history/
BMY,Bristol-Myers Squibb Co. (Squibb merged with Bristol-Myers 1989),1989-12-29,Approval,13.5033,1989-12-28,13.3249,1989-12-29,-1.32,13.5628,,https://query1.finance.yahoo.com/v8/finance/chart/BMY?period1=629856000&period2=632015999&interval=1d&includePrePost=false,Verified,,https://finance.yahoo.com/quote/BMY/history/,https://www.stockanalysis.com/stocks/bmy/history/
LLY,Eli Lilly and Co.,1989-12-28,Approval,16.7188,1989-12-27,16.9375,1989-12-28,1.31,17.125,,https://query1.finance.yahoo.com/v8/finance/chart/LLY?period1=629769600&period2=631929599&interval=1d&includePrePost=false,Verified,,https://finance.yahoo.com/quote/LLY/history/,https://www.stockanalysis.com/stocks/lly/history/
GSK,Beecham Group / SmithKline Beecham (GSK from Dec-2000),1989-11-27,Approval,11.5625,1989-11-24,11.625,1989-11-27,0.54,11.75,,https://query1.finance.yahoo.com/v8/finance/chart/GSK?period1=627091200&period2=629251199&interval=1d&includePrePost=false,Verified,lineage proxy per master precedent (see master row notes: decision-date symbol differs from the modern ticker),https://finance.yahoo.com/quote/GSK/history/,https://www.stockanalysis.com/stocks/gsk/history/
MRK,"Merck & Co., Inc.",1989-09-14,Approval,11.2715,1989-09-13,11.192,1989-09-14,-0.71,11.2715,,https://query1.finance.yahoo.com/v8/finance/chart/MRK?period1=620697600&period2=622857599&interval=1d&includePrePost=false,Verified,,https://finance.yahoo.com/quote/MRK/history/,https://www.stockanalysis.com/stocks/mrk/history/
AMGN,Amgen Inc.,1989-06-01,Approval,0.8359,1989-05-31,0.8542,1989-06-01,2.19,0.9323,,https://query1.finance.yahoo.com/v8/finance/chart/AMGN?period1=611625600&period2=613785599&interval=1d&includePrePost=false,Verified,,https://finance.yahoo.com/quote/AMGN/history/,https://www.stockanalysis.com/stocks/amgn/history/
BMY,Bristol-Myers Squibb Co.,1989-03-03,Approval,10.7075,1989-03-02,10.7372,1989-03-03,0.28,10.767,,https://query1.finance.yahoo.com/v8/finance/chart/BMY?period1=603849600&period2=606009599&interval=1d&includePrePost=false,Verified,,https://finance.yahoo.com/quote/BMY/history/,https://www.stockanalysis.com/stocks/bmy/history/
LLY,Eli Lilly and Co.,1988-12-30,Approval,10.8281,1988-12-29,10.6875,1988-12-30,-1.3,10.7031,,https://query1.finance.yahoo.com/v8/finance/chart/LLY?period1=598406400&period2=600566399&interval=1d&includePrePost=false,Verified,,https://finance.yahoo.com/quote/LLY/history/,https://www.stockanalysis.com/stocks/lly/history/
GSK,GlaxoSmithKline plc,1988-12-30,Approval,9.75,1988-12-29,9.625,1988-12-30,-1.28,9.625,,https://query1.finance.yahoo.com/v8/finance/chart/GSK?period1=598406400&period2=600566399&interval=1d&includePrePost=false,Verified,lineage proxy per master precedent (see master row notes: decision-date symbol differs from the modern ticker),https://finance.yahoo.com/quote/GSK/history/,https://www.stockanalysis.com/stocks/gsk/history/
BMY,Bristol-Myers Squibb Co.,1988-12-30,Approval,10.9157,1988-12-29,10.767,1988-12-30,-1.36,10.5588,,https://query1.finance.yahoo.com/v8/finance/chart/BMY?period1=598406400&period2=600566399&interval=1d&includePrePost=false,Verified,,https://finance.yahoo.com/quote/BMY/history/,https://www.stockanalysis.com/stocks/bmy/history/
JNJ,Janssen Pharmaceutica (Johnson & Johnson),1988-12-29,Approval,5.2969,1988-12-28,5.3672,1988-12-29,1.33,5.3203,,https://query1.finance.yahoo.com/v8/finance/chart/JNJ?period1=598320000&period2=600479999&interval=1d&includePrePost=false,Verified,,https://finance.yahoo.com/quote/JNJ/history/,https://www.stockanalysis.com/stocks/jnj/history/
ABT,Abbott Laboratories,1988-12-28,Approval,2.6373,1988-12-27,2.6373,1988-12-28,0.0,2.6934,,https://query1.finance.yahoo.com/v8/finance/chart/ABT?period1=598233600&period2=600393599&interval=1d&includePrePost=false,Verified,,https://finance.yahoo.com/quote/ABT/history/,https://www.stockanalysis.com/stocks/abt/history/
GSK,GlaxoSmithKline plc,1988-12-22,Approval,9.4375,1988-12-21,9.5625,1988-12-22,1.32,9.625,,https://query1.finance.yahoo.com/v8/finance/chart/GSK?period1=597715200&period2=599875199&interval=1d&includePrePost=false,Verified,lineage proxy per master precedent (see master row notes: decision-date symbol differs from the modern ticker),https://finance.yahoo.com/quote/GSK/history/,https://www.stockanalysis.com/stocks/gsk/history/
LLY,Eli Lilly and Co.,1988-04-12,Approval,10.3594,1988-04-11,10.2188,1988-04-12,-1.36,10.0938,,https://query1.finance.yahoo.com/v8/finance/chart/LLY?period1=575769600&period2=577929599&interval=1d&includePrePost=false,Verified,,https://finance.yahoo.com/quote/LLY/history/,https://www.stockanalysis.com/stocks/lly/history/
RHHBY,Roche Holding AG (Genentech parent),1987-12-31,Approval,,,,,,,,https://query1.finance.yahoo.com/v8/finance/chart/RHHBY?period1=566870400&period2=569030399&interval=1d&includePrePost=false,Data unavailable - acquired/delisted or pre-Yahoo coverage,fetch status: FAILED HTTPError: HTTP Error 400: Bad Request (recorded in the job manifest; never retried with a successor ticker); lineage proxy per master precedent (see master row notes: decision-date symbol differs from the modern ticker),https://finance.yahoo.com/quote/RHHBY/history/,https://www.stockanalysis.com/stocks/rhhby/history/
JNJ,Ortho-McNeil (Johnson & Johnson),1987-12-31,Approval,4.7969,1987-12-30,4.6797,1987-12-31,-2.44,4.8828,,https://query1.finance.yahoo.com/v8/finance/chart/JNJ?period1=566870400&period2=569030399&interval=1d&includePrePost=false,Verified,,https://finance.yahoo.com/quote/JNJ/history/,https://www.stockanalysis.com/stocks/jnj/history/
GSK,Beecham Group / SmithKline Beecham (GSK from Dec-2000),1987-12-31,Approval,9.3125,1987-12-30,9.125,1987-12-31,-2.01,9.4375,,https://query1.finance.yahoo.com/v8/finance/chart/GSK?period1=566870400&period2=569030399&interval=1d&includePrePost=false,Verified,lineage proxy per master precedent (see master row notes: decision-date symbol differs from the modern ticker),https://finance.yahoo.com/quote/GSK/history/,https://www.stockanalysis.com/stocks/gsk/history/
ALC,Alcon (wholly owned by Nestle in 1998; NYSE:ACL 2002-2011; Alcon Inc. relisted ALC 2019),1987-12-31,Approval,,,,,,,,https://query1.finance.yahoo.com/v8/finance/chart/ALC?period1=566870400&period2=569030399&interval=1d&includePrePost=false,Data unavailable - acquired/delisted or pre-Yahoo coverage,fetch status: FAILED HTTPError: HTTP Error 400: Bad Request (recorded in the job manifest; never retried with a successor ticker); lineage proxy per master precedent (see master row notes: decision-date symbol differs from the modern ticker),https://finance.yahoo.com/quote/ALC/history/,https://www.stockanalysis.com/stocks/alc/history/
LLY,Eli Lilly and Co.,1987-12-30,Approval,9.7969,1987-12-29,9.7969,1987-12-30,0.0,9.75,,https://query1.finance.yahoo.com/v8/finance/chart/LLY?period1=566784000&period2=568943999&interval=1d&includePrePost=false,Verified,,https://finance.yahoo.com/quote/LLY/history/,https://www.stockanalysis.com/stocks/lly/history/
MRK,"Merck & Co., Inc.",1987-12-29,Approval,8.283,1987-12-28,8.2631,1987-12-29,-0.24,8.4221,,https://query1.finance.yahoo.com/v8/finance/chart/MRK?period1=566697600&period2=568857599&interval=1d&includePrePost=false,Verified,,https://finance.yahoo.com/quote/MRK/history/,https://www.stockanalysis.com/stocks/mrk/history/
LLY,Eli Lilly and Co.,1987-12-29,Approval,9.5312,1987-12-28,9.7969,1987-12-29,2.79,9.7969,,https://query1.finance.yahoo.com/v8/finance/chart/LLY?period1=566697600&period2=568857599&interval=1d&includePrePost=false,Verified,,https://finance.yahoo.com/quote/LLY/history/,https://www.stockanalysis.com/stocks/lly/history/
MRK,"Merck & Co., Inc.",1987-08-31,Approval,10.695,1987-08-28,10.8341,1987-08-31,1.3,10.8871,,https://query1.finance.yahoo.com/v8/finance/chart/MRK?period1=556329600&period2=558489599&interval=1d&includePrePost=false,Verified,,https://finance.yahoo.com/quote/MRK/history/,https://www.stockanalysis.com/stocks/mrk/history/
ABT,Abbott Laboratories,1987-08-07,Approval,3.465,1987-08-06,3.5141,1987-08-07,1.42,3.6193,,https://query1.finance.yahoo.com/v8/finance/chart/ABT?period1=554256000&period2=556415999&interval=1d&includePrePost=false,Verified,,https://finance.yahoo.com/quote/ABT/history/,https://www.stockanalysis.com/stocks/abt/history/
GSK,Burroughs Wellcome Co. (Glaxo Wellcome from 1995; GlaxoSmithKline Dec-2000),1987-03-19,Approval,12.625,1987-03-18,12.5625,1987-03-19,-0.5,12.5,,https://query1.finance.yahoo.com/v8/finance/chart/GSK?period1=542073600&period2=544233599&interval=1d&includePrePost=false,Verified,lineage proxy per master precedent (see master row notes: decision-date symbol differs from the modern ticker),https://finance.yahoo.com/quote/GSK/history/,https://www.stockanalysis.com/stocks/gsk/history/
BMY,Bristol-Myers Squibb Co. (Squibb merged with Bristol-Myers 1989),1987-01-21,Approval,10.8265,1987-01-20,10.9901,1987-01-21,1.51,11.3618,,https://query1.finance.yahoo.com/v8/finance/chart/BMY?period1=537148800&period2=539308799&interval=1d&includePrePost=false,Verified,,https://finance.yahoo.com/quote/BMY/history/,https://www.stockanalysis.com/stocks/bmy/history/
PFE,Pfizer Inc.,1986-12-31,Approval,2.4263,1986-12-30,2.4114,1986-12-31,-0.61,2.451,,https://query1.finance.yahoo.com/v8/finance/chart/PFE?period1=535334400&period2=537494399&interval=1d&includePrePost=false,Verified,,https://finance.yahoo.com/quote/PFE/history/,https://www.stockanalysis.com/stocks/pfe/history/
BMY,Bristol-Myers Squibb Co. (Squibb merged with Bristol-Myers 1989),1986-12-31,Approval,9.949,1986-12-30,9.8301,1986-12-31,-1.2,10.0383,,https://query1.finance.yahoo.com/v8/finance/chart/BMY?period1=535334400&period2=537494399&interval=1d&includePrePost=false,Verified,,https://finance.yahoo.com/quote/BMY/history/,https://www.stockanalysis.com/stocks/bmy/history/
PFE,Pfizer Inc.,1986-12-30,Approval,2.4312,1986-12-29,2.4263,1986-12-30,-0.2,2.4114,,https://query1.finance.yahoo.com/v8/finance/chart/PFE?period1=535248000&period2=537407999&interval=1d&includePrePost=false,Verified,,https://finance.yahoo.com/quote/PFE/history/,https://www.stockanalysis.com/stocks/pfe/history/
JNJ,Janssen Pharmaceutica (Johnson & Johnson),1986-12-29,Approval,4.2422,1986-12-26,4.1484,1986-12-29,-2.21,4.1562,,https://query1.finance.yahoo.com/v8/finance/chart/JNJ?period1=535161600&period2=537321599&interval=1d&includePrePost=false,Verified,,https://finance.yahoo.com/quote/JNJ/history/,https://www.stockanalysis.com/stocks/jnj/history/
BMY,Bristol-Myers Squibb Co.,1986-12-24,Approval,9.8003,1986-12-23,9.9639,1986-12-24,1.67,10.1126,,https://query1.finance.yahoo.com/v8/finance/chart/BMY?period1=534729600&period2=536889599&interval=1d&includePrePost=false,Verified,,https://finance.yahoo.com/quote/BMY/history/,https://www.stockanalysis.com/stocks/bmy/history/
RHHBY,Roche Holding AG (Genentech parent),1986-10-31,Approval,,,,,,,,https://query1.finance.yahoo.com/v8/finance/chart/RHHBY?period1=530064000&period2=532223999&interval=1d&includePrePost=false,Data unavailable - acquired/delisted or pre-Yahoo coverage,fetch status: FAILED HTTPError: HTTP Error 400: Bad Request (recorded in the job manifest; never retried with a successor ticker); lineage proxy per master precedent (see master row notes: decision-date symbol differs from the modern ticker),https://finance.yahoo.com/quote/RHHBY/history/,https://www.stockanalysis.com/stocks/rhhby/history/
MRK,"Merck & Co., Inc.",1986-10-31,Approval,5.8047,1986-10-30,5.7583,1986-10-31,-0.8,5.8312,,https://query1.finance.yahoo.com/v8/finance/chart/MRK?period1=530064000&period2=532223999&interval=1d&includePrePost=false,Verified,,https://finance.yahoo.com/quote/MRK/history/,https://www.stockanalysis.com/stocks/mrk/history/
MRK,"Merck & Co., Inc.",1986-10-15,Approval,5.4734,1986-10-14,5.6589,1986-10-15,3.39,5.7451,,https://query1.finance.yahoo.com/v8/finance/chart/MRK?period1=528681600&period2=530841599&interval=1d&includePrePost=false,Verified,,https://finance.yahoo.com/quote/MRK/history/,https://www.stockanalysis.com/stocks/mrk/history/
RHHBY,Roche Holding AG (Genentech parent),1986-09-30,Approval,,,,,,,,https://query1.finance.yahoo.com/v8/finance/chart/RHHBY?period1=527385600&period2=529545599&interval=1d&includePrePost=false,Data unavailable - acquired/delisted or pre-Yahoo coverage,fetch status: FAILED HTTPError: HTTP Error 400: Bad Request (recorded in the job manifest; never retried with a successor ticker); lineage proxy per master precedent (see master row notes: decision-date symbol differs from the modern ticker),https://finance.yahoo.com/quote/RHHBY/history/,https://www.stockanalysis.com/stocks/rhhby/history/
BMY,Bristol-Myers Squibb Co.,1986-09-29,Approval,8.5511,1986-09-26,8.6106,1986-09-29,0.7,8.5363,,https://query1.finance.yahoo.com/v8/finance/chart/BMY?period1=527299200&period2=529459199&interval=1d&includePrePost=false,Verified,,https://finance.yahoo.com/quote/BMY/history/,https://www.stockanalysis.com/stocks/bmy/history/
JNJ,Ortho-McNeil (Johnson & Johnson),1986-06-19,Approval,4.3672,1986-06-18,4.2812,1986-06-19,-1.97,4.4062,,https://query1.finance.yahoo.com/v8/finance/chart/JNJ?period1=518486400&period2=520646399&interval=1d&includePrePost=false,Verified,,https://finance.yahoo.com/quote/JNJ/history/,https://www.stockanalysis.com/stocks/jnj/history/
RHHBY,Roche Holding AG (Genentech parent),1986-06-04,Approval,,,,,,,,https://query1.finance.yahoo.com/v8/finance/chart/RHHBY?period1=517190400&period2=519350399&interval=1d&includePrePost=false,Data unavailable - acquired/delisted or pre-Yahoo coverage,fetch status: FAILED HTTPError: HTTP Error 400: Bad Request (recorded in the job manifest; never retried with a successor ticker); lineage proxy per master precedent (see master row notes: decision-date symbol differs from the modern ticker),https://finance.yahoo.com/quote/RHHBY/history/,https://www.stockanalysis.com/stocks/rhhby/history/
GSK,Burroughs Wellcome Co. (Glaxo Wellcome from 1995; GlaxoSmithKline Dec-2000),1986-03-31,Approval,7.875,1986-03-27,7.9375,1986-03-31,0.79,7.9375,,https://query1.finance.yahoo.com/v8/finance/chart/GSK?period1=511574400&period2=513734399&interval=1d&includePrePost=false,Verified,lineage proxy per master precedent (see master row notes: decision-date symbol differs from the modern ticker),https://finance.yahoo.com/quote/GSK/history/,https://www.stockanalysis.com/stocks/gsk/history/
BMY,Bristol-Myers Squibb Co. (Squibb merged with Bristol-Myers 1989),1985-12-31,Approval,7.8373,1985-12-30,7.8819,1985-12-31,0.57,7.8224,,https://query1.finance.yahoo.com/v8/finance/chart/BMY?period1=503798400&period2=505958399&interval=1d&includePrePost=false,Verified,,https://finance.yahoo.com/quote/BMY/history/,https://www.stockanalysis.com/stocks/bmy/history/
GSK,Burroughs Wellcome Co. (Glaxo Wellcome from 1995; GlaxoSmithKline Dec-2000),1985-12-30,Approval,5.5312,1985-12-27,5.5,1985-12-30,-0.56,5.5312,,https://query1.finance.yahoo.com/v8/finance/chart/GSK?period1=503712000&period2=505871999&interval=1d&includePrePost=false,Verified,lineage proxy per master precedent (see master row notes: decision-date symbol differs from the modern ticker),https://finance.yahoo.com/quote/GSK/history/,https://www.stockanalysis.com/stocks/gsk/history/
GSK,GlaxoSmithKline plc,1985-12-27,Approval,5.4688,1985-12-26,5.5312,1985-12-27,1.14,5.5,,https://query1.finance.yahoo.com/v8/finance/chart/GSK?period1=503452800&period2=505612799&interval=1d&includePrePost=false,Verified,lineage proxy per master precedent (see master row notes: decision-date symbol differs from the modern ticker),https://finance.yahoo.com/quote/GSK/history/,https://www.stockanalysis.com/stocks/gsk/history/
LLY,Eli Lilly and Co.,1985-12-26,Approval,6.6562,1985-12-24,6.7266,1985-12-26,1.06,6.8125,,https://query1.finance.yahoo.com/v8/finance/chart/LLY?period1=503366400&period2=505526399&interval=1d&includePrePost=false,Verified,,https://finance.yahoo.com/quote/LLY/history/,https://www.stockanalysis.com/stocks/lly/history/
MRK,"Merck & Co., Inc.",1985-12-24,Approval,3.5153,1985-12-23,3.5087,1985-12-24,-0.19,3.5319,,https://query1.finance.yahoo.com/v8/finance/chart/MRK?period1=503193600&period2=505353599&interval=1d&includePrePost=false,Verified,,https://finance.yahoo.com/quote/MRK/history/,https://www.stockanalysis.com/stocks/mrk/history/
JNJ,Ortho-McNeil (Johnson & Johnson),1985-12-24,Approval,3.2656,1985-12-23,3.2422,1985-12-24,-0.72,3.2422,,https://query1.finance.yahoo.com/v8/finance/chart/JNJ?period1=503193600&period2=505353599&interval=1d&includePrePost=false,Verified,,https://finance.yahoo.com/quote/JNJ/history/,https://www.stockanalysis.com/stocks/jnj/history/
RHHBY,Roche Holding AG (Genentech parent),1985-12-20,Approval,,,,,,,,https://query1.finance.yahoo.com/v8/finance/chart/RHHBY?period1=502848000&period2=505007999&interval=1d&includePrePost=false,Data unavailable - acquired/delisted or pre-Yahoo coverage,fetch status: FAILED HTTPError: HTTP Error 400: Bad Request (recorded in the job manifest; never retried with a successor ticker); lineage proxy per master precedent (see master row notes: decision-date symbol differs from the modern ticker),https://finance.yahoo.com/quote/RHHBY/history/,https://www.stockanalysis.com/stocks/rhhby/history/
MRK,"Merck & Co., Inc.",1985-11-26,Approval,3.3264,1985-11-25,3.3529,1985-11-26,0.8,3.4689,,https://query1.finance.yahoo.com/v8/finance/chart/MRK?period1=500774400&period2=502934399&interval=1d&includePrePost=false,Verified,,https://finance.yahoo.com/quote/MRK/history/,https://www.stockanalysis.com/stocks/mrk/history/
MRK,"Merck & Co., Inc.",1985-11-08,Approval,3.1177,1985-11-07,3.1608,1985-11-08,1.38,3.2403,,https://query1.finance.yahoo.com/v8/finance/chart/MRK?period1=499219200&period2=501379199&interval=1d&includePrePost=false,Verified,,https://finance.yahoo.com/quote/MRK/history/,https://www.stockanalysis.com/stocks/mrk/history/
MMM,Riker Laboratories (3M Co. pharma division),1985-10-31,Approval,8.0999,1985-10-30,8.126,1985-10-31,0.32,8.2567,,https://query1.finance.yahoo.com/v8/finance/chart/MMM?period1=498528000&period2=500687999&interval=1d&includePrePost=false,Verified,,https://finance.yahoo.com/quote/MMM/history/,https://www.stockanalysis.com/stocks/mmm/history/
ALC,Alcon (wholly owned by Nestle in 1998; NYSE:ACL 2002-2011; Alcon Inc. relisted ALC 2019),1985-08-30,Approval,,,,,,,,https://query1.finance.yahoo.com/v8/finance/chart/ALC?period1=493171200&period2=495331199&interval=1d&includePrePost=false,Data unavailable - acquired/delisted or pre-Yahoo coverage,fetch status: FAILED HTTPError: HTTP Error 400: Bad Request (recorded in the job manifest; never retried with a successor ticker); lineage proxy per master precedent (see master row notes: decision-date symbol differs from the modern ticker),https://finance.yahoo.com/quote/ALC/history/,https://www.stockanalysis.com/stocks/alc/history/
GSK,GlaxoSmithKline plc,1985-07-19,Approval,4.2188,1985-07-18,4.2812,1985-07-19,1.48,4.25,,https://query1.finance.yahoo.com/v8/finance/chart/GSK?period1=489542400&period2=491702399&interval=1d&includePrePost=false,Verified,lineage proxy per master precedent (see master row notes: decision-date symbol differs from the modern ticker),https://finance.yahoo.com/quote/GSK/history/,https://www.stockanalysis.com/stocks/gsk/history/
GSK,GlaxoSmithKline plc,1985-05-24,Approval,3.9062,1985-05-23,3.875,1985-05-24,-0.8,3.9062,,https://query1.finance.yahoo.com/v8/finance/chart/GSK?period1=484704000&period2=486863999&interval=1d&includePrePost=false,Verified,lineage proxy per master precedent (see master row notes: decision-date symbol differs from the modern ticker),https://finance.yahoo.com/quote/GSK/history/,https://www.stockanalysis.com/stocks/gsk/history/
